Component_ID,RA,DEC,RA_comp,DEC_comp
SB67043_component_37a,162.755785,20.455263,162.755726,20.455547
