Component_ID,RA,DEC,ASKAP_flux,ASKAP_flux_SNR,RA_comp,DEC_comp,Comp_flux,Flux_Ratio_AlphaCorr,Flux_Ratio_NOAlphaCorr
SB68945_component_2a,240.235281,-7.368206,393.0679931640625,1450.4354248046875,240.23533630371094,-7.368103504180908,436.0699157714844,1.1451022624969482,0.9013875722885132
SB68945_component_3a,241.706179,-10.273389,362.27398681640625,1581.982421875,241.7062530517578,-10.273372650146484,472.0584716796875,0.9749314188957214,0.7674345374107361
SB68945_component_8a,241.323117,-11.657364,315.9939880371094,1019.33544921875,241.32305908203125,-11.657469749450684,276.1509094238281,1.453667402267456,1.1442800760269165
SB68945_component_13a,242.518015,-8.315498,244.093994140625,980.2971801757812,242.51808166503906,-8.315391540527344,302.3083801269531,1.0257455110549927,0.8074337840080261
SB68945_component_15a,239.502723,-11.70681,218.6060028076172,581.3989868164062,239.5027618408203,-11.706877708435059,404.71063232421875,0.6861991286277771,0.5401538610458374
SB68945_component_17a,242.562739,-10.946176,179.91700744628906,840.7337036132812,242.56277465820312,-10.946208000183105,135.38827514648438,1.6881999969482422,1.3288965225219727
SB68945_component_20a,243.032196,-6.559301,172.68800354003906,179.8833465576172,243.03228759765625,-6.559257984161377,260.0928955078125,0.843463659286499,0.6639474034309387
SB68945_component_22a,239.322947,-9.323072,169.06500244140625,725.6008911132812,239.3230438232422,-9.323014259338379,220.2643280029297,0.9750845432281494,0.7675550580024719
SB68945_component_23a,244.127844,-8.332385,158.53599548339844,686.302978515625,244.12794494628906,-8.33237361907959,208.82066345214844,0.9644664525985718,0.7591968774795532
SB68945_component_27a,239.6186,-10.8821,135.8979949951172,603.9910888671875,239.61866760253906,-10.882137298583984,165.99510192871094,1.0400410890579224,0.8186867833137512
SB68945_component_28a,244.898252,-10.336904,144.35699462890625,324.3977355957031,244.89830017089844,-10.336971282958984,195.31512451171875,0.9389331936836243,0.7390978932380676
SB68945_component_31a,243.790267,-12.201316,128.13299560546875,116.80309295654297,243.79031372070312,-12.201333045959473,176.1049041748047,0.9243197441101074,0.7275947332382202
SB68945_component_32a,241.15843,-8.206834,120.5989990234375,494.2581787109375,241.1584930419922,-8.206744194030762,137.60247802734375,1.1133973598480225,0.8764304518699646
SB68945_component_34a,242.199444,-11.806459,121.74700164794922,345.8721618652344,242.19944763183594,-11.806565284729004,166.79397583007812,0.9272794723510742,0.7299244403839111
SB68945_component_39a,244.274941,-11.37734,112.0510025024414,371.0298156738281,244.27499389648438,-11.377373695373535,89.89070129394531,1.5835570096969604,1.2465249300003052
SB68945_component_43a,241.662282,-8.091614,98.76399993896484,427.5497741699219,241.66232299804688,-8.09149169921875,117.7332763671875,1.0656931400299072,0.8388792276382446
SB68945_component_53a,240.446585,-9.000998,93.2959976196289,521.2066650390625,240.44667053222656,-9.000920295715332,138.9651641845703,0.8528836369514465,0.6713624596595764
SB68945_component_55a,241.151144,-12.004067,90.5989990234375,179.04940795898438,241.15109252929688,-12.004167556762695,130.3817138671875,0.8827534317970276,0.6948750615119934
SB68945_component_56a,241.486421,-11.694725,100.36599731445312,353.4013977050781,241.48638916015625,-11.694860458374023,129.71493530273438,0.9829452633857727,0.7737427949905396
SB68945_component_61a,244.597297,-7.009511,82.33300018310547,240.73976135253906,244.59735107421875,-7.009497165679932,106.8572769165039,0.9788193702697754,0.7704949975013733
SB68945_component_63a,241.736017,-7.110015,79.37999725341797,367.4999694824219,241.736083984375,-7.1098952293396,108.51354217529297,0.9293084144592285,0.7315215468406677
SB68945_component_64a,238.564006,-9.702193,83.41799926757812,174.5146484375,238.56407165527344,-9.702081680297852,105.11894989013672,1.0081182718276978,0.7935581207275391
SB68945_component_69a,239.79224,-11.346147,73.34100341796875,342.7149658203125,239.7922821044922,-11.346211433410645,103.2715835571289,0.9021914601325989,0.7101760506629944
SB68945_component_70a,242.845806,-7.082081,72.89099884033203,286.972412109375,242.84585571289062,-7.082027912139893,107.45258331298828,0.8617668151855469,0.6783550381660461
SB68945_component_71a,244.799009,-7.90075,73.79399871826172,148.47886657714844,244.79910278320312,-7.900765419006348,78.97062683105469,1.1871024370193481,0.9344486594200134
SB68945_component_72a,241.592978,-11.771915,67.34300231933594,185.51791381835938,241.59295654296875,-11.77202033996582,96.22199249267578,0.8891004323959351,0.6998711824417114
SB68945_component_74a,240.104872,-11.756994,71.09200286865234,223.5597686767578,240.1049041748047,-11.757065773010254,95.97747802734375,0.9409880638122559,0.7407154440879822
SB68945_component_75a,238.663854,-8.299489,70.12000274658203,160.82569885253906,238.6638946533203,-8.299378395080566,92.10245513916016,0.967171311378479,0.7613260746002197
SB68945_component_79a,244.635719,-8.781558,63.70199966430664,272.23077392578125,244.63587951660156,-8.781682968139648,85.53889465332031,0.9460675716400146,0.7447138428688049
SB68945_component_80a,243.714593,-9.353979,63.39400100708008,297.6244201660156,243.7146453857422,-9.354000091552734,81.026611328125,0.993924081325531,0.7823849320411682
SB68945_component_81a,240.091645,-6.727711,66.88600158691406,134.0400848388672,240.09170532226562,-6.727590084075928,103.20002746582031,0.8233569264411926,0.6481199860572815
SB68945_component_82a,240.527557,-9.436047,62.78200149536133,350.7374267578125,240.52761840820312,-9.435986518859863,73.38322448730469,1.0868536233901978,0.855536162853241
SB68945_component_84a,245.383346,-7.035834,63.57699966430664,60.781070709228516,245.3834228515625,-7.035800933837891,81.9620590209961,0.98541659116745,0.7756881713867188
SB68945_component_85a,241.345924,-10.206289,62.20500183105469,317.3724670410156,241.3459930419922,-10.206263542175293,31.801719665527344,2.484891414642334,1.956026315689087
SB68945_component_86a,243.985505,-12.229077,61.191001892089844,60.050048828125,243.9855499267578,-12.229092597961426,42.70437240600586,1.820320725440979,1.4328978061676025
SB68945_component_88a,239.600456,-8.115214,60.555999755859375,302.7799987792969,239.60057067871094,-8.115118980407715,76.0883560180664,1.0110478401184082,0.7958642244338989
SB68945_component_90a,240.580351,-8.927987,55.63100051879883,309.06109619140625,240.58042907714844,-8.927906036376953,69.2225112915039,1.0209447145462036,0.8036547303199768
SB68945_component_91a,243.860458,-7.103556,58.15399932861328,221.11785888671875,243.8605194091797,-7.103519916534424,81.08557891845703,0.9111055731773376,0.7171928882598877
SB68945_component_93a,243.757937,-6.533397,57.159000396728516,66.46395111083984,243.75799560546875,-6.533361434936523,66.1407241821289,1.0978636741638184,0.8642027974128723
SB68945_component_94a,241.99674,-8.9734,53.48899841308594,248.78604125976562,241.99681091308594,-8.973358154296875,46.38698196411133,1.464876651763916,1.1531037092208862
SB68945_component_98a,241.531242,-8.62912,55.94499969482422,278.33331298828125,241.5313262939453,-8.629033088684082,75.41768646240234,0.9423685669898987,0.7418020963668823
SB68945_component_100a,244.983949,-11.142755,50.90599822998047,50.80438995361328,244.98406982421875,-11.142823219299316,48.29157257080078,1.3391534090042114,1.0541383028030396
SB68945_component_103a,240.014252,-11.084691,47.189998626708984,229.07766723632812,240.0143280029297,-11.084753036499023,36.79840087890625,1.6291223764419556,1.2823926210403442
SB68945_component_105a,240.827651,-8.232055,50.58700180053711,267.6560974121094,240.8277587890625,-8.231947898864746,55.586299896240234,1.1561225652694702,0.9100624322891235
SB68945_component_106a,243.498005,-7.832967,48.143001556396484,227.08963012695312,243.49806213378906,-7.832930564880371,62.17414093017578,0.9836850762367249,0.7743251323699951
SB68945_component_107a,244.555651,-12.10311,44.4119987487793,65.6982192993164,244.5557403564453,-12.103169441223145,64.90889739990234,0.8692182302474976,0.6842204928398132
SB68945_component_108a,239.763488,-10.476725,45.32699966430664,260.5,239.76356506347656,-10.476724624633789,61.21657180786133,0.94063401222229,0.7404367327690125
SB68945_component_109a,239.663574,-8.28138,45.08300018310547,217.79226684570312,239.66368103027344,-8.281288146972656,37.32472610473633,1.5344364643096924,1.2078588008880615
SB68945_component_112a,243.0617,-11.552328,44.82899856567383,195.7598114013672,243.06175231933594,-11.552387237548828,45.68509292602539,1.246571660041809,0.9812609553337097
SB68945_component_113a,242.601957,-6.931139,43.46699905395508,159.2197723388672,242.60203552246094,-6.931102275848389,61.939544677734375,0.8915062546730042,0.7017648816108704
SB68945_component_115a,243.323585,-8.319493,43.2130012512207,228.64022827148438,243.3236541748047,-8.319395065307617,53.42961883544922,1.0274603366851807,0.8087836503982544
SB68945_component_117a,242.81646,-12.035411,46.49800109863281,88.23149871826172,242.81651306152344,-12.035486221313477,56.15862274169922,1.0518420934677124,0.8279761672019958
SB68945_component_121a,242.235111,-8.520579,43.89400100708008,220.57286071777344,242.2351837158203,-8.520479202270508,57.159507751464844,0.9755496978759766,0.7679212689399719
SB68945_component_123a,243.972368,-9.045346,42.816001892089844,217.34011840820312,243.9724578857422,-9.045403480529785,54.948177337646484,0.9898867607116699,0.7792069315910339
SB68945_component_125a,243.684616,-6.937381,41.486000061035156,138.74916076660156,243.68466186523438,-6.937328815460205,64.64077758789062,0.815319299697876,0.6417930126190186
SB68945_component_129a,242.506639,-9.735807,37.75699996948242,186.91583251953125,242.50674438476562,-9.735772132873535,51.70315170288086,0.9277120232582092,0.7302649617195129
SB68945_component_130a,241.76306,-7.186576,39.20500183105469,196.02500915527344,241.7631378173828,-7.186464309692383,52.15723419189453,0.9549038410186768,0.7516694664955139
SB68945_component_132a,244.631683,-10.379645,39.720001220703125,151.026611328125,244.63180541992188,-10.379700660705566,50.73042297363281,0.9946572780609131,0.7829621434211731
SB68945_component_133a,241.003562,-6.567277,35.479000091552734,41.39906692504883,241.00360107421875,-6.567201137542725,58.38621139526367,0.7719582319259644,0.6076605916023254
SB68945_component_134a,242.922624,-11.661155,34.391998291015625,137.5679931640625,242.92266845703125,-11.661219596862793,30.629907608032227,1.4264103174209595,1.1228240728378296
SB68945_component_136a,240.26851,-11.39967,35.051998138427734,174.38804626464844,240.26853942871094,-11.39974594116211,45.461212158203125,0.9795001149177551,0.7710309028625488
SB68945_component_138a,238.778345,-7.187434,32.263999938964844,30.845123291015625,238.77835083007812,-7.187232494354248,38.88481903076172,1.0540733337402344,0.8297325372695923
SB68945_component_139a,242.197973,-8.719186,34.51100158691406,189.6208953857422,242.19801330566406,-8.719104766845703,55.54387283325195,0.7893218398094177,0.6213287115097046
SB68945_component_141a,242.43473,-7.402345,33.375999450683594,174.7434539794922,242.4347686767578,-7.402284145355225,47.98659896850586,0.883582353591919,0.6955274939537048
SB68945_component_143a,244.046013,-10.707774,34.72700119018555,141.74285888671875,244.04608154296875,-10.707789421081543,43.950904846191406,1.003765344619751,0.7901316285133362
SB68945_component_144a,239.57699,-11.19838,34.0620002746582,160.66981506347656,239.57704162597656,-11.198444366455078,46.303131103515625,0.9345284104347229,0.7356306314468384
SB68945_component_146a,243.127146,-7.330007,35.32699966430664,180.2397918701172,243.127197265625,-7.3299455642700195,46.21003341674805,0.9711877703666687,0.764487624168396
SB68945_component_147a,243.505573,-11.87842,32.470001220703125,67.64583587646484,243.50564575195312,-11.878473281860352,44.45071029663086,0.927975058555603,0.7304720282554626
SB68945_component_148a,238.767356,-10.534494,33.33100128173828,44.264278411865234,238.76747131347656,-10.53445053100586,49.192203521728516,0.8607653975486755,0.6775667667388916
SB68945_component_149a,242.510457,-9.918949,31.785999298095703,163.84535217285156,242.5105438232422,-9.918940544128418,34.8067512512207,1.1601258516311646,0.9132136106491089
SB68945_component_152a,242.750025,-10.220434,30.885000228881836,153.65670776367188,242.7500762939453,-10.220417022705078,42.385337829589844,0.9256881475448608,0.7286717891693115
SB68945_component_157a,239.608205,-9.991792,30.461000442504883,153.0703582763672,239.6083221435547,-9.991753578186035,43.28399658203125,0.8940247297286987,0.7037473917007446
SB68945_component_161a,243.128411,-9.368492,28.413999557495117,164.24278259277344,243.1284942626953,-9.368441581726074,37.82375717163086,0.954334020614624,0.7512209415435791
SB68945_component_162a,242.473676,-9.024114,30.92099952697754,149.37680053710938,242.4737548828125,-9.02404499053955,42.4869499206543,0.9245506525039673,0.7277764081954956
SB68945_component_165a,240.738796,-8.352989,30.176000595092773,152.40403747558594,240.73890686035156,-8.352884292602539,40.76084899902344,0.9404835104942322,0.740318238735199
SB68945_component_168a,240.910521,-7.606865,27.334999084472656,144.62962341308594,240.9105987548828,-7.606804847717285,33.066104888916016,1.05019211769104,0.8266773223876953
SB68945_component_171a,242.96604,-12.056245,27.72599983215332,51.24953842163086,242.9661102294922,-12.056360244750977,35.833045959472656,0.9829608201980591,0.7737550139427185
SB68945_component_174a,244.375949,-9.440177,27.812999725341797,116.37239074707031,244.3760528564453,-9.440267562866211,37.92041778564453,0.9317672252655029,0.733457088470459
SB68945_component_176a,243.84326,-11.203353,29.184999465942383,132.05882263183594,243.84327697753906,-11.203362464904785,41.81982421875,0.8865642547607422,0.6978747248649597
SB68945_component_177a,239.359753,-11.901213,27.474000930786133,63.15862274169922,239.35977172851562,-11.901298522949219,35.7199821472168,0.9771098494529724,0.7691493630409241
SB68945_component_179a,240.952782,-8.454073,26.606000900268555,133.02999877929688,240.95285034179688,-8.4539794921875,35.50817108154297,0.9518839716911316,0.7492923736572266
SB68945_component_182a,243.561113,-8.775319,25.6560001373291,132.93264770507812,243.56117248535156,-8.775293350219727,21.332731246948242,1.5278304815292358,1.2026588916778564
SB68945_component_184a,241.42779,-11.46495,25.95199966430664,129.75999450683594,241.42774963378906,-11.465069770812988,39.26133346557617,0.8397277593612671,0.6610065698623657
SB68945_component_185a,240.435466,-9.072011,25.72599983215332,140.57923889160156,240.43556213378906,-9.071931838989258,30.196077346801758,1.0823169946670532,0.8519649505615234
SB68945_component_190a,241.683893,-8.685388,27.735000610351562,156.69491577148438,241.68397521972656,-8.685318946838379,38.275001525878906,0.9205464124679565,0.7246243953704834
SB68945_component_193a,243.655862,-10.334675,24.94300079345703,120.49758911132812,243.6559295654297,-10.334680557250977,30.842926025390625,1.0273674726486206,0.8087105751037598
SB68945_component_194a,243.159479,-8.680542,25.13599967956543,144.45977783203125,243.15951538085938,-8.680455207824707,22.64872932434082,1.4098894596099854,1.1098194122314453
SB68945_component_196a,243.924807,-10.852403,25.018999099731445,114.24200439453125,243.9248504638672,-10.852413177490234,33.76875686645508,0.9412122368812561,0.7408919334411621
SB68945_component_197a,242.067889,-11.707055,24.97100067138672,101.50813293457031,242.06787109375,-11.707145690917969,28.87205696105957,1.0987298488616943,0.8648847341537476
SB68945_component_205a,241.857341,-9.720596,22.632999420166016,123.00543212890625,241.85743713378906,-9.720574378967285,18.93761444091797,1.5182719230651855,1.1951346397399902
SB68945_component_207a,243.282238,-7.152908,23.4060001373291,108.8651123046875,243.2823028564453,-7.152848720550537,32.97366714477539,0.9017635583877563,0.7098391652107239
SB68945_component_208a,243.547036,-6.599545,24.7450008392334,43.26049041748047,243.54718017578125,-6.599496841430664,25.17911720275879,1.2484745979309082,0.9827588796615601
SB68945_component_209a,244.365886,-8.831979,22.746999740600586,116.65128326416016,244.3660125732422,-8.832109451293945,26.323354721069336,1.097780704498291,0.864137589931488
SB68945_component_211a,241.887979,-9.71243,22.19499969482422,123.30554962158203,241.8880615234375,-9.712408065795898,19.61260414123535,1.4376481771469116,1.1316702365875244
SB68945_component_214a,241.025397,-7.739945,23.930999755859375,127.29255676269531,241.0254669189453,-7.739846706390381,29.739791870117188,1.0222464799880981,0.8046794533729553
SB68945_component_215a,239.865444,-9.902023,22.125999450683594,123.60893249511719,239.86553955078125,-9.902056694030762,18.82032585144043,1.4935111999511719,1.175643801689148
SB68945_component_216a,240.861024,-8.613026,23.577999114990234,126.08555603027344,240.861083984375,-8.612924575805664,30.775333404541016,0.9732779860496521,0.7661330103874207
SB68945_component_218a,241.686276,-8.295339,24.076000213623047,122.21320343017578,241.6863555908203,-8.295219421386719,32.53428649902344,0.9401037693023682,0.7400193214416504
SB68945_component_219a,241.913071,-9.2411,23.065000534057617,122.6861801147461,241.91317749023438,-9.24107837677002,30.538965225219727,0.9594710469245911,0.7552646398544312
SB68945_component_220a,244.786241,-7.265349,22.541000366210938,75.64093780517578,244.78631591796875,-7.26536226272583,27.758302688598633,1.0316039323806763,0.8120453357696533
SB68945_component_221a,245.233231,-10.2892,22.1560001373291,21.764244079589844,245.2333221435547,-10.289238929748535,31.434246063232422,0.8954080939292908,0.704836368560791
SB68945_component_223a,239.26149,-10.005756,22.48200035095215,112.9748764038086,239.26161193847656,-10.005653381347656,19.22013282775879,1.4859743118286133,1.1697109937667847
SB68945_component_224a,244.485024,-7.016048,24.496999740600586,82.7601318359375,244.48507690429688,-7.015994071960449,30.225475311279297,1.0296093225479126,0.81047523021698
SB68945_component_229a,244.254725,-8.176177,21.288999557495117,85.15599822998047,244.2548370361328,-8.176162719726562,27.91827392578125,0.9687225818634033,0.7625471353530884
SB68945_component_231a,242.546957,-11.695332,22.187000274658203,74.20401763916016,242.54696655273438,-11.695420265197754,30.950380325317383,0.9106789827346802,0.7168571352958679
SB68945_component_234a,240.152711,-7.15144,21.465999603271484,95.4044418334961,240.15277099609375,-7.151324272155762,28.529001235961914,0.9558665156364441,0.7524272799491882
SB68945_component_237a,239.855405,-9.499088,20.961999893188477,106.40608978271484,239.85548400878906,-9.499042510986328,22.776540756225586,1.1691700220108032,0.9203329086303711
SB68945_component_239a,241.694817,-10.311027,21.22599983215332,105.60198974609375,241.6948699951172,-10.311001777648926,30.491809844970703,0.8843367695808411,0.696121335029602
SB68945_component_240a,240.471548,-11.322271,20.679000854492188,107.14508056640625,240.47154235839844,-11.322343826293945,17.626502990722656,1.4903769493103027,1.173176646232605
SB68945_component_241a,238.855032,-10.232399,21.357999801635742,50.85238265991211,238.85508728027344,-10.232316970825195,32.69060516357422,0.8299851417541504,0.6533375382423401
SB68945_component_242a,243.205571,-8.51187,20.56800079345703,106.56995391845703,243.20565795898438,-8.511797904968262,19.48534393310547,1.3409627676010132,1.0555626153945923
SB68945_component_243a,239.935643,-11.019742,20.80299949645996,100.4975814819336,239.9357452392578,-11.019783020019531,25.738832473754883,1.0267621278762817,0.8082339763641357
SB68945_component_248a,243.371108,-11.603379,20.166000366210938,78.46692657470703,243.3711395263672,-11.603392601013184,14.267784118652344,1.7955436706542969,1.4133939743041992
SB68945_component_250a,243.991704,-10.779679,19.143999099731445,82.87445068359375,243.99176025390625,-10.779683113098145,32.691162109375,0.7439351081848145,0.5856016874313354
SB68945_component_251a,239.195505,-8.13156,20.450000762939453,101.74129486083984,239.19561767578125,-8.13147258758545,27.150880813598633,0.9568461775779724,0.7531984448432922
SB68945_component_254a,240.905927,-7.200167,20.792999267578125,93.24214935302734,240.90599060058594,-7.200103282928467,28.255578994750977,0.934857964515686,0.7358900308609009
SB68945_component_255a,240.699576,-10.953187,18.993000030517578,109.1551742553711,240.69961547851562,-10.953280448913574,21.365394592285156,1.129315733909607,0.8889608979225159
SB68945_component_257a,245.403376,-7.346693,20.531999588012695,18.348526000976562,245.40338134765625,-7.346676826477051,12.349784851074219,2.1120517253875732,1.662539005279541
SB68945_component_262a,244.340441,-8.394675,18.799999237060547,75.19999694824219,244.3405303955078,-8.394697189331055,27.240951538085938,0.8767349123954773,0.6901373863220215
SB68945_component_263a,242.542713,-11.149432,18.222000122070312,88.45631408691406,242.5427703857422,-11.149502754211426,24.33310890197754,0.9513299465179443,0.748856246471405
SB68945_component_265a,240.857501,-11.76286,16.97100067138672,53.36792755126953,240.8574676513672,-11.762917518615723,22.244529724121094,0.9692078828811646,0.7629292011260986
SB68945_component_266a,243.95064,-11.519571,17.652000427246094,72.04898071289062,243.95066833496094,-11.51959228515625,23.901546478271484,0.9382113218307495,0.738529622554779
SB68945_component_277a,244.28881,-9.856716,17.364999771118164,63.145450592041016,244.2888641357422,-9.856762886047363,22.521358489990234,0.9795191287994385,0.7710458636283875
SB68945_component_279a,241.786504,-9.840424,16.979999542236328,98.7209243774414,241.78663635253906,-9.840397834777832,20.49651527404785,1.052423119544983,0.8284334540367126
SB68945_component_282a,240.843756,-7.87705,17.525999069213867,88.07034301757812,240.84381103515625,-7.876955986022949,19.253488540649414,1.1563947200775146,0.9102765321731567
SB68945_component_283a,243.648572,-10.682809,17.216999053955078,82.77403259277344,243.6486053466797,-10.6827974319458,21.167173385620117,1.0333021879196167,0.8133820295333862
SB68945_component_291a,244.738361,-10.51019,15.059000015258789,48.111820220947266,244.7384796142578,-10.510283470153809,22.14148712158203,0.864016592502594,0.6801259517669678
SB68945_component_293a,241.451717,-9.810193,16.82699966430664,85.41624450683594,241.45181274414062,-9.810178756713867,19.095680236816406,1.1194489002227783,0.8811940550804138
SB68945_component_294a,244.070028,-10.352686,16.155000686645508,71.48230743408203,244.07012939453125,-10.352705955505371,18.600404739379883,1.1033601760864258,0.8685294985771179
SB68945_component_296a,242.206534,-8.478496,15.736000061035156,81.1134033203125,242.20660400390625,-8.478388786315918,15.56371021270752,1.2844403982162476,1.0110700130462646
SB68945_component_299a,244.639025,-11.072331,16.417999267578125,41.14786911010742,244.63909912109375,-11.072362899780273,23.343021392822266,0.8935026526451111,0.7033365368843079
SB68945_component_300a,238.98882,-9.953896,15.062999725341797,61.481632232666016,238.98890686035156,-9.95382308959961,19.099672317504883,1.0018858909606934,0.788652241230011
SB68945_component_301a,239.391365,-9.731372,14.838000297546387,80.64130401611328,239.3914794921875,-9.731282234191895,19.519079208374023,0.9657145738601685,0.760179340839386
SB68945_component_305a,242.77916,-12.133269,14.130000114440918,17.38007354736328,242.779296875,-12.133315086364746,17.771265029907227,1.0100817680358887,0.7951037883758545
SB68945_component_309a,244.14543,-10.77027,14.998000144958496,62.23236846923828,244.14552307128906,-10.77029037475586,20.078739166259766,0.9489200711250305,0.7469592690467834
SB68945_component_310a,245.027749,-7.141512,14.901000022888184,31.370527267456055,245.02781677246094,-7.141483306884766,17.23118782043457,1.0985831022262573,0.8647691607475281
SB68945_component_316a,239.394448,-10.485196,16.11199951171875,71.60888671875,239.39453125,-10.485145568847656,22.357704162597656,0.9154927730560303,0.7206464409828186
SB68945_component_318a,243.234881,-11.555417,14.732000350952148,59.403228759765625,243.2349090576172,-11.555459976196289,14.648077011108398,1.2776556015014648,1.0057293176651
SB68945_component_322a,242.147983,-9.486471,15.562999725341797,85.510986328125,242.1480712890625,-9.486435890197754,22.760818481445312,0.8686366677284241,0.6837627291679382
SB68945_component_323a,242.100185,-6.765604,14.246000289916992,32.74942398071289,242.10031127929688,-6.765544891357422,28.3437557220459,0.6385108232498169,0.5026150941848755
SB68945_component_326a,239.290772,-8.116998,15.164999961853027,79.39790344238281,239.29086303710938,-8.116921424865723,19.092884063720703,1.0090289115905762,0.7942749857902527
SB68945_component_331a,243.921427,-10.708686,14.295000076293945,66.18055725097656,243.9215087890625,-10.708670616149902,19.788467407226562,0.9177083969116211,0.7223904728889465
SB68945_component_332a,239.839828,-11.108171,14.435999870300293,76.38095092773438,239.83985900878906,-11.108219146728516,24.302385330200195,0.75462406873703,0.5940157771110535
SB68945_component_333a,242.814354,-11.040674,14.357000350952148,76.77539825439453,242.81436157226562,-11.0407075881958,8.195250511169434,2.2255337238311768,1.7518683671951294
SB68945_component_337a,242.840449,-7.168979,13.354000091552734,60.42533874511719,242.84046936035156,-7.168882369995117,13.724245071411133,1.2361057996749878,0.9730225801467896
SB68945_component_342a,240.514492,-11.750311,14.984000205993652,47.417720794677734,240.51454162597656,-11.75036334991455,21.49852752685547,0.8854249715805054,0.696977972984314
SB68945_component_346a,239.228096,-10.462997,14.4350004196167,55.51923370361328,239.22813415527344,-10.462980270385742,25.798112869262695,0.7108231782913208,0.5595370531082153
SB68945_component_349a,241.960192,-9.160514,13.175999641418457,67.2244873046875,241.96026611328125,-9.16049861907959,17.958709716796875,0.9320542216300964,0.7336829900741577
SB68945_component_355a,243.498016,-9.070928,12.949999809265137,74.8554916381836,243.4981231689453,-9.070881843566895,20.678136825561523,0.7955932021141052,0.626265287399292
SB68945_component_356a,240.067453,-9.754956,13.253999710083008,74.88135528564453,240.0675048828125,-9.75494384765625,16.620622634887695,1.0130535364151,0.7974430322647095
SB68945_component_359a,243.867525,-11.383796,12.565999984741211,59.838096618652344,243.8675537109375,-11.383813858032227,17.401567459106445,0.9173634052276611,0.7221188545227051
SB68945_component_365a,241.56861,-8.396567,13.213000297546387,73.00000762939453,241.5686798095703,-8.396498680114746,20.141782760620117,0.8333669304847717,0.6559995412826538
SB68945_component_368a,242.132147,-6.753213,13.380999565124512,29.868301391601562,242.1322784423828,-6.7530999183654785,17.757585525512695,0.9572764039039612,0.753537118434906
SB68945_component_371a,242.194249,-6.50252,12.862000465393066,12.261200904846191,242.19442749023438,-6.5024213790893555,20.522363662719727,0.7961847186088562,0.6267309784889221
SB68945_component_372a,241.157016,-9.61047,12.428000450134277,69.43016815185547,241.1571044921875,-9.610416412353516,16.21031379699707,0.97396320104599,0.7666724324226379
SB68945_component_373a,243.31385,-11.945982,12.197999954223633,24.395999908447266,243.31402587890625,-11.94603157043457,13.309781074523926,1.1642612218856812,0.9164688587188721
SB68945_component_375a,241.191115,-10.55733,11.835000038146973,63.97297286987305,241.19122314453125,-10.557356834411621,14.571006774902344,1.0318377017974854,0.8122293949127197
SB68945_component_378a,244.117749,-7.058421,12.119999885559082,46.259544372558594,244.11782836914062,-7.05839729309082,14.66195011138916,1.0501312017440796,0.8266294598579407
SB68945_component_380a,239.359529,-6.533941,10.175000190734863,10.74445629119873,239.35948181152344,-6.533666133880615,6.974044322967529,1.8534566164016724,1.4589812755584717
SB68945_component_381a,240.993884,-8.440654,11.89900016784668,64.6684799194336,240.9939727783203,-8.440494537353516,14.642738342285156,1.0323355197906494,0.8126212358474731
SB68945_component_382a,242.593141,-6.874714,12.430999755859375,41.162254333496094,242.5933074951172,-6.874627113342285,18.5817813873291,0.8498678803443909,0.6689885854721069
SB68945_component_386a,240.553105,-8.054051,11.642000198364258,58.50251388549805,240.5531768798828,-8.053954124450684,15.503657341003418,0.9539512395858765,0.7509195804595947
SB68945_component_390a,243.151058,-10.073889,12.70199966430664,66.15625,243.151123046875,-10.07381534576416,16.8599853515625,0.9570786356925964,0.7533814311027527
SB68945_component_392a,242.476159,-6.670865,11.980999946594238,24.652263641357422,242.47621154785156,-6.670688629150391,18.67709732055664,0.8149226903915405,0.6414808034896851
SB68945_component_393a,243.644248,-9.528056,11.234999656677246,57.61538314819336,243.64418029785156,-9.528077125549316,4.222340106964111,3.380279064178467,2.660846710205078
SB68945_component_398a,243.539658,-6.542862,11.958999633789062,16.248640060424805,243.5397491455078,-6.542830944061279,9.535050392150879,1.5933257341384888,1.2542146444320679
SB68945_component_399a,238.452182,-7.626753,10.008000373840332,10.109090805053711,238.4523162841797,-7.626529693603516,15.750980377197266,0.8071838021278381,0.6353890299797058
SB68945_component_400a,239.857047,-10.985706,10.90999984741211,55.663265228271484,239.85707092285156,-10.985784530639648,13.581853866577148,1.020465612411499,0.8032776713371277
SB68945_component_401a,241.081869,-9.281014,10.845000267028809,57.994651794433594,241.08197021484375,-9.280912399291992,14.213549613952637,0.9693033695220947,0.7630043625831604
SB68945_component_405a,242.639435,-7.30535,10.984000205993652,65.7724609375,242.63946533203125,-7.305344581604004,14.690032005310059,0.9498838186264038,0.7477179169654846
SB68945_component_407a,244.444485,-8.231207,11.958999633789062,37.25545120239258,244.4445037841797,-8.231201171875,18.025768280029297,0.8428179621696472,0.6634390950202942
SB68945_component_408a,241.632029,-7.260964,12.420999526977539,69.00554656982422,241.63206481933594,-7.260840892791748,16.493087768554688,0.9567254185676575,0.7531033158302307
SB68945_component_410a,243.588159,-8.242674,10.659000396728516,54.66154098510742,243.5882110595703,-8.242621421813965,15.009908676147461,0.9021341800689697,0.7101309299468994
SB68945_component_412a,241.285371,-9.965449,11.043000221252441,66.52410125732422,241.2854766845703,-9.965424537658691,14.233085632324219,0.9856454730033875,0.77586829662323
SB68945_component_414a,243.805921,-11.273238,10.95300006866455,51.665096282958984,243.8059539794922,-11.273207664489746,13.598432540893555,1.0232386589050293,0.805460512638092
SB68945_component_415a,240.629622,-9.774067,11.265999794006348,61.901100158691406,240.62977600097656,-9.774005889892578,13.979137420654297,1.0238163471221924,0.8059152364730835
SB68945_component_416a,240.034126,-8.938904,11.140999794006348,64.39884185791016,240.03421020507812,-8.938834190368652,15.290197372436523,0.9256436228752136,0.7286367416381836
SB68945_component_420a,242.592882,-10.572724,11.045999526977539,61.70949172973633,242.5929412841797,-10.572738647460938,15.426797866821289,0.9096240997314453,0.7160267233848572
SB68945_component_422a,244.717611,-9.900632,11.930000305175781,25.87852668762207,244.7176513671875,-9.90059757232666,18.167491912841797,0.8342154026031494,0.6566674113273621
SB68945_component_423a,244.529814,-11.267636,10.522000312805176,27.401042938232422,244.52989196777344,-11.267717361450195,14.73295783996582,0.9072794318199158,0.714181125164032
SB68945_component_426a,244.477161,-9.392045,11.388999938964844,43.97297286987305,244.47726440429688,-9.392148971557617,14.675037384033203,0.9859141111373901,0.7760797739028931
SB68945_component_427a,240.253871,-8.947169,11.25,69.01840209960938,240.25401306152344,-8.947098731994629,14.424873352050781,0.9907708764076233,0.7799028754234314
SB68945_component_429a,243.991211,-10.691637,10.661999702453613,45.56410217285156,243.99130249023438,-10.69166374206543,12.878978729248047,1.0516953468322754,0.8278606534004211
SB68945_component_430a,238.971781,-10.369926,10.640999794006348,26.669172286987305,238.97181701660156,-10.369939804077148,15.692480087280273,0.8614370822906494,0.6780954599380493
SB68945_component_433a,238.628369,-11.197496,10.53499984741211,25.82107925415039,238.62840270996094,-11.197543144226074,13.337307929992676,1.00345778465271,0.7898895144462585
SB68945_component_437a,243.139686,-12.10799,9.477999687194824,13.696532249450684,243.13992309570312,-12.10810661315918,14.210890769958496,0.8472822308540344,0.6669532656669617
SB68945_component_438a,241.595753,-10.948545,10.041999816894531,54.57608413696289,241.59580993652344,-10.948525428771973,10.296540260314941,1.2389723062515259,0.9752790331840515
SB68945_component_448a,239.306315,-9.063847,10.312000274658203,42.08979797363281,239.3063201904297,-9.063834190368652,15.162437438964844,0.8639857769012451,0.680101752281189
SB68945_component_449a,244.616426,-11.419688,10.798999786376953,20.56952476501465,244.61643981933594,-11.419672012329102,14.87466049194336,0.9222936034202576,0.7259997725486755
SB68945_component_451a,241.115729,-8.628475,9.677000045776367,53.464088439941406,241.1158447265625,-8.62838077545166,10.681157112121582,1.1509464979171753,0.9059879779815674
SB68945_component_452a,242.865317,-11.028699,9.803999900817871,54.77094650268555,242.8654022216797,-11.028766632080078,8.30644416809082,1.4994115829467773,1.1802884340286255
SB68945_component_458a,239.399114,-9.550127,9.95199966430664,55.59776306152344,239.3992462158203,-9.550047874450684,12.550095558166504,1.007386326789856,0.7929819822311401
SB68945_component_459a,244.875047,-9.761146,10.005000114440918,11.701754570007324,244.87510681152344,-9.761075973510742,14.122893333435059,0.8999661207199097,0.7084242701530457
SB68945_component_461a,243.968875,-8.992449,9.71500015258789,50.336788177490234,243.96897888183594,-8.992508888244629,14.248229026794434,0.8661929368972778,0.681839108467102
SB68945_component_463a,244.318247,-7.878752,10.434000015258789,43.840335845947266,244.3182373046875,-7.8787922859191895,14.453108787536621,0.9171118140220642,0.7219207882881165
SB68945_component_465a,243.38005,-10.808864,9.232000350952148,43.75355529785156,243.3800506591797,-10.808871269226074,9.297781944274902,1.2613893747329712,0.9929250478744507
SB68945_component_466a,238.85822,-8.548028,10.0,27.548208236694336,238.85829162597656,-8.548011779785156,13.991608619689941,0.907956600189209,0.7147141098976135
SB68945_component_469a,239.560019,-11.429312,9.562999725341797,42.31415939331055,239.5599822998047,-11.42941951751709,11.700605392456055,1.0382896661758423,0.8173081278800964
SB68945_component_470a,239.218117,-8.053834,9.163999557495117,50.076499938964844,239.21824645996094,-8.053738594055176,11.670820236206055,0.9975079894065857,0.785206139087677
SB68945_component_471a,243.883359,-7.040739,9.963000297546387,35.45551681518555,243.8834228515625,-7.040689468383789,13.424283027648926,0.9428264498710632,0.7421625852584839
SB68945_component_472a,244.283221,-8.86736,9.175999641418457,50.14207458496094,244.2833709716797,-8.867461204528809,10.592096328735352,1.1005358695983887,0.8663063049316406
SB68945_component_474a,243.041555,-10.305935,10.211999893188477,50.305419921875,243.0416259765625,-10.305904388427734,14.945545196533203,0.8680239915847778,0.6832805275917053
SB68945_component_480a,244.450373,-11.740442,8.84000015258789,17.931034088134766,244.45042419433594,-11.740585327148438,11.279285430908203,0.9956424236297607,0.7837375998497009
SB68945_component_485a,239.229368,-7.842211,10.333000183105469,44.158119201660156,239.22946166992188,-7.842116832733154,13.50528335571289,0.9719758033752441,0.7651079893112183
SB68945_component_487a,244.331904,-9.809172,9.258999824523926,31.60068130493164,244.33200073242188,-9.809282302856445,12.210275650024414,0.9633216261863708,0.7582957148551941
SB68945_component_491a,242.555368,-11.021061,9.039999961853027,47.578948974609375,242.555419921875,-11.021126747131348,10.523194313049316,1.0913236141204834,0.8590547442436218
SB68945_component_498a,243.388303,-7.13712,9.394000053405762,42.89497756958008,243.38833618164062,-7.1370849609375,7.894844055175781,1.5116097927093506,1.1898905038833618
SB68945_component_499a,242.069278,-9.504391,9.031000137329102,51.605716705322266,242.06936645507812,-9.50429630279541,11.025028228759766,1.040611982345581,0.8191362619400024
SB68945_component_503a,240.278499,-10.180122,8.73799991607666,47.748634338378906,240.2786102294922,-10.180084228515625,11.33686637878418,0.9791556596755981,0.7707597017288208
SB68945_component_507a,242.913102,-8.344829,9.486000061035156,53.29213333129883,242.9132080078125,-8.344701766967773,12.211647033691406,0.9868282675743103,0.7767993807792664
SB68945_component_509a,243.572779,-11.65841,8.378000259399414,28.496599197387695,243.5728302001953,-11.658504486083984,8.941763877868652,1.1902819871902466,0.9369516372680664
SB68945_component_510a,243.982103,-10.174003,8.725000381469727,39.84018325805664,243.9822235107422,-10.174062728881836,9.60279369354248,1.1542518138885498,0.908589780330658
SB68945_component_514a,242.913087,-10.006515,8.64900016784668,48.86440658569336,242.9131622314453,-10.006501197814941,9.65103530883789,1.13847815990448,0.8961732983589172
SB68945_component_521a,243.264968,-6.55115,9.4399995803833,12.671140670776367,243.26498413085938,-6.551297664642334,15.32398796081543,0.782587468624115,0.6160275936126709
SB68945_component_522a,242.395413,-10.714322,9.5649995803833,55.6104621887207,242.39552307128906,-10.714468002319336,12.102916717529297,1.0039860010147095,0.7903053164482117
SB68945_component_525a,244.004313,-11.483123,8.852999687194824,39.17256546020508,244.00436401367188,-11.48306655883789,11.997282981872559,0.9374330043792725,0.7379170656204224
SB68945_component_527a,241.70761,-11.603813,8.366999626159668,35.90987014770508,241.70762634277344,-11.603933334350586,14.454283714294434,0.7353699803352356,0.5788595080375671
SB68945_component_528a,244.457738,-8.551994,8.909000396728516,37.276153564453125,244.45787048339844,-8.55202865600586,13.8784818649292,0.8154920339584351,0.641929030418396
SB68945_component_530a,240.904758,-11.283469,8.741000175476074,46.994625091552734,240.9047393798828,-11.283538818359375,10.971830368041992,1.0120798349380493,0.7966765761375427
SB68945_component_532a,241.217512,-7.766999,8.255999565124512,44.14972686767578,241.2176055908203,-7.76693868637085,6.7371721267700195,1.556770920753479,1.2254399061203003
SB68945_component_533a,244.576832,-8.91889,8.621000289916992,43.10499954223633,244.5769500732422,-8.919065475463867,11.601069450378418,0.9440442323684692,0.7431211471557617
SB68945_component_534a,241.863337,-6.72301,8.576000213623047,20.27423095703125,241.86338806152344,-6.722932815551758,14.259830474853516,0.7640172243118286,0.6014096736907959
SB68945_component_539a,243.439424,-10.127886,8.164999961853027,39.25480651855469,243.43943786621094,-10.128008842468262,10.831452369689941,0.9576398730278015,0.7538231611251831
SB68945_component_544a,239.287711,-8.728803,9.32800006866455,38.38683319091797,239.28781127929688,-8.728739738464355,13.83103084564209,0.8567748069763184,0.6744255423545837
SB68945_component_545a,239.26384,-7.143029,8.444999694824219,22.400529861450195,239.2637481689453,-7.142892837524414,6.4734673500061035,1.6572781801223755,1.304555892944336
SB68945_component_551a,241.120853,-7.380279,8.098999977111816,39.12560272216797,241.12094116210938,-7.38016939163208,9.823974609375,1.047313928604126,0.8244117498397827
SB68945_component_553a,239.446728,-8.506306,7.916999816894531,38.619510650634766,239.44686889648438,-8.506224632263184,12.46078109741211,0.8071385622024536,0.6353533864021301
SB68945_component_556a,241.804296,-11.597218,8.36299991607666,39.262908935546875,241.8043212890625,-11.597308158874512,10.292332649230957,1.0322407484054565,0.8125466108322144
SB68945_component_558a,239.054211,-10.29852,8.741999626159668,26.571428298950195,239.0543212890625,-10.298480987548828,11.583098411560059,0.958779513835907,0.7547203302383423
SB68945_component_560a,238.608037,-10.204746,7.97599983215332,12.177099227905273,238.6083526611328,-10.204483032226562,10.483777046203613,0.9664960503578186,0.7607945203781128
SB68945_component_563a,241.217721,-7.157655,9.119999885559082,38.48101043701172,241.21775817871094,-7.1575398445129395,12.646187782287598,0.916152834892273,0.7211659550666809
SB68945_component_566a,241.384791,-7.227956,7.973999977111816,35.75784683227539,241.3848419189453,-7.227853298187256,12.09434986114502,0.8375802636146545,0.6593161225318909
SB68945_component_568a,240.963036,-7.002306,8.494999885559082,32.79922866821289,240.9630889892578,-7.002140045166016,11.649590492248535,0.9263720512390137,0.7292101979255676
SB68945_component_571a,240.920255,-11.187998,8.857000350952148,51.49418640136719,240.92030334472656,-11.188070297241211,13.780231475830078,0.8165125250816345,0.6427323222160339
SB68945_component_578a,241.244122,-9.132486,7.4670000076293945,35.727272033691406,241.2441864013672,-9.132471084594727,7.752018451690674,1.2236692905426025,0.9632329940795898
SB68945_component_580a,241.017782,-8.277464,7.25600004196167,38.391536712646484,241.017822265625,-8.277338027954102,8.186261177062988,1.126015543937683,0.88636314868927
SB68945_component_586a,241.856135,-10.861118,8.069999694824219,45.337074279785156,241.85617065429688,-10.861162185668945,11.761764526367188,0.8716332316398621,0.6861215233802795
SB68945_component_588a,241.435328,-10.057816,7.289000034332275,40.494441986083984,241.43533325195312,-10.057737350463867,8.565226554870605,1.0810898542404175,0.850999116897583
SB68945_component_589a,240.743367,-8.089668,7.379000186920166,41.22346496582031,240.74343872070312,-8.0895357131958,9.77383804321289,0.9591026902198792,0.7549746632575989
SB68945_component_592a,244.407434,-10.793085,8.038000106811523,32.411293029785156,244.40756225585938,-10.793092727661133,10.365474700927734,0.9851253628730774,0.7754589319229126
SB68945_component_594a,241.017074,-11.022121,7.556000232696533,42.2122917175293,241.0170440673828,-11.022130012512207,7.4901628494262695,1.2815436124801636,1.0087898969650269
SB68945_component_598a,240.788576,-9.652951,7.293000221252441,44.20000076293945,240.78857421875,-9.652899742126465,8.282071113586426,1.1186648607254028,0.8805768489837646
SB68945_component_602a,239.239363,-9.018171,7.633999824523926,27.36200523376465,239.23953247070312,-9.018177032470703,7.758166790008545,1.2500452995300293,0.9839953184127808
SB68945_component_603a,239.871315,-8.750981,7.664000034332275,42.57777786254883,239.8713836669922,-8.750914573669434,10.017223358154297,0.9719431400299072,0.7650822997093201
SB68945_component_604a,242.505072,-10.651205,7.2220001220703125,40.80226135253906,242.5050811767578,-10.651058197021484,5.614328384399414,1.6341516971588135,1.2863515615463257
SB68945_component_605a,238.827083,-7.7059,7.565999984741211,19.01004981994629,238.82717895507812,-7.705833435058594,9.111322402954102,1.054915428161621,0.8303954005241394
SB68945_component_611a,243.327103,-7.870736,7.383999824523926,36.7363166809082,243.32711791992188,-7.870643615722656,10.558160781860352,0.888456404209137,0.699364185333252
SB68945_component_612a,240.444111,-6.715646,6.488999843597412,13.135627746582031,240.4441680908203,-6.715620040893555,10.75935173034668,0.7661686539649963,0.6031032204627991
SB68945_component_613a,244.512376,-8.241307,6.914999961853027,18.739837646484375,244.512451171875,-8.241270065307617,8.877044677734375,0.9895926713943481,0.7789754867553711
SB68945_component_616a,239.93995,-10.027714,7.568999767303467,42.284912109375,239.9400177001953,-10.027580261230469,5.556417942047119,1.7305188179016113,1.3622084856033325
SB68945_component_623a,244.249337,-9.445537,7.495999813079834,34.865116119384766,244.24928283691406,-9.445650100708008,10.287568092346191,0.9256559014320374,0.728646457195282
SB68945_component_624a,239.517895,-9.006889,6.841000080108643,34.72589111328125,239.5179443359375,-9.006782531738281,8.252335548400879,1.0531141757965088,0.8289774656295776
SB68945_component_629a,239.248205,-8.682489,6.927000045776367,28.04453468322754,239.24838256835938,-8.682425498962402,9.047685623168945,0.9726137518882751,0.7656101584434509
SB68945_component_631a,244.180762,-8.903489,7.263000011444092,41.033897399902344,244.18092346191406,-8.903647422790527,9.946685791015625,0.9276205897331238,0.7301929593086243
SB68945_component_636a,241.762713,-11.326304,6.853000164031982,35.50777053833008,241.76263427734375,-11.326336860656738,5.741758823394775,1.5162420272827148,1.1935367584228516
SB68945_component_638a,242.717503,-8.864205,6.9039998054504395,39.00564956665039,242.71749877929688,-8.864042282104492,6.143759727478027,1.4275761842727661,1.123741865158081
SB68945_component_642a,241.08856,-7.504511,7.572000026702881,37.86000061035156,241.08871459960938,-7.50446081161499,10.659567832946777,0.9024096131324768,0.7103477716445923
SB68945_component_643a,238.741778,-9.171935,6.438000202178955,11.558348655700684,238.74172973632812,-9.171890258789062,9.859016418457031,0.8295643925666809,0.6530063152313232
SB68945_component_647a,243.685212,-11.491855,6.888000011444092,30.078601837158203,243.6854248046875,-11.49191951751709,3.957659959793091,2.2109930515289307,1.7404223680496216
SB68945_component_648a,243.10753,-11.889501,7.140999794006348,18.124364852905273,243.10769653320312,-11.889535903930664,9.034345626831055,1.0041418075561523,0.7904279828071594
SB68945_component_650a,243.477,-7.106793,7.499000072479248,34.242008209228516,243.47705078125,-7.106729507446289,9.250298500061035,1.029865026473999,0.8106765747070312
SB68945_component_651a,243.453527,-11.252418,7.381999969482422,33.707763671875,243.4535369873047,-11.252429962158203,9.995497703552246,0.9382149577140808,0.7385324835777283
SB68945_component_653a,238.503694,-9.618329,7.164999961853027,13.003629684448242,238.503662109375,-9.618075370788574,9.221390724182129,0.9870802760124207,0.7769977450370789
SB68945_component_660a,238.892007,-7.616947,6.48799991607666,15.338061332702637,238.89207458496094,-7.6167707443237305,8.92108154296875,0.9239022731781006,0.7272660732269287
SB68945_component_661a,244.038934,-10.016906,7.296999931335449,35.25120544433594,244.0389862060547,-10.016963005065918,8.34449291229248,1.110905408859253,0.8744689226150513
SB68945_component_667a,244.136066,-10.746901,6.394999980926514,26.209016799926758,244.13612365722656,-10.746845245361328,2.0946083068847656,3.8785593509674072,3.05307674407959
SB68945_component_672a,240.663739,-11.279899,6.6539998054504395,35.39361572265625,240.663818359375,-11.27998161315918,9.64503002166748,0.8764192461967468,0.6898889541625977
SB68945_component_676a,240.589184,-7.722856,6.067999839782715,31.278348922729492,240.58926391601562,-7.722748279571533,8.868461608886719,0.8692205548286438,0.684222400188446
SB68945_component_677a,239.480057,-7.648451,6.418000221252441,27.783550262451172,239.4801483154297,-7.648387908935547,8.705029487609863,0.936617374420166,0.7372749447822571
SB68945_component_691a,245.085704,-7.510422,5.715000152587891,10.278777122497559,245.0860137939453,-7.5104079246521,5.153265953063965,1.4088553190231323,1.1090054512023926
SB68945_component_694a,244.034674,-6.897843,6.335000038146973,17.261579513549805,244.03465270996094,-6.8978657722473145,8.795405387878418,0.9150049686431885,0.7202624082565308
SB68945_component_695a,239.469198,-7.795331,6.585999965667725,29.533632278442383,239.46942138671875,-7.7953104972839355,7.79768180847168,1.072973370552063,0.8446099758148193
SB68945_component_697a,245.020857,-9.187033,5.945000171661377,12.867965698242188,245.02099609375,-9.187292098999023,7.161671161651611,1.0545574426651,0.8301135301589966
SB68945_component_698a,243.918645,-8.008902,6.928999900817871,34.99494934082031,243.9187469482422,-8.008848190307617,8.991247177124023,0.9790014624595642,0.7706383466720581
SB68945_component_700a,242.413933,-7.009525,5.3470001220703125,20.64478874206543,242.41404724121094,-7.009320259094238,6.5835371017456055,1.0317717790603638,0.8121774196624756
SB68945_component_704a,241.731639,-9.317587,6.297999858856201,35.5819206237793,241.7317352294922,-9.317469596862793,6.8735737800598145,1.1639994382858276,0.9162628054618835
SB68945_component_706a,238.743092,-7.530905,6.5960001945495605,10.866557121276855,238.7432861328125,-7.5306477546691895,5.439914226531982,1.5403567552566528,1.2125191688537598
SB68945_component_707a,239.497823,-10.56788,6.367000102996826,33.335079193115234,239.49790954589844,-10.567727088928223,6.473327159881592,1.2495107650756836,0.9835745692253113
SB68945_component_708a,243.68316,-8.85576,6.109000205993652,33.38251495361328,243.6832275390625,-8.85581111907959,7.461977481842041,1.0400372743606567,0.8186838030815125
SB68945_component_711a,239.05505,-8.814901,6.671000003814697,17.836896896362305,239.0550537109375,-8.81477165222168,10.35128116607666,0.8187090158462524,0.6444612741470337
SB68945_component_716a,243.070688,-10.08215,6.242000102996826,33.923912048339844,243.07069396972656,-10.082139015197754,7.667306900024414,1.0342216491699219,0.8141059279441833
SB68945_component_717a,240.882263,-11.771893,5.723999977111816,18.229299545288086,240.8822784423828,-11.771965026855469,6.800256729125977,1.069318413734436,0.841732919216156
SB68945_component_718a,242.370539,-6.831963,6.044000148773193,20.146665573120117,242.37059020996094,-6.831903457641602,7.884934425354004,0.9737760424613953,0.7665250897407532
SB68945_component_720a,240.94187,-6.82566,6.064000129699707,15.957895278930664,240.9420928955078,-6.825591564178467,8.798991203308105,0.875505805015564,0.6891699433326721
SB68945_component_726a,242.167629,-9.209858,5.86899995803833,31.724323272705078,242.16775512695312,-9.209815979003906,8.53431510925293,0.8736312389373779,0.6876943111419678
SB68945_component_728a,240.567486,-7.654939,5.2769999504089355,27.484375,240.56748962402344,-7.654813766479492,7.1999993324279785,0.9310807585716248,0.7329167127609253
SB68945_component_732a,243.299066,-10.288148,5.860000133514404,30.68062973022461,243.29908752441406,-10.288106918334961,8.868260383605957,0.8394443392753601,0.6607835292816162
SB68945_component_733a,244.986696,-10.429039,5.519000053405762,12.514739036560059,244.98683166503906,-10.429205894470215,6.6240553855896,1.0584471225738525,0.8331754207611084
SB68945_component_738a,241.319237,-7.60549,6.138000011444092,33.35869598388672,241.3192596435547,-7.605367660522461,8.748749732971191,0.891278862953186,0.7015859484672546
SB68945_component_740a,240.217894,-10.033217,5.638999938964844,29.67894744873047,240.21795654296875,-10.033212661743164,7.475116729736328,0.9583338499069214,0.7543694972991943
SB68945_component_745a,239.513409,-7.625469,6.127999782562256,26.643476486206055,239.5133819580078,-7.625292778015137,7.477110385894775,1.0411604642868042,0.8195679187774658
SB68945_component_748a,243.075634,-8.578037,5.795000076293945,31.666667938232422,243.07571411132812,-8.577939987182617,8.039633750915527,0.9156929850578308,0.72080397605896
SB68945_component_756a,240.529568,-11.680458,5.829999923706055,21.672863006591797,240.5294647216797,-11.68061637878418,6.878424644470215,1.076743483543396,0.8475778102874756
SB68945_component_758a,244.122585,-11.637443,5.892000198364258,20.109214782714844,244.1226806640625,-11.63744068145752,7.236971855163574,1.0342811346054077,0.814152717590332
SB68945_component_759a,240.256935,-9.260443,5.195000171661377,28.543956756591797,240.25697326660156,-9.260245323181152,5.275758266448975,1.2509310245513916,0.9846926331520081
SB68945_component_763a,241.30734,-9.116954,5.611000061035156,29.531579971313477,241.3074188232422,-9.116988182067871,8.037774085998535,0.8868234753608704,0.6980788707733154
SB68945_component_764a,239.979427,-9.49725,5.668000221252441,33.14619827270508,239.9794464111328,-9.497223854064941,8.082610130310059,0.8908630013465881,0.701258659362793
SB68945_component_766a,241.385993,-11.837296,5.267000198364258,15.675596237182617,241.385986328125,-11.837430953979492,7.392670154571533,0.9050961136817932,0.7124624848365784
SB68945_component_767a,241.709052,-10.891827,5.814000129699707,32.12154769897461,241.70907592773438,-10.891911506652832,7.978810787200928,0.9256985187530518,0.7286800146102905
SB68945_component_771a,242.889241,-9.655878,5.824999809265137,31.657608032226562,242.88931274414062,-9.655989646911621,8.070788383483887,0.9168803691864014,0.7217386364936829
SB68945_component_773a,241.955422,-10.843805,6.105999946594238,33.92222213745117,241.95538330078125,-10.84375,8.787924766540527,0.88267982006073,0.694817066192627
SB68945_component_774a,239.895191,-9.88922,5.531000137329102,29.577539443969727,239.89523315429688,-9.88913345336914,8.803253173828125,0.7981659173965454,0.6282904744148254
SB68945_component_778a,241.196258,-8.727508,5.6620001792907715,32.72832489013672,241.19630432128906,-8.727498054504395,6.773990154266357,1.0618374347686768,0.8358441591262817
SB68945_component_779a,239.977539,-10.530953,5.26800012588501,28.78688621520996,239.97752380371094,-10.530989646911621,6.744462966918945,0.9922729134559631,0.781085193157196
SB68945_component_780a,243.968832,-11.974385,5.533999919891357,11.824786186218262,243.9690704345703,-11.974453926086426,6.862128257751465,1.0245025157928467,0.8064553141593933
SB68945_component_781a,242.308088,-11.593738,4.961999893188477,21.480518341064453,242.30809020996094,-11.594030380249023,3.8209028244018555,1.6497702598571777,1.2986459732055664
SB68945_component_782a,241.533339,-7.774524,5.366000175476074,29.811111450195312,241.53343200683594,-7.774421691894531,6.737552642822266,1.0117686986923218,0.7964316606521606
SB68945_component_783a,240.150408,-11.031887,5.806000232696533,31.726778030395508,240.1504669189453,-11.031930923461914,8.809256553649902,0.8372796177864075,0.6590794920921326
SB68945_component_784a,240.55778,-8.387094,5.414999961853027,29.2702693939209,240.5579833984375,-8.387063026428223,7.16743278503418,0.9597708582878113,0.7555006146430969
SB68945_component_788a,243.069339,-9.146393,5.735000133514404,30.505321502685547,243.0693359375,-9.146495819091797,5.686476707458496,1.2812175750732422,1.0085331201553345
SB68945_component_799a,241.301378,-10.048787,5.563000202178955,31.607955932617188,241.30142211914062,-10.048850059509277,7.399629592895508,0.9550625681877136,0.7517943978309631
SB68945_component_800a,239.399466,-7.719814,5.5929999351501465,22.922130584716797,239.39952087402344,-7.719704627990723,7.829527378082275,0.9074903130531311,0.7143470644950867
SB68945_component_802a,238.774886,-9.406127,5.794000148773193,16.367231369018555,238.77491760253906,-9.405942916870117,6.199728965759277,1.1872400045394897,0.9345570206642151
SB68945_component_811a,239.737322,-11.056868,5.232999801635742,24.226850509643555,239.73727416992188,-11.05685043334961,6.95114803314209,0.9563721418380737,0.7528252601623535
SB68945_component_812a,242.971816,-7.367074,4.873000144958496,26.77472686767578,242.97198486328125,-7.366949558258057,6.459351062774658,0.9583855271339417,0.7544101476669312
SB68945_component_813a,243.079886,-8.878296,5.580999851226807,30.167566299438477,243.0799560546875,-8.878166198730469,7.094174385070801,0.9994080662727356,0.7867017984390259
SB68945_component_818a,242.903016,-9.081714,5.111000061035156,27.62702751159668,242.9031219482422,-9.08165454864502,6.641590595245361,0.9776118993759155,0.7695446014404297
SB68945_component_819a,243.84152,-7.762435,5.061999797821045,24.454105377197266,243.841552734375,-7.76247501373291,7.696914196014404,0.8354840874671936,0.6576661467552185
SB68945_component_820a,239.293472,-10.28734,4.8470001220703125,19.7032527923584,239.2936248779297,-10.287213325500488,6.110321998596191,1.0077241659164429,0.7932478785514832
SB68945_component_825a,239.754858,-11.420725,5.4120001792907715,24.940093994140625,239.75482177734375,-11.420801162719727,6.890624046325684,0.9977734684944153,0.7854151129722595
SB68945_component_827a,243.101091,-9.174968,5.679999828338623,32.6436767578125,243.1011505126953,-9.174857139587402,7.770811080932617,0.928570032119751,0.7309404015541077
SB68945_component_832a,241.849924,-11.90682,5.014999866485596,13.853590965270996,241.8500518798828,-11.906936645507812,7.7701735496521,0.8199227452278137,0.6454167366027832
SB68945_component_838a,244.556762,-7.380172,5.144999980926514,23.49315071105957,244.55679321289062,-7.380119323730469,6.0687994956970215,1.0769990682601929,0.847778856754303
SB68945_component_841a,239.516088,-8.652882,5.039999961853027,25.846155166625977,239.51629638671875,-8.652765274047852,6.95034122467041,0.9212068319320679,0.7251442670822144
SB68945_component_842a,243.374868,-6.766886,5.456999778747559,14.869208335876465,243.37489318847656,-6.766726970672607,7.9612135887146,0.8707778453826904,0.6854482293128967
SB68945_component_843a,240.771093,-9.953844,4.827000141143799,22.556076049804688,240.77113342285156,-9.953849792480469,7.665302753448486,0.7999829649925232,0.6297207474708557
SB68945_component_844a,240.670341,-7.39363,5.15500020980835,27.131580352783203,240.6703643798828,-7.393489360809326,6.453647136688232,1.0147432088851929,0.7987731695175171
SB68945_component_850a,240.029802,-8.07022,5.364999771118164,29.640884399414062,240.0298309326172,-8.070054054260254,7.188990592956543,0.9480571746826172,0.7462799549102783
SB68945_component_851a,242.40457,-11.331506,4.861000061035156,23.828432083129883,242.4044189453125,-11.331559181213379,7.115165710449219,0.8679072856903076,0.6831886172294617
SB68945_component_855a,240.741136,-8.839665,5.189000129699707,29.15168571472168,240.74124145507812,-8.839452743530273,6.198580741882324,1.0634673833847046,0.837127149105072
SB68945_component_859a,242.155794,-10.843042,4.855999946594238,25.030927658081055,242.15589904785156,-10.843082427978516,6.898277759552002,0.8942741751670837,0.7039437890052795
SB68945_component_863a,241.407278,-9.929865,4.956999778747559,28.325714111328125,241.40733337402344,-9.929963111877441,5.892879486083984,1.0686218738555908,0.841184675693512
SB68945_component_865a,243.77128,-11.263321,4.714000225067139,24.174360275268555,243.7713165283203,-11.263312339782715,6.299548149108887,0.9506331086158752,0.7483076453208923
SB68945_component_867a,244.725732,-9.291155,5.298999786376953,16.611284255981445,244.7257843017578,-9.291278839111328,4.9454169273376465,1.3612055778503418,1.0714970827102661
SB68945_component_874a,242.730434,-11.764919,5.264999866485596,17.26229476928711,242.7302703857422,-11.765036582946777,7.065398216247559,0.9466608762741089,0.7451809048652649
SB68945_component_875a,244.286,-10.773389,5.320000171661377,20.78125,244.28622436523438,-10.773353576660156,6.983297824859619,0.9677959084510803,0.7618177533149719
SB68945_component_877a,243.189018,-7.038338,4.510000228881836,17.968130111694336,243.1890869140625,-7.038205623626709,7.054708480834961,0.8121386766433716,0.639289379119873
SB68945_component_878a,240.142687,-8.968423,4.875,28.676469802856445,240.1427764892578,-8.968327522277832,4.688477039337158,1.320917010307312,1.039783239364624
SB68945_component_880a,241.38528,-11.693216,4.427999973297119,14.565790176391602,241.38522338867188,-11.693243980407715,5.2703776359558105,1.06732976436615,0.8401675224304199
SB68945_component_883a,243.212561,-7.223355,4.39300012588501,20.919048309326172,243.212646484375,-7.223256587982178,6.086297035217285,0.9169397354125977,0.7217853665351868
SB68945_component_884a,240.415341,-7.982883,5.040999889373779,27.850828170776367,240.41546630859375,-7.9827561378479,9.730457305908203,0.658136785030365,0.518064022064209
SB68945_component_885a,240.48558,-7.973462,4.9039998054504395,26.652172088623047,240.48561096191406,-7.9732465744018555,6.284656524658203,0.9912920594215393,0.7803130745887756
SB68945_component_886a,239.912999,-11.347711,4.619999885559082,23.571428298950195,239.91297912597656,-11.347700119018555,3.9526751041412354,1.4848533868789673,1.1688286066055298
SB68945_component_900a,239.464988,-7.973632,4.7179999351501465,24.445594787597656,239.4651336669922,-7.97349214553833,6.530876159667969,0.9177390336990356,0.7224145531654358
SB68945_component_902a,241.613401,-7.806025,4.363999843597412,24.795454025268555,241.61358642578125,-7.8059515953063965,6.894772052764893,0.8040767908096313,0.632943332195282
SB68945_component_909a,244.811508,-8.865171,4.966000080108643,17.303136825561523,244.81190490722656,-8.865303993225098,7.25601863861084,0.869442880153656,0.6843973994255066
SB68945_component_911a,239.888333,-7.84056,5.065000057220459,25.84183692932129,239.8883514404297,-7.840465545654297,7.745176792144775,0.8307700753211975,0.6539553999900818
SB68945_component_912a,244.276158,-9.944134,4.482999801635742,15.953736305236816,244.27622985839844,-9.944205284118652,5.595703125,1.0177632570266724,0.801150381565094
SB68945_component_913a,243.091465,-9.554764,4.236000061035156,23.664804458618164,243.0915985107422,-9.554795265197754,6.1565937995910645,0.8740739226341248,0.6880428194999695
SB68945_component_916a,238.785092,-10.033901,5.071000099182129,15.320241928100586,238.78543090820312,-10.033797264099121,7.12888765335083,0.903658926486969,0.7113311886787415
SB68945_component_919a,244.209113,-7.582187,4.229000091552734,21.145000457763672,244.20919799804688,-7.582151412963867,5.1829447746276855,1.0365585088729858,0.8159454464912415
SB68945_component_923a,239.176805,-9.061835,4.840000152587891,16.689655303955078,239.1768798828125,-9.061823844909668,5.925077438354492,1.037729263305664,0.8168669939041138
SB68945_component_927a,240.375119,-7.196045,4.436999797821045,20.168180465698242,240.3751220703125,-7.195805549621582,6.400624752044678,0.8806427121162415,0.6932135224342346
SB68945_component_931a,240.072176,-8.633334,4.854000091552734,25.150259017944336,240.0722198486328,-8.633308410644531,6.481001853942871,0.9514595866203308,0.7489582896232605
SB68945_component_932a,243.263457,-9.509551,4.455999851226807,23.828874588012695,243.26353454589844,-9.509469032287598,4.086912631988525,1.3851044178009033,1.090309500694275
SB68945_component_934a,240.220182,-11.704508,4.873000144958496,20.91416358947754,240.22036743164062,-11.704648971557617,6.829979419708252,0.9063788056373596,0.7134721279144287
SB68945_component_937a,239.449534,-10.758455,4.507999897003174,19.685588836669922,239.44967651367188,-10.7583646774292,5.037532806396484,1.1368383169174194,0.8948825001716614
SB68945_component_938a,239.730457,-9.097849,4.873000144958496,28.834320068359375,239.7305908203125,-9.097779273986816,7.975034236907959,0.7762410044670105,0.6110318899154663
SB68945_component_939a,242.176097,-8.475087,4.650000095367432,24.866310119628906,242.1761474609375,-8.475011825561523,6.013230323791504,0.982376217842102,0.7732948660850525
SB68945_component_940a,240.314044,-7.04994,4.484000205993652,17.864543914794922,240.31390380859375,-7.049762725830078,4.313833236694336,1.3204896450042725,1.0394468307495117
SB68945_component_943a,244.414094,-10.101211,4.751999855041504,16.218429565429688,244.41403198242188,-10.101292610168457,5.134892463684082,1.1756492853164673,0.9254331588745117
SB68945_component_944a,244.181911,-7.406623,4.446000099182129,22.34170913696289,244.18182373046875,-7.406645774841309,3.8092942237854004,1.4827148914337158,1.1671453714370728
SB68945_component_948a,240.883288,-9.766004,4.506999969482422,25.902299880981445,240.88340759277344,-9.766070365905762,5.4843854904174805,1.0439802408218384,0.8217875957489014
SB68945_component_950a,244.567674,-8.495756,4.107999801635742,14.068492889404297,244.56793212890625,-8.49600601196289,5.551884174346924,0.939988911151886,0.7399289608001709
SB68945_component_951a,240.729932,-10.916126,4.448999881744385,26.017541885375977,240.72994995117188,-10.916340827941895,3.2932181358337402,1.716226577758789,1.3509581089019775
SB68945_component_952a,241.988287,-7.417812,4.2820000648498535,20.786407470703125,241.98837280273438,-7.4177398681640625,5.0908660888671875,1.0685323476791382,0.8411142826080322
SB68945_component_953a,239.86156,-9.111606,4.21999979019165,24.11428451538086,239.8616180419922,-9.111549377441406,5.989859580993652,0.895011305809021,0.7045239806175232
SB68945_component_954a,244.166199,-9.331514,4.354000091552734,20.157407760620117,244.1663360595703,-9.331672668457031,3.774210214614868,1.4655311107635498,1.1536188125610352
SB68945_component_957a,243.153495,-8.589815,4.519000053405762,25.822858810424805,243.15357971191406,-8.589662551879883,4.356435775756836,1.3177825212478638,1.037315845489502
SB68945_component_961a,239.263464,-9.652248,3.999000072479248,20.828125,239.26377868652344,-9.652043342590332,4.423738479614258,1.1484040021896362,0.9039865732192993
SB68945_component_962a,241.677266,-11.300448,4.166999816894531,21.15228271484375,241.67730712890625,-11.300483703613281,5.880344390869141,0.9002298712730408,0.7086319327354431
SB68945_component_963a,243.740869,-7.354801,4.163000106811523,19.273147583007812,243.74085998535156,-7.354725360870361,4.62391471862793,1.1437453031539917,0.9003193974494934
SB68945_component_968a,241.939974,-7.586118,4.73799991607666,25.068782806396484,241.940185546875,-7.586121082305908,6.515407085418701,0.92381751537323,0.727199375629425
SB68945_component_971a,238.774428,-11.569388,4.421000003814697,12.079235076904297,238.77430725097656,-11.56943130493164,2.6380085945129395,2.1290066242218018,1.6758853197097778
SB68945_component_972a,243.499578,-11.482382,4.690999984741211,19.22541046142578,243.49964904785156,-11.482440948486328,6.6741132736206055,0.8929036259651184,0.7028648853302002
SB68945_component_973a,242.200419,-7.896158,4.178999900817871,21.652849197387695,242.2003936767578,-7.896067142486572,4.029461860656738,1.317522406578064,1.0371111631393433
SB68945_component_974a,240.052764,-11.013913,4.482999801635742,23.594736099243164,240.05279541015625,-11.013995170593262,5.724411964416504,0.9948796629905701,0.7831372022628784
SB68945_component_976a,239.892584,-10.920115,3.8259999752044678,18.483091354370117,239.892333984375,-10.919940948486328,2.0337600708007812,2.389890193939209,1.8812445402145386
SB68945_component_977a,241.814508,-8.795038,4.564000129699707,22.594058990478516,241.8145751953125,-8.794912338256836,5.592594623565674,1.0367285013198853,0.8160791993141174
SB68945_component_982a,243.792141,-11.201976,3.9690001010894775,18.900001525878906,243.79217529296875,-11.202016830444336,4.62513542175293,1.0901578664779663,0.8581370711326599
SB68945_component_984a,243.50069,-11.656045,3.7209999561309814,12.042071342468262,243.5008087158203,-11.656147003173828,5.657479286193848,0.8355441093444824,0.6577134132385254
SB68945_component_988a,244.36763,-11.70321,4.4039998054504395,10.561150550842285,244.36769104003906,-11.703313827514648,5.159266471862793,1.0844062566757202,0.8536096811294556
SB68945_component_993a,242.102208,-7.116225,4.4730000495910645,19.034042358398438,242.1022186279297,-7.11631965637207,5.311408996582031,1.0698474645614624,0.8421494364738464
SB68945_component_994a,241.684454,-9.809509,3.828000068664551,21.032968521118164,241.6845703125,-9.80948543548584,4.466404438018799,1.0887962579727173,0.8570652604103088
SB68945_component_996a,244.002278,-10.448713,3.953000068664551,18.471961975097656,244.0025177001953,-10.44876766204834,4.549657821655273,1.1037756204605103,0.8688565492630005
SB68945_component_997a,240.149484,-8.539458,4.339000225067139,23.58152198791504,240.14962768554688,-8.539443016052246,2.1347899436950684,2.5820653438568115,2.0325186252593994
SB68945_component_1001a,238.868704,-10.906608,3.938999891281128,11.417390823364258,238.86880493164062,-10.906705856323242,5.097781658172607,0.9816065430641174,0.7726890444755554
SB68945_component_1005a,244.662389,-8.665136,4.135000228881836,14.611309051513672,244.6625518798828,-8.665178298950195,6.490357398986816,0.809356153011322,0.637099027633667
SB68945_component_1007a,244.695817,-10.96767,3.7690000534057617,10.214092254638672,244.69598388671875,-10.967660903930664,2.9898879528045654,1.6014152765274048,1.2605823278427124
SB68945_component_1016a,244.083372,-8.255196,3.822000026702881,19.303030014038086,244.0835723876953,-8.255163192749023,4.854862213134766,1.0001070499420166,0.7872520089149475
SB68945_component_1017a,243.455868,-9.915834,4.328000068664551,21.425743103027344,243.45594787597656,-9.915915489196777,5.893429279327393,0.9329361319541931,0.7343772053718567
SB68945_component_1019a,241.264101,-9.638907,3.50600004196167,18.356021881103516,241.26425170898438,-9.63904094696045,5.432332515716553,0.8198950886726379,0.6453949809074402
SB68945_component_1022a,239.107103,-9.072478,4.171000003814697,13.15772819519043,239.10719299316406,-9.072566986083984,6.449678421020508,0.8215516209602356,0.6466988921165466
SB68945_component_1025a,239.204414,-11.767561,3.73799991607666,11.191617012023926,239.2045135498047,-11.767579078674316,5.29559850692749,0.8967201709747314,0.705869197845459
SB68945_component_1026a,241.70849,-8.821298,4.335999965667725,25.65680503845215,241.70852661132812,-8.82138729095459,4.294284820556641,1.2827178239822388,1.009714126586914
SB68945_component_1031a,242.804449,-10.74212,3.88700008392334,20.350786209106445,242.8044891357422,-10.741960525512695,5.483592510223389,0.9004966616630554,0.7088419198989868
SB68945_component_1032a,240.95097,-11.714334,3.9800000190734863,14.26523208618164,240.95086669921875,-11.71436595916748,5.4267120361328125,0.9317061901092529,0.7334091067314148
SB68945_component_1033a,240.211475,-11.892933,3.9769999980926514,10.43832015991211,240.21141052246094,-11.89303970336914,3.4475715160369873,1.4654635190963745,1.1535656452178955
SB68945_component_1037a,244.539245,-9.8906,4.265999794006348,12.810810089111328,244.53912353515625,-9.890758514404297,5.308107852935791,1.0209718942642212,0.803676187992096
SB68945_component_1046a,243.520528,-8.723401,3.9079999923706055,23.40119743347168,243.52059936523438,-8.723302841186523,4.60218620300293,1.0787556171417236,0.8491616249084473
SB68945_component_1049a,243.629774,-7.582124,4.072999954223633,20.78061294555664,243.62979125976562,-7.582016468048096,5.856845378875732,0.883452832698822,0.6954255700111389
SB68945_component_1051a,241.104357,-7.923522,3.753999948501587,20.074865341186523,241.10423278808594,-7.923379421234131,4.485291957855225,1.0632520914077759,0.8369577527046204
SB68945_component_1059a,243.040313,-9.283198,3.7039999961853027,21.045454025268555,243.0403289794922,-9.283289909362793,6.091965198516846,0.7724071741104126,0.6080139875411987
SB68945_component_1060a,242.401059,-8.220116,3.822999954223633,20.890710830688477,242.4010467529297,-8.220054626464844,4.656520843505859,1.0429787635803223,0.8209992051124573
SB68945_component_1065a,244.16056,-10.150979,3.2750000953674316,13.36734676361084,244.16067504882812,-10.150835037231445,5.025623798370361,0.827854573726654,0.6516604423522949
SB68945_component_1073a,239.63126,-8.713656,3.5230000019073486,18.640213012695312,239.6314239501953,-8.713539123535156,4.4150800704956055,1.0136938095092773,0.7979470491409302
SB68945_component_1075a,242.173636,-9.987565,3.921999931335449,23.070587158203125,242.17376708984375,-9.987576484680176,4.154238700866699,1.1993579864501953,0.9440959692001343
SB68945_component_1079a,243.44275,-8.079128,3.6510000228881836,19.950820922851562,243.4427032470703,-8.079071044921875,4.823620796203613,0.961548924446106,0.7569003105163574
SB68945_component_1081a,241.753757,-7.812065,3.757999897003174,20.535518646240234,241.75392150878906,-7.811888217926025,5.37781286239624,0.8877359628677368,0.6987970471382141
SB68945_component_1084a,241.169334,-8.050545,3.505000114440918,19.581005096435547,241.1693572998047,-8.050600051879883,4.808348655700684,0.9260294437408447,0.728940486907959
SB68945_component_1085a,242.102209,-8.577039,3.7269999980926514,18.635000228881836,242.1023406982422,-8.576869010925293,5.441752910614014,0.8700681924819946,0.6848896145820618
SB68945_component_1087a,243.734108,-10.203874,4.166999816894531,18.520000457763672,243.73435974121094,-10.20388126373291,5.364686012268066,0.9867608547210693,0.7767462730407715
SB68945_component_1088a,239.590597,-11.326009,3.9639999866485596,19.5270938873291,239.59080505371094,-11.326116561889648,6.8795247077941895,0.7319946885108948,0.5762025713920593
SB68945_component_1091a,243.311392,-8.172758,3.63100004196167,20.867816925048828,243.31141662597656,-8.172584533691406,3.244608163833618,1.4216631650924683,1.1190873384475708
SB68945_component_1092a,240.100521,-9.63581,3.4660000801086426,20.388235092163086,240.10069274902344,-9.635846138000488,3.8964004516601562,1.1300500631332397,0.8895390033721924
SB68945_component_1095a,242.216168,-11.438777,3.677999973297119,20.098360061645508,242.216064453125,-11.43891429901123,4.536681652069092,1.0299263000488281,0.8107247352600098
SB68945_component_1096a,242.639349,-8.93402,4.001999855041504,19.811880111694336,242.6393280029297,-8.934000015258789,5.6702423095703125,0.896619439125061,0.7057899236679077
SB68945_component_1097a,239.439369,-11.559503,3.494999885559082,14.149797439575195,239.4394073486328,-11.559704780578613,4.959704875946045,0.8952081799507141,0.704679012298584
SB68945_component_1099a,239.202068,-9.290838,3.640000104904175,15.689656257629395,239.2022705078125,-9.290849685668945,2.913740873336792,1.5870229005813599,1.2492531538009644
SB68945_component_1101a,239.269732,-9.345954,3.881999969482422,16.878259658813477,239.26986694335938,-9.345959663391113,5.272418975830078,0.935359001159668,0.7362844347953796
SB68945_component_1102a,240.286391,-7.299375,3.937999963760376,18.064220428466797,240.2862548828125,-7.2992753982543945,3.9229509830474854,1.2752506732940674,1.0038361549377441
SB68945_component_1103a,243.21303,-8.97298,3.9170000553131104,20.507854461669922,243.21307373046875,-8.97280502319336,5.350948810577393,0.9299411773681641,0.7320197224617004
SB68945_component_1105a,239.546617,-7.603258,3.924999952316284,18.779903411865234,239.546630859375,-7.603055953979492,5.395236015319824,0.9241913557052612,0.7274936437606812
SB68945_component_1107a,244.655255,-10.037205,4.15500020980835,10.963061332702637,244.6553955078125,-10.037260055541992,3.918532371520996,1.3470394611358643,1.060346007347107
SB68945_component_1113a,241.853194,-8.997738,3.428999900817871,17.952878952026367,241.8532257080078,-8.997719764709473,3.5491716861724854,1.2273634672164917,0.966140866279602
SB68945_component_1115a,242.342954,-7.330488,3.500999927520752,20.120689392089844,242.34292602539062,-7.33024263381958,4.048553943634033,1.0985628366470337,0.8647531867027283
SB68945_component_1116a,240.600972,-10.157868,3.9179999828338623,21.888267517089844,240.60107421875,-10.157782554626465,4.507035255432129,1.1043486595153809,0.8693075776100159
SB68945_component_1118a,244.312415,-10.347996,3.684000015258789,14.854839324951172,244.3125762939453,-10.348235130310059,4.283757209777832,1.092515230178833,0.8599927425384521
SB68945_component_1123a,243.482095,-10.410259,3.7950000762939453,20.40322494506836,243.48214721679688,-10.410247802734375,4.8783369064331055,0.9882634282112122,0.7779290676116943
SB68945_component_1124a,239.557056,-10.010092,3.5789999961853027,19.037235260009766,239.55726623535156,-10.010013580322266,4.558063983917236,0.9975025057792664,0.7852017879486084
SB68945_component_1125a,241.093712,-10.7961,3.4590001106262207,19.21666717529297,241.09376525878906,-10.796180725097656,5.049970626831055,0.870150625705719,0.6849545240402222
SB68945_component_1128a,241.04476,-11.285787,3.6419999599456787,20.81142807006836,241.04476928710938,-11.285881996154785,4.110255718231201,1.1256511211395264,0.8860762715339661
SB68945_component_1132a,239.628409,-10.528151,3.2980000972747803,19.630952835083008,239.62867736816406,-10.528215408325195,3.865150213241577,1.0839693546295166,0.8532657027244568
SB68945_component_1136a,240.514306,-10.58985,3.259999990463257,18.212289810180664,240.51443481445312,-10.589851379394531,5.1361517906188965,0.8063293099403381,0.6347164511680603
SB68945_component_1138a,240.933811,-8.836184,3.3529999256134033,18.322404861450195,240.9341278076172,-8.835895538330078,1.9273552894592285,2.210062265396118,1.739689588546753
SB68945_component_1139a,243.137087,-11.730254,3.440999984741211,11.784246444702148,243.13719177246094,-11.730270385742188,4.260745525360107,1.0259631872177124,0.8076051473617554
SB68945_component_1140a,239.315396,-7.347873,3.684000015258789,13.204300880432129,239.31541442871094,-7.34779167175293,5.0189900398254395,0.9324724078178406,0.734012246131897
SB68945_component_1143a,239.242882,-9.499796,3.634999990463257,18.4517765045166,239.24281311035156,-9.49962329864502,3.4706034660339355,1.3305529356002808,1.0473682880401611
SB68945_component_1145a,242.065167,-9.724823,3.3980000019073486,19.30681800842285,242.0652313232422,-9.724660873413086,4.033690929412842,1.0701717138290405,0.8424046635627747
SB68945_component_1146a,241.47534,-9.054579,2.996999979019165,16.026737213134766,241.4755096435547,-9.054520606994629,5.191769599914551,0.7333377599716187,0.5772598385810852
SB68945_component_1147a,244.084889,-10.237605,3.5209999084472656,16.37674331665039,244.08502197265625,-10.237515449523926,5.986486911773682,0.7471824884414673,0.5881579518318176
SB68945_component_1152a,240.711007,-11.380204,3.5399999618530273,17.96954345703125,240.71112060546875,-11.380250930786133,4.610879898071289,0.9753313064575195,0.7677493095397949
SB68945_component_1155a,240.149708,-10.245372,3.5409998893737793,17.106279373168945,240.14976501464844,-10.24532699584961,3.6057348251342773,1.2475697994232178,0.9820466637611389
SB68945_component_1158a,243.849899,-11.257951,3.1040000915527344,15.44278621673584,243.84957885742188,-11.257970809936523,2.9595139026641846,1.3323981761932373,1.048820972442627
SB68945_component_1163a,243.970205,-7.623767,3.6989998817443848,17.36619758605957,243.97010803222656,-7.623765468597412,3.0234670639038086,1.5542174577713013,1.223429799079895
SB68945_component_1166a,241.271318,-7.418843,3.2039999961853027,16.263959884643555,241.27146911621094,-7.418745517730713,3.85154390335083,1.0567940473556519,0.8318741917610168
SB68945_component_1170a,243.827009,-8.295721,3.7070000171661377,20.146739959716797,243.82717895507812,-8.295740127563477,2.7266900539398193,1.7271082401275635,1.3595237731933594
SB68945_component_1172a,240.93758,-8.750948,3.693000078201294,19.335079193115234,240.93753051757812,-8.75082778930664,3.1028733253479004,1.5119867324829102,1.1901872158050537
SB68945_component_1174a,244.578257,-8.827673,3.447999954223633,15.672727584838867,244.5784454345703,-8.82769775390625,2.8444550037384033,1.5399296283721924,1.2121829986572266
SB68945_component_1188a,240.151599,-10.034129,3.609999895095825,18.900522232055664,240.15164184570312,-10.03420639038086,4.704959392547607,0.9747292995452881,0.7672754526138306
SB68945_component_1191a,243.785446,-10.348683,3.572999954223633,16.465438842773438,243.78541564941406,-10.348785400390625,3.825164794921875,1.1866306066513062,0.9340773820877075
SB68945_component_1194a,244.049608,-9.088272,3.2249999046325684,16.796875,244.04977416992188,-9.088360786437988,4.899940490722656,0.8361257910728455,0.6581712365150452
SB68945_component_1197a,240.243926,-8.77301,3.4509999752044678,18.454544067382812,240.24404907226562,-8.773092269897461,5.096684455871582,0.8601810932159424,0.6771068572998047
SB68945_component_1198a,241.468644,-7.457979,3.0350000858306885,16.584699630737305,241.4685516357422,-7.457893371582031,4.509320259094238,0.8550280332565308,0.6730504631996155
SB68945_component_1201a,239.577363,-9.571159,3.236999988555908,17.785715103149414,239.577392578125,-9.571114540100098,3.427274227142334,1.1998488903045654,0.9444823265075684
SB68945_component_1202a,243.680206,-9.377124,3.125,16.27604103088379,243.68020629882812,-9.377095222473145,2.977562189102173,1.3332816362380981,1.0495163202285767
SB68945_component_1203a,242.039769,-9.292295,2.934999942779541,15.36649227142334,242.03993225097656,-9.292169570922852,4.159122943878174,0.8964768052101135,0.7056776285171509
SB68945_component_1211a,241.119354,-8.10855,3.441999912261963,19.122220993041992,241.11927795410156,-8.108399391174316,4.210592269897461,1.0384854078292847,0.817462146282196
SB68945_component_1213a,242.748783,-7.497812,3.4579999446868896,19.211109161376953,242.748779296875,-7.497748851776123,4.0530219078063965,1.0838738679885864,0.853190541267395
SB68945_component_1214a,242.330362,-11.567004,3.257999897003174,13.805084228515625,242.33033752441406,-11.567082405090332,5.506115436553955,0.7516894340515137,0.5917056798934937
SB68945_component_1217a,242.017416,-11.610994,3.3499999046325684,15.227272033691406,242.0174102783203,-11.611257553100586,2.714348077774048,1.567876935005188,1.2341821193695068
SB68945_component_1221a,239.115677,-11.162663,3.128999948501587,15.413793563842773,239.11573791503906,-11.162626266479492,5.363411903381348,0.7411346435546875,0.5833972692489624
SB68945_component_1225a,243.684107,-11.641486,3.4079999923706055,12.71641731262207,243.68411254882812,-11.641434669494629,4.486835956573486,0.964921772480011,0.7595552802085876
SB68945_component_1228a,244.880013,-10.651182,3.5999999046325684,10.344827651977539,244.8800048828125,-10.651368141174316,4.395482063293457,1.0404678583145142,0.8190227746963501
SB68945_component_1231a,243.934795,-8.172801,3.390000104904175,17.38461685180664,243.93502807617188,-8.172750473022461,4.203603744506836,1.0244969129562378,0.8064509034156799
SB68945_component_1234a,243.841538,-8.817919,3.124000072479248,16.356021881103516,243.84165954589844,-8.817902565002441,4.163583278656006,0.9531834721565247,0.750315248966217
SB68945_component_1239a,241.051192,-8.508524,3.0190000534057617,16.960674285888672,241.05140686035156,-8.508383750915527,4.096065998077393,0.9363298416137695,0.7370486855506897
SB68945_component_1243a,240.193983,-11.652753,2.99399995803833,12.320987701416016,240.19395446777344,-11.652812957763672,3.252124547958374,1.169546127319336,0.9206289052963257
SB68945_component_1251a,242.204672,-10.610448,3.062999963760376,17.912281036376953,242.2046661376953,-10.610432624816895,4.089834690093994,0.951423704624176,0.748930037021637
SB68945_component_1254a,243.106274,-9.490027,2.9200000762939453,17.176471710205078,243.10659790039062,-9.490104675292969,3.934337854385376,0.9428528547286987,0.7421833276748657
SB68945_component_1259a,244.501769,-10.765641,2.933000087738037,11.971428871154785,244.50180053710938,-10.76578426361084,4.065284729003906,0.9165450930595398,0.7214747071266174
SB68945_component_1261a,243.230425,-7.205447,2.5840001106262207,12.304762840270996,243.2304229736328,-7.205378532409668,4.2021613121032715,0.7811825275421143,0.6149216890335083
SB68945_component_1262a,241.308679,-9.368786,2.882999897003174,10.115789413452148,241.30880737304688,-9.36874008178711,5.011263847351074,0.7308530807495117,0.5753039717674255
SB68945_component_1263a,240.028612,-7.055618,3.0929999351501465,11.850574493408203,240.0287322998047,-7.0554118156433105,3.389986038208008,1.1590834856033325,0.9123930931091309
SB68945_component_1266a,241.680506,-10.477899,2.937999963760376,17.282352447509766,241.68051147460938,-10.477928161621094,2.58120059967041,1.4459816217422485,1.1382299661636353
SB68945_component_1267a,244.231888,-9.820329,3.072999954223633,12.646090507507324,244.23211669921875,-9.820396423339844,3.963238000869751,0.9850201606750488,0.7753760814666748
SB68945_component_1270a,242.687389,-10.57381,2.8450000286102295,15.461956977844238,242.68746948242188,-10.573813438415527,4.880573749542236,0.7405324578285217,0.5829232931137085
SB68945_component_1272a,241.333612,-7.657173,2.9639999866485596,15.518324851989746,241.3336639404297,-7.656871318817139,4.054197311401367,0.9287654161453247,0.7310941815376282
SB68945_component_1276a,243.080551,-11.772991,2.8459999561309814,10.056537628173828,243.08055114746094,-11.773137092590332,3.795684576034546,0.9525274038314819,0.7497988343238831
SB68945_component_1278a,243.794487,-11.06793,2.7309999465942383,13.321950912475586,243.79441833496094,-11.06804084777832,3.413179874420166,1.0164715051651,0.8001335859298706
SB68945_component_1287a,242.846291,-8.843146,3.0829999446868896,18.029239654541016,242.84620666503906,-8.843294143676758,4.453963756561279,0.8793455362319946,0.6921924352645874
SB68945_component_1292a,244.411563,-10.326818,2.8519999980926514,10.969231605529785,244.41163635253906,-10.326897621154785,3.483670234680176,1.04002845287323,0.818676769733429
SB68945_component_1294a,242.638797,-9.999242,2.867000102996826,15.8397798538208,242.6387939453125,-9.998963356018066,3.657245635986328,0.9958783984184265,0.783923327922821
SB68945_component_1296a,242.011836,-8.499083,3.056999921798706,17.078210830688477,242.0117950439453,-8.498947143554688,3.689218759536743,1.052673578262329,0.8286306858062744
SB68945_component_1300a,243.362059,-9.722285,2.865000009536743,14.617347717285156,243.36212158203125,-9.72209644317627,2.1370160579681396,1.703136920928955,1.3406543731689453
SB68945_component_1308a,241.173134,-8.269995,3.0429999828338623,15.21500015258789,241.17324829101562,-8.269856452941895,3.6071290969848633,1.0716993808746338,0.8436071872711182
SB68945_component_1312a,241.024264,-7.809757,2.697000026702881,13.974093437194824,241.02444458007812,-7.809684753417969,4.063891410827637,0.8430854082107544,0.6636496186256409
SB68945_component_1313a,239.716227,-8.535238,2.7309999465942383,14.15025806427002,239.7163543701172,-8.535218238830566,3.9931066036224365,0.8688473701477051,0.6839286088943481
SB68945_component_1320a,241.682132,-8.156441,3.0480000972747803,13.917808532714844,241.68226623535156,-8.156335830688477,3.671095132827759,1.0547561645507812,0.830269992351532
SB68945_component_1328a,244.803471,-8.946944,3.049999952316284,11.050724983215332,244.8037109375,-8.947148323059082,2.7060985565185547,1.4318217039108276,1.1270838975906372
SB68945_component_1333a,242.528742,-7.664072,2.822999954223633,15.683332443237305,242.52890014648438,-7.664099216461182,3.3081142902374268,1.084084391593933,0.8533562421798706
SB68945_component_1338a,240.599292,-11.297406,2.953000068664551,15.62433910369873,240.5996856689453,-11.297386169433594,3.2269322872161865,1.1625356674194336,0.9151106476783752
SB68945_component_1344a,240.861469,-10.413954,2.993000030517578,16.535911560058594,240.86158752441406,-10.414000511169434,4.270453453063965,0.8903595805168152,0.7008623480796814
SB68945_component_1350a,242.595701,-11.16348,2.86299991607666,13.568719863891602,242.59556579589844,-11.163361549377441,2.807936429977417,1.295289397239685,1.0196099281311035
SB68945_component_1354a,243.600158,-7.656101,2.8010001182556152,13.274882316589355,243.6002655029297,-7.656054496765137,3.0153050422668457,1.1800885200500488,0.9289276003837585
SB68945_component_1359a,241.179706,-10.893606,2.5920000076293945,15.069766998291016,241.1796417236328,-10.893658638000488,3.5805912017822266,0.919629693031311,0.7239028215408325
SB68945_component_1361a,243.230652,-7.309519,2.5739998817443848,14.793103218078613,243.230712890625,-7.309403419494629,4.397791385650635,0.7435439229011536,0.5852937698364258
SB68945_component_1367a,243.596308,-9.130287,2.999000072479248,15.458763122558594,243.596435546875,-9.130345344543457,3.6044206619262695,1.0569969415664673,0.8320338726043701
SB68945_component_1372a,241.47049,-7.002018,2.8529999256134033,12.73660659790039,241.47048950195312,-7.00193452835083,4.841368675231934,0.7486284375190735,0.5892961621284485
SB68945_component_1382a,242.840187,-8.560387,2.752000093460083,15.204421043395996,242.84031677246094,-8.560336112976074,3.3301355838775635,1.049830675125122,0.8263928294181824
SB68945_component_1383a,239.372057,-8.572712,2.803999900817871,13.102803230285645,239.37225341796875,-8.572731971740723,2.4934887886047363,1.4285757541656494,1.1245287656784058
SB68945_component_1388a,240.334408,-9.882037,2.4600000381469727,13.591160774230957,240.33436584472656,-9.882070541381836,3.541085720062256,0.8825339078903198,0.6947022080421448
SB68945_component_1390a,241.631238,-8.730105,2.7899999618530273,15.081080436706543,241.63113403320312,-8.730020523071289,3.8010964393615723,0.93245530128479,0.733998715877533
SB68945_component_1392a,239.980373,-9.425364,2.5390000343322754,13.433862686157227,239.98048400878906,-9.425203323364258,3.837157964706421,0.8405929803848267,0.6616876721382141
SB68945_component_1393a,239.139974,-9.49837,2.6610000133514404,13.238805770874023,239.13987731933594,-9.498647689819336,1.6376640796661377,2.0642049312591553,1.6248753070831299
SB68945_component_1401a,243.805211,-10.692285,2.6640000343322754,12.276497840881348,243.80535888671875,-10.692337989807129,4.178865909576416,0.8098573684692383,0.6374935507774353
SB68945_component_1403a,244.504621,-7.378864,2.505000114440918,12.587940216064453,244.50469970703125,-7.378816604614258,2.649648427963257,1.2010254859924316,0.9454084634780884
SB68945_component_1404a,243.792909,-10.169247,2.5299999713897705,12.222222328186035,243.79312133789062,-10.169447898864746,3.309054136276245,0.9712910056114197,0.7645689249038696
SB68945_component_1408a,242.641067,-7.009703,2.3459999561309814,10.068669319152832,242.64111328125,-7.009678363800049,3.603180170059204,0.8271318674087524,0.6510915160179138
SB68945_component_1409a,241.187358,-9.399504,2.7230000495910645,12.15625,241.18743896484375,-9.399523735046387,3.620797634124756,0.9553799033164978,0.7520442605018616
SB68945_component_1419a,243.476918,-7.385335,2.8259999752044678,14.492307662963867,243.47718811035156,-7.385335445404053,2.7549355030059814,1.3031470775604248,1.025795340538025
SB68945_component_1422a,240.822512,-7.549275,2.8389999866485596,14.863874435424805,240.8228302001953,-7.549253940582275,1.8957173824310303,1.9024993181228638,1.4975861310958862
SB68945_component_1430a,242.783188,-8.505724,2.635999917984009,13.587628364562988,242.78343200683594,-8.505632400512695,3.4841606616973877,0.9611251354217529,0.7565667033195496
SB68945_component_1432a,242.11453,-11.207862,2.424999952316284,14.520957946777344,242.1145477294922,-11.20798110961914,3.5435047149658203,0.8693835735321045,0.6843507289886475
SB68945_component_1435a,243.368321,-8.618544,2.7820000648498535,15.897143363952637,243.36854553222656,-8.618539810180664,3.3901965618133545,1.0424734354019165,0.8206014037132263
SB68945_component_1439a,241.827855,-8.358275,2.496999979019165,14.1875,241.8280029296875,-8.358189582824707,2.8440842628479004,1.1153438091278076,0.8779627084732056
SB68945_component_1442a,243.450164,-7.621829,2.438999891281128,12.63730525970459,243.45034790039062,-7.621852874755859,2.6282408237457275,1.1789065599441528,0.9279971122741699
SB68945_component_1443a,239.00951,-9.482159,2.559999942779541,11.479820251464844,239.0097198486328,-9.4820556640625,3.4636571407318115,0.9389398694038391,0.7391031384468079
SB68945_component_1465a,241.825572,-9.051524,2.75,14.70588207244873,241.82554626464844,-9.051512718200684,3.7890169620513916,0.9220168590545654,0.7257819175720215
SB68945_component_1468a,241.349764,-8.520599,2.690999984741211,14.015625,241.34994506835938,-8.520573616027832,3.0573861598968506,1.1181397438049316,0.8801636099815369
SB68945_component_1469a,241.397741,-8.279681,2.5369999408721924,13.494681358337402,241.39772033691406,-8.279333114624023,3.2181317806243896,1.0014963150024414,0.7883455753326416
SB68945_component_1477a,240.276881,-9.859725,2.556999921798706,14.528409004211426,240.27694702148438,-9.8597412109375,2.367424726486206,1.3721047639846802,1.0800765752792358
SB68945_component_1482a,241.139864,-11.103368,2.2330000400543213,12.615818977355957,241.1396484375,-11.103338241577148,3.2983038425445557,0.8600640892982483,0.6770146489143372
SB68945_component_1483a,240.903147,-8.136312,2.4590001106262207,13.291892051696777,240.90316772460938,-8.136209487915039,2.4805119037628174,1.2593601942062378,0.991327702999115
SB68945_component_1486a,240.943406,-10.013892,2.739000082015991,14.72580623626709,240.9433135986328,-10.013826370239258,2.923283338546753,1.1902929544448853,0.9369601607322693
SB68945_component_1488a,242.177076,-9.882313,2.8389999866485596,16.69999885559082,242.1773681640625,-9.88216781616211,2.879141330718994,1.2526655197143555,0.9860578775405884
SB68945_component_1499a,242.3,-7.357646,2.697999954223633,14.90607738494873,242.30006408691406,-7.357421398162842,3.296830415725708,1.0396281480789185,0.818361759185791
SB68945_component_1500a,240.290365,-11.108782,2.325000047683716,13.596490859985352,240.2905731201172,-11.108925819396973,3.064157009124756,0.96392822265625,0.758773148059845
SB68945_component_1515a,241.520846,-10.164833,2.3269999027252197,13.608186721801758,241.52072143554688,-10.164877891540527,2.4155426025390625,1.223811149597168,0.9633445739746094
SB68945_component_1517a,240.202452,-11.203805,2.5450000762939453,15.239521980285645,240.2025604248047,-11.203734397888184,3.1042680740356445,1.0415048599243164,0.8198390007019043
SB68945_component_1518a,243.086907,-7.251068,2.384999990463257,12.230769157409668,243.0869140625,-7.251040458679199,2.6531612873077393,1.141977310180664,0.898927628993988
SB68945_component_1520a,243.285454,-9.759274,2.6029999256134033,14.959770202636719,243.2855987548828,-9.759430885314941,3.5138022899627686,0.94108647108078,0.7407929301261902
SB68945_component_1522a,239.403978,-11.019031,2.562000036239624,12.317307472229004,239.4039764404297,-11.019125938415527,2.6092121601104736,1.247390627861023,0.9819055795669556
SB68945_component_1527a,240.771138,-11.119114,2.4839999675750732,13.955056190490723,240.77098083496094,-11.11946964263916,2.8402016162872314,1.1110538244247437,0.8745858073234558
SB68945_component_1530a,242.160324,-8.844086,2.2279999256134033,13.183431625366211,242.16053771972656,-8.84391975402832,2.8958683013916016,0.9773926734924316,0.7693719863891602
SB68945_component_1541a,243.076057,-8.969495,2.4700000286102295,14.702381134033203,243.07623291015625,-8.969518661499023,3.014800548553467,1.040809154510498,0.819291353225708
SB68945_component_1542a,243.842496,-10.196701,2.500999927520752,11.316741943359375,243.84254455566406,-10.196743965148926,4.038198471069336,0.7867898344993591,0.6193355917930603
SB68945_component_1543a,244.339804,-8.875846,2.059999942779541,11.256830215454102,244.3401336669922,-8.87598991394043,3.4111242294311523,0.7671890258789062,0.6039064526557922
SB68945_component_1546a,240.439948,-9.584708,1.9520000219345093,11.55029582977295,240.44003295898438,-9.584498405456543,2.6788079738616943,0.9257014989852905,0.7286823391914368
SB68945_component_1547a,243.991607,-11.264068,2.5850000381469727,12.079439163208008,243.9914093017578,-11.26386547088623,2.742575168609619,1.1973875761032104,0.9425448179244995
SB68945_component_1548a,242.384232,-8.289362,2.121000051498413,11.281915664672852,242.38433837890625,-8.289124488830566,2.440918207168579,1.103875756263733,0.8689353466033936
SB68945_component_1550a,242.947907,-9.286712,2.265000104904175,13.48214340209961,242.94805908203125,-9.286351203918457,2.8074917793273926,1.0249022245407104,0.8067699670791626
SB68945_component_1554a,243.462678,-9.693221,2.1559998989105225,10.56862735748291,243.46263122558594,-9.693241119384766,1.631230115890503,1.6790601015090942,1.3217018842697144
SB68945_component_1558a,243.103838,-7.598215,2.444000005722046,13.428571701049805,243.1038818359375,-7.598189830780029,3.21266508102417,0.9664256572723389,0.7607391476631165
SB68945_component_1559a,243.750237,-9.611059,2.36899995803833,12.403141021728516,243.75048828125,-9.611007690429688,3.2566134929656982,0.9241267442703247,0.7274428009986877
SB68945_component_1560a,239.105064,-10.002912,2.369999885559082,10.871559143066406,239.1051483154297,-10.002715110778809,2.913597822189331,1.0333595275878906,0.8134272694587708
SB68945_component_1581a,241.671228,-10.761387,2.1600000858306885,12.781065940856934,241.67135620117188,-10.761408805847168,4.155028343200684,0.6604082584381104,0.5198520421981812
SB68945_component_1587a,243.18789,-9.890289,2.0420000553131104,11.037837982177734,243.1880340576172,-9.890129089355469,3.2871012687683105,0.789178729057312,0.6212160587310791
SB68945_component_1590a,241.294719,-10.927939,2.2109999656677246,12.491524696350098,241.29441833496094,-10.9281587600708,2.72090220451355,1.03230619430542,0.8125981092453003
SB68945_component_1593a,240.017031,-10.331464,2.3340001106262207,12.616216659545898,240.01715087890625,-10.331499099731445,2.9900598526000977,0.9916391968727112,0.7805864214897156
SB68945_component_1595a,241.235742,-7.728324,2.3389999866485596,12.441490173339844,241.23556518554688,-7.728131294250488,3.05558705329895,0.9724522233009338,0.765483021736145
SB68945_component_1609a,242.547796,-7.262972,1.8350000381469727,10.42613697052002,242.5477752685547,-7.263092994689941,3.3978748321533203,0.6860589385032654,0.5400434732437134
SB68945_component_1610a,239.654845,-10.613605,1.965999960899353,10.239583015441895,239.6549530029297,-10.613712310791016,2.6400511264801025,0.9460277557373047,0.7446825504302979
SB68945_component_1612a,241.435449,-10.737877,2.4040000438690186,14.058479309082031,241.435546875,-10.737959861755371,3.319514751434326,0.9200100898742676,0.7242022752761841
SB68945_component_1615a,242.58372,-7.786959,2.0929999351501465,11.132978439331055,242.58399963378906,-7.787120342254639,3.410569429397583,0.7796057462692261,0.6136804819107056
SB68945_component_1618a,239.260071,-9.721973,1.8819999694824219,10.172972679138184,239.2602996826172,-9.72199821472168,2.6991353034973145,0.8857836723327637,0.697260320186615
SB68945_component_1619a,243.541343,-8.880616,2.374000072479248,14.564417839050293,243.54115295410156,-8.880415916442871,3.768695116043091,0.8002440333366394,0.6299262642860413
SB68945_component_1621a,241.467325,-11.134366,2.2780001163482666,12.943182945251465,241.46725463867188,-11.134462356567383,3.7551231384277344,0.7706590294837952,0.6066379547119141
SB68945_component_1625a,243.536384,-8.04119,1.934999942779541,10.45945930480957,243.53628540039062,-8.041136741638184,2.516761541366577,0.9767234325408936,0.7688451409339905
SB68945_component_1627a,239.582818,-9.109144,2.4019999504089355,12.255102157592773,239.58274841308594,-9.109018325805664,3.2348337173461914,0.9433085322380066,0.742542028427124
SB68945_component_1631a,239.935612,-7.955764,1.975000023841858,10.851648330688477,239.93531799316406,-7.9556498527526855,2.776937484741211,0.903511643409729,0.7112151384353638
SB68945_component_1633a,241.972188,-9.36167,1.9259999990463257,11.005714416503906,241.97238159179688,-9.3614501953125,2.945340871810913,0.8307176232337952,0.6539141535758972
SB68945_component_1644a,242.448269,-9.506111,2.1589999198913574,11.128865242004395,242.4480743408203,-9.506085395812988,2.7026257514953613,1.0148444175720215,0.7988527417182922
SB68945_component_1646a,240.356294,-8.654237,2.1110000610351562,11.662983894348145,240.35630798339844,-8.654169082641602,3.528675079345703,0.7599924802780151,0.5982415676116943
SB68945_component_1650a,242.474808,-8.75138,2.315999984741211,13.011235237121582,242.47537231445312,-8.751436233520508,3.2184836864471436,0.9141551852226257,0.7195935249328613
SB68945_component_1658a,241.253693,-10.589945,2.2709999084472656,13.680723190307617,241.2538604736328,-10.590014457702637,2.188930034637451,1.3180077075958252,1.037493109703064
SB68945_component_1661a,243.90159,-9.519212,2.1059999465942383,10.477611541748047,243.90145874023438,-9.519346237182617,2.2255139350891113,1.2021558284759521,0.9462982416152954
SB68945_component_1666a,241.995767,-8.39547,1.8250000476837158,10.428571701049805,241.99583435058594,-8.395411491394043,3.2619340419769287,0.7107558250427246,0.55948406457901
SB68945_component_1670a,240.989043,-9.986716,1.9780000448226929,10.928177833557129,240.98907470703125,-9.986310005187988,1.3323994874954224,1.885925531387329,1.4845397472381592
SB68945_component_1675a,243.811746,-9.687542,1.9470000267028809,10.247368812561035,243.81207275390625,-9.687795639038086,2.8072474002838135,0.8810853958129883,0.6935619711875916
SB68945_component_1681a,243.905698,-8.622338,2.0969998836517334,10.809277534484863,243.90599060058594,-8.62218189239502,3.4896082878112793,0.7634040117263794,0.6009269952774048
SB68945_component_1683a,240.898263,-10.478272,2.0220000743865967,11.62069034576416,240.89852905273438,-10.478232383728027,2.6867921352386475,0.9560482501983643,0.7525703310966492
SB68945_component_1687a,243.471988,-10.0269,2.2869999408721924,12.22994613647461,243.4722900390625,-10.026790618896484,2.722689628601074,1.0670892000198364,0.8399782180786133
SB68945_component_1701a,241.186298,-8.968666,1.9809999465942383,10.107142448425293,241.18609619140625,-8.96868896484375,2.3155248165130615,1.0868452787399292,0.8555295467376709
SB68945_component_1708a,242.780569,-10.246247,2.0329999923706055,10.989189147949219,242.78048706054688,-10.246295928955078,2.7576839923858643,0.9365383982658386,0.7372128367424011
SB68945_component_1711a,241.310399,-10.613436,2.2249999046325684,12.861271858215332,241.310302734375,-10.613564491271973,2.4509878158569336,1.153244972229004,0.9077972173690796
SB68945_component_1723a,239.840435,-8.042765,2.0280001163482666,10.673685073852539,239.84066772460938,-8.04269790649414,2.4631035327911377,1.0459671020507812,0.8233515620231628
SB68945_component_1728a,239.103268,-9.682282,2.1589999198913574,10.959390640258789,239.10308837890625,-9.682138442993164,2.3372035026550293,1.1735154390335083,0.9237534999847412
SB68945_component_1733a,242.252159,-11.102296,2.0239999294281006,11.5,242.2518768310547,-11.102500915527344,2.5721797943115234,0.9996360540390015,0.7868812084197998
SB68945_component_1734a,241.323668,-8.422876,1.8969999551773071,10.657302856445312,241.32357788085938,-8.422919273376465,2.158728837966919,1.116353988647461,0.878757894039154
SB68945_component_1745a,242.64583,-8.556285,2.1689999103546143,11.238341331481934,242.64599609375,-8.556426048278809,2.3964405059814453,1.1498087644577026,0.9050922989845276
SB68945_component_1765a,243.681955,-8.550134,2.058000087738037,10.553847312927246,243.6822052001953,-8.550004959106445,2.763765335083008,0.9459691047668457,0.7446363568305969
SB68945_component_1766a,239.935029,-8.958194,1.871999979019165,10.758621215820312,239.9351806640625,-8.958318710327148,2.323157787322998,1.023669719696045,0.8057997822761536
SB68945_component_1771a,243.700201,-9.86453,2.0280001163482666,10.40000057220459,243.70042419433594,-9.864567756652832,2.5958969593048096,0.9924605488777161,0.7812328934669495
SB68945_component_1777a,240.596169,-8.601722,1.7710000276565552,10.0625,240.5963592529297,-8.601680755615234,2.355929136276245,0.9549685120582581,0.7517204284667969
SB68945_component_1780a,244.454913,-8.899824,2.135999917984009,10.574256896972656,244.45506286621094,-8.900053024291992,3.031681537628174,0.8950563073158264,0.7045594453811646
SB68945_component_1781a,242.550852,-9.729469,2.0959999561309814,10.325122833251953,242.5508270263672,-9.729231834411621,1.5690250396728516,1.6970479488372803,1.335861325263977
SB68945_component_1792a,243.219346,-8.077057,2.062999963760376,11.78857135772705,243.2195281982422,-8.077054023742676,1.9380537271499634,1.352278470993042,1.0644699335098267
SB68945_component_1826a,241.1285,-7.76826,1.8229999542236328,10.241572380065918,241.12850952148438,-7.768232345581055,2.320604085922241,0.9979719519615173,0.785571277141571
SB68945_component_1850a,243.899866,-9.032903,1.940999984741211,10.109375,243.89996337890625,-9.032902717590332,2.085777521133423,1.1821980476379395,0.9305882453918457
SB68945_component_1864a,242.389753,-10.111017,1.9670000076293945,11.502923965454102,242.3899688720703,-10.111133575439453,2.4185473918914795,1.0331953763961792,0.8132981061935425
SB68945_component_1874a,240.743589,-9.697542,1.6770000457763672,10.481250762939453,240.74363708496094,-9.697456359863281,2.2888078689575195,0.930800199508667,0.7326958775520325
SB68945_component_1875a,240.409587,-9.879429,1.8589999675750732,11.335365295410156,240.40965270996094,-9.87932014465332,2.836859703063965,0.8324808478355408,0.6553020477294922
SB68945_component_1890a,241.3503,-11.429397,1.875,10.190217018127441,241.35023498535156,-11.42951488494873,2.1389503479003906,1.1136103868484497,0.8765981793403625
SB68945_component_1893a,243.402835,-8.143296,1.9229999780654907,10.624309539794922,243.40284729003906,-8.143270492553711,2.768575668334961,0.8823798894882202,0.6945809721946716
SB68945_component_1914a,240.319359,-10.808705,1.7890000343322754,10.164772987365723,240.31924438476562,-10.808603286743164,1.707560658454895,1.3309659957885742,1.0476933717727661
SB68945_component_1992a,241.010302,-11.166023,1.690000057220459,10.11976146697998,241.01022338867188,-11.16611385345459,2.470503568649292,0.8690283298492432,0.6840710639953613
SB68945_component_2011a,242.642118,-7.429406,1.7419999837875366,10.307692527770996,242.6425018310547,-7.429413318634033,2.4542124271392822,0.9017137885093689,0.7098000049591064
SB68945_component_2017a,240.234255,-10.636535,1.7929999828338623,10.672618865966797,240.23422241210938,-10.63675308227539,3.384009838104248,0.6731027960777283,0.5298447608947754
