Component_ID,RA,DEC,RA_comp,DEC_comp
SB67051_component_10a,211.282429,40.949363,211.282481,40.949398
SB67051_component_34a,209.908667,40.194027,209.908726,40.193959
