Component_ID,RA,DEC,ASKAP_flux,ASKAP_flux_SNR,RA_comp,DEC_comp,Comp_flux,Flux_Ratio_AlphaCorr,Flux_Ratio_NOAlphaCorr
SB71852_component_7a,72.351448,-61.107466,470.2359924316406,1794.7939453125,72.3513875811128,-61.107471936784734,388.00123250866085,1.1441082760329835,1.2119445842769176
SB71852_component_9a,67.294071,-61.042775,427.635009765625,1651.100341796875,67.29409754295673,-61.042767862586295,453.4180492900232,0.890346003438212,0.9431362744276058
SB71852_component_12a,76.00718,-60.83132,376.8009948730469,1596.6143798828125,76.00691947500208,-60.83139933527985,216.39604590347804,1.6437928411847733,1.7412563769354472
SB71852_component_14a,67.752147,-61.197089,324.4289855957031,1501.9859619140625,67.75216518168298,-61.19708576622074,345.0231936479836,0.8876785437764841,0.9403106561198546
SB71852_component_17a,68.391996,-60.503913,314.6579895019531,1565.462646484375,68.39192293704531,-60.503949307246664,388.3158199417403,0.7649587984911201,0.8103146288223895
SB71852_component_19a,75.511682,-58.287805,273.79901123046875,1104.0283203125,75.5117043051294,-58.28781988857449,286.3276233716907,0.9027198488637257,0.9562437881693371
SB71852_component_23a,72.726753,-60.238266,200.45899963378906,923.7742309570312,72.72673252642826,-60.238274913755035,208.79459161458803,0.9063390215967093,0.9600775483869546
SB71852_component_26a,72.272989,-58.963146,167.63299560546875,833.9949951171875,72.27302718046096,-58.963094337514605,174.55444307759743,0.9065942557169121,0.960347915812995
SB71852_component_27a,69.545389,-60.585443,164.61700439453125,810.9212036132812,69.54535999789184,-60.58544700851681,168.7732885783304,0.9207788739065688,0.9753735664049104
SB71852_component_28a,77.524383,-62.82983,162.51699829101562,224.4709930419922,77.5242414293578,-62.8299199027827,168.98441574940173,0.907896835886545,0.9617277283842726
SB71852_component_29a,69.090785,-60.943855,154.58999633789062,743.2211303710938,69.09073749848427,-60.94391051110642,180.24647801783098,0.8096530649681869,0.8576589015103958
SB71852_component_31a,68.368466,-59.00898,145.23399353027344,675.5069580078125,68.36837150703369,-59.009013816287194,157.61695817288575,0.869860684652215,0.9214363429788451
SB71852_component_37a,69.086092,-62.423774,132.5659942626953,646.6633911132812,69.08609736893266,-62.42377752566682,139.12440785700596,0.8995248578816223,0.9528593602277792
SB71852_component_41a,68.494281,-58.469252,122.74099731445312,604.635498046875,68.49433915310675,-58.469229708038895,125.0167902369754,0.9268419200195552,0.9817961018019388
SB71852_component_43a,75.954334,-58.742571,119.85099792480469,568.0142211914062,75.95435038868902,-58.74261169483571,125.80732576424778,0.8993320863979843,0.9526551589642344
SB71852_component_45a,74.359866,-62.357311,117.177001953125,588.8291625976562,74.35989563035696,-62.35733852977795,114.02756279651823,0.9701008944799461,1.0276199813393094
SB71852_component_47a,66.458436,-62.666309,109.94499969482422,314.1285705566406,66.45833114074745,-62.66631867216368,110.22975524235198,0.9415881931331566,0.9974167088831714
SB71852_component_48a,71.944272,-59.67562,103.7979965209961,518.989990234375,71.94427308317258,-59.67561388101825,93.03901463822359,1.05319365390735,1.1156394650632118
SB71852_component_50a,75.307072,-62.517,110.37000274658203,419.65777587890625,75.306897381961,-62.51708663240967,114.7161771633638,0.9082611794910168,0.9621136745988972
SB71852_component_52a,68.199565,-58.183498,94.12799835205078,441.9154968261719,68.19966235952808,-58.183453510525666,95.36952554073814,0.9317374809920499,0.9869819296924464
SB71852_component_55a,66.792845,-58.738126,96.60600280761719,375.8988342285156,66.79308117337013,-58.7380787274909,101.71460654098729,0.8966132537918098,0.9497751217145837
SB71852_component_56a,69.214783,-59.52697,89.26799774169922,453.1370544433594,69.21473014187771,-59.526965762390034,110.28935883244306,0.7640935727991638,0.8093981022894465
SB71852_component_60a,70.102445,-61.548942,79.52400207519531,451.8409118652344,70.10250161643015,-61.548928783784696,83.136353926596,0.903008043614886,0.956549070523466
SB71852_component_61a,69.453521,-60.234139,78.5510025024414,446.3125305175781,69.4534953715908,-60.234130877624985,82.80113105139156,0.8955705992281758,0.9486706462220635
SB71852_component_62a,71.851453,-58.901901,78.1240005493164,422.2919006347656,71.85149918555462,-58.901874516656534,81.15406233672846,0.9087796113135119,0.9626628452086653
SB71852_component_63a,66.934355,-62.61663,79.5459976196289,250.93374633789062,66.9343184279962,-62.61663078425801,78.00060257344212,0.9627305202830678,1.0198126039440747
SB71852_component_64a,72.550623,-60.962227,74.91999816894531,423.2768249511719,72.5505674592106,-60.9622628258337,78.55516770261109,0.9003416948179693,0.9537246289457677
SB71852_component_65a,68.68681,-60.802899,76.36000061035156,443.9534912109375,68.68672464545918,-60.80294718691856,79.85709001207435,0.9026862090853017,0.9562081538258653
SB71852_component_66a,68.20438,-59.423185,73.06900024414062,382.5602111816406,68.2043561542036,-59.42319396932625,78.30202835327734,0.8809363239174974,0.9331686775018557
SB71852_component_67a,77.991322,-61.143574,72.7979965209961,235.5922393798828,77.99140891835786,-61.143705854290545,77.6120249151795,0.8854718877151722,0.9379731633152909
SB71852_component_68a,76.81255,-62.839634,73.29000091552734,152.37005615234375,76.81235639947279,-62.839747398666795,76.87770145397155,0.8999713867695556,0.9533323646442233
SB71852_component_69a,74.134653,-59.499108,72.86499786376953,396.00543212890625,74.13468305746254,-59.499090648683335,76.11112812383566,0.9037642586025985,0.9573501229047013
SB71852_component_72a,72.99214,-58.19224,67.39299774169922,370.29119873046875,72.99214621978389,-58.1922162653798,69.846259139308,0.9108691404540619,0.964876266419426
SB71852_component_75a,69.621563,-59.113396,68.13600158691406,387.1363830566406,69.6215218467836,-59.11340563765325,70.89993787605489,0.9072253031789335,0.9610163792530727
SB71852_component_78a,77.158451,-60.499233,70.21900177001953,249.8896942138672,77.15925213937548,-60.49941951070397,74.35846452023118,0.8914738388718971,0.9443309813224371
SB71852_component_80a,71.455457,-61.635442,64.98600006103516,375.6416320800781,71.45548850619046,-61.635434654045504,66.99838700107739,0.9156717682154161,0.9699636509158068
SB71852_component_81a,68.12718,-62.583633,70.58399963378906,288.09796142578125,68.12710174019763,-62.58361922567049,73.90089280343265,0.9016561382239626,0.9551170081467605
SB71852_component_82a,66.269523,-57.915589,62.83700180053711,299.22381591796875,66.26979519035889,-57.91537521346368,83.25415683072765,0.7125148053599237,0.7547611337689396
SB71852_component_84a,75.42879,-59.980533,65.65599822998047,383.95318603515625,75.42876443416162,-59.980480719807396,67.62466865420626,0.9165446428600329,0.9708882799220439
SB71852_component_89a,76.147672,-60.681393,59.58399963378906,292.07843017578125,76.14788045477087,-60.68152111542762,64.14122313923062,0.8769539319640113,0.9289501621204004
SB71852_component_91a,69.883896,-59.055969,58.99100112915039,331.4101257324219,69.88385024358803,-59.055958818169046,59.38440767788766,0.9377729521398674,0.9933752551533194
SB71852_component_95a,70.077113,-61.009514,59.17599868774414,336.2272644042969,70.07719462663428,-61.00954610216922,63.98031135291531,0.8731394516168209,0.9249095141367696
SB71852_component_97a,71.256274,-60.250009,54.784000396728516,322.2588195800781,71.25625297775218,-60.250004122730324,55.120388864056316,0.938265686251688,0.9938972043873378
SB71852_component_103a,72.212086,-58.992958,52.06999969482422,287.6795654296875,72.21212444647983,-58.99291230756646,53.57539570155315,0.9175010132886754,0.9719013553326814
SB71852_component_104a,71.25263,-58.656332,54.19599914550781,292.95135498046875,71.25268499453915,-58.65632511702324,56.76077567509793,0.9013703544978202,0.9548142797718083
SB71852_component_105a,66.223967,-58.314177,50.03499984741211,75.92564392089844,66.22442218987747,-58.314031559307146,54.97077450543061,0.8592635940202533,0.9102109311279416
SB71852_component_106a,74.842321,-63.031512,48.98699951171875,84.89947509765625,74.8420822390268,-63.031568005118274,48.66282190283381,0.9503157228108533,1.006661710032604
SB71852_component_107a,76.264597,-58.783163,50.987998962402344,251.1724090576172,76.26462996870222,-58.78321491223298,53.667316418598496,0.8968967570934401,0.9500754344544117
SB71852_component_108a,78.358624,-60.758904,46.74399948120117,53.23917770385742,78.35969156229834,-60.75936172324611,52.669828779591654,0.8378153764940343,0.8874910088812249
SB71852_component_109a,76.575534,-62.950732,52.90999984741211,92.33856964111328,76.57528225010115,-62.950875071300175,55.16796165084628,0.905388944597748,0.9590711395551528
SB71852_component_110a,70.523305,-58.165836,49.25400161743164,233.43128967285156,70.5233073914863,-58.165791229416534,48.670688160880125,0.9553409597216745,1.0119849025890775
SB71852_component_111a,77.685444,-58.926893,48.928001403808594,86.9058609008789,77.68570258156245,-58.926908027235875,54.10526729698061,0.8536941277230033,0.9043112408122058
SB71852_component_113a,70.462404,-57.688844,49.91600036621094,111.41963958740234,70.46223682994251,-57.688753720211466,54.06659252673326,0.8715556937351633,0.9232318523038037
SB71852_component_114a,77.126143,-58.687495,48.375,175.27174377441406,77.12624501346967,-58.687522924844146,51.647956963847165,0.8842034314581916,0.9366294979269327
SB71852_component_115a,76.4446,-62.262303,48.84600067138672,233.71292114257812,76.44448878396396,-62.26235223166157,75.78384371470385,0.6084666046704013,0.6445437216839062
SB71852_component_116a,76.532068,-58.746578,47.474998474121094,217.7752227783203,76.53215072601517,-58.7466428732104,37.89542761853453,1.182667090748917,1.2527896228541628
SB71852_component_118a,74.726982,-59.454788,47.76900100708008,265.3833312988281,74.72697914724732,-59.45480792527817,48.24999178349208,0.9346161473626422,0.9900312775477702
SB71852_component_120a,72.460639,-60.780976,45.13399887084961,296.9342041015625,72.46055579190147,-60.78099692082062,42.6030269887846,1.0001098882463715,1.0594082641764233
SB71852_component_122a,65.678279,-58.409221,46.516998291015625,45.25,65.67860588479891,-58.40913354271818,41.409479798952596,1.060464835940713,1.1233417690070142
SB71852_component_125a,69.663956,-62.920812,43.983001708984375,93.58085632324219,69.66379937941191,-62.92078739232197,47.01147908472164,0.8832127195029793,0.9355800448167244
SB71852_component_126a,71.540689,-62.109246,43.55799865722656,248.90284729003906,71.54072536098867,-62.109198672252525,44.36500690706829,0.9268548535891743,0.9818098022269629
SB71852_component_127a,70.238429,-59.948716,42.05500030517578,264.4968566894531,70.2383974419836,-59.9486972065714,43.03205917699132,0.9225924085800044,0.9772946289231272
SB71852_component_129a,66.399922,-59.111812,41.14099884033203,179.65501403808594,66.40010396362055,-59.11186327183513,34.917151844511196,1.1122960238977706,1.178246124527456
SB71852_component_130a,73.851364,-58.746464,44.73099899291992,258.5606994628906,73.85138973583122,-58.74639353595878,46.51381725085713,0.907843482545771,0.9616712116246628
SB71852_component_131a,77.398062,-60.625209,41.040000915527344,121.06195068359375,77.39907885583408,-60.62543231181265,43.93156577329409,0.881891271657017,0.9341802458694854
SB71852_component_136a,77.24062,-61.612787,40.505001068115234,184.1136474609375,77.2401664890375,-61.612797662412845,42.132246630824746,0.9075663706936317,0.9613776692952569
SB71852_component_137a,69.169356,-57.892004,38.12300109863281,123.7759780883789,69.1693213537648,-57.89193226783371,37.64103861632526,0.9561143758273212,1.0128041759745312
SB71852_component_140a,65.703985,-59.062707,39.83300018310547,86.21861267089844,65.70428030919894,-59.06269943663245,37.47485386673776,1.0034308177016271,1.062926097717509
SB71852_component_143a,67.044166,-62.588623,39.04100036621094,134.16151428222656,67.0441062491523,-62.5885699327147,44.03284091679637,0.8370060474824886,0.8866336932468674
SB71852_component_145a,68.604423,-57.55547,36.452999114990234,57.04694747924805,68.60444199482535,-57.55541931762628,38.29003895293069,0.8987353448899622,0.952023035541993
SB71852_component_146a,67.400284,-58.377123,39.75199890136719,169.15744018554688,67.40057690924542,-58.377048625820066,41.29223557207661,0.9088138569104055,0.9626991212907108
SB71852_component_147a,70.381018,-62.734466,37.729000091552734,150.3147430419922,70.38090846524064,-62.73438515999493,40.227788410058,0.8853877382952585,0.9378840245197149
SB71852_component_148a,66.939313,-60.917435,39.165000915527344,212.853271484375,66.93932463545104,-60.91742217371689,39.52536682026248,0.9354198825321307,0.990882667670768
SB71852_component_150a,66.621855,-59.61162,37.31999969482422,131.408447265625,66.62198317482647,-59.61153524400613,39.8639189719472,0.8837837356006755,0.9361849175212007
SB71852_component_153a,78.545497,-57.963209,36.0369987487793,37.49947738647461,78.5453936766173,-57.96323035115873,36.145683180590105,0.941188347790666,0.9969931559664317
SB71852_component_158a,74.357485,-61.268769,34.87200164794922,191.6044158935547,74.35728423681736,-61.268801810726885,38.579482161051196,0.8533060943070593,0.903900200173113
SB71852_component_160a,75.767768,-59.500182,36.00600051879883,209.3372039794922,75.76771621194104,-59.500192274299444,37.88015033363521,0.8973204269386759,0.9505242244729887
SB71852_component_163a,72.578258,-61.36088,34.14400100708008,187.60440063476562,72.57826651647858,-61.36091047266448,33.67211833261813,0.9572565273246532,1.0140140477590576
SB71852_component_166a,72.426135,-59.255677,33.79800033569336,193.13143920898438,72.42611717121193,-59.25563768833675,34.53546113739129,0.9238683971316374,0.9786462732099012
SB71852_component_168a,66.06988,-61.048048,34.332000732421875,110.39228820800781,66.07000224323562,-61.04797768908521,36.38419730319042,0.8907804558279847,0.9435964863078458
SB71852_component_169a,66.157037,-61.465089,32.63800048828125,88.21080780029297,66.15729257709907,-61.46504011539028,36.96281553624997,0.8335715131688886,0.8829955190040296
SB71852_component_170a,71.42286,-62.949367,33.40999984741211,68.74485778808594,71.42256333856503,-62.9492977111664,34.08366839408228,0.9253680638624497,0.9802348579712407
SB71852_component_171a,65.486123,-62.352258,33.54800033569336,73.24890899658203,65.48619618961779,-62.35217022722421,34.278829192495536,0.9239001199546325,0.9786798769380907
SB71852_component_176a,77.667205,-61.443596,33.5890007019043,150.62332153320312,77.66674764169713,-61.44364681934298,34.39464854092196,0.9219143441254603,0.9765763607655672
SB71852_component_177a,69.385844,-60.235538,30.018999099731445,173.52023315429688,69.38583551997452,-60.23552893769497,30.531936834444206,0.9281672006922814,0.9831999608313713
SB71852_component_179a,73.135909,-58.595225,30.19700050354004,173.54598999023438,73.13594683067814,-58.595232494704014,31.48250280533541,0.9054801211692951,0.9591677221552565
SB71852_component_184a,69.333589,-61.948078,32.042999267578125,179.01116943359375,69.33369042481212,-61.94808679986517,30.17212790295641,1.0025627964739774,1.0620066098963605
SB71852_component_186a,76.087732,-58.60035,30.67799949645996,147.49037170410156,76.08777486931997,-58.60041376580812,31.561404449879475,0.917603539600856,0.9720099606206565
SB71852_component_187a,73.74272,-59.339425,29.18899917602539,172.71597290039062,73.74268175665509,-59.33940158057528,26.820218054959312,1.0274040293291775,1.088320725663454
SB71852_component_188a,78.237556,-59.321749,30.136999130249023,44.3843879699707,78.23744427300261,-59.32163493204766,30.471817001007125,0.9336541219107214,0.9890122118170034
SB71852_component_190a,73.63656,-60.322043,31.541000366210938,183.37789916992188,73.63655700767755,-60.322015436673084,33.99848774163951,0.8757904966504084,0.9277177445625391
SB71852_component_195a,76.235493,-59.659027,28.226999282836914,155.9502716064453,76.23521583014666,-59.65902649346941,27.625530750021962,0.9645804300194704,1.021772198270416
SB71852_component_198a,69.869855,-59.170908,30.652999877929688,184.65663146972656,69.86974626874826,-59.17085168714109,32.55367259741248,0.8889091096949258,0.941614184581009
SB71852_component_201a,67.676077,-59.337607,27.440000534057617,151.6022186279297,67.67594848638818,-59.33768321394169,29.463179714010426,0.8792024011337147,0.9313319472103434
SB71852_component_205a,77.226975,-62.640307,27.8799991607666,71.4871826171875,77.22695918940884,-62.640292788181355,27.435862366866303,0.9593089705937072,1.0161881842080047
SB71852_component_208a,74.998891,-57.874636,26.00200080871582,93.53237915039062,74.99879345807928,-57.87457348684303,38.21857874269299,0.6422684660035256,0.6803497582621945
SB71852_component_209a,66.95631,-59.546252,27.055999755859375,123.54338073730469,66.95637732719392,-59.54617283945851,28.12002114811063,0.9083062617516738,0.9621614298706619
SB71852_component_211a,76.811147,-57.670586,27.263999938964844,70.81558227539062,76.811057452799,-57.67058511961019,28.80425297512572,0.8935468341254538,0.9465268883212843
SB71852_component_213a,69.744985,-62.43164,25.141000747680664,125.70500183105469,69.74498553590371,-62.43161713746707,26.341032669125585,0.9010193727264708,0.954442487638251
SB71852_component_214a,67.597687,-61.869575,26.344999313354492,133.73095703125,67.59778076478908,-61.869551861123604,28.435074198986534,0.8746376949562289,0.92649659111118
SB71852_component_215a,73.071259,-58.482658,25.225000381469727,149.26036071777344,73.07131494753902,-58.48265970170217,26.311532131215873,0.9050434055586147,0.9587051128635307
SB71852_component_219a,70.289397,-63.239234,27.224000930786133,45.222591400146484,70.2890483579221,-63.239247817907085,29.42886712142125,0.8732986156063979,0.9250781152554053
SB71852_component_220a,70.679699,-62.523958,27.238000869750977,138.2639617919922,70.67973084930338,-62.52391843159307,26.955587530456846,0.9539174468292118,1.010476986968844
SB71852_component_222a,73.855397,-62.864681,25.325000762939453,61.1714973449707,73.85491574958453,-62.86469421961537,25.71605049540034,0.9296715955210714,0.9847935540284138
SB71852_component_225a,70.252307,-57.838258,25.44700050354004,87.14726257324219,70.25226530904693,-57.838198769116325,25.303351776584343,0.9493861897149075,1.0056770631900485
SB71852_component_226a,71.307535,-59.759984,23.961999893188477,146.10975646972656,71.3073928210555,-59.76000753055646,21.22119411236727,1.0659519018320167,1.1291541732434331
SB71852_component_228a,76.313465,-57.988086,24.635000228881836,101.79752349853516,76.31347507854912,-57.98811864152238,24.871667157542568,0.9350439795367139,0.9904844766874037
SB71852_component_229a,77.838726,-59.332486,24.775999069213867,60.5770149230957,77.83879406404182,-59.332367028169784,28.184583271770617,0.8298582635698123,0.8790621039279033
SB71852_component_230a,78.144666,-60.70882,21.483999252319336,28.64533233642578,78.14583128577614,-60.70933786477549,26.13995118390205,0.7758802931031163,0.8218836791688418
SB71852_component_235a,75.199742,-57.611019,24.343000411987305,52.57667541503906,75.19975862527293,-57.61089518432744,27.71714231630528,0.8291059264190801,0.8782651593078173
SB71852_component_236a,73.200868,-58.823004,23.28700065612793,125.87567901611328,73.2008803258265,-58.82298945060359,24.3136504110257,0.904165126234538,0.9577747587243334
SB71852_component_237a,76.585651,-57.685621,25.801000595092773,69.35752868652344,76.58563569051496,-57.6855871817901,21.800594316907596,1.1172557032803843,1.183499872527908
SB71852_component_239a,72.072474,-58.560383,23.01300048828125,134.57894897460938,72.07253183310027,-58.56035271491996,24.397967397455453,0.8904385727322085,0.9432343323272641
SB71852_component_243a,72.366455,-62.377501,23.533000946044922,133.71023559570312,72.36636885927422,-62.37742761767514,24.431957788214728,0.9092920786032213,0.9632056976374019
SB71852_component_249a,72.203996,-59.943882,22.479000091552734,130.69186401367188,72.20401874970415,-59.94383085933807,20.626001451562566,1.0288363735125168,1.0898379961982303
SB71852_component_250a,65.732941,-58.406758,21.336000442504883,22.482614517211914,65.7330363592266,-58.406801066071786,21.189689640272366,0.9505452166661638,1.0069048110055583
SB71852_component_251a,77.028323,-62.070236,22.67799949645996,100.34513092041016,77.02811524040683,-62.07020367903519,24.05922652447969,0.8898308223215691,0.9425905472640875
SB71852_component_255a,69.254408,-60.983582,22.68199920654297,136.6385498046875,69.25433462111482,-60.9836437104789,24.42794856519913,0.8765540462563326,0.9285265664451455
SB71852_component_256a,70.605607,-60.534135,22.975000381469727,150.1634063720703,70.60562622909015,-60.53417689863872,22.96769045680222,0.9443273447593472,1.0003182699053375
SB71852_component_258a,76.705229,-58.408246,22.29400062561035,117.95767974853516,76.70535146375207,-58.40831095065057,23.418650648450768,0.8986912345654553,0.9519763098342809
SB71852_component_260a,76.489316,-60.629722,21.14699935913086,110.71727752685547,76.48955691382398,-60.629819008477455,21.60795888043594,0.9238880977066116,0.9786671418686177
SB71852_component_262a,76.39985,-58.063412,21.843000411987305,99.73973083496094,76.39985447974836,-58.063466147023554,21.488490270097305,0.9596011388021005,1.0164976756130386
SB71852_component_264a,76.026337,-60.141996,21.584999084472656,119.91665649414062,76.02604812098468,-60.1420242194205,21.738089152371018,0.9373785984966957,0.9929575195489682
SB71852_component_265a,76.006855,-62.708496,22.64699935913086,75.99664306640625,76.00672085085938,-62.70857327882771,22.169377466406996,0.9643652101589455,1.0215442176239544
SB71852_component_267a,71.080068,-60.915893,20.503000259399414,128.1437530517578,71.08019677009356,-60.91602766213162,20.939204960408077,0.9243609580718638,0.9791680390046594
SB71852_component_268a,65.393566,-60.026457,21.785999298095703,33.059181213378906,65.39403153858015,-60.02631703444071,20.800824656089652,0.9887381625546338,1.0473622877118782
SB71852_component_269a,73.944047,-61.482782,23.663000106811523,128.60325622558594,73.94391083294336,-61.48279194909918,23.15620853490779,0.9646876495900139,1.0218857750887738
SB71852_component_270a,67.934557,-58.232635,21.309999465942383,110.98957824707031,67.93475146319042,-58.232568800591615,22.163496524227597,0.9076732313958127,0.9614908659672796
SB71852_component_274a,73.887272,-58.933034,20.08799934387207,116.79068756103516,73.88724479373691,-58.93305536307525,21.5121475537262,0.8815303766263604,0.9337979527010334
SB71852_component_275a,77.628783,-58.739703,19.839000701904297,49.846736907958984,77.62874313260846,-58.73975738159425,21.043789054321493,0.8899799400805981,0.9427485064924758
SB71852_component_279a,65.500042,-59.188848,20.052000045776367,29.662721633911133,65.50037732173942,-59.18882430474062,17.090003379332696,1.1076432701334538,1.1733175003362302
SB71852_component_281a,67.942769,-59.362129,20.566999435424805,110.57526397705078,67.9427698995095,-59.36219684823857,21.51311628458506,0.9025099034790306,0.9560213947321903
SB71852_component_283a,68.40886,-59.250871,19.524999618530273,110.31072998046875,68.40871361544826,-59.25090989964207,18.309542818257803,1.006694969862634,1.0663837875329387
SB71852_component_288a,78.368867,-59.302149,21.601999282836914,25.96394157409668,78.36898561685558,-59.30209595024698,16.28751776094806,1.252055008463114,1.3262916793024888
SB71852_component_289a,76.992353,-62.633758,19.195999145507812,47.164615631103516,76.99221026491257,-62.63375021071704,19.031560167412575,0.9521835941486206,1.0086403309370717
SB71852_component_290a,76.634556,-60.591463,19.049999237060547,96.21212005615234,76.63493741172687,-60.59160647933771,19.38309005907141,0.9278041565214948,0.9828153910962729
SB71852_component_291a,65.088264,-60.317605,18.909000396728516,22.591398239135742,65.08830048429013,-60.317571387174375,16.490434133503367,1.0824824065802467,1.1466648023723878
SB71852_component_292a,68.144097,-60.553549,19.163999557495117,112.72940826416016,68.14405227623243,-60.5535385663765,21.01161081999796,0.8610158947789963,0.912067129058741
SB71852_component_297a,68.441726,-59.446914,20.416000366210938,99.59024810791016,68.44172833938335,-59.44693109071326,19.91892327281087,0.9675850976457124,1.0249550182302563
SB71852_component_298a,74.828588,-59.709005,17.954999923706055,106.875,74.8286675971255,-59.70892613150494,18.75299066930791,0.9038559782939234,0.957447280827165
SB71852_component_299a,78.141238,-59.578151,18.490999221801758,50.24728012084961,78.1410823867596,-59.57808885420163,22.60063227367625,0.7723677933463523,0.8181629167666638
SB71852_component_301a,72.173984,-61.179267,19.316999435424805,120.73124694824219,72.17397248294266,-61.179272201266755,20.222027580990044,0.9017773720630022,0.9552454301656663
SB71852_component_305a,66.084622,-60.547627,17.94099998474121,80.45291137695312,66.08478020744701,-60.54747682473283,19.09980066068124,0.8867519985890318,0.9393291743444458
SB71852_component_306a,75.836548,-62.787386,18.863000869750977,51.258155822753906,75.8362434316966,-62.787513617496,20.855238544129243,0.8538468643425577,0.9044730334700927
SB71852_component_310a,67.846633,-60.353069,17.83799934387207,101.3522720336914,67.84659902927258,-60.35302445549532,25.633329125401914,0.6569396800362024,0.6958908558699506
SB71852_component_312a,69.453035,-59.987003,18.017000198364258,116.23870849609375,69.45299379354165,-59.98698797423496,18.993799797739307,0.8954781473371487,0.9485727126864152
SB71852_component_317a,75.061433,-59.87687,18.415000915527344,113.67284393310547,75.06153964559051,-59.87676872730921,19.128739096645816,0.9088030290416402,0.9626876514174619
SB71852_component_318a,74.193877,-58.903241,17.89900016784668,107.17964172363281,74.1938000641185,-58.90323891545768,17.541126914657713,0.9632868819786519,1.0204019533596738
SB71852_component_319a,76.1042,-57.618492,17.70400047302246,34.11175537109375,76.1040911742498,-57.61837100083196,18.748655489723326,0.8914267215498419,0.9442810703266978
SB71852_component_322a,72.540144,-63.170128,16.895999908447266,21.971391677856445,72.53998192050754,-63.16989285246002,13.118282916610063,1.2158815554174165,1.2879734349267575
SB71852_component_323a,76.794914,-58.6969,19.39900016784668,85.4581527709961,76.79504233692957,-58.69698763455815,20.65091295179274,0.8867974906910141,0.9393773637577907
SB71852_component_328a,75.947727,-58.485326,17.51799964904785,88.0301513671875,75.94778214993258,-58.485372816003306,18.227011349091395,0.9073052296207261,0.9611010446822985
SB71852_component_329a,77.878057,-61.709027,16.790000915527344,54.33657455444336,77.87745218094746,-61.708993602064396,16.3193642875178,0.9712518244114493,1.0288391520477007
SB71852_component_333a,65.375602,-61.053783,18.201000213623047,30.693086624145508,65.37584283140816,-61.053614744899185,15.80559380104769,1.0870982661018167,1.1515543447925742
SB71852_component_335a,73.440465,-61.894964,18.733999252319336,109.55554962158203,73.4405866905268,-61.89500113105851,19.27186202327534,0.9176798287071879,0.972090773050035
SB71852_component_337a,78.262231,-58.644035,17.990999221801758,20.514253616333008,78.26208959041932,-58.644049032904505,19.811941947072913,0.857260084756893,0.9080886300729248
SB71852_component_338a,70.336238,-61.866707,16.940000534057617,105.21739196777344,70.33631721088608,-61.86672280262462,16.370982321811304,0.9768391228102722,1.0347577317634875
SB71852_component_339a,70.174705,-62.709127,16.52400016784668,63.55384826660156,70.17445900912277,-62.70897654301723,18.405702155866653,0.847514555379283,0.8977652701274318
SB71852_component_343a,74.747021,-57.407088,17.239999771118164,19.284116744995117,74.74686670083064,-57.407052972909334,17.952871776222675,0.9065415026761114,0.9602920349462608
SB71852_component_351a,67.714175,-59.133291,16.297000885009766,88.0918960571289,67.71398549108756,-59.133342079518066,17.786982314399683,0.8649475655993032,0.9162319159566666
SB71852_component_353a,65.963761,-58.324545,17.111000061035156,19.873403549194336,65.96406207650706,-58.324338521554765,19.473337715345078,0.8295056758346614,0.878688610609963
SB71852_component_357a,72.310174,-63.055899,15.95300006866455,29.058286666870117,72.30976888540602,-63.05583553984446,17.82585842848619,0.8448435227962097,0.8949358670531815
SB71852_component_360a,69.697661,-58.694615,15.631999969482422,91.95294189453125,69.69770220410761,-58.69456865458826,15.83794337901006,0.9317515508998966,0.9869968338313058
SB71852_component_362a,65.632049,-60.051646,15.652000427246094,24.30434799194336,65.63230812207489,-60.05140825097193,15.688088398132273,0.941855304572731,0.9976996578569461
SB71852_component_367a,67.077747,-62.166777,15.248000144958496,73.30769348144531,67.07778176890702,-62.16673135651965,15.207770091360507,0.9465241820531807,1.0026453617694315
SB71852_component_368a,71.749175,-62.528202,15.204000473022461,75.26732635498047,71.74907882748536,-62.52817843538849,15.947402360218407,0.9000202634222866,0.9533841392846274
SB71852_component_369a,72.606307,-62.467698,15.508000373840332,86.63687133789062,72.60625196280728,-62.467712663395616,15.076317531741632,0.9710573767813161,1.0286331752558167
SB71852_component_370a,66.904285,-58.097545,15.505999565124512,40.69816207885742,66.90467988944143,-58.09723044204228,17.333317383307907,0.8445054234548002,0.8945777211728025
SB71852_component_372a,70.986621,-60.626248,14.156999588012695,91.9285659790039,70.98665820217356,-60.62628687148405,14.665596123277771,0.9112884448826644,0.9653204321876959
SB71852_component_380a,69.208986,-62.894005,14.821000099182129,34.70960235595703,69.20889329924529,-62.893986979020106,14.861159638753673,0.9414758310717373,0.9972976846660863
SB71852_component_382a,70.216308,-62.958542,15.144000053405762,37.11764907836914,70.21626372034089,-62.95853905019641,15.04817099793466,0.9500385970901735,1.0063681530123663
SB71852_component_383a,70.904289,-62.6903,14.192000389099121,56.54183578491211,70.9040320790954,-62.69016601232553,14.990869934787266,0.8937193131631059,0.9467095939619676
SB71852_component_384a,72.910865,-59.195214,14.60099983215332,85.88823699951172,72.91089971071841,-59.19518425872261,14.975661778980545,0.9204091717121416,0.9749819438795626
SB71852_component_388a,78.358773,-62.397475,14.741999626159668,11.644549369812012,78.35884135615176,-62.39738539738506,15.304401329313507,0.9093360629611943,0.96325228990979
SB71852_component_389a,74.831167,-59.407794,14.387999534606934,86.67469787597656,74.83111484277764,-59.40777027678495,14.019455365250217,0.968843517214193,1.0262880518361805
SB71852_component_391a,78.35615,-60.082973,13.315999984741211,25.363811492919922,78.3561744551307,-60.08308840949562,13.832816736831724,0.908756494367197,0.9626383576155955
SB71852_component_392a,69.506561,-59.391649,14.258999824523926,85.89759063720703,69.50642312802142,-59.39162652640715,14.589146284483625,0.9226639440011836,0.9773704058125163
SB71852_component_393a,76.817237,-59.91102,14.98900032043457,85.1647720336914,76.81678005762166,-59.91105030874455,12.808555497929344,1.1047318606818801,1.170233468001737
SB71852_component_396a,74.600494,-62.02832,14.92199993133545,87.26315307617188,74.60051395491413,-62.0283390475044,11.817185827100326,1.1920578541346882,1.262737182072136
SB71852_component_398a,67.196065,-62.237216,13.57800006866455,64.65714263916016,67.1961079017762,-62.237118307974434,13.644306633913962,0.9394392484099157,0.9951403492292822
SB71852_component_399a,77.732855,-62.53011,13.586000442504883,24.74681282043457,77.73278376428243,-62.530081344153196,13.373081435774143,0.9590571775746255,1.0159214619123729
SB71852_component_400a,69.02119,-57.50148,13.258999824523926,17.108386993408203,69.02097328314112,-57.501359102719945,15.695129173006098,0.7974991618781241,0.8447843708943761
SB71852_component_401a,68.24388,-58.413162,13.508000373840332,77.1885757446289,68.2439394161659,-58.41316366899719,14.15717469553878,0.9007387313721822,0.954145206535947
SB71852_component_403a,66.67442,-62.048251,13.449000358581543,70.046875,66.6745382026885,-62.048151072315456,12.927943268157689,0.9820756257080415,1.0403047166603252
SB71852_component_409a,73.538295,-60.44087,13.258000373840332,81.83950805664062,73.53817870122082,-60.44086288692011,14.005422085812361,0.8936473871358758,0.9466334033067683
SB71852_component_410a,69.524945,-58.562576,14.055000305175781,85.18181610107422,69.52494185013165,-58.56250284664391,12.593228517110484,1.0536057692221403,1.1160760154617364
SB71852_component_420a,67.648846,-60.738036,12.496000289916992,71.81609344482422,67.6486494913053,-60.73810211836866,12.75524573863768,0.9248399070847264,0.9796753857955561
SB71852_component_425a,73.756048,-61.919035,13.618000030517578,77.81714630126953,73.75611558818662,-61.91902509459771,14.52385912243828,0.8851475424284464,0.9376295869930866
SB71852_component_427a,72.017134,-62.094456,13.241999626159668,80.743896484375,72.01711629391491,-62.094529234392326,16.664178216877996,0.7501602271631301,0.794638622668339
SB71852_component_429a,76.074844,-58.882757,12.567000389099121,69.81666564941406,76.0749023446084,-58.88280269338347,11.676751007440515,1.0160006220038182,1.076241189102288
SB71852_component_433a,64.905974,-62.314487,12.539999961853027,15.616438865661621,64.90601464533182,-62.31435879787256,10.351146652887898,1.143650800647737,1.211459984324969
SB71852_component_435a,75.625769,-61.310388,12.008000373840332,66.71111297607422,75.62532596926167,-61.310492396960704,12.129721343171125,0.934553640619286,0.9899650646633098
SB71852_component_436a,73.773217,-59.087976,13.859000205993652,78.74431610107422,73.77323291453229,-59.088024328683815,15.233882044771052,0.8588269763645748,0.9097484255991518
SB71852_component_437a,68.010402,-57.647972,10.776000022888184,26.347187042236328,68.0105694634718,-57.647948119858356,10.758742602095257,0.9455411434338743,1.001604036961491
SB71852_component_441a,74.823951,-62.744562,13.196999549865723,43.98999786376953,74.82368242143525,-62.744666897789934,14.279934049683394,0.8724355722699776,0.9241639004739184
SB71852_component_442a,69.639308,-62.548876,12.164999961853027,54.79729461669922,69.63936482723334,-62.54889255787123,12.333263997184464,0.9311474299333968,0.9863568934087644
SB71852_component_443a,71.977644,-58.065836,12.918000221252441,63.32353210449219,71.97753859411114,-58.06574849450842,13.236877141795292,0.9212852424057965,0.9759099584345313
SB71852_component_444a,69.117981,-59.864791,12.17300033569336,79.04545593261719,69.11791599409709,-59.8647827707722,9.986792508751984,1.1506837286975022,1.2189099077632262
SB71852_component_445a,72.754547,-57.878642,13.168999671936035,39.66566467285156,72.7544442108235,-57.878602253439645,14.218164434847713,0.874366719692561,0.9262095492199929
SB71852_component_446a,72.225673,-61.902916,12.77299976348877,73.40805053710938,72.22570908694308,-61.903010258924795,13.485052278458898,0.8941793465962661,0.9471969036332498
SB71852_component_448a,73.800793,-59.577504,12.416999816894531,71.36206817626953,73.80077154782438,-59.57744455310327,12.443567630142168,0.9420113315863611,0.9978649360024949
SB71852_component_449a,77.897516,-58.152399,13.057999610900879,35.972450256347656,77.8974343233154,-58.15257243536472,11.48808989888611,1.0730332773422204,1.1366554166821925
SB71852_component_450a,67.486619,-62.418954,12.104999542236328,49.207313537597656,67.4866248576674,-62.41889791458743,11.553693855182097,0.9890728633984749,1.0477168335914455
SB71852_component_451a,78.176592,-58.534282,10.329000473022461,15.416418075561523,78.17650816398239,-58.53442549925887,10.167677507332183,0.9590050609135271,1.0158662551574775
SB71852_component_452a,65.67629,-58.787705,13.161999702453613,24.464683532714844,65.67651351019876,-58.78771363048174,11.431079043217045,1.0869736435689912,1.1514223331579234
SB71852_component_455a,70.651147,-63.133863,12.505000114440918,19.35758399963379,70.65067910036746,-63.13359190051768,14.942204999064332,0.7900478116084145,0.8368912162042998
SB71852_component_456a,73.759159,-61.283741,11.329000473022461,70.36646270751953,73.75904793847968,-61.28376059044921,12.419394187162489,0.861143540136101,0.9122023427465463
SB71852_component_458a,76.828511,-60.994292,11.78600025177002,45.15708923339844,76.8287332999091,-60.99425874100332,12.099999709779253,0.9195290432345142,0.9740496309470604
SB71852_component_460a,70.51174,-58.00006,11.282999992370605,46.24180221557617,70.51174094450508,-58.00003148429568,12.214860243393007,0.8720079619231832,0.9237109363141144
SB71852_component_462a,76.410654,-60.38488,12.026000022888184,64.3101577758789,76.4106730551529,-60.38496256316875,12.164560211520275,0.9332739693217668,0.9886095192737943
SB71852_component_474a,74.4372,-58.573633,11.253000259399414,66.1941146850586,74.43710285039084,-58.57367637520692,11.227796644248262,0.9461459953373573,1.002244751659629
SB71852_component_475a,70.51728,-58.410977,10.842000007629395,63.034881591796875,70.51736167184858,-58.41095597061086,10.488597410393762,0.9758349130694713,1.033693980558871
SB71852_component_476a,74.997307,-57.39484,12.086000442504883,13.399113655090332,74.99729058726557,-57.39466620934495,10.918564216166317,1.0449642624494544,1.1069221376753942
SB71852_component_477a,75.025587,-58.7125,10.864999771118164,59.048912048339844,75.02554291118456,-58.71242262404687,12.703946308260761,0.8073752587183266,0.8552460398902332
SB71852_component_479a,67.964665,-61.449695,11.645999908447266,65.06144714355469,67.96459448204722,-61.449647200931985,11.666899303520907,0.9423358153378373,0.9982086589992823
SB71852_component_481a,74.624444,-59.233328,11.986000061035156,69.28324127197266,74.62438204534084,-59.233341303650434,13.12950355608546,0.8618076308643067,0.9129058086495361
SB71852_component_489a,70.827011,-57.920136,10.864999771118164,39.65328598022461,70.8269797430712,-57.920147710667855,12.128490420156044,0.8456824866126906,0.8958245745951932
SB71852_component_490a,70.514346,-62.324267,10.609999656677246,63.154762268066406,70.51446073450909,-62.324247961928435,10.865437061674161,0.9218336009575534,0.9764908301850164
SB71852_component_491a,78.591577,-61.757064,10.782999992370605,18.623489379882812,78.59082131670678,-61.756903715083745,11.301445863974838,0.9007203205530488,0.954125704105095
SB71852_component_493a,69.200225,-59.454049,11.333999633789062,64.76571655273438,69.20014384977945,-59.45402110110225,11.900633892166274,0.8990781932977627,0.9523862120697448
SB71852_component_494a,72.009944,-57.765969,10.755000114440918,32.59090805053711,72.00972289639988,-57.765861164107186,11.386281660852369,0.8916878754680707,0.9445577085466026
SB71852_component_495a,77.281872,-60.625303,9.859999656677246,36.518516540527344,77.28294270000917,-60.6255048211999,10.153917172827256,0.9167008797739717,0.9710537804132814
SB71852_component_496a,65.136095,-60.845852,11.833999633789062,18.03963279724121,65.13638367921313,-60.84576393885097,11.961422219624453,0.933970363929101,0.9893472044130057
SB71852_component_498a,72.412287,-58.520113,11.772000312805176,67.2685775756836,72.41240798219901,-58.52015606883982,11.889364145797405,0.9347080887724762,0.990128670334846
SB71852_component_499a,77.093589,-58.968971,11.494000434875488,37.56209182739258,77.09378747906806,-58.96896190312634,11.76032717436533,0.9226482662039868,0.9773537984495559
SB71852_component_503a,76.917369,-58.642836,10.375,48.93867874145508,76.91748188426607,-58.64288762846334,11.225800583102014,0.8724793305502245,0.9242102532640114
SB71852_component_510a,76.124653,-59.807521,10.958999633789062,63.34682083129883,76.12441111934736,-59.807479315456156,12.00554028099205,0.8617346735921417,0.912828525604971
SB71852_component_511a,67.032764,-61.441982,10.32699966430664,50.3756103515625,67.03287737849618,-61.44199725117282,13.272759364284866,0.7345093135850106,0.7780597373064073
SB71852_component_513a,72.477026,-58.90244,10.638999938964844,58.4560432434082,72.47700583402988,-58.90237374562856,11.191968769063646,0.897384743118883,0.9505923540791773
SB71852_component_514a,74.019039,-59.655474,10.25,61.37724685668945,74.0190022666187,-59.65553434451648,9.582018485355762,1.0098368763582672,1.0697119835100628
SB71852_component_521a,73.799618,-59.056301,10.506999969482422,60.38505935668945,73.79952342597093,-59.056326484840646,9.179705674655795,1.08052380433209,1.1445900709530532
SB71852_component_523a,70.956684,-59.9984,9.993000030517578,62.06832504272461,70.95667349709372,-59.99840902338446,20.201332405335158,0.4669821052099663,0.4946703430254152
SB71852_component_526a,73.256841,-62.548627,10.265000343322754,42.59336471557617,73.25681339600358,-62.54854228772535,9.863195970891002,0.9824844170697861,1.040737746022444
SB71852_component_527a,71.952518,-63.048716,10.565999984741211,18.60211181640625,71.95275363971608,-63.04845190850739,9.779802556984906,1.0199171241942775,1.080389907994082
SB71852_component_534a,70.563377,-60.404935,10.125,65.74674987792969,70.5633991951514,-60.4049839856389,10.035817876462266,0.9524158741162714,1.00888638321615
SB71852_component_535a,69.308708,-58.321817,9.628000259399414,51.486629486083984,69.3087535670888,-58.32177752733644,10.844495749217023,0.8381294387783491,0.8878236925026745
SB71852_component_540a,70.476245,-61.605091,9.76200008392334,58.45509338378906,70.47621613346548,-61.60511358656439,10.282480402384223,0.8962419779098734,0.9493818321948663
SB71852_component_541a,76.801642,-61.651045,10.265999794006348,49.594200134277344,76.80105485159142,-61.651209040463065,11.112260228774405,0.8721339900887783,0.9238444369241169
SB71852_component_543a,65.325202,-60.557163,9.673999786376953,20.15416717529297,65.32551922814561,-60.5570576714394,10.140435409184098,0.9006039245830793,0.9540024068015167
SB71852_component_545a,75.718297,-60.999673,10.10099983215332,55.5,75.71807481596034,-60.9997474352335,10.702719568664465,0.8909525649353042,0.9437788000843388
SB71852_component_552a,76.456776,-60.210392,10.04699993133545,51.26020431518555,76.45651205763255,-60.21049215418038,9.659914286860044,0.9818553054853537,1.040071333241739
SB71852_component_553a,73.084504,-60.994563,9.456999778747559,55.30409240722656,73.08444872848379,-60.994516105272346,10.685467950499104,0.8354956587437955,0.8850337507498522
SB71852_component_554a,66.99647,-57.525332,9.529999732971191,10.64804458618164,66.99679324528095,-57.52520924923895,11.818703293983924,0.7612151502762867,0.8063490127400227
SB71852_component_555a,74.247331,-61.715847,9.58899974822998,56.405879974365234,74.2473043939887,-61.71590668591015,9.202779452265416,0.9836456096589802,1.041967787880594
SB71852_component_559a,67.047484,-62.195495,9.043999671936035,44.55172348022461,67.04734077868916,-62.1955990755797,8.407076789066226,1.0155466748242608,1.075760326549908
SB71852_component_561a,70.418613,-58.075181,9.670999526977539,43.56306076049805,70.41871296304673,-58.07514390088731,9.729474271742214,0.9383532291626437,0.9939899378803533
SB71852_component_564a,74.832035,-58.431705,9.569999694824219,57.305389404296875,74.83190441862338,-58.431740650032474,10.39396296160689,0.8691908059453755,0.9207267459172004
SB71852_component_567a,68.36605,-60.143655,9.350000381469727,52.824859619140625,68.36621640167297,-60.143532317149166,9.870868646212273,0.8942122616021229,0.9472317702310407
SB71852_component_569a,66.655925,-60.127603,10.302000045776367,45.38325881958008,66.65608209389613,-60.12757992729283,10.623537898881924,0.9154544512846196,0.9697334488598758
SB71852_component_570a,78.161621,-60.855055,9.079999923706055,16.877323150634766,78.16254576294422,-60.85534850030072,8.550808344756081,1.0024507319336247,1.0618879008409197
SB71852_component_577a,75.432735,-60.657106,8.975000381469727,55.40123748779297,75.43260535223817,-60.657118388045724,8.476877046170623,0.9995003639229901,1.0587626000219181
SB71852_component_578a,74.228465,-57.563792,8.616999626159668,13.853697776794434,74.22836801865192,-57.56382533916587,9.338133583903993,0.8711247574309285,0.9227753649843548
SB71852_component_579a,67.969096,-59.699675,9.595000267028809,58.15151596069336,67.96921073875431,-59.69959521609149,9.723763550756424,0.9315259681805643,0.9867578758928586
SB71852_component_582a,71.441373,-58.846812,8.741000175476074,52.65663146972656,71.44138621597416,-58.84667061090079,10.017264381486216,0.8237517641286488,0.8725935387740272
SB71852_component_583a,72.961023,-57.571606,9.473999977111816,18.57647132873535,72.96075592428859,-57.57150603572241,9.35222201826525,0.9563193336515885,1.0130212861295134
SB71852_component_584a,68.901178,-62.773011,9.175000190734863,30.180923461914062,68.90094008002575,-62.77291399111434,9.915243078139161,0.8735486182378897,0.925342941008036
SB71852_component_588a,71.235496,-61.507969,9.270999908447266,53.901161193847656,71.2355369183563,-61.507993123189244,9.613905118407278,0.9103556876737248,0.9643323700684888
SB71852_component_591a,68.140157,-62.863264,9.232999801635742,25.02168083190918,68.14017213365406,-62.86320474273277,10.226042973808623,0.8523531638769121,0.9028907687248816
SB71852_component_592a,74.788108,-60.401186,8.527000427246094,53.29375457763672,74.787961761802,-60.401215161853834,9.359732400247673,0.8600371618662022,0.9110303652506622
SB71852_component_593a,71.663384,-62.525828,9.112000465393066,41.418182373046875,71.66339707146675,-62.52584707274475,8.208678946040205,1.047912034591466,1.1100446887118927
SB71852_component_595a,70.743337,-60.65599,8.814000129699707,59.554054260253906,70.74344787172711,-60.65602933361401,8.320525120462095,1.0000153842745805,1.0593081568883245
SB71852_component_596a,74.283708,-59.359759,9.553999900817871,56.19999694824219,74.28347044463517,-59.359655523789705,8.883073253259566,1.0153279783535416,1.0755286631585657
SB71852_component_598a,69.657093,-60.992146,9.359999656677246,57.423309326171875,69.65704724220254,-60.99212946672351,9.244069271129627,0.9558659830009805,1.0125410554753937
SB71852_component_599a,69.315825,-61.202216,8.82699966430664,51.61988067626953,69.31573598479406,-61.20222805425544,9.601609887846669,0.8678674861047471,0.9193249639812487
SB71852_component_601a,66.50204,-58.726477,8.970000267028809,36.02409744262695,66.50238622201975,-58.72645144111344,8.840966518886377,0.9578049449691002,1.014594982105948
SB71852_component_603a,76.504007,-59.098186,9.680000305175781,48.88888931274414,76.50378824943249,-59.09810890181271,9.258904021012134,0.9869613678736453,1.0454801435686139
SB71852_component_604a,76.187137,-60.994407,8.303999900817871,43.93650817871094,76.18706796406263,-60.99438419583202,9.00218212342717,0.8708109976618382,0.9224430018148202
SB71852_component_605a,66.216564,-60.794382,9.098999977111816,41.359092712402344,66.21676310777566,-60.794272614821786,6.183628814255435,1.389103535021035,1.4714660679721634
SB71852_component_609a,66.295356,-60.451254,8.093999862670898,40.268653869628906,66.29549612678915,-60.451157844624845,7.366074298061862,1.0373169213427083,1.0988213714869217
SB71852_component_610a,67.198678,-62.761877,8.284000396728516,24.22222328186035,67.19844725876801,-62.761841531671045,8.726724516062022,0.8961345247012459,0.9492680078855877
SB71852_component_613a,77.129068,-58.415639,8.970000267028809,41.915889739990234,77.12922905199791,-58.4157046053626,9.130892316521907,0.9273925435275728,0.9823793728021551
SB71852_component_616a,72.281705,-61.747812,9.491000175476074,56.83233642578125,72.28191408059682,-61.7477631699532,9.625364810232925,0.9308488093381153,0.9860405670428195
SB71852_component_618a,69.147643,-59.609372,8.456999778747559,45.2245979309082,69.1476079396729,-59.60934190592894,7.96448412181441,1.0024045591365398,1.0618389903727936
SB71852_component_621a,72.173952,-59.067852,7.831999778747559,45.01149368286133,72.17406191951211,-59.06784936707459,8.730545076786951,0.8468679015991906,0.8970802750416497
SB71852_component_622a,75.855467,-60.405885,8.685999870300293,51.7023811340332,75.85527894927529,-60.40587408700648,8.33568080421678,0.9837009875465205,1.0420264492261144
SB71852_component_624a,69.697435,-62.275633,8.347999572753906,48.81871032714844,69.69736981720197,-62.275591462935715,8.693688766046213,0.906489325940306,0.9602367645547171
SB71852_component_626a,69.341687,-59.544857,8.604999542236328,48.0726203918457,69.34143256810111,-59.544841769369064,7.219343798656428,1.1252201277280867,1.1919365225185397
SB71852_component_627a,76.798527,-58.114707,8.32699966430664,39.84210205078125,76.79853468874825,-58.114761932079126,8.487745555950415,0.9261483558148954,0.9810614148852422
SB71852_component_629a,72.944766,-61.0,8.234999656677246,52.45222473144531,72.94468709680032,-61.00002335992553,6.586678965290157,1.180270231957186,1.2502506498454304
SB71852_component_634a,77.588406,-62.679772,8.746000289916992,16.286779403686523,77.58810165061071,-62.67963562928882,8.353038967094987,0.988437798626256,1.0470441146473748
SB71852_component_637a,77.50893,-62.306542,8.173999786376953,22.96067237854004,77.50856644982699,-62.30642166115882,8.779980485592764,0.8788716108240336,0.9309815437277821
SB71852_component_643a,77.332598,-60.726103,8.336999893188477,28.55137062072754,77.3337162047669,-60.72655701568912,9.807797151149437,0.8024586922926928,0.8500379610941904
SB71852_component_644a,66.003037,-58.491452,8.520000457763672,15.462796211242676,66.0033906230733,-58.49121578170259,9.20073440015099,0.8741812533777402,0.9260130862623154
SB71852_component_646a,75.95806,-58.353087,8.592000007629395,44.98429489135742,75.95813574879077,-58.35309383717373,8.345199796718562,0.971945458299005,1.029573912778922
SB71852_component_648a,66.05536,-61.132288,8.5,24.85379981994629,66.05526277231823,-61.13218451162487,9.167893804614122,0.8752532185693219,0.9271486102644452
SB71852_component_651a,76.535275,-62.192005,8.40999984741211,45.45945739746094,76.5349499258908,-62.19194075650438,8.698085479039925,0.9127601717674253,0.9668794204975307
SB71852_component_652a,66.813128,-60.844881,8.229000091552734,44.4810791015625,66.81304685469641,-60.84489935380949,8.1685739779157,0.9510102228847552,1.0073973883079714
SB71852_component_653a,70.705375,-59.860716,8.083999633789062,49.29267883300781,70.70524418159985,-59.86066974008986,8.147063250978968,0.9367195016394955,0.9922593436128867
SB71852_component_654a,70.638152,-59.432856,8.107000350952148,45.544944763183594,70.63806890340219,-59.43289633753795,8.276084419694389,0.9247400021135549,0.9795695572727756
SB71852_component_657a,71.582515,-60.254278,7.961999893188477,47.6766471862793,71.58264357812894,-60.25423799750106,8.189803012399159,0.9177683494065533,0.9721845423063542
SB71852_component_661a,74.199712,-59.515303,7.585999965667725,44.8875732421875,74.19972193526104,-59.515393796624686,6.275313566111567,1.1412000173715366,1.2088638895487593
SB71852_component_663a,78.738967,-61.048575,8.569000244140625,11.157552719116211,78.73906118388643,-61.04871838139824,7.366804464751386,1.0980835292345312,1.1631909446139765
SB71852_component_664a,65.858071,-59.844108,8.17199993133545,11.843478202819824,65.85847502472038,-59.84401234651463,7.669995533036784,1.0058138420307465,1.0654504159926033
SB71852_component_666a,66.554404,-59.868222,8.506999969482422,26.92088508605957,66.5548515895883,-59.86797670086219,9.673451776866921,0.8301934929382341,0.8794172096692568
SB71852_component_671a,73.037038,-62.135794,7.915999889373779,46.292396545410156,73.03721900981732,-62.1359490434781,8.427090614736093,0.8867730387368516,0.9393514620017742
SB71852_component_677a,68.433895,-57.437166,7.767000198364258,10.047865867614746,68.43363079317677,-57.43688006660837,8.363339064837186,0.8767140708357981,0.9286960791796455
SB71852_component_678a,65.684703,-61.206585,7.064000129699707,12.242633819580078,65.68483378960292,-61.206850240495676,8.29448574513439,0.8039806534297169,0.8516501621385636
SB71852_component_679a,73.340458,-59.992612,7.749000072479248,46.9636344909668,73.340252311676,-59.992530193085635,8.827676792334037,0.828673795671566,0.8778074067243249
SB71852_component_680a,71.786037,-60.464942,7.241000175476074,45.25625228881836,71.78582453013534,-60.46499047912179,6.210010329763203,1.1007548311336024,1.1660206329724712
SB71852_component_684a,65.719303,-61.535359,7.7870001792907715,15.574000358581543,65.71966015864759,-61.53562523007801,9.563894350385162,0.7686343332305574,0.8142080928546821
SB71852_component_689a,66.045773,-59.905393,8.208000183105469,16.157480239868164,66.04605491794162,-59.9052119210993,6.70427049246468,1.1557667444724844,1.224294305000211
SB71852_component_690a,75.856204,-60.504928,7.875999927520752,46.60354995727539,75.85608134200325,-60.504925641830255,8.17385815214361,0.9096262223030854,0.9635596533388894
SB71852_component_695a,66.860635,-58.515617,7.61899995803833,29.761716842651367,66.86081531327189,-58.51572739880573,7.832464033885208,0.9182986094401222,0.9727462424438365
SB71852_component_696a,66.134371,-59.180269,7.377999782562256,26.163118362426758,66.13463602487892,-59.180142879781584,6.874963123802712,1.01310073368829,1.0731693610134307
SB71852_component_699a,73.000499,-58.460955,7.328000068664551,45.80000305175781,73.00062106467719,-58.460874590281534,7.428636516808703,0.9312380670085675,0.9864529045247478
SB71852_component_705a,70.551367,-61.189351,7.545000076293945,46.86335372924805,70.55126455337633,-61.189363365738046,8.134990344269188,0.8755613284340686,0.9274749885362963
SB71852_component_708a,68.985105,-58.476465,6.491000175476074,33.458763122558594,68.9852792926694,-58.47637133321197,6.984245315226403,0.8773573132460655,0.929377460629139
SB71852_component_710a,78.144442,-58.237566,6.683000087738037,12.609435081481934,78.14445200022472,-58.23755605106804,7.376800276414934,0.8552396090929981,0.9059483566479208
SB71852_component_712a,71.665523,-58.841927,7.640999794006348,44.424415588378906,71.66564951969434,-58.841845871829136,7.264195567903423,0.9929949159676711,1.051871431954258
SB71852_component_713a,76.365855,-59.022849,7.090000152587891,36.92708206176758,76.3658466290643,-59.02275945911307,7.827618958371394,0.8550685496526681,0.9057671547751257
SB71852_component_716a,71.44201,-59.774321,6.639999866485596,40.4878044128418,71.4418209568458,-59.7743057270466,5.299096140304488,1.1829070946588143,1.2530438570423936
SB71852_component_719a,69.995872,-59.681693,7.505000114440918,43.63372039794922,69.99587595584694,-59.68164746256168,6.561057394649193,1.0798445261033738,1.1438705170543926
SB71852_component_720a,71.110574,-60.746638,7.139999866485596,45.18986892700195,71.11058704647922,-60.74667150500645,7.2902058677029915,0.9245763407329384,0.9793961921044182
SB71852_component_722a,70.058428,-59.552024,6.658999919891357,41.8805046081543,70.05829913873671,-59.552032379361385,5.830418093936226,1.0781859687727149,1.1421136207739333
SB71852_component_725a,68.816189,-58.874456,6.620999813079834,38.05172348022461,68.81625252393458,-58.8744598669058,7.1332101639725884,0.876239689375576,0.928193570760083
SB71852_component_726a,75.319584,-59.99094,6.735000133514404,41.067073822021484,75.31950052850823,-59.99088532054535,7.499515566515093,0.8477909232710847,0.8980580243857075
SB71852_component_727a,70.93057,-58.653913,7.285999774932861,44.42682647705078,70.93057948487812,-58.65384692874385,6.935512030059987,0.9917335120990114,1.0505352371034447
SB71852_component_729a,70.390958,-59.802277,7.26800012588501,42.50292205810547,70.39070326525889,-59.80236203414412,4.5584306317815795,1.505164409706864,1.5944084078437417
SB71852_component_731a,74.90134,-59.254444,7.357999801635742,44.059879302978516,74.90142696702937,-59.254307124398814,7.37121528897513,0.9423343902885661,0.9982071494561888
SB71852_component_734a,74.469352,-58.795233,6.36899995803833,36.603450775146484,74.46945874514235,-58.79520668157164,6.430446973842939,0.9350061113170354,0.9904443631905284
SB71852_component_736a,66.949528,-61.045041,6.748000144958496,34.783504486083984,66.94945530637611,-61.04497804711295,7.063799072741825,0.9018225916376371,0.9552933308930103
SB71852_component_737a,74.425153,-59.603911,7.26200008392334,43.48503112792969,74.42511119120957,-59.60386413402151,6.777921506611053,1.0114492095311307,1.071419914916413
SB71852_component_739a,68.610845,-59.746879,7.140999794006348,44.911949157714844,68.6107487823291,-59.74654633758079,7.9792027033859725,0.8448583239973352,0.8949515458450588
SB71852_component_743a,69.356873,-62.111142,6.447000026702881,38.60478973388672,69.35687532657106,-62.11109213303652,6.872142663093819,0.8856250051273719,0.9381353593437276
SB71852_component_748a,67.197753,-59.499392,6.890999794006348,36.07853317260742,67.19785626230036,-59.49944243990312,7.171590279336462,0.9070915720337156,0.9608747189394546
SB71852_component_749a,75.0672,-62.516687,6.598999977111816,27.495834350585938,75.06711218661867,-62.51678315398184,6.508157217536778,0.9572038924977624,1.0139582921153556
SB71852_component_754a,65.046589,-60.251547,6.834000110626221,11.022581100463867,65.04624271321825,-60.25131012619145,8.742234224022543,0.7379669431572139,0.7817223761686986
SB71852_component_757a,67.922104,-61.468504,6.639999866485596,35.508018493652344,67.92205842055688,-61.46852686118621,5.918974695810984,1.059024365162701,1.1218158900366477
SB71852_component_758a,72.368557,-60.309561,6.506999969482422,39.198795318603516,72.36869644802414,-60.30963472512332,6.806889506513882,0.9024361178049264,0.9559432341681938
SB71852_component_762a,73.823985,-60.68937,6.355999946594238,39.23456573486328,73.82387121082176,-60.68932130889431,6.518385716625401,0.9205093284635764,0.9750880391111266
SB71852_component_763a,74.496701,-62.960056,7.078999996185303,17.016826629638672,74.49617366128926,-62.9600383121288,7.106521079140396,0.9403710018045759,0.9961273480161938
SB71852_component_765a,77.717389,-57.90064,6.321000099182129,16.81117057800293,77.71743022524993,-57.90059773274216,5.6284883239687895,1.0601770347792951,1.1230369035792958
SB71852_component_767a,68.516773,-57.928245,6.666999816894531,27.549585342407227,68.51686061487857,-57.92821771011099,6.455549942274225,0.9749482468765248,1.0327547422777452
SB71852_component_769a,66.164207,-59.612939,6.38700008392334,14.16186237335205,66.16424965031695,-59.61287861003117,6.917812027979214,0.871590583482912,0.923268810729607
SB71852_component_781a,76.527793,-60.247444,6.434000015258789,34.042327880859375,76.52825294188744,-60.24750391248991,4.862955249504679,1.2490077965433235,1.3230637925187838
SB71852_component_782a,67.122416,-61.178209,6.165999889373779,31.459184646606445,67.1221505296944,-61.178175379475,6.71212733929051,0.8672168153900113,0.918635713789295
SB71852_component_785a,76.713949,-59.61383,6.275000095367432,33.73655700683594,76.71353035210016,-59.6139014572898,5.707300508734551,1.0379283186534882,1.0994690196817327
SB71852_component_788a,72.340746,-58.497885,6.455999851226807,37.10344696044922,72.34080054835621,-58.49775692252274,7.842898628895197,0.7770899186602885,0.8231650256757483
SB71852_component_790a,77.705395,-61.758737,6.414999961853027,22.829181671142578,77.70469233810172,-61.75905474497726,7.444296502150482,0.8134996312691108,0.8617335378836516
SB71852_component_795a,73.698126,-57.726848,5.965000152587891,15.949197769165039,73.69818648789793,-57.72672936070831,7.195127123851502,0.7826297496140848,0.8290333235133819
SB71852_component_799a,75.083561,-59.064914,6.15500020980835,36.42012023925781,75.08366191446176,-59.065009578746846,6.460209431222846,0.8994268319389794,0.9527555221446244
SB71852_component_800a,73.015331,-58.368813,6.251999855041504,40.07691955566406,73.01565635951147,-58.36888118287421,7.031081355727306,0.8394236500965577,0.8891946400177569
SB71852_component_807a,67.541316,-57.869014,5.85699987411499,17.91131591796875,67.54163404151915,-57.868780142923896,6.169752524983954,0.8961729583235655,0.9493087203088787
SB71852_component_810a,78.09896,-61.974096,5.835000038146973,12.080744743347168,78.0981170171626,-61.9739268242849,7.059390020248431,0.780293611760082,0.8265586716997441
SB71852_component_813a,70.359313,-58.120518,6.257999897003174,29.80000114440918,70.35931061482965,-58.12042830689762,5.100793707321374,1.1581962564414805,1.2268678672538385
SB71852_component_814a,77.146007,-59.072256,6.289000034332275,20.963333129882812,77.14592590618011,-59.072289768963095,6.640467401973347,0.8940613334160299,0.9470718932319996
SB71852_component_816a,74.520827,-62.031358,6.150000095367432,36.390533447265625,74.5206407427943,-62.03146901653872,5.954776577971861,0.9749762033695158,1.0327843563632175
SB71852_component_820a,72.732214,-57.925938,6.257999897003174,23.615095138549805,72.73218904485866,-57.925882154800334,6.050137898923019,0.9764604171669385,1.0343565719579972
SB71852_component_825a,69.374732,-61.169926,5.730999946594238,35.159507751464844,69.37473416097977,-61.16990455449742,6.661480687151938,0.8121644881791099,0.8603192316758754
SB71852_component_827a,73.003644,-61.205149,5.953000068664551,36.975154876708984,73.00359803917112,-61.20528264208983,6.614928444976482,0.8495620450362367,0.8999341592554014
SB71852_component_828a,66.568863,-59.189397,5.072000026702881,26.144329071044922,66.56893290718772,-59.189365267711445,5.227331055786444,0.9159749702477052,0.9702848303606831
SB71852_component_832a,70.616036,-59.150698,6.130000114440918,38.3125,70.61595184034762,-59.1506793581726,5.953562614373125,0.9720037085276745,1.029635616772021
SB71852_component_837a,70.929828,-58.824174,5.900000095367432,34.9112434387207,70.92979622807998,-58.82405847861558,5.408221988569506,1.0298687349232292,1.0909315682376421
SB71852_component_839a,72.968404,-59.004308,5.303999900817871,32.14545440673828,72.96852694098872,-59.00429060973066,6.2267678956439445,0.8041280182140962,0.8518062644551737
SB71852_component_842a,74.918827,-60.530917,5.64300012588501,34.833335876464844,74.91876711166478,-60.53088242741583,6.387454210305325,0.8340011028475636,0.8834505798539838
SB71852_component_843a,75.867481,-58.68422,5.756999969482422,28.92964744567871,75.86718047652228,-58.68420226165132,6.682083408318312,0.81333357299341,0.861557633703841
SB71852_component_846a,75.958278,-60.51588,5.76200008392334,34.92121124267578,75.95832231458266,-60.51588046293543,4.648859641870998,1.1700682393200146,1.239443762084489
SB71852_component_850a,65.840646,-59.021446,5.729000091552734,15.19628620147705,65.84094469942916,-59.02135521276482,5.569058694986751,0.9711390078776216,1.028719646411693
SB71852_component_852a,68.308015,-60.190157,5.888999938964844,34.846153259277344,68.30806886421418,-60.190154179649284,5.495655868837024,1.0115943259192397,1.071573635525155
SB71852_component_853a,77.56814,-62.054335,6.164000034332275,19.024690628051758,77.56771999516812,-62.05423477784988,5.304357220211162,1.0970192121612041,1.1620635222012616
SB71852_component_862a,77.943346,-61.449968,5.085000038146973,20.504032135009766,77.94292128167307,-61.4497309492356,5.277942080197478,0.9095167578051847,0.9634436984872546
SB71852_component_867a,76.796084,-58.924563,5.026000022888184,20.76859474182129,76.79628336229538,-58.924696328635925,5.090950585826269,0.9319829544200458,0.9872419576966797
SB71852_component_869a,70.75505,-57.806726,5.52400016784668,16.011594772338867,70.75517203136616,-57.80657621454243,5.291120340395552,0.9855766567513352,1.0440133303476742
SB71852_component_874a,75.967623,-62.07489,5.506999969482422,30.4254150390625,75.96758332361142,-62.07494013476919,4.522062195717584,1.1496427572575427,1.2178072151899146
SB71852_component_877a,69.707074,-61.779445,5.620999813079834,35.131248474121094,69.70705150173389,-61.779466516012434,5.2971884284995285,1.0017342294962492,1.0611289156410144
SB71852_component_878a,73.10588,-59.22455,5.441999912261963,31.63953399658203,73.10582241402446,-59.224604534721855,4.389992343575921,1.170251300520673,1.239637677324311
SB71852_component_886a,72.152278,-58.370046,5.040999889373779,30.737802505493164,72.15240105238921,-58.37000803163301,7.16422708584967,0.6642502237937377,0.703634855367782
SB71852_component_887a,67.828541,-63.205483,4.205999851226807,175.24998474121094,67.82796038069282,-63.20529911807145,2.874963019977178,1.3810880101152347,1.4629752876822029
SB71852_component_888a,77.123946,-59.417034,5.39300012588501,23.757709503173828,77.1236966015732,-59.41693855561068,6.146951073071976,0.8282377837255134,0.8773455428188117
SB71852_component_890a,76.760287,-58.047773,6.019999980926514,29.082124710083008,76.76021978196937,-58.0476067811476,10.813486936256018,0.525551275897106,0.5567121888076959
SB71852_component_891a,70.792954,-58.898723,5.1479997634887695,32.7898063659668,70.79286960697699,-58.89879406914795,5.263455517474879,0.9233193264915052,0.9780646471499964
SB71852_component_892a,67.637089,-57.843758,5.0970001220703125,14.903509140014648,67.63699266984464,-57.84367214159718,5.769995775929405,0.8339183176938343,0.8833628862144722
SB71852_component_895a,74.927302,-58.87412,5.245999813079834,32.18404769897461,74.9273210145539,-58.874056682870766,5.006911699331907,0.9891056968412796,1.0477516137901592
SB71852_component_897a,71.032347,-60.934063,5.251999855041504,33.24050521850586,71.03237362421704,-60.93417722841623,4.112577871000008,1.2055769499956637,1.2770578502783305
SB71852_component_898a,66.69871,-59.4506,5.241000175476074,21.218624114990234,66.69898819360627,-59.45054718083042,5.599978066072266,0.8835115128451533,0.9358965541720464
SB71852_component_899a,72.054713,-60.236659,4.988999843597412,30.420730590820312,72.0548892207198,-60.23660039301166,4.779086310149798,0.9854917233067721,1.0439233610411682
SB71852_component_903a,74.027089,-61.880925,5.605000019073486,32.02857208251953,74.02723750299982,-61.880688240035866,4.905226089242543,1.0787006830850216,1.1426588534554176
SB71852_component_908a,70.796709,-60.028344,5.193999767303467,31.67072868347168,70.79652311407823,-60.02839847459509,5.542330907221905,0.8846955416425569,0.9371507862396763
SB71852_component_910a,67.455828,-59.615874,5.218999862670898,27.909090042114258,67.45615774299121,-59.616041680292575,5.721636404333777,0.8610956478219861,0.9121516108080263
SB71852_component_915a,75.793006,-58.753823,5.692999839782715,29.345359802246094,75.79325478933089,-58.753725663751375,5.609466196924835,0.9580849124487985,1.0148915493783837
SB71852_component_916a,71.799136,-59.584381,5.260000228881836,31.878787994384766,71.79906620300706,-59.58429582206428,4.124096521555161,1.2040410859486825,1.2754309219946036
SB71852_component_917a,72.498122,-58.316487,5.497000217437744,29.239364624023438,72.49807520311788,-58.31635336117407,4.103840957617005,1.2645022236365,1.3394769130209447
SB71852_component_918a,67.883612,-60.703701,5.107999801635742,30.404760360717773,67.88375854603433,-60.70366318751408,5.114977311419825,0.9427391110968039,0.9986358669141103
SB71852_component_920a,66.479269,-60.232313,4.770999908447266,22.087961196899414,66.47937221898076,-60.23231459365233,5.223814409119599,0.8621960602365458,0.9133172687219092
SB71852_component_926a,66.601225,-60.120376,5.514999866485596,24.188596725463867,66.60130270907023,-60.12027317690295,6.888962068980653,0.7557463834067445,0.8005559925084098
SB71852_component_932a,69.508002,-59.76306,5.173999786376953,31.742328643798828,69.50806899781334,-59.76305352708459,4.77887244985041,1.0220810401201506,1.0826821265210607
SB71852_component_937a,73.152853,-59.068525,5.239999771118164,28.478260040283203,73.1530055226717,-59.068582638101695,5.039639158903835,0.9815585061683231,1.039756936141021
SB71852_component_943a,73.187346,-62.675514,5.179999828338623,16.496814727783203,73.1872789257885,-62.675423389096686,5.1347790946497165,0.9523407015093094,1.0088067534854663
SB71852_component_944a,70.439613,-62.357542,4.933000087738037,30.639753341674805,70.43946964839525,-62.35745220773784,5.353332130421509,0.8699039429714918,0.921482166164352
SB71852_component_945a,71.537848,-58.269257,4.7870001792907715,27.198863983154297,71.5379271689602,-58.26926329012328,4.829538789577326,0.9357118941909235,0.9911919932440842
SB71852_component_946a,71.365471,-57.934037,5.085000038146973,21.82403564453125,71.36534675401337,-57.93385446667941,4.534459554341851,1.0586436401375088,1.1214125911163915
SB71852_component_950a,72.633268,-59.643477,4.857999801635742,29.089820861816406,72.63342098635097,-59.643485280970424,4.532496967000184,1.0118225064209745,1.0718153452733563
SB71852_component_954a,73.701319,-59.193145,4.750999927520752,29.327159881591797,73.70121453913454,-59.19313168828755,4.345951772613339,1.032011379286543,1.093201253971543
SB71852_component_957a,71.359265,-58.136937,5.005000114440918,27.349727630615234,71.35948452442823,-58.13677433753614,6.011970904808193,0.7859077770580448,0.8325057113031054
SB71852_component_959a,65.734902,-61.901132,4.974999904632568,18.29043960571289,65.7349962198827,-61.900683538122095,6.015290498631057,0.7807658974836262,0.827058960122502
SB71852_component_967a,68.083713,-61.176684,4.857999801635742,26.692306518554688,68.08376686361831,-61.17670646648719,4.9028250128985,0.9353959053056935,0.9908572687899669
SB71852_component_970a,73.078383,-62.704619,4.438000202178955,15.90680980682373,73.07823253935635,-62.704667497124994,5.720264047813818,0.7324122612255778,0.7758383468111195
SB71852_component_981a,72.908198,-62.474195,4.7729997634887695,25.66128921508789,72.90816063404934,-62.47424179186322,4.4414395585239195,1.0144999296987853,1.0746515179585245
SB71852_component_982a,66.778007,-58.455303,4.728000164031982,15.153846740722656,66.7785948228641,-58.45524698783016,4.6941115737969525,0.950842181276425,1.00721938320005
SB71852_component_984a,75.99286,-60.646631,5.343999862670898,29.688886642456055,75.99286440081933,-60.64669238750986,4.928050291081299,1.0237069975722684,1.0844044900155296
SB71852_component_985a,68.639954,-59.86945,4.807000160217285,29.310976028442383,68.64019000994169,-59.869424290668015,4.893616379254442,0.927317766035767,0.9823001616137403
SB71852_component_986a,67.936128,-57.870314,4.26200008392334,16.02255630493164,67.9362302682506,-57.870245244733255,4.650607533111796,0.8651434577627742,0.9164394229309578
SB71852_component_988a,72.807417,-58.661414,4.833000183105469,29.290908813476562,72.80760283833703,-58.66141286076317,5.44842660008548,0.8373944377458299,0.8870451118915035
SB71852_component_989a,72.777102,-61.540784,4.940000057220459,30.49382781982422,72.7768280303519,-61.54075987106878,4.944051016582758,0.9432533912098326,0.9991806396518337
SB71852_component_990a,72.650881,-58.230234,4.573999881744385,26.137142181396484,72.65099960003906,-58.23026840513598,5.18943026491806,0.8320718576215165,0.8814069460892173
SB71852_component_991a,66.398489,-60.80906,4.947000026702881,26.036842346191406,66.39860880267084,-60.809065678894605,5.304950313538162,0.8803288949200017,0.9325252329090064
SB71852_component_997a,74.394383,-59.692729,4.789000034332275,31.097402572631836,74.39454827770959,-59.692763804418355,3.2342894519171974,1.3978170083441825,1.4806961793396347
SB71852_component_1001a,66.796861,-62.488338,4.810999870300293,20.38559341430664,66.79676250376501,-62.48830868525,3.7063775967109507,1.225377912532388,1.2980328487225876
SB71852_component_1003a,77.256011,-57.704087,4.644999980926514,11.554725646972656,77.2554662100592,-57.70399584567538,4.9637016808906615,0.8834142672570152,0.9357935427120669
SB71852_component_1006a,68.400836,-58.518876,4.426000118255615,22.81443214416504,68.4009982545944,-58.51889865015889,4.91838380932588,0.8495195344953277,0.8998891281854331
SB71852_component_1007a,71.437679,-61.869001,4.585999965667725,28.134967803955078,71.43801450569251,-61.868978970869634,5.161000522951183,0.8388503863105411,0.888587386355338
SB71852_component_1010a,77.132661,-61.892411,4.535999774932861,20.0707950592041,77.13229269570468,-61.89243331209892,6.261691788796637,0.6838576382118711,0.7244048298654098
SB71852_component_1011a,75.33495,-61.622454,4.861999988555908,28.104047775268555,75.33464389839483,-61.622484811362426,4.822103740194624,0.951837408069874,1.008273618841654
SB71852_component_1013a,74.455866,-60.032205,4.671000003814697,27.639053344726562,74.45591582297627,-60.03225096133078,4.704569057372281,0.9372908655954796,0.9928645848008162
SB71852_component_1015a,67.152138,-59.969311,4.807000160217285,24.525510787963867,67.15207926369686,-59.96906733947382,4.490311985433796,1.0106062615174547,1.0705269869467422
SB71852_component_1022a,72.132238,-58.221696,4.638000011444092,25.910614013671875,72.13246046964008,-58.22168746205591,5.2583419869047345,0.8326572776730472,0.882027076784749
SB71852_component_1024a,77.840178,-58.126845,4.367000102996826,12.548851013183594,77.83999213083031,-58.12682701172169,4.011939822906667,1.0275741175751554,1.088500898757977
SB71852_component_1028a,74.96071,-59.579086,4.88100004196167,30.6981143951416,74.96055353928739,-59.579137915990394,3.81708684792579,1.2071497113905219,1.278723863622336
SB71852_component_1030a,69.259149,-60.250648,4.8979997634887695,28.149425506591797,69.25896236304229,-60.2505706771601,5.183034974498687,0.8921111865558026,0.9450061185362758
SB71852_component_1035a,68.202656,-61.954752,4.433000087738037,22.850515365600586,68.20256011989404,-61.95472650191052,5.169834611975876,0.8094787546762368,0.85747425603694
SB71852_component_1037a,71.089145,-62.402278,5.09499979019165,27.540538787841797,71.0891980306952,-62.40211612660857,4.953037358070558,0.9710842975260796,1.0286616921816218
SB71852_component_1059a,68.231302,-60.668516,4.204999923706055,25.029762268066406,68.23116629635695,-60.66875064768646,5.133708724878285,0.7732485831755541,0.8190959302635058
SB71852_component_1060a,68.274637,-60.842267,4.169000148773193,23.95977210998535,68.27489042282936,-60.84237796963584,4.292361424240541,0.9168958187380756,0.9712602776712415
SB71852_component_1062a,73.997286,-57.869698,3.989000082015991,13.80276870727539,73.9975133854329,-57.86969269796413,4.86693848872761,0.773735552238046,0.819611772627695
SB71852_component_1068a,67.48853,-62.092858,4.756999969482422,25.994535446166992,67.4887581608387,-62.09280504792357,5.165171380716805,0.869426308076091,0.9209762114073864
SB71852_component_1069a,66.933574,-58.842653,4.318999767303467,20.276994705200195,66.93377795535737,-58.84273524861569,4.67557278093163,0.872032605784882,0.9237370413562219
SB71852_component_1074a,75.820611,-58.890559,4.578000068664551,26.160001754760742,75.8205816127363,-58.89062836658529,5.645558642991321,0.7655141745641482,0.8109029341760375
SB71852_component_1077a,66.742137,-61.621886,4.515999794006348,20.25111961364746,66.74259348619582,-61.62160826502164,5.144759350884641,0.828653965589614,0.877786400879921
SB71852_component_1090a,76.00929,-59.808658,4.203999996185303,25.0238094329834,76.00912173396318,-59.808802145306636,3.1476870427002885,1.260827072591202,1.335583855432731
SB71852_component_1094a,67.367961,-58.332952,4.61299991607666,19.798282623291016,67.36817732209505,-58.33276538296465,3.697629711279598,1.1777263548973045,1.2475559415819086
SB71852_component_1099a,71.093089,-58.972148,4.098999977111816,24.111764907836914,71.09267885369776,-58.97217020581924,3.6816913194602003,1.051029503107395,1.1133469977360297
SB71852_component_1111a,70.712286,-59.005057,3.9690001010894775,24.5,70.71231045200709,-59.004744432734945,4.530131045586994,0.8270936937137612,0.8761336175817388
SB71852_component_1112a,69.651261,-60.183708,3.8959999084472656,24.350000381469727,69.65131508697834,-60.18371676594626,4.742746372702441,0.7754850008181702,0.8214649492688991
SB71852_component_1113a,75.099857,-58.007771,3.9839999675750732,18.10909080505371,75.10004494611856,-58.00772897937533,4.762341650289516,0.7897381945651167,0.8365632413904776
SB71852_component_1118a,74.04,-59.587408,4.255000114440918,27.101911544799805,74.04003410734742,-59.5872352379847,4.599377464206366,0.8733430890892534,0.9251252256538002
SB71852_component_1119a,67.54967,-60.496431,4.265999794006348,25.242603302001953,67.54958204644045,-60.4964634243737,3.48551905835943,1.1554142864614516,1.2239209490979732
SB71852_component_1122a,66.564423,-61.545199,4.178999900817871,17.19753074645996,66.56455605863547,-61.545149988719324,4.696497186427243,0.8400065241426273,0.889812073750427
SB71852_component_1123a,74.135473,-59.822558,4.184000015258789,25.827159881591797,74.13555659588577,-59.822642293701044,4.311786933037987,0.9160490954305549,0.9703633505635303
SB71852_component_1124a,68.736298,-58.757833,3.7750000953674316,21.089385986328125,68.73637552780062,-58.757835141697306,3.3042888524625385,1.0785078897986287,1.142454629096392
SB71852_component_1126a,65.914372,-61.733615,4.1519999504089355,13.139239311218262,65.91441955475217,-61.73345765232171,4.34947959709605,0.9011651878156938,0.9545969483753959
SB71852_component_1127a,75.797523,-62.072497,4.2270002365112305,24.57558250427246,75.79706469657077,-62.07272196985735,3.888084613601391,1.0263155978787923,1.0871677590874016
SB71852_component_1129a,68.483664,-59.529229,3.871000051498413,21.26923179626465,68.48424380297338,-59.52922749183473,3.654574843513403,0.9999324939289586,1.0592203518198975
SB71852_component_1132a,68.639629,-62.503872,4.135000228881836,19.975847244262695,68.63989389535395,-62.50393939667564,4.249582548794819,0.9185729089768032,0.9730368057103683
SB71852_component_1133a,76.23239,-62.477153,3.9509999752044678,17.71748924255371,76.23224666748975,-62.47701853610219,4.47655848066249,0.8331959099307287,0.8825976455510877
SB71852_component_1135a,68.051957,-57.806829,3.619999885559082,11.639871597290039,68.05201148103947,-57.80672800381981,2.279855118150637,1.4989449129571129,1.5878201455606258
SB71852_component_1136a,68.636415,-57.780268,3.7320001125335693,10.224658012390137,68.63680567722679,-57.780124753366515,3.7445505876960046,0.9408628285304825,0.9966483360636991
SB71852_component_1143a,76.011187,-58.936731,4.01200008392334,22.92571449279785,76.01084356524254,-58.93684828140001,4.9930951468832605,0.7585347060541086,0.8035096399930752
SB71852_component_1144a,68.055101,-60.939992,3.7330000400543213,21.703487396240234,68.05485343184368,-60.939997264957995,4.89572193618224,0.7198228293844453,0.7625024641340992
SB71852_component_1145a,71.515775,-57.868138,4.230999946594238,17.199186325073242,71.51615511160912,-57.868574746702905,4.503709466279767,0.8868639836972414,0.9394477992580642
SB71852_component_1148a,69.014389,-59.080279,3.9579999446868896,24.432098388671875,69.0141072217722,-59.08021794649128,6.001734717520963,0.6225630675015108,0.6594759900220573
SB71852_component_1149a,70.21675,-61.699446,3.88700008392334,23.0,70.21683692057456,-61.69951737947025,3.844415610952387,0.9544838461042263,1.0110769691106325
SB71852_component_1151a,71.32566,-62.146007,3.7190001010894775,22.26946258544922,71.3257571860818,-62.1458412876171,3.5400366678456088,0.9917513366566046,1.0505541185122194
SB71852_component_1155a,69.211316,-59.049161,3.947999954223633,24.220857620239258,69.21099331303236,-59.049126863399955,3.350724957881564,1.1123020131545922,1.1782524688984575
SB71852_component_1160a,76.873565,-60.100987,4.1020002365112305,22.538463592529297,76.8731973577604,-60.10089175213293,4.33870637795724,0.8925237585352641,0.9454431526759698
SB71852_component_1161a,76.335608,-57.918079,3.6459999084472656,12.838027000427246,76.33508557587231,-57.91801890489938,3.3485382450186383,1.027887902275912,1.0888332883374225
SB71852_component_1164a,75.366198,-60.106946,3.9110000133514404,20.159793853759766,75.3663662794613,-60.10678605960319,4.149101061783716,0.8898527951261335,0.9426138228771138
SB71852_component_1167a,68.525818,-59.134373,4.11299991607666,23.774566650390625,68.52558378631619,-59.13473973274372,2.6814238677187157,1.4480301170077048,1.5338865166348696
SB71852_component_1171a,76.651227,-62.008415,3.4539999961853027,18.670270919799805,76.65119776449158,-62.00836456651526,2.7960392762199184,1.166174202256319,1.2353188403186197
SB71852_component_1178a,75.628253,-58.70465,3.7149999141693115,19.552631378173828,75.62872048183412,-58.70454307512105,3.131976661326975,1.1197592422825007,1.1861518510151725
SB71852_component_1179a,70.415859,-59.625127,3.683000087738037,21.53801155090332,70.41614661473163,-59.625132007869325,3.615390996082987,0.9616805264750864,1.0187003540497555
SB71852_component_1181a,76.141104,-59.673537,4.085000038146973,23.210227966308594,76.14101101035625,-59.67360880008632,5.524054638554906,0.6981013280243307,0.739493054546544
SB71852_component_1185a,73.238657,-60.258331,3.622999906539917,22.643749237060547,73.23888332148218,-60.25829760220565,3.8910551517800096,0.8789927664071334,0.9311098828508079
SB71852_component_1191a,67.473561,-60.439469,3.703000068664551,21.654970169067383,67.4739251373001,-60.4393623297645,3.343210780105541,1.0456210709509457,1.107617889574899
SB71852_component_1195a,74.945506,-59.012617,3.4110000133514404,20.18343162536621,74.94542571381965,-59.01277659438631,4.663936939864021,0.6904200836981345,0.7313563749536651
SB71852_component_1199a,70.708773,-58.92652,3.8949999809265137,23.606060028076172,70.7087624487753,-58.926461675659915,3.402118908163083,1.0807925341544868,1.144874734266579
SB71852_component_1205a,71.690001,-58.874107,3.3570001125335693,19.63157844543457,71.69014614456646,-58.8740866716472,2.680345483183087,1.1823469749961666,1.252450526842872
SB71852_component_1211a,66.323042,-61.794607,3.2679998874664307,14.589284896850586,66.32348025031305,-61.794626935675815,2.950855613209883,1.0454865207733075,1.1074753616669046
SB71852_component_1212a,69.085478,-61.519708,3.934000015258789,25.545454025268555,69.0855687661203,-61.5197324169533,3.875548054199546,0.9582649332193939,1.0150822439153875
SB71852_component_1218a,69.449014,-61.587125,3.5369999408721924,22.106250762939453,69.44908548018138,-61.58706613232938,5.6840876818033665,0.587433417453504,0.6222634376656947
SB71852_component_1222a,71.387006,-58.735313,3.7720000743865967,20.171123504638672,71.38717664049366,-58.73538010019483,3.206610410508455,1.1104777447894494,1.1763200362679826
SB71852_component_1228a,72.869893,-59.916977,3.305000066757202,21.46103858947754,72.8699977723473,-59.91697915735773,3.4297345249382953,0.9096940039634176,0.963631453899967
SB71852_component_1232a,69.887774,-58.250428,3.677999973297119,21.63529396057129,69.88776548745173,-58.250802194238304,3.6916715857405693,0.9405308119648158,0.9962966336181533
SB71852_component_1233a,75.260279,-59.210489,3.368000030517578,19.811763763427734,75.2603540362018,-59.210614717335346,5.1375301014965595,0.6188737641494686,0.6555679410105026
SB71852_component_1237a,72.270262,-62.060296,3.507999897003174,22.06289291381836,72.27011475101543,-62.06019078000532,3.399029260334222,0.9742917689667214,1.0320593405713245
SB71852_component_1241a,76.413717,-60.459043,3.444999933242798,19.685714721679688,76.41349164097542,-60.45916044026123,3.060549056598562,1.0626108292521184,1.1256150022543692
SB71852_component_1245a,70.291738,-57.921816,3.6010000705718994,14.520161628723145,70.29195175034823,-57.921646275572456,2.290892867444179,1.4838934389725407,1.571876241680971
SB71852_component_1246a,73.340271,-60.608269,3.1659998893737793,19.423311233520508,73.34033043995136,-60.60808263749061,2.9823409815289907,1.0021620753464597,1.0615821292676701
SB71852_component_1253a,70.759438,-61.244891,3.2269999980926514,19.79754638671875,70.75958112937022,-61.24499221193812,3.900302296346085,0.7810611944570062,0.8273717658028193
SB71852_component_1254a,72.656603,-60.006355,3.621000051498413,23.06369400024414,72.65655905704965,-60.006415178128904,1.9000376892411512,1.7990808469367607,1.90575169745427
SB71852_component_1255a,72.617168,-60.355929,3.322000026702881,21.43225860595703,72.61725134358272,-60.35601148255196,3.0548069688030526,1.0265975506331568,1.0874664293451317
SB71852_component_1258a,77.171321,-61.642828,3.546999931335449,16.971290588378906,77.17110185729577,-61.64278503431446,1.9767248993715307,1.6939450264338118,1.7943821785536083
SB71852_component_1261a,75.77045,-58.051066,3.4590001106262207,14.352697372436523,75.7705462670707,-58.05113839165901,3.6323443283014427,0.8989756531238374,0.9522775920981364
SB71852_component_1267a,66.694575,-62.608291,3.688999891281128,13.562499046325684,66.69443950288121,-62.60813757490442,2.8355404423883668,1.2281662572475676,1.3009865195835102
SB71852_component_1272a,71.240039,-61.076314,3.11899995803833,18.028902053833008,71.24040808825745,-61.076182728905486,4.024533328582879,0.7316177027401001,0.7749966774748003
SB71852_component_1274a,71.194351,-59.320864,3.1659998893737793,14.794391632080078,71.19404598572191,-59.320886527913515,3.478167732136946,0.8592998548703151,0.9102493419512651
SB71852_component_1277a,73.526875,-61.793293,3.4179999828338623,20.467065811157227,73.5268425348237,-61.79328610367257,3.5428675420792515,0.9107548767986143,0.9647552278592649
SB71852_component_1279a,75.213345,-57.699917,3.621000051498413,10.171348571777344,75.21331455745424,-57.69994809016778,4.39300727136997,0.7781278755101456,0.8242645249183017
SB71852_component_1285a,70.772534,-60.429483,3.4820001125335693,21.103029251098633,70.77251050917968,-60.42932158672768,3.4213640050377183,0.9607576774416468,1.0177227875802073
SB71852_component_1288a,69.946611,-58.904316,3.4170000553131104,19.751445770263672,69.94644897124446,-58.904359825042214,5.141275389026119,0.6274201806459115,0.6646210904412129
SB71852_component_1291a,68.376829,-61.793456,3.365999937057495,18.19459342956543,68.37669174574249,-61.79363185373725,2.711317370102936,1.1719743639661357,1.241462904407131
SB71852_component_1294a,71.204563,-58.250067,3.503000020980835,19.56983184814453,71.20490189851567,-58.24995575674592,2.528938664181969,1.3076340127377324,1.3851660661425902
SB71852_component_1295a,72.924079,-60.655265,3.0320000648498535,18.832298278808594,72.92417905176691,-60.65526915386081,3.0356208526778397,0.942900885460733,0.9988072331810502
SB71852_component_1301a,76.208762,-58.891185,3.4240000247955322,17.558975219726562,76.20893436135053,-58.89112242428865,3.0313890585598284,1.0662927226785106,1.1295152019919963
SB71852_component_1304a,77.183797,-62.326362,3.2709999084472656,12.296992301940918,77.1835063041616,-62.326439995834555,2.9517268862855244,1.046137392717841,1.1081648250199452
SB71852_component_1308a,68.103254,-61.20172,3.2769999504089355,18.514123916625977,68.1025647218508,-61.201768556499886,2.900609789172572,1.0665261081759543,1.1297624253497858
SB71852_component_1309a,70.268113,-59.23902,3.431999921798706,20.30769157409668,70.26815829055323,-59.23890268246419,2.8882932914146395,1.1217351853648725,1.1882449514390443
SB71852_component_1310a,67.193733,-58.869397,3.2750000953674316,17.32804298400879,67.19376670167502,-58.8692112497898,3.6788779435884393,0.8403888903782197,0.8902171111915014
SB71852_component_1312a,68.189107,-59.25461,3.2149999141693115,19.02366828918457,68.1888322166731,-59.25468825767647,3.621897896277574,0.8379712668178598,0.8876561422323765
SB71852_component_1318a,68.053094,-60.842323,3.305000066757202,20.401235580444336,68.05332184552813,-60.84241522521731,3.275823702401527,0.9524349342229221,1.0089065734319846
SB71852_component_1319a,69.607921,-58.639108,3.1679999828338623,19.55555534362793,69.6079303289641,-58.639014376548815,2.1562753555017773,1.3869644068494196,1.4692001069115086
SB71852_component_1321a,66.433051,-59.562689,3.062000036239624,10.072368621826172,66.4330543395458,-59.56267610357656,3.7571312319823993,0.7693663572303014,0.814983519919266
SB71852_component_1322a,75.985433,-62.21075,2.8980000019073486,14.938143730163574,75.98544389596908,-62.210630138960845,2.2580155756999862,1.2115903702145472,1.2834278173696685
SB71852_component_1323a,74.981306,-61.148073,3.1500000953674316,18.10344886779785,74.98042077486542,-61.1483005527237,2.874247304023488,1.0345960097136329,1.0959391319452343
SB71852_component_1327a,66.770744,-59.477724,3.2200000286102295,13.7606840133667,66.77082400681995,-59.477885951765515,3.4917100909753787,0.870566722812284,0.9221842434549744
SB71852_component_1329a,67.315174,-58.431447,3.009000062942505,13.197368621826172,67.31531576474931,-58.43122802731184,3.702289070243145,0.767248833292592,0.8127404440477392
SB71852_component_1333a,75.668401,-59.40008,3.322999954223633,18.461111068725586,75.66843291617332,-59.40024289393432,3.0161867824535347,1.0400553866712299,1.101722205519553
SB71852_component_1340a,68.369096,-62.092216,3.055000066757202,18.076923370361328,68.36936075808114,-62.09236255363859,3.3876705201362314,0.8513231121585153,0.90179964332374
SB71852_component_1341a,68.250627,-61.738891,3.4140000343322754,19.620691299438477,68.25091551232664,-61.73880622976432,4.240575022675773,0.7600166995335481,0.8050795036230878
SB71852_component_1342a,67.292333,-62.027545,3.434000015258789,18.462366104125977,67.29224711725477,-62.027582202050695,3.4444216106362413,0.941170599624115,0.9969743554780661
SB71852_component_1343a,69.71159,-58.140955,3.0390000343322754,17.169490814208984,69.71176364090866,-58.140879062554056,3.0470712019464847,0.9415263245232977,0.9973511719683303
SB71852_component_1347a,76.652474,-59.016736,2.9560000896453857,13.196428298950195,76.65237164221458,-59.01675013768425,2.644630403494018,1.0551733679075337,1.117736559989628
SB71852_component_1348a,69.729107,-58.500026,2.999000072479248,18.398773193359375,69.72906076941322,-58.50003677797108,2.8500887251462705,0.9933503770551936,1.0522479689909776
SB71852_component_1354a,69.725886,-61.378307,2.86299991607666,17.564416885375977,69.72603788228187,-61.378193498731676,2.8961702669456177,0.9332147822949325,0.9885468229380243
SB71852_component_1355a,73.249137,-61.296615,3.3480000495910645,20.795032501220703,73.24862617287363,-61.29658406688151,2.6119340709360674,1.2100619643241413,1.2818087894504953
SB71852_component_1356a,74.33557,-57.954098,2.859999895095825,11.042470932006836,74.33559553946482,-57.954087041937406,2.8283778938754947,0.9545813558111684,1.0111802603495113
SB71852_component_1358a,67.744548,-60.503089,3.109999895095825,19.079753875732422,67.74474082836443,-60.503082356760935,3.15209001734111,0.9314212192173394,0.9866469161687237
SB71852_component_1359a,72.293067,-62.223899,3.306999921798706,18.07103729248047,72.29274399190587,-62.22385766836613,3.200860578336668,0.9753304691199919,1.0331596271891335
SB71852_component_1364a,73.181664,-61.673257,3.2839999198913574,18.659090042114258,73.1813430203935,-61.67322567743159,3.4772146276785345,0.8915711456297163,0.9444340575789618
SB71852_component_1367a,74.46175,-60.761572,2.9570000171661377,19.97972869873047,74.46171612479654,-60.76160256163447,1.6708992215203282,1.6706498466451842,1.7697057842157615
SB71852_component_1369a,74.604601,-61.269071,2.9760000705718994,19.45098114013672,74.60449065787714,-61.26912755541287,2.633462079214962,1.0668177497909004,1.130071358938667
SB71852_component_1376a,67.655501,-61.360065,3.2809998989105225,16.570707321166992,67.65557097817927,-61.36000886489823,3.6625525306224658,0.8456812845217121,0.895823301230004
SB71852_component_1377a,72.758332,-60.133713,3.4049999713897705,19.912281036376953,72.75839460473745,-60.13369994681995,3.3043593190669522,0.9727790536841433,1.0304569335853089
SB71852_component_1379a,72.913671,-60.019066,2.9830000400543213,16.664804458618164,72.91329229561019,-60.01882903879974,3.6802818188356157,0.7651675571451699,0.8105357651654232
SB71852_component_1385a,73.742032,-60.548831,2.927000045776367,18.067901611328125,73.74182641709804,-60.54882472761603,2.4764523575357633,1.1157762595798686,1.1819327098579555
SB71852_component_1392a,67.872355,-60.40786,2.8940000534057617,16.632184982299805,67.87196832063684,-60.40777069190488,3.367296785825593,0.8113374145905498,0.8594431193555193
SB71852_component_1393a,72.978386,-58.506657,3.359999895095825,21.132076263427734,72.97833824895528,-58.50659604186522,3.1246826252433495,1.0151207753908404,1.075309174746715
SB71852_component_1397a,69.560411,-58.943145,3.1029999256134033,18.360946655273438,69.56030360358686,-58.943193299802466,2.7004986998305145,1.0847312638225108,1.1490469985444356
SB71852_component_1402a,72.809086,-60.949251,2.802999973297119,17.51875114440918,72.80911972322365,-60.94920811656069,2.932754226543796,0.9022601764103914,0.9557568608810463
SB71852_component_1403a,66.973519,-60.205143,3.194999933242798,15.8168306350708,66.97357812454976,-60.204953219634746,3.311841542807072,0.9107216663783589,0.9647200483314063
SB71852_component_1409a,71.086863,-58.165266,2.9700000286102295,15.388601303100586,71.08676601728874,-58.165504509511635,2.473664762518606,1.1334437596562859,1.2006477488834304
SB71852_component_1410a,77.702454,-59.492866,3.183000087738037,11.32740306854248,77.70188253440297,-59.49262188278267,2.4493883164285077,1.2267706397009628,1.2995081532760884
SB71852_component_1415a,70.723446,-62.66018,3.0769999027252197,13.555066108703613,70.72316127024408,-62.65980246811752,2.276344242417075,1.2760682645266834,1.351728725993565
SB71852_component_1420a,66.734041,-62.194101,2.742000102996826,14.821621894836426,66.73430760466962,-62.193935916159674,2.0595196675197114,1.2568570569238882,1.3313784501504804
SB71852_component_1429a,66.812871,-58.995471,3.055000066757202,15.507615089416504,66.81341309672145,-58.9960309388867,3.039521238502452,0.9488343669514736,1.005092521828331
SB71852_component_1432a,70.694923,-62.318419,3.0840001106262207,17.930233001708984,70.69532645526203,-62.318347049942375,3.4843831585590945,0.8355507700767397,0.8850921297362586
SB71852_component_1433a,68.985553,-61.771863,2.8980000019073486,18.341772079467773,68.98533582394886,-61.7718704544744,2.717915134317187,1.006576656044069,1.066258458667954
SB71852_component_1446a,76.657982,-59.999291,3.1480000019073486,18.62721824645996,76.65784531985528,-59.999186051799406,2.6845110952897335,1.1070159683376073,1.1726530046498436
SB71852_component_1452a,73.254607,-62.110595,2.828000068664551,16.934133529663086,73.25475185154004,-62.1105149818279,3.138174069086897,0.8507202115946381,0.9011609956637631
SB71852_component_1455a,72.845788,-59.700129,2.813999891281128,16.456138610839844,72.84608917059869,-59.70027786269837,2.9672272035919507,0.8952774364403742,0.9483601012671579
SB71852_component_1461a,73.145407,-58.761731,2.427999973297119,15.270441055297852,73.1452717955647,-58.76181205422704,3.0626461905155193,0.7484041967952318,0.7927784739929187
SB71852_component_1462a,69.025579,-61.44725,2.9179999828338623,18.012346267700195,69.02531204832792,-61.447293511852074,2.386076021811274,1.1544772345534131,1.2229283376389675
SB71852_component_1464a,68.719554,-57.885197,3.059999942779541,10.268455505371094,68.7192554865579,-57.88529879014115,2.8252481481594747,1.0224667272008359,1.083090681706312
SB71852_component_1465a,71.019074,-59.287398,2.686000108718872,15.348572731018066,71.01941123518573,-59.28734441031874,2.2120418182511017,1.1462967411688518,1.2142628075822248
SB71852_component_1466a,71.427558,-58.658195,3.056999921798706,18.305389404296875,71.42772025183031,-58.65819452389159,2.594039823881062,1.1125080272616723,1.1784706979652255
SB71852_component_1472a,77.981811,-61.355118,2.734999895095825,11.028225898742676,77.98166381148881,-61.35550830850664,2.6092613000508256,0.9895189276196242,1.0481893457901477
SB71852_component_1476a,72.573897,-60.573639,2.943000078201294,19.490068435668945,72.5736604001486,-60.57356644549945,3.8684594049334207,0.7181854372871184,0.7607679880130331
SB71852_component_1484a,71.731795,-58.708356,2.8510000705718994,16.672513961791992,71.73153194768568,-58.70838089124526,2.9670499928124956,0.9071032624496562,0.9608871025019058
SB71852_component_1487a,75.142096,-62.06638,2.694999933242798,15.055865287780762,75.14182324299982,-62.066488054441365,2.313896618111515,1.099509971200628,1.1647019629780695
SB71852_component_1494a,74.033767,-61.37981,2.74399995803833,16.530120849609375,74.03333509796097,-61.379833418361805,2.9355531930087415,0.8824264370678289,0.9347471422331535
SB71852_component_1499a,71.081535,-59.033701,3.052000045776367,18.49696922302246,71.08181683148706,-59.033722941468774,2.0974302954083877,1.3736666796520838,1.4551139327288665
SB71852_component_1501a,70.526729,-60.041981,2.865999937057495,18.139238357543945,70.52709210706844,-60.041886364990425,3.0707781890259365,0.8810734084605559,0.9333138900425114
SB71852_component_1515a,69.042064,-62.580901,2.6480000019073486,11.126049995422363,69.04209803539608,-62.580735521313926,2.5232459607510993,0.9907013600116061,1.0494418867985085
SB71852_component_1518a,67.657126,-58.461342,3.0,15.228426933288574,67.65674106322709,-58.46116462900347,1.7221381726559277,1.6445141935760847,1.7420204996520805
SB71852_component_1519a,67.69992,-60.25388,2.0940001010894775,11.830509185791016,67.69954648501823,-60.25389944811389,2.406994582121106,0.8212699839627471,0.8699646092448576
SB71852_component_1520a,75.421849,-58.665935,2.6760001182556152,14.543478965759277,75.42189837797702,-58.66577630797962,1.9456911670702899,1.298364360415495,1.3753467988884294
SB71852_component_1524a,66.317598,-60.555958,2.6659998893737793,13.885416030883789,66.31772147733476,-60.555790691552986,2.3710294271635206,1.0614695684082749,1.1244060739318338
SB71852_component_1528a,67.146529,-62.124125,2.7070000171661377,13.671717643737793,67.1469425891996,-62.124843728630054,3.008931859690205,0.8492983307714214,0.8996548088811976
SB71852_component_1529a,70.815605,-59.730289,2.5739998817443848,16.499998092651367,70.81564217379218,-59.73023528412004,2.0925420081473196,1.1612312165039123,1.2300827757447674
SB71852_component_1530a,75.874747,-62.32248,2.6659998893737793,14.180850982666016,75.87514566368124,-62.322376099555576,2.7476587275660367,0.9159709528279086,0.9702805747405926
SB71852_component_1531a,71.698046,-57.93193,3.0490000247955322,12.757322311401367,71.69801184563723,-57.93187334272635,2.9659301288511815,0.9704672342822572,1.028008042110057
SB71852_component_1543a,76.097608,-58.063744,2.634999990463257,10.799180030822754,76.09769107282663,-58.063768539635696,2.1672080338862685,1.1477951381222031,1.2158500472786349
SB71852_component_1544a,67.428505,-59.85228,2.632999897003174,14.627777099609375,67.42910504157703,-59.85184214445407,3.1421409103149194,0.7910602272567288,0.8379636598599529
SB71852_component_1547a,76.824111,-59.641537,2.5999999046325684,14.444443702697754,76.82357935085538,-59.641676870768805,2.0551871009988787,1.194280472685551,1.2650915838119534
SB71852_component_1548a,69.566591,-61.815437,2.621000051498413,15.981707572937012,69.56675559203698,-61.81530685344617,3.0202034961343864,0.8192476198799228,0.8678223354330524
SB71852_component_1549a,67.926571,-60.032683,2.4719998836517334,14.125714302062988,67.92624889052057,-60.03267211230424,1.327147730281976,1.7583832662633077,1.862641081506814
SB71852_component_1552a,74.369278,-59.140496,2.5769999027252197,15.524096488952637,74.36887984926805,-59.140690349195246,2.831102786063361,0.8592966720095303,0.9102459703727428
SB71852_component_1558a,74.150596,-62.124405,2.578000068664551,15.34523868560791,74.15027051033759,-62.12433923884745,2.740264653304061,0.8881264015091874,0.9407850681707476
SB71852_component_1564a,74.055491,-59.542825,2.736999988555908,17.322784423828125,74.05590715631031,-59.5426771283557,2.950489502199026,0.875719633500679,0.9276426798048248
SB71852_component_1569a,74.122383,-61.770242,2.674999952316284,15.828402519226074,74.12223518935171,-61.77017866806636,4.008960196563772,0.6299069485207657,0.6672553034098782
SB71852_component_1570a,73.929957,-62.465506,2.2320001125335693,11.216080665588379,73.92999049749396,-62.46563353115874,2.6378263215149147,0.7987895587413494,0.8461512777883429
SB71852_component_1572a,66.652024,-60.245764,2.763000011444092,13.283653259277344,66.65157203491152,-60.245566852822755,3.438009344044393,0.7586792370891791,0.803662740542108
SB71852_component_1577a,76.915969,-59.532027,2.247999906539917,12.629212379455566,76.91557080200795,-59.53148283142999,3.0843367508562087,0.6880482030949201,0.7288438611367175
SB71852_component_1578a,69.704229,-59.763951,2.6489999294281006,16.556249618530273,69.70430618522965,-59.76408409658645,2.483642418738056,1.0068789067862605,1.0665786304189728
SB71852_component_1582a,76.459803,-60.145932,2.5399999618530273,13.368420600891113,76.45964519059106,-60.146046446331106,2.3779868239592967,1.0083437969176257,1.0681303766115837
SB71852_component_1584a,66.671617,-58.753455,2.4089999198913574,10.207626342773438,66.6720425591818,-58.75334716357175,2.1680743802948665,1.0489311259958585,1.1111242039416214
SB71852_component_1585a,77.17334,-61.381551,2.4179999828338623,11.459715843200684,77.17330156110133,-61.38156191322503,1.978533049096431,1.1537118388960133,1.2221175602490593
SB71852_component_1586a,68.319665,-59.375858,2.5789999961853027,14.570621490478516,68.31948776188545,-59.37589368879299,2.165312951051691,1.1243849730849773,1.1910518500028757
SB71852_component_1593a,68.626287,-61.729103,2.7119998931884766,16.436363220214844,68.62662489000132,-61.72910985741487,3.1718324428842766,0.8071677395797591,0.8550262165558609
SB71852_component_1595a,69.005252,-60.347234,2.4000000953674316,14.371258735656738,69.00524540946081,-60.347433763588676,1.94365090476043,1.1656746687719441,1.2347896885645986
SB71852_component_1600a,73.290178,-59.041796,2.4100000858306885,14.011628150939941,73.29048034970455,-59.042089625912915,2.0078139262321337,1.1331253632529252,1.200310474164953
SB71852_component_1601a,66.950162,-58.740887,2.493000030517578,11.331818580627441,66.95053894497809,-58.741197357611895,2.8422229731967397,0.8280346356721882,0.8771303497394579
SB71852_component_1603a,68.872681,-62.533732,2.6489999294281006,13.113860130310059,68.872604737817,-62.53372938517581,3.9420501880615886,0.6343722286946915,0.6719853383527531
SB71852_component_1606a,73.292655,-58.413613,2.749000072479248,16.969135284423828,73.29253870711457,-58.41354191300818,3.1220622300100653,0.831223017423257,0.880507776576377
SB71852_component_1609a,77.702534,-59.811517,2.325000047683716,10.108695983886719,77.70226820064904,-59.81138748072102,2.4326375240291473,0.9022563128349159,0.9557527682269931
SB71852_component_1616a,74.328137,-58.084599,2.2920000553131104,10.660465240478516,74.32767873526763,-58.08380943211139,2.216329210354065,0.9762582528976108,1.0341424209930243
SB71852_component_1625a,69.847024,-59.91117,2.321000099182129,13.262858390808105,69.8470397068374,-59.911146243047185,2.416244004876196,0.9068150813952703,0.9605818346566586
SB71852_component_1628a,71.599612,-62.487227,2.4760000705718994,11.734598159790039,71.59982115239197,-62.4871225757144,1.5911729718746137,1.4689858903577786,1.5560847967740687
SB71852_component_1629a,68.637045,-58.475646,2.5409998893737793,14.77325439453125,68.63715889182814,-58.47561615666876,3.0065360979738625,0.7978524599038784,0.8451586166173713
SB71852_component_1637a,67.986316,-60.554022,2.5160000324249268,14.459771156311035,67.98632432727146,-60.554231384239955,2.3400339854893564,1.0150158925450026,1.075198073201818
SB71852_component_1640a,69.810857,-58.358215,2.4509999752044678,15.129629135131836,69.81082423811759,-58.35807482719345,2.374159370920135,0.9745806919613113,1.0323653943477906
SB71852_component_1644a,70.287682,-58.450711,2.755000114440918,16.596385955810547,70.28765580524615,-58.45052380458259,2.4642990465481227,1.0553890332444151,1.1179650125255682
SB71852_component_1645a,72.481373,-61.251097,2.2890000343322754,13.706587791442871,72.48105428157407,-61.25125866892574,2.933512342675311,0.7366178593613193,0.7802933026846405
SB71852_component_1651a,68.279961,-58.827709,2.299999952316284,12.365591049194336,68.2802572649298,-58.82795742160908,2.6785540073086365,0.8106096777236005,0.8586722336158095
SB71852_component_1652a,74.301772,-59.051393,2.61899995803833,16.368749618530273,74.30156928616096,-59.051565901898016,2.3575793436885863,1.0487054827538589,1.1108851818920054
SB71852_component_1654a,76.884424,-61.303694,2.4159998893737793,10.194091796875,76.8841606562168,-61.30374070997178,2.06842759093564,1.1026583044902412,1.1680369668057449
SB71852_component_1658a,67.536811,-58.82702,2.434000015258789,13.086021423339844,67.53698139788602,-58.82708007917629,2.725243256188319,0.8431399501723501,0.8931312864390392
SB71852_component_1665a,67.511518,-58.644001,2.2249999046325684,11.588541030883789,67.5117564714985,-58.64374082591504,2.6158636499861116,0.8029698867983268,0.850579465273116
SB71852_component_1674a,73.611057,-58.065512,2.2279999256134033,10.55924129486084,73.61124349478771,-58.06519520080471,2.3329364021308256,0.901564156426568,0.9550195725774706
SB71852_component_1684a,68.058752,-59.230265,2.2860000133514404,12.699999809265137,68.05886831451659,-59.230246560786455,1.9792775385498556,1.090319795867493,1.1549668850515573
SB71852_component_1697a,74.135792,-58.33064,2.065000057220459,11.40884017944336,74.13564834444892,-58.33065812255493,1.7339886339706712,1.1242378078261104,1.1908959590420167
SB71852_component_1699a,71.892882,-59.939045,2.1989998817443848,13.917719841003418,71.89277244452919,-59.93883405075746,1.899867996731572,1.0926627648598528,1.1574487730344545
SB71852_component_1703a,75.214317,-59.931747,2.38700008392334,14.644171714782715,75.2146267652382,-59.931515193238106,1.7924638055108235,1.2571479866545225,1.331686629646105
SB71852_component_1704a,73.116669,-58.285149,2.1510000228881836,12.727810859680176,73.11654308706383,-58.28505370242123,1.9508423903576084,1.0408846305400776,1.1026006168001528
SB71852_component_1708a,67.889443,-58.024498,2.5230000019073486,11.114537239074707,67.88960460362212,-58.024446304665815,1.7801295056257536,1.337981217802652,1.4173126134553116
SB71852_component_1711a,73.404911,-62.445907,2.4619998931884766,11.83653736114502,73.40406084697675,-62.44606289035622,2.169223695815116,1.0714404906141521,1.1349681906657145
SB71852_component_1712a,76.903304,-58.551899,2.3550000190734863,11.954315185546875,76.90274133908329,-58.55195550197103,1.7951057430526867,1.2384692941749669,1.3119004427386352
SB71852_component_1723a,77.096898,-59.696014,2.3570001125335693,13.094444274902344,77.09652095034471,-59.69613763056192,2.327304106407912,0.9560725125904752,1.012759830588488
SB71852_component_1733a,71.192861,-59.814974,2.2179999351501465,13.691357612609863,71.19284804143493,-59.8150235332642,2.344785482342674,0.8929821492244912,0.9459287222019747
SB71852_component_1735a,73.518164,-60.487578,2.0910000801086426,12.446429252624512,73.51878253042146,-60.48754480247793,1.9061487701951942,1.0355751514506275,1.0969763288174612
SB71852_component_1739a,73.408779,-62.246635,2.0239999294281006,10.940540313720703,73.40913517558819,-62.24699960910008,1.597351459505787,1.1961740455894947,1.2670974301762723
SB71852_component_1754a,72.748563,-60.335447,2.4019999504089355,13.725714683532715,72.74852254559855,-60.33576395510541,2.202690841537114,1.0294465745209302,1.0904843771596822
SB71852_component_1768a,68.477214,-60.724609,1.8739999532699585,12.01282024383545,68.47710335939595,-60.72461000312084,1.8707533968366428,0.9456651794044901,1.0017354272555674
SB71852_component_1769a,76.22301,-62.090881,2.2839999198913574,12.14893627166748,76.22326189626652,-62.090614070045035,1.953286472690401,1.1038612973238433,1.1693112873225613
SB71852_component_1778a,77.488953,-59.631908,2.4590001106262207,11.076577186584473,77.48881961134633,-59.63153045804279,2.293917519046292,1.0119641208634023,1.0719653562995424
SB71852_component_1779a,74.238873,-60.078014,2.127000093460083,12.294798851013184,74.23870267623403,-60.07796618998122,2.181925648821473,0.9202629260487274,0.9748270270386816
SB71852_component_1781a,71.697484,-58.72991,2.234999895095825,12.213114738464355,71.69798059238747,-58.72989213540434,1.4295056847154302,1.4759647487658543,1.563477444680987
SB71852_component_1782a,67.22439,-62.121584,2.2139999866485596,11.353846549987793,67.22553665995352,-62.121945588382374,2.3305662787790093,0.8968101613681577,0.9499837043074701
SB71852_component_1785a,73.040802,-58.688042,1.9889999628067017,11.63157844543457,73.04077397850072,-58.68810558786246,2.800894339029923,0.6703821068011329,0.7101303091267566
SB71852_component_1801a,70.819009,-60.581674,1.9320000410079956,12.305732727050781,70.81943876133057,-60.581327313720145,1.9159633887078307,0.9519284135611891,1.0083700202178605
SB71852_component_1803a,68.344616,-60.656799,2.1429998874664307,12.755951881408691,68.3450052074142,-60.65666181049216,2.1469538206266274,0.9422883241996216,0.998158352023127
SB71852_component_1804a,69.98042,-62.346947,2.1459999084472656,12.850298881530762,69.98024853455878,-62.346879772243206,1.8386527080001318,1.1018294044504238,1.1671589197404384
SB71852_component_1812a,76.537223,-61.491838,2.1440000534057617,11.051546096801758,76.5365951031713,-61.49180385484001,2.5134465850108074,0.805266248100569,0.853011982109237
SB71852_component_1815a,68.966561,-61.000702,1.9359999895095825,11.0,68.96604710165786,-61.00111073854897,1.7845922177051432,1.0241197007717142,1.0848416631554847
SB71852_component_1819a,70.351928,-59.543468,2.181999921798706,13.386502265930176,70.3517562772966,-59.54367105445251,1.6520759247951182,1.2468353106261136,1.3207624958697382
SB71852_component_1825a,72.341678,-60.149085,2.1670000553131104,13.89102554321289,72.34151597192476,-60.149005996905146,2.0676570731653565,0.9893837561942131,1.0480461597994442
SB71852_component_1826a,73.713634,-58.927199,2.234999895095825,14.419354438781738,73.71353716825071,-58.927222360102064,2.099976214832794,1.0047256649372889,1.0642977188547738
SB71852_component_1829a,72.349013,-60.041443,2.183000087738037,13.816455841064453,72.34923321602781,-60.04174120181563,1.8153183783398348,1.1352338008581844,1.2025439249584742
SB71852_component_1830a,71.59072,-61.474165,2.055000066757202,13.173076629638672,71.5910988013828,-61.47410738741457,2.0092932697286368,0.9655013282463323,1.022747698266435
SB71852_component_1838a,72.960362,-61.509052,2.061000108718872,12.881251335144043,72.95962231100059,-61.509095793282576,1.401269498604463,1.388483459924378,1.470809227469406
SB71852_component_1841a,75.528518,-59.956879,1.8040000200271606,11.34591293334961,75.52863106533958,-59.95679188314321,1.9639276279106375,0.8671523854546155,0.9185674636831608
SB71852_component_1845a,74.013907,-59.485037,2.015000104904175,11.923077583312988,74.01388475727138,-59.4851355003754,1.9651089603405234,0.9679943044303931,1.02538848764651
SB71852_component_1852a,72.839852,-60.652925,1.8539999723434448,12.117647171020508,72.84014712457628,-60.65284894153205,2.253477510892529,0.7766777429101334,0.8227284112585335
SB71852_component_1854a,67.365654,-61.654075,2.187999963760376,10.885571479797363,67.3653556583459,-61.65438257427915,1.969594968755318,1.0487084058325769,1.1108882782854987
SB71852_component_1866a,71.408326,-58.508604,2.2339999675750732,12.988371849060059,71.40877238804889,-58.50837824459322,2.5074645218224028,0.8410711385860601,0.8909398111648743
SB71852_component_1867a,76.393158,-60.076778,2.005000114440918,11.392045974731445,76.39250241848478,-60.076578302474196,2.0408395306951603,0.9274487253090733,0.9824388857060042
SB71852_component_1869a,73.071745,-60.291882,1.9359999895095825,12.993288040161133,73.07185968416525,-60.29189037797402,2.10568593979004,0.867952819297429,0.9194153567376829
SB71852_component_1879a,69.458908,-61.734999,1.9769999980926514,12.128833770751953,69.45945456463383,-61.7349881322463,2.742148352506177,0.6806127600129542,0.7209675568011407
SB71852_component_1889a,72.140591,-59.089978,1.8960000276565552,11.285714149475098,72.14042791663196,-59.089749486124965,1.5657490376811147,1.1431429720575665,1.2109220456328968
SB71852_component_1904a,67.819139,-59.860142,1.9240000247955322,11.384615898132324,67.8197741170572,-59.860062345890086,1.5861846199846634,1.1450796683750726,1.2129735722781974
SB71852_component_1907a,72.39306,-60.749626,1.7669999599456787,11.254776000976562,72.39272878086636,-60.74951313463922,1.9944179317180422,0.836382108908972,0.8859727601945195
SB71852_component_1911a,68.27454,-59.709848,1.9850000143051147,11.676470756530762,68.27460025684721,-59.70950631302347,2.047457644246877,0.915229379347562,0.9694950319889347
SB71852_component_1914a,70.758339,-59.215132,1.777999997138977,10.841463088989258,70.75843310706102,-59.215031650996416,2.221050667855751,0.7557143251899051,0.8005220335002513
SB71852_component_1932a,69.50028,-60.269773,1.965999960899353,12.443037033081055,69.5006765710744,-60.26965658301592,1.8275530549732646,1.0155419688739842,1.0757553415750842
SB71852_component_1946a,73.01882,-58.614949,1.9839999675750732,11.534883499145508,73.01891070104651,-58.614637413519624,2.198992249914824,0.8517307498710881,0.9022314506346812
SB71852_component_1952a,70.541944,-61.906682,1.805999994277954,11.148148536682129,70.54187315559066,-61.90661150371152,2.0346203406733365,0.8379512004237549,0.8876348860644326
SB71852_component_1960a,69.772351,-61.168461,1.9110000133514404,11.375,69.7718145539624,-61.1684865942036,2.179493188913964,0.8277316063404433,0.8768093532348624
SB71852_component_1966a,70.889273,-58.479801,1.8389999866485596,10.881656646728516,70.88909886614829,-58.479590886269854,2.0180969447911474,0.86024878116134,0.911254531847516
SB71852_component_1981a,72.897108,-58.907489,1.847000002861023,10.864706039428711,72.89694489272746,-58.90743904921442,2.110814882282805,0.826040067311164,0.8750175197095108
SB71852_component_1988a,69.320531,-60.38581,1.840000033378601,11.572327613830566,69.31969054570605,-60.38568608701334,1.7517297391675255,0.9915967453126153,1.0503903611598353
SB71852_component_1996a,72.291854,-60.868376,1.5219999551773071,10.07947063446045,72.2918708585182,-60.86811425080133,1.5893056043455898,0.9040482078717341,0.957650908054278
SB71852_component_2022a,73.998264,-61.564272,1.9759999513626099,11.623529434204102,73.9974482022247,-61.564338735378925,1.8784622085152498,0.9930447783854014,1.051924250807502
SB71852_component_2025a,74.197494,-60.036331,1.8609999418258667,11.417177200317383,74.1979387529483,-60.036386649320235,1.8479957387058346,0.9506699336360693,1.0070369226766394
SB71852_component_2028a,66.943674,-59.087688,1.9739999771118164,10.72826099395752,66.94391997416572,-59.08784186352019,1.8371292748292218,1.0143592416830494,1.0745024882885925
SB71852_component_2054a,74.000624,-61.284539,1.9179999828338623,11.839506149291992,74.00076127597737,-61.2844904839218,1.7896360025482339,1.0117384513421301,1.0717263064125069
SB71852_component_2209a,70.118313,-59.890306,1.6640000343322754,10.947368621826172,70.11829726500412,-59.890011088252926,2.1031731462170145,0.7469003582588403,0.7911854700718857
SB71852_component_2210a,70.833944,-62.062801,1.6130000352859497,10.339743614196777,70.8343908365842,-62.06274410213674,1.6069933752308942,0.9475554967433688,1.0037378250263118
SB71852_component_2295a,74.114444,-61.652355,1.6349999904632568,10.030674934387207,74.1138470318077,-61.65243694171369,1.6826767665053783,0.9172789366961795,0.9716661114058538
SB71852_component_2419a,73.256263,-59.909084,1.524999976158142,10.445205688476562,73.25595765445324,-59.90884777202129,1.8266736553897271,0.7881216108833001,0.8348508074545905
