Component_ID,RA,DEC,ASKAP_flux,ASKAP_flux_SNR,RA_comp,DEC_comp,Comp_flux,Flux_Ratio_AlphaCorr,Flux_Ratio_NOAlphaCorr
SB68949_component_2a,264.30708,6.351032,645.916015625,2083.60009765625,264.3071594238281,6.350991725921631,638.0603637695312,1.286017894744873,1.0123118162155151
SB68949_component_3a,262.103965,4.451391,588.625,1648.8095703125,262.10400390625,4.451330661773682,495.2249450683594,1.5099719762802124,1.1886012554168701
SB68949_component_9a,265.154935,3.196696,268.739013671875,966.6871337890625,265.155029296875,3.196627378463745,239.9796142578125,1.4226206541061401,1.1198409795761108
SB68949_component_10a,261.281098,6.378278,283.4179992675781,1216.38623046875,261.2811279296875,6.378270626068115,306.53936767578125,1.1745564937591553,0.9245729446411133
SB68949_component_12a,261.096068,3.44247,207.46600341796875,768.392578125,261.09613037109375,3.442445993423462,292.5697937011719,0.9008452296257019,0.7091162800788879
SB68949_component_14a,265.820171,4.345009,194.91799926757812,549.0648193359375,265.8202209472656,4.344937324523926,307.956298828125,0.8040732145309448,0.6329404711723328
SB68949_component_15a,263.130275,4.362162,192.25399780273438,797.7344360351562,263.1302490234375,4.362151145935059,287.305908203125,0.8500872850418091,0.669161319732666
SB68949_component_16a,265.089915,6.475802,182.27200317382812,756.3153686523438,265.0899963378906,6.47576904296875,224.44215393066406,1.0316877365112305,0.8121112585067749
SB68949_component_19a,263.171071,4.199566,178.1739959716797,813.5798950195312,263.1710510253906,4.199563980102539,279.67767333984375,0.8093180656433105,0.637069046497345
SB68949_component_22a,261.687213,6.655195,157.1219940185547,621.0355834960938,261.687255859375,6.655128002166748,170.78114318847656,1.1687718629837036,0.9200195670127869
SB68949_component_23a,262.06791,3.042785,147.99899291992188,685.1804809570312,262.0679626464844,3.0427677631378174,194.91099548339844,0.9646175503730774,0.7593157887458801
SB68949_component_24a,260.892722,1.858294,152.0330047607422,162.2550811767578,260.892822265625,1.8583041429519653,181.08255004882812,1.06658136844635,0.8395784497261047
SB68949_component_26a,264.064994,5.293462,141.2949981689453,654.1434936523438,264.0650329589844,5.293416976928711,210.8311767578125,0.8513823747634888,0.6701807379722595
SB68949_component_28a,259.952372,2.913303,135.3560028076172,157.3907012939453,259.95245361328125,2.913339853286743,190.7903289794922,0.9012678265571594,0.7094489932060242
SB68949_component_31a,264.822185,6.782179,120.82599639892578,497.226318359375,264.822265625,6.782139301300049,91.40856170654297,1.679214596748352,1.3218235969543457
SB68949_component_36a,261.603248,5.078599,114.01000213623047,561.6256713867188,261.6033020019531,5.0785112380981445,92.84545135498047,1.5599656105041504,1.227954626083374
SB68949_component_37a,261.216863,4.583556,111.86900329589844,532.7095336914062,261.2169494628906,4.583456039428711,146.98318481445312,0.9668850302696228,0.761100709438324
SB68949_component_39a,264.118954,6.529899,102.3239974975586,473.7221984863281,264.1190490722656,6.529870510101318,92.7239990234375,1.4019032716751099,1.1035330295562744
SB68949_component_40a,265.252528,7.398824,104.72100067138672,141.89837646484375,265.2525939941406,7.398749351501465,144.2640838623047,0.922164261341095,0.7258979082107544
SB68949_component_41a,261.385596,4.958301,100.35800170898438,499.29351806640625,261.3856506347656,4.958204746246338,155.45343017578125,0.8201332092285156,0.6455824375152588
SB68949_component_42a,261.102534,2.941773,98.55500030517578,417.6059265136719,261.1026306152344,2.9417693614959717,111.5316390991211,1.1225696802139282,0.8836506009101868
SB68949_component_43a,263.019102,1.908233,101.78099822998047,116.1883544921875,263.0191955566406,1.9082478284835815,105.28253173828125,1.2281264066696167,0.9667415618896484
SB68949_component_44a,266.526839,5.996975,93.0510025024414,50.653785705566406,266.5269470214844,5.996881484985352,89.67103576660156,1.3182616233825684,1.037692904472351
SB68949_component_46a,266.212999,6.307896,93.46299743652344,264.019775390625,266.2130432128906,6.307808876037598,120.9487075805664,0.9816828370094299,0.7727490663528442
SB68949_component_47a,265.479869,6.522006,103.51799774169922,417.4112854003906,265.47991943359375,6.521953105926514,145.3490447998047,0.9047662615776062,0.712202787399292
SB68949_component_49a,261.768909,5.481229,90.1760025024414,402.5714416503906,261.76898193359375,5.4811553955078125,95.17290496826172,1.2036781311035156,0.9474965929985046
SB68949_component_51a,261.730668,5.818779,88.26300048828125,452.63079833984375,261.7307434082031,5.818697929382324,76.66509246826172,1.4625601768493652,1.151280164718628
SB68949_component_53a,265.505202,5.827808,90.0270004272461,364.4817810058594,265.5052795410156,5.827785968780518,126.5274429321289,0.9039008021354675,0.7115215063095093
SB68949_component_57a,264.769219,4.731956,88.20899963378906,375.3574523925781,264.7692565917969,4.73188591003418,122.8929214477539,0.9118402004241943,0.7177711725234985
SB68949_component_59a,264.140521,7.096632,84.81300354003906,265.8714904785156,264.140625,7.096608638763428,127.38582611083984,0.8458124399185181,0.6657962203025818
SB68949_component_64a,260.983781,6.817412,75.33799743652344,294.2890319824219,260.98382568359375,6.817401885986328,113.36554718017578,0.8442395329475403,0.6645581126213074
SB68949_component_68a,262.854041,4.694963,71.67900085449219,360.19598388671875,262.85406494140625,4.694952011108398,95.32351684570312,0.9552665948867798,0.7519550323486328
SB68949_component_72a,266.483113,6.214848,66.75,97.44525146484375,266.4831848144531,6.214715480804443,79.19903564453125,1.0706908702850342,0.8428133130073547
SB68949_component_73a,261.028727,4.594157,64.77899932861328,295.7945251464844,261.02880859375,4.594040870666504,79.14818572998047,1.0397429466247559,0.8184521198272705
SB68949_component_74a,264.610933,2.783707,64.64800262451172,303.5117492675781,264.6109924316406,2.7836227416992188,95.90164947509766,0.8563705682754517,0.6741073131561279
SB68949_component_77a,265.270245,1.874967,63.74100112915039,72.02372741699219,265.27032470703125,1.8748924732208252,74.96745300292969,1.080137014389038,0.8502489924430847
SB68949_component_79a,261.60976,3.901804,59.21200180053711,290.2549133300781,261.60980224609375,3.90175199508667,82.60808563232422,0.9105837345123291,0.7167821526527405
SB68949_component_80a,261.543746,6.530499,59.1870002746582,291.56158447265625,261.5437927246094,6.530444622039795,80.2585678100586,0.9368447661399841,0.7374539971351624
SB68949_component_82a,263.662345,5.312309,58.308998107910156,271.20465087890625,263.6623840332031,5.3122687339782715,89.52653503417969,0.8274019360542297,0.6513040661811829
SB68949_component_86a,264.109336,6.650354,55.108001708984375,258.7230224609375,264.1094055175781,6.650343894958496,38.39590835571289,1.8233181238174438,1.4352571964263916
SB68949_component_87a,260.728319,3.36005,53.61399841308594,182.98292541503906,260.7284240722656,3.3600518703460693,83.3508071899414,0.8171486854553223,0.6432331204414368
SB68949_component_90a,265.465067,2.767538,53.82899856567383,234.03912353515625,265.4652099609375,2.7674832344055176,66.93756866455078,1.02159583568573,0.8041672110557556
SB68949_component_91a,259.895932,6.083605,56.000999450683594,67.22808837890625,259.8959045410156,6.083595275878906,73.75618743896484,0.9645617604255676,0.7592718601226807
SB68949_component_92a,266.697779,7.131871,51.452999114990234,50.10029220581055,266.6977844238281,7.131664276123047,74.45897674560547,0.8778622150421143,0.6910247802734375
SB68949_component_93a,260.429292,3.900028,50.099998474121094,141.9263458251953,260.42938232421875,3.899986505508423,68.57752990722656,0.9280868172645569,0.7305599451065063
SB68949_component_95a,265.435188,4.365088,53.077999114990234,244.5990753173828,265.435302734375,4.365027904510498,60.70240020751953,1.110814094543457,0.8743970394134521
SB68949_component_96a,261.301495,3.455765,51.40800094604492,245.97128295898438,261.30157470703125,3.4557294845581055,66.89971923828125,0.9762007594108582,0.7684337496757507
SB68949_component_98a,264.758511,2.988147,48.87200164794922,201.95042419433594,264.7585754394531,2.988060712814331,66.54936218261719,0.9329297542572021,0.7343721985816956
SB68949_component_99a,263.370576,6.182309,51.03499984741211,231.97727966308594,263.37066650390625,6.182247161865234,70.7926025390625,0.9158260226249695,0.7209086418151855
SB68949_component_101a,265.929927,5.514698,49.68600082397461,182.0,265.92999267578125,5.514585971832275,78.10990142822266,0.8080917000770569,0.6361037492752075
SB68949_component_103a,260.794529,4.4698,47.847999572753906,212.65777587890625,260.79461669921875,4.469684600830078,70.80577850341797,0.8584753274917603,0.6757640242576599
SB68949_component_109a,264.072426,6.512075,46.51300048828125,228.00491333007812,264.0725402832031,6.512059688568115,54.709991455078125,1.0800414085388184,0.8501737713813782
SB68949_component_110a,261.802441,7.485148,44.233001708984375,44.7249755859375,261.8024597167969,7.485075950622559,70.62379455566406,0.7956609725952148,0.6263186931610107
SB68949_component_113a,266.540174,3.196974,47.60900115966797,75.33069610595703,266.54022216796875,3.1968743801116943,64.29219818115234,0.9407267570495605,0.7405097484588623
SB68949_component_115a,263.579499,4.956258,44.191001892089844,222.06533813476562,263.5794982910156,4.956206321716309,58.159847259521484,0.9652577638626099,0.759819746017456
SB68949_component_116a,263.724607,5.949162,45.0260009765625,218.57281494140625,263.72467041015625,5.949123382568359,60.68193817138672,0.9426199793815613,0.7420000433921814
SB68949_component_123a,260.77051,5.01436,40.66600036621094,135.55332946777344,260.7705383300781,5.014312267303467,65.4212417602539,0.7896695733070374,0.6216024160385132
SB68949_component_126a,263.070108,7.41956,41.62300109863281,77.07962799072266,263.0701904296875,7.4195661544799805,68.33872985839844,0.7737473845481873,0.6090689897537231
SB68949_component_127a,266.47941,5.632484,41.231998443603516,50.34431838989258,266.47943115234375,5.632308483123779,43.10979461669922,1.2150416374206543,0.9564415216445923
SB68949_component_129a,263.952977,2.681307,39.9900016784668,171.6309051513672,263.9530029296875,2.6812822818756104,50.13813781738281,1.0132484436035156,0.7975964546203613
SB68949_component_133a,261.56006,6.641884,43.025001525878906,209.8780517578125,261.5600891113281,6.641829013824463,61.75047302246094,0.8851428031921387,0.6967558264732361
SB68949_component_134a,262.766218,6.497547,40.930999755859375,224.89561462402344,262.76629638671875,6.497469902038574,60.76866912841797,0.8556680679321289,0.6735543012619019
SB68949_component_137a,266.239001,2.998895,38.768001556396484,80.93528747558594,266.2391052246094,2.998785972595215,48.91270065307617,1.0068957805633545,0.7925958037376404
SB68949_component_144a,261.56575,6.429341,43.24100112915039,214.06436157226562,261.5657958984375,6.4292755126953125,64.96028900146484,0.8456302285194397,0.665652871131897
SB68949_component_145a,263.374486,4.95298,40.23099899291992,215.13902282714844,263.37451171875,4.95293664932251,58.02041244506836,0.8808718323707581,0.693393886089325
SB68949_component_148a,265.231302,6.457351,36.84299850463867,163.02212524414062,265.2313537597656,6.457316875457764,51.28313064575195,0.9126686453819275,0.7184233665466309
SB68949_component_149a,261.699074,3.502846,38.32600021362305,199.6145782470703,261.6991271972656,3.5028319358825684,57.04585647583008,0.8534972071647644,0.6718454957008362
SB68949_component_151a,265.910038,7.465615,40.52899932861328,50.59800338745117,265.9100036621094,7.465451717376709,55.076202392578125,0.9348342418670654,0.7358713746070862
SB68949_component_153a,266.503439,4.783235,37.29899978637695,68.81734466552734,266.5035095214844,4.783104419708252,49.21885681152344,0.9627164006233215,0.7578192949295044
SB68949_component_156a,265.333318,7.134974,37.39500045776367,88.19575500488281,265.3333435058594,7.134899616241455,53.2432746887207,0.8922396302223206,0.7023422122001648
SB68949_component_159a,263.123717,6.717076,34.72600173950195,179.92745971679688,263.1238098144531,6.717050552368164,51.739784240722656,0.8526344299316406,0.6711663603782654
SB68949_component_161a,265.185729,2.259067,35.819000244140625,107.24251556396484,265.1858825683594,2.2589786052703857,40.595603942871094,1.1209007501602173,0.8823369145393372
SB68949_component_162a,265.389072,6.424652,34.32600021362305,137.3040008544922,265.3891296386719,6.424621105194092,43.89793395996094,0.9933717846870422,0.7819502353668213
SB68949_component_163a,265.818361,3.983988,36.6619987487793,123.44107818603516,265.8184509277344,3.9838926792144775,52.550758361816406,0.8862777948379517,0.6976493000984192
SB68949_component_164a,263.143147,3.156401,35.2239990234375,183.4583282470703,263.14312744140625,3.1563901901245117,53.40843963623047,0.837840735912323,0.659521222114563
SB68949_component_165a,263.548742,3.878767,34.72999954223633,177.19387817382812,263.5486755371094,3.8787288665771484,32.707401275634766,1.3489364385604858,1.0618391036987305
SB68949_component_167a,265.415073,2.152555,34.05099868774414,86.42385864257812,265.4152526855469,2.152496814727783,49.157569885253906,0.8799787163734436,0.6926908493041992
SB68949_component_168a,264.498337,3.979494,31.58799934387207,142.93212890625,264.4983215332031,3.9794061183929443,43.47737121582031,0.9229784607887268,0.7265388369560242
SB68949_component_171a,261.950916,3.113219,32.45399856567383,162.26998901367188,261.9509582519531,3.1131842136383057,44.34666061401367,0.9296939373016357,0.731825053691864
SB68949_component_172a,260.023338,6.172885,33.22200012207031,53.15520095825195,260.02337646484375,6.172896862030029,50.25235366821289,0.8398507237434387,0.661103367805481
SB68949_component_173a,261.676906,4.518136,34.85100173950195,193.61666870117188,261.6769104003906,4.518031120300293,45.29890060424805,0.977372944355011,0.7693564295768738
SB68949_component_174a,260.690531,3.552268,31.083999633789062,92.23738098144531,260.6906433105469,3.552236318588257,48.7127685546875,0.8106377124786377,0.6381078362464905
SB68949_component_177a,260.187895,4.094115,31.506000518798828,81.2010269165039,260.18798828125,4.094067573547363,34.12065887451172,1.173028588294983,0.9233702421188354
SB68949_component_180a,263.098609,6.468297,31.187999725341797,151.39805603027344,263.09869384765625,6.468230724334717,48.09055709838867,0.8238732814788818,0.6485264897346497
SB68949_component_181a,259.900551,4.578636,31.902999877929688,32.92363357543945,259.90057373046875,4.5786356925964355,37.769386291503906,1.0730607509613037,0.8446788191795349
SB68949_component_184a,264.069254,5.975739,31.125,140.20269775390625,264.0693054199219,5.97569465637207,42.61181640625,0.9279231429100037,0.7304311990737915
SB68949_component_186a,261.708142,4.394764,29.895999908447266,159.0212860107422,261.7082214355469,4.394697666168213,22.28826141357422,1.7040001153945923,1.3413338661193848
SB68949_component_187a,262.285988,5.359805,29.091999053955078,137.87677001953125,262.28607177734375,5.3597307205200195,44.08692169189453,0.838294267654419,0.6598781943321228
SB68949_component_188a,261.097833,4.078583,31.176000595092773,137.94691467285156,261.097900390625,4.078495025634766,44.2921142578125,0.8941836357116699,0.7038725018501282
SB68949_component_189a,265.286535,2.314928,29.697999954223633,90.2674789428711,265.28668212890625,2.314896583557129,41.09911346435547,0.9179678559303284,0.722594678401947
SB68949_component_191a,264.949597,6.949994,30.173999786376953,113.43608856201172,264.9496765136719,6.949975967407227,26.538074493408203,1.4444290399551392,1.1370078325271606
SB68949_component_192a,263.748069,6.054167,29.96500015258789,144.0625,263.74810791015625,6.054104328155518,39.49830627441406,0.9637591242790222,0.7586401104927063
SB68949_component_194a,266.108534,5.144081,29.749000549316406,127.67811584472656,266.1086120605469,5.143994331359863,49.24858093261719,0.7673815488815308,0.604058027267456
SB68949_component_195a,262.694123,5.638582,31.90399932861328,167.03665161132812,262.6942138671875,5.6385040283203125,42.38746643066406,0.9561815857887268,0.7526752948760986
SB68949_component_196a,262.859517,3.521688,28.05699920654297,147.6684112548828,262.85943603515625,3.52172589302063,15.67836856842041,2.2733852863311768,1.789535641670227
SB68949_component_198a,262.048684,5.861677,27.01300048828125,135.74371337890625,262.0487976074219,5.861599445343018,44.491661071777344,0.7713063955307007,0.6071475148200989
SB68949_component_203a,260.088824,5.928779,28.183000564575195,59.58351135253906,260.0888366699219,5.9287848472595215,39.334747314453125,0.9102141857147217,0.7164912223815918
SB68949_component_205a,266.848349,6.729284,28.7189998626709,27.37750244140625,266.8482666015625,6.7291717529296875,33.399356842041016,1.0923553705215454,0.8598668575286865
SB68949_component_206a,265.603223,2.253016,26.957000732421875,66.23341369628906,265.60333251953125,2.252964973449707,31.80282974243164,1.0768086910247803,0.8476290106773376
SB68949_component_207a,265.686415,5.426008,29.95400047302246,132.53982543945312,265.6864929199219,5.425932884216309,41.68753433227539,0.9128119945526123,0.7185361385345459
SB68949_component_209a,262.553847,4.020815,27.986000061035156,141.3434295654297,262.5538330078125,4.02078914642334,43.825279235839844,0.8112390637397766,0.6385812163352966
SB68949_component_213a,265.409402,1.760199,25.270000457763672,21.32489585876465,265.40960693359375,1.7602344751358032,10.586660385131836,3.0323476791381836,2.3869662284851074
SB68949_component_214a,262.256466,6.104306,24.850000381469727,131.4814910888672,262.256591796875,6.104196548461914,46.806739807128906,0.674451470375061,0.5309064388275146
SB68949_component_215a,263.712658,4.944069,25.448999404907227,132.546875,263.7126770019531,4.943989276885986,29.530078887939453,1.094810128211975,0.8617992401123047
SB68949_component_217a,260.129388,2.213294,24.190000534057617,32.77777862548828,260.1295166015625,2.2132632732391357,36.52986145019531,0.8412412405014038,0.662198007106781
SB68949_component_218a,264.065032,3.094372,24.89699935913086,120.27536010742188,264.0650329589844,3.0943427085876465,35.71065902709961,0.8856902122497559,0.6971867680549622
SB68949_component_219a,260.460985,2.613982,25.898000717163086,96.63433074951172,260.4610900878906,2.614003896713257,34.48838424682617,0.9539510607719421,0.75091952085495
SB68949_component_223a,264.865952,5.912884,28.256000518798828,145.6494903564453,264.8660583496094,5.912755489349365,45.402626037597656,0.7906101942062378,0.6223428845405579
SB68949_component_224a,264.635349,7.267433,25.121999740600586,55.579647064208984,264.6354064941406,7.267415523529053,43.80082321166992,0.7286259531974792,0.5735508799552917
SB68949_component_225a,261.80173,2.830241,24.15999984741211,132.02186584472656,261.8017883300781,2.83022403717041,33.3817024230957,0.9194353222846985,0.7237497568130493
SB68949_component_226a,262.185205,3.305893,25.444000244140625,145.394287109375,262.1852111816406,3.305875539779663,22.383888244628906,1.4440511465072632,1.136710524559021
SB68949_component_230a,263.637473,3.238464,24.54599952697754,118.57970428466797,263.637451171875,3.238419532775879,32.52975082397461,0.9585895538330078,0.7545707821846008
SB68949_component_232a,263.933725,4.209237,23.452999114990234,120.27179718017578,263.9336853027344,4.2091779708862305,37.34603500366211,0.7977863550186157,0.6279916763305664
SB68949_component_237a,262.64989,2.005522,23.218000411987305,47.675567626953125,262.6499938964844,2.0054407119750977,32.86691665649414,0.8974258303642273,0.7064246535301208
SB68949_component_240a,264.827182,4.86581,25.308000564575195,112.4800033569336,264.82720947265625,4.865752696990967,37.055580139160156,0.8676347732543945,0.682974100112915
SB68949_component_242a,261.511364,6.131423,23.27400016784668,118.14213562011719,261.5114440917969,6.131368637084961,29.832763671875,0.991083562374115,0.780148983001709
SB68949_component_245a,261.833408,6.689331,22.05500030517578,101.63594818115234,261.83349609375,6.689242362976074,26.647438049316406,1.0514395236968994,0.8276593089103699
SB68949_component_246a,263.369466,5.19301,23.731000900268555,133.32022094726562,263.3695068359375,5.1929030418396,28.599376678466797,1.054125189781189,0.8297733664512634
SB68949_component_247a,265.771708,4.433794,22.30500030517578,76.12627410888672,265.7717590332031,4.433717727661133,30.669147491455078,0.9239175915718079,0.7272781133651733
SB68949_component_248a,265.863765,5.815402,24.577999114990234,77.77847290039062,265.86383056640625,5.815330505371094,34.83559036254883,0.896305501461029,0.705542802810669
SB68949_component_249a,261.35429,4.902421,22.29800033569336,114.34872436523438,261.3543395996094,4.90234899520874,35.11119079589844,0.8067761659622192,0.6350681781768799
SB68949_component_250a,262.991975,5.050649,22.562000274658203,123.96703338623047,262.99200439453125,5.050621032714844,33.567054748535156,0.8538804650306702,0.6721471548080444
SB68949_component_251a,265.831576,2.886216,21.44300079345703,64.39339447021484,265.83172607421875,2.886150598526001,27.413551330566406,0.9936947226524353,0.7822043895721436
SB68949_component_255a,265.915332,6.226763,20.857999801635742,79.00757598876953,265.9154052734375,6.226654529571533,18.664039611816406,1.4197102785110474,1.1175501346588135
SB68949_component_259a,263.577708,3.380731,21.892000198364258,104.24761962890625,263.57769775390625,3.380711555480957,33.05961227416992,0.8412409424781799,0.6621977090835571
SB68949_component_260a,262.365098,5.227083,20.981000900268555,115.9171371459961,262.36517333984375,5.227023601531982,26.56074333190918,1.0035029649734497,0.789925217628479
SB68949_component_261a,265.77263,4.913519,21.5939998626709,104.82524108886719,265.772705078125,4.913411617279053,30.479299545288086,0.900037944316864,0.7084808349609375
SB68949_component_262a,263.444868,5.696292,21.202999114990234,118.45250701904297,263.4449157714844,5.696230888366699,29.296436309814453,0.9194226861000061,0.7237398624420166
SB68949_component_266a,261.688832,3.767915,20.652999877929688,101.73892211914062,261.6888427734375,3.7678825855255127,28.765487670898438,0.912103533744812,0.7179784178733826
SB68949_component_268a,265.635137,2.827261,20.155000686645508,80.94377899169922,265.63525390625,2.827176332473755,21.259685516357422,1.204366683959961,0.9480385184288025
SB68949_component_269a,265.298351,4.146994,22.451000213623047,97.19047546386719,265.29840087890625,4.146960258483887,16.52666664123535,1.7257709503173828,1.358471155166626
SB68949_component_270a,262.16453,2.605996,21.125999450683594,94.73542022705078,262.16461181640625,2.6059906482696533,29.845508575439453,0.899230420589447,0.7078452110290527
SB68949_component_271a,262.071062,1.855837,21.658000946044922,28.648149490356445,262.0712585449219,1.8558425903320312,28.062665939331055,0.9804425835609436,0.7717727422714233
SB68949_component_277a,261.365217,5.151958,19.374000549316406,109.45762634277344,261.36529541015625,5.151878833770752,26.306791305541992,0.9355869293212891,0.7364638447761536
SB68949_component_279a,261.744742,4.07606,19.722000122070312,103.80000305175781,261.7447509765625,4.075993061065674,27.00496482849121,0.9277694225311279,0.7303101420402527
SB68949_component_282a,261.01025,5.816242,19.0310001373291,91.49519348144531,261.0103759765625,5.8161444664001465,26.76902198791504,0.9031540155410767,0.7109336853027344
SB68949_component_283a,266.580915,3.831547,17.70800018310547,20.42445182800293,266.5809631347656,3.8314480781555176,22.508989334106445,0.9994158744812012,0.7867079377174377
SB68949_component_284a,262.73352,6.759961,17.902000427246094,82.87963104248047,262.73358154296875,6.759891986846924,24.347469329833984,0.9340721964836121,0.7352715134620667
SB68949_component_286a,264.002134,2.172573,17.777000427246094,43.893829345703125,264.00213623046875,2.1724905967712402,24.861024856567383,0.908389687538147,0.715054988861084
SB68949_component_292a,263.681287,3.230581,18.01799964904785,84.19625854492188,263.6812438964844,3.2305662631988525,22.306474685668945,1.0261441469192505,0.8077475428581238
SB68949_component_293a,261.915437,5.436982,17.735000610351562,93.83598327636719,261.91534423828125,5.436961650848389,11.988484382629395,1.8793153762817383,1.4793363809585571
SB68949_component_294a,261.730024,6.975779,18.333999633789062,64.10488891601562,261.7301025390625,6.975714683532715,27.378803253173828,0.8506981134414673,0.6696420907974243
SB68949_component_295a,260.929853,7.208598,15.862000465393066,32.97713088989258,260.92987060546875,7.20850133895874,28.805070877075195,0.6995547413825989,0.5506669282913208
SB68949_component_296a,266.400046,4.595795,17.160999298095703,29.690309524536133,266.400146484375,4.595702648162842,22.934856414794922,0.9505593776702881,0.7482497096061707
SB68949_component_297a,260.659642,5.172545,18.652999877929688,59.21587371826172,260.65966796875,5.172554016113281,25.083141326904297,0.9447120428085327,0.7436468601226807
SB68949_component_304a,266.205141,3.575728,17.378000259399414,60.34028244018555,266.2052001953125,3.575592517852783,24.103452682495117,0.9159110188484192,0.7209755778312683
SB68949_component_306a,262.347976,5.273235,15.517999649047852,81.2460708618164,262.3480529785156,5.273144721984863,21.5179500579834,0.9161520600318909,0.7211653590202332
SB68949_component_307a,260.021209,6.349057,17.488000869750977,20.89366912841797,260.0212097167969,6.349063873291016,25.43933868408203,0.8733072876930237,0.6874392628669739
SB68949_component_308a,263.662735,7.439072,15.395999908447266,20.338176727294922,263.662841796875,7.438961505889893,29.60418128967285,0.6606745719909668,0.5200616717338562
SB68949_component_310a,263.628658,6.542943,16.450000762939453,85.67708587646484,263.6287841796875,6.542895793914795,22.27802848815918,0.9380411505699158,0.7383956909179688
SB68949_component_312a,265.763886,6.504731,17.16699981689453,80.2196273803711,265.763916015625,6.5046820640563965,25.951129913330078,0.8403705954551697,0.6615126132965088
SB68949_component_313a,262.949703,4.106522,15.802000045776367,86.3497314453125,262.9497375488281,4.1065354347229,21.556472778320312,0.9312517046928406,0.7330513000488281
SB68949_component_316a,260.280258,4.772682,16.266000747680664,29.73674774169922,260.2802734375,4.772555828094482,23.988279342651367,0.8614189624786377,0.6780811548233032
SB68949_component_319a,262.640326,4.707982,14.809000015258789,78.77127838134766,262.640380859375,4.707957744598389,18.036664962768555,1.0430430173873901,0.8210498094558716
SB68949_component_320a,260.92801,6.058917,14.92199993133545,76.52307891845703,260.9280700683594,6.0588202476501465,22.247793197631836,0.8520651459693909,0.6707181930541992
SB68949_component_321a,263.592533,2.377976,16.354000091552734,72.6844482421875,263.5925598144531,2.377915143966675,22.057437896728516,0.9418931603431702,0.7414278984069824
SB68949_component_322a,265.405588,3.720376,14.128999710083008,53.72243118286133,265.4056701660156,3.720308542251587,19.705944061279297,0.9108500480651855,0.7169917821884155
SB68949_component_323a,260.477118,4.0544,14.779999732971191,54.944236755371094,260.47723388671875,4.054325580596924,19.359405517578125,0.9698735475540161,0.7634531855583191
SB68949_component_324a,265.919467,5.030271,15.154000282287598,76.53535461425781,265.91949462890625,5.030214309692383,22.534006118774414,0.8543220162391663,0.6724947094917297
SB68949_component_325a,263.273582,6.753295,14.434000015258789,69.7294692993164,263.27362060546875,6.753280162811279,22.878049850463867,0.8014942407608032,0.6309103965759277
SB68949_component_326a,260.516954,3.8055,14.692999839782715,44.38972854614258,260.51702880859375,3.8054206371307373,20.04998779296875,0.9309558272361755,0.7328183650970459
SB68949_component_328a,259.988694,5.877669,14.777000427246094,22.839258193969727,259.98876953125,5.877498149871826,14.465311050415039,1.2977505922317505,1.0215473175048828
SB68949_component_331a,265.516255,4.739224,14.022000312805176,63.16216278076172,265.5162658691406,4.73920202255249,16.875755310058594,1.0555516481399536,0.8308961391448975
SB68949_component_333a,266.18676,6.553552,15.003999710083008,57.70769500732422,266.1867980957031,6.553518772125244,15.534494400024414,1.2269946336746216,0.9658505320549011
SB68949_component_334a,266.533696,4.827667,14.890000343322754,28.20075798034668,266.53375244140625,4.827561855316162,24.206010818481445,0.7814554572105408,0.6151365041732788
SB68949_component_335a,264.82683,3.522712,14.8100004196167,67.0135726928711,264.8268737792969,3.522552967071533,18.569128036499023,1.0132025480270386,0.7975603342056274
SB68949_component_344a,266.453512,4.661161,14.5,26.032316207885742,266.45361328125,4.661167621612549,15.975011825561523,1.1530802249908447,0.9076675772666931
SB68949_component_351a,262.841881,4.479882,14.682000160217285,73.40999603271484,262.8418273925781,4.47990083694458,19.704328536987305,0.946577787399292,0.7451154589653015
SB68949_component_356a,266.069909,6.62635,12.723999977111816,49.317832946777344,266.0699157714844,6.626278877258301,15.397787094116211,1.0497795343399048,0.8263525366783142
SB68949_component_357a,260.972793,5.0107,13.446000099182129,58.97368621826172,260.9728088378906,5.010552883148193,20.902544021606445,0.8171968460083008,0.6432709693908691
SB68949_component_367a,264.078596,4.045641,13.574999809265137,66.8719253540039,264.0784606933594,4.045524597167969,18.124774932861328,0.9514805674552917,0.7489748001098633
SB68949_component_368a,261.343205,3.563881,12.571000099182129,60.4375,261.34326171875,3.563849687576294,16.645112991333008,0.9594355225563049,0.7552366852760315
SB68949_component_369a,264.270564,5.294761,12.241000175476074,62.13705825805664,264.27056884765625,5.294708728790283,21.477258682250977,0.7240537405014038,0.5699517130851746
SB68949_component_371a,264.056527,4.199013,12.91100025177002,66.21025848388672,264.0565185546875,4.198962211608887,17.114961624145508,0.9583335518836975,0.7543691992759705
SB68949_component_372a,261.346595,3.538601,12.843999862670898,65.5306167602539,261.3466491699219,3.5385489463806152,15.690932273864746,1.0398824214935303,0.8185619115829468
SB68949_component_378a,266.237592,4.463074,11.817999839782715,23.44841194152832,266.2377014160156,4.463011741638184,10.724295616149902,1.399935245513916,1.1019837856292725
SB68949_component_384a,261.66121,5.746746,12.689000129699707,67.8556137084961,261.66131591796875,5.746671676635742,18.741891860961914,0.8600955009460449,0.6770394444465637
SB68949_component_385a,261.825637,2.405255,12.439000129699707,51.40082550048828,261.82568359375,2.4052252769470215,18.04532241821289,0.8756963610649109,0.689319908618927
SB68949_component_386a,259.921978,4.363132,12.315999984741211,15.68917179107666,259.9219970703125,4.363160133361816,14.986464500427246,1.0440064668655396,0.8218082189559937
SB68949_component_388a,266.477673,3.80519,12.788000106811523,18.242511749267578,266.477783203125,3.8050007820129395,15.84315299987793,1.025400996208191,0.8071625828742981
SB68949_component_390a,260.806096,2.321076,11.664999961853027,36.56739807128906,260.8061828613281,2.321122646331787,12.714661598205566,1.1655009984970093,0.9174447655677795
SB68949_component_391a,260.721154,3.444816,12.270999908447266,37.411582946777344,260.7213134765625,3.4448585510253906,15.116162300109863,1.0312670469284058,0.8117800951004028
SB68949_component_392a,259.877337,2.808895,12.817999839782715,13.753218650817871,259.8775634765625,2.8089771270751953,10.363399505615234,1.5712696313858032,1.236852765083313
SB68949_component_393a,263.414872,6.134567,12.354999542236328,59.3990364074707,263.4149475097656,6.134500503540039,17.19129180908203,0.9129919409751892,0.7186777591705322
SB68949_component_396a,261.867244,3.208123,11.661999702453613,60.424869537353516,261.8672790527344,3.208092212677002,18.63182830810547,0.7951521873474121,0.6259181499481201
SB68949_component_397a,262.94081,2.496608,11.732999801635742,48.68464660644531,262.94085693359375,2.4965925216674805,13.752728462219238,1.083809494972229,0.8531397581100464
SB68949_component_400a,261.262781,4.427947,11.338000297546387,60.63101577758789,261.2628479003906,4.427803039550781,15.834385871887207,0.9096366763114929,0.7160366177558899
SB68949_component_403a,265.489847,3.421405,11.571999549865723,51.660709381103516,265.48992919921875,3.4213171005249023,15.083561897277832,0.9746242761611938,0.7671927809715271
SB68949_component_406a,260.288522,4.942573,12.602999687194824,18.92342185974121,260.2887268066406,4.942640781402588,21.081846237182617,0.7594478726387024,0.5978128910064697
SB68949_component_409a,261.609468,2.418534,12.559000015258789,49.444881439208984,261.60955810546875,2.4185359477996826,17.195816040039062,0.9278226494789124,0.7303521037101746
SB68949_component_412a,261.010457,1.83557,12.223999977111816,11.844962120056152,261.0104064941406,1.8355517387390137,12.160989761352539,1.2769595384597778,1.0051813125610352
SB68949_component_414a,265.919837,4.73263,11.116999626159668,51.23041534423828,265.9198913574219,4.732596397399902,12.308932304382324,1.1473605632781982,0.9031652212142944
SB68949_component_417a,265.752223,4.73693,11.442000389099121,51.77375793457031,265.75225830078125,4.736881732940674,9.557329177856445,1.5208911895751953,1.1971964836120605
SB68949_component_418a,264.049387,3.694721,11.670999526977539,47.443084716796875,264.04937744140625,3.694721221923828,17.322181701660156,0.8559298515319824,0.6737603545188904
SB68949_component_420a,262.454813,2.911316,10.343999862670898,54.730159759521484,262.454833984375,2.9112508296966553,13.641609191894531,0.963286817073822,0.7582682967185974
SB68949_component_422a,263.385352,5.470268,11.586000442504883,57.35643768310547,263.3853759765625,5.470217704772949,19.66338539123535,0.7485278844833374,0.589216947555542
SB68949_component_423a,262.085695,3.378732,11.640999794006348,56.509708404541016,262.0857238769531,3.3787031173706055,18.4700984954834,0.8006704449653625,0.6302618980407715
SB68949_component_429a,260.261208,4.735421,11.048999786376953,20.273393630981445,260.2611999511719,4.7353835105896,14.1425199508667,0.9924963116645813,0.7812610268592834
SB68949_component_431a,265.91153,6.847961,11.128999710083008,45.23983383178711,265.91162109375,6.847957611083984,15.36804485321045,0.9199627041816711,0.7241649627685547
SB68949_component_432a,262.543689,3.557389,10.755000114440918,55.43814468383789,262.543701171875,3.557421922683716,16.186687469482422,0.8440830111503601,0.6644349098205566
SB68949_component_434a,260.301274,2.746781,10.875,32.27002716064453,260.30133056640625,2.7467408180236816,15.15445327758789,0.9116365313529968,0.7176108360290527
SB68949_component_435a,266.102719,6.152808,9.84000015258789,27.64044952392578,266.102783203125,6.152624130249023,15.853870391845703,0.7884833216667175,0.6206686496734619
SB68949_component_438a,260.292014,4.74158,9.939000129699707,19.759443283081055,260.2919616699219,4.74147367477417,15.360027313232422,0.8220219612121582,0.6470691561698914
SB68949_component_443a,261.768734,4.834841,9.75100040435791,55.72000503540039,261.768798828125,4.834826946258545,11.49775505065918,1.077379822731018,0.8480786085128784
SB68949_component_445a,265.885809,3.889951,11.265000343322754,35.536277770996094,265.8858642578125,3.889890670776367,17.06625747680664,0.8385435342788696,0.6600744128227234
SB68949_component_446a,262.063745,5.513605,10.163000106811523,52.93229293823242,262.0638122558594,5.5135498046875,11.53538703918457,1.1192381381988525,0.8810281157493591
SB68949_component_447a,265.117151,3.378406,9.871999740600586,39.80644989013672,265.1171569824219,3.378314256668091,13.268381118774414,0.9451916813850403,0.7440244555473328
SB68949_component_448a,261.598986,4.399246,10.005000114440918,51.045921325683594,261.5990295410156,4.399216651916504,13.698040962219238,0.9278790354728699,0.7303964495658875
SB68949_component_450a,261.438268,2.380264,10.241999626159668,36.84172439575195,261.4383544921875,2.3803980350494385,13.066805839538574,0.9957448244094849,0.7838181257247925
SB68949_component_451a,265.047282,2.780826,10.550000190734863,46.88888931274414,265.0474853515625,2.780701160430908,12.75809097290039,1.0505082607269287,0.8269262313842773
SB68949_component_452a,264.932208,7.551565,11.182999610900879,11.588601112365723,264.93218994140625,7.551577091217041,17.070785522460938,0.8322188258171082,0.6550957560539246
SB68949_component_453a,262.864127,4.601881,10.138999938964844,54.2192497253418,262.8641052246094,4.601777076721191,9.469128608703613,1.3602471351623535,1.0707426071166992
SB68949_component_454a,263.143722,6.398681,9.887999534606934,51.769630432128906,263.1438293457031,6.398697853088379,13.635272026062012,0.9212496876716614,0.7251780033111572
SB68949_component_455a,262.375807,4.079695,9.989999771118164,51.494842529296875,262.375732421875,4.0796966552734375,13.853434562683105,0.9160954356193542,0.7211207747459412
SB68949_component_460a,265.54357,4.236649,10.508999824523926,45.49350357055664,265.5436706542969,4.236546993255615,14.010370254516602,0.9528937935829163,0.7500872015953064
SB68949_component_463a,264.599375,3.552363,10.16100025177002,48.15639877319336,264.5992431640625,3.552309274673462,9.267714500427246,1.3928250074386597,1.0963867902755737
SB68949_component_467a,265.497582,6.81029,9.274999618530273,35.94961166381836,265.4976501464844,6.810300350189209,13.849360466003418,0.8507792949676514,0.6697059869766235
SB68949_component_468a,262.775282,5.378547,9.553000450134277,46.60000228881836,262.7753601074219,5.378508567810059,13.457348823547363,0.9018056988716125,0.7098724246025085
SB68949_component_474a,262.770108,4.285086,9.256999969482422,49.23936462402344,262.7701416015625,4.285116195678711,12.418909072875977,0.9469336271286011,0.7453956007957458
SB68949_component_476a,263.409493,2.451401,9.47599983215332,39.98311996459961,263.40960693359375,2.451213836669922,11.40151309967041,1.055833101272583,0.8311177492141724
SB68949_component_477a,262.372475,2.677417,9.727999687194824,50.404144287109375,262.37255859375,2.677448272705078,12.717554092407227,0.9717457890510559,0.7649269104003906
SB68949_component_479a,261.072782,2.540771,9.730999946594238,37.28352355957031,261.0728454589844,2.54075288772583,13.462973594665527,0.9182251691818237,0.7227972149848938
SB68949_component_480a,260.384546,6.124473,8.623000144958496,28.64784049987793,260.384521484375,6.124474048614502,11.745936393737793,0.9326173067092896,0.7341262698173523
SB68949_component_481a,265.955619,6.175412,9.87600040435791,35.397850036621094,265.9555969238281,6.175290107727051,13.564266204833984,0.9249483942985535,0.7280895709991455
SB68949_component_486a,261.442851,3.450518,9.447999954223633,48.4512825012207,261.4429931640625,3.4506173133850098,12.28464412689209,0.9770347476005554,0.7690902352333069
SB68949_component_487a,263.810637,6.867694,9.425000190734863,43.43318176269531,263.81072998046875,6.867658615112305,12.748100280761719,0.9392228126525879,0.7393258810043335
SB68949_component_492a,265.318109,4.279932,8.555999755859375,41.7365837097168,265.3181457519531,4.279889106750488,11.0215482711792,0.986190676689148,0.7762974500656128
SB68949_component_495a,262.500987,4.022146,9.008999824523926,46.921875,262.5010070800781,4.02219295501709,9.342560768127441,1.2250205278396606,0.9642966389656067
SB68949_component_500a,264.638314,6.994004,8.821999549865723,33.16541290283203,264.638427734375,6.993981838226318,12.62409782409668,0.8877677917480469,0.6988222002983093
SB68949_component_501a,260.553447,3.718382,8.555000305175781,23.059301376342773,260.5535888671875,3.718266725540161,7.780418872833252,1.3968499898910522,1.099555253982544
SB68949_component_503a,262.572201,3.864165,8.989999771118164,48.85869598388672,262.5721435546875,3.8640859127044678,11.925763130187988,0.9576486945152283,0.7538301348686218
SB68949_component_505a,264.171352,7.231936,9.40999984741211,24.9602108001709,264.1715087890625,7.231910705566406,12.649968147277832,0.9450024366378784,0.7438753843307495
SB68949_component_506a,263.751575,4.096602,9.628999710083008,48.144996643066406,263.7516174316406,4.096443176269531,13.399137496948242,0.9129290580749512,0.7186283469200134
SB68949_component_507a,259.873174,4.183575,8.440999984741211,10.060787200927734,259.87335205078125,4.183681011199951,11.54098892211914,0.9291452169418335,0.7313930988311768
SB68949_component_508a,263.334583,6.832723,8.784000396728516,44.588836669921875,263.3346862792969,6.832669258117676,13.468341827392578,0.8285351395606995,0.6521961092948914
SB68949_component_512a,262.410892,6.708905,9.069999694824219,46.994815826416016,262.4110107421875,6.708840370178223,9.189841270446777,1.2538107633590698,0.9869593381881714
SB68949_component_520a,264.927477,2.824991,8.670000076293945,39.77064514160156,264.9276123046875,2.824848175048828,7.7317328453063965,1.4245411157608032,1.1213527917861938
SB68949_component_525a,260.288783,2.0653,7.611000061035156,11.514371871948242,260.2889099121094,2.065312147140503,12.763542175292969,0.7575359344482422,0.5963078141212463
SB68949_component_530a,265.880387,2.7576,8.85200023651123,25.883041381835938,265.8804626464844,2.757418155670166,8.303902626037598,1.3542282581329346,1.0660048723220825
SB68949_component_531a,265.410691,4.349573,7.999000072479248,37.73113250732422,265.4107971191406,4.34951114654541,11.765708923339844,0.8636749386787415,0.6798570156097412
SB68949_component_532a,264.139187,7.421043,8.392000198364258,13.917081832885742,264.1391296386719,7.421133041381836,15.055072784423828,0.7081338167190552,0.5574200749397278
SB68949_component_534a,262.621635,4.606466,8.333999633789062,44.32978820800781,262.6215515136719,4.606379985809326,7.071043014526367,1.4972789287567139,1.1786096096038818
SB68949_component_535a,263.904674,2.710051,8.053999900817871,35.48017501831055,263.9047546386719,2.7100577354431152,12.274568557739258,0.8335623145103455,0.6561533808708191
SB68949_component_537a,260.382931,5.483476,7.7779998779296875,20.576719284057617,260.38287353515625,5.483460426330566,13.32628345489502,0.7414665818214417,0.5836585760116577
SB68949_component_539a,263.965734,2.222494,9.081999778747559,25.801136016845703,263.96575927734375,2.222447633743286,15.792176246643066,0.7305874824523926,0.5750948786735535
SB68949_component_545a,263.603643,5.752888,8.868000030517578,42.228572845458984,263.60357666015625,5.752857208251953,12.46606731414795,0.9037096500396729,0.711371123790741
SB68949_component_547a,261.772652,3.298431,9.138999938964844,43.727272033691406,261.7726745605469,3.2982983589172363,11.176307678222656,1.0388026237487793,0.8177118897438049
SB68949_component_548a,262.439509,4.270134,8.470999717712402,46.03804016113281,262.4396667480469,4.27000617980957,4.368164539337158,2.463589668273926,1.939258337020874
SB68949_component_549a,261.848593,3.697578,8.706999778747559,44.42346954345703,261.8485107421875,3.697587013244629,12.350887298583984,0.8955773711204529,0.704969584941864
SB68949_component_551a,261.348054,2.520638,7.644000053405762,31.586776733398438,261.3481140136719,2.5206918716430664,9.564373970031738,1.015305757522583,0.7992159128189087
SB68949_component_552a,260.338746,6.417303,8.291999816894531,16.485088348388672,260.3388671875,6.417150974273682,12.962249755859375,0.8126651048660278,0.6397037506103516
SB68949_component_555a,263.526831,5.957804,8.098999977111816,42.403141021728516,263.5267639160156,5.957765579223633,7.867486000061035,1.307760238647461,1.0294266939163208
SB68949_component_556a,261.655246,5.092889,8.58899974822998,42.31034469604492,261.65533447265625,5.092818260192871,12.357291221618652,0.8829823732376099,0.6950552463531494
SB68949_component_559a,260.667865,2.102553,8.241000175476074,19.20979118347168,260.66796875,2.1025469303131104,3.6408143043518066,2.875504970550537,2.26350474357605
SB68949_component_564a,261.121558,6.908777,7.414999961853027,29.078432083129883,261.1216125488281,6.908736228942871,10.533458709716797,0.8942787051200867,0.7039473056793213
SB68949_component_565a,263.595278,3.557838,7.945000171661377,38.567962646484375,263.5953063964844,3.5578107833862305,10.152814865112305,0.994123101234436,0.7825416326522827
SB68949_component_568a,264.735021,2.070196,6.926000118255615,14.192623138427734,264.7350769042969,2.070108652114868,12.022436141967773,0.7318511009216309,0.5760895609855652
SB68949_component_569a,264.052447,3.462931,7.711999893188477,40.3769645690918,264.0524597167969,3.462874174118042,9.485794067382812,1.0328233242034912,0.8130052089691162
SB68949_component_571a,264.635755,6.286085,8.208000183105469,41.45454788208008,264.6357421875,6.285994052886963,7.6627631187438965,1.3607698678970337,1.0711541175842285
SB68949_component_575a,261.452719,4.153395,8.154999732971191,39.780487060546875,261.4527893066406,4.1533637046813965,11.06824016571045,0.9360048174858093,0.736792802810669
SB68949_component_576a,263.240741,2.217978,7.349999904632568,21.30434799194336,263.24078369140625,2.2180092334747314,8.613631248474121,1.084011197090149,0.8532986640930176
SB68949_component_578a,262.523941,5.310565,7.790999889373779,44.26704406738281,262.5238952636719,5.310516357421875,11.918365478515625,0.8304418325424194,0.6536970138549805
SB68949_component_580a,262.478857,3.348778,7.579999923706055,40.10581970214844,262.478759765625,3.3488214015960693,8.540229797363281,1.1275410652160645,0.887563943862915
SB68949_component_582a,265.648944,7.263469,7.1479997634887695,15.339056015014648,265.6490478515625,7.263374328613281,14.00587272644043,0.6483463644981384,0.5103573203086853
SB68949_component_585a,263.263393,3.374084,7.656000137329102,39.668392181396484,263.2632751464844,3.3740906715393066,10.82108211517334,0.898801863193512,0.7075077891349792
SB68949_component_588a,261.444573,6.698754,7.826000213623047,36.400001525878906,261.44464111328125,6.69863224029541,10.891681671142578,0.9128041863441467,0.718529999256134
SB68949_component_589a,261.414492,6.716952,7.452000141143799,34.98591613769531,261.4144287109375,6.716930389404297,9.537858963012695,0.9925552010536194,0.7813074588775635
SB68949_component_590a,264.585519,5.322797,8.265000343322754,38.802818298339844,264.5856018066406,5.3227949142456055,10.520305633544922,0.9980383515357971,0.7856236100196838
SB68949_component_591a,260.094658,6.300616,6.965000152587891,11.325202941894531,260.09478759765625,6.300388336181641,13.219132423400879,0.6693463325500488,0.526887834072113
SB68949_component_594a,260.722201,2.471433,7.554999828338623,33.28193664550781,260.72247314453125,2.471477508544922,10.765254974365234,0.8915441632270813,0.7017948031425476
SB68949_component_595a,263.75854,6.348694,7.396999835968018,36.800994873046875,263.7585754394531,6.348675727844238,7.987682819366455,1.176433801651001,0.9260507822036743
SB68949_component_596a,264.229361,4.266817,7.255000114440918,35.56372833251953,264.2293701171875,4.266767978668213,11.895450592041016,0.7747992873191833,0.6098970174789429
SB68949_component_597a,266.379914,3.800946,7.723999977111816,16.09166717529297,266.37982177734375,3.8009777069091797,12.296528816223145,0.797980785369873,0.6281447410583496
SB68949_component_599a,260.902212,4.506086,7.263000011444092,34.918270111083984,260.90228271484375,4.506011009216309,10.246736526489258,0.9004573822021484,0.7088110446929932
SB68949_component_600a,262.416877,3.964218,8.1850004196167,41.33838653564453,262.41693115234375,3.964271306991577,11.433996200561523,0.9093967080116272,0.7158477306365967
SB68949_component_603a,265.609136,4.950888,8.032999992370605,36.18468475341797,265.6092529296875,4.950925350189209,11.584148406982422,0.8809400796890259,0.6934475898742676
SB68949_component_605a,261.557357,2.733272,7.603000164031982,36.729469299316406,261.55755615234375,2.7332425117492676,9.839630126953125,0.9816098809242249,0.7726916670799255
SB68949_component_608a,260.257845,4.842476,7.716000080108643,11.870769500732422,260.2579345703125,4.842507362365723,14.111316680908203,0.6946361660957336,0.5467951893806458
SB68949_component_615a,264.843474,2.226029,7.543000221252441,18.857500076293945,264.84368896484375,2.2259531021118164,10.576248168945312,0.9060354828834534,0.7132018804550171
SB68949_component_617a,264.655277,6.771808,7.048999786376953,33.25,264.6554260253906,6.771763324737549,7.802077293395996,1.1477570533752441,0.9034773111343384
SB68949_component_621a,261.76553,4.775279,7.285999774932861,41.63428497314453,261.76556396484375,4.775248050689697,6.698439598083496,1.3818095922470093,1.087715983390808
SB68949_component_622a,264.104698,4.948677,6.835000038146973,39.05714416503906,264.104736328125,4.948572635650635,7.703732967376709,1.1271196603775024,0.8872321844100952
SB68949_component_624a,260.944855,5.792972,7.228000164031982,35.60591506958008,260.9450378417969,5.792883396148682,9.44056510925293,0.9726417064666748,0.765632152557373
SB68949_component_625a,261.471215,5.074008,7.284999847412109,41.1581916809082,261.4713134765625,5.073981285095215,10.38989543914795,0.8907402157783508,0.7011619806289673
SB68949_component_626a,264.938781,2.747427,7.586999893188477,34.80275344848633,264.9387512207031,2.7473373413085938,9.745709419250488,0.9889841675758362,0.7784964442253113
SB68949_component_628a,264.920135,7.210406,7.551000118255615,19.116455078125,264.9203186035156,7.210178852081299,11.615031242370605,0.8258797526359558,0.650105893611908
SB68949_component_630a,261.853808,6.332379,7.413000106811523,37.82143020629883,261.8539123535156,6.332238674163818,10.852621078491211,0.8677449226379395,0.6830608248710632
SB68949_component_634a,261.952609,3.898109,7.215000152587891,34.194313049316406,261.9526062011719,3.8980796337127686,12.758185386657715,0.7184228897094727,0.5655193328857422
SB68949_component_635a,264.0803,2.052358,7.763999938964844,13.114864349365234,264.08026123046875,2.052194595336914,9.72446346282959,1.0142676830291748,0.7983987927436829
SB68949_component_637a,262.480777,5.075911,7.169000148773193,38.13298034667969,262.4808654785156,5.075935363769531,9.50510025024414,0.9581524133682251,0.7542266845703125
SB68949_component_639a,265.679591,6.420723,6.742000102996826,29.570175170898438,265.6795349121094,6.420761585235596,9.554604530334473,0.8964142799377441,0.7056283950805664
SB68949_component_640a,264.547549,5.844536,7.156000137329102,34.57004928588867,264.5476989746094,5.844392776489258,9.294248580932617,0.9781123995780945,0.7699385285377502
SB68949_component_641a,262.768553,3.258337,7.38700008392334,38.07732009887695,262.7685546875,3.2582883834838867,10.128958702087402,0.9264799356460571,0.7292951345443726
SB68949_component_643a,265.681364,2.182516,7.113999843597412,15.566740036010742,265.6814880371094,2.18247652053833,8.719670295715332,1.0364456176757812,0.8158565163612366
SB68949_component_646a,260.584795,6.638152,7.242000102996826,16.725173950195312,260.58489990234375,6.638293743133545,11.340517044067383,0.8112568259239197,0.6385952234268188
SB68949_component_654a,261.126544,5.713906,7.178999900817871,36.44162368774414,261.1265869140625,5.7138495445251465,11.228740692138672,0.812204897403717,0.6393414735794067
SB68949_component_657a,264.837036,4.580209,6.943999767303467,32.60093688964844,264.83709716796875,4.5801472663879395,10.045531272888184,0.8781516551971436,0.691252589225769
SB68949_component_658a,260.769479,6.196793,7.11899995803833,30.037973403930664,260.76953125,6.196789741516113,9.097092628479004,0.994143545627594,0.7825577259063721
SB68949_component_660a,264.350565,6.023856,6.638000011444092,30.03619956970215,264.3506774902344,6.023807525634766,11.178380966186523,0.754381537437439,0.5938248038291931
SB68949_component_665a,263.60463,6.435854,6.559999942779541,33.9896354675293,263.6047058105469,6.435845375061035,9.178291320800781,0.9079766869544983,0.7147299647331238
SB68949_component_668a,264.285979,5.780249,6.7270002365112305,31.58216094970703,264.2861022949219,5.7801408767700195,7.9412360191345215,1.0761332511901855,0.8470973968505859
SB68949_component_670a,260.500156,2.502359,6.650000095367432,24.629629135131836,260.5002746582031,2.5023891925811768,9.123184204101562,0.9259935021400452,0.7289121747016907
SB68949_component_671a,266.596285,6.678797,6.639999866485596,11.235194206237793,266.5964050292969,6.678676128387451,6.698907852172852,1.259205937385559,0.9912063479423523
SB68949_component_674a,263.1915,6.483291,7.104000091552734,37.38947296142578,263.19158935546875,6.483392715454102,9.682069778442383,0.9321106672286987,0.7337273955345154
SB68949_component_677a,266.330154,5.296834,6.080999851226807,16.986032485961914,266.330322265625,5.296870231628418,9.063773155212402,0.8523121476173401,0.6709126234054565
SB68949_component_678a,261.964534,6.483452,7.113999843597412,31.901344299316406,261.9646301269531,6.483384132385254,10.375977516174316,0.870998740196228,0.6856221556663513
SB68949_component_679a,260.545906,6.927297,7.313000202178955,12.522260665893555,260.5457763671875,6.927265644073486,11.414727210998535,0.8138844966888428,0.6406636238098145
SB68949_component_681a,265.5111,6.955852,6.650000095367432,21.590909957885742,265.5111389160156,6.955809593200684,10.404181480407715,0.8119821548461914,0.6391661167144775
SB68949_component_683a,263.06461,3.916708,6.794000148773193,34.14070510864258,263.06463623046875,3.9166550636291504,7.975705146789551,1.0821542739868164,0.8518369197845459
SB68949_component_685a,261.705926,6.582461,6.960999965667725,32.07834243774414,261.7059631347656,6.582393169403076,8.680488586425781,1.0187325477600098,0.8019133806228638
SB68949_component_686a,265.045168,2.817409,6.269000053405762,28.756881713867188,265.0452880859375,2.8173320293426514,5.599607944488525,1.4222415685653687,1.1195427179336548
SB68949_component_687a,260.845479,5.655979,6.668000221252441,32.847293853759766,260.84552001953125,5.655802249908447,8.268667221069336,1.0244548320770264,0.8064177632331848
SB68949_component_688a,263.336833,2.751818,6.506999969482422,32.69849395751953,263.3368225097656,2.7517781257629395,9.747185707092285,0.8480750322341919,0.66757732629776
SB68949_component_689a,264.74748,5.010297,6.758999824523926,36.338706970214844,264.7474670410156,5.01022481918335,8.687166213989258,0.9884097576141357,0.7780442833900452
SB68949_component_690a,263.456639,6.138251,6.61299991607666,30.90186882019043,263.4567565917969,6.138219356536865,9.312483787536621,0.9021229147911072,0.7101220488548279
SB68949_component_692a,266.067868,3.018708,5.9029998779296875,15.253230094909668,266.0680236816406,3.018601179122925,8.901978492736816,0.8424011468887329,0.6631110310554504
SB68949_component_693a,265.020903,6.80878,6.739999771118164,30.36035919189453,265.02093505859375,6.808678150177002,3.600924253463745,2.3778181076049805,1.8717416524887085
SB68949_component_694a,260.563168,4.052814,6.50600004196167,26.55510139465332,260.5633239746094,4.05268669128418,9.135330200195312,0.9047373533248901,0.7121800780296326
SB68949_component_695a,264.075898,2.201315,6.269999980926514,16.328125,264.0759582519531,2.201117515563965,4.389988422393799,1.8144160509109497,1.428249716758728
SB68949_component_699a,265.902175,5.300048,6.908999919891357,32.134883880615234,265.9022216796875,5.299969673156738,8.232277870178223,1.0661734342575073,0.8392573595046997
SB68949_component_701a,264.63055,6.873155,6.942999839782715,28.454917907714844,264.63055419921875,6.873241424560547,9.937631607055664,0.8875585198402405,0.6986573934555054
SB68949_component_703a,261.193858,6.6477,6.743000030517578,31.50934600830078,261.1939392089844,6.647674083709717,8.526593208312988,1.0046396255493164,0.7908199429512024
SB68949_component_712a,262.745426,7.338207,6.638000011444092,12.454033851623535,262.7455139160156,7.337899208068848,12.491113662719727,0.675101101398468,0.5314177870750427
SB68949_component_721a,263.836391,6.522493,6.7129998207092285,33.068965911865234,263.8365783691406,6.522472858428955,9.303318977355957,0.9166666269302368,0.7215704321861267
SB68949_component_723a,262.956749,2.359576,6.414999961853027,26.077234268188477,262.9567565917969,2.3596549034118652,4.916886806488037,1.6574450731277466,1.3046873807907104
SB68949_component_729a,262.242196,2.359958,6.328000068664551,23.010908126831055,262.2422180175781,2.3599658012390137,8.077553749084473,0.9952205419540405,0.7834054827690125
SB68949_component_742a,261.012836,2.316134,6.156000137329102,19.66773223876953,261.01287841796875,2.3159658908843994,8.251763343811035,0.9477298259735107,0.7460224032402039
SB68949_component_743a,265.099931,6.786437,5.678999900817871,25.466365814208984,265.1001281738281,6.786423206329346,6.7748026847839355,1.0648977756500244,0.8382532000541687
SB68949_component_744a,263.220445,4.249705,5.791999816894531,28.532020568847656,263.2204895019531,4.249736309051514,7.959397315979004,0.9244449734687805,0.7276932597160339
SB68949_component_746a,260.594808,3.036641,5.75600004196167,21.88593101501465,260.5948181152344,3.036489725112915,5.785958290100098,1.2637995481491089,0.9948222637176514
SB68949_component_747a,263.716881,4.202585,6.031000137329102,33.6927375793457,263.7169189453125,4.202455520629883,6.913806438446045,1.1081660985946655,0.8723125457763672
SB68949_component_748a,265.603215,4.710872,6.091000080108643,29.712196350097656,265.603271484375,4.710869312286377,7.042845249176025,1.0986849069595337,0.864849328994751
SB68949_component_749a,260.236243,4.166635,5.90500020980835,15.704788208007812,260.23626708984375,4.166781902313232,8.281970024108887,0.9057722091674805,0.7129946351051331
SB68949_component_751a,262.064172,6.902595,5.5879998207092285,23.47899055480957,262.0643310546875,6.9024577140808105,9.399481773376465,0.7552403807640076,0.5945008397102356
SB68949_component_752a,262.671735,3.03599,5.683000087738037,29.59895896911621,262.6717224121094,3.035780906677246,4.481907844543457,1.6108216047286987,1.26798677444458
SB68949_component_757a,260.995188,5.565929,6.447000026702881,30.12616729736328,260.99530029296875,5.565812110900879,8.502503395080566,0.9632601141929626,0.7582472562789917
SB68949_component_758a,261.023883,3.417384,5.790999889373779,25.069263458251953,261.02398681640625,3.417283058166504,8.729372024536133,0.8427587747573853,0.6633924841880798
SB68949_component_770a,263.350422,2.452612,5.406000137329102,24.026668548583984,263.35052490234375,2.4526922702789307,6.708324909210205,1.0237518548965454,0.8058643937110901
SB68949_component_771a,264.585775,7.014649,6.09499979019165,22.490774154663086,264.5858154296875,7.014581203460693,9.18919849395752,0.8426142334938049,0.6632786989212036
SB68949_component_772a,263.652208,5.884853,5.465000152587891,29.38172149658203,263.65228271484375,5.884757041931152,7.350316047668457,0.9445324540138245,0.7435054779052734
SB68949_component_773a,264.963689,3.129279,6.10099983215332,25.315351486206055,264.9637145996094,3.1290674209594727,7.70557165145874,1.0058399438858032,0.7917647361755371
SB68949_component_774a,260.345506,5.513725,5.730999946594238,15.701369285583496,260.345458984375,5.513641357421875,7.178105354309082,1.0142693519592285,0.7984001040458679
SB68949_component_777a,265.163916,4.540529,5.515999794006348,24.515554428100586,265.1640319824219,4.540463924407959,8.498908042907715,0.8245059847831726,0.6490245461463928
SB68949_component_778a,261.056595,6.859395,5.441999912261963,19.435714721679688,261.0566711425781,6.859318256378174,10.030263900756836,0.6892533302307129,0.5425580143928528
SB68949_component_781a,266.298182,6.158275,5.693999767303467,12.625276565551758,266.2982482910156,6.158116817474365,8.313610076904297,0.8700826168060303,0.6849009990692139
SB68949_component_783a,263.377904,4.160601,5.255000114440918,28.71584701538086,263.3779296875,4.160478591918945,7.8571319580078125,0.8496526479721069,0.6688191294670105
SB68949_component_784a,264.459784,6.194526,5.359000205993652,27.203046798706055,264.4598693847656,6.194466590881348,9.359234809875488,0.727404773235321,0.5725895762443542
SB68949_component_790a,263.697908,7.263738,5.25600004196167,11.654102325439453,263.6978454589844,7.263285160064697,7.969297409057617,0.8378534317016602,0.6595311760902405
SB68949_component_791a,264.460202,4.6863,5.811999797821045,29.353534698486328,264.460205078125,4.686241149902344,9.350419998168945,0.789636492729187,0.6215763092041016
SB68949_component_792a,261.66622,6.893488,5.449999809265137,21.12403106689453,261.6661071777344,6.893509387969971,7.489396095275879,0.9244478344917297,0.7276955246925354
SB68949_component_794a,262.713669,2.523442,5.511000156402588,26.75242805480957,262.713623046875,2.523463010787964,7.823876857757568,0.8948312401771545,0.7043823003768921
SB68949_component_795a,265.937132,4.969416,5.39900016784668,26.596059799194336,265.937255859375,4.969246864318848,5.361330509185791,1.2793031930923462,1.007026195526123
SB68949_component_796a,261.729448,6.231092,5.357999801635742,27.618555068969727,261.72955322265625,6.231054782867432,5.5905680656433105,1.2175294160842896,0.9583998918533325
SB68949_component_798a,262.680754,6.318946,5.38700008392334,26.406864166259766,262.68084716796875,6.318789482116699,7.89717960357666,0.8665780425071716,0.6821422576904297
SB68949_component_799a,266.20976,5.117953,5.88100004196167,23.61847496032715,266.2097473144531,5.117857933044434,8.108626365661621,0.9213753938674927,0.7252770066261292
SB68949_component_801a,263.88528,4.398295,5.546000003814697,30.81110954284668,263.88519287109375,4.398232460021973,7.860346794128418,0.8963360786437988,0.7055668234825134
SB68949_component_806a,264.352416,6.838845,5.25,21.428571701049805,264.3525085449219,6.838886737823486,8.174662590026855,0.815872311592102,0.642228364944458
SB68949_component_807a,264.255273,5.975457,5.8979997634887695,28.492752075195312,264.2554016113281,5.975493431091309,7.532169342041016,0.994757890701294,0.7830412983894348
SB68949_component_808a,260.438544,3.805587,5.328000068664551,12.595744132995605,260.4384765625,3.8053574562072754,7.839622974395752,0.8633795380592346,0.6796245574951172
SB68949_component_814a,266.382282,6.583961,4.982999801635742,13.614753723144531,266.3823547363281,6.583712577819824,6.445292949676514,0.9821569919586182,0.7731223106384277
SB68949_component_818a,262.450983,4.141724,5.466000080108643,27.606061935424805,262.4508972167969,4.141701698303223,9.733592987060547,0.7133935689926147,0.5615603923797607
SB68949_component_821a,263.713351,2.521385,5.375999927520752,24.216215133666992,263.7134094238281,2.5214145183563232,8.416974067687988,0.8114018440246582,0.6387093663215637
SB68949_component_824a,264.427787,6.620149,5.49399995803833,23.99126625061035,264.4278869628906,6.6201677322387695,7.173586368560791,0.9729377031326294,0.7658651471138
SB68949_component_829a,261.02267,4.730912,5.409999847412109,24.151784896850586,261.022705078125,4.7308173179626465,7.932312965393066,0.8664233088493347,0.6820204854011536
SB68949_component_830a,264.794552,6.971269,4.73799991607666,18.876495361328125,264.79461669921875,6.971176624298096,7.242689609527588,0.8310514092445374,0.6541768312454224
SB68949_component_831a,265.084043,5.397089,4.935999870300293,24.67999839782715,265.084228515625,5.397015571594238,6.821547985076904,0.9192315340042114,0.7235894203186035
SB68949_component_833a,260.847702,6.755006,5.366000175476074,17.365697860717773,260.847900390625,6.755106449127197,6.390240669250488,1.066758632659912,0.8397179841995239
SB68949_component_835a,260.319937,3.061742,5.760000228881836,14.50881576538086,260.32000732421875,3.0619099140167236,8.003508567810059,0.9142706990242004,0.7196844220161438
SB68949_component_837a,263.414921,7.078953,5.261000156402588,17.136808395385742,263.4149169921875,7.078882694244385,8.95189094543457,0.7465969920158386,0.5876970887184143
SB68949_component_838a,261.759555,4.366864,5.291999816894531,27.419687271118164,261.7596435546875,4.366796493530273,3.608341932296753,1.8631372451782227,1.4666014909744263
SB68949_component_839a,264.234102,4.50602,4.994999885559082,27.749998092651367,264.2340087890625,4.505789756774902,5.805458068847656,1.0930291414260864,0.860397219657898
SB68949_component_844a,261.493026,4.620469,4.484000205993652,23.4764404296875,261.49310302734375,4.6203413009643555,6.982720375061035,0.8157812356948853,0.6421566605567932
SB68949_component_845a,262.270834,5.049222,4.479000091552734,23.087629318237305,262.27093505859375,5.049345016479492,6.8567399978637695,0.829843282699585,0.6532258987426758
SB68949_component_847a,262.910013,5.035358,5.020999908447266,26.01554298400879,262.9100341796875,5.035388469696045,3.5574116706848145,1.7930351495742798,1.41141939163208
SB68949_component_848a,262.979649,6.065075,4.709000110626221,25.592391967773438,262.9795837402344,6.064990997314453,4.159989356994629,1.438034176826477,1.1319741010665894
SB68949_component_852a,262.76152,4.412848,4.935999870300293,26.395719528198242,262.761474609375,4.412891864776611,7.14854621887207,0.8771828413009644,0.6904900074005127
SB68949_component_855a,264.725251,4.846221,4.684000015258789,24.5235595703125,264.7255554199219,4.845880031585693,3.822016954421997,1.5568865537643433,1.225530982017517
SB68949_component_857a,265.139659,2.153125,5.420000076293945,12.663551330566406,265.1397399902344,2.153104066848755,7.009501934051514,0.9823015332221985,0.773236095905304
SB68949_component_858a,263.8259,2.513211,5.074999809265137,20.799179077148438,263.82598876953125,2.5132577419281006,5.250720977783203,1.2278627157211304,0.966533899307251
SB68949_component_861a,263.165269,2.539526,5.2820000648498535,21.73662567138672,263.1650695800781,2.5393009185791016,6.317829132080078,1.0620946884155273,0.8360466957092285
SB68949_component_866a,261.864939,6.634112,4.8420000076293945,22.62616729736328,261.86517333984375,6.6339521408081055,6.650518894195557,0.9249153137207031,0.7280634641647339
SB68949_component_867a,266.342442,6.480941,5.119999885559082,12.549019813537598,266.34246826171875,6.480918884277344,5.476110458374023,1.1877648830413818,0.9349701404571533
SB68949_component_868a,264.146646,2.963838,5.38700008392334,24.711009979248047,264.1467590332031,2.9638772010803223,8.145037651062012,0.840207576751709,0.6613842844963074
SB68949_component_871a,266.155511,3.921444,4.742000102996826,13.395480155944824,266.1556091308594,3.9211549758911133,5.567648410797119,1.0819880962371826,0.8517060875892639
SB68949_component_872a,261.774858,2.627826,5.048999786376953,24.39130210876465,261.77490234375,2.6277806758880615,6.497960567474365,0.9870996475219727,0.7770130038261414
SB68949_component_873a,262.172904,4.898648,4.866000175476074,27.184358596801758,262.1729431152344,4.898685932159424,6.389895915985107,0.9674110412597656,0.7615147829055786
SB68949_component_875a,262.887439,5.957982,5.211999893188477,28.480873107910156,262.8874816894531,5.957904815673828,7.398955821990967,0.8948838710784912,0.704423725605011
SB68949_component_879a,260.577972,6.503788,5.060999870300293,13.214098930358887,260.5780944824219,6.503846645355225,6.814306735992432,0.9435119032859802,0.742702066898346
SB68949_component_886a,260.696117,6.652845,4.992000102996826,13.52845573425293,260.6963195800781,6.6528825759887695,6.367772579193115,0.9959092140197754,0.7839475870132446
SB68949_component_889a,264.690596,4.302661,4.757999897003174,23.78999900817871,264.6904602050781,4.302495002746582,5.610413551330566,1.0773634910583496,0.8480657935142517
SB68949_component_890a,266.17338,6.097114,5.091000080108643,12.297101974487305,266.17352294921875,6.097052574157715,7.525068283081055,0.859459400177002,0.6765387058258057
SB68949_component_898a,266.13858,3.534821,4.144000053405762,14.747331619262695,266.138671875,3.5347535610198975,5.845437526702881,0.9006072878837585,0.7089290022850037
SB68949_component_899a,262.421136,3.999318,5.142000198364258,26.921466827392578,262.4211120605469,3.9993412494659424,2.886242151260376,2.263247489929199,1.781555414199829
SB68949_component_900a,265.697814,6.80603,4.9629998207092285,21.30042839050293,265.6977844238281,6.805997371673584,6.162555694580078,1.0230953693389893,0.8053476810455322
SB68949_component_902a,264.689952,6.497478,3.9769999980926514,18.938095092773438,264.6898193359375,6.497409820556641,2.770538806915283,1.8235769271850586,1.4354608058929443
SB68949_component_904a,261.72395,7.079228,4.796999931335449,13.705714225769043,261.72418212890625,7.079129219055176,6.34732723236084,0.9600890874862671,0.7557511329650879
SB68949_component_909a,262.158917,7.173007,4.7820000648498535,14.990595817565918,262.1590576171875,7.173132419586182,6.113814830780029,0.9936421513557434,0.7821630239486694
SB68949_component_911a,265.927793,6.874563,5.090000152587891,19.207548141479492,265.92767333984375,6.8745527267456055,3.1904044151306152,2.0267715454101562,1.5954090356826782
SB68949_component_913a,262.154287,2.56598,4.505000114440918,20.7603702545166,262.1543884277344,2.565969944000244,6.165184020996094,0.9282853007316589,0.7307162284851074
SB68949_component_914a,263.509038,4.827207,4.791999816894531,26.92134666442871,263.5089111328125,4.827103614807129,5.485449314117432,1.10978102684021,0.8735838532447815
SB68949_component_915a,261.709887,5.073853,4.406000137329102,25.03409194946289,261.70989990234375,5.073840141296387,10.505729675292969,0.5327838063240051,0.4193902015686035
SB68949_component_917a,262.351005,6.989552,4.375999927520752,15.797833442687988,262.3510437011719,6.98940372467041,5.832491874694824,0.9531382322311401,0.7502796649932861
SB68949_component_919a,265.785237,5.739256,4.007999897003174,12.970873832702637,265.78515625,5.739070892333984,5.866946220397949,0.8678572773933411,0.6831492185592651
SB68949_component_926a,262.112198,5.984291,4.4029998779296875,22.93229103088379,262.1122741699219,5.984055042266846,5.418903350830078,1.0322145223617554,0.8125259876251221
SB68949_component_929a,262.22852,3.048707,4.603000164031982,22.5637264251709,262.22857666015625,3.0490078926086426,2.688322067260742,2.175166130065918,1.712220549583435
SB68949_component_931a,263.684136,6.08761,3.875999927520752,19.57575798034668,263.68426513671875,6.087489128112793,5.8312201499938965,0.8444170951843262,0.6646979451179504
SB68949_component_934a,261.024497,5.877781,4.126999855041504,20.43069076538086,261.024658203125,5.877795696258545,5.332350730895996,0.9832149147987366,0.7739550471305847
SB68949_component_943a,265.23872,5.159238,4.951000213623047,22.504547119140625,265.2386779785156,5.159135341644287,7.7243194580078125,0.8142643570899963,0.6409626603126526
SB68949_component_944a,265.748585,7.109359,4.8379998207092285,13.822856903076172,265.7487487792969,7.10910701751709,5.996609210968018,1.0249266624450684,0.806789219379425
SB68949_component_949a,261.796388,5.777305,4.072000026702881,21.892473220825195,261.79656982421875,5.7773213386535645,6.935303211212158,0.7458903789520264,0.5871408581733704
SB68949_component_954a,266.100927,3.261461,4.01200008392334,13.786941528320312,266.1012878417969,3.2613937854766846,4.741838455200195,1.0748475790023804,0.8460853695869446
SB68949_component_957a,265.272166,4.345065,4.605000019073486,23.25757598876953,265.2721862792969,4.344913005828857,4.911699295043945,1.1910516023635864,0.9375573992729187
SB68949_component_961a,262.719999,7.165157,4.372000217437744,12.896756172180176,262.71990966796875,7.1650824546813965,5.790188789367676,0.959224283695221,0.7550703883171082
SB68949_component_963a,263.507698,6.087959,4.25600004196167,21.604061126708984,263.5075988769531,6.087960720062256,4.554737567901611,1.1870553493499756,0.9344117045402527
SB68949_component_972a,260.717903,3.524476,4.460000038146973,12.598870277404785,260.7178039550781,3.5244805812835693,5.259678840637207,1.0772298574447632,0.8479605317115784
SB68949_component_977a,264.944186,3.708634,4.638999938964844,17.181480407714844,264.9442138671875,3.7086544036865234,5.849649906158447,1.0074585676193237,0.7930389046669006
SB68949_component_979a,266.090432,5.208023,3.8889999389648438,17.207963943481445,266.09051513671875,5.207818508148193,3.9013068675994873,1.2663698196411133,0.9968454241752625
SB68949_component_983a,264.055582,2.256979,4.486999988555908,13.354166984558105,264.0555419921875,2.2566452026367188,3.0316691398620605,1.880212664604187,1.480042815208435
SB68949_component_986a,261.263401,2.903554,4.1620001792907715,18.497779846191406,261.2633972167969,2.903489589691162,5.970686912536621,0.8855447173118591,0.6970722675323486
SB68949_component_988a,262.565339,5.820091,4.414000034332275,24.252748489379883,262.56536865234375,5.82017183303833,5.791902542114258,0.9681525826454163,0.762098491191864
SB68949_component_989a,260.69282,5.038326,3.568000078201294,11.973154067993164,260.69268798828125,5.038177013397217,6.9001336097717285,0.6569012403488159,0.5170914530754089
SB68949_component_990a,262.053058,4.598894,4.320000171661377,20.473934173583984,262.05316162109375,4.598746299743652,4.891120910644531,1.1220393180847168,0.8832331299781799
SB68949_component_992a,265.571603,3.843717,4.059999942779541,15.921568870544434,265.5716247558594,3.8436126708984375,4.978099346160889,1.036084532737732,0.8155723214149475
SB68949_component_994a,262.01068,6.391499,4.260000228881836,20.285715103149414,262.0107421875,6.3913493156433105,6.701314449310303,0.8075740337371826,0.6356962323188782
SB68949_component_1000a,260.618801,5.227519,3.815999984741211,11.777777671813965,260.61895751953125,5.227562427520752,4.587928295135498,1.056633710861206,0.8317479491233826
SB68949_component_1001a,263.972099,3.928194,4.1539998054504395,22.576086044311523,263.9720764160156,3.9281866550445557,2.1256871223449707,2.482560634613037,1.9541915655136108
SB68949_component_1003a,264.555662,2.25194,4.309000015258789,14.508418083190918,264.55560302734375,2.2518057823181152,5.369329929351807,1.019504427909851,0.8025209903717041
SB68949_component_1004a,265.715665,4.923842,3.7850000858306885,17.76995277404785,265.7158203125,4.9237565994262695,4.989335060119629,0.9637312889099121,0.7586181163787842
SB68949_component_1005a,260.594824,5.09743,3.7750000953674316,10.147849082946777,260.59503173828125,5.0971784591674805,3.867216110229492,1.2400844097137451,0.9761544466018677
SB68949_component_1006a,266.141439,6.630035,4.185999870300293,15.796226501464844,266.14154052734375,6.629883766174316,4.228564262390137,1.2575896978378296,0.9899340867996216
SB68949_component_1008a,262.676307,6.86891,3.7139999866485596,15.221311569213867,262.67626953125,6.868983745574951,4.9755988121032715,0.9482640027999878,0.7464427947998047
SB68949_component_1010a,262.724492,3.796615,4.040999889373779,20.82989501953125,262.7246398925781,3.796555280685425,4.963375091552734,1.0342950820922852,0.8141636848449707
SB68949_component_1011a,265.517908,2.299282,3.930000066757202,11.696429252624512,265.5181579589844,2.2993321418762207,5.548359394073486,0.8998304605484009,0.7083175182342529
SB68949_component_1014a,263.183181,6.331836,3.9240000247955322,22.551725387573242,263.18316650390625,6.331628799438477,3.3535330295562744,1.4864802360534668,1.1701092720031738
SB68949_component_1017a,262.693535,6.758813,3.940000057220459,19.3137264251709,262.6936950683594,6.758811950683594,5.424931049346924,0.9226452708244324,0.7262765169143677
SB68949_component_1019a,261.553379,3.347839,4.269999980926514,21.785715103149414,261.5534362792969,3.347794771194458,5.401041507720947,1.004345417022705,0.7905882596969604
SB68949_component_1024a,261.809674,6.422479,4.3429999351501465,21.606964111328125,261.8095703125,6.422524452209473,6.591577529907227,0.8370148539543152,0.6588711142539978
SB68949_component_1025a,265.024724,5.192516,4.294000148773193,22.962566375732422,265.0246887207031,5.192503929138184,5.887922286987305,0.9264729022979736,0.7292895317077637
SB68949_component_1027a,263.094709,5.639037,3.9509999752044678,20.15816307067871,263.0949401855469,5.638999938964844,6.010592937469482,0.8350691199302673,0.6573394536972046
SB68949_component_1030a,264.790272,3.657814,3.742000102996826,18.077295303344727,264.79022216796875,3.65773606300354,5.0905351638793945,0.933841347694397,0.7350897192955017
SB68949_component_1032a,265.202216,6.421375,4.093999862670898,17.722942352294922,265.2023010253906,6.421481132507324,4.865367412567139,1.0689685344696045,0.8414574861526489
SB68949_component_1033a,264.527445,5.996584,3.8949999809265137,19.572864532470703,264.52734375,5.996259689331055,2.51788592338562,1.9651881456375122,1.5469326972961426
SB68949_component_1036a,264.791764,4.97512,3.937999963760376,19.399015426635742,264.791748046875,4.975244998931885,5.167425632476807,0.9681311249732971,0.7620816230773926
SB68949_component_1038a,261.227181,4.49192,4.0879998207092285,20.75126838684082,261.2275390625,4.491751194000244,2.3614985942840576,2.199155330657959,1.7311040163040161
SB68949_component_1040a,266.357762,3.502894,3.928999900817871,10.366754531860352,266.3577880859375,3.5028395652770996,4.292734622955322,1.162734866142273,0.9152673482894897
SB68949_component_1043a,265.802555,5.385359,3.943000078201294,18.254629135131836,265.80267333984375,5.385212421417236,4.119867324829102,1.2158395051956177,0.9570696949958801
SB68949_component_1044a,263.707995,6.198656,3.996000051498413,18.760562896728516,263.70819091796875,6.198552131652832,2.182389736175537,2.3260865211486816,1.8310203552246094
SB68949_component_1048a,263.314156,3.453559,3.7730000019073486,19.65104103088379,263.3142395019531,3.4535436630249023,4.8773674964904785,0.9827296137809753,0.7735730409622192
SB68949_component_1053a,265.690829,4.246169,3.5190000534057617,14.662500381469727,265.69085693359375,4.246051788330078,4.9382452964782715,0.9052725434303284,0.7126013040542603
SB68949_component_1054a,261.420855,2.879435,3.8450000286102295,18.665048599243164,261.4210510253906,2.8793680667877197,3.841841459274292,1.2714216709136963,1.0008221864700317
SB68949_component_1058a,264.803165,4.28844,4.01800012588501,19.69607925415039,264.8031005859375,4.288680553436279,4.405159950256348,1.1587265729904175,0.9121121764183044
SB68949_component_1060a,263.019407,6.220111,3.7090001106262207,18.92346954345703,263.0194396972656,6.219833850860596,5.347528457641602,0.881122887134552,0.6935914754867554
SB68949_component_1062a,265.558943,5.623266,3.756999969482422,18.0625,265.5590515136719,5.623155117034912,6.923621654510498,0.6893512606620789,0.5426350831985474
SB68949_component_1063a,265.389343,4.009791,4.114999771118164,17.074687957763672,265.389404296875,4.009731769561768,5.8472771644592285,0.8940232992172241,0.7037463188171387
SB68949_component_1064a,261.319077,3.581353,3.743000030517578,18.438425064086914,261.319091796875,3.5813210010528564,4.49137020111084,1.0587018728256226,0.8333759903907776
SB68949_component_1065a,260.934435,7.040536,3.944000005722046,11.172804832458496,260.9343566894531,7.040499210357666,2.555757999420166,1.9604233503341675,1.543182134628296
SB68949_component_1073a,265.814557,7.024209,4.145999908447266,13.33119010925293,265.8145751953125,7.023919105529785,5.436306953430176,0.9688532948493958,0.7626500725746155
SB68949_component_1078a,262.235476,6.225193,3.999000072479248,20.613401412963867,262.2354736328125,6.225364685058594,5.791479587554932,0.8771918416023254,0.6904971599578857
SB68949_component_1084a,262.891811,4.389213,3.7179999351501465,19.56842041015625,262.8916015625,4.389341831207275,4.655142307281494,1.014633297920227,0.7986866235733032
SB68949_component_1088a,264.395922,6.648178,3.8350000381469727,16.820175170898438,264.39617919921875,6.648185729980469,4.4452104568481445,1.0959879159927368,0.8627263307571411
SB68949_component_1089a,261.636668,3.556478,3.884999990463257,21.464088439941406,261.6368103027344,3.5565710067749023,5.597066879272461,0.8817861080169678,0.694113552570343
SB68949_component_1090a,265.366139,6.349413,3.825000047683716,17.1524658203125,265.3662414550781,6.349239349365234,5.204193592071533,0.9337071776390076,0.7349842190742493
SB68949_component_1093a,266.024191,6.929451,3.6610000133514404,13.973282814025879,266.0240783691406,6.929191589355469,5.7032904624938965,0.8154680728912354,0.6419101357460022
SB68949_component_1094a,265.296278,3.708565,3.499000072479248,13.509653091430664,265.2962646484375,3.708646297454834,4.2275495529174805,1.0514484643936157,0.8276662230491638
SB68949_component_1096a,262.287857,4.639437,3.864000082015991,18.66666603088379,262.2878112792969,4.639355182647705,4.780722141265869,1.0267775058746338,0.8082461357116699
SB68949_component_1097a,260.326274,2.902951,3.6089999675750732,10.9696044921875,260.3265075683594,2.9028289318084717,4.937476634979248,0.9285697937011719,0.7309401631355286
SB68949_component_1098a,264.924926,3.27003,3.9170000553131104,15.668000221252441,264.9249267578125,3.2698416709899902,3.122237205505371,1.5937507152557373,1.2545491456985474
SB68949_component_1102a,264.4372,3.945061,3.8510000705718994,18.42583656311035,264.4373474121094,3.945106267929077,4.786487579345703,1.0220904350280762,0.8045566082000732
SB68949_component_1106a,264.036664,5.923573,3.7730000019073486,16.995494842529297,264.0367126464844,5.923547267913818,5.795945644378662,0.8269804120063782,0.650972306728363
SB68949_component_1113a,262.734521,4.586844,3.4790000915527344,20.109827041625977,262.734375,4.586816787719727,5.5465922355651855,0.7968212962150574,0.627232015132904
SB68949_component_1118a,264.178978,5.663687,3.374000072479248,16.45853614807129,264.1790466308594,5.663482666015625,4.983262538909912,0.8601298928260803,0.6770665049552917
SB68949_component_1119a,263.960818,4.513652,3.5850000381469727,18.57512855529785,263.9607238769531,4.513516902923584,4.621407508850098,0.9854795336723328,0.7757377028465271
SB68949_component_1120a,264.194016,4.792897,3.5439999103546143,18.652631759643555,264.1942138671875,4.792575836181641,3.178740978240967,1.4163522720336914,1.1149067878723145
SB68949_component_1129a,261.249581,2.361265,3.990000009536743,13.168316841125488,261.2496643066406,2.3611557483673096,5.738846778869629,0.8832445740699768,0.6952616572380066
SB68949_component_1135a,260.490365,4.268236,3.319000005722046,14.55701732635498,260.49041748046875,4.268231391906738,4.884222507476807,0.8632658123970032,0.6795349717140198
SB68949_component_1137a,265.461673,4.227361,3.571000099182129,16.013452529907227,265.4618835449219,4.227333068847656,7.100074291229248,0.6389394402503967,0.502952516078949
SB68949_component_1141a,261.473669,5.031579,3.2209999561309814,18.618497848510742,261.47381591796875,5.031615257263184,5.88314151763916,0.6955272555351257,0.5474966168403625
SB68949_component_1161a,260.998852,2.841524,3.7200000286102295,17.884614944458008,260.998779296875,2.841399908065796,4.2758097648620605,1.1052417755126953,0.8700106739997864
SB68949_component_1164a,263.250693,3.52818,3.1070001125335693,16.704301834106445,263.2506408691406,3.528376817703247,3.3533270359039307,1.1770585775375366,0.9265425205230713
SB68949_component_1166a,265.00989,2.717456,3.5239999294281006,15.662221908569336,265.0101318359375,2.7174110412597656,3.3628668785095215,1.3312479257583618,1.0479153394699097
SB68949_component_1167a,262.942537,6.378731,3.619999885559082,18.85416603088379,262.9425048828125,6.378952980041504,4.1814165115356445,1.0998104810714722,0.8657352924346924
SB68949_component_1168a,260.848107,3.258042,3.4159998893737793,12.558822631835938,260.84796142578125,3.2577083110809326,4.288421630859375,1.011936068534851,0.796563446521759
SB68949_component_1171a,263.483417,4.688649,3.3380000591278076,16.858585357666016,263.4833984375,4.688419818878174,3.863354206085205,1.0976264476776123,0.864016056060791
SB68949_component_1173a,262.456161,2.404147,3.6570000648498535,14.454545974731445,262.4560546875,2.404198408126831,3.904197931289673,1.1899421215057373,0.9366840720176697
SB68949_component_1175a,265.925973,4.84944,3.0420000553131104,14.766990661621094,265.9261779785156,4.849432945251465,5.377397537231445,0.7186538577079773,0.5657011866569519
SB68949_component_1177a,264.140205,5.438986,3.5840001106262207,16.826292037963867,264.13995361328125,5.438830852508545,5.029663562774658,0.9052359461784363,0.7125725150108337
SB68949_component_1178a,263.062279,3.375124,3.3340001106262207,17.18556785583496,263.062255859375,3.375173330307007,4.561256408691406,0.9285682439804077,0.7309389710426331
SB68949_component_1184a,264.978598,6.882487,3.4779999256134033,15.056276321411133,264.97869873046875,6.88231897354126,3.777771234512329,1.169571042060852,0.9206486344337463
SB68949_component_1187a,263.19701,5.929604,3.1530001163482666,16.005077362060547,263.1968078613281,5.929487228393555,3.958366870880127,1.0119072198867798,0.7965406775474548
SB68949_component_1188a,263.045995,4.984538,3.375,18.75,263.046142578125,4.984621524810791,5.321625709533691,0.805679202079773,0.6342046856880188
SB68949_component_1190a,266.244406,6.741394,3.555000066757202,11.84999942779541,266.24444580078125,6.74132776260376,4.546499729156494,0.9933336973190308,0.7819201946258545
SB68949_component_1193a,265.151917,3.63283,3.390000104904175,14.675324440002441,265.15203857421875,3.632784843444824,6.366260051727295,0.6764692664146423,0.5324947834014893
SB68949_component_1194a,260.789607,4.111031,3.075000047683716,15.073530197143555,260.7896728515625,4.110828876495361,4.2444748878479,0.9203518629074097,0.7244712710380554
SB68949_component_1198a,262.357273,6.660759,3.0510001182556152,15.029557228088379,262.3573913574219,6.660522937774658,4.330300807952881,0.8950697183609009,0.7045699954032898
SB68949_component_1199a,265.48048,4.893003,3.2230000495910645,15.274882316589355,265.48065185546875,4.893034934997559,4.3536481857299805,0.9404586553573608,0.7402986884117126
SB68949_component_1200a,260.705907,3.278624,3.306999921798706,11.210169792175293,260.7060241699219,3.2786977291107178,3.7590627670288086,1.1176023483276367,0.8797405362129211
SB68949_component_1202a,264.819675,3.290799,3.36299991607666,14.310638427734375,264.8196716308594,3.2908074855804443,3.251150369644165,1.314082145690918,1.0344030857086182
SB68949_component_1204a,263.892785,3.608864,3.638000011444092,18.56122589111328,263.892822265625,3.608710527420044,4.671181678771973,0.9893926382064819,0.7788179516792297
SB68949_component_1206a,260.84404,6.052601,3.244999885559082,13.927038192749023,260.84393310546875,6.0524001121521,4.244847774505615,0.9711476564407349,0.7644561529159546
SB68949_component_1208a,260.997167,3.597293,3.0889999866485596,12.209486961364746,260.9974365234375,3.5973033905029297,4.333575248718262,0.9055330157279968,0.7128063440322876
SB68949_component_1209a,264.181791,3.847028,3.240000009536743,16.03960418701172,264.1817626953125,3.8470065593719482,4.146144390106201,0.992734968662262,0.7814489006996155
SB68949_component_1216a,262.707968,3.311307,3.2249999046325684,15.886699676513672,262.70794677734375,3.3112637996673584,1.982336163520813,2.0667366981506348,1.6268683671951294
SB68949_component_1217a,262.285487,3.573047,3.00600004196167,14.735294342041016,262.2855224609375,3.5730202198028564,4.1849589347839355,0.9124950170516968,0.7182866334915161
SB68949_component_1223a,265.306871,3.604118,2.86299991607666,11.979079246520996,265.3066711425781,3.603872060775757,3.005253791809082,1.2102439403533936,0.9526649117469788
SB68949_component_1225a,265.621819,5.257199,3.0759999752044678,14.57819938659668,265.6218566894531,5.257070541381836,3.9591915607452393,0.9869894981384277,0.7769262790679932
SB68949_component_1227a,261.582875,2.819616,2.5480000972747803,13.134020805358887,261.5827941894531,2.819718360900879,4.821237087249756,0.6713881492614746,0.5284950733184814
SB68949_component_1228a,264.811839,3.726703,3.559000015258789,14.408906936645508,264.8114929199219,3.726463556289673,4.709368705749512,0.9600591659545898,0.7557276487350464
SB68949_component_1230a,263.27249,3.312419,3.260999917984009,17.07329750061035,263.2724304199219,3.3123905658721924,3.543830394744873,1.1689894199371338,0.9201907515525818
SB68949_component_1233a,265.178627,3.522713,3.4230000972747803,15.079296112060547,265.1784362792969,3.522517204284668,5.875349998474121,0.740126371383667,0.5826036334037781
SB68949_component_1243a,261.282648,5.223288,3.128000020980835,15.797980308532715,261.2825622558594,5.223285675048828,4.783591270446777,0.8307023048400879,0.6539020538330078
SB68949_component_1244a,261.784677,3.614554,2.950000047683716,15.128206253051758,261.7846374511719,3.614657163619995,3.7575173377990723,0.9973641633987427,0.7850928902626038
SB68949_component_1246a,261.048528,4.224158,3.194999933242798,15.509708404541016,261.048583984375,4.224093914031982,5.082297325134277,0.7986261248588562,0.6286526918411255
SB68949_component_1247a,264.708681,3.784832,2.9660000801086426,12.95196533203125,264.7084655761719,3.7846837043762207,3.776341438293457,0.9977750182151794,0.785416305065155
SB68949_component_1248a,262.985828,4.294263,3.2699999809265137,18.370786666870117,262.98565673828125,4.294328212738037,3.6354129314422607,1.1426855325698853,0.899485170841217
SB68949_component_1249a,260.795505,3.985378,2.875,12.392241477966309,260.79559326171875,3.9850475788116455,3.8286631107330322,0.9539451599121094,0.7509148716926575
SB68949_component_1251a,261.761091,6.947776,3.243000030517578,12.100746154785156,261.7608947753906,6.947875022888184,6.023756504058838,0.6839309334754944,0.5383684039115906
SB68949_component_1253a,264.103914,3.474212,3.0940001010894775,15.092683792114258,264.10400390625,3.473841905593872,3.5224692821502686,1.1158499717712402,0.8783611059188843
SB68949_component_1255a,264.971481,5.996668,2.984999895095825,14.282296180725098,264.97161865234375,5.996563911437988,1.9776455163955688,1.917470097541809,1.5093705654144287
SB68949_component_1257a,264.740658,5.127826,2.6489999294281006,13.584615707397461,264.74066162109375,5.1276535987854,3.8616011142730713,0.8714596033096313,0.6859848499298096
SB68949_component_1258a,265.382038,4.686926,2.8610000610351562,13.12385368347168,265.38177490234375,4.6868510246276855,3.074709177017212,1.1820790767669678,0.9304945468902588
SB68949_component_1259a,262.164451,3.165917,2.9519999027252197,15.619047164916992,262.1645812988281,3.165898323059082,3.5266613960266113,1.063372254371643,0.8370522856712341
SB68949_component_1266a,263.009418,4.647752,2.8989999294281006,15.755434036254883,263.0093994140625,4.647891044616699,3.727348566055298,0.9880545735359192,0.777764618396759
SB68949_component_1269a,261.561906,2.535027,2.6029999256134033,11.885844230651855,261.56201171875,2.535043239593506,3.558284044265747,0.9293221235275269,0.7315323352813721
SB68949_component_1276a,262.572365,5.390878,2.9800000190734863,16.19565200805664,262.5724792480469,5.390758991241455,2.0593061447143555,1.838349461555481,1.4470893144607544
SB68949_component_1278a,265.244232,2.793047,2.9210000038146973,13.976076126098633,265.24407958984375,2.793099880218506,3.5411250591278076,1.0479077100753784,0.8248791098594666
SB68949_component_1284a,261.966785,6.456286,3.003999948501587,13.175437927246094,261.966796875,6.4560866355896,4.528629779815674,0.8426860570907593,0.6633352637290955
SB68949_component_1285a,260.800907,3.012861,2.8480000495910645,12.546256065368652,260.80084228515625,3.01279616355896,4.9856343269348145,0.7256919145584106,0.5712412595748901
SB68949_component_1287a,264.384149,4.128734,3.0169999599456787,15.237373352050781,264.38409423828125,4.128603935241699,5.019904613494873,0.7635061740875244,0.6010074019432068
SB68949_component_1293a,262.003115,6.1265,2.6670000553131104,14.111111640930176,262.00323486328125,6.126369476318359,2.8234338760375977,1.1999913454055786,0.9445945024490356
SB68949_component_1296a,263.766092,2.997326,3.125,17.170330047607422,263.7659606933594,2.997633934020996,4.354067802429199,0.9117746949195862,0.7177196741104126
SB68949_component_1299a,260.766097,3.178172,2.808000087738037,10.80000114440918,260.7662048339844,3.178269863128662,3.3887317180633545,1.052670955657959,0.8286285996437073
SB68949_component_1303a,263.102215,5.342335,2.7909998893737793,14.925132751464844,263.1024169921875,5.34208869934082,2.2644968032836914,1.5657442808151245,1.2325032949447632
SB68949_component_1306a,262.214985,5.407683,2.6510000228881836,13.525510787963867,262.21478271484375,5.407546043395996,3.8898839950561523,0.8657764792442322,0.6815113425254822
SB68949_component_1308a,261.173948,3.745645,2.8269999027252197,12.291303634643555,261.1742248535156,3.745530128479004,3.8311264514923096,0.9374152421951294,0.7379030585289001
SB68949_component_1310a,262.38244,4.903369,2.6559998989105225,14.674033164978027,262.3823547363281,4.903497219085693,3.4097421169281006,0.9895534515380859,0.7789444923400879
SB68949_component_1317a,266.210835,5.07312,2.555000066757202,10.514403343200684,266.2113037109375,5.073157787322998,2.8593192100524902,1.1351702213287354,0.8935693502426147
SB68949_component_1319a,261.725146,3.136595,2.7039999961853027,13.866666793823242,261.7255859375,3.1366889476776123,4.494234085083008,0.7643349170684814,0.6016597747802734
SB68949_component_1326a,261.921089,3.917269,2.686000108718872,13.989583969116211,261.92095947265625,3.917124032974243,3.964081287384033,0.8607879877090454,0.6775845289230347
SB68949_component_1329a,263.204468,6.274909,2.5899999141693115,14.230769157409668,263.2046203613281,6.2748236656188965,3.8769850730895996,0.8486690521240234,0.6680448651313782
SB68949_component_1332a,262.25898,6.069544,2.6630001068115234,14.317204475402832,262.2591247558594,6.0695672035217285,3.770521402359009,0.8972272872924805,0.7062683701515198
SB68949_component_1333a,262.893976,2.789174,2.9519999027252197,13.794391632080078,262.893798828125,2.789114475250244,3.0611424446105957,1.2250831127166748,0.9643458127975464
SB68949_component_1334a,264.14598,6.155058,2.9660000801086426,13.420814514160156,264.14599609375,6.154866695404053,3.1038448810577393,1.213958501815796,0.9555889964103699
SB68949_component_1336a,263.68746,5.720406,2.9030001163482666,14.811225891113281,263.6875305175781,5.720366954803467,4.504134178161621,0.8187823295593262,0.644519031047821
SB68949_component_1338a,264.961014,3.302739,2.7009999752044678,11.444914817810059,264.9610900878906,3.3026275634765625,3.557298183441162,0.9645772576332092,0.7592840790748596
SB68949_component_1339a,264.039269,5.744187,2.7790000438690186,14.035353660583496,264.0391845703125,5.744319438934326,3.1086525917053223,1.1356619596481323,0.8939564824104309
SB68949_component_1340a,264.736346,3.19315,2.8519999980926514,13.6459321975708,264.7362365722656,3.193169593811035,2.5216925144195557,1.4367793798446655,1.1309864521026611
SB68949_component_1350a,264.817346,5.966074,2.7060000896453857,12.64486026763916,264.8175048828125,5.96579647064209,3.0809264183044434,1.115781545639038,0.8783072829246521
SB68949_component_1351a,264.767694,6.027854,2.881999969482422,13.789473533630371,264.76751708984375,6.027553081512451,3.1529219150543213,1.1612173318862915,0.9140727519989014
SB68949_component_1355a,262.531261,4.692837,2.6429998874664307,13.34848403930664,262.53125,4.692811012268066,4.7112860679626465,0.7126731276512146,0.5609933137893677
SB68949_component_1357a,262.761376,4.339513,2.753000020980835,15.209945678710938,262.7613525390625,4.339362621307373,3.7758312225341797,0.9262459874153137,0.7291109561920166
SB68949_component_1361a,262.898556,6.928846,2.7070000171661377,11.977876663208008,262.89849853515625,6.9288177490234375,4.01589822769165,0.856324315071106,0.6740708947181702
SB68949_component_1364a,261.095913,2.388241,2.8429999351501465,10.490775108337402,261.0957946777344,2.388401746749878,3.6779332160949707,0.981986939907074,0.7729884386062622
SB68949_component_1377a,262.614211,3.183603,2.453000068664551,13.188172340393066,262.6142578125,3.183511734008789,4.19476318359375,0.7428871393203735,0.584776759147644
SB68949_component_1385a,263.875035,3.012013,2.5850000381469727,14.281768798828125,263.8750915527344,3.0119943618774414,3.3768763542175293,0.9724742770195007,0.7655003666877747
SB68949_component_1386a,262.139316,4.86811,2.7880001068115234,14.98924732208252,262.13922119140625,4.868167877197266,5.007232189178467,0.7073392868041992,0.5567946434020996
SB68949_component_1388a,260.971753,3.224745,2.5899999141693115,10.836819648742676,260.9721374511719,3.224742889404297,2.9839491844177246,1.1026585102081299,0.8679772019386292
SB68949_component_1395a,262.76487,4.521858,2.63700008392334,14.898305892944336,262.76458740234375,4.521938323974609,2.524958848953247,1.3267483711242676,1.0443735122680664
SB68949_component_1398a,260.703147,6.281383,2.746000051498413,11.208163261413574,260.70306396484375,6.280953407287598,3.0595152378082275,1.1401989459991455,0.897527813911438
SB68949_component_1404a,264.903148,4.900132,2.805999994277954,14.38974380493164,264.9031982421875,4.900169849395752,3.1800220012664795,1.1209603548049927,0.8823838233947754
SB68949_component_1405a,263.663904,4.839055,2.4779999256134033,12.389999389648438,263.6639709472656,4.8391804695129395,2.918179988861084,1.0787527561187744,0.8491593599319458
SB68949_component_1414a,264.292042,6.55211,2.680000066757202,12.237442970275879,264.2920837402344,6.552127361297607,5.608564376831055,0.6070379018783569,0.4778406620025635
SB68949_component_1420a,262.685488,2.385928,2.6470000743865967,10.462450981140137,262.68524169921875,2.3857834339141846,3.925143241882324,0.8567047715187073,0.674370288848877
SB68949_component_1423a,263.710042,6.133321,2.4560000896453857,12.404041290283203,263.7102355957031,6.133326053619385,3.5235228538513184,0.8854907155036926,0.697029709815979
SB68949_component_1429a,261.134099,6.68784,2.36899995803833,10.080850601196289,261.13409423828125,6.688113212585449,2.6838395595550537,1.1213501691818237,0.8826906085014343
SB68949_component_1432a,263.007484,3.746416,2.122999906539917,10.94329833984375,263.0072937011719,3.7460975646972656,1.812218189239502,1.4882373809814453,1.1714924573898315
SB68949_component_1433a,261.752837,4.584814,2.365999937057495,11.712870597839355,261.7530517578125,4.584768295288086,2.4030845165252686,1.2507727146148682,0.9845679402351379
SB68949_component_1438a,264.808584,6.856766,2.4200000762939453,10.254237174987793,264.8085632324219,6.8568549156188965,3.9052116870880127,0.7872334122657776,0.6196847558021545
SB68949_component_1439a,261.887213,3.756629,2.121999979019165,10.771574020385742,261.8873596191406,3.756523847579956,3.3732857704162598,0.7991438508033752,0.6290602684020996
SB68949_component_1440a,261.140891,3.346763,2.5350000858306885,11.845794677734375,261.14129638671875,3.346782922744751,4.173235893249512,0.7716809511184692,0.607442319393158
SB68949_component_1445a,261.142191,5.182318,2.5399999618530273,13.160621643066406,261.1422424316406,5.18222713470459,4.3349199295043945,0.7443639636039734,0.5859392881393433
SB68949_component_1453a,262.836581,4.434613,2.309999942779541,12.554347038269043,262.8363037109375,4.43459415435791,3.283565044403076,0.893714964389801,0.7035036087036133
SB68949_component_1459a,262.670039,6.895083,2.6010000705718994,11.5600004196167,262.6699523925781,6.895145416259766,3.632465124130249,0.909644365310669,0.716042697429657
SB68949_component_1463a,263.428743,4.716361,2.5299999713897705,13.457447052001953,263.4286804199219,4.71628999710083,2.9275190830230713,1.0978765487670898,0.8642129898071289
SB68949_component_1466a,264.106063,2.598292,2.5490000247955322,11.131004333496094,264.106201171875,2.5985071659088135,3.0421905517578125,1.0644277334213257,0.8378831148147583
SB68949_component_1472a,264.845573,5.249226,2.5339999198913574,13.129532814025879,264.8455505371094,5.249347686767578,3.259878396987915,0.987501859664917,0.7773295640945435
SB68949_component_1473a,265.649161,6.480783,2.5360000133514404,11.22123908996582,265.6492919921875,6.480753421783447,3.1223673820495605,1.0318057537078857,0.8122042417526245
SB68949_component_1476a,265.113072,4.422143,2.6440000534057617,13.699481964111328,265.11334228515625,4.422142505645752,4.679579257965088,0.7177734375,0.5650080442428589
SB68949_component_1486a,262.24531,5.732731,2.187000036239624,11.045454978942871,262.2454528808594,5.732743740081787,3.5479142665863037,0.7830840945243835,0.6164185404777527
SB68949_component_1487a,262.929402,4.373476,2.380000114440918,13.14917278289795,262.9293212890625,4.373445510864258,1.5511391162872314,1.9492114782333374,1.5343563556671143
SB68949_component_1493a,261.946181,4.886481,2.1579999923706055,11.792349815368652,261.9460144042969,4.886440753936768,4.115728855133057,0.6660968661308289,0.5243299603462219
SB68949_component_1498a,262.5009,4.961776,2.2809998989105225,12.39673900604248,262.50103759765625,4.961740493774414,3.5059573650360107,0.8265161514282227,0.6506068706512451
SB68949_component_1502a,262.679528,5.313755,2.63700008392334,14.026597023010254,262.6798095703125,5.313453197479248,3.0155029296875,1.110920786857605,0.8744810223579407
SB68949_component_1505a,264.826327,6.221755,2.3440001010894775,11.269230842590332,264.8263854980469,6.221776485443115,2.7729878425598145,1.0738469362258911,0.845297634601593
SB68949_component_1521a,262.950767,4.013646,1.9839999675750732,10.122448921203613,262.9508361816406,4.013354301452637,3.0875158309936523,0.8163289427757263,0.6425877809524536
SB68949_component_1526a,261.469497,6.491123,2.1670000553131104,10.468599319458008,261.4696350097656,6.491150379180908,3.2828080654144287,0.83858323097229,0.6601056456565857
SB68949_component_1534a,262.485176,5.960157,2.0360000133514404,10.494845390319824,262.48492431640625,5.959929943084717,2.37538480758667,1.0888712406158447,0.8571242690086365
SB68949_component_1543a,260.949217,4.669354,2.184000015258789,10.35071086883545,260.9495544433594,4.669003009796143,2.712437152862549,1.022882342338562,0.8051799535751343
SB68949_component_1545a,262.015333,3.413725,2.140000104904175,10.700000762939453,262.0152893066406,3.4137537479400635,2.98862886428833,0.909650444984436,0.716047465801239
SB68949_component_1549a,263.325134,3.920207,2.2320001125335693,11.685864448547363,263.3251647949219,3.9203691482543945,3.42195463180542,0.8286148309707642,0.6522588133811951
SB68949_component_1551a,263.579806,3.770142,2.1989998817443848,11.453124046325684,263.5796813964844,3.770357608795166,3.66544246673584,0.762134313583374,0.599927544593811
SB68949_component_1552a,262.241073,4.87929,2.4679999351501465,12.591836929321289,262.24114990234375,4.879238605499268,3.0392937660217285,1.031585454940796,0.8120307326316833
SB68949_component_1562a,260.912217,5.346648,2.3540000915527344,11.15639877319336,260.91192626953125,5.346553802490234,2.907092332839966,1.0286802053451538,0.8097438216209412
SB68949_component_1566a,265.102167,6.139613,2.2720000743865967,10.923076629638672,265.1021423339844,6.1400065422058105,2.403562307357788,1.2008415460586548,0.9452636241912842
SB68949_component_1573a,262.98243,3.921706,2.197999954223633,11.271795272827148,262.9825134277344,3.921919584274292,3.2818970680236816,0.8508155345916748,0.6697345972061157
SB68949_component_1582a,260.697882,4.199922,2.3499999046325684,10.879629135131836,260.6979675292969,4.199887275695801,3.0306501388549805,0.9850647449493408,0.7754111289978027
SB68949_component_1590a,261.965875,5.377531,2.0429999828338623,10.530927658081055,261.9660949707031,5.377702236175537,2.5940804481506348,1.000501275062561,0.7875623106956482
SB68949_component_1593a,261.337314,3.887652,2.2260000705718994,10.805825233459473,261.33740234375,3.8877434730529785,2.2421348094940186,1.2612354755401611,0.9928038716316223
SB68949_component_1598a,261.569006,5.468129,2.121000051498413,10.876923561096191,261.56903076171875,5.46818208694458,3.112269163131714,0.8657575249671936,0.6814963221549988
SB68949_component_1606a,263.244085,6.051967,2.065000057220459,10.429293632507324,263.2442932128906,6.052152633666992,2.490978717803955,1.0531319379806519,0.8289914727210999
SB68949_component_1609a,262.015944,5.196057,1.9570000171661377,10.087628364562988,262.0162353515625,5.1959228515625,2.6805152893066406,0.927481472492218,0.7300835251808167
SB68949_component_1618a,263.121604,5.968769,2.00600004196167,10.447916984558105,263.12152099609375,5.9688825607299805,3.5378284454345703,0.72032231092453,0.5670145153999329
SB68949_component_1627a,263.416019,3.59235,2.0360000133514404,11.502824783325195,263.416259765625,3.592597246170044,3.619281530380249,0.7146413326263428,0.5625426173210144
SB68949_component_1638a,261.231256,5.145552,2.00600004196167,10.080402374267578,261.2313537597656,5.14550256729126,3.8259975910186768,0.6660686135292053,0.5243077278137207
SB68949_component_1641a,261.635599,3.84754,2.1740000247955322,12.213482856750488,261.6355895996094,3.8475797176361084,2.622701406478882,1.0530365705490112,0.8289163112640381
SB68949_component_1648a,262.363682,6.115464,2.2899999618530273,11.170731544494629,262.3634948730469,6.115325450897217,3.205068349838257,0.907676100730896,0.7144933342933655
SB68949_component_1660a,263.339945,5.50625,2.1410000324249268,11.51075267791748,263.3399963378906,5.506250858306885,2.8680334091186523,0.9483423829078674,0.746504545211792
SB68949_component_1671a,261.524591,3.365016,2.058000087738037,10.03902530670166,261.524658203125,3.3651702404022217,2.7508718967437744,0.9504028558731079,0.7481264472007751
SB68949_component_1673a,262.260773,6.270626,1.9809999465942383,10.53723430633545,262.2611083984375,6.270651340484619,1.9337437152862549,1.301422357559204,1.024437665939331
SB68949_component_1685a,262.939042,3.450975,1.996999979019165,10.679143905639648,262.9392395019531,3.4507648944854736,2.363753318786621,1.0732691287994385,0.844842791557312
SB68949_component_1689a,261.88972,3.294204,1.8990000486373901,10.264864921569824,261.8898010253906,3.294013500213623,2.9259729385375977,0.8244937658309937,0.6490148901939392
SB68949_component_1700a,263.070332,5.936042,2.056999921798706,10.826315879821777,263.0701599121094,5.936321258544922,2.5168871879577637,1.0382530689239502,0.8172793388366699
SB68949_component_1704a,264.90747,2.962315,2.1480000019073486,10.478049278259277,264.9076843261719,2.962183713912964,2.2789955139160156,1.1973565816879272,0.9425204992294312
SB68949_component_1718a,262.600315,6.431365,1.9539999961853027,10.338624954223633,262.6005554199219,6.431171417236328,3.0923733711242676,0.8027223348617554,0.6318771243095398
SB68949_component_1726a,265.295517,4.865084,2.177999973297119,10.371428489685059,265.2953796386719,4.865082263946533,2.693164587020874,1.027371883392334,0.8087140321731567
SB68949_component_1748a,264.509222,5.89236,2.009999990463257,10.100502014160156,264.50946044921875,5.892622470855713,2.442500114440918,1.0454281568527222,0.8229272961616516
SB68949_component_1755a,262.480034,5.309967,1.9830000400543213,10.328125,262.4798583984375,5.309966087341309,1.892898678779602,1.3308467864990234,1.0475996732711792
SB68949_component_1762a,262.785441,6.378489,2.007999897003174,10.09045124053955,262.7850341796875,6.378304481506348,3.212710380554199,0.7940079569816589,0.6250174045562744
SB68949_component_1791a,264.326241,4.486757,1.8680000305175781,10.043010711669922,264.3262023925781,4.486561298370361,2.419646978378296,0.9807483553886414,0.7720134854316711
SB68949_component_1809a,262.473642,3.904031,2.0199999809265137,10.466320991516113,262.4736328125,3.9042739868164062,3.7904865741729736,0.6770007014274597,0.532913088798523
SB68949_component_1814a,262.426043,4.418871,1.937000036239624,10.036269187927246,262.42584228515625,4.418781280517578,3.136383056640625,0.7845728397369385,0.6175903677940369
SB68949_component_1848a,263.531998,2.646412,1.8569999933242798,10.611428260803223,263.5318298339844,2.6462321281433105,2.169945478439331,1.0871658325195312,0.8557818531990051
