Component_ID,RA,DEC,RA_comp,DEC_comp
SB67385_component_118a,240.418944,43.280627,240.418516,43.279932
