Component_ID,RA,DEC,RA_comp,DEC_comp
SB66831_component_15a,81.227618,-28.311562,81.227626,-28.311561
SB66831_component_54a,82.487711,-25.266344,82.487781,-25.26637
