Component_ID,RA,DEC,RA_comp,DEC_comp
SB67039_component_6a,149.207534,25.254558,149.207814,25.254458
SB67039_component_45a,145.950173,20.469593,145.95041,20.469434
