Component_ID,RA,DEC,RA_comp,DEC_comp
SB66372_component_2a,118.263786,42.52421,118.263906,42.525212
SB66372_component_5a,115.791179,39.691242,115.791194,39.691883
