Component_ID,RA,DEC,RA_comp,DEC_comp
SB67339_component_39a,175.334366,0.382584,175.334455,0.382439
SB67339_component_100a,172.470438,-2.668648,172.470496,-2.668826
