Component_ID,RA,DEC,RA_comp,DEC_comp
SB66763_component_10a,350.584795,44.7617,350.584825,44.761765
SB66763_component_29a,351.324214,39.959883,351.324458,39.960141
