Component_ID,RA,DEC,RA_comp,DEC_comp
SB67368_component_10a,113.489346,4.93738,113.489416,4.93736
SB67368_component_34a,111.651431,6.61186,111.651517,6.611903
