Component_ID,RA,DEC,ASKAP_flux,ASKAP_flux_SNR,RA_comp,DEC_comp,Comp_flux,Flux_Ratio_AlphaCorr,Flux_Ratio_NOAlphaCorr
SB67598_component_5a,52.30699,32.601643,454.7439880371094,1495.868408203125,52.30654525756836,32.60114288330078,593.9014892578125,0.9727142453193665,0.7656892538070679
SB67598_component_8a,54.248864,31.736609,367.2829895019531,1434.6990966796875,54.24850845336914,31.73602294921875,501.7755126953125,0.9298738837242126,0.7319667339324951
SB67598_component_13a,53.348936,33.943725,268.6860046386719,1148.2308349609375,53.34873962402344,33.94364929199219,224.32891845703125,1.5215719938278198,1.1977323293685913
SB67598_component_15a,55.72763,30.797115,237.96400451660156,664.7039184570312,55.7275390625,30.796693801879883,356.5352478027344,0.8478938937187195,0.6674347519874573
SB67598_component_16a,50.01294,31.126113,230.77000427246094,739.6474609375,50.012882232666016,31.126089096069336,346.5007629394531,0.8460730910301208,0.6660014390945435
SB67598_component_18a,54.501765,31.103338,226.22000122070312,904.8800048828125,54.501441955566406,31.102767944335938,180.60169982910156,1.591262698173523,1.2525906562805176
SB67598_component_19a,50.835902,32.164363,218.56500244140625,1011.875,50.83564758300781,32.16415786743164,307.2157897949219,0.9037947654724121,0.7114380598068237
SB67598_component_20a,53.265292,34.733141,225.41799926757812,805.0642700195312,53.26521301269531,34.733219146728516,318.5918884277344,0.8988487124443054,0.7075446844100952
SB67598_component_21a,56.006192,31.638298,208.05999755859375,581.1731567382812,56.006141662597656,31.638004302978516,302.3415222167969,0.8742256164550781,0.6881621479988098
SB67598_component_24a,50.266884,30.464699,195.17999267578125,677.7083129882812,50.26682662963867,30.46469497680664,296.7255554199219,0.8356281518936157,0.6577795147895813
SB67598_component_27a,51.600506,35.024809,190.6820068359375,538.6497192382812,51.600399017333984,35.02479553222656,203.82679748535156,1.1884506940841675,0.935509979724884
SB67598_component_28a,52.538306,30.547341,190.55499267578125,870.1141357421875,52.5380859375,30.547101974487305,231.00274658203125,1.0479388236999512,0.8249036073684692
SB67598_component_30a,49.925768,30.69059,174.0679931640625,777.0892333984375,49.925716400146484,30.690587997436523,238.51376342773438,0.9271247982978821,0.7298027276992798
SB67598_component_32a,49.231342,33.840091,167.16200256347656,498.99102783203125,49.2312126159668,33.839969635009766,243.32937622070312,0.8727216124534607,0.686978280544281
SB67598_component_33a,56.22308,32.806066,165.4239959716797,515.3395385742188,56.2231330871582,32.806007385253906,221.2490234375,0.9498386979103088,0.7476823925971985
SB67598_component_36a,54.414661,33.409847,155.75399780273438,671.3534545898438,54.41441345214844,33.409584045410156,224.09002685546875,0.8829770088195801,0.6950510144233704
SB67598_component_38a,54.458235,31.254493,150.70799255371094,666.8495483398438,54.457916259765625,31.25391387939453,202.3740692138672,0.9460501074790955,0.7447001338005066
SB67598_component_39a,56.527571,32.698981,147.7949981689453,284.768798828125,56.52763366699219,32.69895935058594,181.6127471923828,1.033822774887085,0.8137919902801514
SB67598_component_40a,56.060633,31.887118,134.593994140625,279.24066162109375,56.06053924560547,31.886856079101562,200.1195068359375,0.854415237903595,0.6725680828094482
SB67598_component_42a,54.557255,33.921789,131.57699584960938,623.587646484375,54.55714416503906,33.921669006347656,199.38124084472656,0.8383558392524719,0.6599266529083252
SB67598_component_44a,50.771259,29.98629,117.55400085449219,249.58387756347656,50.771236419677734,29.98624610900879,70.47762298583984,2.118941068649292,1.6679620742797852
SB67598_component_45a,52.114913,30.437528,128.9040069580078,562.8995971679688,52.114749908447266,30.43741226196289,179.8855743408203,0.910338282585144,0.7165889143943787
SB67598_component_47a,57.178492,34.605838,120.10299682617188,112.45599365234375,57.178646087646484,34.60591125488281,121.25643920898438,1.2582929134368896,0.9904875755310059
SB67598_component_48a,48.950612,32.653304,119.7239990234375,148.35687255859375,48.950592041015625,32.653167724609375,208.0089569091797,0.7311927676200867,0.5755713582038879
SB67598_component_50a,51.702257,32.829514,112.43199920654297,579.54638671875,51.70185852050781,32.8291130065918,182.05596923828125,0.7845447659492493,0.61756831407547
SB67598_component_51a,52.829956,30.791045,114.0999984741211,613.4408569335938,52.82970428466797,30.790714263916016,157.96014404296875,0.9176368713378906,0.722334086894989
SB67598_component_55a,54.89979,30.776944,94.93399810791016,435.47705078125,54.899593353271484,30.776439666748047,121.18489074707031,0.9951900243759155,0.783381462097168
SB67598_component_58a,56.01249,35.198987,94.66799926757812,176.29049682617188,56.01245880126953,35.198970794677734,137.70339965820312,0.8733558654785156,0.6874775886535645
SB67598_component_59a,54.400247,33.964783,90.9800033569336,457.1859436035156,54.400108337402344,33.964698791503906,126.18305969238281,0.9159623384475708,0.721015989780426
SB67598_component_63a,56.57682,34.500842,82.86000061035156,201.1165008544922,56.57689666748047,34.50076675415039,101.7998046875,1.0340242385864258,0.8139504790306091
SB67598_component_66a,54.4287,34.363051,79.41600036621094,383.65216064453125,54.428592681884766,34.36301803588867,90.67102813720703,1.1126848459243774,0.875869631767273
SB67598_component_67a,56.369829,32.629204,80.37899780273438,185.63279724121094,56.36988830566406,32.62916946411133,40.994667053222656,2.490852117538452,1.9607183933258057
SB67598_component_71a,51.618426,30.271965,78.33599853515625,267.35833740234375,51.618309020996094,30.271883010864258,100.29228973388672,0.9922624230384827,0.781076967716217
SB67598_component_72a,50.128939,34.156893,77.1449966430664,283.6213073730469,50.128761291503906,34.156776428222656,97.11649322509766,1.009130835533142,0.7943552732467651
SB67598_component_73a,49.319543,31.624117,75.2699966430664,151.4486846923828,49.31949996948242,31.624008178710938,102.76844024658203,0.9304538369178772,0.7324232459068298
SB67598_component_76a,49.896072,33.80874,74.76300048828125,385.37628173828125,49.895931243896484,33.80867385864258,113.16114807128906,0.8393093943595886,0.6606773138046265
SB67598_component_78a,49.039766,30.183067,71.64900207519531,102.79627227783203,49.03973388671875,30.183002471923828,81.9166030883789,1.1111454963684082,0.8746578693389893
SB67598_component_79a,54.253094,33.424581,70.28500366210938,349.6766357421875,54.25282669067383,33.4243278503418,103.41899108886719,0.8633662462234497,0.6796140670776367
SB67598_component_80a,53.342687,30.924295,68.8740005493164,360.59686279296875,53.34241485595703,30.923845291137695,66.44812774658203,1.316756010055542,1.0365077257156372
SB67598_component_81a,49.418615,31.337557,67.81400299072266,131.93385314941406,49.41858673095703,31.33747673034668,75.92831420898438,1.1346145868301392,0.8931319713592529
SB67598_component_85a,50.692211,34.455264,68.20700073242188,287.7932434082031,50.69203567504883,34.45521926879883,92.83050537109375,0.9334067702293396,0.7347477078437805
SB67598_component_86a,51.337297,34.954653,68.86100006103516,247.70144653320312,51.33714294433594,34.954647064208984,106.76438903808594,0.8193691968917847,0.6449809670448303
SB67598_component_87a,55.815021,30.987659,65.3030014038086,199.703369140625,55.814979553222656,30.987323760986328,86.71991729736328,0.9566366076469421,0.753033459186554
SB67598_component_88a,51.80592,34.872134,73.947998046875,284.4153747558594,51.80587387084961,34.87213897705078,107.79393005371094,0.8714948296546936,0.6860126256942749
SB67598_component_89a,49.045117,33.18834,65.60900115966797,71.31413269042969,49.04506301879883,33.18817138671875,84.96969604492188,0.9809165596961975,0.7721458673477173
SB67598_component_91a,53.69771,34.508212,65.61000061035156,345.3157958984375,53.69759750366211,34.50827407836914,87.59446716308594,0.9515379071235657,0.7490199208259583
SB67598_component_92a,49.377442,34.773542,63.03900146484375,89.6714096069336,49.377296447753906,34.77338409423828,87.0287857055664,0.9201934337615967,0.7243465781211853
SB67598_component_96a,52.465497,30.249873,59.61800003051758,199.3913116455078,52.46530532836914,30.24969482421875,62.41500473022461,1.2134478092193604,0.9551869630813599
SB67598_component_97a,55.164856,29.984037,60.92900085449219,125.11088562011719,55.16470718383789,29.983442306518555,69.68315887451172,1.110782265663147,0.8743719458580017
SB67598_component_98a,55.482723,33.507605,66.69599914550781,305.9449462890625,55.48271560668945,33.507423400878906,84.22193908691406,1.006021499633789,0.7919076681137085
SB67598_component_100a,56.481065,33.628778,61.297000885009766,59.62743377685547,56.48106002807617,33.62877655029297,100.83396911621094,0.7722627520561218,0.6079003214836121
SB67598_component_102a,51.80144,30.677561,58.07500076293945,300.90673828125,51.801300048828125,30.677474975585938,69.88841247558594,1.0556422472000122,0.8309675455093384
SB67598_component_108a,52.96025,31.861818,55.03900146484375,279.38580322265625,52.959896087646484,31.861225128173828,74.86371612548828,0.9339677691459656,0.7351892590522766
SB67598_component_109a,54.234361,33.365449,54.5,233.90557861328125,54.23407745361328,33.3651237487793,69.95722198486328,0.9896842241287231,0.7790474891662598
SB67598_component_110a,54.407634,33.158479,54.41899871826172,223.94650268554688,54.40726852416992,33.158138275146484,55.383514404296875,1.248253345489502,0.9825847744941711
SB67598_component_112a,56.377678,34.154659,50.8120002746582,137.32972717285156,56.37773132324219,34.154571533203125,72.94743347167969,0.8848893642425537,0.6965563893318176
SB67598_component_116a,54.458306,34.582347,55.5099983215332,243.46490478515625,54.45820617675781,34.582359313964844,64.34172058105469,1.0960017442703247,0.862737238407135
SB67598_component_117a,53.379738,30.566127,52.03900146484375,276.80322265625,53.379451751708984,30.56572723388672,77.75154876708984,0.8502616882324219,0.6692985892295837
SB67598_component_118a,56.668354,33.982647,49.505001068115234,52.05573272705078,56.66842269897461,33.98256301879883,57.471832275390625,1.094275712966919,0.8613784909248352
SB67598_component_119a,52.816015,34.971071,55.185001373291016,194.31338500976562,52.816165924072266,34.971065521240234,81.13177490234375,0.8640975952148438,0.6801897287368774
SB67598_component_122a,49.339831,30.014064,50.94499969482422,81.51200103759766,49.33981704711914,30.014026641845703,30.107484817504883,2.149610757827759,1.6921041011810303
SB67598_component_125a,53.508177,31.311636,53.06100082397461,244.520751953125,53.50784683227539,31.311054229736328,69.97977447509766,0.9632424712181091,0.758233368396759
SB67598_component_126a,56.164323,31.75648,49.74700164794922,121.63080596923828,56.16436004638672,31.75619125366211,57.98592758178711,1.0898758172988892,0.8579151034355164
SB67598_component_127a,49.805106,32.263574,53.1870002746582,255.70672607421875,49.80506896972656,32.263607025146484,81.32562255859375,0.8308274149894714,0.6540005207061768
SB67598_component_128a,53.811373,34.596248,50.97700119018555,243.90908813476562,53.81120681762695,34.596343994140625,66.02503967285156,0.9808403253555298,0.7720859050750732
SB67598_component_134a,54.534129,34.230212,46.26599884033203,232.49246215820312,54.53398513793945,34.23019027709961,31.886014938354492,1.8432931900024414,1.4509809017181396
SB67598_component_138a,52.813521,29.765934,48.49700164794922,58.35980987548828,52.813385009765625,29.765478134155273,64.2078628540039,0.959531843662262,0.7553125023841858
SB67598_component_139a,52.560024,34.388107,44.742000579833984,240.5483856201172,52.56010437011719,34.38802719116211,66.36294555664062,0.8564903140068054,0.6742015480995178
SB67598_component_140a,53.118057,32.096485,43.85900115966797,230.83685302734375,53.1176643371582,32.09580612182617,68.98465728759766,0.8076792359352112,0.635779082775116
SB67598_component_142a,50.818149,30.511878,47.869998931884766,248.0310821533203,50.818111419677734,30.511878967285156,62.816104888916016,0.9681109189987183,0.7620657086372375
SB67598_component_143a,51.894384,29.788266,41.3650016784668,54.64332962036133,51.89421844482422,29.78811264038086,38.065711975097656,1.3804854154586792,1.0866734981536865
SB67598_component_144a,50.742048,35.231911,44.22100067138672,75.5914535522461,50.74195861816406,35.23194885253906,93.84550476074219,0.598615288734436,0.47121062874794006
SB67598_component_148a,54.342559,30.195317,39.904998779296875,122.78461456298828,54.342247009277344,30.194629669189453,37.8629035949707,1.3388936519622803,1.0539339780807495
SB67598_component_149a,49.113305,34.148058,39.21500015258789,81.52806854248047,49.11317825317383,34.14789962768555,66.02433013916016,0.7545377016067505,0.59394770860672
SB67598_component_150a,54.641934,32.374871,39.49300003051758,172.45851135253906,54.6416015625,32.374324798583984,54.03499221801758,0.9284911155700684,0.7308782339096069
SB67598_component_156a,51.424911,34.41648,37.58100128173828,174.79534912109375,51.42471694946289,34.41648864746094,38.293827056884766,1.2467296123504639,0.981385350227356
SB67598_component_161a,55.408285,34.75666,36.12900161743164,130.4296112060547,55.408164978027344,34.7566032409668,44.42401123046875,1.0331679582595825,0.8132764101028442
SB67598_component_163a,55.027776,31.474467,36.94900131225586,167.95001220703125,55.027503967285156,31.473997116088867,56.675506591796875,0.8282091617584229,0.6519395112991333
SB67598_component_166a,53.105571,31.087243,37.9630012512207,210.90554809570312,53.105281829833984,31.086814880371094,49.53875732421875,0.9735273122787476,0.766329288482666
SB67598_component_167a,51.936226,30.834265,34.034000396728516,171.02513122558594,51.936058044433594,30.834196090698242,48.40060806274414,0.8932949900627136,0.7031729817390442
SB67598_component_169a,50.028803,34.436823,34.97999954223633,152.75108337402344,50.02865982055664,34.43670654296875,46.315162658691406,0.9594653844833374,0.7552602291107178
SB67598_component_172a,51.363525,31.080737,33.3380012512207,170.964111328125,51.3633918762207,31.08072280883789,39.99026107788086,1.0590537786483765,0.8336530327796936
SB67598_component_173a,52.012122,30.896496,31.18000030517578,152.8431396484375,52.0119514465332,30.8963565826416,33.35752868652344,1.1874489784240723,0.9347215294837952
SB67598_component_174a,51.173516,32.18237,32.79800033569336,165.64646911621094,51.17323684692383,32.18210220336914,46.5839958190918,0.89442378282547,0.7040615677833557
SB67598_component_175a,51.033242,30.478915,31.29400062561035,157.25628662109375,51.03318786621094,30.478981018066406,39.1759033203125,1.014786720275879,0.7988073825836182
SB67598_component_179a,54.924273,30.848331,32.1870002746582,146.30455017089844,54.924095153808594,30.84784507751465,43.676876068115234,0.9361849427223206,0.7369346022605896
SB67598_component_186a,56.616987,32.44614,33.5629997253418,38.270240783691406,56.61713409423828,32.44608688354492,38.62342834472656,1.1039328575134277,0.868980348110199
SB67598_component_190a,48.968969,33.863807,28.729000091552734,55.56866455078125,48.96883773803711,33.8636360168457,45.1559944152832,0.8082352876663208,0.6362167596817017
SB67598_component_191a,50.140765,34.0804,30.14900016784668,137.6666717529297,50.140586853027344,34.08028793334961,43.40976333618164,0.8823039531707764,0.6945211887359619
SB67598_component_193a,48.730179,34.184857,29.58300018310547,27.3157901763916,48.72993850708008,34.18489074707031,22.969402313232422,1.6361579895019531,1.2879307270050049
SB67598_component_194a,53.802827,30.099964,28.44499969482422,69.20924377441406,53.802574157714844,30.09920883178711,32.188507080078125,1.1226330995559692,0.8837004899978638
SB67598_component_196a,49.287842,33.108769,28.566999435424805,43.02259063720703,49.2877197265625,33.10860061645508,23.07532501220703,1.572713017463684,1.237989068031311
SB67598_component_197a,53.873791,33.849048,29.121999740600586,153.273681640625,53.87361145019531,33.84900665283203,41.58669662475586,0.8896096348762512,0.7002720236778259
SB67598_component_198a,56.17787,33.526564,28.354000091552734,70.18316650390625,56.177894592285156,33.52643585205078,42.44827651977539,0.8485686779022217,0.6679658889770508
SB67598_component_199a,55.942567,34.377884,28.892000198364258,121.39495849609375,55.94261169433594,34.37773895263672,35.902915954589844,1.0223052501678467,0.804725706577301
SB67598_component_200a,55.565878,30.635291,27.746999740600586,101.63735961914062,55.56575393676758,30.634777069091797,27.335798263549805,1.2894870042800903,1.0150425434112549
SB67598_component_201a,50.458362,35.073778,29.239999771118164,78.6021499633789,50.45827865600586,35.07374954223633,33.79888916015625,1.0990252494812012,0.8651171922683716
SB67598_component_204a,53.900543,32.513537,28.13599967956543,92.5526351928711,53.900169372558594,32.512901306152344,40.50688934326172,0.8824014067649841,0.6945978999137878
SB67598_component_205a,55.627087,33.929547,28.332000732421875,119.0420150756836,55.6270866394043,33.92936325073242,37.893619537353516,0.9498255848884583,0.7476720809936523
SB67598_component_210a,55.487067,31.58049,27.45800018310547,113.93360900878906,55.486942291259766,31.58011245727539,37.017948150634766,0.9423002004623413,0.7417482733726501
SB67598_component_218a,53.465446,30.520733,28.506000518798828,122.87069702148438,53.46517562866211,30.520278930664062,38.714439392089844,0.9353970885276794,0.7363144159317017
SB67598_component_220a,53.982461,30.138532,26.31599998474121,80.47706604003906,53.98213577270508,30.13775062561035,30.12888526916504,1.1096079349517822,0.8734475374221802
SB67598_component_221a,55.357743,31.999597,28.540000915527344,115.08065032958984,55.35748291015625,31.99915313720703,37.84521484375,0.9580225348472595,0.7541244029998779
SB67598_component_223a,53.255865,33.096606,27.579999923706055,142.90155029296875,53.25540542602539,33.0961799621582,34.75920104980469,1.0079922676086426,0.7934589982032776
SB67598_component_225a,56.60238,31.001742,27.523000717163086,37.446258544921875,56.60232925415039,31.001609802246094,35.97929382324219,0.9717977046966553,0.7649677991867065
SB67598_component_228a,56.140143,31.550824,25.947999954223633,89.78546905517578,56.140106201171875,31.550554275512695,36.02919387817383,0.9149177670478821,0.7201937437057495
SB67598_component_229a,56.11751,31.343323,24.95400047302246,97.85882568359375,56.117469787597656,31.343019485473633,32.815345764160156,0.9660418033599854,0.7604368925094604
SB67598_component_230a,49.893609,30.356557,25.107999801635742,101.65182495117188,49.893577575683594,30.356521606445312,24.0357608795166,1.3270490169525146,1.0446101427078247
SB67598_component_233a,51.405831,31.661542,24.660999298095703,125.82142639160156,51.40564727783203,31.661521911621094,31.618337631225586,0.9908418655395508,0.7799587845802307
SB67598_component_234a,56.162052,32.420854,23.889999389648438,63.7066650390625,56.16207504272461,32.42068862915039,32.527496337890625,0.9330356121063232,0.7344555258750916
SB67598_component_237a,51.589686,30.723264,24.351999282836914,118.79024505615234,51.589576721191406,30.723234176635742,36.387855529785156,0.8501800298690796,0.6692342758178711
SB67598_component_239a,52.143943,33.227984,25.966999053955078,137.3915252685547,52.1435432434082,33.22766876220703,35.530399322509766,0.9284411668777466,0.7308389544487
SB67598_component_240a,53.275651,30.879471,25.22800064086914,118.44131469726562,53.275386810302734,30.879087448120117,36.504146575927734,0.8779572248458862,0.6910995841026306
SB67598_component_241a,49.030246,32.328222,23.610000610351562,49.08523941040039,49.03017044067383,32.32817840576172,26.651185989379883,1.1254136562347412,0.8858892917633057
SB67598_component_242a,52.020329,30.138971,24.275999069213867,71.19061279296875,52.020172119140625,30.138805389404297,27.208412170410156,1.1334611177444458,0.8922240138053894
SB67598_component_243a,55.882314,32.248042,24.371999740600586,72.97006225585938,55.88212203979492,32.247802734375,31.637550354003906,0.9786356687545776,0.7703503966331482
SB67598_component_245a,55.42783,34.884126,23.93400001525879,83.10417175292969,55.42778015136719,34.88405990600586,32.69588088989258,0.9299400448799133,0.7320188283920288
SB67598_component_246a,51.518638,32.170695,23.667999267578125,130.04396057128906,51.51830291748047,32.17030715942383,29.919923782348633,1.0049253702163696,0.7910447716712952
SB67598_component_248a,54.74878,35.110896,23.600000381469727,66.2921371459961,54.74864196777344,35.11086654663086,34.384002685546875,0.8719434142112732,0.6863657236099243
SB67598_component_249a,50.493481,30.622306,22.780000686645508,105.9534912109375,50.49341583251953,30.622344970703125,33.89553451538086,0.8537760376930237,0.6720649600028992
SB67598_component_251a,51.949548,34.030303,23.4950008392334,118.0653305053711,51.94932556152344,34.030311584472656,29.97163963317871,0.9958586692810059,0.7839077711105347
SB67598_component_253a,49.322156,31.256794,21.7549991607666,34.36808776855469,49.32209396362305,31.256818771362305,35.38562774658203,0.7810249328613281,0.6147975921630859
SB67598_component_254a,53.782962,33.109593,23.441999435424805,117.20999908447266,53.782562255859375,33.1091194152832,30.488494873046875,0.976767897605896,0.7688801884651184
SB67598_component_256a,53.579719,31.036257,23.332000732421875,111.63636016845703,53.57936477661133,31.03570556640625,36.123836517333984,0.8205231428146362,0.6458893418312073
SB67598_component_257a,49.097748,31.035536,24.235000610351562,36.719696044921875,49.09763717651367,31.035512924194336,38.7547607421875,0.7944209575653076,0.6253425478935242
SB67598_component_259a,52.815678,32.412241,23.78499984741211,117.16748809814453,52.81527328491211,32.411598205566406,34.032752990722656,0.8878483772277832,0.6988855600357056
SB67598_component_260a,49.035759,33.657457,23.92300033569336,56.5555534362793,49.03569793701172,33.657310485839844,31.354204177856445,0.9692874550819397,0.7629917860031128
SB67598_component_261a,54.514643,34.03936,23.197999954223633,128.16575622558594,54.51459503173828,34.03923416137695,26.805837631225586,1.0993952751159668,0.8654084801673889
SB67598_component_262a,54.772579,31.845242,21.768999099731445,103.66190338134766,54.77225875854492,31.84469223022461,28.181529998779297,0.9813108444213867,0.7724562287330627
SB67598_component_263a,51.539964,33.001211,22.08799934387207,115.64397430419922,51.539615631103516,33.00086212158203,35.02342224121094,0.8011807799339294,0.6306636333465576
SB67598_component_265a,54.301332,34.261965,21.209999084472656,104.48275756835938,54.30119705200195,34.261993408203125,25.160907745361328,1.0708954334259033,0.8429743051528931
SB67598_component_266a,56.116864,30.951216,21.386999130249023,54.41984558105469,56.11685562133789,30.950857162475586,25.17742347717285,1.079123854637146,0.84945148229599
SB67598_component_271a,51.838937,34.576348,21.320999145507812,103.49999237060547,51.83881378173828,34.57634735107422,27.983240127563477,0.9679262638092041,0.7619203329086304
SB67598_component_272a,51.126198,35.323339,20.304000854492188,33.61589813232422,51.126155853271484,35.323265075683594,26.01019287109375,0.9916782379150391,0.7806170582771301
SB67598_component_273a,55.257966,34.906729,20.610000610351562,65.42857360839844,55.25782775878906,34.906715393066406,36.03421401977539,0.7266004681587219,0.57195645570755
SB67598_component_274a,50.337512,33.065028,19.826000213623047,100.63959503173828,50.33738708496094,33.06485366821289,27.868144989013672,0.9037737846374512,0.7114216089248657
SB67598_component_275a,51.105902,30.872941,21.82900047302246,123.32768249511719,51.10582733154297,30.872926712036133,29.903093338012695,0.9273644685745239,0.7299913763999939
SB67598_component_276a,55.956179,30.451021,20.42799949645996,42.38174057006836,55.95607376098633,30.45050621032715,20.739484786987305,1.2512975931167603,0.9849810600280762
SB67598_component_278a,53.088522,33.461056,20.615999221801758,93.28506469726562,53.08819580078125,33.46080017089844,27.254179000854492,0.9609571695327759,0.756434440612793
SB67598_component_281a,54.586327,33.871915,20.5,97.15640258789062,54.58622741699219,33.87187576293945,26.43320655822754,0.9852279424667358,0.7755396366119385
SB67598_component_284a,52.015671,30.977516,19.792999267578125,90.37899017333984,52.01545333862305,30.97739601135254,28.45472526550293,0.8836696147918701,0.6955962181091309
SB67598_component_286a,54.61206,31.427428,19.47800064086914,108.81564331054688,54.611698150634766,31.426916122436523,21.72693634033203,1.1388816833496094,0.8964908719062805
SB67598_component_288a,53.117607,30.222309,20.18600082397461,80.42231750488281,53.11733627319336,30.22208023071289,27.36789894104004,0.9370042085647583,0.7375794649124146
SB67598_component_289a,51.642717,32.586002,19.371000289916992,94.95588684082031,51.64230728149414,32.58563232421875,17.387683868408203,1.415282130241394,1.1140644550323486
SB67598_component_290a,55.988084,31.496623,21.39900016784668,87.34285736083984,55.98804473876953,31.496257781982422,32.037227630615234,0.8485379815101624,0.667941689491272
SB67598_component_291a,52.043013,33.616766,19.371999740600586,105.85792541503906,52.04265213012695,33.616641998291016,19.273029327392578,1.2769008874893188,1.005135178565979
SB67598_component_294a,53.144895,32.618103,19.44700050354004,88.79908752441406,53.14447021484375,32.61739730834961,23.191198348999023,1.065276026725769,0.8385509252548218
SB67598_component_295a,52.889296,31.853464,19.676000595092773,106.35675811767578,52.888912200927734,31.85288429260254,26.81436538696289,0.9321848154067993,0.7337858080863953
SB67598_component_296a,49.768947,31.465212,19.5310001373291,66.20677947998047,49.76884841918945,31.465150833129883,29.0582218170166,0.8538629412651062,0.6721333265304565
SB67598_component_297a,55.379863,33.887165,18.5310001373291,87.82464599609375,55.37983703613281,33.88703155517578,15.11227798461914,1.557763934135437,1.2262214422225952
SB67598_component_300a,52.232885,30.788981,18.72599983215332,84.7330322265625,52.23270797729492,30.788850784301758,24.37162208557129,0.9760977029800415,0.7683526277542114
SB67598_component_304a,53.395116,33.789127,18.077999114990234,88.61764526367188,53.39478302001953,33.788997650146484,21.892417907714844,1.0490334033966064,0.8257653117179871
SB67598_component_305a,49.85439,29.912251,17.58799934387207,31.07420539855957,49.85444259643555,29.912179946899414,26.142730712890625,0.8546695113182068,0.672768235206604
SB67598_component_306a,52.196274,34.517449,18.149999618530273,93.55669403076172,52.1962890625,34.51738357543945,23.743505477905273,0.9711012244224548,0.7644195556640625
SB67598_component_307a,54.930893,30.110569,20.591999053955078,55.80487823486328,54.93073272705078,30.110002517700195,27.31191062927246,0.957809567451477,0.7539567351341248
SB67598_component_313a,55.684362,33.322321,18.26300048828125,88.65534210205078,55.68438720703125,33.322200775146484,22.35016441345215,1.0380640029907227,0.817130446434021
SB67598_component_314a,55.058979,29.8669,19.46500015258789,34.69697189331055,55.058685302734375,29.866376876831055,20.09039306640625,1.2308317422866821,0.9688710570335388
SB67598_component_317a,50.912605,32.803012,18.52899932861328,99.61827087402344,50.912357330322266,32.80280303955078,25.391923904418945,0.9270199537277222,0.7297201752662659
SB67598_component_318a,49.620728,34.917217,17.785999298095703,37.444210052490234,49.62063217163086,34.9172248840332,25.656600952148438,0.8806672692298889,0.6932328939437866
SB67598_component_321a,54.387368,34.201349,17.785999298095703,85.10047149658203,54.387229919433594,34.201332092285156,24.4487361907959,0.9241757392883301,0.7274813652038574
SB67598_component_323a,54.22099,32.488795,18.533000946044922,67.6386947631836,54.22066116333008,32.48823165893555,29.12966537475586,0.8082448840141296,0.6362242698669434
SB67598_component_324a,54.306751,32.050492,17.777999877929688,71.9757080078125,54.30641174316406,32.049861907958984,18.035167694091797,1.2522627115249634,0.9857407808303833
SB67598_component_325a,55.550963,29.792077,18.01099967956543,20.77393341064453,55.55084228515625,29.791627883911133,19.321640014648438,1.1842041015625,0.9321672320365906
SB67598_component_327a,52.499881,32.334816,18.332000732421875,92.12060546875,52.49946594238281,32.33427429199219,22.640687942504883,1.0286152362823486,0.8096927404403687
SB67598_component_329a,52.731626,33.720623,18.530000686645508,97.52632141113281,52.73139190673828,33.72039794921875,27.074247360229492,0.8694643378257751,0.684414267539978
SB67598_component_331a,53.703712,31.115252,19.784000396728516,96.50731658935547,53.703285217285156,31.11469841003418,26.231096267700195,0.9581430554389954,0.7542193531990051
SB67598_component_332a,55.571084,30.363054,17.951000213623047,56.62776184082031,55.57086944580078,30.362628936767578,6.417510509490967,3.5534873008728027,2.7971906661987305
SB67598_component_334a,51.411113,33.434984,17.29800033569336,80.455810546875,51.410858154296875,33.43471908569336,24.312171936035156,0.9038677215576172,0.7114954590797424
SB67598_component_335a,49.785771,33.817399,16.219999313354492,75.44185638427734,49.785621643066406,33.81733322143555,26.797527313232422,0.7689335942268372,0.6052796840667725
SB67598_component_336a,51.728082,32.571963,16.875,86.53846740722656,51.7276725769043,32.57157516479492,16.233985900878906,1.3205393552780151,1.0394859313964844
SB67598_component_337a,49.702797,31.455923,17.481000900268555,50.52312469482422,49.702720642089844,31.455942153930664,15.736926078796387,1.4111692905426025,1.110826849937439
SB67598_component_339a,53.005145,34.984718,17.257999420166016,57.91274642944336,53.005157470703125,34.98480987548828,29.80998420715332,0.7354639768600464,0.5789335370063782
SB67598_component_341a,49.015761,32.169791,17.672000885009766,33.34339904785156,49.01579666137695,32.169551849365234,24.470542907714844,0.9174339771270752,0.7221744656562805
SB67598_component_342a,55.00844,34.805714,19.28499984741211,94.07317352294922,55.00822067260742,34.805782318115234,27.083133697509766,0.9045934081077576,0.7120667695999146
SB67598_component_345a,56.973206,33.241343,16.594999313354492,104.3710708618164,56.97328186035156,33.24122619628906,19.466590881347656,1.0829790830612183,0.8524861335754395
SB67598_component_346a,51.120379,34.111386,18.7450008392334,84.81900787353516,51.12022399902344,34.11132049560547,24.353633880615234,0.9778098464012146,0.7697003483772278
SB67598_component_347a,53.197667,30.839952,17.319000244140625,92.61497497558594,53.1973876953125,30.83962059020996,22.908105850219727,0.9604313969612122,0.7560206055641174
SB67598_component_351a,55.1616,35.283715,15.994000434875488,24.3810977935791,55.16150665283203,35.283668518066406,28.06903648376465,0.7238729000091553,0.5698093771934509
SB67598_component_352a,49.803747,33.366871,16.927000045776367,71.42194366455078,49.803672790527344,33.36680603027344,24.166522979736328,0.8898125886917114,0.700431764125824
SB67598_component_353a,55.44564,31.134448,16.780000686645508,67.66129302978516,55.44560623168945,31.133895874023438,22.899621963500977,0.9308857917785645,0.7327632308006287
SB67598_component_355a,51.299551,31.685116,17.26300048828125,81.42924499511719,51.29933547973633,31.68509864807129,28.03716468811035,0.7821947336196899,0.6157184839248657
SB67598_component_358a,49.486407,32.792059,16.23200035095215,43.285335540771484,49.48634338378906,32.79187774658203,23.694711685180664,0.8702686429023743,0.6850473880767822
SB67598_component_359a,52.058555,32.132539,16.783000946044922,91.71038818359375,52.0581169128418,32.13203048706055,22.66078758239746,0.9408650398254395,0.7406185865402222
SB67598_component_360a,50.144161,33.542444,17.10300064086914,80.67453002929688,50.14400863647461,33.5423698425293,22.654598236083984,0.9590664505958557,0.7549461126327515
SB67598_component_361a,50.412896,34.845667,16.263999938964844,70.40692138671875,50.412818908691406,34.845802307128906,22.0330867767334,0.9377449750900269,0.7381625771522522
SB67598_component_362a,50.371994,30.317353,17.045000076293945,59.39024353027344,50.37186813354492,30.317354202270508,23.87273406982422,0.907042384147644,0.7139944434165955
SB67598_component_363a,53.725667,30.001433,15.692000389099121,28.42753791809082,53.725250244140625,30.00076675415039,19.907697677612305,1.001359462738037,0.7882378101348877
SB67598_component_364a,52.92569,34.198378,17.589000701904297,87.50746154785156,52.92558288574219,34.198204040527344,24.0073184967041,0.930743932723999,0.7326515913009644
SB67598_component_368a,49.434453,32.748786,18.308000564575195,45.54228973388672,49.434364318847656,32.74870681762695,29.386634826660156,0.791450560092926,0.6230043172836304
SB67598_component_370a,51.848063,33.469868,15.428000450134277,83.39459228515625,51.84770202636719,33.469661712646484,16.711149215698242,1.1728326082229614,0.9232159852981567
SB67598_component_371a,51.936111,33.696288,15.489999771118164,90.05813598632812,51.93575668334961,33.696128845214844,20.013912200927734,0.9832232594490051,0.77396160364151
SB67598_component_373a,56.514295,31.461439,16.312999725341797,35.463043212890625,56.51430892944336,31.461210250854492,17.808574676513672,1.163690209388733,0.9160193800926208
SB67598_component_374a,52.575608,33.433555,15.890000343322754,89.77400970458984,52.575225830078125,33.43327713012695,21.64410400390625,0.9326463937759399,0.734149158000946
SB67598_component_376a,52.081178,34.658321,16.492000579833984,73.29778289794922,52.08122253417969,34.65818786621094,26.790298461914062,0.7820391654968262,0.6155959963798523
SB67598_component_377a,52.305687,33.123755,16.400999069213867,91.62569427490234,52.30524826049805,33.12330627441406,23.093904495239258,0.9022059440612793,0.7101873755455017
SB67598_component_381a,49.917821,33.598489,15.435999870300293,78.7551040649414,49.91769790649414,33.59842300415039,19.00240135192871,1.031950831413269,0.8123183846473694
SB67598_component_383a,53.696418,32.531458,14.487000465393066,64.67411041259766,53.696022033691406,32.530723571777344,19.988895416259766,0.9207090139389038,0.7247524261474609
SB67598_component_384a,49.554918,29.818754,16.356000900268555,22.253061294555664,49.555118560791016,29.81855583190918,10.341293334960938,2.0092546939849854,1.581620454788208
SB67598_component_385a,55.722125,35.01429,15.737000465393066,45.880470275878906,55.72207260131836,35.0141716003418,24.00577735900879,0.8327965140342712,0.6555505394935608
SB67598_component_387a,53.457971,35.305406,15.196000099182129,30.210735321044922,53.457889556884766,35.305503845214844,24.108327865600586,0.8007463216781616,0.6303216218948364
SB67598_component_395a,53.324037,30.231743,14.390000343322754,49.450172424316406,53.32378387451172,30.231264114379883,16.165403366088867,1.1308550834655762,0.8901726603507996
SB67598_component_397a,56.284495,30.581406,13.73900032043457,17.109590530395508,56.28434753417969,30.5811710357666,19.779319763183594,0.8824223875999451,0.6946144104003906
SB67598_component_398a,49.115002,33.139381,15.052000045776367,17.940404891967773,49.115020751953125,33.1392936706543,13.87675666809082,1.3779674768447876,1.0846915245056152
SB67598_component_399a,55.876229,33.970452,14.012999534606934,47.82593536376953,55.876258850097656,33.97018814086914,21.015777587890625,0.847068190574646,0.6667847037315369
SB67598_component_401a,49.677332,32.195882,13.270000457763672,68.40206146240234,49.677284240722656,32.195804595947266,21.388113021850586,0.788190484046936,0.6204380989074707
SB67598_component_404a,55.611489,34.093735,13.116000175476074,54.19834899902344,55.611446380615234,34.09340286254883,12.24909782409668,1.3602854013442993,1.0707727670669556
SB67598_component_406a,56.883056,34.842329,13.725000381469727,16.799266815185547,56.88317108154297,34.84220504760742,18.48423957824707,0.9432862401008606,0.7425245046615601
SB67598_component_407a,48.97164,32.271496,14.866000175476074,28.478927612304688,48.97151565551758,32.2713737487793,19.132640838623047,0.9870790243148804,0.7769967913627625
SB67598_component_409a,50.420847,30.303894,14.668000221252441,50.40549850463867,50.42089080810547,30.303918838500977,19.539003372192383,0.9536767601966858,0.7507035732269287
SB67598_component_411a,53.387503,32.409119,13.593999862670898,70.07215881347656,53.38713073730469,32.40837478637695,16.805835723876953,1.027590036392212,0.8088856935501099
SB67598_component_412a,53.348087,31.836651,15.003000259399414,76.93846893310547,53.347625732421875,31.83603858947754,17.852827072143555,1.0675883293151855,0.8403711318969727
SB67598_component_415a,50.876559,32.739694,13.965999603271484,72.3626937866211,50.8763313293457,32.73956298828125,19.92904281616211,0.8902629613876343,0.700786292552948
SB67598_component_416a,48.999648,33.78082,13.82800006866455,33.00238800048828,48.99959182739258,33.780879974365234,19.89519500732422,0.8829658031463623,0.6950421929359436
SB67598_component_418a,55.837069,32.678756,13.048999786376953,57.23245620727539,55.83704376220703,32.678646087646484,19.27059555053711,0.8602303862571716,0.6771456599235535
SB67598_component_425a,53.400391,33.852677,14.543000221252441,63.50654983520508,53.40018844604492,33.8526725769043,18.921335220336914,0.9764161705970764,0.7686032652854919
SB67598_component_426a,49.2097,30.210449,13.333000183105469,28.368085861206055,49.20964813232422,30.21051597595215,16.72626495361328,1.012655258178711,0.7971295714378357
SB67598_component_429a,56.016168,35.037774,12.901000022888184,39.212764739990234,56.01612854003906,35.03770446777344,19.142681121826172,0.8561568260192871,0.673939049243927
SB67598_component_431a,56.409252,34.094722,12.810999870300293,28.78876495361328,56.409263610839844,34.0948486328125,16.169292449951172,1.0065253973007202,0.792304277420044
SB67598_component_435a,51.473979,32.210213,12.77299976348877,65.84020233154297,51.47371292114258,32.20969772338867,16.025985717773438,1.0125136375427246,0.7970180511474609
SB67598_component_437a,52.664962,32.560747,12.621000289916992,66.07853698730469,52.66443634033203,32.56016159057617,17.07317352294922,0.9391008615493774,0.7392299175262451
SB67598_component_439a,49.433202,33.426742,12.607999801635742,44.08391189575195,49.43313217163086,33.426673889160156,16.32551383972168,0.9810972213745117,0.7722880840301514
SB67598_component_442a,52.863739,32.555946,12.267999649047852,57.867923736572266,52.86328887939453,32.55538558959961,18.267173767089844,0.8531690835952759,0.6715871691703796
SB67598_component_444a,54.775202,32.487214,12.048999786376953,56.834903717041016,54.77494812011719,32.48657989501953,17.37085723876953,0.8811755776405334,0.6936330199241638
SB67598_component_445a,52.887743,34.34659,12.276000022888184,64.95238494873047,52.8878059387207,34.34638214111328,16.416912078857422,0.9499443173408508,0.7477654814720154
SB67598_component_447a,56.340583,33.419494,13.33899974822998,30.04279136657715,56.34078598022461,33.4189338684082,23.299598693847656,0.7272898554801941,0.5724990963935852
SB67598_component_448a,54.955574,30.514987,12.444000244140625,54.34061050415039,54.95537567138672,30.51445960998535,14.629219055175781,1.0806164741516113,0.8506264090538025
SB67598_component_451a,55.818022,34.427686,12.034000396728516,60.77777862548828,55.818050384521484,34.427555084228516,15.421375274658203,0.9913331866264343,0.7803454995155334
SB67598_component_452a,54.587274,31.676713,11.618000030517578,52.33333206176758,54.58684158325195,31.676450729370117,7.646016597747803,1.9303178787231445,1.519484043121338
SB67598_component_455a,51.53832,31.898678,12.208999633789062,61.97461700439453,51.537986755371094,31.898509979248047,13.515066146850586,1.1476107835769653,0.9033621549606323
SB67598_component_457a,53.538059,34.221851,11.809000015258789,60.55897521972656,53.53778839111328,34.2219123840332,8.36095142364502,1.79427969455719,1.4123990535736084
SB67598_component_459a,51.587136,32.668414,12.621999740600586,65.06185150146484,51.58672332763672,32.668113708496094,23.017513275146484,0.6966305375099182,0.54836505651474
SB67598_component_461a,53.012358,32.193152,12.199000358581543,65.94054412841797,53.0119514465332,32.192378997802734,14.153131484985352,1.0949755907058716,0.8619294166564941
SB67598_component_462a,52.919162,30.675482,13.793000221252441,75.37158966064453,52.919010162353516,30.67520523071289,21.0911808013916,0.8307886719703674,0.6539700627326965
SB67598_component_465a,55.704674,34.175444,13.20199966430664,52.181819915771484,55.70466232299805,34.17519760131836,16.391189575195312,1.0232033729553223,0.8054326772689819
SB67598_component_466a,55.448936,30.1362,12.437000274658203,32.643043518066406,55.448768615722656,30.135744094848633,18.417219161987305,0.8578755855560303,0.6752919554710388
SB67598_component_467a,55.478562,31.401118,11.86400032043457,55.69953155517578,55.47846603393555,31.40064811706543,15.463014602661133,0.9746971130371094,0.7672501802444458
SB67598_component_473a,53.964516,34.067379,11.545000076293945,54.457550048828125,53.964359283447266,34.06733322143555,16.00627326965332,0.9162973761558533,0.7212796807289124
SB67598_component_480a,52.850708,34.37981,11.748000144958496,67.13143157958984,52.850643157958984,34.3798713684082,15.870553970336914,0.9403825402259827,0.7402388453483582
SB67598_component_485a,55.066392,32.765812,12.107999801635742,57.11320877075195,55.0661506652832,32.76530075073242,16.11446189880371,0.9545294046401978,0.7513747215270996
SB67598_component_487a,56.251367,33.799661,11.74899959564209,21.284420013427734,56.2513542175293,33.79947280883789,10.635445594787598,1.403388500213623,1.104702115058899
SB67598_component_499a,53.997301,32.967005,11.345999717712402,55.617645263671875,53.996925354003906,32.96649932861328,17.666786193847656,0.8158643245697021,0.6422220468521118
SB67598_component_501a,53.179777,32.703626,10.586999893188477,49.241859436035156,53.17933654785156,32.702972412109375,15.339438438415527,0.8767911791801453,0.6901817321777344
SB67598_component_503a,53.755529,33.670662,11.170999526977539,56.419189453125,53.755226135253906,33.670562744140625,14.563257217407227,0.9744649529457092,0.7670673727989197
SB67598_component_504a,56.749309,34.160518,10.215999603271484,12.534969329833984,56.749507904052734,34.16046905517578,12.744315147399902,1.0183500051498413,0.8016122579574585
SB67598_component_508a,54.084973,34.755709,11.270000457763672,50.3125,54.084896087646484,34.755794525146484,16.629491806030273,0.8609494566917419,0.6777116656303406
SB67598_component_511a,49.401839,34.062681,11.678000450134277,39.72108840942383,49.40170669555664,34.06264877319336,19.024198532104492,0.7798208594322205,0.6138498187065125
SB67598_component_512a,51.655452,35.336455,11.571999549865723,17.640243530273438,51.655189514160156,35.33659744262695,17.269237518310547,0.8512712717056274,0.6700932383537292
SB67598_component_513a,56.790782,34.615092,10.479999542236328,16.687896728515625,56.7908935546875,34.61506271362305,13.871931076049805,0.9597476720809937,0.7554823756217957
SB67598_component_521a,51.189023,31.422716,10.621999740600586,58.685081481933594,51.18893814086914,31.422595977783203,10.426097869873047,1.2942471504211426,1.018789529800415
SB67598_component_529a,49.994734,33.940008,10.01099967956543,47.67142868041992,49.99446487426758,33.939964294433594,11.183374404907227,1.137201189994812,0.8951680660247803
SB67598_component_530a,56.561472,32.596433,11.26099967956543,19.282533645629883,56.56169128417969,32.59623718261719,10.395907402038574,1.3760913610458374,1.0832146406173706
SB67598_component_531a,54.05618,34.175806,10.348999977111816,53.345359802246094,54.05607223510742,34.17573547363281,15.418596267700195,0.8526803851127625,0.6712024807929993
SB67598_component_533a,50.020885,33.131219,10.126999855041504,44.22270584106445,50.02072525024414,33.131160736083984,12.632165908813477,1.0184406042099,0.8016835451126099
SB67598_component_535a,49.429617,32.083073,10.354999542236328,42.61316680908203,49.429588317871094,32.08299255371094,13.174665451049805,0.9984888434410095,0.7859781980514526
SB67598_component_536a,54.152049,30.088541,10.366999626159668,32.19565200805664,54.1517219543457,30.08775520324707,12.49311637878418,1.05418062210083,0.8298169374465942
SB67598_component_537a,53.486911,33.017632,11.46500015258789,50.7300910949707,53.48652267456055,33.01712417602539,15.839183807373047,0.9195470809936523,0.7238377928733826
SB67598_component_539a,56.042671,30.415975,10.322999954223633,18.01570701599121,56.0426139831543,30.415414810180664,15.382365226745605,0.8525415062904358,0.6710931658744812
SB67598_component_540a,52.32172,30.725023,10.081999778747559,49.910888671875,52.3215446472168,30.724943161010742,17.509489059448242,0.7314858436584473,0.5758020281791687
SB67598_component_541a,53.025764,30.610822,10.760000228881836,61.83908462524414,53.02550506591797,30.610477447509766,13.2728853225708,1.0298634767532349,0.810675323009491
SB67598_component_545a,55.042982,31.205468,10.29800033569336,50.729068756103516,55.04278564453125,31.20494842529297,15.101492881774902,0.8662948608398438,0.6819193363189697
SB67598_component_550a,49.61762,35.125181,9.175000190734863,13.014184951782227,49.617366790771484,35.12485122680664,12.954174041748047,0.8997650146484375,0.7082659602165222
SB67598_component_551a,54.301345,35.225837,10.586000442504883,20.67578125,54.30126190185547,35.22621536254883,15.757328033447266,0.8534578084945679,0.6718144416809082
SB67598_component_553a,52.457573,33.540649,9.932999610900879,54.2786865234375,52.457298278808594,33.5403938293457,12.930919647216797,0.9758514761924744,0.7681587934494019
SB67598_component_554a,49.185477,33.497374,9.618000030517578,27.48000144958496,49.18544387817383,33.497196197509766,8.15662670135498,1.4979830980300903,1.179163932800293
SB67598_component_555a,56.152194,32.953712,9.991000175476074,42.1561164855957,56.152259826660156,32.953582763671875,13.506099700927734,0.9397487044334412,0.7397398352622986
SB67598_component_556a,56.387014,31.053044,10.072999954223633,24.15587615966797,56.386962890625,31.05278205871582,13.927663803100586,0.9187836647033691,0.7232368588447571
SB67598_component_557a,49.279591,33.846951,10.557999610900879,37.57295227050781,49.27948760986328,33.84681701660156,10.816513061523438,1.2400153875350952,0.9761000871658325
SB67598_component_559a,53.33111,30.372628,9.557000160217285,40.841880798339844,53.33089065551758,30.37217140197754,6.4346795082092285,1.886806607246399,1.4852333068847656
SB67598_component_560a,54.699112,29.868758,10.456999778747559,14.344307899475098,54.699005126953125,29.868202209472656,13.160420417785645,1.0094157457351685,0.7945794463157654
SB67598_component_564a,53.537269,33.151096,9.657999992370605,49.783504486083984,53.53681182861328,33.15067672729492,13.246153831481934,0.9262540936470032,0.7291173338890076
SB67598_component_565a,53.238492,33.264746,10.13700008392334,48.04265594482422,53.238182067871094,33.26420593261719,12.833818435668945,1.0034282207489014,0.7898662686347961
SB67598_component_567a,51.113841,33.893653,9.798999786376953,53.25543212890625,51.1136474609375,33.89339828491211,13.681098937988281,0.9098996520042419,0.7162436246871948
SB67598_component_568a,53.139317,32.402665,9.762999534606934,52.77296829223633,53.13897705078125,32.40195846557617,8.58828067779541,1.4441415071487427,1.1367815732955933
SB67598_component_569a,49.947171,35.182044,9.875,18.423507690429688,49.94706726074219,35.18168258666992,16.654558181762695,0.7532457709312439,0.592930793762207
SB67598_component_570a,54.672073,30.465049,9.706999778747559,43.33481979370117,54.67178726196289,30.4644775390625,12.571524620056152,0.980911374092102,0.7721418142318726
SB67598_component_576a,48.705747,32.231171,10.013999938964844,10.67590618133545,48.70580291748047,32.2306022644043,18.434324264526367,0.690101683139801,0.5432257652282715
SB67598_component_578a,54.167816,32.951875,9.592000007629395,47.2512321472168,54.167423248291016,32.951290130615234,13.405303001403809,0.9090028405189514,0.7155377268791199
SB67598_component_581a,52.735033,35.409887,9.348999977111816,13.912202835083008,52.735286712646484,35.40991973876953,13.341817855834961,0.8901903033256531,0.7007290720939636
SB67598_component_582a,53.837285,30.31394,10.381999969482422,41.03557586669922,53.8371696472168,30.313032150268555,9.714405059814453,1.357680320739746,1.068722128868103
SB67598_component_588a,52.164618,35.335081,8.855999946594238,13.541284561157227,52.16481399536133,35.334835052490234,14.399836540222168,0.7812908887863159,0.6150069832801819
SB67598_component_591a,50.256248,32.308184,9.274999618530273,48.56020736694336,50.2561149597168,32.307952880859375,8.87759017944336,1.3272463083267212,1.0447654724121094
SB67598_component_594a,53.312361,31.448908,9.059000015258789,43.97572708129883,53.31199645996094,31.448434829711914,10.77450180053711,1.0681095123291016,0.8407813310623169
SB67598_component_595a,54.887876,30.065393,10.043999671936035,23.577463150024414,54.887657165527344,30.064973831176758,11.595751762390137,1.100374460220337,0.8661792874336243
SB67598_component_596a,54.606337,30.410809,8.880999565124512,35.95546340942383,54.606014251708984,30.41010093688965,11.11204719543457,1.0153143405914307,0.7992226481437683
SB67598_component_599a,52.409464,29.848466,8.831999778747559,10.998754501342773,52.409427642822266,29.848230361938477,8.1959228515625,1.3689699172973633,1.0776089429855347
SB67598_component_600a,49.880288,34.268278,8.824999809265137,38.706138610839844,49.88006591796875,34.26810836791992,11.6162109375,0.9651235938072205,0.7597141265869141
SB67598_component_601a,51.570102,34.367425,9.085000038146973,43.88888931274414,51.56991958618164,34.36746597290039,11.341021537780762,1.0176664590835571,0.801074206829071
SB67598_component_602a,55.153728,34.723667,8.895000457763672,37.37395095825195,55.1536979675293,34.72367858886719,10.788975715637207,1.0473659038543701,0.8244526982307434
SB67598_component_605a,49.365989,34.129718,9.07699966430664,30.056291580200195,49.36614227294922,34.12939453125,3.4010164737701416,3.390519857406616,2.668907880783081
SB67598_component_607a,54.996187,30.839408,9.406999588012695,43.957942962646484,54.9959716796875,30.83893585205078,12.063949584960938,0.9905908703804016,0.7797611951828003
SB67598_component_608a,52.511708,30.223203,9.64900016784668,35.605167388916016,52.511600494384766,30.222925186157227,13.13051986694336,0.933540403842926,0.7348528504371643
SB67598_component_611a,54.036167,32.4321,9.185999870300293,29.536977767944336,54.03590393066406,32.431541442871094,12.62297248840332,0.9244800209999084,0.7277207970619202
SB67598_component_615a,52.693845,31.38368,9.279000282287598,50.70492172241211,52.69352722167969,31.38335609436035,13.278594017028809,0.8877319097518921,0.698793888092041
SB67598_component_617a,49.379385,32.912119,9.052000045776367,19.300640106201172,49.379249572753906,32.91176986694336,12.852852821350098,0.8947006464004517,0.7042794227600098
SB67598_component_620a,55.111923,32.219233,8.913999557495117,35.51394271850586,55.111698150634766,32.21846389770508,11.257553100585938,1.0059150457382202,0.7918239235877991
SB67598_component_621a,55.368517,30.720885,8.847000122070312,37.3291130065918,55.36843490600586,30.720237731933594,9.631136894226074,1.1669471263885498,0.9185831546783447
SB67598_component_623a,55.011744,30.655228,8.88599967956543,45.336734771728516,55.01155471801758,30.654712677001953,13.184029579162598,0.8562308549880981,0.6739972233772278
SB67598_component_625a,53.049517,34.036001,8.29699993133545,45.587913513183594,53.04938507080078,34.03599548339844,10.9564208984375,0.9620221853256226,0.7572728395462036
SB67598_component_626a,49.58586,30.258227,8.026000022888184,27.868057250976562,49.585914611816406,30.25812530517578,10.797548294067383,0.9442929029464722,0.7433168888092041
SB67598_component_630a,51.089337,34.590654,8.786999702453613,39.581077575683594,51.089141845703125,34.59077072143555,10.545473098754883,1.0585399866104126,0.833248496055603
SB67598_component_634a,56.634787,33.200428,9.704999923706055,17.840072631835938,56.634857177734375,33.20042037963867,15.190690040588379,0.8116163015365601,0.6388781666755676
SB67598_component_636a,52.48312,32.392544,9.045999526977539,47.36125564575195,52.48265838623047,32.392093658447266,13.071761131286621,0.8791342377662659,0.6920260787010193
SB67598_component_638a,50.092652,32.373774,8.208999633789062,44.37297058105469,50.09259033203125,32.373878479003906,12.165772438049316,0.8572021722793579,0.6747618913650513
SB67598_component_639a,51.185731,32.752489,8.708000183105469,49.1977424621582,51.185420989990234,32.752220153808594,10.313105583190918,1.0726590156555176,0.8443625569343567
SB67598_component_641a,52.858647,34.637527,8.692999839782715,43.683414459228516,52.85877990722656,34.63774490356445,5.523116588592529,1.9994851350784302,1.5739301443099976
SB67598_component_643a,50.825004,33.094078,8.593000411987305,46.19892501831055,50.8247184753418,33.093994140625,9.562270164489746,1.1416068077087402,0.8986360430717468
SB67598_component_644a,55.738073,31.603851,8.47599983215332,38.35293960571289,55.737998962402344,31.60338592529297,13.260201454162598,0.8120327591896057,0.6392059326171875
SB67598_component_645a,50.0583,35.22424,8.057000160217285,15.554054260253906,50.05808639526367,35.224300384521484,11.40878963470459,0.8971530199050903,0.7062098979949951
SB67598_component_649a,52.440186,33.586489,8.949999809265137,45.20201873779297,52.43974685668945,33.58635711669922,8.611406326293945,1.3203275203704834,1.0393191576004028
SB67598_component_650a,55.696369,32.486643,8.98900032043457,36.689796447753906,55.696250915527344,32.486331939697266,9.496565818786621,1.2024791240692139,0.9465527534484863
SB67598_component_655a,53.404424,30.397252,8.37399959564209,31.96183204650879,53.40419006347656,30.396869659423828,11.646145820617676,0.9134472012519836,0.7190361022949219
SB67598_component_660a,54.890274,30.112376,8.545999526977539,23.60773468017578,54.8900146484375,30.111665725708008,9.639827728271484,1.1262279748916626,0.886530339717865
SB67598_component_661a,52.845468,30.227923,9.121999740600586,34.164794921875,52.84526443481445,30.22747039794922,13.794534683227539,0.8400704264640808,0.6612763404846191
SB67598_component_664a,49.227113,30.903667,8.767000198364258,21.54054069519043,49.22734451293945,30.903566360473633,7.00837516784668,1.5891555547714233,1.250931978225708
SB67598_component_665a,49.484256,30.179203,8.293000221252441,23.694286346435547,49.48433303833008,30.178956985473633,8.542292594909668,1.2333035469055176,0.9708166718482971
SB67598_component_670a,55.589077,30.456176,8.114999771118164,27.8865966796875,55.58893585205078,30.455806732177734,11.5721435546875,0.8908558487892151,0.7012529373168945
SB67598_component_674a,51.532578,30.175037,8.907999992370605,26.59104347229004,51.53242492675781,30.17483901977539,10.82046127319336,1.045844554901123,0.8232551217079163
SB67598_component_676a,53.845432,29.921607,8.416000366210938,15.136691093444824,53.8450813293457,29.920974731445312,10.723152160644531,0.9970479011535645,0.7848438620567322
SB67598_component_677a,54.055004,29.965381,8.244999885559082,19.72488021850586,54.054691314697266,29.964622497558594,10.577634811401367,0.9902270436286926,0.7794747948646545
SB67598_component_683a,53.791097,35.407977,7.710000038146973,10.590659141540527,53.79095458984375,35.40854263305664,11.24833869934082,0.8707605004310608,0.6854345798492432
SB67598_component_685a,50.592417,30.242508,8.038999557495117,26.185665130615234,50.59233856201172,30.2425537109375,8.055474281311035,1.2677791118621826,0.9979548454284668
SB67598_component_688a,50.133724,32.679264,8.121000289916992,37.94860076904297,50.13363265991211,32.679203033447266,10.633642196655273,0.9701976776123047,0.763708233833313
SB67598_component_695a,54.526119,32.837279,8.701000213623047,38.33039855957031,54.5256462097168,32.83677673339844,11.57961368560791,0.9545701146125793,0.7514067888259888
SB67598_component_697a,53.904389,34.078594,8.588000297546387,44.72916793823242,53.904144287109375,34.07868194580078,11.959986686706543,0.9122084379196167,0.7180610299110413
SB67598_component_698a,56.362403,30.855609,7.283999919891357,12.689895629882812,56.36190414428711,30.855470657348633,8.854838371276855,1.0450137853622437,0.8226011395454407
SB67598_component_699a,54.280412,31.983061,7.547999858856201,34.62385177612305,54.27998733520508,31.982654571533203,9.033466339111328,1.0614759922027588,0.8355596661567688
SB67598_component_701a,54.218216,33.133907,7.821000099182129,39.70050811767578,54.21786880493164,33.133480072021484,9.427878379821777,1.0538554191589355,0.8295609951019287
SB67598_component_704a,55.049708,34.760853,7.453000068664551,31.054166793823242,55.04962921142578,34.76078796386719,12.683380126953125,0.7464982867240906,0.5876193642616272
SB67598_component_709a,54.651296,31.279533,7.4679999351501465,36.077293395996094,54.65095520019531,31.27901840209961,10.68195915222168,0.8881494998931885,0.6991226673126221
SB67598_component_710a,50.721816,35.323675,8.32699966430664,12.29985237121582,50.722068786621094,35.323822021484375,6.704214572906494,1.5778777599334717,1.2420544624328613
SB67598_component_711a,49.284369,33.025019,8.178000450134277,11.852174758911133,49.284141540527344,33.024681091308594,7.806550025939941,1.3308242559432983,1.0475819110870361
SB67598_component_714a,52.137313,33.062696,7.443999767303467,39.8074836730957,52.13685989379883,33.06260299682617,7.80264949798584,1.2119841575622559,0.9540348649024963
SB67598_component_716a,51.228528,30.208071,7.658999919891357,26.77971839904785,51.22856903076172,30.207996368408203,10.122218132019043,0.961233913898468,0.7566523551940918
SB67598_component_717a,51.394916,34.709869,7.428999900817871,36.41666793823242,51.39484405517578,34.709659576416016,10.29088306427002,0.9170867800712585,0.7219011187553406
SB67598_component_719a,55.562703,34.652588,7.679999828338623,31.735536575317383,55.56254959106445,34.65232467651367,9.559715270996094,1.0205844640731812,0.8033711910247803
SB67598_component_720a,56.253052,31.584651,8.288999557495117,24.669641494750977,56.25332260131836,31.58461570739746,11.954937934875488,0.8808206915855408,0.6933536529541016
SB67598_component_723a,51.311865,34.818941,7.610000133514404,31.974790573120117,51.31172180175781,34.81874465942383,8.557255744934082,1.1297513246536255,0.8893038034439087
SB67598_component_725a,53.684079,32.458005,8.031000137329102,38.61057662963867,53.683677673339844,32.4574089050293,10.556502342224121,0.9664564728736877,0.7607633471488953
SB67598_component_726a,50.591148,32.108664,7.386000156402588,36.20588302612305,50.590938568115234,32.10847091674805,10.89474868774414,0.8612412214279175,0.6779413223266602
SB67598_component_727a,54.922253,31.602928,6.894000053405762,29.844154357910156,54.921810150146484,31.602489471435547,6.712054252624512,1.3048137426376343,1.0271073579788208
SB67598_component_728a,54.725967,33.636103,7.695000171661377,42.28022003173828,54.72573471069336,33.63594436645508,12.608987808227539,0.7752845287322998,0.6102789640426636
SB67598_component_730a,54.023152,34.961773,6.699999809265137,24.275362014770508,54.02303695678711,34.961753845214844,8.334338188171387,1.021260142326355,0.8039030432701111
SB67598_component_735a,52.811216,31.683307,7.138999938964844,39.661109924316406,52.81082534790039,31.68290138244629,11.891952514648438,0.762635350227356,0.6003219485282898
SB67598_component_737a,55.153369,31.859506,7.159999847412109,32.25225067138672,55.153076171875,31.859066009521484,8.024445533752441,1.133523941040039,0.892273485660553
SB67598_component_739a,54.108667,32.686528,6.564000129699707,31.109006881713867,54.10829544067383,32.68568801879883,10.791977882385254,0.7726809978485107,0.6082295775413513
SB67598_component_740a,52.802422,34.547581,7.065000057220459,38.81868362426758,52.80257797241211,34.54763412475586,11.69174861907959,0.7676538228988647,0.6042723059654236
SB67598_component_741a,53.359879,32.877369,7.142000198364258,36.253807067871094,53.3594856262207,32.876808166503906,10.364627838134766,0.875384509563446,0.6890744566917419
SB67598_component_742a,51.986969,32.032881,8.1850004196167,41.54822540283203,51.98678207397461,32.03271484375,13.129831314086914,0.7919399738311768,0.6233896017074585
SB67598_component_746a,53.048124,29.808532,7.224999904632568,10.1617431640625,53.04774475097656,29.808246612548828,11.050890922546387,0.8305643200874329,0.653793454170227
SB67598_component_748a,50.05987,30.94349,7.3420000076293945,34.632076263427734,50.059844970703125,30.943363189697266,6.674269199371338,1.397472858428955,1.1000455617904663
SB67598_component_751a,52.859639,33.129589,7.452000141143799,38.21538543701172,52.85912322998047,33.12928009033203,8.251556396484375,1.1472806930541992,0.9031023979187012
SB67598_component_753a,51.870559,30.525709,7.38700008392334,37.688777923583984,51.870445251464844,30.525638580322266,9.144023895263672,1.02627432346344,0.8078500628471375
SB67598_component_754a,56.111063,31.395957,7.4670000076293945,27.861940383911133,56.111061096191406,31.39577865600586,9.531299591064453,0.9952375292778015,0.7834188938140869
SB67598_component_755a,50.389843,32.029944,7.068999767303467,37.40211486816406,50.3897705078125,32.0296630859375,11.1276273727417,0.8070271015167236,0.6352657079696655
SB67598_component_759a,53.661383,32.57905,6.7829999923706055,30.97260284423828,53.66092300415039,32.578556060791016,8.8882417678833,0.9694795608520508,0.7631430625915527
SB67598_component_761a,52.518665,31.876609,7.452000141143799,40.5,52.51821517944336,31.876232147216797,5.594627380371094,1.692132592201233,1.331992268562317
SB67598_component_762a,52.793229,32.171666,7.260000228881836,38.41270065307617,52.79290771484375,32.1712532043457,9.507617950439453,0.9700578451156616,0.7635982036590576
SB67598_component_764a,55.198104,33.322545,7.377999782562256,38.42708206176758,55.198055267333984,33.32215881347656,6.921670913696289,1.3541301488876343,1.065927505493164
SB67598_component_766a,53.781334,32.647545,6.97599983215332,31.282508850097656,53.78096389770508,32.646846771240234,8.21984577178955,1.0781408548355103,0.8486776947975159
SB67598_component_768a,51.161622,34.868843,6.2820000648498535,26.066390991210938,51.16152572631836,34.868865966796875,11.20235824584961,0.7123955488204956,0.5607748031616211
SB67598_component_769a,49.494411,31.938126,7.427999973297119,27.92481231689453,49.4943733215332,31.937944412231445,10.262908935546875,0.9194628000259399,0.7237713932991028
SB67598_component_771a,52.114941,30.891504,7.408999919891357,32.78318786621094,52.114864349365234,30.891393661499023,10.244019508361816,0.9188019633293152,0.723251223564148
SB67598_component_772a,52.071019,32.890418,7.182000160217285,38.0,52.070552825927734,32.88995361328125,9.189448356628418,0.9928615093231201,0.7815485596656799
SB67598_component_773a,50.759508,31.979021,7.229000091552734,37.26288604736328,50.75930404663086,31.97876739501953,9.464889526367188,0.9702762365341187,0.7637701630592346
SB67598_component_779a,53.086541,34.414778,7.033999919891357,35.34673309326172,53.086551666259766,34.41471481323242,8.303836822509766,1.0761090517044067,0.847078263759613
SB67598_component_781a,55.908567,35.112483,7.053999900817871,18.612136840820312,55.90842819213867,35.1121826171875,11.783385276794434,0.760498046875,0.5986394882202148
SB67598_component_782a,52.539465,31.803278,7.09499979019165,38.983516693115234,52.53931427001953,31.802505493164062,9.876075744628906,0.9126425385475159,0.7184027433395386
SB67598_component_784a,56.308362,33.9441,7.416999816894531,16.019437789916992,56.308467864990234,33.943572998046875,10.978057861328125,0.858292818069458,0.6756203770637512
SB67598_component_789a,54.86643,29.949879,6.855999946594238,13.108986854553223,54.86627197265625,29.949180603027344,7.378501892089844,1.1804165840148926,0.9291859269142151
SB67598_component_791a,52.227657,30.368026,7.383999824523926,35.161903381347656,52.2275276184082,30.367835998535156,6.990972995758057,1.341796875,1.056219220161438
SB67598_component_794a,50.559102,32.87925,6.584000110626221,36.57777786254883,50.5589485168457,32.87907791137695,9.53670597076416,0.8770496249198914,0.6903851628303528
SB67598_component_797a,54.21397,34.445711,6.755000114440918,35.74074172973633,54.21381759643555,34.44545364379883,9.000801086425781,0.953403890132904,0.7504887580871582
SB67598_component_800a,49.101501,31.873803,6.446000099182129,13.513627052307129,49.101505279541016,31.873493194580078,9.596087455749512,0.8533532023429871,0.6717321276664734
SB67598_component_802a,55.389252,35.298656,6.730000019073486,10.074851036071777,55.38908004760742,35.299015045166016,7.495554447174072,1.1406279802322388,0.8978655338287354
SB67598_component_805a,53.130551,34.867262,7.0320000648498535,27.255815505981445,53.130584716796875,34.867305755615234,7.830158710479736,1.1408827304840088,0.8980661034584045
SB67598_component_808a,49.442219,30.520158,7.1519999504089355,25.819494247436523,49.442176818847656,30.52006721496582,8.914237022399902,1.019239068031311,0.8023120760917664
SB67598_component_810a,49.769284,30.328301,5.920000076293945,23.39920997619629,49.76948547363281,30.32829475402832,5.240688323974609,1.435046911239624,1.1296225786209106
SB67598_component_812a,50.454222,33.654909,6.415999889373779,29.703702926635742,50.454044342041016,33.65485763549805,4.3948235511779785,1.8546228408813477,1.4598993062973022
SB67598_component_819a,52.126904,32.472132,6.461999893188477,34.19047546386719,52.126258850097656,32.47167205810547,3.1155173778533936,2.634932518005371,2.07413387298584
SB67598_component_820a,54.815166,30.373747,6.704999923706055,27.821577072143555,54.81489181518555,30.373035430908203,7.92905855178833,1.07426118850708,0.8456237316131592
SB67598_component_822a,55.658337,33.455134,5.985000133514404,27.580646514892578,55.65837860107422,33.45492172241211,8.80123233795166,0.863879919052124,0.680018424987793
SB67598_component_824a,55.368639,34.635529,7.074999809265137,28.87755012512207,55.36844253540039,34.63554763793945,10.3087739944458,0.871870756149292,0.6863085627555847
SB67598_component_825a,55.656459,34.826746,6.5320000648498535,27.677967071533203,55.6564826965332,34.82673263549805,8.240303039550781,1.007014513015747,0.792689323425293
SB67598_component_826a,55.508724,32.874783,6.171999931335449,31.01507568359375,55.50864028930664,32.874755859375,8.445616722106934,0.9283831715583801,0.730793297290802
SB67598_component_827a,54.712856,30.713477,6.067999839782715,27.834861755371094,54.712646484375,30.712841033935547,9.238432884216309,0.8344109058380127,0.6568213105201721
SB67598_component_829a,53.566673,32.35518,6.257999897003174,32.257728576660156,53.566226959228516,32.354557037353516,6.952561855316162,1.1434664726257324,0.9000998735427856
SB67598_component_832a,54.411833,33.929831,6.276000022888184,30.466018676757812,54.41161346435547,33.92949295043945,9.24375057220459,0.8625165820121765,0.6789451837539673
SB67598_component_839a,50.045367,32.033999,6.295000076293945,29.693397521972656,50.045318603515625,32.03384017944336,9.00143814086914,0.8884163498878479,0.6993327140808105
SB67598_component_843a,51.899308,31.507423,6.294000148773193,30.259614944458008,51.899147033691406,31.507205963134766,7.607023239135742,1.0511016845703125,0.8273932933807373
SB67598_component_849a,50.812055,32.25049,6.142000198364258,31.02020263671875,50.811851501464844,32.25028991699219,9.88277530670166,0.7895208597183228,0.6214853525161743
SB67598_component_850a,49.515332,32.854505,6.386000156402588,17.25946044921875,49.515411376953125,32.854305267333984,9.776273727416992,0.8298283815383911,0.653214156627655
SB67598_component_851a,53.907226,30.023316,6.456999778747559,14.253862380981445,53.90675354003906,30.022356033325195,3.6763195991516113,2.231260299682617,1.756376028060913
SB67598_component_856a,50.811624,31.813975,6.289000034332275,33.10000228881836,50.81149673461914,31.813661575317383,6.6037373542785645,1.2098305225372314,0.9523395299911499
SB67598_component_858a,54.339298,34.014002,6.014999866485596,30.846155166625977,54.33916091918945,34.01381301879883,7.39831018447876,1.0328465700149536,0.8130234479904175
SB67598_component_859a,50.001773,33.74046,6.2270002365112305,31.44949722290039,50.001529693603516,33.74052047729492,8.5133638381958,0.9292026162147522,0.7314382791519165
SB67598_component_860a,53.827134,33.948483,6.328000068664551,33.659576416015625,53.826881408691406,33.94858932495117,8.631471633911133,0.9313530325889587,0.7331310510635376
SB67598_component_862a,52.950531,29.70204,5.679999828338623,12.879817962646484,52.94865036010742,29.701465606689453,4.66004753112793,1.548426866531372,1.2188715934753418
SB67598_component_863a,49.785997,30.534446,6.3429999351501465,26.210742950439453,49.78596878051758,30.534231185913086,8.604024887084961,0.9365387558937073,0.737213134765625
SB67598_component_865a,52.44618,30.8942,6.330999851226807,32.80310821533203,52.44594192504883,30.89386558532715,9.090498924255371,0.884743332862854,0.6964414119720459
SB67598_component_867a,55.506962,34.055282,5.986999988555908,27.976634979248047,55.50685501098633,34.0550651550293,7.306238651275635,1.0409936904907227,0.8194366693496704
SB67598_component_868a,53.796663,31.551798,6.0970001220703125,32.604278564453125,53.7962760925293,31.551464080810547,8.153732299804688,0.9499319195747375,0.747755765914917
SB67598_component_869a,52.759679,33.817946,6.184999942779541,33.07486343383789,52.75950241088867,33.81794357299805,7.8015336990356445,1.0071460008621216,0.792792797088623
SB67598_component_870a,54.556921,33.173035,6.120999813079834,30.452733993530273,54.55638885498047,33.17286682128906,9.187148094177246,0.8463975191116333,0.6662567853927612
SB67598_component_873a,50.235035,34.899404,5.926000118255615,23.515872955322266,50.23485565185547,34.899513244628906,7.607290267944336,0.9896106719970703,0.7789896130561829
SB67598_component_875a,50.593037,30.862017,6.025000095367432,30.276382446289062,50.59281921386719,30.862102508544922,8.371214866638184,0.9143264889717102,0.7197282910346985
SB67598_component_877a,49.277741,33.24285,6.105000019073486,14.364705085754395,49.27751159667969,33.242733001708984,7.160604476928711,1.083100438117981,0.8525816798210144
SB67598_component_879a,53.725955,32.203399,5.676000118255615,29.257732391357422,53.72538757324219,32.20294952392578,6.8080058097839355,1.059144377708435,0.833724319934845
SB67598_component_880a,54.04597,32.397866,6.013000011444092,15.261421203613281,54.045654296875,32.39728546142578,9.198261260986328,0.8304589986801147,0.6537104845046997
SB67598_component_883a,54.27471,34.408231,5.586999893188477,26.478673934936523,54.27486801147461,34.40797424316406,5.335464000701904,1.330268144607544,1.0471441745758057
SB67598_component_885a,55.408592,30.234318,5.926000118255615,19.687707901000977,55.408451080322266,30.233694076538086,4.955930233001709,1.5190399885177612,1.1957392692565918
SB67598_component_889a,51.051557,35.103423,6.448999881744385,17.10610008239746,51.05142593383789,35.1032600402832,8.383767127990723,0.9772054553031921,0.7692245841026306
SB67598_component_893a,55.695289,32.139249,5.9670000076293945,22.432331085205078,55.69514465332031,32.138877868652344,5.417099952697754,1.3993356227874756,1.101511836051941
SB67598_component_894a,49.872775,32.078815,6.396999835968018,32.80513000488281,49.872589111328125,32.078948974609375,8.958525657653809,0.9071362614631653,0.7140683531761169
SB67598_component_895a,53.640399,32.811555,5.754000186920166,25.46017837524414,53.639976501464844,32.811012268066406,9.087576866149902,0.8043674826622009,0.6331720948219299
SB67598_component_896a,54.092849,35.447912,6.0289998054504395,62.80208206176758,54.09284591674805,35.44856643676758,9.102855682373047,0.8413957357406616,0.6623196005821228
SB67598_component_899a,51.116062,31.327203,6.2270002365112305,31.44949722290039,51.11601257324219,31.32724952697754,3.6426687240600586,2.1716604232788086,1.709460973739624
SB67598_component_900a,53.078348,32.858857,5.78000020980835,29.793813705444336,53.077850341796875,32.85834503173828,8.229541778564453,0.8922466039657593,0.7023477554321289
SB67598_component_906a,54.882483,32.982881,6.190000057220459,30.643564224243164,54.88212585449219,32.98252487182617,8.39497184753418,0.9367077350616455,0.7373461127281189
SB67598_component_907a,53.212578,32.816373,6.241000175476074,31.04975128173828,53.212066650390625,32.81570053100586,8.00067138671875,0.9909699559211731,0.7800595760345459
SB67598_component_910a,51.238027,34.886615,5.789000034332275,23.43724822998047,51.23817825317383,34.88645935058594,7.374180793762207,0.9972923398017883,0.7850363850593567
SB67598_component_912a,51.067077,32.323015,6.263999938964844,32.79581069946289,51.06680679321289,32.323123931884766,9.899664878845215,0.803829550743103,0.6327486634254456
SB67598_component_913a,56.441468,32.784889,5.534999847412109,14.228791236877441,56.441314697265625,32.785057067871094,8.914131164550781,0.7888080477714539,0.6209242343902588
SB67598_component_915a,50.229509,34.390343,6.357999801635742,32.11111068725586,50.22933578491211,34.39021682739258,9.491847038269043,0.8509469628334045,0.669838011264801
SB67598_component_919a,52.750881,31.369068,5.783999919891357,32.31284713745117,52.7505989074707,31.368667602539062,8.725584030151367,0.8421054482460022,0.6628782749176025
SB67598_component_920a,49.594395,33.858003,6.13700008392334,27.76923179626465,49.59428405761719,33.85792541503906,8.760443687438965,0.8899441361427307,0.7005352973937988
SB67598_component_926a,54.808404,33.065616,5.2779998779296875,27.20618438720703,54.808101654052734,33.0650520324707,8.376331329345703,0.8004758358001709,0.6301087737083435
SB67598_component_927a,49.692482,33.263557,6.080999851226807,21.336841583251953,49.692325592041016,33.263389587402344,6.122425556182861,1.2617815732955933,0.9932337999343872
SB67598_component_928a,55.513691,33.222981,5.748000144958496,31.933332443237305,55.513633728027344,33.22273635864258,7.776072978973389,0.9390509724617004,0.7391906380653381
SB67598_component_931a,51.903293,33.644182,5.341000080108643,30.005617141723633,51.90290069580078,33.64427185058594,8.048565864562988,0.8430179357528687,0.663596510887146
SB67598_component_932a,50.882523,32.943427,5.900000095367432,31.21693229675293,50.882347106933594,32.94315719604492,4.7676849365234375,1.5720891952514648,1.2374979257583618
SB67598_component_937a,54.525878,34.196349,5.396999835968018,28.25654411315918,54.52572250366211,34.19627380371094,8.21230411529541,0.8348723649978638,0.6571846008300781
SB67598_component_939a,55.594829,32.427059,5.64900016784668,26.521127700805664,55.594661712646484,32.42653274536133,8.357522010803223,0.8586709499359131,0.6759180426597595
SB67598_component_948a,56.052269,35.065224,5.099999904632568,14.825580596923828,56.05216979980469,35.06509017944336,5.911857604980469,1.095920205116272,0.8626729846000671
SB67598_component_949a,55.969863,30.684375,6.001999855041504,15.233502388000488,55.97005081176758,30.6839599609375,7.052045822143555,1.0812188386917114,0.851100504398346
SB67598_component_952a,50.878505,34.390561,5.9730000495910645,27.91121482849121,50.87837219238281,34.39012145996094,7.183972358703613,1.0562350749969482,0.8314341902732849
SB67598_component_954a,52.255243,34.449777,5.427000045776367,28.71428680419922,52.255313873291016,34.44947052001953,8.330378532409668,0.8276140093803406,0.6514710187911987
SB67598_component_955a,48.97268,33.61572,5.715000152587891,12.871622085571289,48.972660064697266,33.61570739746094,7.336007595062256,0.9896672964096069,0.7790341377258301
SB67598_component_956a,55.801835,31.947495,5.679999828338623,21.273408889770508,55.80189514160156,31.947105407714844,9.890149116516113,0.7295888662338257,0.5743088126182556
SB67598_component_957a,53.798785,31.331529,5.796999931335449,30.03626823425293,53.79855728149414,31.330806732177734,8.076627731323242,0.9118133187294006,0.717750072479248
SB67598_component_959a,50.824333,32.082435,5.297999858856201,29.7640438079834,50.82411193847656,32.082271575927734,8.188624382019043,0.8219279050827026,0.6469951272010803
SB67598_component_964a,54.140553,33.392528,5.52400016784668,31.20903968811035,54.140235900878906,33.39228057861328,6.957484722137451,1.0086352825164795,0.7939651012420654
SB67598_component_965a,55.264881,32.488972,5.370999813079834,24.085201263427734,55.264671325683594,32.488704681396484,6.514440536499023,1.0473955869674683,0.8244760036468506
SB67598_component_966a,51.209878,33.9724,5.179999828338623,26.97916603088379,51.20962142944336,33.97226333618164,7.763384819030762,0.8476398587226868,0.6672347187995911
SB67598_component_971a,54.049388,30.259736,5.065999984741211,20.263999938964844,54.04901123046875,30.25872802734375,7.079813003540039,0.9090256094932556,0.7155556082725525
SB67598_component_974a,49.804829,30.196123,5.181000232696533,17.86551856994629,49.804805755615234,30.195833206176758,7.302459239959717,0.9013161659240723,0.7094870209693909
SB67598_component_975a,55.544702,31.700168,4.940999984741211,22.981395721435547,55.544395446777344,31.699918746948242,9.091672897338867,0.6904047727584839,0.5434643626213074
SB67598_component_978a,49.628322,32.999036,5.770999908447266,18.37898063659668,49.628047943115234,32.99853515625,7.971781253814697,0.919662356376648,0.7239285111427307
SB67598_component_980a,52.107884,32.084887,5.142000198364258,30.247058868408203,52.10745620727539,32.08462905883789,7.083815574645996,0.9221414923667908,0.7258800268173218
SB67598_component_984a,51.639113,30.063294,4.507999897003174,11.83202075958252,51.638938903808594,30.06321144104004,6.871034622192383,0.8334786891937256,0.6560875177383423
SB67598_component_985a,53.087158,32.361298,5.630000114440918,32.3563232421875,53.08689498901367,32.36045837402344,7.120012283325195,1.0045241117477417,0.7907289862632751
SB67598_component_986a,51.094381,32.052693,5.519000053405762,29.513368606567383,51.09396743774414,32.05232620239258,4.4024457931518555,1.5925720930099487,1.2536213397979736
SB67598_component_989a,52.420168,32.330673,5.4679999351501465,27.2039794921875,52.41984558105469,32.32998275756836,3.5343732833862305,1.9653903245925903,1.5470918416976929
SB67598_component_990a,55.666119,34.473403,5.501999855041504,24.783782958984375,55.666080474853516,34.47330093383789,8.895002365112305,0.7857913374900818,0.6185495853424072
SB67598_component_991a,52.445445,32.189994,4.980999946594238,26.92432403564453,52.445159912109375,32.189022064208984,3.538918972015381,1.788045883178711,1.40749192237854
SB67598_component_994a,52.045492,34.131138,5.099999904632568,26.701570510864258,52.045230865478516,34.13111877441406,5.815041542053223,1.1141663789749146,0.8770358562469482
SB67598_component_997a,50.068565,31.848529,5.701000213623047,27.018959045410156,50.0684814453125,31.848419189453125,5.988115310668945,1.2094658613204956,0.9520525336265564
SB67598_component_998a,55.603514,30.726124,5.135000228881836,20.62249183654785,55.60354995727539,30.72550392150879,6.893596649169922,0.9462966918945312,0.7448942065238953
SB67598_component_1000a,55.45222,34.615612,4.807000160217285,19.075397491455078,55.45231628417969,34.61565017700195,6.393567085266113,0.9551324844360352,0.7518494725227356
SB67598_component_1001a,53.48402,31.35626,4.929999828338623,25.677082061767578,53.4838752746582,31.355491638183594,6.578551769256592,0.9520270824432373,0.749405026435852
SB67598_component_1006a,53.038207,31.184126,5.480000019073486,29.62162208557129,53.038028717041016,31.183658599853516,6.613430976867676,1.0526559352874756,0.8286167979240417
SB67598_component_1007a,49.084181,30.674472,5.86899995803833,12.460721969604492,49.084228515625,30.674516677856445,7.042541980743408,1.0586864948272705,0.8333638310432434
SB67598_component_1008a,49.188287,30.866814,4.940999984741211,11.848920822143555,49.18860626220703,30.866207122802734,7.343348503112793,0.8547781705856323,0.6728538274765015
SB67598_component_1010a,49.662971,30.08686,4.559000015258789,11.284652709960938,49.662933349609375,30.086669921875,6.07642936706543,0.953133761882782,0.7502761483192444
SB67598_component_1016a,50.855583,33.32578,4.961999893188477,25.97905731201172,50.85549545288086,33.3258056640625,6.73153018951416,0.9364307522773743,0.7371280789375305
SB67598_component_1018a,53.525698,32.250801,4.64900016784668,23.129352569580078,53.525115966796875,32.25048065185547,7.121950149536133,0.8292650580406189,0.6527706980705261
SB67598_component_1025a,51.656229,32.763395,5.614999771118164,27.935321807861328,51.65571594238281,32.76313018798828,8.713001251220703,0.8186809420585632,0.6444392204284668
SB67598_component_1027a,54.192795,31.921204,5.40500020980835,24.129465103149414,54.19248962402344,31.920347213745117,8.119573593139648,0.8456588983535767,0.6656754016876221
SB67598_component_1028a,51.217885,30.303237,5.111999988555908,20.205533981323242,51.21781539916992,30.303451538085938,3.391141414642334,1.9150391817092896,1.5074570178985596
SB67598_component_1029a,50.805836,31.161213,5.138000011444092,27.329788208007812,50.80574035644531,31.16121482849121,5.9179368019104,1.1029516458511353,0.8682079911231995
SB67598_component_1030a,51.302172,35.303263,5.211999893188477,10.300395011901855,51.302181243896484,35.303524017333984,8.908642768859863,0.7432339787483215,0.5850498080253601
SB67598_component_1032a,51.413131,34.268196,5.267000198364258,25.94581413269043,51.41302490234375,34.26815414428711,6.907698631286621,0.9686405658721924,0.7624826431274414
SB67598_component_1034a,56.027972,32.21028,5.192999839782715,12.543478012084961,56.027828216552734,32.21040344238281,6.86508321762085,0.960959792137146,0.7564365267753601
SB67598_component_1035a,54.970932,31.886,5.439000129699707,25.29767417907715,54.97035217285156,31.8857421875,7.919888019561768,0.8724343776702881,0.6867521405220032
SB67598_component_1036a,55.348527,34.858019,5.072999954223633,17.737760543823242,55.3482666015625,34.858070373535156,8.570375442504883,0.7519651651382446,0.5919227004051208
SB67598_component_1037a,52.538729,32.049552,5.28000020980835,29.17127227783203,52.53837203979492,32.0485954284668,6.725160121917725,0.9973877668380737,0.7851114273071289
SB67598_component_1038a,54.075366,32.026412,5.315000057220459,24.049774169921875,54.075164794921875,32.02588653564453,5.212416172027588,1.2953791618347168,1.0196806192398071
SB67598_component_1040a,51.340528,32.561576,4.701000213623047,23.27227783203125,51.340171813964844,32.56138229370117,5.431881904602051,1.0994428396224976,0.8654459714889526
SB67598_component_1041a,55.381611,34.868966,5.01200008392334,16.989831924438477,55.38151931762695,34.86921691894531,6.174619674682617,1.0311778783798218,0.8117099404335022
SB67598_component_1045a,53.452265,30.590947,4.63100004196167,23.99481773376465,53.452171325683594,30.590322494506836,8.023343086242676,0.7332501411437988,0.5771908164024353
SB67598_component_1049a,53.027958,32.990535,4.986999988555908,25.18686866760254,53.02751159667969,32.990047454833984,6.446742534637451,0.9827243685722351,0.7735689878463745
SB67598_component_1050a,56.22024,34.25898,5.020999908447266,17.136518478393555,56.22040939331055,34.258724212646484,5.8365349769592285,1.0928683280944824,0.8602706789970398
SB67598_component_1052a,52.572172,30.107834,5.63100004196167,14.936339378356934,52.57173538208008,30.107572555541992,6.636206150054932,1.0779494047164917,0.8485270142555237
SB67598_component_1053a,55.234795,34.27169,4.901000022888184,24.38308334350586,55.23472213745117,34.27164077758789,7.027556419372559,0.8859578967094421,0.6973974704742432
SB67598_component_1054a,54.456555,32.961105,4.636000156402588,24.791444778442383,54.45612335205078,32.960845947265625,6.110722064971924,0.9637927412986755,0.7586665153503418
SB67598_component_1055a,51.454904,31.346396,4.947000026702881,26.8858699798584,51.45473861694336,31.346420288085938,6.810357093811035,0.922793984413147,0.7263936400413513
SB67598_component_1057a,55.275647,32.384907,4.611000061035156,20.959091186523438,55.27556228637695,32.384117126464844,6.498385906219482,0.901409924030304,0.7095608115196228
SB67598_component_1058a,52.098278,31.928726,5.111999988555908,28.399999618530273,52.09782028198242,31.928550720214844,7.336986064910889,0.8851275444030762,0.6967438459396362
SB67598_component_1062a,49.541282,31.240762,5.251999855041504,13.641558647155762,49.541080474853516,31.240957260131836,10.192109107971191,0.6546261310577393,0.5153005719184875
SB67598_component_1065a,53.710914,33.033162,4.629000186920166,24.887096405029297,53.71052932739258,33.03279495239258,6.714999675750732,0.8757374882698059,0.68935227394104
SB67598_component_1068a,56.481622,34.327263,4.76200008392334,12.43342113494873,56.481868743896484,34.32699966430664,8.168756484985352,0.740570068359375,0.5829528570175171
SB67598_component_1071a,52.435838,32.94081,4.914999961853027,27.005495071411133,52.43523025512695,32.940284729003906,7.5188679695129395,0.8304314613342285,0.6536888480186462
SB67598_component_1074a,52.632526,30.146,4.914000034332275,12.409090995788574,52.63261413574219,30.145774841308594,7.960043907165527,0.7842462062835693,0.6173332929611206
SB67598_component_1075a,52.043537,35.066569,5.208000183105469,15.272727966308594,52.04366683959961,35.06678771972656,6.359179496765137,1.0404053926467896,0.8189736008644104
SB67598_component_1076a,52.308052,33.321859,5.178999900817871,26.834196090698242,52.307472229003906,33.32143020629883,5.11130428314209,1.2872025966644287,1.0132442712783813
SB67598_component_1081a,50.305879,32.40377,4.9039998054504395,24.277225494384766,50.30569839477539,32.40347671508789,7.289051532745361,0.8546969294548035,0.6727898120880127
SB67598_component_1084a,55.698893,30.614932,4.353000164031982,14.13311767578125,55.69865036010742,30.614437103271484,6.525853633880615,0.8473914265632629,0.6670392155647278
SB67598_component_1086a,51.774166,31.453917,4.992000102996826,28.855493545532227,51.77390670776367,31.453821182250977,7.02166223526001,0.9031655788421631,0.710942804813385
SB67598_component_1087a,53.214075,31.386397,4.940999984741211,24.704999923706055,53.21371841430664,31.38572883605957,6.698766231536865,0.9370283484458923,0.7375985383987427
SB67598_component_1089a,54.961701,33.779696,4.323999881744385,24.70857048034668,54.96163558959961,33.779239654541016,5.048164367675781,1.0881403684616089,0.8565489649772644
SB67598_component_1091a,52.641586,30.905373,4.840000152587891,25.882352828979492,52.64141082763672,30.905057907104492,8.081620216369629,0.7608159780502319,0.5988898277282715
SB67598_component_1092a,52.412073,30.686468,4.677000045776367,25.01069450378418,52.41176223754883,30.686166763305664,4.419632434844971,1.3443549871444702,1.0582327842712402
SB67598_component_1094a,55.096389,30.924499,4.985000133514404,23.738096237182617,55.09613037109375,30.923921585083008,6.8715314865112305,0.9216039776802063,0.725456953048706
SB67598_component_1095a,52.568706,34.144132,4.664999961853027,26.20786476135254,52.568756103515625,34.14399719238281,6.1616339683532715,0.9618082046508789,0.7571043372154236
SB67598_component_1098a,51.133737,32.810864,4.940000057220459,24.09756088256836,51.13344955444336,32.810245513916016,3.6721014976501465,1.709011435508728,1.3452787399291992
SB67598_component_1104a,53.131818,33.085329,4.466000080108643,22.329999923706055,53.131343841552734,33.0848503112793,4.909027576446533,1.1557289361953735,0.9097524881362915
SB67598_component_1108a,49.614392,32.250974,4.5,22.2772274017334,49.6143798828125,32.25075149536133,7.84456729888916,0.7287461161613464,0.5736454129219055
SB67598_component_1112a,54.343236,34.329127,4.828999996185303,26.6795597076416,54.3430061340332,34.329105377197266,5.519866466522217,1.1113768815994263,0.8748400211334229
SB67598_component_1113a,54.542497,34.790519,4.60099983215332,20.632286071777344,54.54228210449219,34.790767669677734,6.8067755699157715,0.8587040305137634,0.6759440898895264
SB67598_component_1119a,54.93803,34.08482,4.5,23.809524536132812,54.93795394897461,34.08476257324219,6.092376232147217,0.9383363127708435,0.7386280298233032
SB67598_component_1121a,53.593051,31.66858,4.5960001945495605,22.202899932861328,53.5927619934082,31.667999267578125,4.486589431762695,1.3013569116592407,1.0243861675262451
SB67598_component_1124a,50.75263,30.23252,3.8989999294281006,13.875445365905762,50.752418518066406,30.23257827758789,4.792718887329102,1.0334845781326294,0.8135256767272949
SB67598_component_1125a,55.552116,34.482101,4.99399995803833,24.242717742919922,55.55194854736328,34.4818115234375,7.092755317687988,0.8944710493087769,0.7040987014770508
SB67598_component_1126a,49.906067,30.735952,4.991000175476074,22.08407211303711,49.90614318847656,30.73612403869629,6.893878936767578,0.9197221398353577,0.7239755988121033
SB67598_component_1130a,53.639075,32.351444,4.671000003814697,23.831632614135742,53.63874816894531,32.35087966918945,6.295320510864258,0.9425941705703735,0.741979718208313
SB67598_component_1132a,55.240843,32.961799,4.730999946594238,24.899999618530273,55.24064636230469,32.96123123168945,3.1484415531158447,1.9089300632476807,1.502648115158081
SB67598_component_1133a,51.501365,32.71313,4.835000038146973,25.05181312561035,51.501014709472656,32.712623596191406,6.032756805419922,1.0181537866592407,0.8014578223228455
SB67598_component_1136a,55.179825,31.691781,4.414000034332275,18.239669799804688,55.179466247558594,31.691232681274414,5.2099609375,1.0762931108474731,0.8472232222557068
SB67598_component_1137a,54.149337,33.805597,4.309999942779541,23.81215476989746,54.148983001708984,33.805538177490234,5.18189001083374,1.0566271543502808,0.8317428231239319
SB67598_component_1142a,50.400883,32.305626,4.6020002365112305,23.60000228881836,50.400611877441406,32.30577087402344,4.071231842041016,1.4359968900680542,1.1303704977035522
SB67598_component_1145a,54.161033,33.533538,4.4029998779296875,22.23737335205078,54.160945892333984,33.53317642211914,4.843878746032715,1.1547503471374512,0.9089822769165039
SB67598_component_1146a,50.313012,32.900936,4.185999870300293,20.620689392089844,50.31277847290039,32.90087127685547,6.04044771194458,0.8803650140762329,0.6929949522018433
SB67598_component_1147a,49.334719,32.069376,4.617000102996826,17.227611541748047,49.33491516113281,32.068912506103516,5.955752849578857,0.9848178625106812,0.7752168774604797
SB67598_component_1149a,53.419227,34.767557,4.131999969482422,20.4554443359375,53.41920852661133,34.76753234863281,4.46166467666626,1.176511287689209,0.9261116981506348
SB67598_component_1151a,55.717833,31.185053,4.933000087738037,19.81124496459961,55.717674255371094,31.184602737426758,7.95292854309082,0.7879828214645386,0.6202746629714966
SB67598_component_1152a,49.772546,32.414243,4.295000076293945,20.649038314819336,49.772403717041016,32.414127349853516,4.597498416900635,1.186791181564331,0.9342036843299866
SB67598_component_1155a,53.356224,30.610759,4.14900016784668,20.954545974731445,53.35596466064453,30.610431671142578,6.140163421630859,0.8584128618240356,0.6757149696350098
SB67598_component_1156a,49.805963,31.113228,4.758999824523926,18.589841842651367,49.806095123291016,31.113405227661133,6.138981819152832,0.9848091006278992,0.7752099633216858
SB67598_component_1162a,51.135063,31.644177,4.357999801635742,22.23469352722168,51.134857177734375,31.643953323364258,5.803581714630127,0.953946053981781,0.7509155869483948
SB67598_component_1166a,55.881997,31.636418,4.519999980926514,17.72549057006836,55.882015228271484,31.636333465576172,5.635347366333008,1.0189443826675415,0.8020800948143005
SB67598_component_1167a,53.291163,33.16265,4.236999988555908,21.29145622253418,53.290733337402344,33.16216278076172,5.2970805168151855,1.0161423683166504,0.7998745441436768
SB67598_component_1169a,51.656205,30.088227,4.156000137329102,11.480663299560547,51.655792236328125,30.08795166015625,3.448923349380493,1.5308221578598022,1.2050137519836426
SB67598_component_1173a,54.811288,34.525031,4.500999927520752,22.282176971435547,54.81105422973633,34.52515411376953,5.719448089599609,0.99974125623703,0.7869640588760376
SB67598_component_1175a,50.011797,30.423776,4.414000034332275,17.72690773010254,50.01173400878906,30.42375946044922,5.838143825531006,0.9604843258857727,0.7560622096061707
SB67598_component_1177a,52.424475,31.563009,4.702000141143799,25.977901458740234,52.424102783203125,31.562801361083984,6.40808629989624,0.9321526288986206,0.733760416507721
SB67598_component_1178a,51.468159,31.690263,4.020999908447266,21.50267219543457,51.467838287353516,31.690229415893555,5.9329729080200195,0.8609827160835266,0.6777377724647522
SB67598_component_1179a,52.882449,33.576285,4.760000228881836,24.791667938232422,52.88222885131836,33.576168060302734,5.30508279800415,1.1398495435714722,0.8972527980804443
SB67598_component_1180a,53.041156,31.43612,3.753999948501587,19.96808624267578,53.0408821105957,31.435741424560547,5.181343078613281,0.9204170107841492,0.7245225310325623
SB67598_component_1182a,50.449951,30.563114,3.812000036239624,17.327272415161133,50.450157165527344,30.56317138671875,6.897989749908447,0.7020419836044312,0.5526247620582581
SB67598_component_1183a,54.648775,34.723517,4.144000053405762,20.824121475219727,54.6486701965332,34.72381591796875,6.293212890625,0.8365271687507629,0.6584872007369995
SB67598_component_1184a,53.420314,34.490823,4.464000225067139,21.35885238647461,53.42009353637695,34.49095153808594,5.23870325088501,1.0825129747390747,0.8521193265914917
SB67598_component_1185a,52.124266,34.226013,4.38100004196167,23.809782028198242,52.12413787841797,34.225887298583984,6.476569652557373,0.8593319058418274,0.6764383316040039
SB67598_component_1187a,53.098398,30.829794,4.048999786376953,23.27011489868164,53.098148345947266,30.829429626464844,5.74551248550415,0.8952651619911194,0.7047238945960999
SB67598_component_1188a,53.033598,30.434558,4.0879998207092285,18.331836700439453,53.03356170654297,30.434255599975586,6.0264201164245605,0.8617557287216187,0.6783462762832642
SB67598_component_1190a,50.388231,30.597687,4.125,19.831729888916016,50.38806915283203,30.597591400146484,6.344636917114258,0.8259426951408386,0.6501554250717163
SB67598_component_1193a,51.044942,31.612783,3.9839999675750732,20.020099639892578,51.04488754272461,31.61273956298828,7.127542495727539,0.7100880742073059,0.5589584112167358
SB67598_component_1194a,49.209883,33.596149,4.735000133514404,13.528572082519531,49.209716796875,33.59635543823242,5.482954978942871,1.0970792770385742,0.8635854721069336
SB67598_component_1198a,53.568231,34.594307,4.2129998207092285,20.551218032836914,53.56802749633789,34.59436798095703,3.0374505519866943,1.762036681175232,1.3870184421539307
SB67598_component_1204a,50.688233,31.246735,4.002999782562256,21.994504928588867,50.688026428222656,31.246339797973633,5.66188383102417,0.8981674313545227,0.7070084810256958
SB67598_component_1206a,51.922309,30.297491,4.190999984741211,17.036584854125977,51.92213439941406,30.297237396240234,6.41728401184082,0.829658031463623,0.6530800461769104
SB67598_component_1207a,55.884404,35.204628,4.577000141143799,10.26233196258545,55.88457107543945,35.204673767089844,5.665684223175049,1.0262691974639893,0.807845950126648
SB67598_component_1208a,50.569642,35.205164,4.418000221252441,10.17972469329834,50.56951141357422,35.20459747314453,6.2964887619018555,0.8913741111755371,0.7016609311103821
SB67598_component_1209a,51.55974,35.127153,3.927999973297119,10.79120922088623,51.55976867675781,35.1271858215332,4.226181507110596,1.1807447671890259,0.9294441938400269
SB67598_component_1210a,53.227355,33.734532,4.002999782562256,19.432037353515625,53.22712707519531,33.73430252075195,4.4522247314453125,1.1421974897384644,0.8991010189056396
SB67598_component_1213a,55.755677,34.780427,4.348999977111816,18.120834350585938,55.755714416503906,34.78042221069336,6.162081718444824,0.8965916633605957,0.7057679891586304
SB67598_component_1214a,50.362291,32.335687,3.940000057220459,22.774568557739258,50.36198043823242,32.335426330566406,5.280729293823242,0.9478399753570557,0.7461090683937073
SB67598_component_1217a,53.945326,32.352107,3.7839999198913574,14.781249046325684,53.94496536254883,32.35138702392578,4.633398532867432,1.0374906063079834,0.8166791200637817
SB67598_component_1218a,54.732863,32.247243,3.9519999027252197,19.372549057006836,54.73250961303711,32.246482849121094,5.193746566772461,0.9666491746902466,0.7609150409698486
SB67598_component_1219a,55.509222,32.829942,3.6710000038146973,18.922679901123047,55.50914764404297,32.829505920410156,5.202231407165527,0.896452784538269,0.7056587338447571
SB67598_component_1220a,55.144937,34.684581,4.3480000495910645,19.324445724487305,55.14479064941406,34.684326171875,5.624055862426758,0.9821382164955139,0.7731075286865234
SB67598_component_1226a,54.725017,33.398016,4.2729997634887695,21.8010196685791,54.72494125366211,33.39743423461914,5.317264080047607,1.0208861827850342,0.8036087155342102
SB67598_component_1228a,52.054363,33.847002,4.182000160217285,23.897144317626953,52.05412673950195,33.8470573425293,5.950744152069092,0.8927821516990662,0.7027692794799805
SB67598_component_1230a,54.469479,32.172956,3.7869999408721924,19.126262664794922,54.468997955322266,32.17209243774414,2.917513370513916,1.6489790678024292,1.2980232238769531
SB67598_component_1231a,55.837702,32.478225,3.75,14.478764533996582,55.83751678466797,32.477783203125,6.736566543579102,0.7071725130081177,0.5566633939743042
SB67598_component_1232a,50.01796,30.732247,3.8299999237060547,18.32535743713379,50.01804733276367,30.732385635375977,5.596856594085693,0.8693352937698364,0.6843127012252808
SB67598_component_1238a,50.40486,30.173859,4.301000118255615,12.288572311401367,50.40457534790039,30.17399787902832,4.14990758895874,1.3166300058364868,1.0364086627960205
SB67598_component_1240a,49.684481,30.461268,4.171000003814697,17.97844886779785,49.68449783325195,30.46099090576172,5.315699577331543,0.9968101978302002,0.784656822681427
SB67598_component_1241a,56.375715,34.869558,3.9809999465942383,11.21408462524414,56.3758544921875,34.869293212890625,5.122156620025635,0.9873520731925964,0.7772116661071777
SB67598_component_1242a,53.060088,31.379594,3.8329999446868896,20.17368507385254,53.059993743896484,31.37935447692871,5.295853137969971,0.9194658994674683,0.7237738370895386
SB67598_component_1244a,53.529178,32.524311,4.363999843597412,23.589187622070312,53.528743743896484,32.52333450317383,4.1227617263793945,1.3447117805480957,1.0585137605667114
SB67598_component_1248a,52.850273,35.072271,3.819000005722046,10.608332633972168,52.85070037841797,35.07204818725586,3.320951461791992,1.4608979225158691,1.149971604347229
SB67598_component_1249a,54.789642,30.289366,4.004000186920166,14.049123764038086,54.78915023803711,30.28890609741211,4.7772674560546875,1.064749002456665,0.8381360769271851
SB67598_component_1250a,51.426037,33.067671,4.2870001792907715,23.04838752746582,51.42567825317383,33.06732940673828,6.773605823516846,0.8040189743041992,0.6328977942466736
SB67598_component_1251a,49.639921,31.770683,4.00600004196167,15.231938362121582,49.63996887207031,31.770626068115234,4.295027256011963,1.1848891973495483,0.9327065348625183
SB67598_component_1252a,54.024837,32.657522,3.6710000038146973,17.907318115234375,54.02449417114258,32.656646728515625,4.671538352966309,0.9982910752296448,0.7858225107192993
SB67598_component_1257a,54.996197,33.897496,3.8469998836517334,21.137361526489258,54.99631881713867,33.8970947265625,6.276162147521973,0.778683066368103,0.6129541993141174
SB67598_component_1263a,54.118796,30.373961,3.936000108718872,15.375,54.11854934692383,30.37335968017578,5.279162883758545,0.947158694267273,0.7455727458000183
SB67598_component_1264a,51.9204,33.141486,4.323999881744385,23.5,51.91984939575195,33.141090393066406,6.0626420974731445,0.9060589075088501,0.7132203578948975
SB67598_component_1265a,55.80965,30.897582,3.694000005722046,11.296636581420898,55.80967712402344,30.897380828857422,5.113651275634766,0.9176952242851257,0.7223801016807556
SB67598_component_1266a,49.536549,31.045909,3.5439999103546143,12.054421424865723,49.53664779663086,31.0458927154541,5.670034885406494,0.7940369248390198,0.6250402331352234
SB67598_component_1269a,50.280203,32.91508,3.7980000972747803,18.526830673217773,50.279964447021484,32.914833068847656,7.077254772186279,0.6817463636398315,0.5366487503051758
SB67598_component_1271a,55.108583,33.46814,3.9019999504089355,21.322404861450195,55.10847854614258,33.46746826171875,3.980832576751709,1.2452199459075928,0.9801969528198242
SB67598_component_1272a,53.710177,30.247976,3.5969998836517334,13.781608581542969,53.709808349609375,30.247669219970703,4.302992343902588,1.0619462728500366,0.8359298706054688
SB67598_component_1274a,51.380261,34.302106,3.444999933242798,17.4873104095459,51.37995147705078,34.30201721191406,4.54632043838501,0.9626355171203613,0.7577556371688843
SB67598_component_1277a,56.135909,34.041477,4.077000141143799,12.317220687866211,56.135902404785156,34.04133224487305,4.212691783905029,1.2294580936431885,0.9677898287773132
SB67598_component_1278a,53.499671,30.421191,3.9000000953674316,14.94252872467041,53.499305725097656,30.4205322265625,4.377178192138672,1.1318870782852173,0.8909850120544434
SB67598_component_1279a,53.809457,34.413489,3.6740000247955322,20.07650375366211,53.8093376159668,34.41339874267578,3.5674211978912354,1.3083305358886719,1.029875636100769
SB67598_component_1282a,50.831535,34.241185,3.319000005722046,14.621145248413086,50.83131408691406,34.24111557006836,4.007178783416748,1.052207112312317,0.828263521194458
SB67598_component_1284a,54.477078,30.345062,4.1020002365112305,16.54032325744629,54.47686767578125,30.34429931640625,4.924210071563721,1.0582586526870728,0.8330270648002625
SB67598_component_1287a,51.819609,31.78829,4.210000038146973,22.041885375976562,51.81922912597656,31.788238525390625,6.618643760681152,0.8080641031265259,0.6360819935798645
SB67598_component_1288a,55.465554,32.507373,4.127999782562256,18.34666633605957,55.465511322021484,32.50653839111328,5.890152931213379,0.890319287776947,0.7008306384086609
SB67598_component_1290a,50.480166,33.967665,4.145999908447266,20.524751663208008,50.47991180419922,33.967742919921875,3.24114727973938,1.6250369548797607,1.2791765928268433
SB67598_component_1292a,52.774289,31.977014,3.8889999389648438,20.468421936035156,52.77384948730469,31.97641944885254,5.005853652954102,0.9869440197944641,0.7768904566764832
SB67598_component_1293a,51.394042,33.070739,3.8269999027252197,21.86857032775879,51.39373016357422,33.070613861083984,5.433925151824951,0.8947001695632935,0.7042791247367859
SB67598_component_1294a,54.673224,32.077755,4.192999839782715,20.354368209838867,54.67283248901367,32.077152252197266,6.191859722137451,0.8602733612060547,0.6771793961524963
SB67598_component_1296a,52.585137,31.841161,3.3399999141693115,17.30569839477539,52.584774017333984,31.84046173095703,4.105956554412842,1.0333913564682007,0.8134523034095764
SB67598_component_1299a,50.097253,33.648705,3.6040000915527344,18.673574447631836,50.09722137451172,33.6483154296875,4.986713409423828,0.918127715587616,0.7227205038070679
SB67598_component_1303a,53.21244,30.090513,3.444999933242798,10.252976417541504,53.21222686767578,30.090044021606445,6.339794635772705,0.6903141140937805,0.5433929562568665
SB67598_component_1306a,50.13941,30.293569,3.249000072479248,12.12313461303711,50.139442443847656,30.293487548828125,4.088364124298096,1.0095616579055786,0.7946944236755371
SB67598_component_1308a,49.901468,34.53529,3.9210000038146973,15.316405296325684,49.90126419067383,34.535152435302734,5.3096208572387695,0.9381365776062012,0.7384707927703857
SB67598_component_1309a,56.146762,33.101378,3.938999891281128,16.209875106811523,56.14665603637695,33.101566314697266,6.576790809631348,0.7608597874641418,0.5989243388175964
SB67598_component_1311a,51.84473,34.300385,3.680000066757202,18.492462158203125,51.844730377197266,34.300235748291016,4.1937947273254395,1.1147394180297852,0.8774869441986084
SB67598_component_1312a,54.117189,32.131218,3.328000068664551,12.145986557006836,54.11699295043945,32.1303825378418,5.259545803070068,0.8038366436958313,0.6327542662620544
SB67598_component_1316a,53.837047,33.246308,3.8459999561309814,19.927459716796875,53.836875915527344,33.24592590332031,4.545955181121826,1.0747731924057007,0.8460268378257751
SB67598_component_1319a,51.824213,32.11955,3.6740000247955322,19.752687454223633,51.823673248291016,32.119293212890625,4.553595066070557,1.0249848365783691,0.8068350553512573
SB67598_component_1324a,55.753429,35.008493,4.051000118255615,11.15977954864502,55.753238677978516,35.0086784362793,6.786411285400391,0.7583240270614624,0.5969281792640686
SB67598_component_1325a,49.998622,34.650271,3.7269999980926514,15.859574317932129,49.998374938964844,34.65028381347656,4.596756935119629,1.0300079584121704,0.8107889890670776
SB67598_component_1326a,50.494994,32.065363,3.7780001163482666,19.080808639526367,50.49484634399414,32.06514358520508,5.1891679763793945,0.9249046444892883,0.7280550599098206
SB67598_component_1328a,50.10159,32.076693,3.5390000343322754,17.964468002319336,50.10151672363281,32.07620620727539,5.2594170570373535,0.8548219799995422,0.6728882789611816
SB67598_component_1329a,56.472975,32.902079,3.687999963760376,10.244443893432617,56.47294998168945,32.90199661254883,6.087022304534912,0.7696951031684875,0.6058791875839233
SB67598_component_1334a,52.334737,31.113527,3.760999917984009,21.129213333129883,52.33426284790039,31.113178253173828,5.917398452758789,0.807430624961853,0.6355833411216736
SB67598_component_1339a,50.663908,34.55967,3.680999994277954,18.497488021850586,50.66347885131836,34.559776306152344,4.633777141571045,1.0091677904129028,0.7943843603134155
SB67598_component_1340a,53.667218,30.414325,3.936000108718872,17.1130428314209,53.6671028137207,30.413673400878906,5.424190521240234,0.9218343496322632,0.7256382703781128
SB67598_component_1342a,49.745352,32.587097,3.6089999675750732,14.378486633300781,49.745643615722656,32.586524963378906,3.1391372680664062,1.4605259895324707,1.1496789455413818
SB67598_component_1350a,51.066603,31.3701,3.5950000286102295,18.24873161315918,51.06638717651367,31.36998748779297,5.177717685699463,0.882050096988678,0.6943213939666748
SB67598_component_1351a,55.058095,32.544188,3.375999927520752,15.415525436401367,55.057960510253906,32.54338073730469,6.066152095794678,0.7070039510726929,0.5565307140350342
SB67598_component_1361a,52.327257,31.944355,3.5250000953674316,19.475139617919922,52.32692337036133,31.943897247314453,4.346920967102051,1.0301728248596191,0.8109188079833984
SB67598_component_1363a,50.60151,30.200127,3.5739998817443848,11.065014839172363,50.60188293457031,30.200122833251953,5.587634086608887,0.8125672340393066,0.639626681804657
SB67598_component_1364a,54.04613,34.776209,3.763000011444092,16.724445343017578,54.04582977294922,34.77629470825195,6.129169940948486,0.7799473404884338,0.6139493584632874
SB67598_component_1365a,54.869827,32.780263,3.609999895095825,17.871286392211914,54.8697395324707,32.78028869628906,3.113387107849121,1.4730136394500732,1.1595088243484497
SB67598_component_1367a,51.508455,30.549645,3.6619999408721924,18.218904495239258,51.50862121582031,30.549049377441406,4.274329662322998,1.0883861780166626,0.8567425012588501
SB67598_component_1374a,52.553578,33.274651,3.6419999599456787,20.12154769897461,52.553009033203125,33.27443313598633,5.538303375244141,0.8354027271270752,0.6576021313667297
SB67598_component_1378a,54.061351,30.639768,3.2219998836517334,18.411428451538086,54.06093215942383,30.63947868347168,4.2208571434021,0.9697450399398804,0.7633520364761353
SB67598_component_1382a,54.471417,35.005065,3.1110000610351562,10.69072151184082,54.4712028503418,35.00537109375,2.425544500350952,1.629384160041809,1.282598614692688
SB67598_component_1383a,49.847779,32.191402,3.697000026702881,20.538888931274414,49.84775924682617,32.19139099121094,4.975588798522949,0.9439254403114319,0.7430276274681091
SB67598_component_1385a,54.88644,30.832377,3.0480000972747803,15.316583633422852,54.88637924194336,30.831504821777344,4.565740585327148,0.848079264163971,0.6675806641578674
SB67598_component_1388a,49.319698,32.014305,3.11899995803833,11.638059616088867,49.31973648071289,32.014190673828125,5.766988277435303,0.687066912651062,0.5408368706703186
SB67598_component_1389a,52.137278,31.246294,3.311000108718872,17.801074981689453,52.13707733154297,31.24578857421875,4.260552883148193,0.9872472882270813,0.7771292328834534
SB67598_component_1395a,50.450807,31.241441,3.631999969482422,19.63243293762207,50.45059585571289,31.241479873657227,5.3040876388549805,0.8698970675468445,0.6847549080848694
SB67598_component_1396a,52.70133,34.95562,3.4730000495910645,13.727272987365723,52.70109176635742,34.95597457885742,2.5894851684570312,1.7038214206695557,1.3411931991577148
SB67598_component_1398a,53.045241,30.663354,3.3380000591278076,20.108434677124023,53.045135498046875,30.663175582885742,3.693270206451416,1.1481746435165405,0.9038060903549194
SB67598_component_1401a,52.887984,32.225713,3.3350000381469727,17.19072151184082,52.88747024536133,32.224876403808594,3.84645938873291,1.101456642150879,0.8670311570167542
SB67598_component_1405a,54.562332,30.497582,3.1010000705718994,14.423255920410156,54.56226348876953,30.49614715576172,3.7496235370635986,1.050622820854187,0.8270163536071777
SB67598_component_1409a,50.124184,31.472557,3.118000030517578,14.302752494812012,50.124168395996094,31.4721622467041,5.068812847137451,0.781452476978302,0.6151341795921326
SB67598_component_1414a,50.192592,33.416421,3.0339999198913574,14.046295166015625,50.1924934387207,33.41635513305664,4.8393330574035645,0.7964577674865723,0.6269458532333374
SB67598_component_1416a,55.649366,31.218641,2.882999897003174,12.644736289978027,55.649253845214844,31.218502044677734,2.7880172729492188,1.3136566877365112,1.0340681076049805
SB67598_component_1423a,52.517294,35.028597,3.431999921798706,13.565217971801758,52.517425537109375,35.0283317565918,5.253845691680908,0.8298558592796326,0.6532357931137085
SB67598_component_1430a,50.732772,30.431025,3.431999921798706,16.037382125854492,50.73259353637695,30.430898666381836,4.02217435836792,1.0839745998382568,0.8532698154449463
SB67598_component_1435a,53.565936,33.868454,3.4070000648498535,17.652849197387695,53.5655517578125,33.868682861328125,5.004139423370361,0.8649190068244934,0.6808363795280457
SB67598_component_1436a,56.006054,34.267156,3.490000009536743,14.602511405944824,56.00611114501953,34.26691818237305,5.282702445983887,0.8392705917358398,0.6606467366218567
SB67598_component_1437a,53.22157,35.007751,3.312000036239624,11.15151596069336,53.22163009643555,35.007530212402344,6.323163986206055,0.6654089093208313,0.5237883925437927
SB67598_component_1439a,50.108131,32.167939,3.005000114440918,16.510990142822266,50.107852935791016,32.16781234741211,3.041261911392212,1.2552303075790405,0.9880767464637756
SB67598_component_1440a,55.120466,31.402653,3.1519999504089355,14.525345802307129,55.1200065612793,31.402158737182617,5.040051460266113,0.7944817543029785,0.6253904104232788
SB67598_component_1442a,50.190447,31.588959,3.3559999465942383,16.45098114013672,50.19022750854492,31.589250564575195,3.96178936958313,1.0761263370513916,0.8470919728279114
SB67598_component_1445a,52.11389,30.191939,3.382999897003174,12.814393997192383,52.11382293701172,30.191850662231445,4.1537184715271,1.0346599817276,0.8144509196281433
SB67598_component_1448a,51.642194,32.401904,3.174999952316284,15.563725471496582,51.64181137084961,32.40116882324219,5.0785112380981445,0.7942185401916504,0.6251832246780396
SB67598_component_1449a,53.105542,32.769641,3.578000068664551,18.538860321044922,53.10493850708008,32.76911926269531,3.2337734699249268,1.4056055545806885,1.1064473390579224
SB67598_component_1451a,51.380044,33.122242,3.0880000591278076,17.645715713500977,51.379547119140625,33.12205505371094,5.033729076385498,0.7793278694152832,0.6134617328643799
SB67598_component_1453a,55.186929,30.95251,3.2950000762939453,13.729166984558105,55.186866760253906,30.952356338500977,5.785581588745117,0.7235043048858643,0.5695192217826843
SB67598_component_1454a,49.722654,31.765007,2.9549999237060547,13.191963195800781,49.72286605834961,31.764625549316406,4.260921001434326,0.8810219168663025,0.6935120224952698
SB67598_component_1457a,52.270102,33.408599,3.2070000171661377,15.643902778625488,52.269832611083984,33.40846633911133,5.346948623657227,0.7619485855102539,0.599781334400177
SB67598_component_1462a,51.570249,30.45175,3.1740000247955322,14.831775665283203,51.57008361816406,30.45199203491211,3.9100563526153564,1.0312325954437256,0.8117530345916748
SB67598_component_1466a,51.772564,30.528507,3.046999931335449,14.17209243774414,51.7725944519043,30.52882194519043,3.9075846672058105,0.9905964136123657,0.7797655463218689
SB67598_component_1468a,52.381326,31.991872,3.371000051498413,18.5219783782959,52.38097381591797,31.991085052490234,4.834245681762695,0.8858552575111389,0.6973166465759277
SB67598_component_1472a,55.873253,34.183519,3.128999948501587,13.371794700622559,55.87331771850586,34.18330383300781,5.036952972412109,0.7891696095466614,0.621208906173706
SB67598_component_1478a,49.977181,33.985918,2.8440001010894775,13.60765552520752,49.977169036865234,33.985557556152344,3.202695846557617,1.1280975341796875,0.8880019187927246
SB67598_component_1479a,55.508003,33.731478,3.0350000858306885,14.950739860534668,55.50791931152344,33.731292724609375,4.3001909255981445,0.8966102004051208,0.7057826519012451
SB67598_component_1482a,52.910469,31.018075,3.496999979019165,18.90270233154297,52.91029739379883,31.017614364624023,4.145352363586426,1.0716843605041504,0.8435953259468079
SB67598_component_1485a,51.118271,34.415437,3.4230000972747803,15.349776268005371,51.11783218383789,34.415199279785156,5.1203413009643555,0.8492600321769714,0.6685101389884949
SB67598_component_1503a,50.832869,32.269322,3.243000030517578,16.378787994384766,50.832496643066406,32.26906967163086,5.487704277038574,0.7507389783859253,0.590957522392273
SB67598_component_1504a,50.735633,32.28301,3.2179999351501465,17.681318283081055,50.735321044921875,32.283531188964844,2.469852924346924,1.6551892757415771,1.3029115200042725
SB67598_component_1508a,53.183355,32.180024,3.0850000381469727,15.820513725280762,53.182987213134766,32.1789665222168,3.473428726196289,1.1283128261566162,0.888171374797821
SB67598_component_1509a,53.597935,32.098781,3.135999917984009,15.149758338928223,53.59750747680664,32.09832000732422,3.2584407329559326,1.222640872001648,0.9624235033988953
SB67598_component_1512a,53.412711,34.462661,3.4100000858306885,16.1611385345459,53.41266632080078,34.4622917175293,4.080966949462891,1.0615098476409912,0.8355863094329834
SB67598_component_1523a,53.937389,32.510494,2.9159998893737793,10.603635787963867,53.936920166015625,32.51044845581055,4.753162384033203,0.779358983039856,0.6134862899780273
SB67598_component_1525a,56.158052,34.916718,3.3410000801086426,10.248466491699219,56.15812301635742,34.91675567626953,5.479721546173096,0.7745522856712341,0.6097025275230408
SB67598_component_1526a,54.988537,30.910242,2.8420000076293945,14.574359893798828,54.988258361816406,30.909713745117188,3.7887275218963623,0.9529353380203247,0.7501199245452881
SB67598_component_1528a,52.063378,32.947726,2.739000082015991,14.5691499710083,52.06319808959961,32.946861267089844,3.6218011379241943,0.960727334022522,0.7562536001205444
SB67598_component_1532a,50.085226,30.64313,2.869999885559082,12.42424201965332,50.08536911010742,30.642967224121094,4.509255886077881,0.8085552453994751,0.6364686489105225
SB67598_component_1533a,52.684445,33.173048,3.0269999504089355,16.910614013671875,52.68408203125,33.172752380371094,4.5581440925598145,0.8436398506164551,0.6640860438346863
SB67598_component_1534a,51.340849,30.332118,3.0139999389648438,11.773436546325684,51.34087371826172,30.33168601989746,4.437807083129883,0.862794816493988,0.6791642308235168
SB67598_component_1537a,54.774183,31.226715,2.875999927520752,13.826922416687012,54.77399444580078,31.225980758666992,3.505187749862671,1.0423420667648315,0.8204981088638306
SB67598_component_1539a,53.176967,31.749127,2.9260001182556152,13.36073112487793,53.17646408081055,31.74903106689453,3.6817548274993896,1.0096065998077393,0.7947297692298889
SB67598_component_1541a,50.033128,34.319833,3.1679999828338623,13.77391242980957,50.03301239013672,34.3198356628418,3.36240816116333,1.1969263553619385,0.9421818852424622
SB67598_component_1542a,52.468161,30.586393,2.9700000286102295,14.009434700012207,52.46781539916992,30.586769104003906,3.2585694789886475,1.1578763723373413,0.9114428758621216
SB67598_component_1543a,51.524879,30.59782,3.259999990463257,16.38191032409668,51.52486801147461,30.598054885864258,6.237709999084473,0.6639343500137329,0.5226277112960815
SB67598_component_1545a,54.155602,33.001602,3.0350000858306885,15.328283309936523,54.155025482177734,33.00149917602539,3.898024320602417,0.9891152381896973,0.7785995602607727
SB67598_component_1546a,55.57835,33.684416,2.9739999771118164,13.768518447875977,55.57798767089844,33.6853141784668,5.685552597045898,0.6645092368125916,0.5230801701545715
SB67598_component_1550a,51.253598,30.965779,2.815999984741211,15.139784812927246,51.25364303588867,30.966203689575195,3.2988033294677734,1.0844484567642212,0.8536428809165955
SB67598_component_1557a,54.10366,30.254175,3.000999927520752,11.586872100830078,54.10324478149414,30.253704071044922,3.5365257263183594,1.078007698059082,0.8485729098320007
SB67598_component_1560a,50.263023,34.585555,3.005000114440918,14.802956581115723,50.263038635253906,34.58497619628906,1.521160364151001,2.509586811065674,1.9754656553268433
SB67598_component_1562a,51.989418,33.496316,2.7239999771118164,15.303370475769043,51.98893356323242,33.496952056884766,2.934246301651001,1.1793514490127563,0.9283474087715149
SB67598_component_1565a,54.015504,34.815228,2.6489999294281006,11.5676851272583,54.01524353027344,34.81572723388672,3.7798588275909424,0.8903055787086487,0.7008197903633118
SB67598_component_1567a,51.736718,33.995631,3.1440000534057617,17.46666717529297,51.73634338378906,33.9955940246582,4.330030918121338,0.9224105477333069,0.7260918021202087
SB67598_component_1569a,50.375418,31.674744,3.1689999103546143,15.924622535705566,50.37555694580078,31.674583435058594,4.207033634185791,0.9569272994995117,0.7532623410224915
SB67598_component_1573a,56.288002,32.722668,3.256999969482422,10.339682579040527,56.287925720214844,32.72278594970703,4.053700923919678,1.02070152759552,0.803463339805603
SB67598_component_1575a,53.345773,34.233278,3.191999912261963,15.724138259887695,53.345428466796875,34.233543395996094,3.567582368850708,1.13663649559021,0.8947235345840454
SB67598_component_1577a,51.478242,30.817685,2.7260000705718994,14.978022575378418,51.47826385498047,30.817371368408203,3.3347792625427246,1.0384641885757446,0.8174454569816589
SB67598_component_1599a,55.112482,34.802114,2.7209999561309814,11.197530746459961,55.1119499206543,34.80247116088867,3.7662575244903564,0.9178067445755005,0.722467839717865
SB67598_component_1600a,52.275499,30.510896,2.5339999198913574,13.26701545715332,52.27521896362305,30.51068687438965,4.807073593139648,0.6696664690971375,0.5271398425102234
SB67598_component_1603a,50.725893,30.260117,2.677000045776367,10.101887702941895,50.725830078125,30.259984970092773,3.6546695232391357,0.9305355548858643,0.7324875593185425
SB67598_component_1604a,53.888114,31.759085,2.678999900817871,12.28899097442627,53.887901306152344,31.758697509765625,3.834503412246704,0.8875570893287659,0.6986562609672546
SB67598_component_1605a,51.789851,34.89503,3.046999931335449,10.728872299194336,51.78939437866211,34.894649505615234,3.870729446411133,1.000028371810913,0.7871900796890259
SB67598_component_1606a,50.001986,31.859891,3.2060000896453857,15.715686798095703,50.00206756591797,31.859880447387695,4.159604072570801,0.9791387915611267,0.7707464694976807
SB67598_component_1609a,50.987619,31.879782,2.921999931335449,16.988370895385742,50.98744201660156,31.879426956176758,4.139129638671875,0.896817147731781,0.7059454917907715
SB67598_component_1610a,53.897321,34.569531,2.746000051498413,13.138755798339844,53.89738464355469,34.569541931152344,4.119016170501709,0.8469148874282837,0.6666640639305115
SB67598_component_1611a,55.711261,34.510397,2.8450000286102295,13.61244010925293,55.71119689941406,34.5101203918457,3.0393478870391846,1.1891443729400635,0.9360560774803162
SB67598_component_1612a,49.784721,31.417014,2.7090001106262207,10.070632934570312,49.784523010253906,31.4173526763916,2.818838119506836,1.2208762168884277,0.9610342979431152
SB67598_component_1615a,55.745087,34.456073,3.250999927520752,14.578474998474121,55.745201110839844,34.455596923828125,3.871885061264038,1.0666630268096924,0.8396427035331726
SB67598_component_1620a,54.786954,30.846311,2.865999937057495,13.845410346984863,54.78610610961914,30.84579849243164,2.3314244747161865,1.5616637468338013,1.229291319847107
SB67598_component_1621a,54.165419,30.422781,2.9630000591278076,13.976415634155273,54.16496658325195,30.42268180847168,2.833120346069336,1.328615665435791,1.0458433628082275
SB67598_component_1623a,50.405015,32.184094,2.7750000953674316,13.669951438903809,50.404823303222656,32.183876037597656,3.9210944175720215,0.8990594744682312,0.7077106237411499
SB67598_component_1625a,53.248688,30.440927,2.6419999599456787,12.345793724060059,53.24832534790039,30.440942764282227,3.513943672180176,0.9551481604576111,0.7518618106842041
SB67598_component_1626a,52.051305,34.575572,3.0239999294281006,14.065115928649902,52.05120086669922,34.576663970947266,2.2677388191223145,1.6940314769744873,1.3334869146347046
SB67598_component_1628a,55.383129,31.022529,2.4579999446868896,10.459574699401855,55.382930755615234,31.021596908569336,2.7705321311950684,1.1270713806152344,0.8871941566467285
SB67598_component_1633a,54.544118,32.70261,2.6740000247955322,12.49532699584961,54.54379653930664,32.701602935791016,4.14169979095459,0.8201919794082642,0.6456286311149597
SB67598_component_1639a,51.420382,31.314504,2.690999984741211,14.785714149475098,51.420284271240234,31.315021514892578,3.6529629230499268,0.935839056968689,0.7366622686386108
SB67598_component_1642a,51.025291,30.870171,2.6700000762939453,14.751381874084473,51.02538299560547,30.870418548583984,2.735360622406006,1.24002206325531,0.9761053323745728
SB67598_component_1646a,50.025379,30.926819,2.5510001182556152,11.648402214050293,50.02533721923828,30.926420211791992,4.412031650543213,0.7345216274261475,0.5781916975975037
SB67598_component_1647a,51.805788,33.364593,2.7960000038146973,14.338461875915527,51.805660247802734,33.3642692565918,2.855409622192383,1.243945837020874,0.9791939854621887
SB67598_component_1650a,51.73832,31.554357,2.9560000896453857,15.892473220825195,51.738121032714844,31.554428100585938,3.773763418197632,0.9950902462005615,0.7833029627799988
SB67598_component_1651a,51.151369,34.414543,2.6700000762939453,12.961165428161621,51.15097427368164,34.414546966552734,3.328190803527832,1.0191445350646973,0.8022376894950867
SB67598_component_1653a,50.674157,32.298054,2.808000087738037,15.260869979858398,50.673954010009766,32.297794342041016,3.638864040374756,0.9803112745285034,0.7716693878173828
SB67598_component_1654a,51.625267,34.058265,2.4609999656677246,14.476469993591309,51.625057220458984,34.058349609375,4.661993026733398,0.6706141233444214,0.5278857946395874
SB67598_component_1659a,54.080389,32.699909,2.8389999866485596,13.20465087890625,54.07974624633789,32.70016860961914,3.570127248764038,1.010216474533081,0.7952097654342651
SB67598_component_1663a,54.245561,33.881898,2.51200008392334,14.033519744873047,54.24515914916992,33.88167190551758,3.137418031692505,1.0171382427215576,0.8006584048271179
SB67598_component_1669a,53.735577,32.361172,2.8949999809265137,14.770408630371094,53.73501205444336,32.36095428466797,4.057638168334961,0.9063751101493835,0.7134692072868347
SB67598_component_1671a,51.662314,30.732214,2.865999937057495,15.57608699798584,51.66205978393555,30.73228645324707,3.363720178604126,1.0824031829833984,0.8520327806472778
SB67598_component_1672a,55.104995,34.559762,2.446000099182129,12.230000495910645,55.10464096069336,34.560218811035156,3.019000768661499,1.0292620658874512,0.81020188331604
SB67598_component_1677a,53.934211,30.4004,2.563999891281128,12.884421348571777,53.93392562866211,30.399574279785156,3.6657023429870605,0.8885738253593445,0.6994566321372986
SB67598_component_1680a,54.35292,33.831209,2.513000011444092,12.88718032836914,54.352561950683594,33.83103942871094,4.566830158233643,0.6990534067153931,0.5502722859382629
SB67598_component_1685a,54.193129,33.037933,2.7320001125335693,14.76756763458252,54.19279098510742,33.037845611572266,2.049288034439087,1.6935983896255493,1.3331459760665894
SB67598_component_1686a,52.192117,33.418115,2.759000062942505,13.934344291687012,52.19196701049805,33.41832733154297,2.7667253017425537,1.2668300867080688,0.9972078204154968
SB67598_component_1687a,53.283083,30.61385,2.753999948501587,14.967391014099121,53.282814025878906,30.613622665405273,3.0077247619628906,1.1632111072540283,0.915642261505127
SB67598_component_1690a,50.128374,34.719597,2.4149999618530273,11.285046577453613,50.12824630737305,34.719566345214844,3.5586535930633545,0.862112820148468,0.6786274313926697
SB67598_component_1695a,52.473223,33.673964,2.3889999389648438,12.442708015441895,52.47269058227539,33.673675537109375,2.586886405944824,1.1731984615325928,0.9235039949417114
SB67598_component_1697a,49.664164,33.923607,2.8350000381469727,13.829268455505371,49.664161682128906,33.923465728759766,4.9677629470825195,0.7249781489372253,0.5706794261932373
SB67598_component_1698a,50.418299,33.196627,2.628999948501587,13.413265228271484,50.418121337890625,33.19656753540039,3.566704034805298,0.9363888502120972,0.737095057964325
SB67598_component_1701a,51.623895,33.946164,2.5320000648498535,14.145251274108887,51.623695373535156,33.94590377807617,3.44587779045105,0.9334617853164673,0.7347910404205322
SB67598_component_1703a,53.3174,32.283727,2.6610000133514404,14.865921020507812,53.31724548339844,32.283119201660156,3.7921299934387207,0.8914446234703064,0.7017164826393127
SB67598_component_1706a,52.563066,30.258513,2.746000051498413,11.441667556762695,52.56279754638672,30.2579288482666,5.018223285675049,0.6951575875282288,0.5472056269645691
SB67598_component_1710a,51.777988,32.101147,2.575000047683716,15.236686706542969,51.777835845947266,32.100486755371094,3.0966696739196777,1.0563676357269287,0.8315384984016418
SB67598_component_1711a,50.379274,31.818514,2.638000011444092,13.59793758392334,50.379249572753906,31.818288803100586,4.391962051391602,0.7630428671836853,0.600642740726471
SB67598_component_1712a,50.239792,31.710322,2.815999984741211,12.800000190734863,50.239723205566406,31.710285186767578,3.3915867805480957,1.0547813177108765,0.8302898406982422
SB67598_component_1715a,52.909663,30.431189,2.6649999618530273,14.562841415405273,52.908817291259766,30.431838989257812,3.1741440296173096,1.0666042566299438,0.8395963907241821
SB67598_component_1716a,53.931874,33.780183,2.5309998989105225,14.06110954284668,53.931617736816406,33.780662536621094,3.2936389446258545,0.976222574710846,0.768450915813446
SB67598_component_1722a,53.846955,34.493356,2.2079999446868896,13.221556663513184,53.846832275390625,34.493656158447266,2.835299491882324,0.9893109798431396,0.7787536978721619
SB67598_component_1723a,51.980899,32.824003,2.742000102996826,13.848484992980957,51.98060607910156,32.8233642578125,3.1521108150482178,1.1050926446914673,0.8698933124542236
SB67598_component_1726a,51.014059,34.564588,2.364000082015991,10.600896835327148,51.013736724853516,34.56476974487305,3.2617738246917725,0.9207174181938171,0.724759042263031
SB67598_component_1729a,50.461649,34.238123,2.4000000953674316,10.859728813171387,50.461395263671875,34.23779296875,3.252667188644409,0.9373555183410645,0.7378560304641724
SB67598_component_1730a,52.779458,33.542983,2.5320000648498535,12.723618507385254,52.779083251953125,33.5427360534668,2.8288285732269287,1.1370768547058105,0.8950701951980591
SB67598_component_1733a,53.44446,33.445667,2.319999933242798,11.59999942779541,53.44386291503906,33.44548034667969,3.0531725883483887,0.9653156399726868,0.7598652839660645
SB67598_component_1734a,53.999212,34.668178,2.319999933242798,11.428571701049805,53.99899673461914,34.66804122924805,3.6018242835998535,0.8182728886604309,0.6441180109977722
SB67598_component_1742a,54.699971,34.632554,2.5409998893737793,12.964285850524902,54.69980239868164,34.63323974609375,2.222778081893921,1.452249526977539,1.143164038658142
SB67598_component_1743a,53.498031,30.95242,2.805999994277954,14.463916778564453,53.49760818481445,30.951993942260742,3.1854007244110107,1.1190675497055054,0.880893886089325
SB67598_component_1744a,51.757584,34.503976,2.6649999618530273,14.175532341003418,51.75737762451172,34.50458526611328,3.160484790802002,1.071213960647583,0.8432250618934631
SB67598_component_1745a,51.313672,34.175317,2.690999984741211,12.814286231994629,51.313053131103516,34.175682067871094,3.779240608215332,0.9045693874359131,0.712047815322876
SB67598_component_1748a,49.991439,33.599669,2.6559998989105225,13.213929176330566,49.99124526977539,33.59983825683594,2.9814836978912354,1.1316922903060913,0.8908315896987915
SB67598_component_1749a,55.916528,34.638379,2.6470000743865967,11.977375984191895,55.91619110107422,34.6386833190918,3.861450672149658,0.8708356022834778,0.6854937076568604
SB67598_component_1750a,53.884617,32.953892,2.5420000553131104,12.969388008117676,53.88374710083008,32.953433990478516,2.6375434398651123,1.2243586778640747,0.963775634765625
SB67598_component_1751a,51.182863,30.786997,2.690999984741211,14.390374183654785,51.18281173706055,30.787263870239258,3.2987613677978516,1.03632390499115,0.8157607316970825
SB67598_component_1752a,52.091941,30.584323,2.447999954223633,13.021276473999023,52.09174728393555,30.584369659423828,4.548032283782959,0.6837865710258484,0.5382547378540039
SB67598_component_1759a,51.559232,34.331722,2.5290000438690186,13.171875,51.55924987792969,34.331451416015625,3.9495694637298584,0.8134517073631287,0.6403229832649231
SB67598_component_1764a,51.319577,30.550942,2.6470000743865967,13.103960037231445,51.31941604614258,30.55115509033203,3.4979734420776367,0.9613248109817505,0.7567238807678223
SB67598_component_1770a,54.877059,33.835668,2.380000114440918,12.02020263671875,54.87705612182617,33.835594177246094,2.7361528873443604,1.1050180196762085,0.8698344826698303
SB67598_component_1778a,55.237434,34.401234,2.552000045776367,12.09478759765625,55.23735427856445,34.40078353881836,3.3213047981262207,0.9761232733726501,0.7683727145195007
SB67598_component_1783a,51.637588,30.494866,2.4230000972747803,11.165899276733398,51.63723373413086,30.494810104370117,3.8341264724731445,0.8028228282928467,0.6319562196731567
SB67598_component_1784a,54.328521,33.620784,2.1670000553131104,12.382857322692871,54.32854461669922,33.62050247192383,3.45076322555542,0.797767698764801,0.6279770135879517
SB67598_component_1785a,55.17664,33.719272,2.4130001068115234,12.311224937438965,55.17628479003906,33.71915054321289,3.610426187515259,0.8490467071533203,0.6683421730995178
SB67598_component_1791a,54.580393,31.05491,2.489000082015991,12.63451862335205,54.57979965209961,31.054658889770508,2.9705121517181396,1.0644525289535522,0.8379026651382446
SB67598_component_1794a,52.570146,31.207705,2.434999942779541,12.748690605163574,52.56990051269531,31.207223892211914,3.746610403060913,0.8256445527076721,0.6499207615852356
SB67598_component_1802a,54.17114,31.298563,2.177999973297119,10.22535228729248,54.17088317871094,31.298397064208984,3.712754249572754,0.7452369332313538,0.5866264700889587
SB67598_component_1803a,49.740097,33.50468,2.4230000972747803,11.322430610656738,49.739967346191406,33.50433349609375,4.655653953552246,0.6611582636833191,0.5204424858093262
SB67598_component_1804a,50.511405,34.688232,2.2730000019073486,10.238739013671875,50.51097869873047,34.68851852416992,3.31034517288208,0.8722859621047974,0.6866353750228882
SB67598_component_1809a,50.594697,31.097467,2.5910000801086426,12.107477188110352,50.594688415527344,31.097280502319336,3.67726469039917,0.895107626914978,0.7045998573303223
SB67598_component_1811a,53.530868,33.49086,2.4040000438690186,11.447619438171387,53.530738830566406,33.49006652832031,3.5189149379730225,0.8678774237632751,0.6831651329994202
SB67598_component_1813a,52.24186,33.231832,2.0290000438690186,11.463276863098145,52.241363525390625,33.2318229675293,2.9231231212615967,0.8817950487136841,0.6941206455230713
SB67598_component_1816a,53.907548,31.832051,2.3959999084472656,12.479166030883789,53.907283782958984,31.830963134765625,3.556673049926758,0.8558064699172974,0.6736632585525513
SB67598_component_1817a,52.165307,33.324054,2.23799991607666,11.303030014038086,52.16530227661133,33.32326889038086,3.254051446914673,0.8737121224403381,0.6877580285072327
SB67598_component_1820a,50.950321,31.184925,2.2790000438690186,12.31891918182373,50.950111389160156,31.18536949157715,3.1034226417541504,0.9329021573066711,0.7343505024909973
SB67598_component_1827a,52.666014,32.25917,2.3340001106262207,12.754098892211914,52.665531158447266,32.258819580078125,3.3873109817504883,0.8753435611724854,0.6890421509742737
SB67598_component_1828a,52.181467,33.269946,2.433000087738037,12.226131439208984,52.181175231933594,33.26988220214844,4.143057823181152,0.746025800704956,0.5872474312782288
SB67598_component_1833a,52.09039,33.055886,2.122999906539917,11.538043022155762,52.08979034423828,33.05556106567383,3.2910244464874268,0.8195049166679382,0.6450878381729126
SB67598_component_1839a,50.44259,33.480942,2.2279999256134033,12.1748628616333,50.44248962402344,33.480430603027344,3.770324945449829,0.7507046461105347,0.5909304618835449
SB67598_component_1840a,55.160527,34.138532,2.5209999084472656,12.994844436645508,55.16063690185547,34.138282775878906,2.6899070739746094,1.1906065940856934,0.937207043170929
SB67598_component_1842a,51.585586,30.786608,2.115999937057495,11.020833015441895,51.58537673950195,30.786705017089844,2.892756223678589,0.9292584657669067,0.7314822673797607
SB67598_component_1845a,53.972898,31.166167,2.178999900817871,11.907103538513184,53.97249221801758,31.16533660888672,3.2285547256469727,0.85739666223526,0.6749149560928345
SB67598_component_1852a,53.50316,33.648404,2.447999954223633,12.55384635925293,53.502960205078125,33.64857864379883,3.306222677230835,0.9406152963638306,0.7404220104217529
SB67598_component_1853a,50.40993,34.248117,2.184999942779541,10.870646476745605,50.4099235534668,34.24812316894531,2.9909400939941406,0.9280608296394348,0.7305395007133484
SB67598_component_1862a,54.668579,31.048963,2.2079999446868896,10.770731925964355,54.6680908203125,31.048322677612305,3.154172658920288,0.8892959356307983,0.7000250816345215
SB67598_component_1865a,51.624362,34.695291,2.1610000133514404,10.914141654968262,51.62403869628906,34.695518493652344,3.841564416885376,0.7146269083023071,0.5625312328338623
SB67598_component_1876a,50.421272,31.115323,2.2939999103546143,10.820754051208496,50.42121505737305,31.115365982055664,3.4372124671936035,0.8478513956069946,0.6674012541770935
SB67598_component_1879a,55.544643,34.589416,2.2690000534057617,10.313636779785156,55.544349670410156,34.589542388916016,2.6898176670074463,1.0716288089752197,0.8435516357421875
SB67598_component_1882a,50.979839,33.034184,2.2669999599456787,12.058510780334473,50.97985076904297,33.03353500366211,3.3992178440093994,0.8472376465797424,0.6669180989265442
SB67598_component_1886a,53.846853,33.443897,2.2179999351501465,11.089999198913574,53.846492767333984,33.44401931762695,3.0982680320739746,0.9094425439834595,0.7158837914466858
SB67598_component_1888a,50.617719,32.037968,2.181999921798706,11.98901081085205,50.617584228515625,32.03804016113281,2.870462656021118,0.9656851291656494,0.7601561546325684
SB67598_component_1892a,52.272484,30.58889,2.3589999675750732,11.854270935058594,52.27262496948242,30.589277267456055,2.129326343536377,1.4074028730392456,1.107862114906311
SB67598_component_1898a,53.721498,31.363985,2.4189999103546143,12.217171669006348,53.72122573852539,31.36412811279297,2.511965274810791,1.223361849784851,0.9629909992218018
SB67598_component_1899a,54.320938,32.843743,1.9550000429153442,10.235602378845215,54.320858001708984,32.842281341552734,2.492114543914795,0.9965784549713135,0.7844743728637695
SB67598_component_1903a,51.332454,31.979199,1.9800000190734863,10.36649227142334,51.33214569091797,31.978853225708008,3.5420196056365967,0.7101448774337769,0.5590031147003174
SB67598_component_1911a,51.55883,33.577392,1.9490000009536743,10.708791732788086,51.55852508544922,33.57746124267578,3.330331802368164,0.7434590458869934,0.5852269530296326
SB67598_component_1927a,54.152271,31.276644,2.315000057220459,10.971564292907715,54.1518669128418,31.276309967041016,3.2397453784942627,0.9077637195587158,0.7145623564720154
SB67598_component_1939a,54.195507,34.648559,2.319999933242798,11.047618865966797,54.195701599121094,34.647945404052734,2.9061083793640137,1.0141656398773193,0.7983184456825256
SB67598_component_1954a,51.450059,33.046021,2.1649999618530273,11.577539443969727,51.449607849121094,33.04546356201172,2.5853073596954346,1.0638452768325806,0.8374245762825012
SB67598_component_1964a,51.449612,33.225311,1.9880000352859497,10.142857551574707,51.4491081237793,33.22526931762695,3.549607753753662,0.7114898562431335,0.5600618720054626
SB67598_component_1977a,52.146947,34.406548,2.046999931335449,11.064864158630371,52.14686965942383,34.406898498535156,2.7791805267333984,0.9356939196586609,0.7365480065345764
SB67598_component_1979a,51.682445,33.420915,1.968000054359436,10.412698745727539,51.682125091552734,33.420387268066406,2.825573682785034,0.8848123550415039,0.696495771408081
SB67598_component_1980a,50.340911,31.329764,2.119999885559082,11.910111427307129,50.34087371826172,31.330425262451172,2.15084171295166,1.2521607875823975,0.9856605529785156
SB67598_component_1989a,51.666847,30.696467,2.1559998989105225,11.846153259277344,51.666961669921875,30.69571876525879,2.045665979385376,1.338895559310913,1.0539354085922241
SB67598_component_2001a,54.911926,34.280882,1.9839999675750732,10.724324226379395,54.91142654418945,34.28092575073242,2.1220169067382812,1.1877514123916626,0.9349595308303833
SB67598_component_2004a,54.94371,33.596502,2.0320000648498535,10.983783721923828,54.943748474121094,33.596290588378906,1.9912372827529907,1.296383261680603,1.0204710960388184
SB67598_component_2028a,51.390725,32.629789,1.9390000104904175,10.205263137817383,51.390281677246094,32.62922286987305,3.012763738632202,0.817608654499054,0.6435950994491577
SB67598_component_2036a,50.74362,31.583438,2.0899999141693115,11.741572380065918,50.74345397949219,31.5837345123291,2.951442241668701,0.8995901346206665,0.7081283330917358
SB67598_component_2038a,52.891342,32.456615,2.066999912261963,10.936508178710938,52.891075134277344,32.45551300048828,2.170766830444336,1.2096507549285889,0.9521980285644531
SB67598_component_2048a,51.613,31.600791,1.9839999675750732,10.174359321594238,51.61246871948242,31.6008358001709,1.9986363649368286,1.2610740661621094,0.9926767945289612
SB67598_component_2053a,53.691886,34.00297,2.055000066757202,10.759162902832031,53.691802978515625,34.00277328491211,2.1228721141815186,1.229761004447937,0.96802818775177
SB67598_component_2066a,53.220382,33.6845,1.9179999828338623,10.715083122253418,53.22003173828125,33.68486404418945,2.855252265930176,0.8533689379692078,0.6717444658279419
SB67598_component_2084a,52.722567,31.53343,1.9190000295639038,10.720670700073242,52.72211837768555,31.533111572265625,2.8900349140167236,0.8435379266738892,0.6640058159828186
SB67598_component_2099a,50.902523,31.40917,1.996000051498413,11.150837898254395,50.90245819091797,31.409042358398438,2.0356264114379883,1.2456475496292114,0.9805335998535156
SB67598_component_2100a,53.349513,31.705428,1.9529999494552612,10.119170188903809,53.34935760498047,31.70451545715332,2.682556629180908,0.9248813986778259,0.7280368208885193
SB67598_component_2104a,52.075814,31.610153,1.940999984741211,10.269841194152832,52.075748443603516,31.609394073486328,2.8489935398101807,0.8654994368553162,0.681293249130249
SB67598_component_2105a,52.753849,32.080013,2.0380001068115234,11.514124870300293,52.7534065246582,32.07865905761719,3.164750099182129,0.8180832266807556,0.6439687609672546
SB67598_component_2123a,51.142248,32.873866,1.9329999685287476,11.109195709228516,51.141788482666016,32.87325668334961,2.5556066036224365,0.9608830809593201,0.7563762068748474
SB67598_component_2131a,54.257607,33.574489,1.7669999599456787,10.51785659790039,54.25712966918945,33.57402420043945,2.867304563522339,0.782880425453186,0.6162582039833069
