Component_ID,RA,DEC,RA_comp,DEC_comp
SB66786_component_29a,98.393717,36.71307,98.393383,36.713818
SB66786_component_45a,95.870808,38.513154,95.870582,38.513836
