Component_ID,RA,DEC,RA_comp,DEC_comp
SB66895_component_2a,179.607591,24.838256,179.607448,24.838323
