Component_ID,RA,DEC,ASKAP_flux,ASKAP_flux_SNR,RA_comp,DEC_comp,Comp_flux,Flux_Ratio_AlphaCorr,Flux_Ratio_NOAlphaCorr
SB67414_component_3a,236.187424,37.218658,644.9819946289062,1688.4345703125,236.1876678466797,37.21913528442383,890.5463256835938,0.9200761914253235,0.724254310131073
SB67414_component_7a,239.542912,35.291115,476.8340148925781,600.5465698242188,239.54312133789062,35.29103469848633,567.508056640625,1.0674017667770386,0.8402242064476013
SB67414_component_10a,238.353036,36.724267,326.52301025390625,1088.4100341796875,238.3532257080078,36.72449493408203,480.39019775390625,0.8634801506996155,0.6797037124633789
SB67414_component_12a,234.309204,36.586331,314.0719909667969,887.208984375,234.30946350097656,36.586368560791016,416.91064453125,0.9570153951644897,0.7533316612243652
SB67414_component_13a,238.210729,34.504428,232.43899536132812,336.380615234375,238.2108154296875,34.50447463989258,293.01580810546875,1.0077450275421143,0.7932643294334412
SB67414_component_16a,235.956117,38.933553,187.94900512695312,671.2464599609375,235.956298828125,38.93372344970703,263.3111572265625,0.9067832231521606,0.7137905359268188
SB67414_component_17a,236.720039,34.715901,182.6999969482422,340.22344970703125,236.72024536132812,34.71584701538086,214.6642303466797,1.0812137126922607,0.8510966300964355
SB67414_component_19a,235.456746,39.611027,159.96600341796875,492.2030944824219,235.45687866210938,39.61113357543945,230.37962341308594,0.8820969462394714,0.6943582892417908
SB67414_component_24a,238.765397,38.203847,144.5189971923828,431.3999938964844,238.7654266357422,38.20416259765625,155.40631103515625,1.1813783645629883,0.9299429059028625
SB67414_component_32a,237.074485,35.191158,137.54299926757812,580.3502197265625,237.07472229003906,35.19115447998047,161.2637176513672,1.0835139751434326,0.8529072999954224
SB67414_component_34a,234.057573,38.557458,122.76699829101562,511.5291748046875,234.05758666992188,38.55783462524414,138.88693237304688,1.1229307651519775,0.8839348554611206
SB67414_component_36a,233.710415,38.568922,116.6510009765625,507.1782531738281,233.71046447753906,38.569393157958984,117.10752868652344,1.2654249668121338,0.9961016178131104
SB67414_component_37a,236.91759,39.910216,117.5790023803711,181.16949462890625,236.91748046875,39.91060256958008,191.12606811523438,0.7815244197845459,0.6151908040046692
SB67414_component_39a,233.100566,38.242011,113.3219985961914,396.2307434082031,233.10052490234375,38.24253463745117,140.1703338623047,1.0270482301712036,0.8084592223167419
SB67414_component_41a,234.09661,38.763588,111.6500015258789,485.4347839355469,234.0966339111328,38.7640495300293,115.60411071777344,1.2269254922866821,0.9657961130142212
SB67414_component_44a,232.567913,37.97476,109.18699645996094,329.8700866699219,232.5677947998047,37.97532272338867,76.32374572753906,1.8173725605010986,1.430577039718628
SB67414_component_46a,234.36483,39.327935,104.76799774169922,471.92791748046875,234.36485290527344,39.32838439941406,124.64806365966797,1.0677653551101685,0.8405104279518127
SB67414_component_47a,234.572433,37.390379,109.71600341796875,530.0289916992188,234.57264709472656,37.39066696166992,142.135009765625,0.9806219935417175,0.771914005279541
SB67414_component_48a,235.399223,37.680506,104.01399993896484,424.54693603515625,235.39947509765625,37.6808967590332,114.3486328125,1.1555627584457397,0.9096217155456543
SB67414_component_50a,239.289234,35.065516,103.5260009765625,89.86632537841797,239.28924560546875,35.065372467041016,124.40432739257812,1.0571744441986084,0.8321736454963684
SB67414_component_54a,235.780809,34.414531,100.84400177001953,115.91264343261719,235.78089904785156,34.414527893066406,106.15387725830078,1.2068322896957397,0.9499794244766235
SB67414_component_56a,235.111721,36.98523,98.03800201416016,413.6624450683594,235.11199951171875,36.98540115356445,70.89752197265625,1.756693959236145,1.3828128576278687
SB67414_component_61a,234.756838,35.512826,91.85800170898438,401.12664794921875,234.75704956054688,35.51279067993164,96.52352142333984,1.2089728116989136,0.9516644477844238
SB67414_component_64a,234.799831,34.49273,83.19599914550781,119.87895965576172,234.7999725341797,34.49265670776367,116.32086181640625,0.9086101055145264,0.7152285575866699
SB67414_component_66a,235.800424,38.800179,85.2750015258789,353.83819580078125,235.8006134033203,38.80032730102539,122.71036529541016,0.8828220963478088,0.6949290633201599
SB67414_component_67a,239.624974,36.11753,82.65299987792969,134.61399841308594,239.6251678466797,36.11756134033203,89.67633056640625,1.1708829402923584,0.9216813445091248
SB67414_component_68a,239.286503,35.164726,81.81400299072266,85.40084075927734,239.28663635253906,35.16452407836914,97.92237091064453,1.0613983869552612,0.835498571395874
SB67414_component_70a,238.438971,37.370342,84.38600158691406,353.07952880859375,238.43905639648438,37.37067413330078,105.5843276977539,1.0153216123580933,0.7992284893989563
SB67414_component_71a,237.302881,36.708176,79.43599700927734,381.9038391113281,237.3031463623047,36.70841598510742,110.06137084960938,0.9168856143951416,0.7217427492141724
SB67414_component_72a,234.513786,37.604097,78.13400268554688,361.7314758300781,234.51397705078125,37.604461669921875,103.33197784423828,0.9605899453163147,0.7561454176902771
SB67414_component_73a,237.8359,37.722876,76.93499755859375,341.9333190917969,237.83590698242188,37.723243713378906,99.91896057128906,0.9781574010848999,0.7699739336967468
SB67414_component_76a,235.466641,39.696344,78.08399963378906,241.74612426757812,235.4667510986328,39.69646072387695,122.52767944335938,0.809581458568573,0.6372764110565186
SB67414_component_79a,231.433771,36.739998,70.9020004272461,76.23870849609375,231.43377685546875,36.74051284790039,76.87512969970703,1.1716700792312622,0.9223008751869202
SB67414_component_80a,231.895777,38.710574,70.84200286865234,159.55406188964844,231.8955078125,38.71131134033203,110.33385467529297,0.8156704902648926,0.6420695185661316
SB67414_component_83a,231.663361,38.186007,67.76100158691406,124.56066131591797,231.6631317138672,38.18669509887695,81.4060287475586,1.0574405193328857,0.8323830962181091
SB67414_component_84a,236.946177,38.857737,67.68000030517578,291.7241516113281,236.94618225097656,38.858184814453125,86.68331909179688,0.9918763041496277,0.7807730436325073
SB67414_component_86a,237.888207,34.796889,66.37999725341797,184.3888702392578,237.88832092285156,34.796993255615234,84.82423400878906,0.9941456317901611,0.782559335231781
SB67414_component_88a,233.583412,37.598332,62.999000549316406,269.22650146484375,233.58338928222656,37.598663330078125,89.4727554321289,0.894490122795105,0.704113781452179
SB67414_component_94a,233.973561,36.430124,62.013999938964844,244.14959716796875,233.97381591796875,36.4301643371582,78.53755950927734,1.0031019449234009,0.789609432220459
SB67414_component_96a,233.01927,36.465143,56.11600112915039,229.04489135742188,233.01937866210938,36.46531295776367,70.93180847167969,1.005028486251831,0.7911260724067688
SB67414_component_97a,234.11642,37.701527,57.08300018310547,248.18695068359375,234.1165313720703,37.70195388793945,62.198219299316406,1.165900707244873,0.9177594184875488
SB67414_component_99a,235.340561,38.676779,56.45000076293945,260.1382751464844,235.34078979492188,38.67692947387695,68.31747436523438,1.0496991872787476,0.8262893557548523
SB67414_component_102a,235.555179,35.493951,53.85100173950195,245.89498901367188,235.55528259277344,35.49393844604492,76.79290008544922,0.8908517360687256,0.7012497186660767
SB67414_component_104a,235.354966,39.934237,54.810001373291016,90.74504089355469,235.35508728027344,39.93439483642578,92.53649139404297,0.7524531483650208,0.592306911945343
SB67414_component_105a,236.47177,39.695974,53.84700012207031,154.28939819335938,236.4717254638672,39.6963996887207,82.5332260131836,0.8288298845291138,0.652428150177002
SB67414_component_108a,239.113698,39.35498,53.87799835205078,217.25,239.11349487304688,39.3552131652832,58.020687103271484,1.179672122001648,0.9285997748374939
SB67414_component_110a,235.138233,35.640023,51.70100021362305,235.00454711914062,235.13839721679688,35.64000701904297,58.59550476074219,1.120901346206665,0.8823373317718506
SB67414_component_113a,234.44891,39.277355,52.31999969482422,223.58975219726562,234.4489288330078,39.277748107910156,66.02080535888672,1.0067453384399414,0.7924774289131165
SB67414_component_114a,233.606275,36.729203,48.91299819946289,212.6652069091797,233.6065673828125,36.72935485839844,44.37368392944336,1.4003336429595947,1.1022974252700806
SB67414_component_115a,231.764546,35.151379,51.59600067138672,87.59932708740234,231.76454162597656,35.151580810546875,63.17205047607422,1.0375852584838867,0.816753625869751
SB67414_component_116a,231.622913,34.632654,47.79499816894531,36.26327896118164,231.6229248046875,34.6328239440918,62.195640563964844,0.9762369394302368,0.7684621810913086
SB67414_component_119a,236.039791,38.005422,47.53900146484375,173.50001525878906,236.04006958007812,38.00569152832031,55.9529914855957,1.0793429613113403,0.8496239185333252
SB67414_component_121a,233.435528,39.571947,48.130001068115234,133.69444274902344,233.4354705810547,39.57259750366211,45.49662399291992,1.3439077138900757,1.0578807592391968
SB67414_component_123a,239.160449,35.810141,47.513999938964844,128.7642364501953,239.16058349609375,35.810218811035156,63.842132568359375,0.9454681873321533,0.7442420721054077
SB67414_component_126a,231.775794,37.739972,48.632999420166016,47.07938003540039,231.7757110595703,37.740699768066406,59.979217529296875,1.03006112575531,0.81083083152771
SB67414_component_127a,234.682042,35.839377,48.930999755859375,231.90048217773438,234.6822052001953,35.839359283447266,65.6052474975586,0.9474978446960449,0.7458397150039673
SB67414_component_130a,234.606295,38.101189,42.50699996948242,190.61434936523438,234.60647583007812,38.10145568847656,63.42673873901367,0.8513748049736023,0.670174777507782
SB67414_component_133a,231.528671,38.669264,41.33399963378906,66.45337677001953,231.52842712402344,38.669944763183594,32.356712341308594,1.6228402853012085,1.2774474620819092
SB67414_component_136a,235.128443,34.502957,42.24599838256836,52.414390563964844,235.12857055664062,34.502838134765625,55.85793685913086,0.9608008861541748,0.7563114762306213
SB67414_component_137a,239.991734,37.948772,43.808998107910156,38.02864456176758,239.9918212890625,37.94903564453125,72.9308853149414,0.7631054520606995,0.6006919741630554
SB67414_component_139a,232.443688,40.04663,40.89099884033203,32.22300720214844,232.44358825683594,40.04750061035156,75.82975769042969,0.6850476264953613,0.5392473936080933
SB67414_component_140a,233.960537,37.681698,40.625999450683594,184.66363525390625,233.96063232421875,37.682064056396484,46.56636428833008,1.1083180904388428,0.872432291507721
SB67414_component_142a,236.930301,35.302115,41.58399963378906,165.67330932617188,236.9305419921875,35.30217361450195,63.03529357910156,0.8380601406097412,0.6596938967704773
SB67414_component_144a,239.299629,37.359782,40.14799880981445,126.64984130859375,239.2997589111328,37.36012268066406,43.28805923461914,1.1782257556915283,0.9274612665176392
SB67414_component_147a,234.790622,36.526611,40.25400161743164,189.8773651123047,234.79087829589844,36.52666091918945,49.05501174926758,1.0424575805664062,0.8205889463424683
SB67414_component_148a,233.952615,36.451842,40.42499923706055,161.0557861328125,233.95289611816406,36.451839447021484,50.92558288574219,1.0084322690963745,0.7938053607940674
SB67414_component_150a,235.479156,38.907983,38.43899917602539,186.59707641601562,235.47933959960938,38.90811538696289,45.1947135925293,1.0804810523986816,0.8505198359489441
SB67414_component_151a,239.62642,36.58775,37.777000427246094,31.220661163330078,239.6265869140625,36.587703704833984,55.88430404663086,0.8587570786476135,0.6759858727455139
SB67414_component_152a,232.543852,34.731236,39.28300094604492,73.15270233154297,232.54391479492188,34.73120880126953,50.573394775390625,0.9867684245109558,0.7767522931098938
SB67414_component_154a,236.15911,40.065694,37.29199981689453,36.100677490234375,236.15908813476562,40.06611633300781,61.72643280029297,0.7674978971481323,0.604149580001831
SB67414_component_156a,232.739626,37.751542,35.763999938964844,139.15953063964844,232.739501953125,37.75201416015625,46.83253479003906,0.9701327085494995,0.7636571526527405
SB67414_component_158a,233.751426,38.694558,40.64699935913086,167.2716064453125,233.75143432617188,38.69504165649414,52.079410552978516,0.9915055632591248,0.7804811596870422
SB67414_component_159a,232.083704,39.049597,33.8390007019043,64.70172119140625,232.08352661132812,39.05029296875,55.43045425415039,0.7755357623100281,0.6104766726493835
SB67414_component_160a,231.927655,34.771829,35.69200134277344,68.11450958251953,231.92767333984375,34.77198791503906,34.77696990966797,1.303802728652954,1.0263113975524902
SB67414_component_165a,239.300304,38.708559,34.11600112915039,95.29608917236328,239.3001708984375,38.708858489990234,37.405818939208984,1.1586483716964722,0.9120506644248962
SB67414_component_170a,239.95259,39.687198,37.944000244140625,39.44282531738281,239.9523468017578,39.687313079833984,53.841644287109375,0.895277202129364,0.7047333121299744
SB67414_component_172a,233.883987,38.106207,36.62300109863281,184.03518676757812,233.88406372070312,38.106727600097656,48.14528274536133,0.9663465023040771,0.7606768012046814
SB67414_component_179a,237.580926,38.503613,33.79800033569336,145.05580139160156,237.58087158203125,38.504024505615234,53.39409255981445,0.8041378855705261,0.632991373538971
SB67414_component_182a,233.559211,34.317992,31.54199981689453,61.36575698852539,233.55926513671875,34.317771911621094,33.28217697143555,1.2039549350738525,0.9477144479751587
SB67414_component_183a,236.944905,36.064945,35.90999984741211,159.60000610351562,236.9451141357422,36.065086364746094,54.38669967651367,0.8387941718101501,0.6602717041969299
SB67414_component_185a,237.394515,34.36998,36.13399887084961,53.13823318481445,237.394775390625,34.3698616027832,40.355464935302734,1.1374868154525757,0.8953929543495178
SB67414_component_191a,239.043413,38.349561,32.220001220703125,84.56693267822266,239.04342651367188,38.349884033203125,42.785736083984375,0.9566636681556702,0.7530547380447388
SB67414_component_192a,232.154421,38.267588,30.922000885009766,118.93077850341797,232.1542205810547,38.2681884765625,25.04346466064453,1.5685771703720093,1.2347333431243896
SB67414_component_194a,236.169929,36.189951,30.9060001373291,147.1714324951172,236.170166015625,36.19004821777344,38.73051071166992,1.0137300491333008,0.7979755401611328
SB67414_component_196a,233.976914,38.912798,30.371999740600586,124.98765563964844,233.97691345214844,38.91325759887695,39.62845230102539,0.9736413359642029,0.7664190530776978
SB67414_component_198a,233.747143,37.836625,29.84600067138672,149.9799041748047,233.7471923828125,37.83710861206055,35.066097259521484,1.0812631845474243,0.8511354923248291
SB67414_component_202a,231.938604,37.153249,30.55699920654297,74.71148681640625,231.93856811523438,37.15373992919922,40.67377471923828,0.9543967247009277,0.7512702941894531
SB67414_component_203a,239.157801,35.851215,29.68600082397461,99.61744689941406,239.15786743164062,35.85096740722656,35.09199523925781,1.0746729373931885,0.8459479212760925
SB67414_component_206a,234.013067,39.760692,28.79199981689453,73.2620849609375,234.0131072998047,39.761207580566406,42.98147201538086,0.8509876132011414,0.6698700189590454
SB67414_component_209a,238.352149,35.368939,28.89699935913086,116.52015686035156,238.3521728515625,35.369083404541016,36.531070709228516,1.0049004554748535,0.7910252213478088
SB67414_component_211a,236.975174,35.311537,31.915000915527344,141.21682739257812,236.9752197265625,35.31147003173828,28.144790649414062,1.4405540227890015,1.1339576244354248
SB67414_component_213a,237.831241,37.470981,28.472000122070312,126.54222869873047,237.8313446044922,37.47132873535156,31.163663864135742,1.1606523990631104,0.9136281609535217
SB67414_component_215a,236.767799,37.719819,28.540000915527344,137.87440490722656,236.7679901123047,37.720272064208984,37.03451156616211,0.9789941310882568,0.7706325650215149
SB67414_component_216a,234.421163,37.810522,26.492000579833984,124.96226501464844,234.42129516601562,37.81098556518555,38.423072814941406,0.8759016990661621,0.6894815564155579
SB67414_component_217a,238.736475,36.657917,27.101999282836914,97.48920440673828,238.7366943359375,36.65816879272461,20.142175674438477,1.7093368768692017,1.3455348014831543
SB67414_component_223a,235.26052,35.016428,27.195999145507812,100.72592163085938,235.2606658935547,35.016502380371094,36.369869232177734,0.9499396085739136,0.7477617859840393
SB67414_component_224a,233.6131,34.731553,27.422000885009766,70.31282806396484,233.6132049560547,34.731449127197266,17.218368530273438,2.023204803466797,1.5926015377044678
SB67414_component_225a,233.678769,37.02119,26.166000366210938,127.01941680908203,233.6790313720703,37.021244049072266,37.99486541748047,0.8748732805252075,0.6886720061302185
SB67414_component_226a,233.720472,36.512065,27.014999389648438,124.49308776855469,233.72068786621094,36.51206588745117,35.04523468017578,0.9792841076850891,0.7708608508110046
SB67414_component_229a,233.759727,37.202113,27.0049991607666,122.19456481933594,233.75990295410156,37.202335357666016,34.80633544921875,0.9856405854225159,0.7758644819259644
SB67414_component_231a,234.837701,34.968319,25.590999603271484,108.43643951416016,234.83786010742188,34.9682502746582,32.01116943359375,1.015589952468872,0.7994396686553955
SB67414_component_232a,238.828555,38.208339,25.812999725341797,82.73397064208984,238.82858276367188,38.208778381347656,34.99858856201172,0.9369592070579529,0.7375440001487732
SB67414_component_238a,234.705417,34.448885,25.219999313354492,29.428237915039062,234.70556640625,34.44886779785156,30.983617782592773,1.0340598821640015,0.8139784932136536
SB67414_component_239a,239.098255,37.369708,26.018999099731445,98.93154907226562,239.09837341308594,37.37004470825195,32.836761474609375,1.0066139698028564,0.7923740744590759
SB67414_component_240a,234.963943,37.829083,24.757999420166016,114.620361328125,234.96408081054688,37.82941436767578,33.23999786376953,0.9462094902992249,0.744825541973114
SB67414_component_244a,231.925825,36.754554,25.790000915527344,85.96666717529297,231.9258575439453,36.755027770996094,34.46903991699219,0.9505060911178589,0.748207688331604
SB67414_component_246a,239.1406,35.299334,23.972999572753906,40.02170181274414,239.1407928466797,35.29922866821289,20.06423568725586,1.5178626775741577,1.194812536239624
SB67414_component_248a,233.1197,34.458595,21.799999237060547,22.22222137451172,233.1197052001953,34.45843505859375,27.760478973388672,0.9976133108139038,0.7852889895439148
SB67414_component_249a,233.158738,37.648528,23.395000457763672,109.83568572998047,233.15866088867188,37.64872741699219,28.133106231689453,1.056423544883728,0.8315825462341309
SB67414_component_251a,233.696637,37.264934,23.822999954223633,108.78082275390625,233.69667053222656,37.26517105102539,25.30748748779297,1.195859432220459,0.9413419365882874
SB67414_component_252a,234.986622,39.652324,24.47599983215332,75.543212890625,234.98672485351562,39.6524543762207,28.139829635620117,1.1049730777740479,0.8697991371154785
SB67414_component_253a,234.076759,39.30786,23.743999481201172,98.93333435058594,234.07675170898438,39.3084716796875,23.14920997619629,1.3030179738998413,1.0256937742233276
SB67414_component_254a,238.501284,37.916475,23.48900032043457,103.02193450927734,238.50120544433594,37.91682052612305,28.2999324798584,1.0544155836105347,0.8300020098686218
SB67414_component_257a,236.368171,37.519788,22.881000518798828,113.83582305908203,236.36837768554688,37.52019119262695,30.39463233947754,0.9563366770744324,0.7527974247932434
SB67414_component_260a,238.781993,37.97327,22.683000564575195,84.0111083984375,238.78201293945312,37.973575592041016,28.033689498901367,1.027904987335205,0.8091335892677307
SB67414_component_261a,236.735555,34.915856,23.239999771118164,75.45454406738281,236.73577880859375,34.915794372558594,25.51641082763672,1.157042384147644,0.9107863903045654
SB67414_component_263a,235.643077,39.277472,23.84600067138672,103.22943878173828,235.64317321777344,39.277645111083984,32.520259857177734,0.9315244555473328,0.7332659959793091
SB67414_component_264a,237.579703,35.024524,23.229999542236328,78.47972869873047,237.579833984375,35.02457809448242,29.07514762878418,1.0149857997894287,0.7989641427993774
SB67414_component_267a,239.899939,39.076631,22.007999420166016,37.17567443847656,239.89971923828125,39.07659149169922,27.866352081298828,1.003305435180664,0.7897696495056152
SB67414_component_268a,237.385749,36.295695,23.367000579833984,104.78475189208984,237.385986328125,36.295780181884766,30.972810745239258,0.9584182500839233,0.7544358968734741
SB67414_component_271a,240.086192,39.480777,21.798999786376953,22.01919174194336,240.08602905273438,39.480751037597656,27.348285675048828,1.0126029253005981,0.7970883250236511
SB67414_component_273a,238.492865,39.58958,23.17300033569336,62.29301071166992,238.49270629882812,39.59002685546875,34.8266487121582,0.8452852964401245,0.6653813123703003
SB67414_component_274a,239.745558,39.354434,23.593000411987305,52.89910125732422,239.74526977539062,39.354488372802734,29.18765640258789,1.0268727540969849,0.8083211779594421
SB67414_component_278a,234.549357,35.130842,23.05500030517578,92.22000122070312,234.54953002929688,35.13081741333008,31.804609298706055,0.9208900332450867,0.7248949408531189
SB67414_component_279a,234.292933,38.452245,22.290000915527344,95.66524505615234,234.29302978515625,38.45272445678711,27.760513305664062,1.0200355052947998,0.8029390573501587
SB67414_component_281a,231.575637,38.393424,20.964000701904297,34.25490188598633,231.57540893554688,38.39414978027344,18.31586456298828,1.4540504217147827,1.1445815563201904
SB67414_component_282a,235.875661,37.355415,22.275999069213867,104.09345245361328,235.8759307861328,37.355934143066406,27.96088981628418,1.012089490890503,0.796684205532074
SB67414_component_283a,238.275578,36.090494,23.621999740600586,94.86746978759766,238.27554321289062,36.090538024902344,32.74575424194336,0.9164196252822876,0.7213759422302246
SB67414_component_285a,233.524451,35.776176,21.632999420166016,83.52509307861328,233.5244598388672,35.77628707885742,22.939178466796875,1.1980408430099487,0.9430590271949768
SB67414_component_287a,238.400745,37.122144,21.68000030517578,100.83721160888672,238.4009246826172,37.122501373291016,23.105886459350586,1.1919810771942139,0.9382890462875366
SB67414_component_288a,238.590958,35.557177,20.391000747680664,72.05300903320312,238.59109497070312,35.55721664428711,28.554706573486328,0.90718013048172,0.7141029834747314
SB67414_component_291a,231.60219,34.936463,19.910999298095703,22.24692726135254,231.60215759277344,34.93661117553711,14.779685020446777,1.7114356756210327,1.3471870422363281
SB67414_component_294a,237.351198,34.688687,21.454999923706055,47.25770950317383,237.3513641357422,34.688568115234375,22.896730422973633,1.1903859376907349,0.9370333552360535
SB67414_component_295a,232.170821,36.862849,22.27400016784668,89.09600067138672,232.17083740234375,36.86317825317383,28.778980255126953,0.9832309484481812,0.7739676833152771
SB67414_component_296a,236.812227,34.447233,21.035999298095703,25.970369338989258,236.81248474121094,34.44731521606445,19.418901443481445,1.3761671781539917,1.083274483680725
SB67414_component_299a,234.392295,36.606255,22.865999221801758,91.46399688720703,234.39260864257812,36.60628890991211,28.71082305908203,1.0117594003677368,0.796424388885498
SB67414_component_301a,235.395051,38.369403,20.95800018310547,62.748504638671875,235.3953399658203,38.36964797973633,26.1218204498291,1.019246220588684,0.80231773853302
SB67414_component_302a,236.396225,36.533796,20.547000885009766,106.46114349365234,236.39657592773438,36.5341796875,23.145267486572266,1.1277658939361572,0.8877409100532532
SB67414_component_308a,235.666537,38.04347,19.867000579833984,85.26609802246094,235.6668243408203,38.04374313354492,24.731731414794922,1.0204941034317017,0.8033000230789185
SB67414_component_309a,234.581872,35.570771,20.47800064086914,97.9808578491211,234.58200073242188,35.5706787109375,27.530092239379883,0.9449581503868103,0.7438406348228455
SB67414_component_310a,231.512605,38.233713,20.893999099731445,29.55303955078125,231.5123748779297,38.234676361083984,23.32411766052246,1.1380177736282349,0.8958109021186829
SB67414_component_311a,232.531018,37.591866,20.344999313354492,65.0,232.5309600830078,37.59210205078125,23.517549514770508,1.0990015268325806,0.8650985956192017
SB67414_component_314a,239.041676,37.200505,19.847000122070312,74.33333587646484,239.0417938232422,37.20078659057617,25.477291107177734,0.9896333813667297,0.7790074944496155
SB67414_component_316a,235.229558,34.504507,21.667999267578125,23.075611114501953,235.23020935058594,34.503753662109375,17.045154571533203,1.6149184703826904,1.2712116241455078
SB67414_component_318a,234.269771,38.161668,18.95599937438965,90.26667022705078,234.2698974609375,38.16213607788086,25.30193328857422,0.9517561197280884,0.7491917610168457
SB67414_component_319a,239.336868,35.206321,21.246000289916992,19.893259048461914,239.33697509765625,35.206268310546875,26.378198623657227,1.0232099294662476,0.8054378628730774
SB67414_component_322a,233.252563,36.988155,20.239999771118164,93.27188873291016,233.252685546875,36.988319396972656,24.41421127319336,1.0531749725341797,0.8290253281593323
SB67414_component_324a,234.172452,36.451904,18.538999557495117,80.6043472290039,234.17279052734375,36.451873779296875,20.01045799255371,1.1769607067108154,0.9264655113220215
SB67414_component_328a,234.879625,36.861367,18.486000061035156,90.17561340332031,234.87986755371094,36.86140441894531,25.98786735534668,0.9036599397659302,0.7113319635391235
SB67414_component_331a,233.643763,37.122085,19.02199935913086,84.54222106933594,233.6439971923828,37.12220764160156,25.142410278320312,0.9611296653747559,0.7565702199935913
SB67414_component_333a,232.98181,39.314745,18.327999114990234,77.33332824707031,232.98165893554688,39.31559371948242,14.04782485961914,1.6574432849884033,1.3046859502792358
SB67414_component_337a,238.640252,35.878243,18.089000701904297,68.5189437866211,238.64041137695312,35.87843704223633,22.635597229003906,1.0152087211608887,0.7991395592689514
SB67414_component_338a,235.975008,39.607598,18.070999145507812,57.186702728271484,235.97511291503906,39.607948303222656,26.25098419189453,0.8745191097259521,0.6883931756019592
SB67414_component_339a,238.2225,34.779493,17.913000106811523,47.38888931274414,238.2225341796875,34.77983474731445,20.670185089111328,1.1009223461151123,0.8666105270385742
SB67414_component_342a,233.441809,35.284713,18.44700050354004,76.54357147216797,233.44175720214844,35.28453826904297,15.513111114501953,1.5106351375579834,1.1891231536865234
SB67414_component_343a,236.14358,38.618485,18.1200008392334,82.36363983154297,236.14382934570312,38.61885452270508,22.3481502532959,1.0300287008285522,0.8108053803443909
SB67414_component_346a,239.161445,37.694998,17.81999969482422,77.47825622558594,239.1614227294922,37.69540023803711,19.616886138916016,1.1540119647979736,0.9084010124206543
SB67414_component_350a,231.867371,36.461701,18.040000915527344,35.0972785949707,231.86746215820312,36.46208572387695,31.938068389892578,0.7175639867782593,0.5648431777954102
SB67414_component_352a,236.021523,34.388811,17.391000747680664,19.474803924560547,236.0215301513672,34.38911056518555,19.786191940307617,1.116593360900879,0.8789463043212891
SB67414_component_357a,238.181489,36.828942,16.854999542236328,79.50471496582031,238.181640625,36.829219818115234,19.428071975708008,1.1021273136138916,0.867559015750885
SB67414_component_358a,232.558022,39.313667,17.743999481201172,52.497039794921875,232.55792236328125,39.31423568725586,25.685073852539062,0.8776137232780457,0.6908292174339294
SB67414_component_360a,236.870055,34.519596,17.902000427246094,26.172513961791992,236.87026977539062,34.51940155029297,21.133691787719727,1.076115608215332,0.8470834493637085
SB67414_component_361a,237.820298,35.578145,17.63800048828125,81.65740966796875,237.82041931152344,35.578433990478516,23.28447914123535,0.9623112082481384,0.7575003504753113
SB67414_component_362a,238.284947,36.882928,16.96500015258789,69.2448959350586,238.28494262695312,36.882930755615234,20.687593460083008,1.0417814254760742,0.8200567364692688
SB67414_component_364a,232.025381,36.874675,16.81800079345703,59.010528564453125,232.02536010742188,36.87510681152344,23.509794235229492,0.908778965473175,0.715361475944519
SB67414_component_365a,234.787139,34.737672,16.68000030517578,48.20809555053711,234.7871551513672,34.73756408691406,18.687049865722656,1.1339346170425415,0.8925967812538147
SB67414_component_366a,234.618382,36.202168,16.948999404907227,83.49260711669922,234.61871337890625,36.20206832885742,23.613677978515625,0.9118284583091736,0.7177619338035583
SB67414_component_371a,237.833079,40.145334,16.67300033569336,18.775901794433594,237.83265686035156,40.14630889892578,21.572534561157227,0.9818503856658936,0.7728809118270874
SB67414_component_375a,232.252442,34.537403,16.597999572753906,23.509916305541992,232.25253295898438,34.5375862121582,18.619882583618164,1.1324304342269897,0.8914126753807068
SB67414_component_378a,239.611078,39.117038,18.066999435424805,51.619998931884766,239.61090087890625,39.117279052734375,25.278215408325195,0.9079717397689819,0.7147260904312134
SB67414_component_380a,232.195381,35.794876,16.645999908447266,38.443416595458984,232.1952667236328,35.79536819458008,13.731640815734863,1.5399980545043945,1.212236762046814
SB67414_component_381a,237.457935,34.568537,15.560999870300293,24.700000762939453,237.4579620361328,34.56853485107422,17.17156410217285,1.1512254476547241,0.9062075018882751
SB67414_component_382a,237.525061,38.386532,16.4689998626709,69.78389739990234,237.52511596679688,38.38711166381836,21.24936294555664,0.9845868945121765,0.7750349640846252
SB67414_component_390a,233.339869,36.549583,15.571999549865723,76.33333587646484,233.34002685546875,36.549766540527344,20.339113235473633,0.9726241827011108,0.7656183838844299
SB67414_component_393a,236.71621,39.26229,15.420000076293945,65.06329345703125,236.7161407470703,39.26253128051758,18.61276626586914,1.0524613857269287,0.828463613986969
SB67414_component_394a,236.525488,36.521837,14.78600025177002,68.7720947265625,236.5257568359375,36.52222442626953,18.642778396606445,1.0075643062591553,0.7931221127510071
SB67414_component_395a,235.979443,36.863826,15.569000244140625,79.03045654296875,235.9796905517578,36.864498138427734,21.911130905151367,0.9026691913604736,0.7105520963668823
SB67414_component_396a,236.582526,37.693093,16.68600082397461,75.845458984375,236.58294677734375,37.69385528564453,23.46970558166504,0.9031863212585449,0.7109590768814087
SB67414_component_398a,235.14857,39.546864,15.227999687194824,61.15662384033203,235.14869689941406,39.54716491699219,19.341163635253906,1.0002140998840332,0.7873362898826599
SB67414_component_401a,232.59787,37.785442,15.468000411987305,60.89763641357422,232.59767150878906,37.785888671875,21.996917724609375,0.8933159112930298,0.7031894326210022
SB67414_component_403a,240.08889,39.230104,14.569999694824219,15.958378791809082,240.0886688232422,39.2300910949707,16.865211486816406,1.0974897146224976,0.8639085292816162
SB67414_component_404a,238.163483,35.080802,14.58899974822998,56.988277435302734,238.1635284423828,35.08082580566406,24.7423095703125,0.7490624189376831,0.5896377563476562
SB67414_component_405a,238.490125,38.163865,14.772000312805176,55.11940383911133,238.49012756347656,38.164485931396484,21.27815055847168,0.8819381594657898,0.6942332983016968
SB67414_component_406a,234.925854,37.38315,15.116999626159668,67.78923797607422,234.92601013183594,37.383399963378906,16.997846603393555,1.1298073530197144,0.8893479108810425
SB67414_component_407a,234.877325,38.764227,15.458999633789062,69.95022583007812,234.87745666503906,38.764549255371094,21.25190544128418,0.9240941405296326,0.7274171113967896
SB67414_component_411a,239.518068,36.585548,14.425999641418457,15.748908042907715,239.51834106445312,36.58584213256836,17.952524185180664,1.020829200744629,0.8035638332366943
SB67414_component_413a,236.384091,36.90888,14.907999992370605,66.85201263427734,236.38441467285156,36.90925598144531,18.693506240844727,1.0131210088729858,0.7974961996078491
SB67414_component_417a,232.422982,34.908623,14.071000099182129,34.40342330932617,232.42300415039062,34.908599853515625,25.642126083374023,0.6971137523651123,0.5487454533576965
SB67414_component_419a,232.08595,37.486459,14.654000282287598,25.265518188476562,232.08570861816406,37.486995697021484,22.942384719848633,0.8114286661148071,0.6387304663658142
SB67414_component_420a,236.550825,36.417945,14.85200023651123,69.07907104492188,236.55111694335938,36.418212890625,21.879892349243164,0.862328052520752,0.6787967681884766
SB67414_component_421a,232.20217,38.701731,15.225000381469727,52.68165969848633,232.2020263671875,38.702388763427734,22.983110427856445,0.8415525555610657,0.6624429821968079
SB67414_component_422a,234.460779,37.595979,14.838000297546387,73.4554443359375,234.46087646484375,37.596282958984375,19.34266471862793,0.9745222926139832,0.7671124935150146
SB67414_component_424a,237.357864,36.234272,14.331000328063965,68.89904022216797,237.35816955566406,36.23457717895508,14.028022766113281,1.2978148460388184,1.021597981452942
SB67414_component_425a,233.126505,34.798781,14.083000183105469,33.214622497558594,233.1265411376953,34.79877853393555,19.233776092529297,0.9301721453666687,0.7322015166282654
SB67414_component_428a,236.946754,37.152761,14.246000289916992,74.19791412353516,236.94700622558594,37.153202056884766,18.742307662963867,0.9656118750572205,0.7600985169410706
SB67414_component_429a,237.05483,39.934407,15.13700008392334,21.501420974731445,237.05482482910156,39.93504333496094,24.314401626586914,0.7908769845962524,0.6225528717041016
SB67414_component_430a,237.626712,38.963833,13.519000053405762,70.41146087646484,237.62669372558594,38.96421813964844,17.925676345825195,0.9580799341201782,0.7541695833206177
SB67414_component_435a,234.84967,36.735466,13.652999877929688,71.48167419433594,234.84999084472656,36.73573684692383,17.302087783813477,1.0024490356445312,0.7890955209732056
SB67414_component_436a,233.087661,37.925923,13.852999687194824,66.28229522705078,233.08770751953125,37.926422119140625,13.17979907989502,1.335265874862671,1.051078200340271
SB67414_component_437a,233.711599,36.962014,14.03600025177002,62.382225036621094,233.712158203125,36.96196746826172,17.44869613647461,1.0219111442565918,0.8044154047966003
SB67414_component_438a,239.394363,38.341529,14.5600004196167,21.47492790222168,239.3944854736328,38.34187316894531,17.890220642089844,1.0338996648788452,0.8138524889945984
SB67414_component_439a,231.66205,38.999741,14.300000190734863,14.200596809387207,231.66171264648438,39.00059127807617,17.859315872192383,1.017194390296936,0.8007025718688965
SB67414_component_442a,239.574066,39.821927,13.92199993133545,19.831907272338867,239.57394409179688,39.82221984863281,19.552732467651367,0.9045381546020508,0.7120232582092285
SB67414_component_445a,233.13479,39.87652,14.378000259399414,26.047101974487305,233.1346893310547,39.87736511230469,18.533077239990234,0.9855613708496094,0.7758020758628845
SB67414_component_451a,236.437079,35.616056,13.138999938964844,61.685447692871094,236.43736267089844,35.616119384765625,18.886676788330078,0.8837704658508301,0.6956756114959717
SB67414_component_452a,232.388662,34.864832,12.562999725341797,29.84085464477539,232.38873291015625,34.864898681640625,14.551858901977539,1.0967499017715454,0.8633261322975159
SB67414_component_454a,239.444617,35.778589,13.567000389099121,27.973196029663086,239.44464111328125,35.77857208251953,14.785460472106934,1.1656862497329712,0.9175906777381897
SB67414_component_457a,235.859028,37.567869,12.572999954223633,56.635135650634766,235.85931396484375,37.5684700012207,16.2979793548584,0.9800266027450562,0.7714453339576721
SB67414_component_460a,237.44191,38.14832,12.939000129699707,59.626731872558594,237.44187927246094,38.14882278442383,14.876581192016602,1.1049187183380127,0.869756281375885
SB67414_component_464a,239.70269,38.947072,12.513999938964844,24.63385772705078,239.7025146484375,38.947364807128906,15.116495132446289,1.0516657829284668,0.8278374075889587
SB67414_component_465a,238.555452,34.396743,13.427000045776367,13.44044017791748,238.55555725097656,34.39686965942383,14.71316909790039,1.1593257188796997,0.9125838279724121
SB67414_component_467a,235.835293,34.393523,12.73799991607666,13.8607177734375,235.83551025390625,34.393489837646484,15.577646255493164,1.0388004779815674,0.8177101612091064
SB67414_component_468a,237.970819,38.95014,13.965999603271484,55.86399841308594,237.9707489013672,38.95070266723633,17.862163543701172,0.9932776689529419,0.7818761467933655
SB67414_component_472a,233.823017,34.758747,11.621999740600586,30.664905548095703,233.82321166992188,34.75839614868164,14.15007209777832,1.043409824371338,0.8213385343551636
SB67414_component_474a,232.82227,38.144794,12.442000389099121,53.17094421386719,232.82223510742188,38.145511627197266,12.929341316223145,1.2224934101104736,0.9623073935508728
SB67414_component_476a,235.641768,34.55599,11.342000007629395,18.966554641723633,235.64181518554688,34.556068420410156,10.837660789489746,1.3294954299926758,1.046535849571228
SB67414_component_477a,237.050839,37.674297,11.887999534606934,54.783409118652344,237.05101013183594,37.67462158203125,16.963932037353516,0.8902561068534851,0.7007809281349182
SB67414_component_478a,238.639456,36.041538,12.286999702453613,47.996089935302734,238.63951110839844,36.04159927368164,15.330769538879395,1.01815664768219,0.8014600872993469
SB67414_component_483a,239.764713,35.819014,12.814000129699707,15.66503620147705,239.76466369628906,35.81897735595703,18.420392990112305,0.8837278485298157,0.6956420540809631
SB67414_component_485a,239.215877,35.186165,13.116000175476074,16.858612060546875,239.2159423828125,35.185943603515625,16.025136947631836,1.039758324623108,0.8184641599655151
SB67414_component_487a,231.529353,38.37237,11.586999893188477,17.6362247467041,231.52920532226562,38.3731575012207,16.12501335144043,0.9128588438034058,0.7185730338096619
SB67414_component_490a,238.073975,38.790408,11.607999801635742,53.24770736694336,238.0737762451172,38.790470123291016,14.087568283081055,1.0467767715454102,0.8239889144897461
SB67414_component_491a,238.902302,39.659949,11.479000091552734,31.108402252197266,238.9020538330078,39.66046142578125,12.091824531555176,1.205993413925171,0.9493191242218018
SB67414_component_492a,236.605217,36.886556,11.154000282287598,58.39790725708008,236.6053466796875,36.88682174682617,15.995267868041992,0.8858737945556641,0.6973312497138977
SB67414_component_494a,234.948421,36.326399,12.935999870300293,54.35293960571289,234.94874572753906,36.32640075683594,14.102914810180664,1.1652626991271973,0.9172571897506714
SB67414_component_497a,232.306816,38.204217,11.359999656677246,41.30908966064453,232.30642700195312,38.20511245727539,12.4244384765625,1.1615402698516846,0.9143270254135132
SB67414_component_502a,233.178165,39.295323,11.685999870300293,52.87782669067383,233.17787170410156,39.2959098815918,14.234094619750977,1.0429625511169434,0.8209865093231201
SB67414_component_504a,232.707152,35.951805,11.831999778747559,44.6490592956543,232.70729064941406,35.95197296142578,12.275911331176758,1.2244389057159424,0.9638388156890869
SB67414_component_505a,232.91109,37.056122,12.756999969482422,56.446903228759766,232.91111755371094,37.056331634521484,20.330121994018555,0.7971522808074951,0.6274925470352173
SB67414_component_506a,237.985634,39.678775,11.736000061035156,30.483118057250977,237.9857177734375,39.679054260253906,16.61691665649414,0.8972271084785461,0.7062681913375854
SB67414_component_507a,232.942237,37.328324,11.795000076293945,53.85844802856445,232.942138671875,37.329437255859375,12.04249382019043,1.2442688941955566,0.9794483184814453
SB67414_component_508a,234.666927,36.859605,11.315999984741211,58.0307731628418,234.66726684570312,36.85972213745117,10.680444717407227,1.3459727764129639,1.0595064163208008
SB67414_component_509a,234.46669,39.415096,12.484999656677246,50.140560150146484,234.46682739257812,39.415565490722656,19.49936866760254,0.8133935332298279,0.6402771472930908
SB67414_component_510a,236.032549,35.028607,10.845999717712402,37.65972137451172,236.03256225585938,35.0284538269043,14.847390174865723,0.9280089735984802,0.730498731136322
SB67414_component_513a,231.888723,39.468942,11.852999687194824,11.948588371276855,231.88853454589844,39.46971130371094,10.716347694396973,1.4051225185394287,1.1060670614242554
SB67414_component_515a,232.025205,38.560496,11.890000343322754,40.30508804321289,232.02496337890625,38.561256408691406,17.860204696655273,0.8457229733467102,0.6657258868217468
SB67414_component_516a,238.157423,39.878181,12.468999862670898,20.176376342773438,238.15771484375,39.878971099853516,21.096227645874023,0.7508609890937805,0.5910535454750061
SB67414_component_518a,239.867081,38.796419,11.887999534606934,13.969447135925293,239.8668975830078,38.79618835449219,7.461684703826904,2.023972511291504,1.5932058095932007
SB67414_component_519a,235.240943,36.094718,11.008000373840332,57.63351058959961,235.2411651611328,36.09481430053711,13.70916748046875,1.020070195198059,0.8029663562774658
SB67414_component_520a,236.90041,36.673961,11.352999687194824,53.805686950683594,236.9006805419922,36.673980712890625,6.640716075897217,2.1718430519104004,1.7096047401428223
SB67414_component_521a,237.664559,39.085636,11.241999626159668,54.57281494140625,237.6644287109375,39.08599090576172,12.63620662689209,1.1302109956741333,0.8896657228469849
SB67414_component_523a,237.747551,39.841006,11.293000221252441,24.39093017578125,237.74716186523438,39.84150695800781,19.339725494384766,0.7418084144592285,0.5839276313781738
SB67414_component_524a,232.228686,37.970065,10.664999961853027,32.220542907714844,232.228515625,37.97071838378906,15.069263458251953,0.8990866541862488,0.7077320218086243
SB67414_component_525a,236.386565,37.304807,11.305999755859375,52.101383209228516,236.38682556152344,37.305381774902344,15.61392879486084,0.9198764562606812,0.7240970730781555
SB67414_component_526a,236.985096,39.088807,11.63700008392334,51.95089340209961,236.98513793945312,39.08917236328125,15.843385696411133,0.9330947399139404,0.7345020771026611
SB67414_component_527a,231.878678,39.160976,11.157999992370605,15.605594635009766,231.8783721923828,39.161678314208984,16.403486251831055,0.864137589931488,0.6802212595939636
SB67414_component_533a,232.627887,35.468128,11.305999755859375,45.043827056884766,232.62794494628906,35.46822738647461,14.461929321289062,0.9931513667106628,0.7817767262458801
SB67414_component_534a,232.092256,34.780655,10.944999694824219,24.485458374023438,232.0922393798828,34.78083801269531,13.598335266113281,1.022498607635498,0.8048779368400574
SB67414_component_536a,235.329485,35.394884,10.930000305175781,42.86274719238281,235.32943725585938,35.39500427246094,13.552374839782715,1.0245602130889893,0.8065007328987122
SB67414_component_539a,236.752823,37.049041,10.607999801635742,50.514286041259766,236.75308227539062,37.049373626708984,14.849363327026367,0.9075245261192322,0.7143740653991699
SB67414_component_542a,235.295979,35.631787,10.79699993133545,52.92647171020508,235.29617309570312,35.63189697265625,13.674636840820312,1.0030441284179688,0.7895639538764954
SB67414_component_543a,233.133593,36.920098,11.225000381469727,53.708133697509766,233.13365173339844,36.920223236083984,12.92212200164795,1.1035327911376953,0.8686653971672058
SB67414_component_546a,236.593644,35.543283,10.447999954223633,48.5953483581543,236.59373474121094,35.54322052001953,8.016916275024414,1.6556118726730347,1.3032442331314087
SB67414_component_547a,231.580616,36.309599,10.86299991607666,11.017241477966309,231.58070373535156,36.30998611450195,8.320942878723145,1.658478856086731,1.305501103401184
SB67414_component_548a,236.21422,39.745628,10.88700008392334,30.410614013671875,236.21405029296875,39.745872497558594,16.917919158935547,0.8175117373466492,0.64351886510849
SB67414_component_553a,235.164055,36.207304,11.218000411987305,57.23469924926758,235.1643829345703,36.20743179321289,14.425556182861328,0.9879059791564941,0.7776476740837097
SB67414_component_556a,235.618774,38.830987,10.157999992370605,41.802467346191406,235.6187744140625,38.830726623535156,7.846639633178711,1.6445883512496948,1.2945668697357178
SB67414_component_559a,236.712313,36.826956,10.072999954223633,44.768890380859375,236.7124786376953,36.827274322509766,12.270469665527344,1.0428705215454102,0.8209139704704285
SB67414_component_560a,236.525168,34.740346,10.88599967956543,26.358352661132812,236.52548217773438,34.740230560302734,9.537610054016113,1.4499781131744385,1.14137601852417
SB67414_component_562a,235.103246,36.527796,11.199000358581543,51.608299255371094,235.103515625,36.5278205871582,14.631074905395508,0.9723793864250183,0.7654256820678711
SB67414_component_563a,235.074948,36.986216,10.4399995803833,46.1946907043457,235.07513427734375,36.98641586303711,12.731880187988281,1.041695237159729,0.8199888467788696
SB67414_component_564a,239.018972,38.821065,10.390999794006348,43.116180419921875,239.0187225341797,38.821266174316406,15.196805953979492,0.8686357736587524,0.6837620735168457
SB67414_component_568a,236.850295,36.79937,10.616000175476074,54.4410285949707,236.8505401611328,36.79966735839844,17.202739715576172,0.7839637994766235,0.6171110272407532
SB67414_component_571a,232.434907,39.482235,9.307000160217285,22.372596740722656,232.4348602294922,39.48305892944336,13.76054573059082,0.8592247366905212,0.6763539910316467
SB67414_component_572a,237.504128,35.59059,9.96500015258789,42.95258712768555,237.50430297851562,35.59056091308594,13.230607986450195,0.9568198919296265,0.7531778216362
SB67414_component_573a,231.683334,38.459984,10.527000427246094,23.085527420043945,231.68309020996094,38.46063232421875,12.809211730957031,1.044034719467163,0.8218304514884949
SB67414_component_576a,234.98519,39.166059,10.027000427246094,44.36725997924805,234.9849853515625,39.16627883911133,11.904747009277344,1.0699994564056396,0.8422690629959106
SB67414_component_577a,235.06631,39.633076,9.522000312805176,31.846155166625977,235.06607055664062,39.63330841064453,11.69242000579834,1.0345619916915894,0.814373791217804
SB67414_component_578a,236.995407,34.439163,10.984999656677246,13.852458953857422,236.9957275390625,34.43910217285156,11.91050910949707,1.1716622114181519,0.9222947359085083
SB67414_component_580a,234.973353,38.535182,10.468999862670898,50.331729888916016,234.97360229492188,38.535484313964844,14.235072135925293,0.9342826008796692,0.7354370951652527
SB67414_component_587a,236.144948,36.106978,10.088000297546387,48.97087478637695,236.1452178955078,36.107112884521484,12.036527633666992,1.0647228956222534,0.8381155133247375
SB67414_component_590a,233.883419,35.054396,10.093999862670898,43.3218879699707,233.8834686279297,35.054595947265625,12.017149925231934,1.067073941230774,0.8399662375450134
SB67414_component_594a,233.375223,39.52846,10.729000091552734,34.387821197509766,233.37567138671875,39.5292854309082,12.7619047164917,1.0680128335952759,0.8407052159309387
SB67414_component_595a,237.200873,35.423074,9.918999671936035,42.57081604003906,237.20106506347656,35.4234733581543,8.241644859313965,1.5289268493652344,1.2035218477249146
SB67414_component_597a,238.733764,34.743999,10.420000076293945,18.60714340209961,238.73377990722656,34.743675231933594,13.396995544433594,0.9880820512771606,0.7777863144874573
SB67414_component_598a,235.915402,35.993047,10.9350004196167,55.22727584838867,235.91558837890625,35.993167877197266,13.569045066833496,1.0237696170806885,0.8058784008026123
SB67414_component_602a,233.486762,38.349859,9.52299976348877,41.58515167236328,233.48666381835938,38.35063934326172,12.228973388671875,0.9892737865447998,0.7787243723869324
SB67414_component_603a,234.13874,36.081028,9.559000015258789,47.08867263793945,234.1389617919922,36.08097839355469,12.12813663482666,1.0012696981430054,0.7881672382354736
SB67414_component_604a,231.509967,36.988102,9.717000007629395,12.268939018249512,231.51010131835938,36.98908996582031,13.916674613952637,0.8870119452476501,0.6982271671295166
SB67414_component_606a,238.844856,36.117073,8.869000434875488,39.07048797607422,238.84495544433594,36.1165771484375,14.749876976013184,0.7638691663742065,0.6012932062149048
SB67414_component_607a,237.736919,35.459166,9.338000297546387,41.136566162109375,237.73709106445312,35.459266662597656,11.488382339477539,1.0325895547866821,0.8128211498260498
SB67414_component_608a,237.048599,37.594172,9.654999732971191,49.26020431518555,237.04852294921875,37.59458923339844,6.08497953414917,2.015699863433838,1.5866938829421997
SB67414_component_610a,236.462789,39.611773,8.524999618530273,29.295530319213867,236.46273803710938,39.61224365234375,6.056288242340088,1.7882182598114014,1.407627820968628
SB67414_component_611a,238.163918,34.775641,9.104000091552734,24.148540496826172,238.16407775878906,34.775665283203125,9.263551712036133,1.2484968900680542,0.982776403427124
SB67414_component_613a,232.885981,38.465112,9.310999870300293,37.39357376098633,232.8858642578125,38.465660095214844,12.609333992004395,0.9380735158920288,0.7384212017059326
SB67414_component_618a,235.937036,34.79819,9.722999572753906,31.77450942993164,235.9370880126953,34.79823303222656,10.353514671325684,1.1930129528045654,0.9391013383865356
SB67414_component_619a,239.475037,35.518483,9.192999839782715,12.3230562210083,239.47543334960938,35.51915740966797,5.236804962158203,2.2300961017608643,1.7554596662521362
SB67414_component_620a,234.622869,37.956316,9.697999954223633,43.10222244262695,234.62286376953125,37.95664596557617,12.700322151184082,0.9700634479522705,0.7636026740074158
SB67414_component_625a,234.745864,36.563793,9.37399959564209,49.07853317260742,234.7460174560547,36.5638427734375,11.0667085647583,1.0760666131973267,0.8470449447631836
SB67414_component_630a,232.129207,35.855053,9.039999961853027,17.186311721801758,232.1292724609375,35.85565185546875,12.361065864562988,0.9290631413459778,0.7313284873962402
SB67414_component_631a,238.790832,36.457362,9.555999755859375,35.003662109375,238.79090881347656,36.45748519897461,12.299909591674805,0.9869768023490906,0.7769162654876709
SB67414_component_632a,235.777116,38.006211,8.621999740600586,37.81578826904297,235.7772674560547,38.006446838378906,10.939735412597656,1.0012301206588745,0.7881360650062561
SB67414_component_633a,233.628708,36.482433,8.515999794006348,42.15841293334961,233.62889099121094,36.4822883605957,11.680228233337402,0.9262261390686035,0.7290953397750854
SB67414_component_634a,239.592979,36.08808,8.895000457763672,15.827404022216797,239.59326171875,36.0880126953125,12.333563804626465,0.9161995649337769,0.7212027907371521
SB67414_component_635a,234.075336,37.035916,8.61400032043457,40.06511688232422,234.0756378173828,37.03602600097656,9.629308700561523,1.1364294290542603,0.8945606350898743
SB67414_component_637a,234.118699,37.402145,8.942999839782715,42.383888244628906,234.1188201904297,37.40243911743164,11.924105644226074,0.9527744650840759,0.7499933242797852
SB67414_component_638a,239.067066,39.691902,8.704999923706055,22.72846031188965,239.0666046142578,39.692161560058594,12.606667518615723,0.8772051930427551,0.6905075907707214
SB67414_component_642a,234.663849,35.262412,9.09000015258789,42.08333206176758,234.6641387939453,35.26224899291992,9.980974197387695,1.156974196434021,0.9107327461242676
SB67414_component_644a,239.750677,39.81053,9.161999702453613,10.375990867614746,239.7503662109375,39.81072235107422,13.072260856628418,0.8903736472129822,0.7008733749389648
SB67414_component_646a,237.666607,39.44232,8.70199966430664,33.72868347167969,237.66650390625,39.44297409057617,10.829100608825684,1.0208439826965332,0.8035754561424255
SB67414_component_647a,233.100569,39.232478,8.741999626159668,43.06403732299805,233.10061645507812,39.23311996459961,11.479151725769043,0.9674615859985352,0.761554479598999
SB67414_component_649a,232.450961,36.267795,8.673999786376953,27.624202728271484,232.45118713378906,36.26805114746094,10.722211837768555,1.0277032852172852,0.8089748620986938
SB67414_component_650a,238.629372,37.497924,9.10200023651123,40.81614303588867,238.6295623779297,37.498477935791016,12.092939376831055,0.9561756253242493,0.7526706457138062
SB67414_component_651a,239.40286,38.874807,9.576000213623047,30.018808364868164,239.4027099609375,38.875091552734375,4.4299750328063965,2.7460951805114746,2.161637544631958
SB67414_component_652a,239.262642,38.508433,8.689000129699707,20.348947525024414,239.262451171875,38.508750915527344,12.077651023864746,0.9139449596405029,0.7194280028343201
SB67414_component_653a,232.103617,34.701097,8.170999526977539,15.74373722076416,232.10369873046875,34.7010383605957,9.205232620239258,1.1276469230651855,0.887647271156311
SB67414_component_654a,238.563105,35.163653,7.934000015258789,26.894916534423828,238.56317138671875,35.163604736328125,6.1252665519714355,1.6455076932907104,1.2952905893325806
SB67414_component_656a,233.877388,36.581524,8.92199993133545,43.735294342041016,233.8776092529297,36.58150100708008,11.689179420471191,0.9696409106254578,0.7632700204849243
SB67414_component_657a,231.786791,38.697167,9.081000328063965,19.280256271362305,231.78659057617188,38.69776916503906,12.988126754760742,0.8882187008857727,0.699177086353302
SB67414_component_660a,237.930423,35.144266,7.989999771118164,36.153846740722656,237.93052673339844,35.14434814453125,6.5643744468688965,1.5462729930877686,1.217176079750061
SB67414_component_661a,238.289671,36.838554,8.059000015258789,36.13901138305664,238.289794921875,36.83857345581055,9.7703275680542,1.0478636026382446,0.8248444199562073
SB67414_component_662a,235.512945,38.990378,8.368000030517578,39.28638458251953,235.51315307617188,38.990234375,11.595672607421875,0.9167659282684326,0.7216485142707825
SB67414_component_663a,237.643441,35.405887,8.803999900817871,37.78540802001953,237.64361572265625,35.40582275390625,9.674124717712402,1.1561150550842285,0.910056471824646
SB67414_component_664a,239.816698,39.679814,8.440999984741211,10.382533073425293,239.81619262695312,39.68000030517578,6.325572967529297,1.6952226161956787,1.334424614906311
SB67414_component_668a,236.957601,37.398112,8.42300033569336,44.80319595336914,236.957763671875,37.39844512939453,11.102917671203613,0.9637455940246582,0.7586294412612915
SB67414_component_670a,237.280782,37.012427,8.734000205993652,46.70588302612305,237.281005859375,37.01263427734375,11.720036506652832,0.9467099905014038,0.7452195286750793
SB67414_component_671a,233.70279,34.471124,8.0,11.560693740844727,233.70306396484375,34.47052764892578,10.64521312713623,0.954703152179718,0.7515115141868591
SB67414_component_678a,231.781298,36.346687,7.765999794006348,12.326983451843262,231.78125,36.347328186035156,13.420385360717773,0.7351316213607788,0.5786718726158142
SB67414_component_680a,238.67762,34.648968,8.690999984741211,13.148260116577148,238.6776885986328,34.64898681640625,6.818139553070068,1.6193344593048096,1.2746878862380981
SB67414_component_683a,237.57462,35.675909,7.939000129699707,36.08636474609375,237.57444763183594,35.67570877075195,11.369614601135254,0.8870595693588257,0.6982646584510803
SB67414_component_688a,236.321166,39.919068,7.307000160217285,12.137873649597168,236.3212432861328,39.919708251953125,13.704400062561035,0.6773478984832764,0.5331864356994629
SB67414_component_690a,234.098122,38.542049,8.630000114440918,37.85087585449219,234.09820556640625,38.542110443115234,11.339825630187988,0.966801106929779,0.7610346674919128
SB67414_component_693a,238.049649,35.265225,8.184000015258789,37.88888931274414,238.04965209960938,35.265464782714844,10.830430030822754,0.9599589109420776,0.755648672580719
SB67414_component_698a,233.710663,37.512826,8.020000457763672,35.96412658691406,233.71090698242188,37.51359558105469,9.426517486572266,1.0808261632919312,0.8507914543151855
SB67414_component_700a,238.792667,39.172558,7.620999813079834,33.57268524169922,238.79225158691406,39.17268371582031,9.807595252990723,0.9871476888656616,0.777050793170929
SB67414_component_701a,238.523034,38.794081,7.544000148773193,30.66666603088379,238.52279663085938,38.79456329345703,9.186769485473633,1.0432096719741821,0.8211809396743774
SB67414_component_706a,236.469061,35.494373,8.0600004196167,37.488372802734375,236.4691925048828,35.49443817138672,7.7434611320495605,1.32230806350708,1.0408782958984375
SB67414_component_707a,237.192143,38.658037,8.015000343322754,43.32432556152344,237.19210815429688,38.6588020324707,10.32982349395752,0.9856968522071838,0.7759087681770325
SB67414_component_712a,234.080959,34.98,7.784999847412109,27.411970138549805,234.0807647705078,34.979557037353516,9.309921264648438,1.0622954368591309,0.8362047076225281
SB67414_component_714a,238.442611,38.6653,8.041000366210938,34.96086883544922,238.4425506591797,38.665496826171875,10.313542366027832,0.9904555082321167,0.7796545624732971
SB67414_component_717a,234.360498,38.885004,7.586999893188477,32.98695373535156,234.36036682128906,38.88521194458008,6.6152849197387695,1.456982135772705,1.146889328956604
SB67414_component_725a,236.948647,38.502174,7.343999862670898,35.4782600402832,236.9484405517578,38.502567291259766,9.55264949798584,0.9766557812690735,0.768791913986206
SB67414_component_727a,239.044645,37.67536,7.553999900817871,35.464786529541016,239.04466247558594,37.67591857910156,11.485013008117676,0.8355610966682434,0.6577267050743103
SB67414_component_730a,235.045135,38.56401,8.479000091552734,34.46747970581055,235.0453338623047,38.56419372558594,10.110548973083496,1.0653753280639648,0.8386290669441223
SB67414_component_732a,231.884741,38.768242,7.873000144958496,16.002033233642578,231.88433837890625,38.7689208984375,12.321762084960938,0.8117086291313171,0.6389508247375488
SB67414_component_733a,238.89534,35.760636,7.765999794006348,30.10077667236328,238.8953857421875,35.760868072509766,10.689046859741211,0.9229774475097656,0.7265381217002869
SB67414_component_734a,233.728125,35.349564,7.820000171661377,30.78740119934082,233.728515625,35.349910736083984,8.990296363830566,1.1050081253051758,0.8698267340660095
SB67414_component_737a,238.865168,35.229002,7.322000026702881,16.057018280029297,238.865234375,35.22896194458008,7.267284393310547,1.2799419164657593,1.0075290203094482
SB67414_component_740a,236.799603,34.668188,7.682000160217285,15.394789695739746,236.79983520507812,34.66807556152344,8.931899070739746,1.0926051139831543,0.8600634932518005
SB67414_component_741a,239.474866,39.178323,7.139999866485596,21.96923065185547,239.4746856689453,39.1786003112793,7.915830135345459,1.1458675861358643,0.9019900560379028
SB67414_component_743a,238.330787,38.482958,7.934999942779541,35.90497589111328,238.33094787597656,38.48329544067383,9.45224666595459,1.0664600133895874,0.8394829630851746
SB67414_component_744a,238.441383,38.164005,7.752999782562256,33.27467727661133,238.44149780273438,38.16436767578125,7.731032848358154,1.2739869356155396,1.0028413534164429
SB67414_component_745a,232.176323,38.933726,7.145999908447266,17.136690139770508,232.17613220214844,38.934532165527344,9.984989166259766,0.9091763496398926,0.7156742811203003
SB67414_component_750a,236.345176,38.566649,8.065999984741211,35.377193450927734,236.34542846679688,38.5669059753418,9.823384284973145,1.0431092977523804,0.82110196352005
SB67414_component_755a,235.628035,39.518188,7.486000061035156,29.58893394470215,235.62808227539062,39.51814651489258,7.566207408905029,1.2569103240966797,0.989399254322052
SB67414_component_757a,232.740735,35.173186,6.931000232696533,27.613548278808594,232.74078369140625,35.17323684692383,9.151847839355469,0.9620991945266724,0.7573333978652954
SB67414_component_759a,238.193396,39.45579,7.685999870300293,25.450332641601562,238.193115234375,39.45623016357422,10.688987731933594,0.9134746789932251,0.7190577983856201
SB67414_component_761a,234.810185,36.355491,7.933000087738037,37.95693588256836,234.81048583984375,36.35503387451172,10.227112770080566,0.9854103922843933,0.7756832242012024
SB67414_component_762a,236.008341,37.163328,7.421000003814697,31.987070083618164,236.0087890625,37.163673400878906,9.083013534545898,1.0379230976104736,0.8170195817947388
SB67414_component_764a,234.352866,38.424588,8.036999702453613,35.25,234.35276794433594,38.424476623535156,10.156133651733398,1.0053060054779053,0.791344404220581
SB67414_component_766a,234.448425,35.499923,7.107999801635742,33.060462951660156,234.44874572753906,35.50025939941406,4.98462438583374,1.8115390539169312,1.4259850978851318
SB67414_component_767a,232.476766,34.776505,6.748000144958496,10.381539344787598,232.4768829345703,34.77638626098633,8.091315269470215,1.0594700574874878,0.8339806199073792
SB67414_component_769a,236.931255,36.721071,6.784999847412109,32.30952453613281,236.931640625,36.72159957885742,7.3776350021362305,1.1683297157287598,0.9196714162826538
SB67414_component_771a,236.234016,34.640518,7.375,13.836772918701172,236.23443603515625,34.6413459777832,8.730642318725586,1.0731205940246582,0.8447259068489075
SB67414_component_774a,239.685499,39.245325,7.642000198364258,17.13452911376953,239.68536376953125,39.24553680419922,8.711883544921875,1.114365577697754,0.8771926760673523
SB67414_component_775a,231.872467,37.142226,7.360000133514404,18.039216995239258,231.87220764160156,37.14297866821289,9.232158660888672,1.0127617120742798,0.7972133755683899
SB67414_component_776a,232.976819,39.02527,6.943999767303467,29.054393768310547,232.976806640625,39.026241302490234,9.198399543762207,0.959025502204895,0.7549139261245728
SB67414_component_777a,233.267369,37.130138,7.211999893188477,33.38888931274414,233.26722717285156,37.1302604675293,9.60232162475586,0.9541401863098145,0.7510683536529541
SB67414_component_778a,238.164326,38.941384,6.810999870300293,30.959091186523438,238.16433715820312,38.941650390625,7.300496578216553,1.1851986646652222,0.9329501986503601
SB67414_component_784a,238.47504,35.166333,7.01200008392334,26.460378646850586,238.47503662109375,35.166404724121094,8.126358985900879,1.0961717367172241,0.8628710508346558
SB67414_component_786a,232.936624,39.927437,7.171999931335449,11.276729583740234,232.9364776611328,39.92815017700195,10.200289726257324,0.8932242393493652,0.7031172513961792
SB67414_component_788a,238.852657,37.854882,6.704999923706055,29.668142318725586,238.85272216796875,37.85511016845703,10.61274528503418,0.8026084899902344,0.6317875385284424
SB67414_component_789a,236.47261,36.487306,7.534999847412109,35.54245376586914,236.4727783203125,36.487632751464844,9.434754371643066,1.014577865600586,0.7986429333686829
SB67414_component_792a,232.811692,37.081555,6.761000156402588,32.04265594482422,232.81192016601562,37.082176208496094,7.2752604484558105,1.1805791854858398,0.9293138384819031
SB67414_component_793a,231.561698,36.859636,7.449999809265137,11.086309432983398,231.5619354248047,36.86030197143555,8.47608470916748,1.116589903831482,0.8789435029029846
SB67414_component_797a,237.649992,36.056263,6.560999870300293,26.88934326171875,237.65032958984375,36.056514739990234,11.512373924255371,0.7239988446235657,0.5699084997177124
SB67414_component_799a,237.464484,36.762851,7.445000171661377,37.79187774658203,237.46466064453125,36.763328552246094,9.099956512451172,1.0393410921096802,0.8181357979774475
SB67414_component_801a,234.973572,35.843766,7.53000020980835,33.31858444213867,234.97378540039062,35.8443717956543,10.234360694885254,0.9346887469291687,0.7357567548751831
SB67414_component_804a,236.980932,36.249185,6.886000156402588,30.878923416137695,236.98104858398438,36.24947738647461,9.192123413085938,0.9516645669937134,0.7491196393966675
SB67414_component_805a,234.051163,36.097289,6.290999889373779,31.77272605895996,234.051513671875,36.097984313964844,7.80192232131958,1.0243556499481201,0.8063397407531738
SB67414_component_808a,234.488963,34.739857,6.01200008392334,15.336735725402832,234.48915100097656,34.740379333496094,7.6634297370910645,0.9966175556182861,0.7845051288604736
SB67414_component_813a,232.501219,38.696708,6.15500020980835,24.6200008392334,232.5010223388672,38.69690704345703,6.431807041168213,1.2157038450241089,0.9569628238677979
SB67414_component_815a,238.453011,36.823892,6.882999897003174,26.782100677490234,238.4532928466797,36.82469177246094,10.0538911819458,0.8697136640548706,0.6846105456352234
SB67414_component_817a,235.315571,35.997384,6.589000225067139,34.67894744873047,235.31564331054688,35.997310638427734,8.186347961425781,1.0224970579147339,0.8048766255378723
SB67414_component_818a,238.604372,36.718849,7.22599983215332,29.02008056640625,238.6044921875,36.71896743774414,9.849211692810059,0.9320284724235535,0.7336627840995789
SB67414_component_822a,238.075929,39.208502,7.1620001792907715,31.550661087036133,238.0757598876953,39.208953857421875,9.768856048583984,0.931372344493866,0.7331462502479553
SB67414_component_823a,238.494522,36.806829,6.997000217437744,29.276151657104492,238.494384765625,36.80634307861328,7.831553936004639,1.1350020170211792,0.8934370279312134
SB67414_component_828a,234.962215,34.871577,6.158999919891357,22.234655380249023,234.96212768554688,34.87205505371094,6.666253089904785,1.173710823059082,0.9239072799682617
SB67414_component_829a,235.938373,37.030001,6.73199987411499,31.754716873168945,235.9385223388672,37.03032302856445,8.6995849609375,0.9830560684204102,0.773829996585846
SB67414_component_830a,237.122269,39.964136,6.982999801635742,10.23900318145752,237.12203979492188,39.96459197998047,10.58185863494873,0.8383257389068604,0.6599029302597046
SB67414_component_833a,237.972388,36.087446,5.913000106811523,25.708696365356445,237.9724578857422,36.088138580322266,7.218642711639404,1.0406030416488647,0.8191290497779846
SB67414_component_834a,237.022422,37.986479,6.485000133514404,28.95089340209961,237.0226287841797,37.986759185791016,8.125466346740723,1.0138983726501465,0.7981080412864685
SB67414_component_835a,232.133077,37.815225,6.114999771118164,12.634297370910645,232.1330108642578,37.81577682495117,7.390739440917969,1.051093339920044,0.827386736869812
SB67414_component_837a,235.729959,34.750381,6.048999786376953,15.160401344299316,235.73001098632812,34.7503547668457,9.086050033569336,0.8457483649253845,0.6657457947731018
SB67414_component_842a,238.766827,38.84975,5.933000087738037,25.033754348754883,238.76663208007812,38.85017776489258,7.7009782791137695,0.9787260890007019,0.7704216241836548
SB67414_component_843a,237.677845,35.223808,5.921999931335449,23.407115936279297,237.6781463623047,35.223731994628906,7.43213415145874,1.01224946975708,0.7968101501464844
SB67414_component_844a,234.501553,36.517668,6.493000030517578,29.784404754638672,234.5017852783203,36.51762390136719,9.318436622619629,0.8851870894432068,0.6967906951904297
SB67414_component_848a,238.620925,39.298121,6.7820000648498535,28.982906341552734,238.62075805664062,39.29851531982422,9.269136428833008,0.9295039176940918,0.7316755056381226
SB67414_component_849a,234.217524,39.135375,6.039000034332275,30.34673309326172,234.21746826171875,39.135719299316406,9.573018074035645,0.8013991117477417,0.6308355331420898
SB67414_component_852a,233.096097,34.926988,5.947000026702881,17.237680435180664,233.0962371826172,34.926761627197266,9.003436088562012,0.8391166925430298,0.6605256199836731
SB67414_component_854a,237.745779,37.122531,6.388999938964844,28.522319793701172,237.74588012695312,37.12261962890625,7.419309139251709,1.0939617156982422,0.8611313700675964
SB67414_component_855a,236.403463,39.085843,6.281000137329102,30.197114944458008,236.40345764160156,39.08566665649414,8.43973159790039,0.9454376101493835,0.7442179918289185
SB67414_component_856a,239.42621,35.832097,6.73799991607666,16.3941593170166,239.42669677734375,35.83244705200195,7.015537738800049,1.2201205492019653,0.9604395627975464
SB67414_component_857a,234.167282,37.473719,5.664000034332275,26.22222137451172,234.16732788085938,37.47404861450195,3.257603168487549,2.2088072299957275,1.7387017011642456
SB67414_component_862a,236.591726,39.330663,6.033999919891357,27.55251121520996,236.59133911132812,39.33058547973633,5.237632751464844,1.4635344743728638,1.1520471572875977
SB67414_component_863a,237.234769,37.424341,6.021999835968018,29.96019744873047,237.2347412109375,37.42459487915039,6.686061382293701,1.1442029476165771,0.9006797075271606
SB67414_component_866a,235.42774,35.588731,6.006999969482422,29.302438735961914,235.42820739746094,35.58864212036133,7.342861175537109,1.0392619371414185,0.8180734515190125
SB67414_component_872a,237.237598,38.885387,5.881999969482422,26.495494842529297,237.23757934570312,38.88587188720703,6.666631698608398,1.1208597421646118,0.8823046088218689
SB67414_component_877a,237.154196,38.91696,6.197000026702881,26.482906341552734,237.15438842773438,38.9176139831543,7.9946722984313965,0.9847217798233032,0.7751412391662598
SB67414_component_881a,233.156686,35.896261,6.008999824523926,28.211267471313477,233.15673828125,35.89616012573242,7.231424331665039,1.0556284189224243,0.8309565782546997
SB67414_component_892a,236.523419,39.33048,6.034999847412109,27.30769157409668,236.52354431152344,39.33129119873047,6.277132511138916,1.2213740348815918,0.9614262580871582
SB67414_component_893a,235.63414,38.371302,5.5370001792907715,25.634260177612305,235.63461303710938,38.37158203125,7.789894104003906,0.9029749631881714,0.7107927203178406
SB67414_component_896a,239.262747,36.660559,6.125999927520752,10.978493690490723,239.26292419433594,36.660587310791016,7.502998352050781,1.0372294187545776,0.8164736032485962
SB67414_component_897a,237.380732,38.651808,5.89300012588501,28.606796264648438,237.3810272216797,38.6526985168457,8.450678825378418,0.88588547706604,0.6973404288291931
SB67414_component_898a,234.648408,38.70349,5.531000137329102,27.793970108032227,234.6486053466797,38.70417022705078,7.473923206329346,0.9401296377182007,0.7400397062301636
SB67414_component_901a,235.170178,35.161336,5.46999979019165,27.90816307067871,235.1702880859375,35.16075134277344,4.764163494110107,1.4585905075073242,1.1481553316116333
SB67414_component_902a,232.142981,37.192345,5.929999828338623,19.315959930419922,232.14285278320312,37.19306945800781,6.8279523849487305,1.1033083200454712,0.8684887290000916
SB67414_component_903a,238.059192,37.044685,6.514999866485596,30.302324295043945,238.05950927734375,37.045433044433594,9.115455627441406,0.9079642295837402,0.7147201299667358
SB67414_component_907a,238.865835,35.891336,5.758999824523926,22.321706771850586,238.86585998535156,35.891319274902344,8.258810043334961,0.8858543634414673,0.6973159313201904
SB67414_component_909a,232.024647,35.207642,6.438000202178955,18.715116500854492,232.02439880371094,35.207889556884766,6.494571685791016,1.259311556816101,0.9912894368171692
SB67414_component_912a,234.796792,39.780684,6.1020002365112305,13.265217781066895,234.79678344726562,39.78154373168945,7.909313678741455,0.9800904393196106,0.771495521068573
SB67414_component_913a,233.879559,39.602895,6.185999870300293,17.674285888671875,233.87913513183594,39.60265350341797,9.58397388458252,0.8199681639671326,0.6454524993896484
SB67414_component_914a,233.12057,37.726828,5.775000095367432,26.86046600341797,233.1204833984375,37.7270393371582,8.685750961303711,0.8446510434150696,0.6648820638656616
SB67414_component_916a,239.079937,37.493189,5.677999973297119,22.093385696411133,239.080078125,37.49358367919922,7.307376861572266,0.9871123433113098,0.7770230174064636
SB67414_component_919a,236.907965,39.477905,5.801000118255615,20.498233795166016,236.90785217285156,39.478477478027344,6.28436279296875,1.172666072845459,0.9230848550796509
SB67414_component_920a,234.291626,39.422754,5.666999816894531,23.22540855407715,234.29115295410156,39.42254638671875,6.287136554718018,1.14507257938385,0.9013642072677612
SB67414_component_921a,233.732434,38.548925,5.855999946594238,25.572052001953125,233.73275756835938,38.54977798461914,6.666284084320068,1.1159634590148926,0.8784503936767578
SB67414_component_922a,236.289852,36.817433,5.817999839782715,31.619564056396484,236.29000854492188,36.817562103271484,6.9436540603637695,1.0644330978393555,0.8378873467445374
SB67414_component_924a,236.570994,37.785139,6.2820000648498535,33.414894104003906,236.5711212158203,37.785423278808594,7.713329792022705,1.03463876247406,0.814434289932251
SB67414_component_925a,239.134091,36.985014,5.875,12.969094276428223,239.1343231201172,36.9849967956543,6.740785121917725,1.1072102785110474,0.8715602159500122
SB67414_component_932a,236.836418,39.645359,5.238999843597412,15.31871223449707,236.83619689941406,39.645755767822266,8.50779914855957,0.7822829484939575,0.615787923336029
SB67414_component_935a,234.58244,36.508458,6.061999797821045,27.68036460876465,234.5827178955078,36.508609771728516,7.772135257720947,0.9908508062362671,0.7799658179283142
SB67414_component_936a,236.692863,37.334338,5.193999767303467,24.733333587646484,236.69309997558594,37.33489227294922,5.629961013793945,1.1720044612884521,0.9225640892982483
SB67414_component_938a,232.667556,39.129653,5.0920000076293945,20.126482009887695,232.66761779785156,39.13001251220703,8.302162170410156,0.7791658043861389,0.6133341789245605
SB67414_component_939a,232.248346,38.277246,5.3460001945495605,20.561540603637695,232.24844360351562,38.27814483642578,6.6978068351745605,1.0139793157577515,0.7981717586517334
SB67414_component_940a,235.489354,36.853709,5.2129998207092285,27.29319190979004,235.48939514160156,36.8536376953125,6.698867321014404,0.9885964393615723,0.7781912088394165
SB67414_component_944a,238.954649,35.569639,6.144999980926514,16.97513771057129,238.95481872558594,35.56970977783203,6.195876598358154,1.2599457502365112,0.9917886257171631
SB67414_component_945a,238.811648,35.655205,5.988999843597412,18.83333396911621,238.81216430664062,35.65597915649414,7.5692901611328125,1.0051522254943848,0.7912234663963318
SB67414_component_947a,239.187923,37.080797,5.228000164031982,13.8306884765625,239.18789672851562,37.08103561401367,7.244811534881592,0.9167295098304749,0.7216199040412903
SB67414_component_950a,239.118783,36.548068,6.056000232696533,14.628019332885742,239.1190643310547,36.54806900024414,8.465493202209473,0.9087958335876465,0.715374767780304
SB67414_component_951a,234.508805,38.107681,4.8379998207092285,22.5023250579834,234.5089111328125,38.10771179199219,7.834853649139404,0.784454345703125,0.6174971461296082
SB67414_component_952a,237.091594,35.118395,5.328999996185303,22.580509185791016,237.09205627441406,35.119022369384766,3.7164499759674072,1.8215880393981934,1.433895230293274
SB67414_component_961a,237.712255,37.820229,5.276000022888184,24.654205322265625,237.71218872070312,37.8204231262207,6.256997585296631,1.071202278137207,0.8432159423828125
SB67414_component_969a,233.88293,35.713306,4.708000183105469,21.596332550048828,233.88316345214844,35.713134765625,6.419368267059326,0.9317017197608948,0.7334055304527283
SB67414_component_971a,237.898289,35.814023,5.27400016784668,24.53023338317871,237.89842224121094,35.814422607421875,7.8228440284729,0.8564621806144714,0.6741793751716614
SB67414_component_973a,232.608782,36.982307,5.479000091552734,25.966825485229492,232.60865783691406,36.98272705078125,6.158840656280518,1.1301473379135132,0.8896154761314392
SB67414_component_977a,235.599179,39.78171,5.668000221252441,15.402174949645996,235.5992889404297,39.7815055847168,7.406177043914795,0.9722288250923157,0.7653071284294128
SB67414_component_981a,235.93626,38.063375,5.517000198364258,24.197368621826172,235.93614196777344,38.06263732910156,6.393374443054199,1.0962398052215576,0.8629246354103088
SB67414_component_984a,238.996368,39.684503,4.894999980926514,13.123324394226074,238.99630737304688,39.68437957763672,6.116514205932617,1.0166733264923096,0.800292432308197
SB67414_component_987a,237.809375,37.501713,5.421000003814697,24.866973876953125,237.8094940185547,37.501949310302734,5.7920637130737305,1.188991665840149,0.9359358549118042
SB67414_component_991a,233.725929,39.076724,4.9720001220703125,21.33905601501465,233.7257080078125,39.076995849609375,6.845458984375,0.9227015972137451,0.7263209223747253
SB67414_component_996a,236.470534,36.785906,4.947999954223633,24.616914749145508,236.47064208984375,36.786964416503906,5.462681770324707,1.1506850719451904,0.9057822227478027
SB67414_component_1002a,238.630768,39.631425,5.297999858856201,13.244999885559082,238.63043212890625,39.63226318359375,7.372846603393555,0.9128710627555847,0.7185826897621155
SB67414_component_1003a,235.674745,39.597802,4.626999855041504,15.955172538757324,235.67506408691406,39.598060607910156,7.4475555419921875,0.7892569899559021,0.6212776303291321
SB67414_component_1004a,238.5349,35.053831,4.197000026702881,14.37328815460205,238.53489685058594,35.053958892822266,4.458325386047363,1.1959139108657837,0.9413848519325256
SB67414_component_1006a,233.087901,38.854636,5.160999774932861,23.56620979309082,233.08767700195312,38.855445861816406,6.864415645599365,0.9551310539245605,0.7518483996391296
SB67414_component_1007a,232.959962,36.603696,5.031000137329102,25.53807258605957,232.9600830078125,36.60409927368164,5.970197677612305,1.0705287456512451,0.8426856994628906
SB67414_component_1014a,235.358292,38.567482,4.9120001792907715,20.46666717529297,235.35853576660156,38.567604064941406,5.141089916229248,1.213768482208252,0.9554394483566284
SB67414_component_1016a,237.532589,36.008597,4.7779998779296875,22.12036895751953,237.53302001953125,36.00876998901367,6.69668436050415,0.9063981771469116,0.7134873867034912
SB67414_component_1018a,233.201128,36.544087,5.196000099182129,24.980770111083984,233.20098876953125,36.543968200683594,5.284580230712891,1.249083161354065,0.9832379817962646
SB67414_component_1019a,236.746842,37.216693,5.2129998207092285,25.935321807861328,236.74691772460938,37.21731948852539,3.6970055103302,1.7913082838058472,1.4100600481033325
SB67414_component_1023a,232.987982,38.72385,4.557000160217285,18.375,232.9877166748047,38.724334716796875,5.8126044273376465,0.9959579110145569,0.7839859127998352
SB67414_component_1025a,234.369909,39.208463,5.25,24.30555534362793,234.369873046875,39.2096061706543,7.556280136108398,0.8826407194137573,0.6947863101959229
SB67414_component_1031a,232.400262,39.118102,5.130000114440918,16.234176635742188,232.39996337890625,39.119014739990234,7.686587810516357,0.8478450775146484,0.6673963069915771
SB67414_component_1033a,235.461627,35.794463,4.918000221252441,23.30805778503418,235.46173095703125,35.79420852661133,3.8472557067871094,1.6239409446716309,1.2783138751983643
SB67414_component_1034a,236.410605,35.11605,4.745999813079834,19.292680740356445,236.4108428955078,35.116790771484375,6.290307998657227,0.9584920406341553,0.7544940114021301
SB67414_component_1038a,237.686919,38.751498,4.63100004196167,23.2713565826416,237.68682861328125,38.75226974487305,7.1923699378967285,0.8179664611816406,0.6438767910003662
SB67414_component_1042a,233.071418,37.9601,4.394999980926514,21.75742530822754,233.07154846191406,37.9608039855957,6.3070478439331055,0.8852490782737732,0.6968395113945007
SB67414_component_1044a,234.796433,35.678896,4.72599983215332,22.398103713989258,234.79669189453125,35.67884063720703,5.766452789306641,1.0411604642868042,0.8195679187774658
SB67414_component_1047a,238.126735,35.73442,4.53000020980835,19.276596069335938,238.1269073486328,35.73469543457031,6.487942695617676,0.8870006799697876,0.6982182860374451
SB67414_component_1048a,235.832018,37.357991,4.968999862670898,23.549762725830078,235.8324737548828,37.358367919921875,5.395597457885742,1.169936180114746,0.9209359884262085
SB67414_component_1053a,237.592348,38.419725,4.300000190734863,20.28302001953125,237.5918426513672,38.42009353637695,5.416472911834717,1.008520245552063,0.7938745617866516
SB67414_component_1057a,235.799482,39.606473,4.491000175476074,15.539793014526367,235.79957580566406,39.60664367675781,6.584591388702393,0.8664568662643433,0.6820468902587891
SB67414_component_1059a,237.477318,34.849576,4.539999961853027,12.472527503967285,237.4773406982422,34.849430084228516,6.214555740356445,0.9280651807785034,0.7305429577827454
SB67414_component_1062a,232.710645,39.454636,4.948999881744385,16.06818199157715,232.7100830078125,39.454200744628906,7.154326438903809,0.8787825703620911,0.6917492151260376
SB67414_component_1063a,233.37017,35.745983,4.666999816894531,17.28518295288086,233.3699188232422,35.74577713012695,6.38188362121582,0.9290125966072083,0.7312887907028198
SB67414_component_1065a,236.959474,35.659509,4.951000213623047,21.068086624145508,236.95962524414062,35.65952682495117,10.491220474243164,0.5995144248008728,0.4719184339046478
SB67414_component_1067a,236.908983,37.265595,4.770999908447266,23.97487449645996,236.90951538085938,37.266231536865234,6.449026584625244,0.9398270845413208,0.7398015856742859
SB67414_component_1070a,237.2225,35.393086,4.9029998779296875,21.98654556274414,237.22286987304688,35.393096923828125,7.144708633422852,0.8717864155769348,0.6862421035766602
SB67414_component_1078a,236.810516,38.690827,4.9019999504089355,22.90654182434082,236.81089782714844,38.69145965576172,5.735930442810059,1.0856807231903076,0.8546128869056702
SB67414_component_1079a,234.972882,38.348007,4.8979997634887695,25.247421264648438,234.9732208251953,38.348873138427734,5.314988613128662,1.170709490776062,0.9215447306632996
SB67414_component_1085a,236.444476,37.234901,4.196000099182129,20.368932723999023,236.44461059570312,37.23505783081055,4.356876850128174,1.2234688997268677,0.9630752205848694
SB67414_component_1088a,235.904675,36.229802,4.796000003814697,22.7298583984375,235.9044952392578,36.2292366027832,5.440731048583984,1.1198365688323975,0.881499171257019
SB67414_component_1089a,232.282344,36.996047,4.676000118255615,21.254545211791992,232.2825164794922,36.99614334106445,6.210039138793945,0.9565615057945251,0.7529743313789368
SB67414_component_1092a,235.161928,38.703562,4.659999847412109,23.184078216552734,235.1616668701172,38.70338821411133,6.889615535736084,0.8592580556869507,0.6763802170753479
SB67414_component_1097a,234.634919,39.311551,4.269000053405762,17.14457893371582,234.63504028320312,39.31269073486328,2.344960927963257,2.3127212524414062,1.8204994201660156
SB67414_component_1099a,236.57709,36.097728,4.323999881744385,21.092681884765625,236.57730102539062,36.09835433959961,4.740315914154053,1.1588070392608643,0.9121754765510559
SB67414_component_1102a,235.478024,39.082245,4.690999984741211,22.55288314819336,235.4781494140625,39.0817756652832,4.82996940612793,1.2338255643844604,0.9712277054786682
SB67414_component_1103a,236.519616,37.560504,4.210000038146973,19.952608108520508,236.5201873779297,37.56072235107422,4.968327045440674,1.0764766931533813,0.8473677635192871
SB67414_component_1105a,235.015011,37.458408,3.9619998931884766,17.151514053344727,235.01528930664062,37.458396911621094,5.518235683441162,0.912109375,0.717983067035675
SB67414_component_1107a,238.759425,38.077842,4.232999801635742,16.470815658569336,238.75942993164062,38.07813262939453,5.9750165939331055,0.899998664855957,0.7084499001502991
SB67414_component_1111a,233.91509,39.524679,4.228000164031982,15.100000381469727,233.9151611328125,39.52447509765625,5.809951305389404,0.9244750738143921,0.7277169823646545
SB67414_component_1114a,234.174541,37.314427,4.135000228881836,18.542600631713867,234.17506408691406,37.314666748046875,5.708174228668213,0.9202610850334167,0.7243998050689697
SB67414_component_1118a,233.063793,37.743188,4.423999786376953,21.475727081298828,233.06399536132812,37.74364471435547,6.311522960662842,0.8904584050178528,0.7009401321411133
SB67414_component_1119a,237.315254,38.783836,4.0970001220703125,18.967592239379883,237.31504821777344,38.7843017578125,6.339176654815674,0.8210428357124329,0.6462984681129456
SB67414_component_1123a,234.392836,35.513983,4.539000034332275,22.92424201965332,234.39248657226562,35.51373291015625,5.924896240234375,0.973222553730011,0.7660893797874451
SB67414_component_1125a,233.233193,36.421102,4.678999900817871,19.995725631713867,233.23341369628906,36.42136001586914,5.726451396942139,1.0380067825317383,0.8170853853225708
SB67414_component_1127a,233.57852,34.915824,3.9049999713897705,11.762048721313477,233.57872009277344,34.91551971435547,6.513595104217529,0.7616106271743774,0.5995153188705444
SB67414_component_1130a,235.104026,36.911235,4.4670000076293945,21.790245056152344,235.10421752929688,36.91144943237305,6.278436183929443,0.9038516879081726,0.7114828824996948
SB67414_component_1131a,238.466405,39.654032,4.447999954223633,10.955665588378906,238.4663543701172,39.65426254272461,5.402390956878662,1.0459513664245605,0.8233391642570496
SB67414_component_1134a,234.229943,35.501758,4.4019999504089355,21.163461685180664,234.23020935058594,35.50243377685547,4.4134087562561035,1.267093300819397,0.9974149465560913
SB67414_component_1138a,233.20764,39.556515,4.072000026702881,13.573332786560059,233.2076416015625,39.5573616027832,5.428811550140381,0.9528746008872986,0.7500720620155334
SB67414_component_1141a,237.522777,37.330527,4.113999843597412,20.467660903930664,237.52239990234375,37.330326080322266,4.517381191253662,1.1569384336471558,0.9107046127319336
SB67414_component_1142a,232.739279,37.465657,4.001999855041504,17.707963943481445,232.7392578125,37.46554946899414,5.000858783721924,1.0166352987289429,0.8002625107765198
SB67414_component_1146a,236.42545,36.227533,4.046000003814697,22.230770111083984,236.42539978027344,36.226558685302734,3.2848970890045166,1.5647207498550415,1.231697678565979
SB67414_component_1147a,236.488669,35.069887,4.186999797821045,17.89316177368164,236.4888916015625,35.06976318359375,6.046633720397949,0.8796744346618652,0.6924513578414917
SB67414_component_1149a,232.494619,35.483227,3.940000057220459,14.12186336517334,232.49462890625,35.4832763671875,6.52208137512207,0.7674369812011719,0.6041016578674316
SB67414_component_1150a,236.683493,38.467295,4.2769999504089355,19.265766143798828,236.6836395263672,38.46758270263672,5.116374969482422,1.0619635581970215,0.8359434008598328
SB67414_component_1152a,237.23345,34.97705,3.6740000247955322,13.408760070800781,237.23358154296875,34.97690963745117,3.766799211502075,1.2390801906585693,0.9753639101982117
SB67414_component_1153a,236.063276,35.855457,4.090000152587891,20.450000762939453,236.0631103515625,35.85546112060547,6.5866007804870605,0.7888504862785339,0.6209576725959778
SB67414_component_1154a,237.387191,34.897325,4.178999900817871,12.819018363952637,237.38751220703125,34.897056579589844,4.399929523468018,1.2065889835357666,0.9497879147529602
SB67414_component_1156a,232.816174,38.522601,4.011000156402588,17.74778938293457,232.81582641601562,38.52363586425781,3.7629551887512207,1.354117512702942,1.0659176111221313
SB67414_component_1159a,235.009143,38.367759,3.950000047683716,16.80851173400879,235.00955200195312,38.36781692504883,7.4922380447387695,0.6697585582733154,0.5272123217582703
SB67414_component_1173a,234.11665,36.717077,3.871999979019165,19.755102157592773,234.11703491210938,36.71822738647461,5.4584784507751465,0.9011486768722534,0.7093551754951477
SB67414_component_1175a,233.603457,35.050066,3.565000057220459,13.817830085754395,233.60362243652344,35.049827575683594,3.7678751945495605,1.2019758224487305,0.9461566209793091
SB67414_component_1177a,238.748808,39.46576,3.940999984741211,14.542435646057129,238.74864196777344,39.466392517089844,5.931480884552002,0.844065248966217,0.6644209027290344
SB67414_component_1178a,235.986103,35.06504,3.615000009536743,15.717391014099121,235.9865264892578,35.0650749206543,3.6758859157562256,1.2493352890014648,0.9834364056587219
SB67414_component_1180a,234.659891,36.958336,4.334000110626221,22.112245559692383,234.6605987548828,36.9587287902832,6.944390296936035,0.7928435802459717,0.6241008639335632
SB67414_component_1183a,234.107151,34.871601,3.822000026702881,11.688074111938477,234.1071319580078,34.87141418457031,5.186583042144775,0.9361427426338196,0.7369013428688049
SB67414_component_1184a,239.265446,38.628463,4.125999927520752,10.744791030883789,239.26531982421875,38.62838363647461,2.762418031692505,1.8974595069885254,1.4936189651489258
SB67414_component_1188a,233.684764,34.872467,3.934000015258789,13.518899917602539,233.68472290039062,34.87202453613281,3.6260299682617188,1.3782743215560913,1.0849331617355347
SB67414_component_1191a,234.94274,36.790549,3.7760000228881836,20.9777774810791,234.94322204589844,36.79078674316406,4.075623035430908,1.1769843101501465,0.9264841079711914
SB67414_component_1194a,232.031113,38.129628,3.8369998931884766,12.142404556274414,232.0308380126953,38.13033676147461,4.48183012008667,1.0875998735427856,0.8561234474182129
SB67414_component_1195a,238.595474,39.440799,3.867000102996826,12.678689002990723,238.59535217285156,39.440162658691406,4.461681365966797,1.1010533571243286,0.8667136430740356
SB67414_component_1202a,238.971059,37.761913,3.7809998989105225,16.02118682861328,238.97109985351562,37.76255798339844,4.43178129196167,1.0838297605514526,0.853155791759491
SB67414_component_1205a,238.27677,38.537434,4.02400016784668,18.044843673706055,238.27685546875,38.53776931762695,5.6943254470825195,0.8977355360984802,0.7066684365272522
SB67414_component_1209a,232.909703,37.144515,4.145999908447266,18.026086807250977,232.91058349609375,37.14588165283203,5.750755310058594,0.9158768653869629,0.7209487557411194
SB67414_component_1211a,236.710399,37.829968,4.189000129699707,19.483720779418945,236.71051025390625,37.83073806762695,4.81266975402832,1.1057502031326294,0.8704108595848083
SB67414_component_1213a,233.173913,38.230955,3.871999979019165,15.426295280456543,233.17384338378906,38.23100662231445,5.144500255584717,0.9561474919319153,0.7526484131813049
SB67414_component_1218a,232.283892,37.828924,3.565000057220459,10.156695365905762,232.28329467773438,37.82992935180664,3.2719409465789795,1.3841615915298462,1.0895673036575317
SB67414_component_1223a,238.301405,34.861101,3.575000047683716,11.532258033752441,238.3013458251953,34.86155700683594,3.2550034523010254,1.3952670097351074,1.0983091592788696
SB67414_component_1224a,232.642945,36.268983,3.609999895095825,13.370369911193848,232.6431121826172,36.2685546875,5.278539657592773,0.868812620639801,0.6839012503623962
SB67414_component_1226a,238.715671,36.095182,3.880000114440918,16.371307373046875,238.715576171875,36.0953254699707,5.989250183105469,0.8229851722717285,0.6478273272514343
SB67414_component_1227a,232.546854,39.027807,3.697999954223633,12.53559398651123,232.54708862304688,39.0285758972168,3.9919605255126953,1.1768289804458618,0.9263618588447571
SB67414_component_1228a,233.86899,34.893104,3.6730000972747803,12.578767776489258,233.8690643310547,34.89269256591797,3.668942928314209,1.2717820405960083,1.001105785369873
SB67414_component_1229a,238.833766,35.37043,4.120999813079834,10.844736099243164,238.83421325683594,35.369991302490234,4.93577766418457,1.0606685876846313,0.8349241018295288
SB67414_component_1230a,238.905472,39.51778,3.5989999771118164,12.853570938110352,238.905029296875,39.51778793334961,6.10908317565918,0.7484081983566284,0.5891227722167969
SB67414_component_1231a,232.373144,35.010461,3.197000026702881,10.021943092346191,232.37307739257812,35.01044464111328,4.028871059417725,1.008073091506958,0.7935225367546082
SB67414_component_1234a,237.918575,36.864723,3.753999948501587,17.961721420288086,237.9188690185547,36.86557388305664,3.6994268894195557,1.2891175746917725,1.0147517919540405
SB67414_component_1235a,232.876536,37.898089,3.753000020980835,16.905405044555664,232.8763885498047,37.89796447753906,3.903662919998169,1.2213467359542847,0.9614047408103943
SB67414_component_1239a,234.919386,37.41074,3.5959999561309814,15.367521286010742,234.91998291015625,37.41086959838867,5.272961616516113,0.866358757019043,0.6819697022438049
SB67414_component_1243a,232.670571,37.258176,3.4539999961853027,15.283185958862305,232.67041015625,37.25918960571289,4.03438138961792,1.0876222848892212,0.8561411499977112
SB67414_component_1247a,232.946505,35.837903,3.7320001125335693,15.109313011169434,232.9470977783203,35.83723449707031,3.1984589099884033,1.4822914600372314,1.1668119430541992
SB67414_component_1251a,234.002506,36.568792,3.4040000438690186,17.637306213378906,234.0029754638672,36.568904876708984,4.270522594451904,1.0126078128814697,0.7970921397209167
SB67414_component_1254a,237.866569,35.967924,3.5759999752044678,17.11004638671875,237.8666534423828,35.96795654296875,4.520142078399658,1.0050278902053833,0.7911255955696106
SB67414_component_1255a,238.90614,39.394829,3.3989999294281006,14.46382999420166,238.90599060058594,39.39568328857422,4.715290069580078,0.9157468676567078,0.72084641456604
SB67414_component_1257a,235.054906,37.799758,3.4619998931884766,16.02777671813965,235.05490112304688,37.79972457885742,4.294442653656006,1.0241249799728394,0.8061581254005432
SB67414_component_1258a,238.218626,35.395172,3.509999990463257,16.10091781616211,238.21878051757812,35.39487838745117,3.154766321182251,1.4134246110916138,1.1126022338867188
SB67414_component_1261a,234.495443,39.194496,3.875,17.85714340209961,234.4962158203125,39.195777893066406,5.47831916809082,0.8985807299613953,0.7073337435722351
SB67414_component_1262a,236.033345,37.082392,3.443000078201294,15.65000057220459,236.03309631347656,37.08303451538086,5.150524139404297,0.8492162823677063,0.6684756875038147
SB67414_component_1263a,236.952836,37.682254,3.63100004196167,19.73369598388672,236.95291137695312,37.683109283447266,3.934673547744751,1.1723309755325317,0.9228211641311646
SB67414_component_1264a,239.05746,36.102897,3.568000078201294,14.743802070617676,239.0573272705078,36.10336685180664,4.019109725952148,1.1277886629104614,0.8877587914466858
SB67414_component_1265a,232.309334,38.162004,3.5280001163482666,13.621622085571289,232.3092041015625,38.162540435791016,4.89186429977417,0.9161928296089172,0.7211974859237671
SB67414_component_1267a,239.047737,38.554424,3.875,12.301587104797363,239.04762268066406,38.553489685058594,4.64015531539917,1.0608937740325928,0.8351013660430908
SB67414_component_1268a,237.856619,36.523754,3.424999952316284,15.568181991577148,237.85693359375,36.523983001708984,3.9663655757904053,1.096984624862671,0.8635109066963196
SB67414_component_1269a,238.011618,38.010574,3.615000009536743,17.463768005371094,238.01156616210938,38.010684967041016,4.860244274139404,0.9448936581611633,0.743789792060852
SB67414_component_1292a,238.943847,36.013956,3.4570000171661377,13.995951652526855,238.94395446777344,36.014244079589844,4.449107646942139,0.9870955348014832,0.7770097255706787
SB67414_component_1294a,234.785243,37.793947,3.822000026702881,15.473684310913086,234.7846221923828,37.79420471191406,5.013637542724609,0.9684349894523621,0.7623207569122314
SB67414_component_1297a,236.534248,39.268717,3.5250000953674316,15.950226783752441,236.5343475341797,39.26842498779297,4.525094985961914,0.9896101355552673,0.7789891958236694
SB67414_component_1299a,239.317219,37.669279,3.8369998931884766,13.952726364135742,239.31785583496094,37.66918182373047,4.6405348777771,1.0504043102264404,0.826844334602356
SB67414_component_1300a,236.939176,37.357372,3.2170000076293945,16.165828704833984,236.9392852783203,37.3568000793457,3.840858221054077,1.0640339851379395,0.837573230266571
SB67414_component_1302a,238.398426,35.5086,3.0850000381469727,13.072033882141113,238.39871215820312,35.50823211669922,4.857181549072266,0.8068699836730957,0.6351420283317566
SB67414_component_1311a,232.565304,36.24368,3.374000072479248,11.322147369384766,232.56515502929688,36.243934631347656,3.248504400253296,1.3194541931152344,1.038631796836853
SB67414_component_1314a,236.088712,36.842494,3.4690001010894775,19.060440063476562,236.08872985839844,36.84285354614258,5.451137542724609,0.8084439635276794,0.6363809704780579
SB67414_component_1319a,233.08365,39.099001,3.444000005722046,14.0,233.08355712890625,39.10008239746094,4.153596878051758,1.053347110748291,0.8291608691215515
SB67414_component_1322a,236.444481,35.363635,3.3429999351501465,13.987447738647461,236.44476318359375,35.364192962646484,5.727207660675049,0.7415255904197693,0.5837050080299377
SB67414_component_1323a,236.401025,39.311837,3.6519999504089355,16.600000381469727,236.4009246826172,39.311553955078125,4.497738361358643,1.031500220298767,0.8119636178016663
SB67414_component_1326a,232.686309,36.372609,3.4609999656677246,13.572548866271973,232.68646240234375,36.373199462890625,4.488974571228027,0.9794610142707825,0.7710001468658447
SB67414_component_1329a,233.096426,35.38535,3.5320000648498535,12.26388931274414,233.09674072265625,35.38549041748047,5.183002948760986,0.8657090663909912,0.6814582347869873
SB67414_component_1331a,237.607064,37.846855,3.506999969482422,16.46478843688965,237.60726928710938,37.847782135009766,5.1137542724609375,0.8712215423583984,0.6857975125312805
SB67414_component_1333a,238.208672,38.881112,3.2209999561309814,13.14693832397461,238.20831298828125,38.881710052490234,4.785429000854492,0.8550717234611511,0.6730849146842957
SB67414_component_1336a,232.140662,35.48867,3.2780001163482666,10.373417854309082,232.14071655273438,35.4890251159668,3.2483084201812744,1.281989336013794,1.0091406106948853
SB67414_component_1342a,233.756678,34.910738,3.5899999141693115,11.012269973754883,233.75682067871094,34.91105270385742,4.0903143882751465,1.1149886846542358,0.8776831030845642
SB67414_component_1343a,236.315086,39.123699,3.556999921798706,17.266990661621094,236.3149871826172,39.123722076416016,3.684619665145874,1.2263767719268799,0.9653642177581787
SB67414_component_1346a,237.63395,37.122761,3.36299991607666,17.15816307067871,237.63430786132812,37.122772216796875,4.750091075897217,0.8994098901748657,0.7079864144325256
SB67414_component_1347a,237.484125,35.091762,3.6410000324249268,13.84410572052002,237.48416137695312,35.09233093261719,4.788608074188232,0.9659265279769897,0.7603462338447571
SB67414_component_1350a,232.970556,35.406646,3.3949999809265137,10.777777671813965,232.97088623046875,35.405704498291016,5.483524799346924,0.7865252494812012,0.6191273331642151
SB67414_component_1354a,236.612543,36.389141,3.118000030517578,14.918660163879395,236.61270141601562,36.388587951660156,4.302960395812988,0.920537531375885,0.7246174216270447
SB67414_component_1358a,238.037606,34.913817,3.305000066757202,12.91015625,238.03773498535156,34.913604736328125,2.0735058784484863,2.0248782634735107,1.593918800354004
SB67414_component_1359a,234.860345,35.777207,3.371000051498413,16.854999542236328,234.86045837402344,35.77647018432617,3.0163474082946777,1.4197442531585693,1.1175768375396729
SB67414_component_1361a,238.644854,38.31936,3.114000082015991,12.607288360595703,238.6446533203125,38.31991195678711,3.8586504459381104,1.0252172946929932,0.8070179224014282
SB67414_component_1362a,236.200462,38.662645,3.1989998817443848,15.233333587646484,236.20045471191406,38.66258239746094,3.7303271293640137,1.089431643486023,0.8575655221939087
SB67414_component_1373a,232.868756,38.353439,3.2149999141693115,15.382774353027344,232.86866760253906,38.35373306274414,3.1235525608062744,1.3075697422027588,1.029276728630066
SB67414_component_1376a,232.972325,36.794897,3.180000066757202,14.008810997009277,232.9726104736328,36.79478073120117,4.579040050506592,0.8822372555732727,0.6944687366485596
SB67414_component_1379a,232.438655,38.632209,3.444000005722046,14.0,232.43800354003906,38.63300323486328,3.3629956245422363,1.3009768724441528,1.0240869522094727
SB67414_component_1384a,238.694258,36.176174,3.1579999923706055,13.26890754699707,238.69442749023438,36.17567443847656,3.411909341812134,1.1758376359939575,0.9255814552307129
SB67414_component_1389a,234.242503,35.600012,3.502000093460083,17.336633682250977,234.2428436279297,35.59955596923828,3.496873140335083,1.2722398042678833,1.001466155052185
SB67414_component_1392a,234.609344,39.019926,3.2309999465942383,14.55405330657959,234.60964965820312,39.020774841308594,4.3004961013793945,0.954445481300354,0.7513086795806885
SB67414_component_1394a,234.373326,36.007181,2.9730000495910645,13.827906608581543,234.37359619140625,36.007686614990234,2.4632654190063477,1.5332621335983276,1.2069345712661743
SB67414_component_1400a,235.850822,36.442175,3.313999891281128,15.558685302734375,235.8509521484375,36.4423828125,3.4396731853485107,1.2239623069763184,0.9634636044502258
SB67414_component_1408a,235.695845,36.043757,2.927999973297119,14.639999389648438,235.6958465576172,36.0431022644043,2.835344076156616,1.311891794204712,1.0326788425445557
SB67414_component_1409a,232.116944,36.917971,2.9119999408721924,10.785184860229492,232.11636352539062,36.91807174682617,3.8294930458068848,0.9660125970840454,0.7604139447212219
SB67414_component_1410a,235.210573,35.152169,3.240000009536743,15.355450630187988,235.2111053466797,35.1519775390625,4.058687686920166,1.0141264200210571,0.798287570476532
SB67414_component_1412a,237.711679,35.4417,3.0380001068115234,13.383260726928711,237.71206665039062,35.44135665893555,3.0149776935577393,1.2800779342651367,1.0076360702514648
SB67414_component_1414a,235.339122,36.267118,3.114000082015991,16.652406692504883,235.33956909179688,36.2667121887207,3.272322654724121,1.2089135646820068,0.9516176581382751
SB67414_component_1424a,237.224291,38.979913,2.9570000171661377,13.626729011535645,237.2238311767578,38.980499267578125,4.304964065551758,0.8725985884666443,0.6868814826011658
SB67414_component_1425a,233.303737,35.402615,2.7850000858306885,12.488789558410645,233.30389404296875,35.4034309387207,3.4907686710357666,1.0135306119918823,0.7978186011314392
SB67414_component_1427a,233.82155,38.957325,3.0969998836517334,14.271889686584473,233.8216552734375,38.958740234375,4.218124866485596,0.9327268004417419,0.7342124581336975
SB67414_component_1428a,237.624005,37.193946,3.3949999809265137,15.645161628723145,237.62403869628906,37.19416046142578,4.7736639976501465,0.9034844040870667,0.7111937403678894
SB67414_component_1432a,235.531938,35.55509,3.388000011444092,16.210525512695312,235.5318145751953,35.55457305908203,2.163045883178711,1.9898045063018799,1.5663098096847534
SB67414_component_1436a,235.407768,39.256319,3.0390000343322754,15.194999694824219,235.40744018554688,39.25558853149414,4.483067035675049,0.861168622970581,0.6778841614723206
SB67414_component_1438a,235.84697,38.771403,2.7149999141693115,11.172839164733887,235.84706115722656,38.7711181640625,3.136937379837036,1.0995036363601685,0.8654938340187073
SB67414_component_1439a,238.571262,37.939323,2.944000005722046,11.499999046325684,238.57115173339844,37.939579010009766,5.540423393249512,0.6750370264053345,0.5313673615455627
SB67414_component_1440a,234.665032,37.90646,3.183000087738037,14.668203353881836,234.66539001464844,37.90681457519531,3.8500494956970215,1.0502750873565674,0.8267426490783691
SB67414_component_1447a,236.86603,38.34355,3.0940001010894775,14.7333345413208,236.86636352539062,38.344303131103516,4.461191177368164,0.8810533881187439,0.6935367584228516
SB67414_component_1450a,233.430983,39.367363,3.2039999961853027,13.239669799804688,233.43055725097656,39.367401123046875,2.766437292098999,1.4713106155395508,1.1581683158874512
SB67414_component_1451a,234.165196,38.399844,3.0260000228881836,13.156521797180176,234.16522216796875,38.39945602416992,3.225430488586426,1.1918290853500366,0.9381693601608276
SB67414_component_1452a,234.828762,38.098442,2.4119999408721924,11.765853881835938,234.82933044433594,38.09782791137695,2.9529082775115967,1.0376719236373901,0.816821813583374
SB67414_component_1454a,237.673626,39.415845,2.880000114440918,12.52173900604248,237.67376708984375,39.41688919067383,4.114734649658203,0.8891671299934387,0.6999236345291138
SB67414_component_1456a,236.759471,36.442548,3.052999973297119,14.134259223937988,236.75950622558594,36.44241714477539,3.472764730453491,1.1168224811553955,0.8791266083717346
SB67414_component_1458a,235.725674,37.035775,2.877000093460083,14.313432693481445,235.72573852539062,37.03596878051758,3.256957769393921,1.1221747398376465,0.8833397030830383
SB67414_component_1459a,236.693837,35.119663,2.5450000762939453,10.05928897857666,236.69390869140625,35.119998931884766,3.1456339359283447,1.0278087854385376,0.8090579509735107
SB67414_component_1460a,235.505062,37.591085,3.0429999828338623,14.990148544311523,235.50540161132812,37.59166717529297,3.5912909507751465,1.0764256715774536,0.8473275899887085
SB67414_component_1466a,233.216893,39.350985,3.378999948501587,15.5,233.2171173095703,39.35209274291992,5.122215270996094,0.8380367755889893,0.6596754789352417
SB67414_component_1468a,237.179217,39.24905,3.0329999923706055,13.540178298950195,237.1788330078125,39.24932098388672,3.3525538444519043,1.1492893695831299,0.9046834707260132
SB67414_component_1476a,235.630464,35.642472,2.8429999351501465,14.579487800598145,235.6306915283203,35.642059326171875,4.371341228485107,0.8262183666229248,0.6503724455833435
SB67414_component_1486a,232.507103,36.943903,3.184000015258789,14.948356628417969,232.5067138671875,36.94316482543945,4.300153732299805,0.940636396408081,0.7404386401176453
SB67414_component_1487a,232.378989,36.942104,2.6029999256134033,12.220657348632812,232.37904357910156,36.942752838134766,2.4999325275421143,1.3227524757385254,1.0412280559539795
SB67414_component_1488a,234.958702,38.441662,3.2070000171661377,15.344497680664062,234.95877075195312,38.440670013427734,3.457254648208618,1.1784205436706543,0.9276146292686462
SB67414_component_1497a,237.128741,38.356934,3.1410000324249268,15.100961685180664,237.12838745117188,38.35647964477539,3.9352505207061768,1.0139774084091187,0.798170268535614
SB67414_component_1504a,236.696169,35.527838,3.1570000648498535,12.142308235168457,236.695556640625,35.52792739868164,5.854944705963135,0.684990406036377,0.5392023921012878
SB67414_component_1507a,234.214382,37.644122,3.190999984741211,14.637615203857422,234.21485900878906,37.6446533203125,4.7065510749816895,0.861304521560669,0.6779911518096924
SB67414_component_1510a,233.433377,36.98669,2.8529999256134033,12.623893737792969,233.43344116210938,36.987186431884766,3.405423164367676,1.064298391342163,0.8377813100814819
SB67414_component_1519a,235.069531,38.934718,3.1540000438690186,14.534563064575195,235.0697479248047,38.935604095458984,4.1739420890808105,0.9599485993385315,0.7556405663490295
SB67414_component_1525a,238.483103,39.092609,2.9739999771118164,14.22966480255127,238.48297119140625,39.09367752075195,3.3780996799468994,1.1184104681015015,0.8803766369819641
SB67414_component_1526a,233.798674,38.995719,2.930000066757202,12.208333969116211,233.79832458496094,38.9959831237793,2.6803529262542725,1.3886997699737549,1.0931396484375
SB67414_component_1529a,236.851109,39.382177,2.493000030517578,10.563559532165527,236.8506622314453,39.38242721557617,5.062254905700684,0.6256205439567566,0.49246829748153687
SB67414_component_1534a,237.275188,35.588551,3.1110000610351562,13.585152626037598,237.27540588378906,35.58811950683594,3.198709726333618,1.235543131828308,0.9725796580314636
SB67414_component_1536a,232.690938,38.663815,2.828000068664551,11.882352828979492,232.69093322753906,38.66500473022461,3.4097740650177,1.0536260604858398,0.8293805122375488
SB67414_component_1537a,238.447761,38.364914,2.390000104904175,10.963303565979004,238.44781494140625,38.364532470703125,2.1451046466827393,1.4154096841812134,1.1141648292541504
SB67414_component_1539a,232.122906,35.321693,3.0450000762939453,10.572916984558105,232.12271118164062,35.32174301147461,4.510395050048828,0.85764080286026,0.6751071810722351
SB67414_component_1540a,233.047845,35.231984,2.6659998893737793,10.02255630493164,233.04794311523438,35.23200607299805,2.93943452835083,1.1522032022476196,0.906977117061615
SB67414_component_1541a,237.515629,39.310118,3.0290000438690186,14.70388412475586,237.5155029296875,39.31114959716797,4.223917007446289,0.9109963178634644,0.7171068787574768
SB67414_component_1545a,234.147346,36.025597,3.006999969482422,15.110552787780762,234.14756774902344,36.025394439697266,3.5208756923675537,1.0849642753601074,0.8540489077568054
SB67414_component_1547a,238.467101,37.812241,2.990000009536743,13.056768417358398,238.46743774414062,37.8131217956543,4.20511531829834,0.9032874703407288,0.7110387682914734
SB67414_component_1550a,235.911124,39.264039,2.8420000076293945,12.744394302368164,235.91078186035156,39.26380157470703,3.325582981109619,1.0856479406356812,0.8545870184898376
SB67414_component_1561a,232.866914,37.033096,2.871000051498413,13.671429634094238,232.86680603027344,37.03343200683594,3.333367347717285,1.0941648483276367,0.861291229724884
SB67414_component_1570a,232.80847,39.06357,2.9639999866485596,12.61276626586914,232.80825805664062,39.062957763671875,2.442779064178467,1.5414403676986694,1.2133721113204956
SB67414_component_1571a,235.319876,36.924994,2.9079999923706055,14.613064765930176,235.31976318359375,36.924888610839844,3.2435004711151123,1.138972282409668,0.8965622186660767
SB67414_component_1574a,237.572385,36.567901,2.819999933242798,12.995391845703125,237.57284545898438,36.567569732666016,2.7109079360961914,1.3214995861053467,1.0402418375015259
SB67414_component_1589a,237.588912,37.075388,2.5360000133514404,13.347368240356445,237.58876037597656,37.075679779052734,2.939359664916992,1.0960471630096436,0.8627729415893555
SB67414_component_1590a,237.813249,37.243994,2.8570001125335693,13.868932723999023,237.81349182128906,37.24447250366211,5.103935241699219,0.7111117243766785,0.5597642064094543
SB67414_component_1597a,232.468144,37.182372,2.627000093460083,10.678861618041992,232.46780395507812,37.18370056152344,2.8454363346099854,1.172853946685791,0.9232327938079834
SB67414_component_1600a,238.650371,37.139646,2.5959999561309814,10.301587104797363,238.65042114257812,37.14005661010742,2.4720163345336914,1.3340928554534912,1.0501548051834106
SB67414_component_1602a,235.786842,39.202669,2.566999912261963,11.884258270263672,235.78704833984375,39.203147888183594,4.228597640991211,0.771191418170929,0.6070570349693298
SB67414_component_1604a,236.321672,36.858474,2.622999906539917,13.314720153808594,236.32211303710938,36.859413146972656,2.9051384925842285,1.14700186252594,0.9028829336166382
SB67414_component_1611a,232.850376,38.68245,2.6710000038146973,11.037190437316895,232.8499298095703,38.68339538574219,3.343240737915039,1.0149366855621338,0.7989253997802734
SB67414_component_1613a,233.077766,36.005772,2.3340001106262207,10.147826194763184,233.07806396484375,36.00676345825195,2.8066351413726807,1.0564467906951904,0.8316008448600769
SB67414_component_1614a,234.259034,36.500747,2.5920000076293945,11.571428298950195,234.25942993164062,36.50071716308594,4.533644199371338,0.7263070940971375,0.5717254877090454
SB67414_component_1618a,237.65424,39.190589,2.5269999504089355,11.919811248779297,237.654052734375,39.1907844543457,3.5443010330200195,0.9057478904724121,0.7129755616188049
SB67414_component_1625a,238.484922,37.875161,2.61299991607666,10.75308609008789,238.48507690429688,37.87510299682617,3.9106578826904297,0.8488330841064453,0.6681740283966064
SB67414_component_1628a,235.361364,36.484875,2.7039999961853027,13.7258882522583,235.3620147705078,36.484737396240234,3.72263765335083,0.9227597117424011,0.7263666987419128
SB67414_component_1651a,235.417623,35.010857,2.74399995803833,10.59459400177002,235.41766357421875,35.010955810546875,3.7989749908447266,0.9175935983657837,0.722300112247467
SB67414_component_1654a,233.337013,37.215586,2.374000072479248,10.889908790588379,233.33702087402344,37.21477508544922,3.5436623096466064,0.8510618209838867,0.6699284315109253
SB67414_component_1655a,236.14548,36.665583,2.3299999237060547,10.401784896850586,236.14581298828125,36.66641616821289,2.895521879196167,1.0222610235214233,0.8046908378601074
SB67414_component_1657a,234.193903,38.688652,2.2730000019073486,11.252474784851074,234.19410705566406,38.688602447509766,2.9338207244873047,0.9842345118522644,0.7747576236724854
SB67414_component_1658a,234.695357,35.357999,2.506999969482422,11.660465240478516,234.69557189941406,35.35786437988281,2.8396551609039307,1.1215572357177734,0.8828536868095398
SB67414_component_1681a,238.13131,38.271812,2.5369999408721924,12.375609397888184,238.1317901611328,38.27288818359375,2.885550022125244,1.1169264316558838,0.8792084455490112
SB67414_component_1686a,234.025036,38.090368,2.2939999103546143,11.527637481689453,234.0253448486328,38.09135818481445,2.2202820777893066,1.3125563859939575,1.033202052116394
SB67414_component_1687a,236.370439,37.628448,2.6110000610351562,13.962566375732422,236.37010192871094,37.62911605834961,3.5870535373687744,0.9247019290924072,0.7278954982757568
SB67414_component_1703a,233.525497,38.279538,2.322999954223633,11.114831924438477,233.5258026123047,38.28007507324219,2.9560976028442383,0.9983047842979431,0.7858332991600037
SB67414_component_1712a,235.250219,37.105713,2.4130001068115234,12.24873161315918,235.2506866455078,37.105865478515625,2.5321826934814453,1.210584282875061,0.9529328346252441
SB67414_component_1733a,237.593516,37.304218,2.3489999771118164,11.804019927978516,237.5926971435547,37.3046875,2.7252328395843506,1.0949950218200684,0.8619446754455566
SB67414_component_1735a,236.17891,38.260353,2.5920000076293945,11.675675392150879,236.17880249023438,38.26118087768555,2.923335075378418,1.126390814781189,0.8866585493087769
SB67414_component_1748a,232.741033,37.516241,2.5250000953674316,10.520833969116211,232.74107360839844,37.516422271728516,2.813082695007324,1.1402803659439087,0.8975918292999268
SB67414_component_1749a,233.036701,37.511279,2.5169999599456787,12.159420013427734,233.03697204589844,37.51252365112305,2.792593479156494,1.1450071334838867,0.9013127088546753
SB67414_component_1750a,234.801365,35.741774,2.3010001182556152,10.555047035217285,234.8018035888672,35.74386215209961,3.337024211883545,0.8759715557098389,0.6895365118980408
SB67414_component_1753a,236.868501,36.173481,2.359999895095825,11.028037071228027,236.86785888671875,36.17307662963867,3.505612373352051,0.8552258014678955,0.6732061505317688
SB67414_component_1777a,233.551386,38.512984,2.26200008392334,11.78125,233.55117797851562,38.51308822631836,2.7816851139068604,1.0330406427383423,0.813176155090332
SB67414_component_1780a,235.400717,36.87659,2.3350000381469727,11.852791786193848,235.4004669189453,36.876869201660156,2.3124032020568848,1.2827913761138916,1.0097720623016357
SB67414_component_1785a,235.562973,38.328916,2.446000099182129,10.728070259094238,235.56297302246094,38.33022689819336,4.120291709899902,0.7541560530662537,0.593647301197052
SB67414_component_1789a,233.522942,39.100013,2.2769999504089355,10.493087768554688,233.52236938476562,39.10072326660156,3.3927676677703857,0.8525927066802979,0.6711334586143494
SB67414_component_1794a,235.796945,38.692175,2.3369998931884766,10.527026176452637,235.79705810546875,38.69160461425781,3.4613454341888428,0.8577218055725098,0.6751709580421448
SB67414_component_1804a,233.152632,37.703984,2.0339999198913574,10.119401931762695,233.15264892578125,37.705284118652344,2.566462278366089,1.0068129301071167,0.7925305962562561
SB67414_component_1821a,236.240801,35.418231,2.2260000705718994,10.118182182312012,236.24171447753906,35.41828155517578,3.663170337677002,0.7719706296920776,0.6076703667640686
SB67414_component_1857a,236.849514,37.627401,2.3610000610351562,11.405797004699707,236.8496856689453,37.627864837646484,2.906712055206299,1.0318740606307983,0.8122580051422119
