Component_ID,RA,DEC,RA_comp,DEC_comp
SB67299_component_27a,192.617544,13.727834,192.617575,13.727885
SB67299_component_56a,195.170926,14.291415,195.170988,14.291504
