Component_ID,RA,DEC,RA_comp,DEC_comp
SB66896_component_222a,186.100874,24.606453,186.100776,24.606528
