Component_ID,RA,DEC,ASKAP_flux,ASKAP_flux_SNR,RA_comp,DEC_comp,Comp_flux,Flux_Ratio_AlphaCorr,Flux_Ratio_NOAlphaCorr
SB70670_component_11a,38.306435,-29.92358,270.93701171875,1354.68505859375,38.30660673524334,-29.92329263404937,259.40832736088896,0.8557129488914067,1.0444422292651474
SB70670_component_22a,40.31905,-30.138625,134.91799926757812,581.5430908203125,40.31923625156276,-30.138446451590482,128.32488244101444,0.8613956972270822,1.051378319630211
SB70670_component_26a,38.680093,-26.340032,112.20099639892578,584.3801879882812,38.680331061030586,-26.339883682311463,106.805853326636,0.8606871922789803,1.0505135524341558
SB70670_component_32a,37.88267,-28.252034,105.75199890136719,531.4170532226562,37.88275349977925,-28.251836581260456,101.43352714831519,0.8541826353899924,1.0425744019207532
SB70670_component_35a,40.560638,-27.788604,100.56600189208984,515.7230834960938,40.560742992957316,-27.788396330407473,90.9356984297396,0.9060673036754205,1.1059023422994985
SB70670_component_38a,37.082267,-25.603116,99.30899810791016,313.277587890625,37.082285060724075,-25.60325466020433,95.88494407933595,0.848558644356091,1.0357100279032454
SB70670_component_52a,37.604322,-29.525593,76.76599884033203,428.8603210449219,37.60446914323701,-29.525398010685397,72.90545626275158,0.8626856097151907,1.0529527250150803
SB70670_component_54a,37.771583,-30.052444,77.0780029296875,377.8333435058594,37.771709318706385,-30.052249147194082,80.51964840465723,0.7842820307405752,0.9572570727374081
SB70670_component_59a,42.55985,-27.524688,65.98999786376953,192.3906707763672,42.559672199635415,-27.524965384614916,69.05191654761242,0.7829716875642203,0.9556577306332743
SB70670_component_62a,36.432924,-30.068989,71.38600158691406,356.92999267578125,36.433024501918226,-30.06882482286594,71.68264334400767,0.8159108835986547,0.9958617352366596
SB70670_component_67a,36.956762,-25.776544,64.93399810791016,324.66998291015625,36.95682084164282,-25.77644416625619,57.814248971749805,0.9201972615533665,1.1231486919364693
SB70670_component_74a,37.841319,-26.19924,60.49700164794922,357.9704284667969,37.84150930680024,-26.199156984579094,60.188133771022954,0.8235057842902073,1.005131707158446
SB70670_component_79a,41.289311,-26.297002,68.24400329589844,348.1836853027344,41.28943664117041,-26.296713945418382,57.41366807951109,0.9738518237329041,1.1886368800089313
SB70670_component_87a,38.120728,-27.405944,56.43199920654297,364.0774230957031,38.12098404783748,-27.405745706622596,55.681577658685406,0.8303431077664475,1.0134770166258122
SB70670_component_93a,38.668084,-27.041863,54.74300003051758,327.8023986816406,38.66821807296175,-27.04159348643214,54.935053194482634,0.8164370887476876,0.9965039960317296
SB70670_component_94a,41.823987,-27.738367,56.98899841308594,298.3717346191406,41.82411211368176,-27.738164602891327,56.00804631741826,0.8336510112603301,1.01751448515287
SB70670_component_98a,37.921569,-26.678535,55.89400100708008,353.7594909667969,37.921640809847666,-26.678277923383327,55.32046794117409,0.8277954486121156,1.010367465917242
SB70670_component_101a,39.319589,-26.398107,53.04199981689453,306.6011657714844,39.31976936543862,-26.397897429418986,52.387630891528666,0.8295351852347447,1.0124909050901876
SB70670_component_102a,37.22287,-30.392865,50.75,179.32862854003906,37.22300555223272,-30.392625355390354,51.99747525290542,0.7996454501743444,0.9760089264557953
SB70670_component_108a,36.72366,-30.264887,49.19599914550781,180.2051239013672,36.72376577754096,-30.264678565081805,47.54204722644806,0.847804245495161,1.0347892447959128
SB70670_component_109a,36.653024,-26.442503,47.290000915527344,265.6741638183594,36.65311452742824,-26.442313302422562,45.325964088914105,0.8548028331368028,1.0433313855776012
SB70670_component_111a,41.070039,-30.677241,49.81100082397461,73.79407501220703,41.07010782670351,-30.677029185333446,65.68066595507177,0.6213429873487591,0.7583814825819114
SB70670_component_112a,40.544201,-27.494175,44.35200119018555,264.0,40.544319147039936,-27.49395300914019,44.057576899899225,0.8247765282598916,1.006682716368067
SB70670_component_119a,41.843027,-28.882047,44.540000915527344,233.1937255859375,41.843066259727536,-28.881942389108186,41.56140318458833,0.8780185690416805,1.0716674005858284
SB70670_component_126a,38.832869,-29.163308,41.78900146484375,259.55902099609375,38.83303038088326,-29.16302660154384,41.269911018996204,0.829606492683232,1.0125779395455592
SB70670_component_128a,39.187636,-30.066283,41.85300064086914,235.12921142578125,39.187789791196984,-30.066077253148247,41.23375014614988,0.831605677990711,1.0150180493533665
SB70670_component_132a,36.470049,-30.754723,40.1619987487793,38.39579391479492,36.47010688862668,-30.754464618981654,36.85510559645713,0.8928147144798387,1.0897268668425701
SB70670_component_138a,39.296659,-27.682608,38.86600112915039,227.2865447998047,39.296844826820085,-27.682360944407137,50.634786090653,0.6288753328289434,0.7675751026096448
SB70670_component_139a,36.470821,-30.185755,35.584999084472656,142.91165161132812,36.47093319277299,-30.185575432589044,39.853962150422035,0.7315417818840603,0.892884851703404
SB70670_component_143a,38.623278,-28.397084,39.875999450683594,252.37973022460938,38.623365543971666,-28.396922071600496,43.06265894519287,0.75867263573239,0.9259994721049382
SB70670_component_146a,36.461805,-26.240055,36.625999450683594,182.21890258789062,36.46186994908659,-26.23990166466773,36.67149565075929,0.8182849098442887,0.9987593579354118
SB70670_component_147a,37.959939,-30.459308,36.91999816894531,111.87877655029297,37.96013387976299,-30.45912513936107,33.72443287449947,0.896934432597612,1.0947551974065115
SB70670_component_148a,37.502305,-29.327685,35.08700180053711,210.101806640625,37.50247129499826,-29.327462840545813,36.40068685001353,0.7897331374083663,0.9639104323803184
SB70670_component_153a,42.512597,-28.349524,35.111000061035156,193.98342895507812,42.512364057224914,-28.349931232861294,28.59013797656407,1.0061682969545265,1.2280808189808798
SB70670_component_155a,36.765983,-28.710465,33.16899871826172,186.34268188476562,36.766115630594015,-28.710269055700262,34.02987529095629,0.7985749534886618,0.9747023294874267
SB70670_component_162a,39.920446,-29.901495,32.31999969482422,169.21466064453125,39.92062864428757,-29.901322898298336,32.89834783661025,0.804898171377242,0.9824201463046595
SB70670_component_164a,36.018762,-30.201835,33.78900146484375,147.5502166748047,36.01885577410977,-30.201660488040776,31.516515959640827,0.8783767600636214,1.0721045913867193
SB70670_component_166a,42.045856,-28.906758,31.11199951171875,151.76585388183594,42.04591989873332,-28.906692133352795,31.05417513723314,0.8208269483216266,1.001862048314923
SB70670_component_168a,40.661693,-26.904734,31.493999481201172,187.4642791748047,40.66175946334444,-26.904539795607274,30.314827696734117,0.8511701655325378,1.0388975255364585
SB70670_component_170a,37.117938,-28.475139,31.945999145507812,199.66250610351562,37.11806725045457,-28.474906093809068,29.166031541763488,0.897393284899269,1.0953152505428663
SB70670_component_171a,35.639869,-30.02574,33.92399978637695,128.5,35.6398942466087,-30.025651594443612,30.10963282137738,0.9230926079946586,1.1266826130902343
SB70670_component_178a,39.893152,-29.922155,30.590999603271484,149.22439575195312,39.893351885645544,-29.921967031016553,29.506183516110806,0.8494235744961723,1.0367657201944926
SB70670_component_182a,37.988828,-28.508411,28.93600082397461,187.89610290527344,37.988898751144454,-28.508247536610632,30.540863888306383,0.7762486743058153,0.9474519427413365
SB70670_component_183a,41.027162,-29.496349,29.47800064086914,163.76666259765625,41.02734805209243,-29.49617961959398,26.593962218101357,0.9081522377026982,1.1084471128865763
SB70670_component_185a,41.388163,-25.534005,29.06100082397461,91.67507934570312,41.38833705983905,-25.534180451765877,27.396428806422787,0.86908107421171,1.0607587225807176
SB70670_component_188a,35.558836,-29.331346,27.280000686645508,51.961910247802734,35.55884589700421,-29.331329415414196,30.64562222050271,0.729322503686975,0.8901761070589224
SB70670_component_191a,38.229178,-26.960034,27.225000381469727,177.94117736816406,38.22925578925578,-26.95978050593415,25.846954011776994,0.8629829298021217,1.0533156196689495
SB70670_component_199a,37.750451,-26.469402,26.357999801635742,161.7055206298828,37.75057955748298,-26.46922292270436,34.213536959379944,0.6311871632182369,0.7703968120258745
SB70670_component_200a,38.195206,-26.808185,24.93400001525879,165.12583923339844,38.19529291589246,-26.80794111897821,23.66524058888661,0.8632263967507054,1.0536127837621898
SB70670_component_204a,38.363795,-28.148194,25.82900047302246,175.70748901367188,38.36388766633269,-28.148013382277156,28.217982246228758,0.7499379395009037,0.9153383203533068
SB70670_component_205a,38.593647,-26.351643,26.216999053955078,148.96022033691406,38.59384947240054,-26.351487337955913,26.163745580164687,0.8209689688944977,1.002035391822139
SB70670_component_207a,38.633346,-27.81795,24.722000122070312,147.15476989746094,38.63351727100444,-27.817629094611384,24.027126479370608,0.8429958770280755,1.0289203806079896
SB70670_component_208a,39.354431,-25.665279,25.21299934387207,112.05777740478516,39.35447621759171,-25.665361005899154,23.87065967040458,0.8653738597530651,1.0562338742205668
SB70670_component_211a,39.909348,-28.522453,24.886999130249023,161.60389709472656,39.909384277291366,-28.522289429363898,21.863680964779345,0.9325946763113416,1.138280382445207
SB70670_component_213a,38.890282,-27.939418,24.618999481201172,157.81410217285156,38.890453900283596,-27.93913435758949,23.38076518488349,0.8626911836850395,1.0529595283356357
SB70670_component_214a,37.97249,-29.000761,24.155000686645508,157.87582397460938,37.97271567326201,-29.000524585006055,24.973249885381644,0.7924569383549619,0.9672349733217899
SB70670_component_215a,38.842225,-26.491896,25.804000854492188,157.34146118164062,38.84240561100634,-26.49170273647076,23.947998106032003,0.8827983511316477,1.077501373611379
SB70670_component_217a,39.690752,-25.991869,24.194000244140625,151.21250915527344,39.690961578676394,-25.991666945372433,22.98623031093155,0.8623500794902048,1.0525431928973015
SB70670_component_222a,36.328308,-27.990138,25.57699966430664,145.32386779785156,36.32841489794375,-27.98997528860205,24.328897490559303,0.8613325311195693,1.051301222105591
SB70670_component_225a,40.998073,-27.76182,23.26099967956543,141.83535766601562,40.99818451539967,-27.761619543338863,21.653168529435668,0.8801376514260562,1.0742538510215744
SB70670_component_229a,38.182435,-27.455686,22.844999313354492,148.34414672851562,38.18272963038532,-27.45549624596964,21.69082959630826,0.8628964209294414,1.0532100310834893
SB70670_component_230a,41.25955,-30.483441,22.486000061035156,62.63509750366211,41.25966517032476,-30.483206081688543,18.83232384255097,0.9782547709228097,1.194010906409162
SB70670_component_234a,39.398665,-26.168913,22.697999954223633,135.91616821289062,39.39885221264681,-26.168730313292162,19.15808872006337,0.9706867277373671,1.1847737154726234
SB70670_component_237a,39.90992,-26.862574,21.777999877929688,136.9685516357422,39.90997097917257,-26.862353251939037,26.297415191139386,0.6784980575910227,0.8281422230907141
SB70670_component_239a,40.894765,-30.356121,24.246999740600586,80.02310180664062,40.89481266623588,-30.355977160546722,18.073236937313514,1.0991722271307727,1.3415969604504487
SB70670_component_242a,37.381208,-29.995385,21.590999603271484,124.0862045288086,37.38128369624983,-29.9951991446635,20.838777905693007,0.8488758614236905,1.036097207858479
SB70670_component_243a,39.456667,-27.157468,21.815000534057617,134.66049194335938,39.45680883360842,-27.157289436694132,21.174588984219174,0.8440806019145989,1.0302443438366489
SB70670_component_244a,37.247626,-26.926097,20.43600082397461,127.72500610351562,37.24774311392069,-26.925848826753835,25.068945491256603,0.6678878243922353,0.8151918807714571
SB70670_component_247a,37.35479,-28.901147,20.822999954223633,116.32960510253906,37.354945015953966,-28.900948548879384,19.47762732731901,0.8758927406664352,1.0690727163168188
SB70670_component_249a,41.607291,-26.350401,19.61199951171875,107.75823974609375,41.6074773401171,-26.350145121568946,20.24163186423308,0.7938163369467549,0.9688941901158231
SB70670_component_253a,40.116381,-27.976836,20.724000930786133,121.19298553466797,40.11647768683986,-27.976684992341916,19.43493000879928,0.8736436065489995,1.0663275309663178
SB70670_component_255a,38.851353,-25.763481,18.878999710083008,106.0617904663086,38.85162419287874,-25.7633514041956,18.89046181211022,0.8188042448484333,0.9993932333607712
SB70670_component_264a,38.819503,-28.259182,18.746999740600586,127.53060913085938,38.81965767655994,-28.258999767123324,17.772649402135833,0.8642179461028958,1.0548230213975671
SB70670_component_265a,36.01423,-28.65389,19.368000030517578,100.35233306884766,36.01435344694491,-28.653738057986125,18.295178883635952,0.8673448372432621,1.0586395549180012
SB70670_component_266a,38.90006,-29.926409,17.893999099731445,98.31867980957031,38.90018351847794,-29.926190525085126,15.5909153132091,0.9403282408555671,1.147719600822352
SB70670_component_267a,42.412851,-29.317646,19.156999588012695,66.98251342773438,42.41276175205169,-29.317738929696954,16.11353623070203,0.9740478920902932,1.1888761916525672
SB70670_component_269a,41.862508,-29.500585,18.020000457763672,77.33905792236328,41.86256142483115,-29.500440251106237,16.20227770385201,0.9112182450430187,1.1121893345575424
SB70670_component_270a,42.318006,-29.940856,18.31399917602539,35.56116485595703,42.3178009310108,-29.940939118831363,15.59553099616016,0.9621143782296776,1.174310716354227
SB70670_component_271a,42.63343,-29.080026,19.836000442504883,49.9647331237793,42.63320182107421,-29.080223725893557,15.937190307878435,1.0197319612628435,1.2446359778171878
SB70670_component_275a,36.5867,-28.463796,18.035999298095703,108.65060424804688,36.586810382792436,-28.46358317772595,19.44964967391777,0.7597524466785401,0.9273174376133988
SB70670_component_276a,42.200557,-28.777705,18.107999801635742,70.45914459228516,42.200444871354726,-28.777866642814764,15.995269119976403,0.9275185635627923,1.132084722414627
SB70670_component_282a,41.787611,-28.180493,18.68400001525879,90.26087188720703,41.787499199163136,-28.180553117499553,19.179667373746508,0.7981278561075671,0.9741566238439464
SB70670_component_283a,37.548191,-26.405624,17.68000030517578,109.81366729736328,37.548278853150045,-26.40547444934351,16.386684538022067,0.8839645646877781,1.0789247980061392
SB70670_component_289a,40.047254,-30.49432,17.597000122070312,46.55290985107422,40.0472406834276,-30.49407442151027,14.104713895786793,1.0221580109427744,1.2475970978274644
SB70670_component_290a,41.451786,-28.879891,18.281999588012695,95.21875,41.45190957684659,-28.87972578186765,17.951639910285703,0.8343787740898874,1.018402757596408
SB70670_component_295a,41.616995,-30.399752,16.236000061035156,50.579437255859375,41.61701994895609,-30.399540653071256,16.395478883806668,0.8113320251815548,0.9902730000202054
SB70670_component_296a,35.258398,-30.00685,16.32200050354004,31.448942184448242,35.258327904529416,-30.00668974342716,17.634998653525265,0.7583010143454934,0.9255458888440145
SB70670_component_298a,41.183411,-25.625207,16.611000061035156,60.40363693237305,41.18357184678413,-25.625233181135307,14.64928998854281,0.9290153386859911,1.1339116144213541
SB70670_component_301a,40.15344,-27.685997,16.690000534057617,109.08497619628906,40.15360550819161,-27.68581598079291,16.950473759369988,0.8067113928542465,0.9846332775702871
SB70670_component_302a,35.393961,-29.661013,16.327999114990234,35.65065383911133,35.39388733202712,-29.66093946228908,14.077530924935916,0.9502768709128075,1.159862422043627
SB70670_component_303a,35.475813,-28.43793,17.1560001373291,49.01714324951172,35.4758764248204,-28.437811278994722,21.611997519051016,0.650376458573887,0.7938183466015141
SB70670_component_307a,39.431255,-27.509319,16.59000015258789,104.99999237060547,39.43140614928174,-27.509098199499846,17.551491891721263,0.7744190596626469,0.9452188027624654
SB70670_component_308a,36.750249,-28.259553,15.972000122070312,90.75,36.750406472696184,-28.259326157040313,17.50147868549664,0.7477014834123527,0.9126086091974733
SB70670_component_310a,38.582884,-28.770747,15.829999923706055,87.94444274902344,38.58298519757595,-28.770505789720616,15.376573577154605,0.8434610320028156,1.0294881264851565
SB70670_component_312a,42.236736,-25.962322,16.225000381469727,69.63519287109375,42.2367147155543,-25.96214953172313,13.47283729692127,0.9866641109905617,1.2042749440147522
SB70670_component_313a,36.057817,-29.829536,15.791999816894531,86.29508209228516,36.05789323352027,-29.82936950720959,20.611311279030254,0.6277333306620975,0.7661812294767076
SB70670_component_318a,36.999339,-28.994593,15.034000396728516,92.2331314086914,36.99948701112038,-28.994384667003185,19.004292131402163,0.6481365909471513,0.7910844714856152
SB70670_component_320a,39.61237,-25.431299,15.416999816894531,43.92307662963867,39.612401805400786,-25.431518410414085,14.062140532462944,0.8982394277559882,1.0963480119761175
SB70670_component_323a,39.457109,-29.887611,16.836000442504883,102.65853881835938,39.45730540017478,-29.88737386259735,17.89131973412619,0.7709748875931551,0.9410150113404785
SB70670_component_325a,36.756395,-29.909301,15.520000457763672,83.44085693359375,36.756476452359784,-29.909121160065105,14.988534286643192,0.848352306360436,1.0354581816311477
SB70670_component_327a,36.175968,-27.815927,15.079000473022461,76.54315185546875,36.17603222258395,-27.815799912906183,14.707886601922345,0.8399742310996059,1.0252323043510283
SB70670_component_330a,38.747327,-28.379158,15.20300006866455,100.68212127685547,38.74744599540175,-28.378975402684997,21.088121096738387,0.5906566412886449,0.7209271987259186
SB70670_component_331a,37.371204,-27.95534,15.157999992370605,100.38410949707031,37.37140186807465,-27.95512452590709,14.593048548171405,0.8510195873709153,1.0387137370463961
SB70670_component_333a,36.350385,-29.657062,14.015999794006348,77.010986328125,36.35047631898388,-29.65687904154443,13.956106591459351,0.8228174349418861,1.0042915409218536
SB70670_component_339a,36.990396,-30.376822,14.623000144958496,48.4205322265625,36.99051274266431,-30.376576270636043,14.387931971797217,0.8326870094826061,1.016337870767116
SB70670_component_340a,40.876797,-25.870265,14.392000198364258,76.14814758300781,40.87697206728561,-25.86997304982867,12.75695002765911,0.9243107049921975,1.1281693639279058
SB70670_component_351a,38.06987,-28.936024,13.958000183105469,90.0516128540039,38.07005251144143,-28.93578859482102,13.993533499898358,0.817220944716829,0.9974607330740911
SB70670_component_353a,35.141074,-26.501046,14.40999984741211,15.362472534179688,35.14121665106089,-26.500968127405656,12.41157024943663,0.951219899937214,1.1610134380914605
SB70670_component_357a,41.138086,-30.620735,14.89900016784668,28.058380126953125,41.13807684507702,-30.620650408770018,14.255217917385574,0.8563019740375926,1.045161165139114
SB70670_component_358a,42.298833,-29.832827,13.310999870300293,28.381662368774414,42.298619622340446,-29.832960125782986,12.063984560526897,0.9039899188857003,1.1033667859501084
SB70670_component_360a,42.944408,-27.518474,15.244000434875488,18.322114944458008,42.94416257117284,-27.518580179713567,9.805268559907294,1.2737469002476751,1.5546744427997203
SB70670_component_363a,35.638844,-28.04387,13.994999885559082,46.18811798095703,35.638803810236254,-28.043784328954658,12.357096561056892,0.927897788687944,1.1325475864341794
SB70670_component_364a,36.938828,-28.354465,14.361000061035156,85.99401092529297,36.93894853692292,-28.354203347935496,16.896888522843437,0.6963404536129773,0.8499197968679303
SB70670_component_368a,39.215849,-28.587274,12.845000267028809,65.53572082519531,39.215993575453,-28.587106803272082,15.792751387282891,0.6663770012612322,0.8133478424394271
SB70670_component_372a,37.799691,-28.587284,14.142999649047852,84.6886215209961,37.79972912823811,-28.5871293084702,11.571491431045008,1.0013729908182236,1.2222278980481096
SB70670_component_376a,39.878687,-25.47647,12.560999870300293,43.164947509765625,39.87868097565822,-25.476643031709795,12.748284604354213,0.8072650334150696,0.9853090247145916
SB70670_component_377a,35.833514,-27.486658,14.036999702453613,36.93947219848633,35.83354642645925,-27.486476925150765,12.721433304923627,0.9040280922324281,1.1034133785082862
SB70670_component_378a,37.858403,-27.569035,12.99899959564209,86.08609771728516,37.85869971213392,-27.568876667754623,13.374346794092137,0.7963079121497397,0.9719352874402921
SB70670_component_379a,37.925912,-30.267949,13.678999900817871,59.99561309814453,37.926035420142234,-30.26777755632507,11.713612670365068,0.9567691598403232,1.1677865988709997
SB70670_component_390a,37.835476,-28.569415,12.42199993133545,73.50296020507812,37.83559489276215,-28.569187898892935,11.454393359794603,0.8885116162044323,1.0844747112437387
SB70670_component_394a,35.512173,-28.350301,12.210000038146973,41.11111068725586,35.512257546759926,-28.350190922237655,12.714853860928821,0.786770328886819,0.9602941702434188
SB70670_component_400a,42.833525,-25.572887,11.991000175476074,13.579841613769531,42.8333079015149,-25.572863842616254,9.711610282640253,1.011597724843455,1.234707718544914
SB70670_component_403a,41.291633,-28.054624,12.28499984741211,74.90853118896484,41.29169318063003,-28.054480480915338,10.909057044795105,0.9226386074461618,1.1261284817713453
SB70670_component_407a,37.635892,-28.751736,11.713000297546387,66.17514038085938,37.636111013487564,-28.751511141431735,14.941352363379687,0.6422763450297002,0.7839317360759266
SB70670_component_410a,36.896769,-27.811994,12.069000244140625,82.10204315185547,36.89696796990739,-27.811865593829726,12.426492780005598,0.7957312336333625,0.9712314212711585
SB70670_component_413a,37.184235,-29.507988,11.383999824523926,68.57831573486328,37.18434745887791,-29.5078098431276,10.096913417757928,0.9237403810164995,1.1274732538066867
SB70670_component_414a,42.02683,-29.610105,10.885000228881836,36.40468215942383,42.026733292884046,-29.610109435891538,12.226190604153233,0.7294255327941582,0.8903018594511527
SB70670_component_415a,35.198199,-29.972966,11.416999816894531,19.71847915649414,35.19823067920831,-29.97282558846022,7.9510759970649225,1.1764399673715673,1.4359062623862515
SB70670_component_416a,35.958223,-25.636938,9.95199966430664,18.094545364379883,35.95844292252813,-25.637023272095554,10.881192599672453,0.749337619052986,0.9146055979751905
SB70670_component_417a,39.041159,-29.82673,11.697999954223633,74.98717498779297,39.04129066785123,-29.82644439754844,11.34719774638688,0.8446303306008324,1.0309153163342424
SB70670_component_418a,35.60904,-27.61694,10.550000190734863,15.6065092086792,35.60910838973947,-27.616793122100283,12.430663101649166,0.6953474271428977,0.8487077563332244
SB70670_component_419a,40.522162,-30.171936,11.574000358581543,57.297027587890625,40.522380136985205,-30.171792667937435,10.965050671109775,0.864801689459611,1.0555355105723498
SB70670_component_420a,42.339481,-27.962834,12.562999725341797,40.009552001953125,42.33942578406491,-27.96305774124253,9.064354853730658,1.1355339731494527,1.3859783655944566
SB70670_component_422a,39.341585,-28.247447,12.057000160217285,81.46621704101562,39.34170162027809,-28.247386859838564,10.569734797086234,0.9345851087105362,1.1407098088725034
SB70670_component_423a,42.069535,-28.051669,10.994999885559082,44.5141716003418,42.06936367942002,-28.051864996572544,9.952190808564833,0.9051492920628809,1.1047818613060363
SB70670_component_424a,38.447575,-25.514499,11.0,41.044776916503906,38.44774008029847,-25.51474931546702,10.592513649578489,0.8508193015937566,1.0384692778222406
SB70670_component_429a,38.470882,-29.152242,10.84000015258789,67.32919311523438,38.47099727276699,-29.15197074559829,11.596828179698377,0.7658324184612735,0.9347383598874558
SB70670_component_431a,39.175292,-27.924643,10.597000122070312,65.41358184814453,39.17553104338293,-27.92440880343581,9.346296518957747,0.928938718765764,1.1338180958174906
SB70670_component_440a,42.456264,-29.532217,9.954000473022461,26.333335876464844,42.456025635002,-29.53236542178699,8.737850444732247,0.9333332347583552,1.1391818315022075
SB70670_component_441a,37.614969,-29.48278,10.42300033569336,62.789161682128906,37.61509675819218,-29.48260483650461,10.286424608445264,0.8301794622815749,1.0132772787870301
SB70670_component_442a,39.29541,-27.657064,10.494999885559082,66.84712982177734,39.29555901234536,-27.65681892153602,10.816833373441476,0.7949246774167482,0.9702469773942723
SB70670_component_445a,42.742779,-26.04735,9.706000328063965,15.35759449005127,42.742376742591986,-26.04726950290197,7.112698264427246,1.1180200630421044,1.3646017259872538
SB70670_component_448a,39.04805,-26.120988,11.79699993133545,76.10968017578125,39.048344422886224,-26.120847118719,11.161483920827793,0.8659510034077739,1.056938308115264
SB70670_component_449a,38.849212,-25.489498,10.954000473022461,43.64143753051758,38.84928063451879,-25.48964029379658,10.380096715477574,0.8645996117378896,1.0552888641865108
SB70670_component_450a,39.709421,-30.779452,9.529000282287598,12.538158416748047,39.70922004570575,-30.77929063130804,7.609766821101041,1.0259345871708703,1.2522066058403702
SB70670_component_452a,40.75273,-29.793192,10.425999641418457,61.69230651855469,40.7529095255187,-29.793053317250397,11.608891021328503,0.7358184145094934,0.8981047045978146
SB70670_component_454a,39.465182,-25.319578,10.404999732971191,21.997886657714844,39.46509333597236,-25.319961136811266,9.76670454343085,0.8728461574594517,1.0653542028124179
SB70670_component_456a,39.761056,-26.552195,11.241999626159668,69.39505767822266,39.76117416995908,-26.55196145116992,10.01791171979108,0.919411744506862,1.1221899274626586
SB70670_component_458a,40.527522,-29.315281,10.699000358581543,71.32666778564453,40.527731074233465,-29.315108919527606,9.1644337962161,0.9564917857354859,1.1674480493272863
SB70670_component_459a,37.600005,-29.246969,10.46500015258789,67.51612854003906,37.60016987990183,-29.246782179041258,9.479012175599944,0.9045234670985616,1.1040180093370902
SB70670_component_462a,39.539625,-29.694559,10.732999801635742,66.25308227539062,39.53981163785975,-29.69433052155091,14.911144848111963,0.5897308038269313,0.7197971658758815
SB70670_component_465a,41.903445,-26.579517,9.899999618530273,38.372093200683594,41.903509932087246,-26.579426288576325,8.969680966805106,0.9042777860650528,1.1037181428378646
SB70670_component_468a,36.865296,-27.432557,10.552000045776367,72.77241516113281,36.86550073343657,-27.432446773698558,10.34905961182156,0.8353675032957616,1.0196095530963019
SB70670_component_471a,38.403167,-26.192861,10.295000076293945,63.94409942626953,38.40339063591504,-26.192694716791333,10.215063380354563,0.8257127095879904,1.0078253744458519
SB70670_component_473a,41.921784,-27.805545,10.152999877929688,54.00532150268555,41.92193411227665,-27.805447339275897,8.648348069212508,0.9618445787371748,1.1739814120194387
SB70670_component_474a,37.175409,-29.117865,9.85099983215332,61.186336517333984,37.175586424923075,-29.117647332332098,9.317135244073967,0.8662466995332782,1.057299220639618
SB70670_component_475a,35.591485,-26.510505,10.40999984741211,31.261260986328125,35.59142713046398,-26.5104791031846,9.514857994915305,0.8963798657786318,1.0940783197158763
SB70670_component_483a,36.209493,-29.630532,10.043000221252441,49.47290802001953,36.20959838614757,-29.630367125590006,9.803414670123699,0.8393242674014701,1.0244389898000428
SB70670_component_484a,39.786575,-28.18952,9.798999786376953,59.749996185302734,39.78671352355408,-28.18934223120249,9.553830911740066,0.8403261497642386,1.0256618394130899
SB70670_component_486a,36.377183,-28.254036,10.506999969482422,63.29518127441406,36.377466723439426,-28.253813536605698,7.328630141302771,1.1746259941174988,1.433692213537556
SB70670_component_489a,36.654561,-27.629296,10.22599983215332,67.27631378173828,36.65477699761589,-27.629123697379548,10.694170904558282,0.783433867164799,0.9562218449112864
SB70670_component_490a,37.744678,-26.253943,9.449999809265137,54.6242790222168,37.74487131133629,-26.25384373809926,9.877795030213079,0.7838184293808479,0.9566912231282942
SB70670_component_493a,35.873057,-29.303206,9.168999671936035,28.92428970336914,35.87304086659525,-29.303174857308292,11.64805826490203,0.6449292936313179,0.7871697980395665
SB70670_component_494a,35.388368,-30.681883,9.593999862670898,12.860589981079102,35.38859620949459,-30.68151208048105,7.799588892602019,1.007793787023716,1.2300648142841086
SB70670_component_499a,40.314416,-30.694602,8.95199966430664,16.922494888305664,40.314507103188895,-30.69441852188129,12.357395350023472,0.5935219662203834,0.7244244770634158
SB70670_component_505a,41.393463,-28.993145,9.744999885559082,53.839778900146484,41.393573112647886,-28.992940296668653,8.452298494962657,0.9446059858891349,1.1529408114688378
SB70670_component_508a,37.787248,-30.251538,9.567000389099121,42.70982360839844,37.78737245114992,-30.251285163925115,10.653891413470513,0.7357177032720195,0.897981781286305
SB70670_component_509a,35.31887,-28.060122,8.569999694824219,15.088027000427246,35.3187740622384,-28.059899484635228,7.3472046974744165,0.9556576652537009,1.1664299618289027
SB70670_component_510a,41.897529,-29.866443,8.970000267028809,37.21991729736328,41.89748954497048,-29.866455111833496,9.3190404396157,0.7886148312792688,0.962545481495809
SB70670_component_511a,41.446541,-26.940165,9.609000205993652,51.9405403137207,41.44672422110448,-26.939877451628398,7.337285755373061,1.0729672104384087,1.3096123725257702
SB70670_component_512a,40.830074,-26.494481,8.593999862670898,49.676300048828125,40.83025041014637,-26.494138461021773,7.10674417394902,0.990759718568003,1.2092738464082706
SB70670_component_517a,39.68796,-30.806704,9.071999549865723,22.28992462158203,39.6879679784289,-30.806463916696885,8.838855684073922,0.8409122087477708,1.0263771549310263
SB70670_component_521a,35.490264,-26.142258,8.633999824523926,12.79111099243164,35.49035341556324,-26.142333731148593,8.359480020035486,0.8462066856182413,1.0328393397472675
SB70670_component_522a,41.813011,-28.398551,8.20300006866455,40.40886688232422,41.81291065980322,-28.39867574260102,7.612150767739147,0.8828949131514635,1.0776192325865992
SB70670_component_525a,35.88,-26.899954,8.51099967956543,42.34328079223633,35.88007875290053,-26.899816559103296,7.432602673097325,0.9381738807674508,1.1450900921115315
SB70670_component_528a,37.179057,-25.548624,8.791999816894531,31.97090721130371,37.17901374077628,-25.548870352824892,10.241669612549371,0.7033323436408969,0.8584537628631836
SB70670_component_529a,40.30358,-27.111398,8.529000282287598,48.737144470214844,40.30362772180269,-27.111160571055755,8.735010110406485,0.7999786519034412,0.9764156165230471
SB70670_component_533a,42.145821,-25.509132,7.8460001945495605,23.561561584472656,42.14564164859391,-25.50907334083353,7.226700598436722,0.8895122494163751,1.0856960362031334
SB70670_component_534a,41.194341,-27.525956,8.013999938964844,46.323699951171875,41.194414593598665,-27.525736438099944,8.251544936154355,0.7957153692631836,0.9712120579809604
SB70670_component_539a,40.445844,-28.664292,8.329999923706055,39.47867202758789,40.44588871287241,-28.664210048402904,8.233380481942914,0.828915942985941,1.01173508766843
SB70670_component_542a,36.114022,-25.570915,9.015999794006348,19.991130828857422,36.114379445991204,-25.571067682877914,6.925569193113905,1.0666012819235113,1.301842425164268
SB70670_component_545a,42.298267,-28.191142,8.782999992370605,21.421951293945312,42.29820068241039,-28.191386693111053,6.962988244090611,1.0334534068671866,1.261383716944318
SB70670_component_547a,42.126383,-29.200835,7.77400016784668,39.26262664794922,42.1264110742709,-29.200715861825387,6.205540402980332,1.0263810355061402,1.2527515192896117
SB70670_component_548a,39.338477,-28.664222,8.42300033569336,52.3167724609375,39.33855107964535,-28.664066879790166,8.348900752783806,0.826572972347777,1.00887536995632
SB70670_component_549a,41.511955,-26.261739,8.75100040435791,45.10824966430664,41.51207256401517,-26.261563246887828,7.079652450779269,1.0127201393561924,1.2360776839256669
SB70670_component_557a,36.657243,-26.196581,8.550999641418457,50.00584411621094,36.65735847188211,-26.196359085277617,8.342679848852649,0.8397596269399402,1.024970368795161
SB70670_component_559a,42.039843,-26.451843,7.677000045776367,31.08097267150879,42.039799707292026,-26.451785832862125,7.100297984896281,0.8858468567380431,1.0812222335044028
SB70670_component_562a,37.026306,-29.208785,7.9070000648498535,47.63253402709961,37.026463330310904,-29.20860274628055,7.205092988003063,0.8991162214342563,1.097418184333708
SB70670_component_563a,38.773896,-30.36887,8.006999969482422,28.193660736083984,38.77381311338691,-30.368825859845927,7.035318806279408,0.9324589577126924,1.1381147308258064
SB70670_component_564a,41.091766,-26.054522,8.425999641418457,47.07262420654297,41.091904256649016,-26.054230887085517,7.343309064254609,0.9400983924206145,1.1474390588344041
SB70670_component_565a,41.896028,-27.829365,8.0,43.71584701538086,41.89614534019018,-27.829186076245364,7.286103537251222,0.899576971859574,1.0979805542288663
SB70670_component_566a,42.103717,-26.78833,8.74899959564209,25.433137893676758,42.10350215873574,-26.78860549186088,5.457096792195285,1.313531283058269,1.6032333544376323
SB70670_component_568a,36.521194,-29.96114,8.25,41.044776916503906,36.52130748837262,-29.96096555349319,8.698219373244958,0.7770827578669043,0.9484699851760872
SB70670_component_576a,41.725158,-28.989821,8.180999755859375,44.22161865234375,41.72524002384336,-28.989701433616638,7.662609206111442,0.8747287150205212,1.0676519623804488
SB70670_component_581a,42.29958,-25.609243,7.804999828338623,25.258899688720703,42.2993247599688,-25.60923568188773,7.090077717752565,0.9019149441722789,1.100834171224385
SB70670_component_582a,41.694867,-26.613135,7.7820000648498535,36.19534683227539,41.694979527749055,-26.61293447834222,7.16315133235828,0.8900835701258781,1.0863933628898825
SB70670_component_594a,41.959769,-27.467859,7.541999816894531,42.61016845703125,41.95991862730428,-27.467710944906372,6.483524652850659,0.9530573430748888,1.1632561331556726
SB70670_component_596a,38.809408,-29.846569,8.14799976348877,47.37208938598633,38.809547304139656,-29.846327758391578,9.090658229450039,0.7343436742560876,0.8963047072974937
SB70670_component_597a,38.055582,-26.506549,7.3979997634887695,46.52830123901367,38.05567666868649,-26.5063479399517,7.512008989439754,0.8068668909942952,0.9848230711503067
SB70670_component_600a,36.148552,-30.78738,8.251999855041504,10.276463508605957,36.14850393766207,-30.787148996877146,10.68975383295198,0.6324630939794045,0.771954151984687
SB70670_component_601a,36.049713,-26.824108,7.696000099182129,44.74418640136719,36.04969728636986,-26.82390096619075,8.03645149032239,0.7845929797740188,0.9576366022304449
SB70670_component_602a,42.633143,-25.85862,7.28000020980835,15.757575988769531,42.6329292949952,-25.85868762582759,5.184080814404201,1.1505442056220965,1.4042991362288455
SB70670_component_606a,42.19739,-30.388502,7.690999984741211,12.628899574279785,42.197341851487145,-30.38832434652783,5.844039348775847,1.0782348380853712,1.3160417864661105
SB70670_component_611a,39.103673,-29.663253,6.848999977111816,40.76785659790039,39.10390044673947,-29.66302956999431,6.625871948966765,0.8468915645772322,1.033675270192906
SB70670_component_614a,36.065699,-26.992383,7.451000213623047,40.27567672729492,36.06576571470339,-26.992087742764213,7.131124069195894,0.856052232520272,1.0448563426078803
SB70670_component_617a,38.220562,-26.006163,7.043000221252441,40.477012634277344,38.22086588542322,-26.006062155278485,5.619781671616302,1.0267907303975168,1.253251573246049
SB70670_component_619a,41.276662,-27.812142,7.02400016784668,40.83720779418945,41.276814298984505,-27.811972563031663,8.022133493671404,0.7173619040415878,0.8755775721493361
SB70670_component_622a,36.344396,-29.507626,7.3979997634887695,37.744895935058594,36.344427167082216,-29.50749307020247,6.418012730960968,0.9444031341961688,1.1526932204107778
SB70670_component_625a,35.912116,-30.688816,7.339000225067139,12.417935371398926,35.912069731041214,-30.688631989980767,6.673369772941051,0.9010219934428508,1.0997442783442126
SB70670_component_627a,38.188675,-27.197586,6.697999954223633,43.77777862548828,38.18880027975749,-27.19734307239979,8.173606918754349,0.6713903164828514,0.819466854817188
SB70670_component_629a,42.291744,-28.478613,6.955999851226807,17.21782112121582,42.2915880623634,-28.4789714070765,7.237164664966065,0.7874714019628606,0.9611498664524891
SB70670_component_631a,42.570143,-27.062493,7.329999923706055,13.548982620239258,42.56965448204788,-27.062996488843954,3.646372789089483,1.6469733962841402,2.0102168230408473
SB70670_component_634a,35.273282,-26.633679,7.2779998779296875,11.266253471374512,35.27308903797158,-26.633627390869332,5.5528455759623565,1.0738413640844313,1.3106793225864826
SB70670_component_635a,37.769369,-30.569647,6.96999979019165,15.558034896850586,37.76960463052066,-30.56949686353004,6.116096803771789,0.9336886837048193,1.1396156754571412
SB70670_component_637a,35.695412,-28.764106,6.822000026702881,21.72611427307129,35.69548426352507,-28.763904561172666,5.876452962999994,0.951130554501478,1.1609043873330307
SB70670_component_642a,35.99142,-26.144316,6.964000225067139,22.10793685913086,35.99167647435647,-26.14436686887618,6.641948738490633,0.8590272443894355,1.0484874995662328
SB70670_component_646a,37.522345,-29.67379,7.382999897003174,49.885135650634766,37.52254194333244,-29.673494482863973,7.760351879074761,0.7794623261331252,0.9513743721996563
SB70670_component_647a,39.567537,-29.290786,6.545000076293945,43.92617416381836,39.56761774221567,-29.29050596040928,7.099889415838191,0.7552691615861474,0.9218453546182822
SB70670_component_652a,36.460793,-27.797876,6.52400016784668,39.06586837768555,36.46095480572148,-27.797698277881665,6.233460358109713,0.8574887727886868,1.0466097148366356
SB70670_component_656a,38.502878,-28.63822,6.64300012588501,40.754600524902344,38.502979038887155,-28.637992890765602,6.4051466206952234,0.8497259194221651,1.0371347479261872
SB70670_component_659a,41.737793,-25.804606,6.059999942779541,28.995214462280273,41.737934434165616,-25.80447959507534,5.79193991070302,0.857219917568795,1.0462815630357574
SB70670_component_660a,40.026876,-28.330974,6.61299991607666,41.33124923706055,40.02686863779865,-28.330777799690235,7.070870494272691,0.7662479312425088,0.935245514881527
SB70670_component_661a,35.617587,-26.624874,6.105999946594238,20.558923721313477,35.61770194418843,-26.62470231721702,6.02032970205736,0.8309601577523337,1.0142301582764814
SB70670_component_668a,40.969307,-28.024903,6.14900016784668,38.19254684448242,40.96940843987418,-28.02463631662737,6.653907336733736,0.7571317128651666,0.9241186954769188
SB70670_component_669a,40.03339,-28.156986,6.156000137329102,41.31543731689453,40.03333824273618,-28.156776736369135,7.385963613706251,0.682865446877074,0.8334728492170356
SB70670_component_671a,40.43393,-27.672075,6.828000068664551,44.92105484008789,40.433976272791675,-27.671922346019322,5.998998941647797,0.9325205525474235,1.1381899105301467
SB70670_component_672a,38.332551,-27.635944,6.5920000076293945,41.45912170410156,38.332743643279436,-27.635715242273793,7.574795604726492,0.7130007087185438,0.8702545060775163
SB70670_component_673a,39.943386,-30.062958,6.198999881744385,29.66028594970703,39.94347712099528,-30.06273095750013,7.779940674030664,0.6528133447258522,0.7967926930903936
SB70670_component_674a,39.157716,-28.063397,5.968999862670898,39.52980041503906,39.15785292836473,-28.0632378056462,6.433459423633384,0.7601524219746761,0.9278056282975394
SB70670_component_678a,37.070054,-27.125361,5.806000232696533,36.515724182128906,37.070167772676044,-27.125165011047333,6.34599874476966,0.7495847594346181,0.9149072456848197
SB70670_component_681a,36.694108,-26.892303,6.460000038146973,39.39024353027344,36.69422828739789,-26.8920523434874,6.154661674906416,0.8599476556712908,1.0496109094810966
SB70670_component_682a,40.433254,-28.558406,6.230999946594238,38.46296310424805,40.43332075253459,-28.558358015809382,6.745322505092771,0.756830646168015,0.9237512278901098
SB70670_component_686a,41.124969,-26.067619,6.6020002365112305,39.06509017944336,41.1252039379185,-26.067275047669916,5.9025321169653635,0.9163910892141126,1.1185030603281971
SB70670_component_689a,36.971536,-29.045766,6.598999977111816,42.57419204711914,36.97166969083029,-29.045577767606297,6.424754005716126,0.841521669832319,1.0271210339322974
SB70670_component_690a,42.001284,-25.689215,6.043000221252441,27.976852416992188,42.001431450057034,-25.68907390832038,5.803594211762529,0.8530986449141998,1.041251335078647
SB70670_component_695a,36.945127,-30.398047,6.181000232696533,16.660377502441406,36.945483614132854,-30.397735876201182,6.17552738321046,0.8200274473453965,1.000886215726442
SB70670_component_696a,36.475314,-27.998605,6.124000072479248,36.67066192626953,36.47550241048076,-27.998432964649258,6.591253377359701,0.761221175924938,0.9291100981665458
SB70670_component_697a,37.5812,-27.48615,6.418000221252441,42.78666687011719,37.581501886785794,-27.486035157351598,6.4253406286296,0.8183653871752958,0.9988575847100694
SB70670_component_698a,39.276152,-30.098501,5.949999809265137,33.2402229309082,39.27633123748138,-30.098319982777042,5.5658169911802995,0.8758539852276719,1.0690254132849895
SB70670_component_699a,39.259477,-29.154132,6.229000091552734,38.931251525878906,39.25967516754339,-29.153847976736326,4.7711267233638575,1.0696484503703123,1.3055616529843523
SB70670_component_700a,37.127884,-30.498027,6.434999942779541,18.926469802856445,37.12791579766313,-30.497668571911067,6.084893128031496,0.8664415554192265,1.0575370523987013
SB70670_component_702a,35.988942,-26.249413,5.980999946594238,21.437274932861328,35.989062936191075,-26.24927432676861,4.601792587584241,1.064854913488551,1.2997108915189126
SB70670_component_704a,39.848945,-29.868804,6.156000137329102,34.7796630859375,39.84903627830429,-29.868457551842845,6.210743160674144,0.8120798450702426,0.9911857531492092
SB70670_component_706a,37.62145,-27.29532,6.264999866485596,41.76666259765625,37.621720943068425,-27.29517962655654,6.125654405315452,0.8379387133919649,1.0227478489562238
SB70670_component_711a,38.742705,-28.717276,6.5370001792907715,38.91071701049805,38.74283803642009,-28.717070963772073,6.171239599071191,0.8678601946826525,1.0592685755183822
SB70670_component_714a,41.100382,-25.455351,6.11899995803833,17.891813278198242,41.10056550645169,-25.455506356653938,5.365009956726742,0.9344446863211626,1.1405384160314973
SB70670_component_721a,39.902066,-30.375524,5.244999885559082,17.90102195739746,39.9020759532937,-30.375304108429695,5.0496535688011095,0.8509961190748229,1.0386850927685227
SB70670_component_725a,39.335918,-30.153405,5.968999862670898,32.264862060546875,39.33603043538135,-30.153123094501563,6.065053500330175,0.8063259066526771,0.9841627715808199
SB70670_component_727a,42.097537,-30.385519,5.663000106811523,11.326000213623047,42.097370955500615,-30.38525435939923,5.116216639874604,0.906862251946308,1.1068726180739525
SB70670_component_732a,39.055516,-29.07211,5.658999919891357,36.9869270324707,39.05559720562348,-29.071855993562416,7.8980286247863365,0.5870359054295006,0.716507902001235
SB70670_component_735a,38.877279,-27.145625,5.6479997634887695,36.4387092590332,38.877520414733276,-27.145434582160455,4.513716924470073,1.0251892218953282,1.2512968486945746
SB70670_component_737a,38.587809,-30.237547,5.567999839782715,26.264150619506836,38.587818793142915,-30.23750530887161,4.525001624760562,1.0081476810155652,1.2304967603359351
SB70670_component_738a,40.042013,-29.833912,5.808000087738037,34.36686325073242,40.042205845107276,-29.833742212403717,4.695570913833894,1.0134023133216312,1.2369103127857681
SB70670_component_740a,37.231765,-29.455017,5.7129998207092285,37.0974006652832,37.23187966119759,-29.454771085515432,5.880190330584902,0.7960063049679578,0.9715671601638372
SB70670_component_741a,39.198786,-26.190695,5.664000034332275,33.916168212890625,39.19901043950912,-26.19061801365114,5.364144714567018,0.8651002596680819,1.0558999310646788
SB70670_component_743a,42.03512,-27.584553,5.559000015258789,30.211956024169922,42.03525736113663,-27.584336373214832,4.498069589658198,1.0125446561580698,1.235863497541222
SB70670_component_747a,35.804648,-29.571382,5.695000171661377,22.24609375,35.80485582994259,-29.57129648278678,4.454579182278555,1.047443821181231,1.2784597463925507
SB70670_component_749a,41.24613,-30.076327,6.324999809265137,32.94270706176758,41.24629430606619,-30.076080217515866,5.574733775381083,0.9295656465700963,1.134583293860121
SB70670_component_752a,36.853045,-29.954097,5.449999809265137,26.980195999145508,36.85309156956569,-29.95387145862651,5.916742798623572,0.7546706794519475,0.9211148759978185
SB70670_component_754a,36.106447,-29.850187,6.191999912261963,34.98305130004883,36.10640421344986,-29.85000785419675,4.6148315736065415,1.0993064270456026,1.3417607584371378
SB70670_component_755a,40.830127,-28.68652,5.550000190734863,35.806453704833984,40.830395665855306,-28.68632790669221,5.453371105914263,0.8338186910745194,1.0177191471007363
SB70670_component_757a,36.807341,-29.936073,5.559000015258789,28.507694244384766,36.80739633657688,-29.93583964103516,5.941505725060558,0.76655590969562,0.9356214186265267
SB70670_component_759a,37.440459,-27.367073,5.8460001945495605,38.973331451416016,37.44074505138281,-27.36694118802656,5.341932960952263,0.896611020956421,1.0943604566515266
SB70670_component_763a,38.317136,-25.569668,6.181000232696533,26.1906795501709,38.31715404924736,-25.569818835421316,4.786889662147866,1.0579107340012133,1.2912351587237407
SB70670_component_765a,41.727264,-26.487986,5.5229997634887695,26.299999237060547,41.72735313060885,-26.487860989643423,4.1457952178963176,1.0914676274702682,1.3321930952227015
SB70670_component_766a,40.241618,-29.607653,5.414999961853027,33.84375,40.241828218561494,-29.607449746518032,4.3156304054267896,1.0280113142869676,1.2547413594648444
SB70670_component_768a,36.586953,-27.494153,5.504000186920166,37.698631286621094,36.58717374363342,-27.494050887969596,6.063881333735209,0.7436548710581283,0.9076695080261129
SB70670_component_770a,39.775079,-26.37873,5.232999801635742,31.1488094329834,39.77519386751118,-26.378521112358037,5.079519905592364,0.8440569156561919,1.030215433524417
SB70670_component_773a,40.828644,-26.230934,5.276000022888184,34.0387077331543,40.828886059185706,-26.230716784076247,4.726186397732824,0.9146135342369865,1.116333461883583
SB70670_component_774a,38.229009,-28.246103,5.948999881744385,42.19148635864258,38.22903237052006,-28.24596795396893,5.9620138891642585,0.8175129815856811,0.9978171792850858
SB70670_component_776a,42.281232,-27.092974,4.743000030517578,15.105094909667969,42.28078278403008,-27.093128381212352,3.421659546181523,1.1356905526415435,1.3861694790209722
SB70670_component_778a,42.344379,-29.563871,5.1479997634887695,14.965115547180176,42.344539620055954,-29.563876070616715,2.436229247344355,1.7312669821435698,2.11310153553916
SB70670_component_782a,37.712105,-26.301321,5.111000061035156,31.35582733154297,37.71222067685644,-26.301308067767106,4.751662682869748,0.8812598093424032,1.0756235032130665
SB70670_component_787a,37.952589,-30.621781,5.23199987411499,10.591093063354492,37.952742072588386,-30.62182925921956,4.996194688170838,0.857969901111009,1.0471969570165978
SB70670_component_788a,36.875755,-27.841454,5.234000205993652,35.12751770019531,36.875847620991394,-27.8412703611052,5.546060278662495,0.7732017543493522,0.9437330182166539
SB70670_component_791a,39.000722,-28.149318,5.208000183105469,34.263160705566406,39.00094556643023,-28.149181345491076,4.903680769130011,0.8701467089148495,1.0620593852461258
SB70670_component_796a,41.254807,-29.829018,5.216000080108643,30.5029239654541,41.25483988383193,-29.828829070226643,4.222547939533584,1.0120609808566943,1.23527314664065
SB70670_component_801a,40.351663,-25.699277,5.40500020980835,24.7935791015625,40.35174445749306,-25.699423409339893,3.5818669127936604,1.2363173122644042,1.5089896809127241
SB70670_component_802a,35.633309,-27.299588,5.21999979019165,10.0578031539917,35.63314553635354,-27.29944387758919,3.6977530214404997,1.156581565223541,1.4116680481159185
SB70670_component_805a,41.578635,-25.821077,5.4629998207092285,27.044551849365234,41.57870469603517,-25.82076267454028,4.135893536843231,1.0821949828468505,1.3208753494363221
SB70670_component_806a,40.561401,-27.465418,5.511000156402588,34.22981643676758,40.56142348666878,-27.465179754082648,5.489213919114491,0.822553109145916,1.0039689175188151
SB70670_component_807a,37.014706,-27.230697,5.289999961853027,33.69426727294922,37.014653144272344,-27.23046334105255,3.7808792185087774,1.146321784796564,1.3991454516601736
SB70670_component_808a,36.718502,-28.3734,4.960000038146973,30.807453155517578,36.718593870140076,-28.373237113587457,4.951641223255385,0.8206844238471723,1.001688089769576
SB70670_component_811a,39.813935,-25.391562,5.343999862670898,15.764012336730957,39.813781635073404,-25.39161555887465,5.141048522153911,0.8516446377993913,1.0394766436539988
SB70670_component_816a,36.579925,-28.239764,5.447000026702881,33.62345504760742,36.579925387934466,-28.239601284350755,4.99170484970284,0.8940301392786915,1.091210356122547
SB70670_component_818a,41.590108,-27.543604,5.324999809265137,30.78034782409668,41.59018773855444,-27.54335654827622,5.0566011199348715,0.8627889630411444,1.053078873133209
SB70670_component_823a,37.977889,-26.787122,5.525000095367432,34.968353271484375,37.977985831593074,-26.786884641440132,5.575199368879007,0.8119243538393597,0.9909959680021867
SB70670_component_824a,40.960456,-29.44501,5.461999893188477,31.941518783569336,40.960721590032655,-29.444737459774007,3.1601662661383743,1.4160723254101313,1.7283900381174793
SB70670_component_825a,39.732073,-26.371613,5.0920000076293945,30.491018295288086,39.73235799446088,-26.37142705365818,4.6969627025747345,0.8882085816650702,1.0841048418030044
SB70670_component_826a,36.23062,-27.852388,4.815000057220459,25.20942497253418,36.2306952254298,-27.852136773568994,3.7691171027551515,1.0466472741211472,1.2774875192125994
SB70670_component_828a,37.841289,-26.970399,4.760000228881836,30.709678649902344,37.84143701503302,-26.970142611991527,4.65337667702324,0.838074150758829,1.0229131573175811
SB70670_component_829a,42.043933,-26.559061,5.190999984741211,18.087108612060547,42.04372145264673,-26.559113665251026,4.789787927111413,0.8879293742738401,1.0837640546377505
SB70670_component_836a,38.69625,-26.063539,4.97599983215332,32.73684310913086,38.6964954452883,-26.063388501415314,4.296709065577031,0.9488293052488207,1.1580955927452499
SB70670_component_837a,39.957622,-28.823944,4.5370001792907715,28.898088455200195,39.95770852930645,-28.823746447226366,3.92047852764425,0.9481420276883539,1.157256734681564
SB70670_component_838a,36.403767,-29.438787,4.918000221252441,25.48186683654785,36.40393459669303,-29.438589797927253,4.621980389099839,0.8717744295072396,1.0640461030191117
SB70670_component_840a,38.774332,-27.649033,5.0329999923706055,35.19580078125,38.77445448897007,-27.648722751254546,5.0959033399572675,0.8091879911746993,0.9876560948294617
SB70670_component_841a,41.861285,-25.587995,4.716000080108643,19.170730590820312,41.86117149163942,-25.587980684087146,3.6394391109058755,1.0616540645032413,1.29580408859617
SB70670_component_849a,37.602417,-28.123342,4.926000118255615,32.19607925415039,37.60271185828253,-28.123122134798756,4.740863475775024,0.8512961117937787,1.0390512495089992
SB70670_component_851a,37.575676,-30.277662,4.997000217437744,20.395919799804688,37.575763081008375,-30.277465637970728,4.837892070226855,0.8462464772971199,1.0328879075641364
SB70670_component_854a,37.146032,-26.714808,4.676000118255615,30.363637924194336,37.146142352160005,-26.714516416064345,4.031185137064464,0.9503540945939963,1.159956677569195
SB70670_component_855a,41.369018,-26.161706,5.034999847412109,26.08808135986328,41.369105216763685,-26.161490699676182,4.845733849274817,0.8513018665835911,1.0390582735297393
SB70670_component_861a,39.647467,-30.380458,4.289000034332275,14.892361640930176,39.647593958943126,-30.380276812358368,5.135293851688166,0.684280920191515,0.8352005081310621
SB70670_component_866a,36.352376,-28.972137,4.489999771118164,22.90816307067871,36.3525198290444,-28.9718829519011,4.753303418771701,0.7739171346383164,0.9446061771243762
SB70670_component_869a,38.754283,-25.855505,4.63100004196167,29.877418518066406,38.75452652613531,-25.855339445466143,4.06727875245948,0.9328558251981588,1.138599128265135
SB70670_component_874a,42.459663,-27.269779,4.290999889373779,13.162575721740723,42.45955503213377,-27.26983643982109,3.2943982234426348,1.0671515244406837,1.3025140248192884
SB70670_component_878a,38.304745,-27.947081,5.211999893188477,35.698631286621094,38.30496899234227,-27.94684700748977,4.522597213644564,0.9441916777141667,1.1524351267594652
SB70670_component_879a,38.713472,-25.510117,4.7729997634887695,21.026430130004883,38.713514778784884,-25.510321162617014,4.409280636447528,0.8868850875446389,1.0824894482865763
SB70670_component_880a,38.902855,-29.645429,4.802000045776367,28.58333396911621,38.903001496657566,-29.64509910092613,4.191923047516112,0.938539464981952,1.1455363066890627
SB70670_component_881a,36.145113,-29.863581,4.327000141143799,24.44632911682129,36.14530976218743,-29.863434855984433,4.121229967151659,0.8602085227222366,1.0499293113056625
SB70670_component_882a,40.353232,-29.016446,4.742000102996826,29.82390022277832,40.353438207472465,-29.016224517604112,4.247184919028358,0.9147534786066437,1.1165042712766244
SB70670_component_883a,41.741667,-28.008327,4.6519999504089355,24.877004623413086,41.74146213693251,-28.008382553311403,3.363158035943787,1.1332770836084125,1.3832237143454567
SB70670_component_884a,38.524131,-27.6804,4.7179999351501465,31.87837791442871,38.524320504968955,-27.68008102065925,4.626813053535775,0.8354484531476385,1.019708356607295
SB70670_component_886a,41.084398,-29.998842,5.047999858856201,28.044443130493164,41.08446313396629,-29.998797444418386,4.3347142467550235,0.9541189943793472,1.1645519338754902
SB70670_component_889a,42.021251,-25.65998,4.993000030517578,21.0675106048584,42.02117102095173,-25.65994514859822,6.123357885132513,0.6680602114214534,0.8154022881204709
SB70670_component_890a,40.481982,-27.509222,4.5289998054504395,29.796052932739258,40.48213029618253,-27.50897270750424,4.090064704682728,0.9072266605504758,1.1073173977578332
SB70670_component_891a,37.199515,-29.046739,4.671000003814697,29.751590728759766,37.19971340344898,-29.046584643277832,4.310687057052718,0.8877834669544967,1.0835859671539996
SB70670_component_892a,42.049681,-28.360773,4.249000072479248,15.564103126525879,42.049344106835136,-28.36104299326981,3.684564039985981,0.9448096276732487,1.1531893668743003
SB70670_component_896a,41.029232,-26.315904,4.433000087738037,24.491714477539062,41.02942301930245,-26.315485111820248,4.46674876690635,0.8131111089505996,0.9924444644349928
SB70670_component_897a,37.986933,-28.307283,4.374000072479248,29.554054260253906,37.98696061284602,-28.307175751671846,4.375156389748286,0.8190848350821907,0.9997357083573636
SB70670_component_898a,37.003701,-30.214372,4.482999801635742,19.9244441986084,37.00388454131911,-30.21416576506508,4.958833634057049,0.7406838277680434,0.904043194925254
SB70670_component_899a,40.802169,-26.834475,4.776000022888184,28.59880256652832,40.802222229337865,-26.834296076068597,4.353339435634112,0.8988463724813442,1.097088819629914
SB70670_component_901a,38.774931,-26.6542,4.359000205993652,26.742332458496094,38.77522629916824,-26.654039068349654,3.946310162876108,0.9049807773339525,1.104576180301239
SB70670_component_904a,38.52913,-25.956156,4.395999908447266,25.558137893676758,38.529439234389486,-25.95595730574246,4.459850174173072,0.8075716907604092,0.985683315978738
SB70670_component_906a,38.677517,-26.11831,4.0920000076293945,26.23076820373535,38.677824815981594,-26.118157860748507,4.1082797681862555,0.8160547479172242,0.9960373291315435
SB70670_component_909a,37.038533,-25.844414,4.535999774932861,24.923076629638672,37.03852677625895,-25.844353446974193,4.383991518303366,0.8477094019303548,1.0346734832845488
SB70670_component_912a,38.870536,-25.803431,4.132999897003174,23.75287437438965,38.87072515657074,-25.803288417873798,5.096277955146564,0.6644403044574785,0.8109840031055199
SB70670_component_914a,36.817785,-29.405505,4.36299991607666,24.511234283447266,36.81780009781769,-29.40537940582648,3.4861710272328046,1.025369030614328,1.2515163146025714
SB70670_component_919a,37.467078,-27.601493,4.297999858856201,29.84722328186035,37.46747479770265,-27.601298832504558,4.537491894546406,0.7760580630629463,0.94721929179024
SB70670_component_920a,40.467042,-28.94151,4.513000011444092,29.887418746948242,40.46720209070619,-28.94126161507502,3.3082635803931146,1.1176579496978296,1.3641597477876357
SB70670_component_925a,36.571553,-30.288073,4.26200008392334,14.496599197387695,36.57178326638176,-30.288060227765126,4.918387414641843,0.7099608492700374,0.8665441992705853
SB70670_component_927a,37.592945,-26.985323,4.533999919891357,28.337499618530273,37.59310408719256,-26.985169232365344,5.443214749139661,0.682448243413757,0.8329636306574141
SB70670_component_928a,38.613761,-27.689612,4.26800012588501,29.434484481811523,38.614046119013196,-27.689262706829382,3.5525591908305376,0.9842984059380205,1.2013874777656308
SB70670_component_931a,36.755885,-30.324988,4.265999794006348,14.412160873413086,36.7562228048152,-30.324737568463963,3.7527493194949777,0.9313543688437735,1.1367665225718941
SB70670_component_936a,41.803609,-28.366115,4.2220001220703125,20.798030853271484,41.80349654941119,-28.366166856828514,5.209591672182225,0.6639849531546126,0.810428223120561
SB70670_component_941a,41.260516,-29.360192,4.158999919891357,23.765714645385742,41.26068990742724,-29.360057554209213,3.5618758294763473,0.9566516334681026,1.1676431518116108
SB70670_component_942a,41.635166,-28.547666,4.159999847412109,23.111108779907227,41.63515063383884,-28.54760378240634,3.9369100211009043,0.8657280847666559,1.0566662243016722
SB70670_component_944a,41.386682,-29.888977,4.480000019073486,25.16853904724121,41.38689294441285,-29.88884673048676,4.4884594103029976,0.8177572337963493,0.9981153018316055
SB70670_component_947a,36.029673,-28.443715,4.468999862670898,23.155439376831055,36.02973656332585,-28.443581478391916,4.15844442921034,0.8804873482138963,1.0746806741672703
SB70670_component_949a,41.2751,-29.077776,4.539000034332275,25.216665267944336,41.27520650065483,-29.07755343634404,3.9027152991850533,0.9528773327278819,1.1630364211501896
SB70670_component_950a,37.307825,-26.426255,4.333000183105469,25.639055252075195,37.307896042252224,-26.426104575790234,4.005954128608392,0.8861891251041717,1.081639989874444
SB70670_component_951a,38.029092,-27.049326,4.706999778747559,28.35542106628418,38.02917079604036,-27.049131870224446,4.887030395484474,0.7891195784124331,0.9631615516647369
SB70670_component_953a,38.097069,-27.124631,4.124000072479248,26.267515182495117,38.09714805266656,-27.124284928564258,3.435899140110201,0.983381283843697,1.2002680824754879
SB70670_component_954a,38.252825,-29.69818,4.270999908447266,26.36419677734375,38.25298917759723,-29.69793294578624,4.444304155785838,0.7873529695174406,0.9610053134835618
SB70670_component_958a,35.990519,-26.427991,4.510000228881836,19.60869598388672,35.99039372653915,-26.427861646962644,4.157888250544874,0.8886841448603696,1.084685291455541
SB70670_component_959a,41.6487,-28.180622,4.5229997634887695,25.55367088317871,41.64857143197896,-28.180593877408995,3.923120882968689,0.9445795863582315,1.152908589466186
SB70670_component_961a,36.402672,-26.471954,3.9019999504089355,20.97849464416504,36.402821706644886,-26.471716485934646,4.4084379867449375,0.725180645187855,0.8851207530062273
SB70670_component_962a,42.072655,-29.874271,4.039000034332275,11.707246780395508,42.07246420873823,-29.874268593657145,3.6120357438654827,0.9161477057668624,1.1182059981526842
SB70670_component_963a,39.486922,-28.154559,4.245999813079834,28.88435173034668,39.487110346565565,-28.154408908703395,4.572876200021115,0.7607364183850586,0.9285184263375047
SB70670_component_965a,38.521229,-29.627479,4.341000080108643,24.94827651977539,38.52135264991405,-29.627247068196265,4.577407609100795,0.7769872414112672,0.9483534023664122
SB70670_component_966a,39.193608,-29.332113,4.36899995803833,29.126665115356445,39.19368484153305,-29.331775426456357,4.333745324616824,0.8259663134826046,1.0081349112097684
SB70670_component_970a,38.464882,-25.461075,3.9649999141693115,12.790322303771973,38.465001684957855,-25.461257360153738,3.986753221036641,0.8148309363493687,0.9945436033631213
SB70670_component_971a,36.260305,-26.367345,4.302000045776367,21.402984619140625,36.2604429461559,-26.367149407762444,3.6060567028063804,0.977420717407129,1.1929929006463973
SB70670_component_974a,37.451156,-29.798376,4.113999843597412,26.714284896850586,37.45125487750981,-29.798163831333284,4.528268691301273,0.7443475500503822,0.908514958818662
SB70670_component_979a,38.666369,-29.29622,4.045000076293945,26.437910079956055,38.66660995505618,-29.295996208950164,3.991757886821095,0.8302292364545837,1.0133380307579853
SB70670_component_980a,38.043485,-27.208159,3.9790000915527344,26.17763328552246,38.0436561561906,-27.20789611699478,4.084684792116298,0.7981032541085801,0.9741265958226344
SB70670_component_981a,42.464971,-28.946075,4.525000095367432,15.821678161621094,42.46496589309514,-28.946241747091893,3.6750637322879807,1.0087821723863402,1.2312711901054045
SB70670_component_982a,39.9956,-25.485146,3.802999973297119,12.509868621826172,39.99529796342059,-25.485358564912648,2.53969562701348,1.2268411432930402,1.4974235230578417
SB70670_component_984a,40.030209,-27.444858,4.34499979019165,29.35810661315918,40.03046573158092,-27.44468562581571,4.542589004150518,0.7836641782266716,0.9565029515594891
SB70670_component_986a,36.48931,-25.92626,4.285999774932861,19.75115203857422,36.48946228461124,-25.926140192991518,4.33192172476261,0.810616098065434,0.989399173681453
SB70670_component_988a,42.011186,-28.338516,3.931999921798706,14.562962532043457,42.01104148464852,-28.338961167997514,3.5722773035251363,0.9018037087900679,1.100698402646008
SB70670_component_997a,36.326577,-26.970412,3.561000108718872,21.45180892944336,36.32657908765012,-26.97011886590347,3.670469636574108,0.79486620379616,0.9701756072943812
SB70670_component_999a,41.499474,-26.006867,4.230999946594238,22.151832580566406,41.49961315922643,-26.006685124269808,5.474175432038115,0.6332394885774522,0.7729017820349567
SB70670_component_1000a,37.82183,-28.324058,3.882999897003174,24.73248291015625,37.82186971372861,-28.323827021755726,4.087592922981993,0.778293532077042,0.9499477981702826
SB70670_component_1007a,38.711467,-28.528683,3.760999917984009,24.108972549438477,38.71156062384613,-28.52851827325849,3.664827193099457,0.8408015498309931,1.0262420899587397
SB70670_component_1018a,41.433677,-26.60124,3.9639999866485596,22.269662857055664,41.433999943571905,-26.600973613942987,3.497744539543253,0.9285156709952308,1.1333017439764745
SB70670_component_1020a,35.837276,-27.2393,3.9539999961853027,12.713827133178711,35.83726150170773,-27.239095853996577,2.727941199470843,1.1875320526886342,1.4494447303161397
SB70670_component_1025a,36.987379,-26.464154,4.019999980926514,25.935483932495117,36.987386950447366,-26.46394845170062,3.53366965345841,0.9320598168788227,1.1376275586463298
SB70670_component_1029a,40.444643,-28.388447,3.996999979019165,26.825502395629883,40.44464753964965,-28.38842310992489,4.050261060099926,0.8085275266105222,0.9868499634244695
SB70670_component_1030a,37.421374,-29.833227,3.690000057220459,22.638036727905273,37.421442360693014,-29.83295813635412,4.454944150587173,0.6786217735767265,0.828293224895784
SB70670_component_1036a,39.287071,-30.267609,3.874000072479248,18.89756202697754,39.287249663174286,-30.267443147847274,2.4317008589282745,1.305248362893267,1.593123618908717
SB70670_component_1037a,38.925081,-28.525276,4.1020002365112305,28.09589195251465,38.925239696091545,-28.52515351584397,4.0669438624542655,0.8263636099937762,1.0086198322973186
SB70670_component_1040a,36.975789,-29.206919,3.9079999923706055,24.123456954956055,36.97583922948543,-29.206723645539252,3.7370046732030007,0.856790404639986,1.0457573201322876
SB70670_component_1041a,38.435864,-30.409355,3.750999927520752,13.7399263381958,38.436158820918685,-30.408984652059633,3.518347699453609,0.8734780187915053,1.0661254224826253
SB70670_component_1042a,35.968318,-26.173039,4.109000205993652,11.944767951965332,35.96836261456556,-26.173174013717794,4.325418154874025,0.7783084492328816,0.9499660053360378
SB70670_component_1044a,38.056293,-27.544767,3.9800000190734863,28.428571701049805,38.05665153367577,-27.544584322917274,3.399374448447873,0.9592410356770052,1.170803652092732
SB70670_component_1048a,40.577294,-25.36824,4.145999908447266,10.825065612792969,40.577164400445625,-25.368321467383804,4.943725408669653,0.6870979114943174,0.8386387927566846
SB70670_component_1049a,40.371389,-25.62025,3.686000108718872,15.04489803314209,40.37150594700881,-25.620334838192417,3.1688497098492525,0.9530098344470769,1.163198146400645
SB70670_component_1051a,41.87461,-26.502613,3.8310000896453857,16.442060470581055,41.87456133825766,-26.50251127808855,3.1161801777652856,1.0072407374676187,1.2293897884918583
SB70670_component_1052a,37.557489,-27.967537,3.930999994277954,25.03821563720703,37.55775161155997,-27.967365659702093,4.2765839467188504,0.7530949279340882,0.9191915891874306
SB70670_component_1055a,36.544555,-26.336407,4.052999973297119,21.331579208374023,36.54467331692438,-26.336256537172247,3.252617996569496,1.0209094435806876,1.2460731563226233
SB70670_component_1061a,41.401812,-27.058043,3.6689999103546143,20.27071762084961,41.40188247038046,-27.057809132499113,5.691507117117808,0.528158287376485,0.6446447021597689
SB70670_component_1062a,36.333723,-27.097583,3.5759999752044678,19.86666488647461,36.33373538064668,-27.097133991669875,4.414045931776405,0.6637497032453656,0.810141088351867
SB70670_component_1063a,39.271278,-26.676243,3.3480000495910645,20.92500114440918,39.27147821829237,-26.675939822785825,4.127379878344702,0.664591364705521,0.8111683800071705
SB70670_component_1067a,35.772882,-29.973175,4.071000099182129,18.33783721923828,35.77273468959129,-29.972958657864744,3.448656067932844,0.9671523895532664,1.180459871610892
SB70670_component_1069a,35.812796,-27.059293,3.885999917984009,13.829181671142578,35.81284379757946,-27.059142685512693,3.1453418170384113,1.012228635302019,1.2354777776244954
SB70670_component_1070a,39.099001,-26.181502,3.734999895095825,25.06711196899414,39.09925053844145,-26.18137391823968,3.855744754033503,0.7936444771812354,0.9686844263196193
SB70670_component_1071a,39.043622,-28.364484,3.430000066757202,22.129032135009766,39.04378878764489,-28.364314667525342,3.6882783345924106,0.7619283300884988,0.9299732166597046
SB70670_component_1073a,36.223624,-29.067617,3.7339999675750732,15.889361381530762,36.223572165584926,-29.067442009923894,3.471994644317204,0.8811278820603138,1.0754624790930214
SB70670_component_1076a,36.077664,-27.662835,3.4709999561309814,14.052631378173828,36.077608152633516,-27.66281124798646,5.148737105195124,0.5523286506559095,0.6741458896063482
SB70670_component_1078a,41.884722,-29.667438,3.553999900817871,14.870292663574219,41.88487656708448,-29.66742061966108,4.264394306932792,0.6828160757831954,0.8334125892251555
SB70670_component_1079a,40.651391,-28.386146,4.005000114440918,27.06081199645996,40.651438161392775,-28.386022138646542,3.4739041814031655,0.9445574511016184,1.1528815722324368
SB70670_component_1080a,38.671918,-26.46685,3.631999969482422,22.282207489013672,38.672010207266,-26.466636797380136,3.274104903294255,0.9088598677283605,1.1093108121942181
SB70670_component_1081a,36.1056,-28.365939,3.9040000438690186,21.688888549804688,36.10562865203225,-28.36574176903905,5.179820364923095,0.6175026077100222,0.7536940991827198
SB70670_component_1082a,41.048871,-29.019103,3.427000045776367,21.418750762939453,41.04918545542937,-29.019032208242344,3.0541226892245756,0.9193297443437243,1.1220898419920593
SB70670_component_1083a,40.405863,-25.99381,3.9200000762939453,22.400001525878906,40.40599216238525,-25.993592979782864,3.404873688033638,0.9432542072194894,1.151290895186717
SB70670_component_1086a,37.449377,-25.8832,3.693000078201294,20.516666412353516,37.44955325394334,-25.883126386717,4.192163173901549,0.7217467203546823,0.8809294688699592
SB70670_component_1089a,38.977408,-26.107495,3.734999895095825,24.89999771118164,38.97768155095834,-26.10743551372985,3.928336427592146,0.7789787320570396,0.9507841204387819
SB70670_component_1094a,37.09562,-26.947865,3.558000087738037,22.80769157409668,37.09569140811577,-26.947628764067385,3.200789722219789,0.9107359738873138,1.111600697489905
SB70670_component_1095a,40.145139,-27.056013,3.953000068664551,23.95757484436035,40.14522620891263,-27.055989076005826,3.2476425926652324,0.9972459338810349,1.2171906100727836
SB70670_component_1096a,39.851095,-26.91933,3.6010000705718994,21.692771911621094,39.851263348923545,-26.91916157468992,3.4458658465440974,0.856186636708809,1.0450203899212698
SB70670_component_1097a,41.78774,-26.301783,3.1559998989105225,16.787233352661133,41.787764530613195,-26.30165512642862,2.8260703757134933,0.9149506897686256,1.116744977772796
SB70670_component_1098a,39.022041,-26.552024,3.7200000286102295,23.846153259277344,39.022086627443876,-26.55178393097789,3.849264105896902,0.791787997512263,0.9664184961773223
SB70670_component_1100a,40.960667,-30.415211,3.802999973297119,11.218289375305176,40.960662366706515,-30.41509871909346,3.7921787057775016,0.8216393077453151,1.0028535753083394
SB70670_component_1103a,38.474641,-27.34161,3.509000062942505,22.638710021972656,38.47488085350148,-27.341253808570706,3.8317682780977624,0.7502876867274433,0.9157652050620628
SB70670_component_1105a,39.026254,-27.327522,3.946000099182129,25.458065032958984,39.0264578873699,-27.32711594696963,3.5602325558725716,0.9080764345906297,1.1083545912396193
SB70670_component_1106a,41.955064,-28.186561,3.184999942779541,13.382352828979492,41.954884989162466,-28.186912843303592,2.959879635856124,0.8816151790912055,1.076057250503128
SB70670_component_1107a,38.156015,-29.767424,3.4630000591278076,20.736528396606445,38.15618617905662,-29.767243461347192,3.8026978099233726,0.7461125845759368,0.9106692753999271
SB70670_component_1108a,40.115078,-29.801969,3.8519999980926514,24.535030364990234,40.1154097832414,-29.801624057614763,4.553001312578612,0.6931579100070459,0.8460353366142683
SB70670_component_1114a,37.326885,-27.383239,3.380000114440918,21.80645179748535,37.32703447164336,-27.38310506277189,3.299402116535169,0.8393153138525763,1.0244280615272163
SB70670_component_1116a,39.076839,-26.248681,3.250999927520752,22.115646362304688,39.07692695717884,-26.24852074595942,4.140724518766003,0.6432566767176965,0.7851282819678131
SB70670_component_1117a,36.970684,-27.76973,3.4709999561309814,22.39354705810547,36.97109946810656,-27.769572396633055,3.695814209200476,0.7694637384138531,0.9391705750495155
SB70670_component_1118a,40.243097,-29.491492,3.796999931335449,24.184711456298828,40.24341551841313,-29.491307901002454,3.9589760455791816,0.7857807696357675,0.9590863616301483
SB70670_component_1122a,38.182471,-25.615853,3.5940001010894775,14.669387817382812,38.182626671317465,-25.61606166699327,2.0215456535604397,1.4565929787102345,1.777847606241075
SB70670_component_1123a,38.552517,-27.085945,3.684000015258789,25.232877731323242,38.552351055479264,-27.08544023489726,2.731664833665785,1.1049328676276544,1.348628122255763
SB70670_component_1126a,41.603413,-28.654677,3.1489999294281006,17.397790908813477,41.60353202031995,-28.654660328143404,2.5834893237056336,0.9986416167221177,1.2188941136831661
SB70670_component_1128a,38.722005,-27.198797,3.3940000534057617,20.95061683654785,38.721970624177764,-27.19841570438804,3.067948003759572,0.9063741917157726,1.1062769151389247
SB70670_component_1129a,41.01154,-26.186376,3.5239999294281006,19.36263656616211,41.01176671219248,-26.185961893157344,3.4712578500035267,0.8317497844770898,1.0151939388266764
SB70670_component_1135a,38.940517,-27.090507,3.305000066757202,22.03333282470703,38.94070648599951,-27.090394554380538,4.243776628173962,0.6380616414168665,0.7787874707673522
SB70670_component_1136a,36.591751,-26.411294,3.5420000553131104,20.473989486694336,36.591860228685874,-26.411104460772698,3.571628851616063,0.8125047749802187,0.9917044022394582
SB70670_component_1142a,38.139199,-30.234624,3.1600000858306885,15.33980655670166,38.139366727855695,-30.234275460094416,2.850227598169037,0.9083458457419974,1.1086834215838226
SB70670_component_1147a,37.842995,-27.99298,3.5269999504089355,23.203947067260742,37.84323729017078,-27.99283335765961,2.902686178034237,0.9955178454255704,1.2150813880946296
SB70670_component_1150a,35.733316,-29.710395,3.5490000247955322,14.196000099182129,35.73334542740951,-29.710227729972715,3.0791824911443317,0.9443092734326954,1.1525786584596354
SB70670_component_1153a,39.835856,-28.191001,2.99399995803833,19.568628311157227,39.83602648813136,-28.19098810245791,2.5469650401335464,0.9631024484087637,1.175516707477596
SB70670_component_1154a,38.648046,-27.022477,3.49399995803833,20.797618865966797,38.64834203197245,-27.02227651313621,2.583488062685783,1.1080519365673567,1.3524351083728188
SB70670_component_1161a,37.311335,-26.59605,3.2769999504089355,22.141891479492188,37.31150459263143,-26.595791562857332,2.770842050828305,0.9689655701247513,1.1826729529492024
SB70670_component_1163a,35.895773,-26.437063,2.743000030517578,11.334711074829102,35.895756509729644,-26.437312154683678,2.9221554079465264,0.7690705551349942,0.9386906743762662
SB70670_component_1167a,39.696258,-27.047899,3.496000051498413,22.267515182495117,39.69644537784598,-27.047710229036696,3.8515661825625878,0.7436656919557514,0.9076827154953356
SB70670_component_1174a,41.499252,-27.111139,3.484999895095825,17.963916778564453,41.49943846791386,-27.11096420424353,4.067272229888036,0.7020098546836309,0.856839596200759
SB70670_component_1178a,40.070864,-28.91796,3.2639999389648438,21.759998321533203,40.07073575612536,-28.917601280814754,2.769375264029969,0.9656328107857158,1.178605146568364
SB70670_component_1180a,37.018855,-25.756439,3.3429999351501465,17.321243286132812,37.01888457503174,-25.75633309142872,3.0007486062103537,0.9127470457635789,1.1140553154741017
SB70670_component_1181a,37.738423,-26.814282,3.2709999084472656,19.704818725585938,37.73845861107813,-26.813989404464113,3.153310705004131,0.8498796838055949,1.0373224253659394
SB70670_component_1187a,41.870353,-30.100005,3.63700008392334,13.88167953491211,41.87042153113831,-30.100016735632895,1.9170001081456334,1.554407397936336,1.8972352001803012
SB70670_component_1188a,40.554232,-25.428033,3.384999990463257,10.383435249328613,40.554163517996805,-25.42839526826433,3.287885390303104,0.8435011562196725,1.0295371001819502
SB70670_component_1191a,35.797441,-28.852297,3.2850000858306885,10.495207786560059,35.79757318114678,-28.85218791380256,3.8319192574694045,0.702364765167784,0.8572727829343928
SB70670_component_1192a,36.084514,-28.918378,3.3389999866485596,13.797520637512207,36.084796737284286,-28.91799645434782,2.288839784434741,1.1952113383889182,1.4588176985368022
SB70670_component_1200a,37.300069,-30.355291,3.5230000019073486,14.148594856262207,37.299980686627485,-30.35496080597189,3.8246502719292286,0.7546830484873701,0.9211299730498701
SB70670_component_1204a,38.272616,-29.367199,2.7239999771118164,17.921052932739258,38.2727948094294,-29.366899559164054,2.8005256187507266,0.7969135854569177,0.9726745432619727
SB70670_component_1207a,37.933579,-28.185629,3.4260001182556152,22.103225708007812,37.93386685532997,-28.185396208305256,2.5450018047896763,1.1029173275277606,1.3461680505718723
SB70670_component_1213a,36.178083,-27.209668,3.194999933242798,14.929905891418457,36.178482997181064,-27.209494244031234,2.8728124926896417,0.9111864515338928,1.112150528923491
SB70670_component_1217a,36.52374,-26.549838,2.9719998836517334,16.419889450073242,36.523977389503074,-26.549607307509174,3.121647602431529,0.7800251294193284,0.9520613029275851
SB70670_component_1219a,37.046545,-30.164737,3.1700000762939453,14.474885940551758,37.04669039282579,-30.164614646400366,2.864275746146584,0.9067511770095906,1.1067370453276586
SB70670_component_1222a,37.2848,-26.652105,3.0360000133514404,18.62576675415039,37.2848528768281,-26.65190252408209,3.9389699054296647,0.6314846339841678,0.7707598905913123
SB70670_component_1226a,38.549312,-29.496455,3.1710000038146973,19.818750381469727,38.54978516661182,-29.496015310231382,2.903621858993633,0.8947462074094322,1.0920843545769885
SB70670_component_1230a,40.926406,-30.308035,3.0399999618530273,10.93525218963623,40.92640007126139,-30.307879163889368,2.4103045453604115,1.0333449924760862,1.261251391532541
SB70670_component_1234a,38.957885,-26.076699,2.885999917984009,18.619354248046875,38.95816498284719,-26.076519659427994,3.1379350594750126,0.7535221859651169,0.919713079870699
SB70670_component_1237a,36.286339,-26.965022,3.000999927520752,18.07831382751465,36.28637516013022,-26.96485796230632,3.425528553350196,0.7177646638920896,0.876069161527131
SB70670_component_1238a,38.46876,-26.795707,2.9489998817443848,20.06122398376465,38.468809070562415,-26.795524476030725,3.2912142921560577,0.7341119196593573,0.8960218387398015
SB70670_component_1240a,38.930246,-26.594769,3.0429999828338623,18.55487823486328,38.93044326929177,-26.594578491014897,2.439203059119355,1.0221100880748464,1.2475386054707969
SB70670_component_1242a,35.733967,-28.461859,3.4000000953674316,14.04958724975586,35.73419322290545,-28.4618474041781,2.667372113505552,1.0443330049924726,1.274662833187918
SB70670_component_1244a,35.727328,-29.684569,3.2320001125335693,12.478764533996582,35.72727668382535,-29.68443173454502,2.5183335469991537,1.0514818904189003,1.2833884202451342
SB70670_component_1254a,38.682407,-26.776423,2.9579999446868896,17.927270889282227,38.68252603045796,-26.776293538691107,2.671112857637988,0.9072972708697925,1.107403581330738
SB70670_component_1258a,38.419736,-29.211775,3.1619999408721924,20.399999618530273,38.42008930992526,-29.211560146247006,2.7723051572941975,0.934468153830151,1.1405670593486692
SB70670_component_1266a,40.886646,-25.481292,2.8970000743865967,10.200704574584961,40.88676530748778,-25.481655763897013,3.0743672423966593,0.7720340289562151,0.9423077485460736
SB70670_component_1267a,40.764545,-29.456443,3.052000045776367,17.242937088012695,40.76467677039747,-29.456223859104128,3.394156108965066,0.7367097261317566,0.8991925968623088
SB70670_component_1271a,41.069411,-27.254798,3.114000082015991,18.31764793395996,41.06952363027783,-27.25462953451876,3.1365519597972087,0.8134105746663929,0.992809977940657
SB70670_component_1280a,38.304331,-30.150784,3.1080000400543213,17.559322357177734,38.304594257981826,-30.15056731405764,2.748651436299808,0.9264138245629215,1.1307363309180676
SB70670_component_1288a,38.488819,-30.116288,2.872999906539917,16.80116844177246,38.48872183426581,-30.115982384621528,2.887901339619037,0.8150738136233949,0.9948400477278473
SB70670_component_1293a,38.948404,-29.458189,2.990000009536743,20.067113876342773,38.948718598894665,-29.457931976435457,2.902755945942545,0.8439259615685941,1.0300555972389436
SB70670_component_1294a,40.686418,-25.635006,2.5980000495910645,12.611650466918945,40.686446911445145,-25.635061048827296,2.5282412437077952,0.8419073947608586,1.0275918313004673
SB70670_component_1308a,42.31132,-28.854743,3.0969998836517334,12.797520637512207,42.31120809989007,-28.855015639206584,2.394328315893667,1.0597444926175477,1.2934733566377252
SB70670_component_1314a,36.145692,-26.773979,2.5369999408721924,15.564416885375977,36.14558239801432,-26.773686356985696,2.258019507770479,0.9205268240800057,1.123550940167551
SB70670_component_1315a,36.832267,-27.409781,2.946000099182129,19.639999389648438,36.83247008583922,-27.409666697903983,3.2805448222169566,0.7357503240672537,0.8980215966661458
SB70670_component_1322a,39.50462,-30.16647,2.694999933242798,14.184210777282715,39.504594356984654,-30.166311087058155,1.7148011971369719,1.2876228101713048,1.5716107136747768
SB70670_component_1323a,41.561205,-27.046088,2.816999912261963,15.309782028198242,41.561214471053596,-27.045800660470462,2.9094040152262735,0.793279954988689,0.9682395079952056
SB70670_component_1324a,37.154431,-29.489112,2.8269999027252197,16.532163619995117,37.15452987857721,-29.488842003662853,2.508324548001379,0.923391230999402,1.1270470980231644
SB70670_component_1326a,38.203585,-28.490252,2.7009999752044678,17.314102172851562,38.20381075812968,-28.49013109113893,2.4022285120724542,0.9212000306458173,1.1243726238492844
SB70670_component_1328a,38.733629,-28.326919,2.756999969482422,18.62837791442871,38.733752107446236,-28.32688434860641,2.8795587772208155,0.7844305415179851,0.9574383378773464
SB70670_component_1331a,41.792979,-26.46617,2.9130001068115234,14.140777587890625,41.793117779045176,-26.46593410886303,2.8809863977329457,0.828405499934231,1.0111120653342096
SB70670_component_1340a,37.936663,-26.094024,2.88100004196167,17.674846649169922,37.93693273402951,-26.09408632592641,2.5427114222427067,0.9283032512110285,1.1330424745646472
SB70670_component_1343a,41.500127,-26.614279,2.6589999198913574,14.530054092407227,41.500148421406806,-26.6138959055488,2.8977878820440637,0.7517880413530953,0.9175964660379944
SB70670_component_1352a,38.008005,-30.264007,2.871000051498413,13.415887832641602,38.00803039275784,-30.26391753746085,2.1256336871768515,1.1065943715829045,1.3506560743829366
SB70670_component_1354a,41.553288,-26.307192,2.6559998989105225,13.213929176330566,41.553162544621365,-26.307061126348255,1.9897783820096946,1.093621467835231,1.3348219695843404
SB70670_component_1360a,41.022796,-29.524317,2.947999954223633,16.845714569091797,41.02289138078349,-29.52403547081347,2.5506275231865994,0.9469435964606179,1.1557939869403513
SB70670_component_1362a,42.159521,-26.131314,2.933000087738037,12.534188270568848,42.159657687604714,-26.130963820146942,2.2975479862193637,1.0459024156603853,1.2765783806606432
SB70670_component_1363a,37.310007,-27.855429,2.759000062942505,18.393333435058594,37.310149174435544,-27.855233919544858,3.3929477901621805,0.6662208410083702,0.8131572407162289
SB70670_component_1364a,40.737545,-27.230241,2.9619998931884766,18.866241455078125,40.73751736967299,-27.229966148129908,3.752287076884194,0.6467443773574267,0.789385202277233
SB70670_component_1371a,38.494623,-28.688952,2.503000020980835,15.262194633483887,38.494846101983796,-28.688758688296144,2.4139933912068856,0.8495099252283203,1.0368711157611952
SB70670_component_1374a,36.653709,-28.634522,2.4059998989105225,14.321428298950195,36.65377087872992,-28.63439757810418,2.4037905393778747,0.8200544016258948,1.0009191148298717
SB70670_component_1385a,41.252199,-28.062884,2.697999954223633,16.45121955871582,41.25225872953157,-28.06280261146941,2.866819825159661,0.7710547549035125,0.9411124935531565
SB70670_component_1395a,38.485351,-28.886992,2.7160000801086426,17.081762313842773,38.48559512367803,-28.886737457238006,3.1642554928410043,0.7032373303817636,0.8583377942310535
SB70670_component_1396a,37.283236,-25.925103,2.5989999771118164,14.438888549804688,37.28321698647143,-25.924793634636067,2.1772558772079713,0.9780036710865776,1.1937044259789407
SB70670_component_1397a,41.567951,-26.890648,2.5169999599456787,13.247368812561035,41.56810596420902,-26.890522833496853,2.184975190698503,0.9438008830546966,1.151958141520606
SB70670_component_1400a,40.049182,-27.219869,2.447999954223633,15.11111068725586,40.049316069621526,-27.21971592132507,3.1820506520868386,0.6303010022574383,0.7693152064120024
SB70670_component_1402a,39.396345,-28.191738,2.496999979019165,16.98639488220215,39.396441844337424,-28.191724400420636,2.498745060684547,0.8187291832439225,0.9993016167624144
SB70670_component_1404a,40.24992,-27.267604,2.4739999771118164,15.96129035949707,40.250088093183074,-27.267544936684793,4.001125232266553,0.5065953830336938,0.6183260541711032
SB70670_component_1407a,38.39414,-29.560803,2.440999984741211,15.647435188293457,38.39405180473528,-29.56057093478177,2.234024803578773,0.8952069947730714,1.0926467695572923
SB70670_component_1408a,38.774589,-27.050745,2.559000015258789,15.894410133361816,38.7745467796779,-27.050723511329636,2.0053564913530946,1.0454960134594105,1.2760823456043613
SB70670_component_1410a,38.793386,-30.252986,2.3989999294281006,11.004587173461914,38.79353626365282,-30.2526016788853,2.263051049309256,0.868519483208043,1.0600732715067738
SB70670_component_1412a,39.336934,-27.998681,2.552000045776367,17.360544204711914,39.33704709250013,-27.998512749588272,2.6024277284411803,0.8034256282471257,0.9806228307077643
SB70670_component_1415a,38.561862,-28.702384,2.513000011444092,14.039105415344238,38.5620786559141,-28.70197509867392,2.873759753329988,0.7164497132240977,0.8744641957394443
SB70670_component_1417a,41.864622,-27.767638,2.753999948501587,14.571428298950195,41.864903910567286,-27.767425074680784,2.4375746856555853,0.925656121606365,1.1298115149899086
SB70670_component_1419a,36.67661,-26.058543,2.6579999923706055,15.453487396240234,36.676803409325345,-26.058415381631285,2.6991231213643276,0.8068187097040004,0.984764263375679
SB70670_component_1432a,39.824714,-28.354976,2.2060000896453857,15.006803512573242,39.824760727170634,-28.354866084920314,2.160461127571952,0.8365708929864822,1.02107835289988
SB70670_component_1434a,41.172742,-29.834103,2.3610000610351562,14.137724876403809,41.17288062284404,-29.8338272708372,2.45371799459167,0.7883426652388937,0.9622132886660665
SB70670_component_1437a,36.618214,-29.534335,2.5460000038146973,14.066298484802246,36.61827030195684,-29.534221289706228,2.2871639942678526,0.9120208674680339,1.1131689770368658
SB70670_component_1440a,37.319248,-30.011078,2.4719998836517334,13.887639999389648,37.31927540332252,-30.010874989846688,3.0333759849618924,0.6676761800499804,0.8149335578269202
SB70670_component_1443a,36.437301,-26.572809,2.638000011444092,15.160920143127441,36.43747930481821,-26.572527063706477,2.533193301255855,0.8531986174426962,1.0413733567573693
SB70670_component_1446a,41.518562,-27.853183,2.5329999923706055,14.899999618530273,41.518564147104755,-27.853001003547526,2.244528553165172,0.9245996714929343,1.1285220625946766
SB70670_component_1448a,38.705567,-25.577153,2.375,10.698198318481445,38.70572023797931,-25.57708785266338,1.8422483616476302,1.0562315012883399,1.289185567724375
SB70670_component_1450a,39.14496,-26.472377,2.6559998989105225,17.7066650390625,39.14508675897814,-26.472311390178916,2.875698618669877,0.7567080711005689,0.9236016186352053
SB70670_component_1457a,39.919641,-29.864825,2.7170000076293945,16.076923370361328,39.91986007124289,-29.864615221615527,2.540822998232933,0.8761105472387196,1.069338560584105
SB70670_component_1459a,39.36813,-27.577609,2.3570001125335693,15.305195808410645,39.368226371798485,-27.577439538278455,3.1621244149561765,0.6106949527924144,0.7453850017366362
SB70670_component_1461a,41.462445,-27.093751,2.316999912261963,12.524323463439941,41.46243043863665,-27.093535194873986,2.5468650675692746,0.7453560165481709,0.9097458447114771
SB70670_component_1466a,36.058153,-28.35468,2.3919999599456787,12.79144287109375,36.058348067396395,-28.35455041727726,1.8600335152568257,1.0536201778949572,1.2859983114956943
SB70670_component_1467a,40.051305,-27.903132,2.5199999809265137,16.153844833374023,40.051347118072364,-27.90297810345707,2.0299352937884376,1.0170961813659751,1.2414188711520335
SB70670_component_1468a,36.526492,-26.443413,2.427999973297119,13.954023361206055,36.52658961841934,-26.44294953981341,2.533216749535188,0.7852718105722566,0.9584651505808278
SB70670_component_1469a,37.13733,-29.0295,2.427999973297119,14.116278648376465,37.13769405645938,-29.029163795593337,2.3360118364755458,0.8515640513537647,1.0393782836992642
SB70670_component_1473a,39.7661,-27.252296,2.51200008392334,15.224242210388184,39.76628112239677,-27.252064803522348,2.307698525502995,0.891834477691316,1.0885304367804345
SB70670_component_1475a,39.076396,-26.809967,2.255000114440918,13.834356307983398,39.076309990451506,-26.809764657814494,2.450127911019698,0.7540523390108721,0.9203601592793694
SB70670_component_1478a,36.137486,-30.078781,2.010999917984009,10.312820434570312,36.13775089135128,-30.078595535492802,2.5818461222806413,0.6381538283111113,0.7788999896739072
SB70670_component_1484a,36.707025,-29.861262,2.3259999752044678,11.928205490112305,36.70717088263276,-29.86112056947544,2.769342597089649,0.6881398377170865,0.8399105179867967
SB70670_component_1491a,42.308781,-29.34097,2.552000045776367,10.416326522827148,42.308715496927036,-29.341200292877637,2.167162684993057,0.9647901134368664,1.1775765905569489
SB70670_component_1492a,38.966957,-29.960682,2.1659998893737793,12.816567420959473,38.966959081913856,-29.960519126355397,2.48883177919235,0.7130279718885005,0.8702877821966205
SB70670_component_1498a,37.124763,-29.300038,2.1649999618530273,13.364197731018066,37.12496372504498,-29.29986864448958,1.6882559277471278,1.0506626422860772,1.2823884852233776
SB70670_component_1501a,40.296869,-26.958302,2.3529999256134033,15.379084587097168,40.296896064422405,-26.958141388324503,1.892532091616193,1.0186437895733553,1.2433078075859618
SB70670_component_1508a,41.680868,-28.275112,2.365000009536743,12.253886222839355,41.680774757238034,-28.275085813559112,1.91299831896367,1.012885232401219,1.2362791885870221
SB70670_component_1509a,36.282898,-28.025567,2.384999990463257,13.866278648376465,36.28296453678149,-28.02546254025938,2.050010527541384,0.9531823043830773,1.1634086549417053
SB70670_component_1515a,41.416949,-26.230049,2.1019999980926514,11.00523567199707,41.41715215318673,-26.22978358856097,1.925389784813675,0.8944534197140676,1.0917269919431236
SB70670_component_1516a,37.508286,-26.974178,2.1659998893737793,14.064934730529785,37.50822187281672,-26.973836479653126,1.9780726143433942,0.8971392976279774,1.0950052458477446
SB70670_component_1519a,41.044482,-28.855934,2.6050000190734863,16.180124282836914,41.044814414466494,-28.855606012127062,2.2558527900444605,0.9461078722955738,1.1547739420630123
SB70670_component_1520a,37.385656,-26.306115,2.5230000019073486,15.768750190734863,37.38574152980629,-26.306241177653526,2.151889980588811,0.9605962087638963,1.1724577114379204
SB70670_component_1526a,36.970369,-27.356541,2.0829999446868896,13.018750190734863,36.97029978774278,-27.356346554554836,1.8541587686155236,0.9204199426815308,1.1234204858531283
SB70670_component_1528a,40.259228,-28.01616,2.186000108718872,13.662501335144043,40.259497758319,-28.016031990561483,1.9174232185890232,0.9340623737249747,1.140071783592715
SB70670_component_1530a,37.009883,-29.437177,2.3429999351501465,12.529411315917969,37.010201898389894,-29.43732914456588,2.6849671943073354,0.7149521453672458,0.8726363361599995
SB70670_component_1544a,38.091178,-29.574817,2.203000068664551,13.515337944030762,38.09121048444022,-29.57465340542799,1.8865418203131232,0.9567352040769953,1.1677451540930603
SB70670_component_1547a,41.563807,-29.169358,2.1089999675750732,11.587912559509277,41.56387273504065,-29.16889915160727,2.305962487519444,0.7493211928837024,0.9145855489799203
SB70670_component_1548a,37.29866,-29.110784,2.134999990463257,13.598725318908691,37.29889911396445,-29.11057349368635,2.369585641940064,0.7381916843581908,0.9010014040747041
SB70670_component_1567a,35.706526,-28.483035,2.381999969482422,10.223176002502441,35.707028070243666,-28.482719437815614,1.868974245603851,1.0441962172263843,1.2744958765939636
SB70670_component_1571a,42.170941,-27.523339,2.4210000038146973,12.352041244506836,42.17089083470097,-27.523028136965433,2.4485577831150813,0.8100803797948285,0.9887453016259535
SB70670_component_1572a,40.850365,-26.69379,2.0869998931884766,13.043749809265137,40.850767181227646,-26.69353011109167,2.1915603942221176,0.7802120695944127,0.9522894731492197
SB70670_component_1575a,38.824502,-27.191477,2.3350000381469727,15.566666603088379,38.824477292435006,-27.191221397937074,2.5198261141921376,0.7592066446429314,0.9266512577974371
SB70670_component_1577a,37.429759,-26.088668,2.311000108718872,14.443751335144043,37.42975164927377,-26.088460374407813,2.0347882883560544,0.9305172263001057,1.1357447464895596
SB70670_component_1580a,38.563238,-28.192298,2.0889999866485596,14.210884094238281,38.56330218510601,-28.19214033487992,3.3061894117745703,0.5176716566912265,0.6318452231468813
SB70670_component_1582a,36.053672,-26.619655,2.072000026702881,11.706214904785156,36.0534645135904,-26.619374083501945,2.2275467065010144,0.7620906240518114,0.9301713048960203
SB70670_component_1587a,41.468678,-28.903004,2.309999942779541,12.622950553894043,41.46875740756548,-28.90299151334843,2.5886798246752902,0.7311008873422588,0.8923467169483946
SB70670_component_1588a,40.327714,-27.154201,2.2070000171661377,13.623456954956055,40.32776104044122,-27.154127264334036,2.0247330750793213,0.893055069331473,1.0900202324593704
SB70670_component_1594a,37.055624,-26.50394,1.7610000371932983,10.238371849060059,37.05581659143863,-26.503623089155298,1.9348021293627204,0.7457040285511789,0.9101706114895229
SB70670_component_1596a,42.113471,-27.324772,2.2860000133514404,10.990384101867676,42.11337606906924,-27.324667093400894,2.4398774233898224,0.7676299324957665,0.9369323194012781
SB70670_component_1597a,40.162771,-26.70284,2.194000005722046,13.059523582458496,40.163103798311674,-26.702638253493284,1.5705908118190555,1.1445038364129885,1.3969265509588453
SB70670_component_1610a,36.651075,-29.795009,2.260999917984009,11.899999618530273,36.65132709172849,-29.79478105345088,2.272248959252281,0.8152453197953743,0.9950493799447161
SB70670_component_1611a,39.32949,-30.053614,2.2980000972747803,14.636942863464355,39.32949240611588,-30.05337975977396,1.7232763991117466,1.0925436151616075,1.3335063942495073
SB70670_component_1614a,37.785398,-28.88967,2.1619999408721924,13.024096488952637,37.78548507251946,-28.88935907692864,2.4097002667167398,0.7350829217515134,0.8972069973739748
SB70670_component_1616a,37.391908,-28.120039,1.9509999752044678,12.118012428283691,37.39199050215149,-28.119692699584913,2.2180517095453007,0.720658109488734,0.8796007626009863
SB70670_component_1617a,40.634927,-26.788777,2.0439999103546143,13.10256290435791,40.63506761172151,-26.788390191253875,2.4944249527980302,0.6713579112134466,0.819427302497849
SB70670_component_1620a,36.88433,-27.208364,1.8860000371932983,11.361446380615234,36.884291988933384,-27.208084572648414,2.401209661621453,0.6435099934047952,0.7854374681799958
SB70670_component_1622a,39.724947,-28.954921,1.9259999990463257,12.425806045532227,39.725038143252135,-28.95450695637455,1.8148860266662872,0.8694620013917348,1.0612236640469046
SB70670_component_1625a,39.40884,-29.867756,1.9390000104904175,11.541666984558105,39.409068937679265,-29.867645491044456,1.8432279868217165,0.8618713341930238,1.051958859323659
SB70670_component_1626a,41.176984,-28.149913,1.9780000448226929,12.598726272583008,41.17698678072507,-28.14969196343495,2.2325630313832585,0.7258823706142995,0.8859772454429461
SB70670_component_1628a,38.366343,-29.193876,2.308000087738037,14.8903226852417,38.36646833720235,-29.19365362827379,2.010674203883712,0.9404545148279981,1.1478737247834712
SB70670_component_1631a,39.860629,-25.931733,1.965999960899353,10.922221183776855,39.86049030752095,-25.931660811890783,2.2140036670197376,0.7275265549767564,0.8879840581049165
SB70670_component_1633a,36.441989,-28.809944,2.1519999504089355,12.584794998168945,36.442147544972954,-28.809605973695405,2.8330992035991547,0.6223348989972747,0.759592162418826
SB70670_component_1642a,39.432268,-28.097623,1.8209999799728394,11.45283031463623,39.43286362875784,-28.097378383206838,1.835862315646993,0.812668665233649,0.9919044388310155
SB70670_component_1645a,37.860318,-27.737422,2.0799999237060547,14.857142448425293,37.860470201028185,-27.73732991169412,1.9825772081574575,0.8595613725515127,1.049139430811443
SB70670_component_1649a,37.21073,-26.167134,2.3359999656677246,14.243902206420898,37.21123709919158,-26.166988362343183,2.179017978216315,0.8783259203732433,1.0720425388963108
SB70670_component_1650a,39.506688,-27.645582,2.009999990463257,13.4899320602417,39.5069668813736,-27.6453156616584,2.118360833358381,0.7773915185382144,0.9488468436591455
SB70670_component_1651a,37.846999,-29.653591,2.0399999618530273,13.783782958984375,37.84724274546564,-29.653335268618044,1.9032220480013207,0.8781816942793206,1.0718665034357628
SB70670_component_1652a,41.297155,-26.55958,2.119999885559082,11.777776718139648,41.297407157784505,-26.55933641384529,2.5254592428229197,0.6877635482334218,0.8394512370706005
SB70670_component_1662a,37.805604,-26.831885,1.9850000143051147,12.973856925964355,37.805517558396176,-26.831311433826343,2.199608751752974,0.7393647752375301,0.9024332226006887
SB70670_component_1665a,36.216783,-28.744497,2.200000047683716,11.827957153320312,36.21677424350812,-28.744140366593687,1.6337115804194036,1.1032933069470863,1.346626953038391
SB70670_component_1673a,40.738008,-29.626505,2.1589999198913574,13.006024360656738,40.73810377781607,-29.626341223359557,1.8639134187536952,0.9490095266806488,1.1583155623907528
SB70670_component_1675a,36.677187,-26.5433,2.1579999923706055,12.123595237731934,36.67731383150386,-26.543214625578287,2.5647384490798983,0.6893694559584447,0.8414113311027054
SB70670_component_1682a,36.20729,-27.54353,2.2690000534057617,10.129464149475098,36.20743726782703,-27.543450937546247,1.9304372815739297,0.9629915817998369,1.1753813890062226
SB70670_component_1686a,41.873213,-27.646847,2.2239999771118164,13.728394508361816,41.87323307283586,-27.646620157290556,2.3125811640695053,0.7879188222750496,0.9616959662501918
SB70670_component_1688a,38.105003,-27.713889,2.13100004196167,13.154321670532227,38.105141006226326,-27.713762124564607,2.0581714183450375,0.8482924393017689,1.0353851107674954
SB70670_component_1695a,36.338676,-29.68836,2.183000087738037,11.800000190734863,36.338405986692294,-29.688065124846744,2.169205772100874,0.8245114339521886,1.006359154956426
SB70670_component_1697a,38.216883,-28.702795,2.1649999618530273,14.433332443237305,38.2169277644589,-28.70248965836837,2.3663267954548135,0.7495952956747057,0.9149201057146924
SB70670_component_1702a,39.133187,-28.305905,2.13700008392334,14.439189910888672,39.13348818353947,-28.305909048024972,1.8783810119216635,0.9321043411606242,1.1376819028515934
SB70670_component_1707a,37.737953,-25.946027,1.7760000228881836,10.829268455505371,37.73823513584068,-25.945952671627772,1.8383901376311753,0.7914964410186082,0.9660626362892789
SB70670_component_1711a,38.761843,-26.924447,2.1070001125335693,12.616767883300781,38.76169403659973,-26.924246791236108,2.3009518195533367,0.750240862606921,0.9157080537838391
SB70670_component_1712a,38.635174,-29.49148,1.7680000066757202,11.55555534362793,38.63534975625595,-29.49117717354673,2.220885285987138,0.652228566706612,0.7960789410561026
SB70670_component_1715a,37.63853,-27.270644,1.8630000352859497,12.176470756530762,37.6386324208359,-27.270680972108746,2.8265738950791786,0.5400030344536955,0.6591018329749921
SB70670_component_1733a,38.571225,-29.933696,1.8370000123977661,10.805882453918457,38.57157423913994,-29.93348085224994,1.8189982153683202,0.8274096221606378,1.0098965446350374
SB70670_component_1741a,41.268721,-27.044031,1.840999960899353,11.225608825683594,41.26854438898397,-27.043693775420277,1.914559585147525,0.7878228502656816,0.9615788274134577
SB70670_component_1744a,38.588774,-26.067686,1.7680000066757202,11.189872741699219,38.58910038026217,-26.067624483996394,2.2864408384600354,0.6335282341592561,0.773254211058662
SB70670_component_1776a,40.453059,-28.864326,1.9429999589920044,12.953332901000977,40.453296707668926,-28.864193675953942,1.8508218579003108,0.8601057528656683,1.049803875342312
SB70670_component_1778a,36.361059,-27.689393,1.8049999475479126,10.0837984085083,36.361338831619264,-27.689197820829843,1.8080161446124885,0.8179345817995328,0.998331764307767
SB70670_component_1798a,36.642252,-26.034849,2.0269999504089355,11.451976776123047,36.64224145652884,-26.034718686207587,1.8399706077745415,0.9025817197870489,1.1016480055953761
SB70670_component_1800a,40.742426,-28.467574,1.9980000257492065,13.684931755065918,40.742401026871065,-28.467295215767223,1.6800683338133562,0.9743437957762184,1.1892373575152273
SB70670_component_1831a,39.289271,-30.065574,1.8839999437332153,11.017542839050293,39.28957542283452,-30.065324515330477,2.029753391292609,0.7604686070850287,0.9281915486951973
SB70670_component_1855a,36.384052,-26.505165,1.815000057220459,10.02762508392334,36.38434371982732,-26.505049027610607,1.9831763306919896,0.7498234068587771,0.9151985272974447
SB70670_component_1862a,38.853084,-29.38541,1.8489999771118164,12.00649356842041,38.85351983322612,-29.385230156927257,1.6115288084922044,0.9400317298896871,1.1473576937428736
SB70670_component_1865a,40.91437,-29.111644,1.8240000009536743,11.259259223937988,40.914375640059646,-29.11153799402369,1.7879187678476758,0.8358353443020088,1.0201805774148418
SB70670_component_1890a,36.363953,-27.158979,1.847000002861023,10.435028076171875,36.36402035115961,-27.158750894464053,3.1275930769330214,0.48383840056811395,0.5905499716325715
SB70670_component_1910a,40.160218,-28.202698,1.7920000553131104,12.108108520507812,40.16020092722915,-28.202634665774532,2.460528241959095,0.5966963006484242,0.7282989175878362
SB70670_component_1930a,37.397297,-26.730882,1.656999945640564,11.195945739746094,37.39764688158851,-26.730514769504413,1.8349029994250825,0.7398659903516512,0.9030449817563873
SB70670_component_1944a,41.152323,-28.35755,1.7489999532699585,11.283870697021484,41.15238598592162,-28.35773623382682,1.8059068294142977,0.7934839349305601,0.9684884761398264
SB70670_component_1960a,40.973843,-27.577539,1.6920000314712524,11.279999732971191,40.973888517009684,-27.57721017600837,1.2878708582510945,1.0763951480415608,1.313796348935916
SB70670_component_1973a,38.325036,-28.24739,1.5989999771118164,11.757351875305176,38.324870708620175,-28.247086153042343,1.573770309998548,0.8324358789170819,1.0160313528301925
SB70670_component_2021a,37.63668,-27.163881,1.6050000190734863,10.03125,37.63698376475619,-27.163530143860985,2.472833496319354,0.5317700183903536,0.6490530080017197
SB70670_component_2036a,40.776142,-29.254644,1.6690000295639038,10.115151405334473,40.77604689712921,-29.25465251258611,1.4913682761417282,0.9168855419132279,1.1191065656041184
SB70670_component_2044a,40.150707,-29.799789,1.6419999599456787,10.732026100158691,40.15117107763115,-29.799731372707992,1.3061478198623584,1.029969805551577,1.2571318000735263
SB70670_component_2055a,38.754235,-27.396205,1.559999942779541,10.684930801391602,38.75438940451214,-27.395748079120192,1.8374609588327027,0.6955848958482536,0.848997599258149
SB70670_component_2067a,38.443334,-26.930421,1.5980000495910645,10.797297477722168,38.443475702203536,-26.93017088331281,1.8639969567315338,0.7023850680130571,0.8572975636146491
