Component_ID,RA,DEC,ASKAP_flux,ASKAP_flux_SNR,RA_comp,DEC_comp,Comp_flux,Flux_Ratio_AlphaCorr,Flux_Ratio_NOAlphaCorr
SB68309_component_6a,250.810837,-54.31877,316.7919921875,1186.4869384765625,250.8109647034477,-54.31870658525029,253.8799421611731,1.0223261864012594,1.2478023647350125
SB68309_component_10a,244.642984,-58.163114,220.43699645996094,517.457763671875,244.64304417699532,-58.16324827356092,183.83718561607222,0.9824145887680253,1.1990881807792912
SB68309_component_13a,245.204388,-58.391194,200.88699340820312,243.4993896484375,245.20437899173598,-58.39133815357301,172.36508975704635,0.9548742675418801,1.1654737841134724
SB68309_component_15a,243.595047,-53.657024,193.65699768066406,614.7841186523438,243.59508953532057,-53.65709381146122,162.85249511948714,0.9742770186815729,1.189155852592711
SB68309_component_19a,247.17534,-52.836648,172.82400512695312,155.2776336669922,247.17527051567606,-52.83655559654799,148.97601909232,0.9504546098138974,1.160079361631046
SB68309_component_26a,244.12903,-55.940458,151.7949981689453,665.7675170898438,244.1291000573097,-55.94043045443539,139.76582778682035,0.8898158574638114,1.0860666056403472
SB68309_component_34a,249.718021,-57.203602,124.51499938964844,622.5750122070312,249.71795044512535,-57.203529508035935,98.05939155577231,1.0403420612296763,1.269791678432241
SB68309_component_38a,250.326326,-56.519151,116.18000030517578,553.2380981445312,250.3263059976122,-56.51907866860848,121.49852132408814,0.7834369696956462,0.9562256317118
SB68309_component_41a,244.331415,-56.16073,107.2239990234375,498.7162780761719,244.33149933081305,-56.16069356847225,85.08522667772039,1.0324796992695544,1.260195256099778
SB68309_component_42a,242.122766,-55.909919,104.16200256347656,266.39898681640625,242.12277519955973,-55.910136002963526,79.44358188354491,1.0742223517096299,1.3111443378291527
SB68309_component_44a,245.494653,-53.504146,104.03500366210938,400.1346435546875,245.49464017620193,-53.50414720336356,91.71349280506406,0.9293727496184243,1.1343478530823652
SB68309_component_46a,246.607901,-55.085025,96.39299774169922,486.83331298828125,246.6079490313628,-55.08496545982353,77.56087779814149,1.0182313211295368,1.2428043683642913
SB68309_component_49a,247.860604,-58.588418,106.91400146484375,114.46894836425781,247.8607748841253,-58.588467613017094,93.99872592755145,0.9318720755394377,1.1373984105619328
SB68309_component_50a,243.74115,-56.434712,94.46499633789062,325.7413635253906,243.741178812235,-56.43474585278109,74.7573208681039,1.0352872465054297,1.263622013749763
SB68309_component_53a,244.171894,-56.061399,86.35099792480469,440.5663146972656,244.1719583606513,-56.061372947514485,70.59552760222996,1.0021525905099913,1.2231794400822218
SB68309_component_54a,249.323424,-55.77971,85.3949966430664,440.1803894042969,249.32352992675925,-55.77968133897692,89.4073978024997,0.7825329830098599,0.9551222688720159
SB68309_component_56a,247.460738,-56.25611,83.10800170898438,454.14208984375,247.46102251179767,-56.25601271358934,68.15219355162886,0.99909476240446,1.2194472015933826
SB68309_component_59a,249.988238,-54.271061,88.1240005493164,436.2574157714844,249.9882047755897,-54.27107959795751,78.84291014237546,0.9157464407789905,1.1177162333325983
SB68309_component_60a,246.75479,-53.980369,77.13099670410156,376.248779296875,246.75496464191096,-53.980302036485504,65.47713202617798,0.9651236894739635,1.1779837374866133
SB68309_component_62a,250.941107,-54.064925,74.2959976196289,318.866943359375,250.9412950847889,-54.06484190175292,64.08956650901541,0.9497772558038728,1.159252615777605
SB68309_component_66a,251.914212,-53.924546,73.19999694824219,301.23455810546875,251.9143412462523,-53.92445104356524,61.2944899370388,0.9784379936118355,1.194234539245414
SB68309_component_67a,252.19675,-53.322736,72.33499908447266,249.43104553222656,252.19672638467682,-53.32256087282322,57.22137430040401,1.0356997633061473,1.2641255119935477
SB68309_component_68a,253.831178,-56.961247,72.34100341796875,76.79512023925781,253.83102143898634,-56.96125980986742,52.625687860133226,1.1262386410066707,1.3746329285088723
SB68309_component_75a,246.778299,-56.730962,66.13200378417969,346.2408447265625,246.7785350033404,-56.73080162713322,54.90282527925964,0.9868716409094775,1.2045282450912784
SB68309_component_76a,252.290439,-57.510416,64.62899780273438,206.482421875,252.29002749952483,-57.51044130577746,42.578456397173234,1.2436013631139788,1.5178802444098247
SB68309_component_77a,251.332538,-56.721052,65.19499969482422,300.43780517578125,251.3325128585916,-56.72092603507285,54.28447277903829,0.983971102705772,1.2009879871210425
SB68309_component_79a,252.005241,-57.404668,62.051998138427734,229.82220458984375,252.00492331969437,-57.40468962716746,62.18585973167995,0.8175377373535385,0.9978473949893143
SB68309_component_81a,241.390666,-57.867588,66.49700164794922,91.09178161621094,241.3906901334816,-57.867620944542445,35.66333976677313,1.527649538149846,1.8645758384609632
SB68309_component_82a,242.803419,-57.701708,59.9630012512207,264.1542053222656,242.80329607644316,-57.701699114480256,47.735719750405835,1.0291615860521897,1.2561453260733733
SB68309_component_90a,250.471421,-57.141005,57.534000396728516,276.60577392578125,250.47136933327758,-57.140914986107,34.617098372865726,1.3616879385767797,1.6620110610375702
SB68309_component_95a,243.032292,-54.564362,56.611000061035156,252.72767639160156,243.03216287165242,-54.56438605845209,48.190037154358095,0.9624701000982686,1.1747448934248332
SB68309_component_98a,242.528884,-54.544916,53.34600067138672,164.6481475830078,242.52883647795045,-54.54499096886975,43.98058134994741,0.9937670233207818,1.2129444185132516
SB68309_component_99a,245.938258,-58.582646,54.948001861572266,52.834617614746094,245.9383175517852,-58.58269032238788,54.8361611571041,0.8209723698979506,1.0020395429240159
SB68309_component_101a,245.640156,-54.358077,51.981998443603516,270.73956298828125,245.64017095089812,-54.358036708178965,44.17586059542187,0.9640768044963891,1.1767059598379535
SB68309_component_104a,245.433288,-55.492556,47.742000579833984,252.60317993164062,245.43325880341484,-55.492567147445754,39.302953518226595,0.9952200270073998,1.2147178852015235
SB68309_component_105a,247.540164,-53.815676,50.400001525878906,266.66668701171875,247.5403245514931,-53.81558477284624,40.99259590116687,1.0073231365218982,1.2294903608298748
SB68309_component_108a,241.586733,-57.601624,54.54499816894531,111.77253723144531,241.58670123363294,-57.601594825524494,42.90573168635282,1.04155761823659,1.271275329079043
SB68309_component_113a,253.168448,-55.130809,45.68899917602539,101.75723266601562,253.16805741108385,-55.1308989103815,34.70279402018011,1.0786756702704656,1.316579845111511
SB68309_component_114a,249.470304,-56.928489,51.994998931884766,298.82183837890625,249.47045860267292,-56.92828384601556,42.53615088181782,1.001491036528547,1.222371978986706
SB68309_component_116a,247.709429,-53.651455,47.7130012512207,228.2918701171875,247.70956273843657,-53.6513661020963,56.38836407948085,0.6932516647783903,0.8461497691964959
SB68309_component_117a,243.769024,-54.723344,49.737998962402344,223.04034423828125,243.7688356698985,-54.72331550570063,38.37841426460255,1.0618054823593088,1.2959889019770432
SB68309_component_120a,242.896949,-56.442782,45.26599884033203,177.5137176513672,242.897019748305,-56.44286161759344,36.18819675272712,1.0248229581323793,1.2508498046927639
SB68309_component_121a,252.206072,-55.157313,42.69200134277344,210.30543518066406,252.20595186229056,-55.15727804689216,34.48253646528136,1.0143573749500787,1.238076015253627
SB68309_component_122a,245.086465,-57.287162,45.665000915527344,252.29283142089844,245.08657116472813,-57.287164217225914,32.23123490781321,1.1607807736591722,1.416793400753554
SB68309_component_125a,251.31488,-54.849786,45.22700119018555,213.3349151611328,251.31504247665396,-54.84970605152426,34.801823189637894,1.0647299658847622,1.2995583864598137
SB68309_component_127a,250.380932,-52.852191,46.847999572753906,55.180213928222656,250.3810092002347,-52.85206723941153,37.73256201328328,1.0172283079758824,1.2415801385620635
SB68309_component_129a,247.999213,-53.244398,41.24700164794922,104.9542007446289,247.99935055254926,-53.244304379202454,38.731737772343,0.8725073256499187,1.0649406409387157
SB68309_component_130a,244.601967,-53.183193,41.78499984741211,86.69087219238281,244.60198377178213,-53.18309755215898,42.03744493506222,0.8143812654660699,0.9939947566261442
SB68309_component_131a,242.822254,-53.648295,44.22999954223633,82.67288970947266,242.82222734211538,-53.64836352394129,38.26648554489524,0.9469826843458201,1.1558416957403768
SB68309_component_133a,252.283487,-54.651747,38.560001373291016,101.47368621826172,252.28335255538528,-54.65167704921937,29.577818146666353,1.0681065716124698,1.3036797096420387
SB68309_component_137a,251.248403,-57.055008,37.446998596191406,170.21363830566406,251.24835120653293,-57.054929970540584,28.596777321852212,1.0728613539728018,1.309483169195303
SB68309_component_140a,247.165756,-53.293444,36.935001373291016,127.36207580566406,247.16576717789587,-53.29334340721445,30.180431564882607,1.0026661529268879,1.223806269764144
SB68309_component_142a,245.624242,-53.005399,41.82400131225586,74.68571472167969,245.62402001734554,-53.00529119952881,33.54044538785326,1.02164599069839,1.246972150447427
SB68309_component_145a,243.088444,-53.917569,37.2130012512207,109.45000457763672,243.08836229414499,-53.91767222729782,33.113668781419,0.9207274220449683,1.1237957804331833
SB68309_component_147a,250.957681,-56.266187,36.19599914550781,192.53192138671875,250.95782638006355,-56.26613877207241,39.58669520996556,0.7491262282995019,0.9143475845489579
SB68309_component_149a,246.645448,-56.230577,36.141998291015625,199.67955017089844,246.6454321879461,-56.230419746809346,29.451077758377938,1.005436505325027,1.2271876291771469
SB68309_component_151a,242.805495,-58.345156,37.04499816894531,60.43230056762695,242.80542117578545,-58.34526064814694,30.817237681445675,0.9848714557060197,1.202086914858343
SB68309_component_154a,246.538921,-57.512275,34.84400177001953,199.10858154296875,246.53897230392099,-57.5122727315851,26.13028382863154,1.092515433789032,1.3334719974162765
SB68309_component_156a,246.295475,-55.395163,34.7859992980957,186.02137756347656,246.29546200426594,-55.39513847792752,28.71863312599247,0.9923946151039658,1.2112693227941904
SB68309_component_161a,249.934349,-54.256139,35.17599868774414,182.25906372070312,249.9343590581394,-54.25613979176041,24.186645258585305,1.191556067132893,1.4543562495612345
SB68309_component_162a,241.927325,-55.885446,34.81999969482422,78.2471923828125,241.92737309940372,-55.88566824072876,18.196992969068372,1.567735586175149,1.9135029482075407
SB68309_component_165a,246.895021,-55.797804,33.233001708984375,194.34503173828125,246.89503292833427,-55.79772063956977,25.996752226658547,1.047355591893365,1.2783520579507377
SB68309_component_166a,242.044143,-57.533937,33.215999603271484,112.59661102294922,242.04420148869116,-57.53393271937326,26.449609644163687,1.0288966201497662,1.255821921387065
SB68309_component_170a,249.6182,-57.361527,32.520999908447266,171.1631622314453,249.61801808780803,-57.36150671506314,25.73241267099808,1.035445067121847,1.2638146420331708
SB68309_component_173a,251.746354,-57.900147,31.336999893188477,120.06513214111328,251.74611209999472,-57.90019794546774,26.57020609526931,0.9662870825758236,1.1794037193700153
SB68309_component_174a,248.47319,-54.226248,30.900999069213867,162.6368408203125,248.47321438244762,-54.2262005443758,23.641910751900394,1.0708622972437893,1.3070432163242123
SB68309_component_178a,247.118646,-53.559454,29.479000091552734,138.39906311035156,247.11875117599502,-53.55936466009645,27.657952881478806,0.873245581571484,1.0658417207476478
SB68309_component_181a,242.815902,-54.509441,31.058000564575195,130.4958038330078,242.8157844935331,-54.50948687185435,24.827973353280328,1.0248868096125727,1.2509277387504423
SB68309_component_182a,246.042746,-58.408856,30.375999450683594,54.633094787597656,246.04277525730623,-58.4089280546364,26.857576369015923,0.9266323070472232,1.13100300017118
SB68309_component_186a,249.374593,-54.38604,29.055999755859375,165.09091186523438,249.3744813541009,-54.38610885109217,24.88268737228147,0.9567142020685857,1.167719520047776
SB68309_component_188a,245.91758,-56.631586,30.59600067138672,154.52525329589844,245.91773426959114,-56.63146449850078,23.360424048164234,1.0730689306952452,1.3097365273979729
SB68309_component_190a,251.101149,-55.061323,27.483999252319336,146.19149780273438,251.10128994677143,-55.06126969211563,22.52826661025096,0.9995299957479389,1.2199784265609404
SB68309_component_191a,243.260762,-55.106763,28.11400032043457,108.96900177001953,243.260595347168,-55.1067659997956,26.808191955044602,0.8592089688751381,1.0487093037672854
SB68309_component_194a,246.29781,-52.998771,27.986000061035156,41.1558837890625,246.29776170511528,-52.998734981187624,23.175804015114526,0.9893494164997972,1.207552499269651
SB68309_component_195a,248.567897,-57.117089,28.652000427246094,160.96629333496094,248.5681610926257,-57.11685376356297,23.68130520058735,0.9912723556667409,1.209899546691179
SB68309_component_196a,249.944893,-54.864318,28.218000411987305,151.7096710205078,249.94485321869706,-54.864323706411824,29.792809374951766,0.7759941700558207,0.9471413070467776
SB68309_component_198a,251.105915,-55.722157,26.6200008392334,153.8728485107422,251.10604765557588,-55.722101991517015,21.6929712973048,1.0053857006070908,1.2271256193724254
SB68309_component_199a,250.784287,-57.487226,27.867000579833984,142.17857360839844,250.7840955406158,-57.487193333814794,22.286346916385376,1.0244600349711326,1.2504068380693472
SB68309_component_200a,252.530791,-53.693427,27.027000427246094,92.55821990966797,252.53090093076497,-53.693368696182574,20.267473095540577,1.0925515164859194,1.33351603822742
SB68309_component_201a,242.780969,-57.114949,30.066999435424805,113.89015197753906,242.78099584557376,-57.11494188601399,26.16136134310429,0.9416151359152185,1.1492903232786078
SB68309_component_203a,248.608252,-53.832454,26.582000732421875,138.4479217529297,248.6082310244264,-53.83231290433702,21.51376211112734,1.0123133970683262,1.2355812337756187
SB68309_component_206a,245.194974,-55.357148,26.452999114990234,143.76629638671875,245.1948762387985,-55.35715701693753,23.940778733474268,0.9052745796564705,1.1049347813403978
SB68309_component_207a,249.336605,-55.725171,26.86199951171875,149.2333221435547,249.33674612881904,-55.725180448734484,22.872960946091098,0.962187319851865,1.1743997454037258
SB68309_component_209a,243.072127,-54.874982,26.274999618530273,108.12757110595703,243.07197797731322,-54.87502300587353,22.61666913367554,0.9518264182105304,1.1617537252383283
SB68309_component_210a,243.95945,-55.667581,26.604999542236328,134.36868286132812,243.959325815398,-55.667555853563634,21.152107222448198,1.0305125788924645,1.2577942832098126
SB68309_component_212a,248.837517,-55.573162,25.020999908447266,143.79885864257812,248.8377936761552,-55.57310938797983,22.647677203407287,0.9051585868745179,1.1047932061078174
SB68309_component_214a,249.580462,-55.051235,26.1299991607666,145.97764587402344,249.58060414948352,-55.05117821198064,19.28262539315899,1.1102401080362063,1.355105885635101
SB68309_component_216a,250.943858,-55.104767,25.469999313354492,135.47872924804688,250.94402040998315,-55.10469579523977,21.906977600065122,0.9525551950511223,1.1626432353351555
SB68309_component_219a,248.051389,-53.289981,23.746999740600586,72.62079620361328,248.0515966516622,-53.28988883575594,20.750654437704203,0.9376065448665488,1.1443976290912534
SB68309_component_220a,247.559041,-53.927136,25.53499984741211,132.9947967529297,247.55915019379873,-53.927032190571445,26.931682325271414,0.7768122352964467,0.9481397982869891
SB68309_component_221a,246.975562,-58.469397,24.437000274658203,31.531614303588867,246.97554324943022,-58.469426486266194,24.273969428606197,0.8248040293743716,1.0067162829108567
SB68309_component_222a,244.418411,-54.035097,24.666000366210938,116.90047454833984,244.41847069418722,-54.03505452847093,17.65969316139589,1.1443510200078706,1.3967400305760036
SB68309_component_224a,242.750761,-53.682765,24.68400001525879,41.695945739746094,242.75073677179307,-53.68287276298839,22.35532397527059,0.9046451324864596,1.10416650828072
SB68309_component_226a,244.2903,-55.745542,25.923999786376953,139.3763427734375,244.2903526114331,-55.74548025931497,21.307464980271952,0.9968134900053207,1.2166627897959394
SB68309_component_228a,248.954783,-56.869339,23.795000076293945,135.971435546875,248.9549628525958,-56.86903508980234,16.006450236652114,1.2179637498381004,1.486588201911711
SB68309_component_231a,252.707621,-54.401423,24.047000885009766,33.168277740478516,252.70728488376784,-54.401426725623146,21.068543510468405,0.9351259022607983,1.1413698755712014
SB68309_component_232a,250.414544,-53.275407,24.399999618530273,78.96440124511719,250.414609630283,-53.27534502158905,18.292503001870372,1.0928495189170908,1.3338797657179786
SB68309_component_233a,249.304931,-56.529655,24.159000396728516,139.64739990234375,249.30508631130795,-56.52947153177236,16.839836877898446,1.1753974968053291,1.4346338727565797
SB68309_component_234a,241.888896,-56.378805,23.732999801635742,43.54678726196289,241.8889377948101,-56.37893654113666,19.97362086033719,0.9735079772390988,1.188217197451854
SB68309_component_236a,245.495408,-55.935657,23.152999877929688,125.15135192871094,245.49536399821756,-55.93562181605418,18.780361847917142,1.0100595858401218,1.2328303397677878
SB68309_component_241a,253.297985,-54.92657,21.874000549316406,31.07102394104004,253.29764856736577,-54.9267516375854,19.001691196183742,0.943147555834421,1.1511607216156388
SB68309_component_242a,243.583834,-56.648753,22.447999954223633,102.97248077392578,243.5837945710538,-56.64882671602518,17.712139061626562,1.0383656679180773,1.2673793874426684
SB68309_component_245a,251.326554,-54.24074,23.22800064086914,107.53704071044922,251.32659792996904,-54.24068420366739,20.046124418017055,0.9493472324618885,1.1587277498882667
SB68309_component_247a,250.418791,-55.54571,22.48900032043457,123.5659408569336,250.4188340529654,-55.54561066211085,17.053610262665632,1.0804321477611796,1.3187237173860062
SB68309_component_249a,251.885622,-53.441813,23.264999389648438,102.48898315429688,251.88569392639639,-53.44171812118279,19.33129715216708,0.9860200126944029,1.2034887884924155
SB68309_component_255a,249.328699,-57.517104,23.356000900268555,130.48045349121094,249.3285942230111,-57.51707691129756,17.639214706199645,1.0848330747365427,1.3240952780091528
SB68309_component_257a,251.880468,-52.782034,22.805999755859375,23.15329933166504,251.88057167831434,-52.78192161308626,18.562476406198567,1.006599896796975,1.2286076090711566
SB68309_component_262a,249.696818,-54.353981,20.424999237060547,119.4444351196289,249.6967317971588,-54.35399527181457,17.484799558532725,0.9570730160626946,1.1681574712186495
SB68309_component_264a,245.028805,-56.35736,22.290000915527344,121.14131164550781,245.02899529232843,-56.357242149982774,18.18501502302948,1.0042459824783854,1.2257345340270172
SB68309_component_266a,243.829247,-55.869335,20.767000198364258,104.88384246826172,243.8293231486807,-55.86937690537484,16.29316842308722,1.0442678344025178,1.2745832890880617
SB68309_component_270a,252.632841,-54.091659,19.68199920654297,47.199039459228516,252.6328117274174,-54.09158360097056,17.192039312192197,0.937962542622535,1.144832142896797
SB68309_component_273a,252.389056,-57.590632,19.527999877929688,54.094181060791016,252.38850398126954,-57.5906619573667,14.034532785961432,1.1399964137948329,1.3914250068561813
SB68309_component_274a,246.532463,-54.236558,20.323999404907227,101.11442565917969,246.53256845768027,-54.23655260186179,17.101691166432285,0.9736744972105066,1.1884204437511878
SB68309_component_276a,251.402643,-55.264381,20.80699920654297,110.0899429321289,251.40273853238557,-55.264308034434436,17.824357013581345,0.9563993211046281,1.167335191428728
SB68309_component_279a,242.167579,-56.857691,20.65999984741211,32.63822937011719,242.16743671250373,-56.85778072459099,17.700597595901915,0.9562821864596438,1.1671922224928362
SB68309_component_280a,248.74125,-56.586158,19.586000442504883,111.28409576416016,248.74147562714182,-56.585881938239915,14.04696949287553,1.1423700318715786,1.3943221313635437
SB68309_component_286a,245.142551,-55.384378,19.445999145507812,101.81151580810547,245.1425253481652,-55.38433785856031,16.27562832540486,0.9788951562645951,1.1947925300772737
SB68309_component_287a,244.100746,-58.546385,18.2549991607666,17.173095703125,244.10075047503238,-58.54652964766363,18.257835666205104,0.819174084358149,0.9998446417477755
SB68309_component_288a,247.383092,-54.216966,18.134000778198242,99.63736724853516,247.38322637296739,-54.216892950858345,14.491949319390676,1.0252045012184559,1.2513154979043701
SB68309_component_290a,243.344949,-57.340815,18.503000259399414,84.87615203857422,243.34477782042944,-57.34081852544083,13.60476328167794,1.114281310165094,1.3600383833446128
SB68309_component_293a,242.456476,-56.033461,19.753000259399414,80.95491790771484,242.4565463809724,-56.03361214234905,14.98581468024659,1.079931956406088,1.3181132077815325
SB68309_component_294a,244.608848,-58.341108,18.774999618530273,34.260948181152344,244.60897371944384,-58.34129040104672,17.243802124604972,0.8920528541386946,1.0887969766099586
SB68309_component_295a,246.004681,-53.890399,18.21500015258789,89.28921508789062,246.00479921214088,-53.89041819398745,16.047839260412466,0.9299429243945837,1.1350437810977752
SB68309_component_298a,252.135446,-55.766293,17.82699966430664,69.0969009399414,252.13548344192245,-55.76618288440839,16.463851152017554,0.8871366186278412,1.082796455076189
SB68309_component_303a,245.559643,-53.68173,17.792999267578125,94.64361572265625,245.55969774045377,-53.6817848172297,18.351506592477218,0.7943668600463907,0.969566132236356
SB68309_component_304a,248.880719,-57.225925,17.937000274658203,99.09944915771484,248.8809204479671,-57.22573812317986,20.21443860072128,0.7269956480901235,0.8873360585941865
SB68309_component_305a,244.707275,-57.324062,19.020999908447266,95.10499572753906,244.707364913739,-57.324033919799405,15.359534453801398,1.0146096109083305,1.2383838823799556
SB68309_component_306a,250.444496,-56.648225,17.72100067138672,99.0,250.44446507131238,-56.64811552922068,13.944500600167906,1.04118752882007,1.2708236156677666
SB68309_component_307a,248.563857,-55.61809,17.608999252319336,108.03067016601562,248.56416946908772,-55.61801604143868,15.014958337149798,0.9608469687715315,1.1727637770896373
SB68309_component_308a,247.673895,-55.701113,17.865999221801758,108.93901824951172,247.67410698753378,-55.70106103800487,13.18785580201676,1.1099330968741339,1.3547311625192013
SB68309_component_309a,243.678291,-57.898385,17.684999465942383,66.98863220214844,243.67817194522686,-57.898423087943904,14.607762671320016,0.9918934616893094,1.2106576389459027
SB68309_component_314a,247.002286,-55.593827,17.31999969482422,97.3033676147461,247.00232613323843,-55.593763117241714,18.344368791902887,0.773550708241265,0.9441589346191721
SB68309_component_315a,247.667457,-53.681759,17.66699981689453,88.33499908447266,247.66756747434738,-53.68171315632673,14.249962180371933,1.015763899107885,1.239792751255808
SB68309_component_318a,244.327028,-52.822187,16.857999801635742,16.446828842163086,244.32727961495223,-52.82202765285786,15.122927536135373,0.9133008336497426,1.1147312424366587
SB68309_component_321a,251.923983,-54.575451,18.750999450683594,62.08940505981445,251.92381787415883,-54.5754124363361,16.066232924190853,0.9562116772213648,1.1671061622946035
SB68309_component_323a,247.280491,-56.950016,17.597000122070312,106.00602722167969,247.28064142844562,-56.94987622309256,14.136426287267206,1.0198649932918384,1.2447983503383788
SB68309_component_327a,245.708808,-54.577196,16.851999282836914,93.6222152709961,245.70887116628873,-54.57713888068503,13.70554284974237,1.0073928660889566,1.2295754693987688
SB68309_component_329a,250.804355,-53.213613,15.442999839782715,40.532806396484375,250.80443339759333,-53.21342154969467,13.077046928739772,0.9675327303031018,1.1809240973084851
SB68309_component_330a,244.136224,-53.349351,15.3100004196167,57.12686538696289,244.13630239154512,-53.34925284029192,13.460304375200137,0.9318886083497343,1.137418589718114
SB68309_component_336a,243.394376,-54.576409,15.85099983215332,79.25499725341797,243.39414353658157,-54.576371714345754,13.67861449490661,0.9494196854982543,1.1588161825933192
SB68309_component_337a,244.353477,-54.308488,15.687000274658203,34.40131759643555,244.3533543172744,-54.30834516572475,18.186843996482658,0.7066856026380577,0.8625465901446163
SB68309_component_338a,253.149841,-54.892263,15.97599983215332,27.640138626098633,253.14936376712606,-54.89246287533601,13.035819447543107,1.0040917332183068,1.2255462647700568
SB68309_component_341a,250.238001,-57.882778,15.237000465393066,63.48750305175781,250.23802263713418,-57.882905297539665,10.51844313235392,1.1868386977626948,1.4485984545113173
SB68309_component_346a,245.787832,-53.649531,15.3100004196167,77.71573638916016,245.78787870443304,-53.64955543926569,13.303120147985206,0.9428994230401536,1.150857862614692
SB68309_component_351a,245.275183,-55.562341,15.51200008392334,84.30435180664062,245.27504701467967,-55.56234767484447,13.856588410278032,0.9171812380863398,1.1194674781865799
SB68309_component_352a,251.583249,-57.637048,15.791999816894531,73.45116424560547,251.58302763418294,-57.63704499718855,12.75416771568983,1.0144454241872984,1.2381834839342472
SB68309_component_355a,249.606719,-56.677624,15.194000244140625,83.94475555419922,249.60685633979634,-56.67750439204827,12.357607477325237,1.007352372404666,1.229526044747726
SB68309_component_356a,251.365138,-58.509995,15.432999610900879,16.2795352935791,251.36485554942547,-58.50996471860645,10.94152334076466,1.1556231544960223,1.4104982578981848
SB68309_component_361a,252.203039,-57.186588,16.2810001373291,63.350196838378906,252.20280359377406,-57.18658453855622,13.443134370867025,0.9922571137626082,1.2111014952444492
SB68309_component_363a,248.467606,-53.252156,13.789999961853027,40.91987991333008,248.46762652190074,-53.25209687470446,11.863611581665491,0.9523378085650694,1.1623779038049977
SB68309_component_364a,248.385985,-54.639024,14.789999961853027,76.63212585449219,248.38608994717987,-54.63898639176327,13.178864037067754,0.9194621927091035,1.1222515021214032
SB68309_component_365a,249.843371,-56.066394,15.871999740600586,94.47618865966797,249.84341823670093,-56.06635900424179,13.946115939833026,0.932442493785394,1.1380946357449124
SB68309_component_366a,248.814462,-55.998548,13.680999755859375,80.00584411621094,248.81458830055865,-55.99847457504301,14.303378404817051,0.7836513528523961,0.9564872975220964
SB68309_component_367a,248.870411,-54.3911,14.043999671936035,74.30687713623047,248.87036295060386,-54.39111861834182,15.136049164792006,0.760189666432965,0.9278510870989909
SB68309_component_374a,244.022578,-53.822075,13.935999870300293,65.12149047851562,244.0225971920445,-53.82205614372825,9.576339157202462,1.1922910825180497,1.4552533741266762
SB68309_component_375a,245.079987,-56.868146,13.593000411987305,77.67428588867188,245.08012223787156,-56.86808630456629,11.62934139909074,0.9576435562557511,1.1688538452444175
SB68309_component_376a,246.018374,-53.379226,13.15999984741211,47.85454559326172,246.01822118537203,-53.37922778960852,10.08326674937838,1.069296902158598,1.305132570079375
SB68309_component_377a,242.016151,-57.356703,13.586000442504883,42.8580436706543,242.0160033622321,-57.35674685077681,9.597565524994684,1.1597762725104852,1.4155673547758778
SB68309_component_379a,249.742964,-53.667926,14.092000007629395,67.10476684570312,249.74313207412445,-53.66786033351425,11.558346594279307,0.9988967550241814,1.2192055232713037
SB68309_component_385a,242.91147,-57.016653,13.63599967956543,51.847904205322266,242.91145519932417,-57.016681983319394,12.326013713271912,0.906375205564322,1.106278152593892
SB68309_component_387a,251.284061,-55.125904,13.414999961853027,68.44387817382812,251.28404837964337,-55.1258272305855,12.358794902532173,0.889320352707161,1.0854618162734013
SB68309_component_388a,244.087643,-53.640832,14.121999740600586,65.99065399169922,244.0876547380943,-53.64077488470863,10.50238400837439,1.101671174807083,1.344647056262653
SB68309_component_390a,246.817304,-54.072176,13.135000228881836,66.33838653564453,246.81752489827008,-54.07206156563973,9.61733553972039,1.1189714274397635,1.3657629157923419
SB68309_component_391a,243.448938,-55.750439,13.748000144958496,70.14286041259766,243.448880700594,-55.750460182595766,11.822112999161927,0.9527700630712032,1.1629054929464044
SB68309_component_393a,252.981385,-57.203121,13.541999816894531,32.631324768066406,252.98096044048086,-57.20322297819756,10.99568489533957,1.0090302789261216,1.2315740170613834
SB68309_component_394a,251.896975,-57.817979,14.067999839782715,52.49253463745117,251.89682341826645,-57.818052416087106,10.559966685409945,1.0914742327746134,1.332201157340733
SB68309_component_395a,249.575808,-55.11155,13.543000221252441,80.13609313964844,249.57594294650022,-55.111558995038905,11.878065595255498,0.934141888728148,1.1401688357961228
SB68309_component_396a,245.673726,-57.897821,13.194000244140625,58.90178680419922,245.67380560860167,-57.89780343687243,12.038494100277152,0.8979414186120177,1.0959842762922374
SB68309_component_397a,248.697841,-54.938973,13.77400016784668,72.87831115722656,248.69789896970119,-54.939073832644404,9.789542868467125,1.152766513598712,1.407011578877069
SB68309_component_400a,250.048568,-56.890964,12.144000053405762,67.09392547607422,250.04845654178806,-56.890864593254044,11.001796975234232,0.9043609783398847,1.1038196833428853
SB68309_component_401a,251.487696,-58.410947,13.430000305175781,20.56661605834961,251.48753282336497,-58.41093462937757,15.36826348305406,0.7159701325863376,0.873878842589111
SB68309_component_403a,248.085718,-53.567899,13.24899959564209,58.88444519042969,248.08570095394325,-53.56788313140576,7.459825422719412,1.4551176333573974,1.7760468703853778
SB68309_component_404a,243.786045,-53.272629,12.041000366210938,35.31085205078125,243.78598785606866,-53.27260845531632,11.747758588798817,0.8397523677955118,1.024961508631248
SB68309_component_405a,246.616225,-57.094051,12.619999885559082,72.11428833007812,246.6164526479981,-57.09395996280293,9.619740859112751,1.0748297009093903,1.3118856391650295
SB68309_component_406a,253.524247,-56.862668,12.920999526977539,22.125,253.52397015256528,-56.862768493378866,10.1067904294473,1.0474336717264106,1.2784473584542444
SB68309_component_411a,245.445482,-56.594194,12.40999984741211,68.56353759765625,245.4455116843973,-56.59416365406043,9.930066721904469,1.0239135502615089,1.2497398250141887
SB68309_component_412a,248.181384,-56.024287,12.52299976348877,71.97126770019531,248.1816827316013,-56.02429054631931,9.361726670600959,1.0959635138445096,1.3376805587387308
SB68309_component_416a,252.32161,-55.1208,12.895000457763672,66.46907043457031,252.321412573977,-55.12077385678779,9.673886099856505,1.0921041892386074,1.3329700520202472
SB68309_component_419a,251.554474,-55.537187,12.38599967956543,67.68305969238281,251.55446114755588,-55.537102324399285,9.969627832852966,1.0178781666986052,1.2423733249850892
SB68309_component_420a,243.648523,-54.742829,12.01099967956543,60.356781005859375,243.6483093097059,-54.74285179040087,9.008022713617962,1.0924293599637565,1.3333669398288361
SB68309_component_422a,245.697248,-54.254547,12.571000099182129,71.42613983154297,245.69736805009182,-54.25457644477835,9.150476986621031,1.1255629202058826,1.3738081760723801
SB68309_component_423a,249.07817,-56.713717,12.822999954223633,72.85795593261719,249.07834197506014,-56.71345038147044,10.666595031434937,0.9849348731950307,1.2021643192071765
SB68309_component_424a,245.161827,-56.849556,12.380999565124512,71.1551742553711,245.16200111488055,-56.84945973802915,10.49192917717589,0.9668164671401858,1.1800498608071144
SB68309_component_426a,249.216984,-55.51298,11.706000328063965,65.39664459228516,249.2173525987226,-55.51294332782072,7.829287467309431,1.2249827511397104,1.4951552586287629
SB68309_component_427a,251.450864,-55.185576,12.0,66.66666412353516,251.45079828838936,-55.185489275403725,9.69248698258457,1.014354360517491,1.238072335981628
SB68309_component_431a,251.362174,-55.890281,12.210000038146973,65.29411315917969,251.3622539593467,-55.89023189268238,13.293127196293177,0.7525444995892583,0.9185197627200741
SB68309_component_432a,242.874569,-56.549786,11.939000129699707,42.487545013427734,242.8747480759482,-56.54983191746671,10.203072755271991,0.958695423661248,1.1701377042058974
SB68309_component_433a,252.010676,-55.631124,13.112000465393066,60.703704833984375,252.01076111451817,-55.631027511143806,10.566424303351189,1.0166807266971551,1.2409117870871924
SB68309_component_435a,242.330836,-57.55822,12.781000137329102,52.814048767089844,242.3307973382361,-57.55821811603156,10.087977561228156,1.0380168724255348,1.266953664374833
SB68309_component_438a,253.625063,-55.34036,11.116000175476074,11.296748161315918,253.62456134252474,-55.340458505421516,7.648487584214236,1.1907392236464251,1.4533592495356153
SB68309_component_442a,242.624654,-53.409206,11.484999656677246,11.803699493408203,242.62445230112795,-53.40920167127288,8.341027581089957,1.128119510089425,1.3769286272011647
SB68309_component_443a,242.544841,-57.964798,12.21500015258789,43.7813606262207,242.54472700833733,-57.964904644829126,9.29549437496439,1.0766255081036165,1.3140775153913946
SB68309_component_445a,251.60449,-58.179503,12.262999534606934,31.28316307067871,251.60440360780737,-58.17956851700438,11.977565063795087,0.8388259433728725,1.023830759364826
SB68309_component_448a,251.131684,-53.68798,11.6850004196167,50.15021896362305,251.13191420753432,-53.68789800802294,9.918694591247252,0.9652012933097548,1.178078457010676
SB68309_component_454a,248.181028,-57.852716,11.822999954223633,59.41205978393555,248.1811836932676,-57.85265442923779,13.857590910202733,0.699010392058141,0.85317859582064
SB68309_component_458a,253.556423,-56.369931,11.626999855041504,10.825884819030762,253.5562125446551,-56.36983804527876,8.936504125028664,1.065966822389005,1.3010680342526233
SB68309_component_459a,243.166602,-53.918772,11.237000465393066,36.365699768066406,243.1665042093822,-53.918865326644095,9.644854328455292,0.954549395752304,1.1650772611713225
SB68309_component_460a,243.979783,-53.215333,11.380999565124512,32.79827117919922,243.97981909782763,-53.2152249401117,11.210111029232566,0.8317909168481806,1.0152441430282286
SB68309_component_463a,250.020539,-54.014222,11.70199966430664,65.0111083984375,250.02061337550677,-54.01405901428399,9.585571042389374,1.000197516608555,1.2207931705433075
SB68309_component_465a,249.104243,-55.209874,11.079000473022461,67.96932983398438,249.10453267468444,-55.20991960167942,7.918593802090772,1.1462944669298967,1.3991121087808844
SB68309_component_466a,247.277127,-58.05302,10.991999626159668,41.323307037353516,247.27722404173332,-58.05303124552869,8.361288928525525,1.0770779990017922,1.3146298041034274
SB68309_component_471a,248.246758,-53.897784,11.031999588012695,56.86597442626953,248.24675567094457,-53.89768793403302,9.745964790160176,0.9274127873791728,1.1319556170725078
SB68309_component_472a,252.372422,-55.118643,10.973999977111816,51.76415252685547,252.37226654646733,-55.118617645381256,9.42084304066366,0.954374589650497,1.1648639012182016
SB68309_component_473a,242.758558,-54.799921,11.098999977111816,36.75165557861328,242.7585183910487,-54.80002251390616,8.025794638296032,1.1330249890650246,1.3829160198233357
SB68309_component_474a,242.879247,-55.113803,11.625,29.65561294555664,242.87926831951853,-55.11385593977745,9.034047683615851,1.0542758633787128,1.2867986097840838
SB68309_component_475a,242.886551,-54.735513,10.800999641418457,43.55241775512695,242.8864316824481,-54.73549483764136,9.609963102465679,0.9208436811637749,1.1239376807437675
SB68309_component_478a,247.883799,-57.491176,10.572999954223633,60.0738639831543,247.8839237458116,-57.49113276071976,10.76790232789362,0.8044717605488302,0.9818996896763167
SB68309_component_479a,248.436195,-55.424747,10.831000328063965,66.04268646240234,248.436422296733,-55.42467446151906,7.7921055760342695,1.1388261255176728,1.3899966090521474
SB68309_component_480a,252.753152,-57.808985,11.034000396728516,20.509294509887695,252.75282619164543,-57.80897856289243,10.430961648378545,0.8666671340382254,1.057812382853858
SB68309_component_486a,245.563803,-53.946121,11.380000114440918,57.47474670410156,245.56385572992465,-53.946169167359926,9.078417115017144,1.0270127007315577,1.2535224996014547
SB68309_component_489a,248.68939,-55.112562,11.439000129699707,62.85165023803711,248.68987835225056,-55.11240861723067,7.387349746793794,1.2686536842304097,1.5484579073387423
SB68309_component_492a,250.633673,-57.592747,10.39799976348877,51.98999786376953,250.63345098022458,-57.59266947531881,9.299722082418768,0.9160591436701985,1.1180979035003968
SB68309_component_493a,247.793818,-58.31369,10.538999557495117,26.216415405273438,247.79405988618097,-58.313745507712134,6.018796898067739,1.4346084305161202,1.7510143199679213
SB68309_component_495a,253.233683,-57.317681,10.680999755859375,16.76766014099121,253.23328122076506,-57.317956504064774,7.107664207972145,1.2312002188733682,1.502744001873257
SB68309_component_496a,252.990045,-53.494067,9.479000091552734,17.141050338745117,252.98994329447342,-53.49418126329915,7.520718716825687,1.0326350512151723,1.260384871241879
SB68309_component_497a,243.810942,-54.233078,10.479999542236328,48.971961975097656,243.81089844027312,-54.23308182683099,8.06854800377092,1.0641664366639683,1.2988705696909024
SB68309_component_502a,248.064577,-55.346651,9.928000450134277,55.77528381347656,248.06473552617456,-55.34658887643629,9.033061680543987,0.9004725810269517,1.0990736918710373
SB68309_component_503a,245.811447,-55.988704,10.456999778747559,60.09770202636719,245.81155505890786,-55.98862577450594,8.805745665087983,0.9729368262889692,1.187520077965263
SB68309_component_504a,244.046315,-54.773636,10.71500015258789,53.57500076293945,244.046146184748,-54.773563945137546,9.431635198567568,0.9307839113066173,1.136070249431958
SB68309_component_507a,244.661061,-57.904978,10.522000312805176,50.104766845703125,244.6610545326079,-57.90501183673694,7.340689283649079,1.174370543959391,1.4333804233128715
SB68309_component_508a,248.266415,-56.108495,10.302000045776367,65.20252990722656,248.26664026391012,-56.108369330613726,7.453044554885409,1.1324825290970515,1.3822539191750158
SB68309_component_510a,252.533626,-53.100553,10.104999542236328,20.00990104675293,252.5333557160644,-53.10033548466006,9.2116774274723,0.8987548717174026,1.0969771381811355
SB68309_component_518a,250.846634,-55.305658,9.713000297546387,51.94117736816406,250.84677009873562,-55.3055466682443,8.222984073793532,0.9677599245193726,1.1812013996842707
SB68309_component_519a,247.254905,-54.226338,10.491000175476074,58.28333282470703,247.2550979068284,-54.22622658703936,8.043953730305233,1.0685405585716328,1.3042094133326132
SB68309_component_526a,248.662341,-54.92338,10.758999824523926,55.45875930786133,248.6624971900265,-54.923310215038704,9.374590430206263,0.940293163444849,1.147676787015345
SB68309_component_528a,251.381473,-54.787594,10.145000457763672,51.49746322631836,251.38149274919732,-54.78748347905514,9.233040730863944,0.9002248567713729,1.0987713315128411
SB68309_component_530a,245.11969,-57.072094,9.79800033569336,54.43333435058594,245.11987397793916,-57.0720847544216,7.268121678001233,1.1044827604557654,1.3480787430058345
SB68309_component_532a,249.923413,-53.858675,10.383999824523926,60.02312469482422,249.92357178978023,-53.85864482531897,9.0858403028643,0.9363608642055179,1.1428772109554228
SB68309_component_534a,248.518462,-58.429313,10.45199966430664,15.764705657958984,248.5188567445698,-58.42922131852129,12.899396915547188,0.6638556589857255,0.8102704128523415
SB68309_component_535a,249.750746,-54.638284,10.031999588012695,56.0446891784668,249.750504803999,-54.638360518835384,9.977433929328814,0.8237820526171765,1.00546890704267
SB68309_component_536a,252.57409,-53.562849,9.902000427246094,30.751554489135742,252.5742414911047,-53.56270127954918,7.427145169744774,1.0923069801761127,1.333217568923103
SB68309_component_537a,246.314255,-55.218218,11.017000198364258,61.5474853515625,246.31408114060866,-55.21820481939789,7.569566950611599,1.1924385384464427,1.455433351768441
SB68309_component_539a,245.159953,-56.706655,9.192000389099121,51.64044952392578,245.15995421253854,-56.706595964064405,7.274704427913782,1.035233607448794,1.2635565444870145
SB68309_component_541a,242.306656,-55.599865,9.944999694824219,25.177213668823242,242.30640141809988,-55.60005819033207,7.587945740817045,1.0738020735549128,1.310631366448513
SB68309_component_543a,252.831378,-55.28885,10.298999786376953,35.88501739501953,252.83117819693865,-55.28912975467374,8.2960311911775,1.0171110059624706,1.2414369653442878
SB68309_component_545a,244.668201,-55.578584,9.52400016784668,51.481082916259766,244.66812727424497,-55.578573027608854,9.435937552934421,0.8269476496309297,1.0093326830978098
SB68309_component_546a,249.088559,-54.414847,9.456999778747559,50.303192138671875,249.08853732505816,-54.41492154700763,9.23150043111059,0.839314576079096,1.024427161036252
SB68309_component_550a,249.962633,-55.018162,9.659000396728516,53.96089553833008,249.96284139006863,-55.018081913571976,15.813492647056913,0.5004354465206404,0.6108075307782291
SB68309_component_557a,253.169459,-55.694342,10.39799976348877,15.404443740844727,253.16900165276215,-55.69431807511233,6.734424712272152,1.2650071552016924,1.544007128706997
SB68309_component_562a,243.838636,-53.859797,8.979000091552734,40.08481979370117,243.8387556162245,-53.85986044070041,9.756284159912946,0.7540275531085344,0.920329906794438
SB68309_component_566a,247.41159,-53.816799,9.84000015258789,55.59321975708008,247.41184544554935,-53.81666236594074,7.740764916749041,1.0414895282903287,1.2711922217527418
SB68309_component_570a,243.570663,-53.910311,8.946999549865723,36.51836395263672,243.5707266557177,-53.910423257499225,7.806210339336038,0.939032983515853,1.1461386717676783
SB68309_component_571a,248.512897,-58.196664,9.309000015258789,26.07563018798828,248.51305591816688,-58.196727493795784,9.758446093079403,0.7815666950699853,0.9539428641062683
SB68309_component_575a,242.45563,-53.868604,8.883000373840332,15.639084815979004,242.45582263598607,-53.868745290889024,8.608318103116629,0.8454444044875667,1.0319089359191147
SB68309_component_576a,245.928296,-57.666715,8.206000328063965,41.654823303222656,245.92838183408622,-57.666674206000934,5.942933510184681,1.1312910191729586,1.3807996192454384
SB68309_component_577a,252.271573,-54.227032,9.616000175476074,28.53412437438965,252.27157690951086,-54.227076763215145,7.707113914538377,1.0222246876168046,1.2476784801813885
SB68309_component_578a,251.114806,-53.46991,8.973999977111816,34.7829475402832,251.11479215094283,-53.46978576831494,7.923612945400158,0.927911360964372,1.1325641521045564
SB68309_component_579a,251.40142,-56.859723,8.583000183105469,42.07353210449219,251.4015017174909,-56.85955948769782,7.77626849617336,0.9042979687036237,1.1037427767995787
SB68309_component_584a,245.051584,-54.692333,10.020999908447266,54.16756820678711,245.0514852843166,-54.692252978141774,7.5946559881025,1.0810521190799944,1.319480424675691
SB68309_component_585a,244.222335,-56.821295,8.425999641418457,40.7053108215332,244.2222067455698,-56.82135212985734,7.003480477189482,0.9857146127326473,1.2031160319304317
SB68309_component_586a,248.740815,-56.888979,9.456999778747559,54.3505744934082,248.74096406738968,-56.88868310304128,7.44277683405971,1.0410271654867431,1.270627883865917
SB68309_component_588a,243.559247,-57.118148,8.78600025177002,41.838096618652344,243.559130637789,-57.11812261402149,6.788222454530431,1.0604222368497216,1.2943005787776267
SB68309_component_589a,249.911725,-54.4633,9.265999794006348,54.505882263183594,249.91158523147647,-54.46336031137132,7.450802642291759,1.018903155309846,1.24362437697803
SB68309_component_591a,244.804285,-56.600317,8.6850004196167,49.62857437133789,244.80424554021147,-56.60031602157571,4.836888017608946,1.4711179404506702,1.795576078668453
SB68309_component_592a,250.027281,-53.155091,9.269000053405762,25.325136184692383,250.0272095522068,-53.15500741917929,7.648321466034923,0.9929112514662694,1.2118999043866077
SB68309_component_597a,244.890295,-58.587651,9.151000022888184,59.42207717895508,244.89021610120096,-58.5879226318525,7.665061770030552,0.9781299977459709,1.1938586142472416
SB68309_component_599a,245.489055,-52.889997,9.461999893188477,13.087137222290039,245.48911307973094,-52.88987873978515,7.322455073610116,1.058692664357872,1.2921895454557597
SB68309_component_603a,253.478893,-55.269186,9.479000091552734,13.837956428527832,253.47824057519298,-55.269215146568115,7.351723049267363,1.0563724592560837,1.2893576142666807
SB68309_component_604a,244.095023,-53.952191,8.522000312805176,41.16908264160156,244.09499695527845,-53.95210457050186,7.447662695516359,0.9374869423269193,1.1442516479613918
SB68309_component_606a,252.579032,-54.517465,8.720000267028809,15.571429252624512,252.57909467045405,-54.517281601833766,6.069264708680422,1.1771291094549718,1.4367473961973078
SB68309_component_607a,246.902639,-56.009039,8.142999649047852,50.89374923706055,246.90268861275467,-56.00885126552195,5.724403610687539,1.1654612809892078,1.4225062037632636
SB68309_component_608a,252.253001,-55.3806,8.784000396728516,41.046730041503906,252.25289399553992,-55.380573972563,6.990713815315898,1.0294719174063314,1.2565241016566464
SB68309_component_611a,245.001323,-56.117758,9.258000373840332,55.771087646484375,245.00121119730056,-56.11772610665109,7.734493849161308,0.9806837439978808,1.1969755945754907
SB68309_component_612a,247.581723,-55.830859,8.105999946594238,46.855491638183594,247.581844734717,-55.83080951517739,6.445914264671705,1.0303048699414923,1.2575407636153353
SB68309_component_615a,245.054649,-57.871446,8.583999633789062,41.269229888916016,245.05452135822912,-57.87156794617708,6.545384111040708,1.0744797459074156,1.3114585008555315
SB68309_component_617a,251.982015,-52.896438,8.90999984741211,13.582316398620605,251.9820395597435,-52.896140874336076,8.130124503246735,0.8978921632859674,1.0959241576010224
SB68309_component_619a,248.604429,-57.699308,8.189000129699707,40.741294860839844,248.60461958709885,-57.69922810477159,5.801249356953069,1.1565196751574742,1.411592508066354
SB68309_component_622a,246.371444,-56.088002,8.229999542236328,47.5722541809082,246.37154757635054,-56.08784904259551,7.099580789388381,0.9497532455342723,1.1592233099928329
SB68309_component_623a,244.420703,-53.881721,8.468000411987305,41.50980758666992,244.42060572513088,-53.88180136273256,6.253095377229651,1.1095055994936653,1.3542093796974735
SB68309_component_627a,251.247776,-53.838313,8.47700023651123,34.0441780090332,251.24806978514698,-53.838243825328355,7.792647746582293,0.8912526434688115,1.0878202778034052
SB68309_component_628a,241.523104,-57.724642,8.947999954223633,16.66294288635254,241.52292233615364,-57.72442282160548,9.130335996961207,0.8029396311372946,0.9800296459190264
SB68309_component_629a,243.16205,-57.886784,8.213000297546387,31.957199096679688,243.16166675930353,-57.88678310739339,7.601015579484652,0.8852662281550268,1.0805135460731718
SB68309_component_636a,244.023986,-53.047252,7.864999771118164,15.331382751464844,244.0241679726963,-53.04692215161812,5.461547354148872,1.1798497140894137,1.4400680358732962
SB68309_component_637a,250.853159,-57.556855,7.965000152587891,41.70157241821289,250.85275652409507,-57.55691642132372,6.801347869122731,0.9594768065609072,1.1710914227381304
SB68309_component_640a,251.233373,-57.465464,8.333000183105469,41.04926300048828,251.23304145723014,-57.465514485620076,7.477163150007348,0.9130787072340528,1.1144601255754705
SB68309_component_641a,247.989731,-54.44077,8.109999656677246,45.0555534362793,247.98981912882016,-54.440758154493,6.919715664953007,0.9602322042968904,1.172013425024498
SB68309_component_642a,252.670951,-53.66126,8.090999603271484,23.86725616455078,252.6708420518509,-53.66125072737593,7.147859043447261,0.9274059569438532,1.1319472801703945
SB68309_component_646a,245.209802,-53.331419,8.086999893188477,27.886207580566406,245.20970376849664,-53.331283067776,5.7661544989613605,1.149065653640132,1.4024944865152613
SB68309_component_648a,242.4918,-56.331,7.994999885559082,29.28571319580078,242.49171573199868,-56.331279347971396,8.980307800522692,0.7294086685653463,0.8902812757814091
SB68309_component_649a,247.116353,-57.15962,7.803999900817871,41.51063919067383,247.11648685701522,-57.15945886644264,6.683364091244907,0.9566780620814134,1.1676754093108557
SB68309_component_651a,242.442105,-55.21627,7.454999923706055,12.46655559539795,242.44199583069218,-55.21641195320676,6.331515465288322,0.9646808384578449,1.1774432147527847
SB68309_component_658a,247.65867,-53.507723,7.563000202178955,35.507041931152344,247.6586308714337,-53.507685684275465,5.689865352453991,1.0890198695403799,1.3292054791625425
SB68309_component_661a,247.981631,-53.977304,7.982999801635742,42.01578903198242,247.98184376263566,-53.97717636289897,6.005300131948212,1.0891183666403803,1.3293257000039287
SB68309_component_664a,249.36322,-54.22298,8.380000114440918,46.5555534362793,249.3629826073947,-54.22308423458664,7.3728697062237725,0.9312175373321394,1.1365995125842223
SB68309_component_666a,247.895372,-55.178426,7.468999862670898,45.26666259765625,247.8954071801606,-55.17825727161148,6.116659056371032,1.0004418687612373,1.2210914150742613
SB68309_component_669a,248.400195,-54.529099,7.170000076293945,40.50847625732422,248.40022466439214,-54.528994270188846,5.985211320186852,0.9814842898918628,1.1979527025405188
SB68309_component_670a,248.423428,-56.908263,8.064000129699707,48.0,248.4237720167637,-56.90796002817393,6.667487884168953,0.9909048903260194,1.2094510361011055
SB68309_component_671a,251.073527,-53.337782,7.752999782562256,25.172077178955078,251.0734910195955,-53.33768257654125,6.091506959971102,1.042770431356594,1.2727556306689398
SB68309_component_675a,242.968633,-56.87494,7.7789998054504395,29.577943801879883,242.96858826608084,-56.875029890308895,6.626542518140925,0.9617904325181003,1.1739153237385151
SB68309_component_678a,248.61047,-52.80287,7.315999984741211,10.333333015441895,248.61053975655685,-52.80268369520968,4.112089610155948,1.4576552010425254,1.779144103930108
SB68309_component_680a,250.377398,-56.887595,6.945000171661377,37.54054260253906,250.37743970496186,-56.88740276935813,5.955412736368622,0.9554414453385978,1.1661660541593573
SB68309_component_681a,245.043098,-55.819921,7.677000045776367,43.12921142578125,245.04314196700554,-55.81984827872813,6.301225923799008,0.9981830088123118,1.2183343588397963
SB68309_component_684a,246.165999,-56.060258,7.624000072479248,46.206058502197266,246.1660073419553,-56.06018719834978,5.848691833396502,1.067991591802845,1.3035393707949516
SB68309_component_689a,253.571587,-56.81681,7.039999961853027,10.797545433044434,253.57123300297354,-56.816940025520964,5.2000784609347255,1.1091912658567145,1.353825719119548
SB68309_component_692a,250.067697,-56.425709,7.755000114440918,42.60988998413086,250.06796609643288,-56.42569553058663,4.62973586491672,1.372363867030861,1.6750415878380605
SB68309_component_693a,243.614563,-55.979858,7.367000102996826,38.170982360839844,243.61465193523966,-55.979793792868286,5.969688860232513,1.0110733432592303,1.2340676835056843
SB68309_component_694a,251.462912,-55.802021,7.88700008392334,41.730159759521484,251.46296756406517,-55.80202894856807,6.799514990071001,0.9503368961060984,1.1599356859188252
SB68309_component_696a,248.377239,-53.746355,7.260000228881836,38.01047134399414,248.37714752861984,-53.74623409575273,6.674179261083025,0.8912149191748587,1.0877742333375309
SB68309_component_698a,243.600772,-54.794091,7.0,30.837005615234375,243.60057088864465,-54.79408402558371,6.946924570048071,0.8255609412884594,1.0076401333304763
SB68309_component_699a,250.656848,-54.756825,7.184999942779541,38.83783721923828,250.6568234985208,-54.756710211699854,5.846685133472881,1.0068406557246847,1.228901467883856
SB68309_component_701a,246.494285,-55.879267,7.140999794006348,43.278785705566406,246.49426108518276,-55.879168586597885,7.36130879667607,0.7947813456883497,0.9700720335534354
SB68309_component_702a,251.320128,-53.671537,7.065000057220459,30.717390060424805,251.32007061166917,-53.67148135463275,6.926407256098337,0.8356950449190546,1.020009334709578
SB68309_component_706a,243.910991,-54.79236,7.007999897003174,34.69306945800781,243.91073422131436,-54.79233423608978,6.697020379514114,0.8573460417178302,1.0464355041296174
SB68309_component_710a,248.134376,-53.212535,7.067999839782715,18.79787254333496,248.13461628446717,-53.21238987185281,7.591489415254802,0.7628044553863241,0.9310425732241482
SB68309_component_712a,248.093462,-55.920371,7.164999961853027,42.39645004272461,248.0936687436736,-55.92026922072784,6.127221607079207,0.9580678908454093,1.1693717677152076
SB68309_component_713a,241.404037,-57.351652,7.833000183105469,10.293036460876465,241.40423670529302,-57.35155723453775,5.5760247591421255,1.1509252657946718,1.4047642400193683
SB68309_component_718a,243.903458,-56.683851,7.258999824523926,39.88461685180664,243.90331569339295,-56.6838531451776,5.582251751789454,1.0653959660915637,1.3003712744049873
SB68309_component_719a,252.070123,-55.618543,7.73199987411499,35.6313362121582,252.0700808950157,-55.61838743940858,6.280979127460268,1.0085749304297122,1.2310182405018508
SB68309_component_723a,246.187742,-58.327304,6.734000205993652,14.206750869750977,246.18776231744909,-58.327401698414974,6.024338756258411,0.9158143017502155,1.11779906118294
SB68309_component_724a,245.486951,-56.660489,6.177999973297119,33.03743362426758,245.48669421572933,-56.66037513819349,6.1134060741693625,0.8279580610254728,1.0105659428384255
SB68309_component_727a,247.82043,-53.26147,6.7179999351501465,20.296072006225586,247.82047175298732,-53.261356578003046,5.835460772814536,0.9432102728537428,1.1512372710047278
SB68309_component_731a,246.107224,-54.866445,7.168000221252441,38.95652389526367,246.10719538148984,-54.866407654071324,3.5245137687720334,1.6662588895256214,2.0337557721472104
SB68309_component_732a,245.542345,-55.097436,6.735000133514404,40.08928680419922,245.54224398849965,-55.09745188890929,4.309178790486017,1.2805212087601596,1.5629428392212956
SB68309_component_734a,252.359644,-56.092855,6.605000019073486,19.034582138061523,252.35963710102968,-56.09271191321108,5.8325502928086275,0.9278077839159145,1.1324377309214577
SB68309_component_746a,242.829139,-53.765554,6.578999996185303,14.784270286560059,242.82900012995836,-53.76575338515736,6.337860969809754,0.8504736429314744,1.038047383419139
SB68309_component_749a,251.199483,-57.826693,6.38100004196167,25.122047424316406,251.19895670717378,-57.8267373260909,5.528045496217689,0.9457161807533462,1.1542958621320276
SB68309_component_750a,249.952851,-56.738528,6.5320000648498535,38.198829650878906,249.95280761960947,-56.73846432365133,5.055877784556755,1.0585059266306729,1.2919616223323145
SB68309_component_751a,250.018178,-56.820753,6.5879998207092285,37.2203369140625,250.01824953017672,-56.82067137389421,6.348098155984441,0.8502636763512315,1.0377911082705344
SB68309_component_752a,249.962266,-53.139051,6.382999897003174,16.84168815612793,249.96235160231836,-53.13883123115089,4.262897198780088,1.2267714452942382,1.4973384530196494
SB68309_component_764a,242.264069,-53.868336,6.697000026702881,10.085844039916992,242.26407462577404,-53.86834584170909,5.64721814397102,0.97160427561302,1.1858936304510586
SB68309_component_765a,245.358979,-54.602644,6.690000057220459,36.35869598388672,245.35920060293523,-54.602587079198365,4.973762763553988,1.1020079706216481,1.3450581330984388
SB68309_component_767a,242.082952,-57.683852,6.940000057220459,24.26573371887207,242.08283230097905,-57.683890261953,6.531078010073941,0.8705992399790706,1.062611722982909
SB68309_component_768a,249.411178,-57.697392,6.323999881744385,35.133331298828125,249.4109055696212,-57.69735270425307,5.8917063489567125,0.8794161584951554,1.0733732313159534
SB68309_component_772a,250.103391,-56.901806,7.199999809265137,38.297874450683594,250.10340760840472,-56.90156534036651,6.402716520348828,0.9213229550315135,1.1245226594653095
SB68309_component_773a,244.532241,-54.103427,6.665999889373779,32.837440490722656,244.53214350849774,-54.103285903640476,5.7174212826102275,0.9552318377590633,1.1659102171898181
SB68309_component_774a,247.932101,-53.389712,6.15500020980835,24.04296875,247.93203223867732,-53.38941056560877,5.039128540570332,1.0007286103349409,1.221441398101689
SB68309_component_781a,252.265528,-53.505562,6.9039998054504395,26.151514053344727,252.2656115066465,-53.50538764180194,4.9642901819041905,1.1394290601408903,1.3907325221673927
SB68309_component_786a,242.578186,-54.01134,5.670000076293945,15.576923370361328,242.5778689840663,-54.01145453701386,4.602232585972957,1.009388104856891,1.2320107622494816
SB68309_component_787a,246.571367,-56.855921,6.071000099182129,33.72777557373047,246.57176404492847,-56.855716236928245,5.126952156987842,0.9701628850277495,1.1841343381579221
SB68309_component_795a,244.746393,-58.278576,6.26200008392334,14.73411750793457,244.746327733263,-58.27866242117227,5.574788685528741,0.9202977071453846,1.123271291013862
SB68309_component_798a,245.01888,-54.104526,6.3420000076293945,32.192893981933594,245.01889830107234,-54.10442452220809,4.808528243989904,1.0805820468385017,1.318906677018306
SB68309_component_800a,249.633969,-56.564354,6.894000053405762,34.64321517944336,249.63396795274406,-56.564261667373394,5.72778270069694,0.9861169637250279,1.203607122275592
SB68309_component_801a,252.030254,-53.858349,6.3460001945495605,27.955947875976562,252.03040370814767,-53.85838431204946,4.315333498288782,1.2048400553179486,1.4705700491204277
SB68309_component_802a,248.436899,-55.317789,6.6529998779296875,38.45664978027344,248.4371135157139,-55.317867673995245,5.941311439354111,0.9174425490885096,1.1197864218767406
SB68309_component_803a,242.581881,-53.798833,5.867000102996826,10.18576431274414,242.5819820139773,-53.79909729590915,4.221561454662874,1.138640588648277,1.3897701516382057
SB68309_component_805a,242.350767,-56.912373,6.005000114440918,13.585972785949707,242.35097784463989,-56.91232819504022,4.07129810130044,1.2084363993292153,1.4749595743241748
SB68309_component_806a,251.89322,-54.870366,5.505000114440918,24.46666717529297,251.89345308041388,-54.87026207568425,4.535944564854542,0.9943362554040653,1.2136391959229007
SB68309_component_809a,246.904132,-55.680826,6.65500020980835,37.8125,246.90411862176737,-55.68067954246126,4.10292524103238,1.3289178978863445,1.622013519343047
SB68309_component_818a,246.379068,-58.364848,5.826000213623047,12.137500762939453,246.37901323792516,-58.36505398736222,5.4302969576104285,0.8790034857201993,1.0728695426974855
SB68309_component_822a,244.526109,-55.377871,6.5329999923706055,37.33142852783203,244.5258012028189,-55.3777719669026,4.5742831138601305,1.170127801019311,1.4282019345447903
SB68309_component_823a,248.386628,-56.558464,6.263999938964844,34.41758346557617,248.3868030415366,-56.558298392409434,5.296222519834907,0.9690121043567085,1.1827297504033316
SB68309_component_827a,246.941508,-53.125015,5.249000072479248,13.458974838256836,246.94169724625152,-53.12506514335695,5.528373458945144,0.7778984144759532,0.9494655365559904
SB68309_component_829a,245.944369,-53.131754,5.382999897003174,12.346330642700195,245.94443102919016,-53.13157243690732,4.9674339551446405,0.8878425416272732,1.0836580708693957
SB68309_component_830a,249.122188,-56.836346,6.136000156402588,35.67441940307617,249.122360403084,-56.83608253590652,4.730804405079763,1.0626593072688577,1.2970310397559404
SB68309_component_841a,249.208311,-56.697775,5.673999786376953,32.609195709228516,249.20843721637007,-56.69749775069897,6.612323406000798,0.7030381774424463,0.8580947176944945
SB68309_component_842a,251.696468,-58.00815,6.1529998779296875,20.787160873413086,251.69631076302585,-58.00825112700104,4.572373471877867,1.1025261296046043,1.3456905731286775
SB68309_component_843a,248.182337,-54.826672,5.6570000648498535,33.47337341308594,248.1827088105202,-54.826603987252234,4.501280879496374,1.0296597846174942,1.2567534033741052
SB68309_component_849a,242.091528,-58.015676,5.750999927520752,15.97499942779541,242.091650644124,-58.015998080217216,4.009520269738067,1.1751535845010572,1.4343361650835231
SB68309_component_850a,244.454529,-55.364627,5.464000225067139,29.695653915405273,244.4542953207918,-55.364610798608346,4.277142570513043,1.0466480352288234,1.2774884481841653
SB68309_component_852a,249.114319,-54.363719,5.86299991607666,30.378236770629883,249.1141552252526,-54.36383479478953,5.1175123827055025,0.938652122731238,1.1456738113405476
SB68309_component_855a,252.53696,-53.365006,5.802000045776367,15.809264183044434,252.53697887756772,-53.36483872673119,4.014083878835928,1.1842270185013632,1.4454107639272673
SB68309_component_858a,250.972695,-57.101483,5.39900016784668,26.596059799194336,250.9726342352522,-57.101340597699334,4.365307854266128,1.013309571647776,1.2367971167418
SB68309_component_860a,253.32318,-56.626167,5.308000087738037,10.594810485839844,253.322701047372,-56.62629181115638,4.025319863111104,1.080374203676423,1.3186529936121822
SB68309_component_866a,241.984834,-57.594281,5.449999809265137,16.717790603637695,241.9849238684826,-57.594348167958195,3.749083956566255,1.1910088863598802,1.4536883869244508
SB68309_component_867a,252.326829,-54.031874,5.696000099182129,19.308475494384766,252.32672686069031,-54.03167775686332,4.034826050879907,1.1566150866428897,1.4117089627544057
SB68309_component_868a,248.771644,-53.937511,5.390999794006348,30.11731719970703,248.77159264067961,-53.93730458892016,4.75629958097757,0.9286323200366381,1.1334441202079046
SB68309_component_870a,250.719814,-56.947773,5.123000144958496,27.10582160949707,250.71950534056484,-56.94759253264112,4.892413051381705,0.857916326989883,1.0471315670110213
SB68309_component_871a,242.540419,-54.649115,6.14300012588501,21.329862594604492,242.54039306289468,-54.64907831547204,3.9510597498641853,1.2738274627923665,1.5547727735821182
SB68309_component_872a,247.43603,-55.940584,5.670000076293945,34.785274505615234,247.43605338523412,-55.94049217423351,4.822488548161882,0.9632866478939605,1.1757415325444571
SB68309_component_874a,247.986739,-58.355867,5.699999809265137,13.163971900939941,247.9874352705778,-58.35584479932129,4.6451522172836155,1.0053529856352774,1.227085689045164
SB68309_component_881a,243.701077,-57.465677,5.800000190734863,26.126127243041992,243.70106568484528,-57.465704243514075,3.681752451715799,1.290675612277854,1.575336817670048
SB68309_component_883a,245.454514,-57.885665,5.244999885559082,23.84090805053711,245.4547623962797,-57.88581264998896,5.96088956149007,0.7209050839465434,0.8799022077919467
SB68309_component_885a,249.198447,-54.964986,5.479000091552734,29.456989288330078,249.19859241414966,-54.965141760274776,3.9689710347791944,1.1310115996414773,1.3804585731519574
SB68309_component_897a,245.877745,-58.323002,5.501999855041504,11.706382751464844,245.8775670798828,-58.323167145270936,5.898220105370863,0.7642637840181777,0.9328237598375542
SB68309_component_906a,248.948074,-55.03858,5.339000225067139,28.39893913269043,248.9482513088715,-55.03869948131691,2.8033230949713737,1.5603803230777193,1.9045254664523992
SB68309_component_907a,249.986495,-57.116243,5.209000110626221,29.59659194946289,249.9866234353153,-57.11603380669449,3.7489227327544286,1.1383912737190875,1.3894658497800076
SB68309_component_909a,249.357109,-53.297721,4.986999988555908,15.682390213012695,249.35710129556958,-53.29762153288361,3.9944212971814745,1.0228905808300985,1.248491237535413
SB68309_component_911a,250.215774,-55.759306,5.144999980926514,28.26923179626465,250.21604541432325,-55.75924167274214,4.544691338091302,0.9275229531139961,1.1320900800905287
SB68309_component_915a,248.015612,-56.267459,5.139999866485596,31.151514053344727,248.01588372893357,-56.26742768804178,3.7421555806974087,1.125343091562132,1.3735398637615375
SB68309_component_916a,252.753079,-53.847138,5.989999771118164,15.438143730163574,252.75319127487955,-53.84709989935011,3.271232599097698,1.5002341984658722,1.8311139882778076
SB68309_component_922a,252.276838,-54.360289,5.1620001792907715,13.548556327819824,252.27664679854774,-54.36024184019424,4.482835063575256,0.9434283788545483,1.1515034807401217
SB68309_component_937a,249.759895,-53.635622,5.631999969482422,27.20772933959961,249.7601025126637,-53.635561092828674,4.941313167508727,0.9338216648262234,1.1397779858429657
SB68309_component_938a,246.485073,-55.020441,4.9679999351501465,27.754188537597656,246.4847875271157,-55.02042597116843,4.2347545251951955,0.9611629497671754,1.1731494483546607
SB68309_component_940a,249.085459,-54.872857,5.550000190734863,32.080928802490234,249.0855338793494,-54.87281677177148,4.631421524654777,0.9817985111635839,1.198336225970828
SB68309_component_944a,247.976575,-53.413371,5.130000114440918,19.358491897583008,247.97693849819296,-53.41349632710649,3.4172352058893973,1.2299463942368174,1.5012136435910746
SB68309_component_946a,244.910652,-55.074005,5.118000030517578,28.752809524536133,244.9104905748395,-55.07392003559582,6.259469372834593,0.6698945525234423,0.8176411969885393
SB68309_component_947a,243.224337,-57.517949,5.085000038146973,23.65116310119629,243.2244897227237,-57.51800692043802,2.4331487372863903,1.7122453024593929,2.0898845846218608
SB68309_component_950a,249.020572,-54.579431,5.182000160217285,30.127906799316406,249.02047356685043,-54.57937528185309,2.976576241991777,1.4263433835731276,1.740926399637507
SB68309_component_953a,249.657,-54.383644,4.988999843597412,27.87150764465332,249.65696176511818,-54.38373091685691,4.761974547948056,0.8583612456496357,1.0476746134116113
SB68309_component_955a,245.764028,-53.470968,4.75,20.56277084350586,245.76450000875496,-53.470890394649516,3.761131741002492,1.0347102344521528,1.2629177404814687
SB68309_component_956a,243.42861,-55.406444,4.73799991607666,21.438913345336914,243.42852493523264,-55.406372292925774,3.7098096334936534,1.0463743975695328,1.2771544591668778
SB68309_component_957a,251.506662,-55.887474,5.117000102996826,25.58500099182129,251.5068613538258,-55.88741854864356,4.846942667572666,0.8649504399154582,1.055717068252306
SB68309_component_958a,244.200701,-53.115228,4.940000057220459,11.650943756103516,244.20069591484767,-53.11486903249882,4.340931898172178,0.9323686497695695,1.1380045052769727
SB68309_component_964a,247.085815,-55.649598,5.03000020980835,26.335079193115234,247.08586521595026,-55.649253314422616,2.9971918740642054,1.3749823948810231,1.6782376374815293
SB68309_component_965a,249.069577,-56.369194,5.1620001792907715,30.36470603942871,249.07004716819787,-56.36921523278803,3.5508323831910156,1.1910541980864942,1.4537436922471267
SB68309_component_968a,246.972678,-54.928692,4.723999977111816,24.863157272338867,246.97265228911857,-54.92861473363007,3.520689088296346,1.0993244657821828,1.3417827756547938
SB68309_component_970a,250.575627,-55.396513,4.943999767303467,28.578035354614258,250.57583063748658,-55.396438121079896,4.770997576217648,0.8490102365134007,1.0362612196552343
SB68309_component_972a,249.123727,-56.608537,5.017000198364258,28.833335876464844,249.12398299020683,-56.60827921614157,3.323737106540766,1.2366908097662257,1.5094455540696428
SB68309_component_980a,245.419525,-57.255579,4.706999778747559,26.89714241027832,245.4199491547335,-57.25554365756173,4.5863358837105315,0.8408567237891502,1.0263094326487499
SB68309_component_983a,251.876633,-57.532934,5.13700008392334,22.831111907958984,251.87637609438045,-57.53304739190007,4.086577571717627,1.029896320445426,1.2570421076735392
SB68309_component_984a,246.44654,-57.44566,4.671999931335449,26.247190475463867,246.446712395555,-57.445631706079766,4.850989988098067,0.7890710869007871,0.9631023652487903
SB68309_component_986a,250.498631,-57.926531,4.5279998779296875,18.33198356628418,250.4984586741222,-57.92676916397661,3.4863323570936933,1.0640972005807368,1.298786063444725
SB68309_component_987a,252.285525,-57.252113,4.810999870300293,19.321285247802734,252.28529462860408,-57.251947026769116,3.3155098843519744,1.1888544810024562,1.4510588229600818
SB68309_component_992a,249.70204,-53.978221,5.238999843597412,29.26815414428711,249.7020536121766,-53.97819263933348,2.687421947497713,1.5971886183045882,1.9494519081663007
SB68309_component_993a,244.611068,-56.56347,4.460999965667725,23.855613708496094,244.61107731724405,-56.563421095898406,3.440381025521372,1.0623542434649735,1.2966586934921498
SB68309_component_995a,248.724648,-54.870094,5.339000225067139,28.55080223083496,248.72483557056495,-54.870040254380385,4.643200040332482,0.9420766192768729,1.1498535877607448
SB68309_component_1001a,246.732155,-56.178616,4.455999851226807,25.609195709228516,246.73224171840374,-56.17845205018607,3.5994403104913824,1.0142706826804073,1.2379702028225854
SB68309_component_1005a,247.601333,-58.088985,4.992000102996826,17.70212745666504,247.60197951473722,-58.08883731548289,4.694016910511573,0.871311842146276,1.0634814910483092
SB68309_component_1008a,243.992944,-53.384571,4.868000030517578,17.08070182800293,243.99280458138398,-53.38463192975119,6.209961560061612,0.6422518164690392,0.7839017976899169
SB68309_component_1012a,247.976313,-54.519395,4.554999828338623,25.305553436279297,247.97637605018505,-54.51941787006662,3.9673916816980053,0.9406476338199702,1.1481094365729796
SB68309_component_1014a,242.974968,-55.247579,4.749000072479248,14.261260986328125,242.97512192217462,-55.247462301813115,2.5761600675774075,1.5103340481516767,1.8434413809329617
SB68309_component_1017a,246.371358,-57.990806,4.656000137329102,19.982833862304688,246.37128757819582,-57.990752837444454,4.143769442709873,0.920579038494047,1.1236146705798016
SB68309_component_1018a,248.14509,-56.715426,5.041999816894531,27.856353759765625,248.14563175233957,-56.71538676699143,3.9744604564460033,1.039365569416901,1.2685998193080856
SB68309_component_1019a,247.346465,-56.127635,4.480999946594238,25.605714797973633,247.34659720626064,-56.127484457430064,3.1376177003615693,1.170088182808487,1.428153578454718
SB68309_component_1020a,246.656737,-53.849865,4.302000045776367,22.642105102539062,246.65686993920804,-53.84969247571241,3.6295921601258123,0.9710828032385943,1.1852571462539325
SB68309_component_1021a,247.817037,-56.119042,4.5970001220703125,27.860605239868164,247.8172498024744,-56.1188636501952,2.298536235011323,1.6385769511199966,1.9999685243368228
SB68309_component_1023a,249.883969,-57.473612,4.339000225067139,25.523530960083008,249.88362877694652,-57.47359347140715,4.140659209944312,0.8585465856494627,1.0479008305359896
SB68309_component_1025a,244.349074,-53.30426,4.877999782562256,16.314380645751953,244.34924817530646,-53.30429248921618,3.522939817394099,1.1344366097217187,1.3846389763678926
SB68309_component_1026a,248.584617,-53.89847,4.7270002365112305,22.835750579833984,248.58455027881865,-53.89830796157108,4.040935107940083,0.9584013760086892,1.1697788037286443
SB68309_component_1028a,249.452828,-56.403507,4.519999980926514,25.25139617919922,249.45307118097,-56.403430170554834,4.247580312149494,0.8718474761533477,1.0641352602557763
SB68309_component_1030a,243.963789,-58.112018,4.684999942779541,12.765666961669922,243.96393496396632,-58.11244102631564,4.436290706884876,0.8652333950246192,1.0560624297025176
SB68309_component_1033a,247.414517,-56.976187,4.478000164031982,25.884395599365234,247.41449742762757,-56.97592584568557,3.7980549316446046,0.9659764625398517,1.1790245914355306
SB68309_component_1037a,244.393367,-54.90822,4.423999786376953,22.456851959228516,244.39319213574086,-54.90822661730233,3.878566684220049,0.9345176657082518,1.1406274911750258
SB68309_component_1043a,252.001892,-57.14092,4.510000228881836,18.87029457092285,252.00170821843034,-57.14091075319987,3.357810233573006,1.1004342435482402,1.3431373172279597
SB68309_component_1045a,252.031372,-53.400817,4.526000022888184,18.398372650146484,252.03123914804647,-53.400619466346306,3.443204258712927,1.076949765068272,1.3144732879077023
SB68309_component_1048a,246.312783,-53.321433,4.247000217437744,13.482540130615234,246.31313988122182,-53.321472576268064,2.474666588100306,1.4060775344504222,1.7161908751101627
SB68309_component_1052a,249.091706,-57.072318,4.197000026702881,25.131736755371094,249.0920096316789,-57.072107537984245,3.8693018497519547,0.8886894854829349,1.0846918099635814
SB68309_component_1058a,243.849901,-53.820955,4.497000217437744,20.916278839111328,243.84972721358307,-53.820846392571084,3.3466854072985552,1.1009097028195747,1.3437176400358835
SB68309_component_1060a,243.143309,-53.679835,4.02400016784668,10.934782981872559,243.14358791186203,-53.68033414366756,3.647915045564476,0.9037679900861942,1.1030959102897662
SB68309_component_1064a,247.176222,-57.229533,4.426000118255615,23.66844940185547,247.17626427721643,-57.229394433387256,5.372256169114628,0.674991631919248,0.8238624479042741
SB68309_component_1066a,248.32864,-55.99713,4.051000118255615,23.6900577545166,248.32885246807743,-55.99720970205185,3.8962501282201694,0.8518421137915881,1.0397176733892433
SB68309_component_1069a,245.264971,-55.737688,4.863999843597412,25.735448837280273,245.2647272923337,-55.737634144784224,3.455139098702032,1.153378089764094,1.4077580394446745
SB68309_component_1072a,245.710424,-54.925193,4.188000202178955,22.88524627685547,245.71026274690695,-54.92524499104289,4.0541114792685695,0.8463591391164189,1.033025417183284
SB68309_component_1074a,253.14865,-56.732509,3.9030001163482666,10.693150520324707,253.1483476323832,-56.73230170008201,3.2532042919750785,0.9829488263956669,1.199740245632925
SB68309_component_1076a,248.671279,-57.362353,4.140999794006348,22.87845230102539,248.67127148660506,-57.36234056062753,3.434692788992134,0.987781735112422,1.205639062473902
SB68309_component_1077a,243.753341,-56.562538,4.684999942779541,20.54824447631836,243.75350916095263,-56.562646561534685,4.3580663511583,0.8807637517069882,1.075018039028788
SB68309_component_1084a,245.674806,-55.01327,4.060999870300293,22.687149047851562,245.67465673728404,-55.013562611122,3.361446782269033,0.9898067621298605,1.2081107134348412
SB68309_component_1085a,251.536841,-56.015611,4.223999977111816,21.551021575927734,251.53689370866314,-56.01549304156497,3.5781546034341543,0.9671826262234728,1.1804967770419446
SB68309_component_1087a,245.096007,-56.793979,3.825000047683716,20.675676345825195,245.09614666774192,-56.79377716382901,3.5926815669896697,0.8722809743373275,1.064664367370779
SB68309_component_1088a,243.488668,-54.237036,3.9170000553131104,18.831729888916016,243.4881678989969,-54.2369993025474,3.697985925077292,0.8678246956613834,1.0592252471137353
SB68309_component_1089a,249.940633,-53.663409,3.7820000648498535,19.494844436645508,249.94096688137873,-53.66334086246882,5.2083609580672,0.5949276284528833,0.7261401610408618
SB68309_component_1090a,246.918002,-53.712036,3.9170000553131104,20.946523666381836,246.91811439167012,-53.71196008667368,2.2562400290629525,1.4223679522799295,1.7360741786590386
SB68309_component_1094a,243.138622,-55.902961,3.687999963760376,19.01030921936035,243.13846055020556,-55.9031548264733,2.374545576455582,1.2724891243636673,1.5531392618141915
SB68309_component_1095a,243.425231,-55.651369,4.335000038146973,21.25,243.42529121341653,-55.651460310568396,3.723653409210234,0.95381365505945,1.164179251330054
SB68309_component_1096a,246.157178,-57.499867,4.488999843597412,23.50261688232422,246.1571697357152,-57.499808244614215,3.7989835483526693,0.9681125683026107,1.1816318197913624
SB68309_component_1101a,246.046295,-55.473839,4.0320000648498535,23.44186019897461,246.04669139084572,-55.47383460316101,2.3906997243617445,1.3817808826611122,1.6865355459587439
SB68309_component_1102a,249.660903,-55.663441,4.127999782562256,23.061450958251953,249.66094688530518,-55.66336008453129,3.4798463865879885,0.9719037853346539,1.1862591976681436
SB68309_component_1109a,244.361244,-55.443927,3.806999921798706,20.358287811279297,244.3608885034239,-55.44368578730148,3.4613036874484964,0.9011287455815276,1.0998745748903183
SB68309_component_1114a,243.185973,-57.777176,3.8570001125335693,17.69266128540039,243.18596274340783,-57.77709441772046,3.226594230549403,0.979374922565888,1.1953781098396203
SB68309_component_1123a,245.243593,-57.116062,4.242000102996826,23.180328369140625,245.2434767844244,-57.116066885184225,2.4476197274976643,1.4199413639007359,1.73311240113825
SB68309_component_1126a,245.948674,-57.764032,4.38700008392334,22.156566619873047,245.94886419337308,-57.763819331508955,3.761677715246009,0.9554979052482431,1.166234966420146
SB68309_component_1139a,246.748882,-56.630548,4.107999801635742,23.20903778076172,246.74905512641564,-56.6303837541235,4.822503891558141,0.6979133536076276,0.8518396032457023
SB68309_component_1142a,249.805309,-54.198646,4.215000152587891,24.224140167236328,249.8052784470933,-54.198550729185186,4.556076139065532,0.7579670076656917,0.9251382162924965
SB68309_component_1146a,246.839018,-56.55192,3.9709999561309814,21.46486473083496,246.83929086198296,-56.551854881298524,3.1502847886038547,1.032746535950417,1.260520944168623
SB68309_component_1148a,242.070258,-57.398532,3.9059998989105225,12.933774948120117,242.06995207758777,-57.39859752666327,3.4650919285973965,0.92355156305459,1.1272427916484158
SB68309_component_1150a,251.101053,-55.429868,4.301000118255615,23.0,251.1012309434358,-55.429545013838904,3.0481735700801598,1.156041546344059,1.411008926943261
SB68309_component_1156a,246.775404,-57.541636,3.927999973297119,23.242603302001953,246.77531027720562,-57.541712522368414,3.9259853499952366,0.8197217949027313,1.0005131509983565
SB68309_component_1157a,247.773665,-54.735573,3.888000011444092,22.870588302612305,247.7740391075423,-54.73546365538979,2.967694199657224,1.073373306015909,1.3101080333321289
SB68309_component_1161a,250.236112,-58.086137,3.562999963760376,11.065217018127441,250.23577431783366,-58.086339864262214,2.7863563311760613,1.0476659849586043,1.27873090885562
SB68309_component_1162a,250.127365,-54.375677,3.688999891281128,20.269229888916016,250.12742800320376,-54.37561860108759,2.466058346843416,1.2256006299289448,1.495909411877092
SB68309_component_1169a,251.973806,-53.849462,3.5399999618530273,16.777252197265625,251.97392767174958,-53.84935593667975,3.0297166182781874,0.9572931011390422,1.168426096518835
SB68309_component_1172a,250.71004,-54.225094,4.1620001792907715,20.70646858215332,250.7100905350026,-54.22474593007848,3.6863440615030445,0.9250174129768599,1.129031937836477
SB68309_component_1173a,242.652585,-58.039232,3.9539999961853027,12.921568870544434,242.6527499717691,-58.0396044458678,2.295690552131338,1.4111299143579739,1.722357567972032
SB68309_component_1174a,246.115727,-53.492566,4.080999851226807,16.522266387939453,246.11569967964715,-53.49243489304855,3.822466212158404,0.874715061380848,1.0676352974019927
SB68309_component_1177a,244.40062,-54.0727,3.9210000038146973,18.58293914794922,244.40076602492994,-54.072571679925,3.297725746724574,0.9741503448146546,1.1890012405395394
SB68309_component_1185a,245.451983,-53.428986,3.859999895095825,16.495725631713867,245.45215511987945,-53.42875722489626,2.4932607406788665,1.2684205663128894,1.5481733747770088
SB68309_component_1186a,246.423649,-53.449802,3.556999921798706,13.223048210144043,246.42392190125773,-53.44969636281468,2.910891522435933,1.0011554484557668,1.221962376262681
SB68309_component_1187a,244.624884,-57.883882,3.7809998989105225,16.804445266723633,244.62473708984342,-57.88397165833898,3.2537757348063057,0.9520565177396917,1.1620345736998379
SB68309_component_1191a,252.283327,-55.258013,3.5959999561309814,17.71428680419922,252.2828866778745,-55.25800504347289,2.747251063683644,1.0724202560294558,1.3089447861781132
SB68309_component_1193a,249.927999,-55.639983,3.453000068664551,19.077348709106445,249.92839153258353,-55.63997696167136,3.1174380177297936,0.9074912377892186,1.1076403280598737
SB68309_component_1194a,249.066997,-56.65309,3.8389999866485596,22.8511905670166,249.06741131205078,-56.65283900105541,4.276998675096682,0.735398391685131,0.8975920448611732
SB68309_component_1196a,249.58273,-58.176431,4.063000202178955,13.191558837890625,249.58266846686712,-58.176617249444895,4.85821165562682,0.6851948548643199,0.836316013007205
SB68309_component_1197a,246.74373,-57.571855,3.7829999923706055,21.49431800842285,246.74365661535822,-57.57197484823138,3.5129688097890126,0.8822785634361767,1.0768669456526745
SB68309_component_1198a,247.915011,-55.79543,3.4549999237060547,20.087207794189453,247.91543252237128,-55.79532067398708,2.117183597462834,1.3370055260240363,1.6318848907796268
SB68309_component_1199a,243.469077,-53.303427,4.006999969482422,10.327319145202637,243.4694232287306,-53.30322917993444,2.5087190398367176,1.3086122881044429,1.5972294648599714
SB68309_component_1201a,250.318006,-56.961418,3.7730000019073486,20.61748695373535,250.31809943801903,-56.96131260737456,4.102354058224436,0.7535244459987624,0.9197158383594913
SB68309_component_1204a,247.219365,-55.102198,3.4539999961853027,19.082874298095703,247.21931171658537,-55.10206484603709,2.1133028721613116,1.3390730522851484,1.6344084142813078
SB68309_component_1205a,251.504023,-55.37987,3.4749999046325684,18.885868072509766,251.50403650806487,-55.3798455684416,2.2462636875555466,1.2674701536391464,1.5470133466005367
SB68309_component_1210a,242.813106,-56.483258,3.7890000343322754,13.82846736907959,242.8133625470661,-56.48311979879353,3.441372144563425,0.9020625457196345,1.101014326601679
SB68309_component_1213a,244.665337,-53.772301,3.8450000286102295,19.71794891357422,244.6656875722932,-53.772269793433715,2.765246659174978,1.139216199412095,1.3904727145597204
SB68309_component_1218a,244.595242,-54.956505,3.5759999752044678,18.244897842407227,244.59475160759985,-54.95651113216752,2.0147707173154563,1.4541712623418452,1.774891775263263
SB68309_component_1220a,252.521947,-56.836088,3.3350000381469727,14.627193450927734,252.521627180491,-56.836070585712704,2.83959337479926,0.9622399189530375,1.174463945346659
SB68309_component_1223a,244.042689,-56.682453,3.690999984741211,21.459300994873047,244.04304113286548,-56.68251544271974,2.424533750430763,1.2472671671849047,1.5223545492346464
SB68309_component_1226a,247.023545,-57.077619,3.496999979019165,20.69230842590332,247.02396543855764,-57.07739080398575,2.8334670849598407,1.0111629273775826,1.2341770255886804
SB68309_component_1227a,252.124809,-55.375122,3.2230000495910645,17.143617630004883,252.1244454629978,-55.37507657035509,3.8294732613417946,0.6895487119509508,0.841630122379225
SB68309_component_1231a,245.279864,-57.294265,3.6070001125335693,21.217647552490234,245.27984743507773,-57.294262485126744,2.794253808402588,1.0576061928993317,1.2908634504449723
SB68309_component_1232a,249.761681,-53.498072,3.3510000705718994,15.658878326416016,249.76174286245364,-53.497891179737266,4.474197590615593,0.613624877243711,0.7489611271528229
SB68309_component_1233a,247.886515,-55.139602,3.624000072479248,20.947978973388672,247.88658569858572,-55.139522915494894,3.3382715819032076,0.8894268036373403,1.0855917451788455
SB68309_component_1238a,243.788795,-57.868012,3.703000068664551,14.52156925201416,243.7882089343232,-57.86805096861605,3.213683291022993,0.9440485427771469,1.152260423112757
SB68309_component_1243a,249.136578,-56.964796,3.505000114440918,20.617647171020508,249.13705373774826,-56.96477875728,3.035905391645734,0.9458962068008476,1.154515593300782
SB68309_component_1245a,250.34466,-56.705085,3.4240000247955322,19.67816162109375,250.34449604275505,-56.70512169989795,2.7103244379604026,1.0350376768516574,1.2633174009869428
SB68309_component_1249a,249.474755,-55.109263,3.503999948501587,21.36585235595703,249.47483671515553,-55.10911732100692,2.2244602731051235,1.2905746133342446,1.5752135431982133
SB68309_component_1250a,248.970631,-53.232904,3.3329999446868896,10.287036895751953,248.97070460508098,-53.23281531350235,3.202770775335293,0.8526153168827383,1.0406614080390948
SB68309_component_1254a,251.491456,-53.411787,3.321000099182129,13.126482963562012,251.49167271794465,-53.411734693134306,4.046207761870911,0.6724568014768191,0.8207685553068447
SB68309_component_1255a,246.899573,-57.721419,3.5169999599456787,17.584999084472656,246.89968727287413,-57.72129231751019,3.0652408457569513,0.940051052761321,1.147381278314255
SB68309_component_1265a,247.401478,-56.945351,3.36899995803833,19.934911727905273,247.40179697961983,-56.945162683732676,2.6030278306026453,1.0603906140796886,1.2942619815395324
SB68309_component_1267a,250.710715,-54.660333,3.2049999237060547,18.63372039794922,250.71055433770314,-54.660319924072816,2.6829375503533783,0.9787260335868251,1.1945861070392465
SB68309_component_1270a,246.812817,-56.694859,2.997999906539917,16.655553817749023,246.81301941307,-56.69469307264443,1.7191433512114926,1.4287728988503627,1.7438917495898203
SB68309_component_1271a,247.083418,-57.651348,3.384999990463257,17.448453903198242,247.08347019860796,-57.651367182621726,3.2009375381178233,0.866413385207504,1.0575026691878728
SB68309_component_1272a,252.491655,-57.559979,3.443000078201294,10.037900924682617,252.49149805738148,-57.56015271375352,2.5084364714704583,1.1245469883894552,1.372568178369289
SB68309_component_1274a,246.451282,-54.458324,2.8299999237060547,15.635358810424805,246.45188062255895,-54.45841431785588,2.611778982773447,0.8877561343116619,1.0835526062396286
SB68309_component_1279a,249.534879,-55.538424,2.868000030517578,17.17365264892578,249.53477055221714,-55.53832263529942,2.506902178644647,0.9373147356906144,1.1440414607913254
SB68309_component_1283a,250.544814,-54.196379,3.177000045776367,15.422329902648926,250.54498942925196,-54.19665609047914,2.6094353402043904,0.9975033481682568,1.2175047976193658
SB68309_component_1286a,248.959531,-54.341716,3.2260000705718994,17.159574508666992,248.95902061945804,-54.341886599161725,1.7450067583781894,1.5146452948776523,1.848703482140176
SB68309_component_1290a,248.838286,-53.836525,3.0899999141693115,16.9780216217041,248.8381763763056,-53.836452723260955,3.806273266138523,0.665123333162809,0.8118176752201838
SB68309_component_1292a,251.5014,-56.204094,3.257999897003174,17.329788208007812,251.5014463718265,-56.204232624982794,2.8723252884224806,0.9293111015274053,1.1342726083759513
SB68309_component_1294a,242.738959,-57.558227,3.1110000610351562,14.7440767288208,242.7387360848379,-57.55816867799064,2.604284959599433,0.9787126410250053,1.1945697607199104
SB68309_component_1297a,245.20234,-54.832534,3.015000104904175,16.47541046142578,245.2021996256942,-54.832594982146176,2.65259703805978,0.9312359471907051,1.1366219827755941
SB68309_component_1301a,249.89907,-57.593613,3.265000104904175,18.240222930908203,249.8991478546527,-57.59367337135336,2.4640530624668338,1.0856174724466217,1.3250526762745483
SB68309_component_1303a,250.177713,-53.867635,3.4170000553131104,19.41477394104004,250.17786222509386,-53.86751746964272,2.6399005124203248,1.0604766399435623,1.2943669805875835
SB68309_component_1307a,252.522489,-57.046376,3.436000108718872,13.689244270324707,252.52201622313663,-57.046097755770205,2.502713789830646,1.124826820555,1.3729097281041391
SB68309_component_1311a,245.836437,-57.907946,2.996999979019165,13.379464149475098,245.83660871942686,-57.907951363987614,3.0192417414513613,0.8132658454444224,0.9926333283861184
SB68309_component_1313a,250.967086,-54.700888,2.746000051498413,14.37696361541748,250.9674402075423,-54.70048625581512,2.5069845824867367,0.8974134180142894,1.0953398240585075
SB68309_component_1318a,245.064951,-56.449369,3.122999906539917,16.97282600402832,245.06463086596906,-56.44948247125963,2.3762590466392615,1.076767326469257,1.3142506120941526
SB68309_component_1321a,248.454563,-54.164809,3.2990000247955322,18.43016815185547,248.45475460924615,-54.16477375118514,3.149784762257389,0.8581142657650487,1.047373161596986
SB68309_component_1324a,249.275675,-56.271342,3.4509999752044678,20.299999237060547,249.27596625542984,-56.271198801272696,2.1465727522784435,1.317173621592152,1.6076790183521439
SB68309_component_1329a,249.342807,-55.697206,3.0880000591278076,16.691892623901367,249.3431378832225,-55.69693672437921,2.6211765587340157,0.9652164289726503,1.178096930875675
SB68309_component_1335a,244.188546,-53.538523,3.2079999446868896,14.321428298950195,244.1882100570954,-53.53832517424568,2.8484600467877383,0.922715679751558,1.1262225525348728
SB68309_component_1338a,250.925405,-57.126692,3.121000051498413,15.15048599243164,250.9260986847806,-57.12662470149378,2.742057906024789,0.9325257541262687,1.1381962593280839
SB68309_component_1339a,246.545631,-55.690895,3.3459999561309814,18.797752380371094,246.54577431697592,-55.69074109895828,2.500499244602942,1.0963340031447892,1.338132760228967
SB68309_component_1340a,248.750714,-55.920433,2.9730000495910645,17.488235473632812,248.75090326592402,-55.920370663400426,1.6838003295474446,1.4465984889471806,1.765648810859966
SB68309_component_1346a,246.342947,-53.517115,3.3959999084472656,13.804877281188965,246.34325752865234,-53.51747537774638,3.0760005506348778,0.9045340955916966,1.1040309819666128
SB68309_component_1358a,243.556858,-54.337316,2.875999927520752,14.167488098144531,243.55670441884743,-54.33717389343456,2.264060669288275,1.0407453790937995,1.2702839488947284
SB68309_component_1363a,251.224358,-56.332334,3.1080000400543213,16.70967674255371,251.22443319774968,-56.33208554369691,2.022713441867711,1.2588973983094789,1.5365498521552763
SB68309_component_1368a,251.521975,-54.279967,2.99399995803833,13.547511100769043,251.52177570373252,-54.27976345440287,2.2495827798842383,1.0904192048849042,1.330913440843639
SB68309_component_1369a,247.604304,-54.670817,3.059999942779541,17.386363983154297,247.60431191004332,-54.67087155051629,2.2327894921716323,1.122838562634467,1.3704829557413207
SB68309_component_1370a,244.23125,-57.063181,3.0989999771118164,14.827750205993652,244.23125647608748,-57.06307619115267,2.846336084137304,0.8920292089706825,1.088768116450694
SB68309_component_1373a,243.43528,-55.460836,2.7929999828338623,13.112675666809082,243.4351314012887,-55.460877595029864,2.601624887385934,0.8795690425192032,1.0735598342312211
SB68309_component_1374a,247.376543,-53.518592,3.2079999446868896,15.881187438964844,247.3767449221551,-53.518706629180485,3.2565384159654425,0.8070897414970933,0.9850950717975292
SB68309_component_1375a,245.561916,-55.175089,2.9119999408721924,17.23076820373535,245.5621807849352,-55.175056870105145,2.678274773584506,0.8907993919536106,1.087267060718672
SB68309_component_1381a,248.403538,-55.613267,2.996000051498413,17.727811813354492,248.40356417139418,-55.613300939645455,2.0296632423135925,1.2093764592579839,1.4761069664361182
SB68309_component_1395a,245.034216,-56.166094,2.688999891281128,17.237178802490234,245.0342470787655,-56.16627048189861,2.41573592845232,0.9119793549443551,1.1131183088392773
SB68309_component_1396a,242.868518,-54.528891,2.9679999351501465,13.249999046325684,242.86804314592553,-54.52898145209572,2.1513383542498947,1.130313326585216,1.3796062945128855
SB68309_component_1398a,244.48086,-55.404272,2.9830000400543213,15.783069610595703,244.48034136170813,-55.404065547173396,3.155247240797272,0.774575122574849,0.9454092856763177
SB68309_component_1399a,246.845622,-57.687827,2.9590001106262207,14.721393585205078,246.8454430737427,-57.687865431796354,2.254500305428981,1.0753215856330411,1.3124860100931275
SB68309_component_1428a,248.436928,-57.940571,2.9700000286102295,12.638298034667969,248.43719926582807,-57.940387411068514,2.3494768305985843,1.0356880559208426,1.2641112225199311
SB68309_component_1433a,242.55801,-55.983253,3.0889999866485596,14.779903411865234,242.5581142400319,-55.98335125990015,3.125529004118467,0.8097259428341497,0.9883126928523863
SB68309_component_1439a,245.71293,-55.600441,2.9140000343322754,16.843931198120117,245.71303498756356,-55.60047735528359,1.9029631878620128,1.2545929602491277,1.531296061279129
SB68309_component_1441a,249.84738,-57.452826,2.7690000534057617,16.384614944458008,249.84716484505958,-57.45287916042959,3.911385736851178,0.5800106889912865,0.7079332593862036
SB68309_component_1452a,250.614178,-57.085806,2.736999988555908,15.290502548217773,250.61426806499625,-57.085534119870445,1.8442662754588128,1.2158915819384697,1.4840590130484292
SB68309_component_1462a,249.427969,-55.707398,2.7690000534057617,14.807486534118652,249.4278948062402,-55.70750851247393,3.9394472448932087,0.5758791513410001,0.7028905024671359
SB68309_component_1463a,243.634735,-57.22671,2.8889999389648438,13.757143020629883,243.6348084905954,-57.22671042471642,2.3139831527446293,1.0228949177625217,1.2484965309873512
SB68309_component_1468a,249.146227,-53.897946,2.8289999961853027,16.352602005004883,249.14576234116555,-53.89771951245242,2.298783074040969,1.0082741593193287,1.2306511336940895
SB68309_component_1470a,251.67922,-53.87898,2.6410000324249268,13.009852409362793,251.67960360302675,-53.87872479021395,2.718379928005991,0.7959795911354354,0.9715345545396871
SB68309_component_1475a,251.939712,-56.373706,2.8550000190734863,12.577093124389648,251.9396269482952,-56.3736699879275,2.9321459644112258,0.7977452194360432,0.9736895958543352
SB68309_component_1482a,251.170831,-54.032473,2.555000066757202,11.939252853393555,251.17099081069807,-54.03216706058585,2.8777179022784334,0.7274219103726606,0.8878563339145511
SB68309_component_1484a,247.373295,-55.060492,2.6510000228881836,14.407608985900879,247.37338542932633,-55.06040515043552,2.4583704024499102,0.8834990639990185,1.0783566301670027
SB68309_component_1487a,247.037577,-55.177889,2.447999954223633,13.59999942779541,247.03764704542917,-55.17758471909871,2.2739968311637826,0.8819931882745068,1.076518630402312
SB68309_component_1495a,249.909826,-54.887978,2.736999988555908,14.481481552124023,249.9101053629189,-54.88773129090726,2.2273717322079443,1.0067595842928816,1.228802515978229
SB68309_component_1499a,247.690436,-55.393312,2.8259999752044678,17.12727165222168,247.69014306018707,-55.393383012322104,3.177677988450736,0.7286281550720027,0.8893286184048727
SB68309_component_1505a,247.470779,-54.60204,2.5810000896453857,14.02717399597168,247.4710678203239,-54.60199774622194,2.820910541128698,0.7496221087197144,0.91495283243285
SB68309_component_1507a,246.140229,-56.17873,2.7829999923706055,16.086706161499023,246.14042731024017,-56.17862387729381,1.881959364505119,1.2115647916284065,1.4787779400871521
SB68309_component_1511a,246.961997,-54.024738,2.5959999561309814,14.263736724853516,246.9621526467915,-54.02447606391712,2.0348326622624904,1.0452487612131063,1.2757805613580726
SB68309_component_1522a,248.947714,-55.498766,2.4619998931884766,15.197529792785645,248.94784627074907,-55.499024148098336,2.742532448453549,0.7354953577849946,0.8977103970371405
SB68309_component_1529a,248.661219,-57.566231,2.5209999084472656,13.851648330688477,248.66135466703975,-57.566128531403336,1.8981871349977841,1.0881217344895182,1.3281092585480032
SB68309_component_1549a,251.882304,-55.32082,2.5230000019073486,12.742424011230469,251.88200658462358,-55.32084169777091,2.6302437254440028,0.7858957468596134,0.9592266973211577
SB68309_component_1559a,246.823125,-54.463778,2.372999906539917,12.689838409423828,246.82294576502895,-54.463784080014015,3.187706031472632,0.6099063258225683,0.7444224414393873
SB68309_component_1564a,249.609263,-55.463737,2.559000015258789,14.622857093811035,249.60940854931985,-55.46343432766992,2.4269536938106944,0.8638781294515081,1.05440825747308
SB68309_component_1565a,249.173686,-55.808583,2.7219998836517334,16.011764526367188,249.17368196242256,-55.8083753001318,1.9038512091914424,1.1713826279725805,1.4297335162067393
SB68309_component_1566a,249.204976,-54.720073,2.74399995803833,14.673795700073242,249.20479870490215,-54.71997439036529,2.0066343074335276,1.1203650388310098,1.3674638910902945
SB68309_component_1567a,250.275073,-55.244972,2.5350000858306885,15.179641723632812,250.27561041871797,-55.244733678491386,1.727025447970343,1.2026047703379545,1.4678417673635926
SB68309_component_1570a,245.907843,-54.3558,2.388000011444092,12.0,245.90787940709532,-54.35567548365056,2.3322964500218606,0.8388692097574103,1.0238835682409537
SB68309_component_1586a,249.457175,-57.770495,2.3440001010894775,11.778895378112793,249.4570549661868,-57.770604761531665,1.9745157507500295,0.9726144207282839,1.1871265651839433
SB68309_component_1594a,246.37932,-54.858287,2.6480000019073486,15.39534854888916,246.37904748093095,-54.85793369447887,2.411986589631129,0.8994701867562152,1.0978502174476492
SB68309_component_1598a,243.474921,-55.429785,2.5329999923706055,11.409910202026367,243.47450179343338,-55.429787595619004,1.9010673472900732,1.091644841447257,1.332409394112911
SB68309_component_1603a,247.086856,-55.416518,2.6040000915527344,15.408284187316895,247.086837332912,-55.41637600077548,2.1841208148418194,0.976805324557227,1.1922417816165192
SB68309_component_1607a,250.983597,-56.033031,2.1619999408721924,12.284090995788574,250.98399007035704,-56.03297125155968,2.1064041749411087,0.8409257509438165,1.0263936838867298
SB68309_component_1608a,248.297052,-54.327781,2.4110000133514404,13.174863815307617,248.29691284333686,-54.32760693397957,2.939331445652361,0.6720356821054714,0.8202545571774872
SB68309_component_1609a,248.573938,-57.056161,2.2269999980926514,13.023391723632812,248.5739924790848,-57.05589663369174,2.254482009543072,0.8093141310439173,0.9878100551106236
SB68309_component_1612a,250.524765,-55.475602,2.1570000648498535,11.534759521484375,250.52518718924338,-55.47549426836569,2.0887792377236174,0.8460602611392439,1.0326606210432197
SB68309_component_1620a,249.614936,-53.921468,2.3320000171661377,12.883978843688965,249.61501526779463,-53.921590990525665,2.60753826315559,0.7327258951241155,0.894330123594811
SB68309_component_1631a,245.649097,-57.724944,2.5350000858306885,12.675000190734863,245.64923716302974,-57.7251345550142,1.920680943039446,1.081350366780581,1.3198444515303476
SB68309_component_1632a,249.244066,-56.231127,2.5799999237060547,14.913294792175293,249.24444769454578,-56.230949060509225,1.891762799641181,1.117369192071855,1.3638073040633925
SB68309_component_1633a,249.864215,-55.407372,2.322999954223633,13.745561599731445,249.8648121119266,-55.40687047891526,1.740159274886051,1.093714277487919,1.3349352486000152
SB68309_component_1634a,244.500042,-57.528564,2.436000108718872,12.753927230834961,244.50010482713554,-57.528611614841694,1.65868222378729,1.2032553293000936,1.4686358084653022
SB68309_component_1656a,244.337155,-55.249734,2.3980000019073486,12.621052742004395,244.3366481559762,-55.24974833317169,2.200396700145991,0.8928774914550194,1.089803489410908
SB68309_component_1659a,246.714719,-54.022441,2.371999979019165,12.617021560668945,246.7144401851833,-54.02252346196331,2.0347829839134755,0.9550811299458514,1.1657262704532372
SB68309_component_1680a,252.071817,-54.973356,2.259000062942505,10.605633735656738,252.07213557981098,-54.9733026779439,2.210067757018385,0.8374412230522652,1.0221406360817349
SB68309_component_1696a,248.197822,-56.746277,2.071000099182129,11.634831428527832,248.19809958678704,-56.746089781008195,2.468146863152704,0.6874684983321011,0.8390911132965253
SB68309_component_1700a,247.370461,-57.796314,2.1740000247955322,10.869999885559082,247.3700541279352,-57.79659199266817,2.533035064063624,0.7031727365588313,0.8582589541053927
SB68309_component_1715a,244.121465,-55.314194,2.0199999809265137,11.160221099853516,244.12125786845985,-55.31410085229254,2.2822208779229642,0.7251658973714007,0.8851027525280128
SB68309_component_1716a,245.302544,-57.418717,2.4679999351501465,13.413043022155762,245.30265859649546,-57.418817091613796,3.3016515331640353,0.6124315987615205,0.7475046686059614
SB68309_component_1726a,247.61368,-56.110705,2.2209999561309814,13.29940128326416,247.61391250517184,-56.11055933025862,1.6093382412700181,1.130693510690903,1.3800703290181355
SB68309_component_1753a,250.086674,-55.729633,2.0269999504089355,12.065476417541504,250.08687065777642,-55.729280532955094,3.2884414599573444,0.5050185188774227,0.616401409327575
SB68309_component_1757a,249.720432,-56.977344,2.2809998989105225,13.993864059448242,249.72053753195365,-56.97766026393573,3.1764382875605586,0.5883402012007479,0.7180998629324182
SB68309_component_1790a,243.456067,-57.082105,2.1760001182556152,10.880000114440918,243.4563738806047,-57.08199380979409,3.4127555499222955,0.5223930782703827,0.6376079641289164
SB68309_component_1824a,245.391008,-55.196214,1.9359999895095825,12.176100730895996,245.39108385537185,-55.196339331715414,1.965040596382962,0.8071932182191122,0.9852213705269833
SB68309_component_1859a,248.844671,-55.046867,1.9869999885559082,11.038887977600098,248.84464730148804,-55.04692146935702,2.4708027403602535,0.6588756704049119,0.8041920773757095
SB68309_component_1982a,247.386837,-57.198609,2.0369999408721924,12.271084785461426,247.38708263535528,-57.19848301043495,1.7544839649703692,0.9512294638915986,1.161025111395985
SB68309_component_2031a,250.999959,-56.064362,1.781999945640564,10.799999237060547,250.99904102002475,-56.06447778419989,1.6389740637855217,0.8907981086016029,1.0872654943206952
