Component_ID,RA,DEC,RA_comp,DEC_comp
SB67280_component_25a,103.490785,-19.494414,103.490857,-19.494355
