Component_ID,RA,DEC,RA_comp,DEC_comp
SB67037_component_21a,137.300576,8.594798,137.300656,8.59475
SB67037_component_55a,138.970502,7.761049,138.970701,7.761026
