Component_ID,RA,DEC,RA_comp,DEC_comp
SB67365_component_19a,97.413387,15.466079,97.413448,15.465831
