Component_ID,RA,DEC,RA_comp,DEC_comp
SB66898_component_6a,189.401777,19.411227,189.401751,19.411283
SB66898_component_36a,189.48579,20.571924,189.485796,20.571903
