Component_ID,RA,DEC,ASKAP_flux,ASKAP_flux_SNR,RA_comp,DEC_comp,Comp_flux,Flux_Ratio_AlphaCorr,Flux_Ratio_NOAlphaCorr
SB72566_component_1a,4.907749,20.362412,622.2639770507812,2222.371337890625,4.907679080963135,20.362695693969727,564.7256469726562,1.3998124599456787,1.1018872261047363
SB72566_component_4a,4.436447,16.85435,484.7869873046875,1146.0684814453125,4.436459064483643,16.85445213317871,713.5740966796875,0.8630671501159668,0.6793786287307739
SB72566_component_9a,359.656752,19.58614,323.20098876953125,719.8240356445312,359.6567077636719,19.586177825927734,436.4325256347656,0.9407804608345032,0.7405520081520081
SB72566_component_13a,1.149055,20.328249,239.11000061035156,1053.3480224609375,1.1489711999893188,20.328475952148438,194.151123046875,1.56455397605896,1.2315664291381836
SB72566_component_16a,0.384914,21.226582,213.92999267578125,368.8448181152344,0.3848508298397064,21.22678565979004,300.8377380371094,0.9033833742141724,0.711114227771759
SB72566_component_17a,1.014817,15.754411,220.08299255371094,220.52403259277344,1.014788269996643,15.75458812713623,326.4288330078125,0.8565065264701843,0.6742143034934998
SB72566_component_20a,6.404649,17.466726,208.56700134277344,148.97642517089844,6.404639720916748,17.466712951660156,244.53309631347656,1.0835293531417847,0.852919340133667
SB72566_component_21a,6.338695,18.728967,198.052001953125,157.81036376953125,6.338687419891357,18.728940963745117,164.8520050048828,1.5262221097946167,1.2013927698135376
SB72566_component_24a,1.453503,19.888134,169.56700134277344,706.5291748046875,1.453414797782898,19.888351440429688,223.385986328125,0.964313268661499,0.7590762972831726
SB72566_component_28a,0.754907,18.632903,153.73699951171875,689.403564453125,0.7548301219940186,18.633052825927734,165.66738891601562,1.1788922548294067,0.9279859066009521
SB72566_component_29a,4.816585,20.525222,153.01100158691406,671.1008911132812,4.816529750823975,20.525531768798828,211.35333251953125,0.9197001457214355,0.7239583134651184
SB72566_component_31a,2.662601,16.240589,143.84800720214844,386.68817138671875,2.6625638008117676,16.24077033996582,191.09051513671875,0.9563072323799133,0.752774178981781
SB72566_component_32a,0.285962,19.242624,143.6269989013672,563.2431640625,0.28590407967567444,19.242740631103516,153.0768280029297,1.1919536590576172,0.9382674098014832
SB72566_component_34a,4.104147,17.677934,137.03500366210938,439.2147521972656,4.104153156280518,17.678068161010742,181.6951141357422,0.9581223726272583,0.7542030215263367
SB72566_component_38a,2.396358,20.498893,139.80299377441406,650.2464599609375,2.396329402923584,20.49922752380371,214.7425994873047,0.8270484805107117,0.6510258913040161
SB72566_component_39a,0.799645,16.484268,142.13400268554688,546.6692504882812,0.7996445894241333,16.484424591064453,184.5325469970703,0.9784929752349854,0.7702381014823914
SB72566_component_40a,3.437282,21.024822,132.0,423.076904296875,3.4373443126678467,21.025177001953125,192.0800018310547,0.8730206489562988,0.687213659286499
SB72566_component_42a,1.027379,20.627992,131.46600341796875,569.1168823242188,1.0273008346557617,20.62819480895996,165.30259704589844,1.0103375911712646,0.7953051328659058
SB72566_component_45a,2.619822,20.796772,128.4250030517578,570.77783203125,2.619889497756958,20.79702377319336,128.7542266845703,1.2671289443969727,0.9974430203437805
SB72566_component_46a,0.83139,16.507232,119.09600067138672,456.3064880371094,0.8313722014427185,16.50737953186035,153.5308380126953,0.9854492545127869,0.7757138609886169
SB72566_component_47a,2.488793,16.869126,120.23799896240234,595.2376098632812,2.4887356758117676,16.869293212890625,183.76150512695312,0.8312275409698486,0.6543154716491699
SB72566_component_48a,1.510746,17.859311,103.49500274658203,507.3284606933594,1.5106782913208008,17.859453201293945,140.0386505126953,0.9388672113418579,0.7390459775924683
SB72566_component_49a,2.088722,16.244835,101.26499938964844,368.2363586425781,2.088681697845459,16.245033264160156,133.38772583007812,0.964442253112793,0.7591778039932251
SB72566_component_50a,1.849477,17.864277,109.8550033569336,453.9462890625,1.8493974208831787,17.86444664001465,157.12623596191406,0.8881858587265015,0.6991512179374695
SB72566_component_53a,5.480886,19.863628,101.03399658203125,335.6611328125,5.480823040008545,19.863840103149414,147.5347442626953,0.869973361492157,0.6848149299621582
SB72566_component_54a,0.508993,20.829015,96.68399810791016,366.2272644042969,0.508903980255127,20.829200744628906,145.11294555664062,0.8464107513427734,0.6662672162055969
SB72566_component_55a,5.930094,19.548229,100.59100341796875,218.20175170898438,5.930063724517822,19.548267364501953,91.34833526611328,1.3989145755767822,1.1011804342269897
SB72566_component_57a,2.801954,16.408012,96.1520004272461,410.9059753417969,2.801910400390625,16.408172607421875,115.84928131103516,1.054381251335144,0.8299749493598938
SB72566_component_59a,3.131696,17.858199,91.36699676513672,435.0809631347656,3.1316070556640625,17.858325958251953,93.93799591064453,1.2356081008911133,0.9726309180259705
SB72566_component_61a,359.440632,17.725771,90.2300033569336,122.92915344238281,359.44049072265625,17.725961685180664,121.15719604492188,0.9460944533348083,0.7447350025177002
SB72566_component_62a,5.460899,17.144098,87.29399871826172,162.55865478515625,5.460872173309326,17.144174575805664,129.9662628173828,0.8532700538635254,0.6716666221618652
SB72566_component_66a,0.225742,19.11986,87.20700073242188,332.8511657714844,0.22568532824516296,19.120014190673828,118.16291046142578,0.9375682473182678,0.7380234599113464
SB72566_component_67a,0.830647,21.495606,86.36599731445312,90.24659729003906,0.8305943012237549,21.495710372924805,70.7724838256836,1.5502833127975464,1.2203329801559448
SB72566_component_69a,359.650175,16.905335,80.09400177001953,214.72923278808594,359.6501159667969,16.905521392822266,116.43942260742188,0.8738415241241455,0.687859833240509
SB72566_component_73a,4.087771,16.463456,78.4280014038086,228.653076171875,4.08777379989624,16.463579177856445,115.87569427490234,0.8598278760910034,0.6768287420272827
SB72566_component_74a,1.666895,20.712313,79.3759994506836,379.7894592285156,1.6668108701705933,20.712554931640625,112.5521469116211,0.8959177136421204,0.7052375674247742
SB72566_component_76a,1.48146,17.132082,76.27100372314453,395.1865539550781,1.4814380407333374,17.132205963134766,91.10189056396484,1.06356680393219,0.8372054696083069
SB72566_component_77a,3.923248,19.274128,75.31800079345703,307.42041015625,3.923222541809082,19.274259567260742,82.42586517333984,1.1608283519744873,0.9137665629386902
SB72566_component_78a,0.942089,16.096489,75.88999938964844,186.4619140625,0.9420452117919922,16.096675872802734,100.29972076416016,0.9612083435058594,0.7566322088241577
SB72566_component_79a,4.53029,19.080727,82.4209976196289,356.80084228515625,4.5303215980529785,19.080829620361328,150.14166259765625,0.6973798274993896,0.5489549040794373
SB72566_component_80a,2.126989,19.723438,77.23400115966797,340.2378845214844,2.126909017562866,19.723644256591797,117.48760223388672,0.8351206183433533,0.6573799848556519
SB72566_component_81a,3.484944,19.178202,71.5270004272461,347.21844482421875,3.48488187789917,19.17829132080078,65.74484252929688,1.3821049928665161,1.0879484415054321
SB72566_component_83a,3.956323,16.315005,69.6729965209961,199.63609313964844,3.9563283920288086,16.315147399902344,105.5660629272461,0.8384417295455933,0.6599942445755005
SB72566_component_86a,0.109167,19.920055,68.0510025024414,275.5101318359375,0.10912952572107315,19.920063018798828,100.06309509277344,0.8639593124389648,0.6800809502601624
SB72566_component_87a,1.307475,19.65516,68.39399719238281,375.79119873046875,1.307375192642212,19.655376434326172,98.0982437133789,0.8857057690620422,0.6971989870071411
SB72566_component_88a,2.18637,19.220829,67.90299987792969,284.11297607421875,2.1862916946411133,19.221023559570312,79.02654266357422,1.0915627479553223,0.8592429757118225
SB72566_component_89a,2.479538,16.589574,67.27999877929688,345.025634765625,2.479504346847534,16.58973503112793,105.34825134277344,0.8113184571266174,0.638643741607666
SB72566_component_91a,3.445707,20.168377,65.33699798583984,296.9863586425781,3.445685625076294,20.168663024902344,86.38801574707031,0.9608119130134583,0.7563201785087585
SB72566_component_92a,5.333553,15.857165,62.78099822998047,37.842674255371094,5.333558559417725,15.857253074645996,79.66424560546875,1.0011461973190308,0.7880699634552002
SB72566_component_93a,359.735137,18.804144,64.3949966430664,150.80795288085938,359.73504638671875,18.80434799194336,96.06172180175781,0.8515977263450623,0.670350193977356
SB72566_component_98a,4.441683,18.20945,65.66600036621094,202.67283630371094,4.441726207733154,18.209562301635742,92.77384948730469,0.8991822004318237,0.7078072428703308
SB72566_component_99a,3.667803,16.01519,66.0770034790039,97.45870971679688,3.6678426265716553,16.01531982421875,84.34888458251953,0.9951847195625305,0.7833773493766785
SB72566_component_100a,5.902643,18.213144,66.27300262451172,56.692047119140625,5.902673244476318,18.213167190551758,92.93980407714844,0.9058735966682434,0.7130745053291321
SB72566_component_104a,0.245977,18.842411,62.404998779296875,291.6121520996094,0.24590592086315155,18.84258270263672,91.22728729248047,0.869015097618103,0.6840606927871704
SB72566_component_111a,0.076893,19.050315,60.893001556396484,212.1707305908203,0.0768309012055397,19.050504684448242,98.84249877929688,0.7826297879219055,0.6160609126091003
SB72566_component_114a,359.379362,18.401831,51.59299850463867,101.96244812011719,359.3792419433594,18.402000427246094,73.79623413085938,0.8881560564041138,0.6991277933120728
SB72566_component_115a,0.667481,16.095554,56.47999954223633,114.33198547363281,0.6674544811248779,16.09562873840332,54.75560760498047,1.3103846311569214,1.0314924716949463
SB72566_component_117a,6.267906,19.338205,49.87300109863281,67.03359985351562,6.267879009246826,19.33822250366211,60.1139030456543,1.0539579391479492,0.8296416997909546
SB72566_component_119a,3.568566,15.882043,50.38600158691406,752.0298461914062,3.568615198135376,15.882214546203613,51.998130798339844,1.230991005897522,0.9689964056015015
SB72566_component_120a,6.294446,20.644232,50.4739990234375,87.93379974365234,6.294386863708496,20.644411087036133,39.44901657104492,1.6254149675369263,1.2794742584228516
SB72566_component_121a,0.345144,19.517615,48.393001556396484,203.33193969726562,0.3450956642627716,19.517681121826172,65.18577575683594,0.9431102275848389,0.7423859238624573
SB72566_component_125a,5.980971,17.269409,48.99300003051758,101.64523315429688,5.980928897857666,17.269454956054688,63.418663024902344,0.9814081788063049,0.7725328207015991
SB72566_component_126a,1.502624,20.40971,45.59600067138672,237.4791717529297,1.5025213956832886,20.409927368164062,69.23577117919922,0.8366213440895081,0.6585612893104553
SB72566_component_129a,5.216,18.813907,42.91600036621094,144.49832153320312,5.215995788574219,18.814002990722656,59.283203125,0.9196451902389526,0.7239149808883667
SB72566_component_130a,0.677042,20.859903,45.35200119018555,193.8119659423828,0.6769799590110779,20.860076904296875,62.14728546142578,0.927058219909668,0.7297503352165222
SB72566_component_131a,2.869504,19.900406,42.96799850463867,213.77113342285156,2.869415521621704,19.900663375854492,66.28915405273438,0.8234464526176453,0.6481904983520508
SB72566_component_132a,4.215615,19.53149,42.279998779296875,217.93812561035156,4.21560525894165,19.53167724609375,58.333736419677734,0.9207630753517151,0.7247949838638306
SB72566_component_134a,6.263799,17.345351,42.5880012512207,51.06475067138672,6.263739585876465,17.345394134521484,47.4005012512207,1.1413978338241577,0.8984715342521667
SB72566_component_137a,2.282807,19.190201,40.652000427246094,170.09205627441406,2.282696485519409,19.190406799316406,59.31338119506836,0.8706868290901184,0.6853765249252319
SB72566_component_138a,4.89461,19.106237,45.13999938964844,188.87030029296875,4.894608974456787,19.106380462646484,62.728858947753906,0.9141698479652405,0.7196049690246582
SB72566_component_142a,4.318089,17.81141,39.42599868774414,127.59223175048828,4.318106651306152,17.811513900756836,54.94751739501953,0.911522388458252,0.7175210118293762
SB72566_component_143a,2.366043,18.345757,40.80500030517578,179.75770568847656,2.365928888320923,18.34587287902832,58.462989807128906,0.8866762518882751,0.6979629397392273
SB72566_component_144a,1.213622,18.201227,44.22700119018555,224.50254821777344,1.2135813236236572,18.201353073120117,61.046295166015625,0.9203667044639587,0.7244829535484314
SB72566_component_146a,2.22067,15.86104,38.01300048828125,56.73582077026367,2.2205793857574463,15.8612060546875,45.979862213134766,1.0502609014511108,0.8267315030097961
SB72566_component_147a,5.376628,16.670651,37.0260009765625,43.35597610473633,5.3766560554504395,16.67072105407715,48.89823532104492,0.9619364142417908,0.7572052478790283
SB72566_component_149a,1.49239,20.125589,36.99800109863281,185.9196014404297,1.492330551147461,20.125782012939453,30.830810546875,1.524495005607605,1.2000333070755005
SB72566_component_150a,359.387837,16.520893,39.28300094604492,66.0218505859375,359.3877868652344,16.521041870117188,54.946903228759766,0.9082264304161072,0.714926540851593
SB72566_component_152a,5.274503,16.222946,40.0890007019043,45.50397491455078,5.274517059326172,16.2230281829834,50.65359878540039,1.005420207977295,0.7914344072341919
SB72566_component_154a,2.083567,19.251011,38.974998474121094,204.05758666992188,2.083448886871338,19.251201629638672,59.873680114746094,0.8269568681716919,0.6509537696838379
SB72566_component_155a,2.899008,20.609254,38.45199966430664,181.3773651123047,2.899034023284912,20.60960578918457,50.43574905395508,0.9685302376747131,0.7623957395553589
SB72566_component_156a,0.38578,17.310746,34.16699981689453,154.601806640625,0.3857625126838684,17.310855865478516,54.999351501464844,0.7891907095909119,0.6212254762649536
SB72566_component_163a,2.96592,16.985179,33.358001708984375,181.29348754882812,2.965886116027832,16.985334396362305,33.28606414794922,1.273122787475586,1.0021611452102661
SB72566_component_164a,2.054,16.068189,31.38800048828125,83.03704071044922,2.0539751052856445,16.068424224853516,42.3741569519043,0.9410123229026794,0.7407345175743103
SB72566_component_167a,0.531951,16.391134,32.823001861572266,105.88065338134766,0.5319117903709412,16.391244888305664,39.63779067993164,1.0519657135009766,0.8280734419822693
SB72566_component_168a,0.966373,21.357544,32.61399841308594,47.19826126098633,0.9663605690002441,21.35771942138672,57.471099853515625,0.7209203243255615,0.5674852132797241
SB72566_component_171a,2.266572,19.214827,31.486000061035156,132.85232543945312,2.266500234603882,19.214954376220703,33.7301025390625,1.1858576536178589,0.9334688782691956
SB72566_component_174a,1.701277,20.020134,32.37699890136719,170.40525817871094,1.7011733055114746,20.020395278930664,19.208372116088867,2.141306161880493,1.685567021369934
SB72566_component_177a,3.335254,18.228023,31.333999633789062,138.64601135253906,3.335188388824463,18.228160858154297,48.04932403564453,0.8284404277801514,0.6521215438842773
SB72566_component_178a,4.342637,19.089437,31.429000854492188,162.8445587158203,4.3426384925842285,19.08957290649414,44.150882720947266,0.9043236970901489,0.7118543982505798
SB72566_component_179a,2.158072,20.840002,30.341999053955078,123.3414535522461,2.1580491065979004,20.840314865112305,41.24321746826172,0.9345970153808594,0.7356845736503601
SB72566_component_181a,2.693529,20.448387,33.154998779296875,176.35638427734375,2.6935083866119385,20.448701858520508,41.44313049316406,1.0163168907165527,0.800011932849884
SB72566_component_184a,2.638995,20.243085,29.343000411987305,139.0663604736328,2.6389575004577637,20.243404388427734,47.78456497192383,0.7800987958908081,0.6140685677528381
SB72566_component_194a,4.06828,18.345518,27.844999313354492,111.82730865478516,4.068300247192383,18.345659255981445,43.29256057739258,0.8170838952064514,0.643182098865509
SB72566_component_196a,2.840399,15.809407,28.601999282836914,34.41877365112305,2.8403751850128174,15.809541702270508,34.089054107666016,1.065894365310669,0.8390376567840576
SB72566_component_197a,2.652116,18.042571,28.014999389648438,122.872802734375,2.651984453201294,18.042722702026367,41.210540771484375,0.863604724407196,0.6798017621040344
SB72566_component_198a,4.338749,18.454223,28.075000762939453,90.2733154296875,4.3387837409973145,18.454336166381836,35.03667068481445,1.0179575681686401,0.8013033270835876
SB72566_component_200a,4.759179,16.89799,29.479999542236328,64.22657775878906,4.7592058181762695,16.898025512695312,39.41785430908203,0.9500953555107117,0.7478844523429871
SB72566_component_201a,0.589096,20.92418,26.625,105.2371597290039,0.5890120267868042,20.924367904663086,36.47453689575195,0.9273262619972229,0.7299612760543823
SB72566_component_202a,0.989909,21.205997,26.804000854492188,58.909889221191406,0.9898154735565186,21.206157684326172,40.12996292114258,0.8485229015350342,0.6679298877716064
SB72566_component_204a,4.952034,18.424244,26.290000915527344,85.35714721679688,4.952088356018066,18.424266815185547,33.00031661987305,1.0120575428009033,0.7966590523719788
SB72566_component_205a,0.742285,18.41296,27.18199920654297,127.61502075195312,0.742202639579773,18.41304588317871,27.863101959228516,1.2393234968185425,0.9755553603172302
SB72566_component_209a,0.628373,20.451502,26.304000854492188,125.85646057128906,0.6282986402511597,20.451679229736328,37.260101318359375,0.8968307375907898,0.705956220626831
SB72566_component_211a,359.249117,16.620887,24.989999771118164,31.47355079650879,359.2490539550781,16.62113380432129,30.697675704956055,1.0341737270355225,0.8140681385993958
SB72566_component_212a,0.721011,20.583371,25.27899932861328,123.31219482421875,0.7209582328796387,20.58354949951172,33.051918029785156,0.9716188907623291,0.7648270130157471
SB72566_component_215a,3.009459,17.836763,26.21500015258789,131.0749969482422,3.009345054626465,17.836883544921875,34.3951301574707,0.9682458639144897,0.7621718645095825
SB72566_component_216a,4.40389,18.068719,25.591999053955078,76.62275695800781,4.403859615325928,18.068862915039062,34.87757873535156,0.9321603178977966,0.733766496181488
SB72566_component_218a,4.08402,17.440899,26.20400047302246,95.28726959228516,4.083989143371582,17.441076278686523,35.714115142822266,0.9320955276489258,0.7337155342102051
SB72566_component_220a,4.089426,20.072326,24.226999282836914,118.18048858642578,4.089341640472412,20.072633743286133,31.805124282836914,0.9676877856254578,0.7617325782775879
SB72566_component_224a,4.240402,17.126952,24.277000427246094,55.93778991699219,4.240397930145264,17.127038955688477,31.840574264526367,0.9686052799224854,0.7624548673629761
SB72566_component_227a,0.023119,20.986901,24.577999114990234,56.371559143066406,0.023125411942601204,20.987255096435547,32.93596267700195,0.9480012059211731,0.7462359666824341
SB72566_component_228a,6.023834,17.269213,23.400999069213867,42.9376106262207,6.023802280426025,17.269229888916016,31.153470993041992,0.9542467594146729,0.7511522173881531
SB72566_component_229a,4.314415,19.781418,23.690000534057617,112.27488708496094,4.314340591430664,19.781673431396484,34.18171310424805,0.8804485201835632,0.6930606365203857
SB72566_component_230a,4.984272,18.957245,22.40399932861328,67.89090728759766,4.984360218048096,18.9572811126709,17.79897117614746,1.5990549325942993,1.2587244510650635
SB72566_component_231a,0.819872,17.15883,25.976999282836914,131.19696044921875,0.8198404908180237,17.158960342407227,35.44834899902344,0.9309485554695129,0.7328126430511475
SB72566_component_234a,1.828693,17.759458,22.510000228881836,108.22115325927734,1.8286564350128174,17.75966453552246,15.943978309631348,1.7935419082641602,1.411818265914917
SB72566_component_236a,3.352587,19.584502,21.999000549316406,109.99500274658203,3.352522850036621,19.584657669067383,25.610851287841797,1.09121835231781,0.8589718341827393
SB72566_component_238a,4.61852,18.442442,21.777999877929688,76.95406341552734,4.618598461151123,18.442485809326172,23.34508514404297,1.1851006746292114,0.932873010635376
SB72566_component_243a,0.707589,18.911395,23.697999954223633,125.38624572753906,0.7075322270393372,18.911521911621094,33.333499908447266,0.9031575322151184,0.710936427116394
SB72566_component_245a,359.22451,16.278384,23.298999786376953,21.81554412841797,359.2242431640625,16.278745651245117,31.030717849731445,0.9538457989692688,0.7508366107940674
SB72566_component_246a,5.067894,16.224622,19.139999389648438,29.999998092651367,5.067899227142334,16.224679946899414,22.193037033081055,1.0956147909164429,0.8624326586723328
SB72566_component_247a,5.903713,18.840098,20.474000930786133,67.34868621826172,5.903714179992676,18.840129852294922,30.54305648803711,0.8515750765800476,0.6703324317932129
SB72566_component_250a,359.754951,17.323626,19.485000610351562,37.76163101196289,359.7548828125,17.323833465576172,19.68853187561035,1.2572447061538696,0.9896624684333801
SB72566_component_251a,359.796186,17.102875,20.166000366210938,50.415000915527344,359.7961120605469,17.103052139282227,19.883342742919922,1.288436770439148,1.0142158269882202
SB72566_component_254a,5.464799,21.234613,21.422000885009766,50.52358627319336,5.46474027633667,21.234886169433594,33.268211364746094,0.8180188536643982,0.6439180374145508
SB72566_component_256a,5.951162,21.498772,21.072999954223633,20.499027252197266,5.951019763946533,21.499013900756836,32.9735107421875,0.8118838667869568,0.6390887498855591
SB72566_component_259a,0.29723,17.895635,19.381000518798828,93.62802124023438,0.2971106171607971,17.895723342895508,22.140897750854492,1.1120227575302124,0.8753484487533569
SB72566_component_260a,1.898111,20.230449,19.483999252319336,93.2248764038086,1.8980786800384521,20.230674743652344,29.112945556640625,0.8502070307731628,0.6692554950714111
SB72566_component_264a,1.959829,17.508266,19.575000762939453,96.42858123779297,1.9597569704055786,17.508398056030273,27.322864532470703,0.9101401567459106,0.7164329886436462
SB72566_component_265a,0.742976,20.199789,19.82900047302246,91.8009262084961,0.7429189085960388,20.19999122619629,27.005605697631836,0.9327808022499084,0.7342549562454224
SB72566_component_271a,5.533771,18.574497,21.349000930786133,54.881752014160156,5.533799648284912,18.574617385864258,25.747962951660156,1.0533370971679688,0.8291530013084412
SB72566_component_275a,3.791763,16.852119,19.101999282836914,66.79020690917969,3.791775703430176,16.85224151611328,29.56563949584961,0.8207752704620361,0.6460878252983093
SB72566_component_278a,0.875826,16.094767,18.941999435424805,43.24657440185547,0.875747561454773,16.09493064880371,26.268651962280273,0.916053295135498,0.721087634563446
SB72566_component_281a,0.395799,18.761168,18.89299964904785,95.90355682373047,0.3957153260707855,18.76134490966797,17.077402114868164,1.4054384231567383,1.1063158512115479
SB72566_component_282a,1.083792,18.110119,18.363000869750977,98.19786071777344,1.0837175846099854,18.11025619506836,24.31388282775879,0.959449291229248,0.7552475929260254
SB72566_component_283a,0.301557,20.451915,17.643999099731445,72.90908813476562,0.3015137314796448,20.452106475830078,26.676834106445312,0.8402246832847595,0.6613978147506714
SB72566_component_284a,1.496895,16.136295,19.47800064086914,35.93727111816406,1.4969043731689453,16.136384963989258,22.74461555480957,1.0879237651824951,0.8563785552978516
SB72566_component_286a,2.569919,17.19763,18.836000442504883,98.10417175292969,2.5697951316833496,17.197832107543945,25.86141586303711,0.9252713918685913,0.7283437252044678
SB72566_component_287a,4.654343,15.975075,16.77400016784668,18.555309295654297,4.6544013023376465,15.975132942199707,20.139097213745117,1.0581064224243164,0.8329072594642639
SB72566_component_293a,5.742664,17.986998,17.891000747680664,33.19295120239258,5.7426300048828125,17.987009048461914,25.165103912353516,0.9031681418418884,0.7109448313713074
SB72566_component_294a,4.420243,16.184859,18.191999435424805,29.38933563232422,4.4202189445495605,16.185009002685547,13.210291862487793,1.7494468688964844,1.377108097076416
SB72566_component_295a,6.054108,18.102718,14.925999641418457,11.508094787597656,6.054238796234131,18.10269546508789,30.91796875,0.6132889986038208,0.48276132345199585
SB72566_component_296a,0.564547,16.933444,16.920000076293945,71.09243774414062,0.5645191073417664,16.933597564697266,27.904199600219727,0.7703063488006592,0.6063603162765503
SB72566_component_297a,3.962898,18.550576,17.04199981689453,75.74222564697266,3.962892532348633,18.550689697265625,22.137502670288086,0.9779679775238037,0.7698248624801636
SB72566_component_299a,1.695422,16.494082,16.50200080871582,69.9237289428711,1.6953598260879517,16.49428367614746,27.682100296020508,0.7573040127754211,0.5961253046989441
SB72566_component_300a,3.011011,15.791682,17.94700050354004,22.74651527404785,3.011044979095459,15.791862487792969,19.440948486328125,1.1727545261383057,0.9231545925140381
SB72566_component_301a,2.737038,16.568103,17.799999237060547,83.96226501464844,2.736999988555908,16.568235397338867,25.695316314697266,0.8800325393676758,0.6927332282066345
SB72566_component_305a,3.390155,17.902086,17.56399917602539,84.03826904296875,3.3900721073150635,17.90218734741211,15.991451263427734,1.3953020572662354,1.0983368158340454
SB72566_component_307a,359.833044,18.8686,17.341999053955078,49.54856872558594,359.8329772949219,18.868783950805664,21.150217056274414,1.0416386127471924,0.8199442625045776
SB72566_component_308a,5.137941,19.553377,16.854999542236328,76.61363220214844,5.13790225982666,19.553613662719727,20.654130935668945,1.0367034673690796,0.8160594701766968
SB72566_component_314a,1.452551,17.454084,16.35099983215332,77.49288940429688,1.4524856805801392,17.45424461364746,23.6634464263916,0.8778069615364075,0.6909813284873962
SB72566_component_318a,5.386924,18.937601,17.264999389648438,85.47029113769531,5.3868818283081055,18.937761306762695,20.796781539916992,1.0546373128890991,0.8301765322685242
SB72566_component_319a,359.165712,18.499431,14.840999603271484,16.16666603088379,359.1656188964844,18.49957847595215,23.732624053955078,0.7944198846817017,0.6253417134284973
SB72566_component_324a,6.33694,17.665077,13.888999938964844,10.380417823791504,6.3369574546813965,17.66512107849121,21.357589721679688,0.8261358141899109,0.6503074765205383
SB72566_component_325a,1.543376,16.143871,15.307000160217285,31.495885848999023,1.54331374168396,16.144039154052734,20.528745651245117,0.9472407698631287,0.7456373572349548
SB72566_component_327a,0.217737,18.118468,15.475000381469727,80.59896087646484,0.21764186024665833,18.118587493896484,19.863924026489258,0.9896880984306335,0.7790505290031433
SB72566_component_328a,359.40298,16.207445,15.550999641418457,20.59735107421875,359.40289306640625,16.207565307617188,17.69378089904785,1.116529941558838,0.8788963556289673
SB72566_component_329a,4.762277,21.055586,15.720999717712402,49.28213119506836,4.7622389793396,21.05585289001465,22.977275848388672,0.8691892623901367,0.684197723865509
SB72566_component_331a,4.053006,19.332948,15.494999885559082,71.0779800415039,4.05295991897583,19.33309555053711,21.76386260986328,0.9044578075408936,0.7119600176811218
SB72566_component_332a,3.54877,17.027973,15.229999542236328,69.54338073730469,3.548722743988037,17.028160095214844,23.915119171142578,0.8090214729309082,0.6368356347084045
SB72566_component_333a,5.607796,18.780058,15.821000099182129,63.79435729980469,5.607806205749512,18.780101776123047,21.603254318237305,0.9303523898124695,0.7323433756828308
SB72566_component_335a,1.764992,15.906451,13.788000106811523,18.991735458374023,1.7648911476135254,15.90671157836914,19.60045623779297,0.8936507701873779,0.703453004360199
SB72566_component_336a,4.207586,17.226554,15.201000213623047,44.06087112426758,4.207536697387695,17.226707458496094,17.783117294311523,1.0859179496765137,0.8547995090484619
SB72566_component_340a,1.639466,18.342196,15.817000389099121,70.61161041259766,1.6393297910690308,18.34236717224121,18.290464401245117,1.098581075668335,0.8647675514221191
SB72566_component_341a,3.024828,16.192782,14.685999870300293,49.11705780029297,3.0248098373413086,16.192930221557617,19.62335777282715,0.9507425427436829,0.7483938336372375
SB72566_component_343a,2.664749,16.724496,13.826000213623047,74.33333587646484,2.6646885871887207,16.72467041015625,20.430585861206055,0.859703004360199,0.6767304539680481
SB72566_component_344a,5.378889,16.944472,14.793999671936035,19.568782806396484,5.3788042068481445,16.944591522216797,22.810989379882812,0.8238993883132935,0.6485470533370972
SB72566_component_345a,3.501245,20.602043,14.543000221252441,68.59906005859375,3.5013203620910645,20.602392196655273,20.065763473510742,0.9207273721694946,0.7247668504714966
SB72566_component_351a,0.353002,19.778431,13.553000450134277,66.11219787597656,0.35296836495399475,19.778371810913086,20.968162536621094,0.8211222290992737,0.6463608741760254
SB72566_component_352a,359.544372,17.790319,15.034000396728516,32.5411262512207,359.544189453125,17.790433883666992,21.302377700805664,0.8965595960617065,0.7057428359985352
SB72566_component_357a,0.658522,20.454758,13.930999755859375,70.00502014160156,0.6584091186523438,20.45499038696289,21.821876525878906,0.8110038638114929,0.6383960247039795
SB72566_component_358a,1.727078,16.077374,12.833999633789062,26.191835403442383,1.727016806602478,16.0776424407959,19.43545150756836,0.8388804793357849,0.6603396534919739
SB72566_component_359a,1.71726,18.009301,13.54800033569336,61.58182144165039,1.717177152633667,18.009462356567383,20.585233688354492,0.8360882997512817,0.6581416726112366
SB72566_component_360a,4.788592,18.849516,13.911999702453613,59.20000076293945,4.788631439208984,18.849605560302734,17.085437774658203,1.0344182252883911,0.8142606616020203
SB72566_component_363a,3.289339,17.067208,13.069000244140625,62.53110122680664,3.2892186641693115,17.067340850830078,17.41631317138672,0.9532764554023743,0.7503884434700012
SB72566_component_364a,5.644722,16.477868,14.197999954223633,11.821815490722656,5.644845485687256,16.477983474731445,16.768840789794922,1.0756150484085083,0.8466894030570984
SB72566_component_365a,4.477986,19.320631,13.461999893188477,65.0338134765625,4.47797155380249,19.320880889892578,19.354398727416992,0.8836140632629395,0.6955524682998657
SB72566_component_367a,1.722679,16.035504,14.234000205993652,25.646846771240234,1.722726583480835,16.03556251525879,4.804645538330078,3.7635557651519775,2.9625494480133057
SB72566_component_368a,3.191161,16.680599,12.777999877929688,65.19387817382812,3.1911673545837402,16.680723190307617,18.64544677734375,0.8706082701683044,0.6853147745132446
SB72566_component_370a,4.78294,17.019268,13.593999862670898,29.171674728393555,4.782987117767334,17.019365310668945,17.209728240966797,1.0034736394882202,0.7899020910263062
SB72566_component_371a,2.1865,15.878241,15.321999549865723,24.01567268371582,2.1864066123962402,15.878500938415527,22.787446975708008,0.8541860580444336,0.6723877191543579
SB72566_component_373a,3.983908,19.118636,13.267000198364258,70.19577026367188,3.9838621616363525,19.11880874633789,14.221320152282715,1.1851288080215454,0.9328951239585876
SB72566_component_374a,1.536211,17.587633,14.23900032043457,73.7771987915039,1.5361603498458862,17.587743759155273,20.905479431152344,0.8652708530426025,0.6811133027076721
SB72566_component_379a,2.377964,20.955461,12.659000396728516,51.4593505859375,2.3779516220092773,20.95583724975586,19.899429321289062,0.8081491589546204,0.6361489295959473
SB72566_component_383a,2.723568,19.014726,12.77299976348877,49.70038986206055,2.7235307693481445,19.01478385925293,9.906757354736328,1.6379252672195435,1.2893218994140625
SB72566_component_385a,3.660721,17.269251,13.618000030517578,67.7512435913086,3.660670757293701,17.26944351196289,16.927907943725586,1.021980881690979,0.8044703602790833
SB72566_component_387a,3.794062,19.041285,14.28499984741211,59.769874572753906,3.7940587997436523,19.04144287109375,18.93684959411621,0.958308219909668,0.7543493509292603
SB72566_component_388a,3.299344,16.176285,12.472999572753906,32.9102897644043,3.299334764480591,16.176469802856445,18.230510711669922,0.8691701292991638,0.6841827034950256
SB72566_component_389a,1.440793,21.096761,12.241999626159668,38.86349105834961,1.440737009048462,21.09684944152832,17.23484992980957,0.9023552536964417,0.7103049755096436
SB72566_component_390a,1.245262,18.934192,12.468000411987305,63.612247467041016,1.2452330589294434,18.934349060058594,17.119539260864258,0.9252038598060608,0.7282906770706177
SB72566_component_391a,4.644995,21.086019,12.888999938964844,37.79765319824219,4.644932270050049,21.0862979888916,17.989450454711914,0.9101941585540771,0.7164754867553711
SB72566_component_394a,6.043286,18.944145,13.279999732971191,35.03957748413086,6.043247222900391,18.94409942626953,18.066303253173828,0.9338164329528809,0.7350701093673706
SB72566_component_395a,5.881506,18.656624,12.428000450134277,35.20680236816406,5.881460189819336,18.65677261352539,15.710143089294434,1.0049717426300049,0.7910813093185425
SB72566_component_396a,5.721203,19.314862,13.25100040435791,53.21686935424805,5.721246719360352,19.314851760864258,16.933055877685547,0.9941365718841553,0.7825522422790527
SB72566_component_398a,359.734788,19.578486,13.180000305175781,39.10979080200195,359.7347717285156,19.578428268432617,18.962268829345703,0.8829941749572754,0.6950645446777344
SB72566_component_399a,0.859737,20.122946,12.99899959564209,65.6515121459961,0.8596380949020386,20.12315559387207,18.13881492614746,0.9104031324386597,0.7166399359703064
SB72566_component_400a,4.266313,20.802696,12.524999618530273,51.97095489501953,4.266273021697998,20.80307388305664,18.037946701049805,0.8821111917495728,0.6943694949150085
SB72566_component_401a,5.737942,20.69202,12.303999900817871,57.49532699584961,5.737855911254883,20.69223976135254,16.606056213378906,0.9412663578987122,0.7409344911575317
SB72566_component_402a,5.246532,21.219659,13.064000129699707,27.61945152282715,5.2464423179626465,21.21983528137207,19.66581153869629,0.8439117074012756,0.6643000841140747
SB72566_component_404a,3.090157,21.391575,12.045999526977539,18.196372985839844,3.090120792388916,21.391857147216797,20.36274528503418,0.7515177130699158,0.5915704965591431
SB72566_component_406a,2.200551,17.846755,12.697999954223633,60.18009567260742,2.2003884315490723,17.84689712524414,17.179349899291992,0.9389907121658325,0.7391431927680969
SB72566_component_409a,1.805546,18.785811,12.352999687194824,58.26886749267578,1.8054380416870117,18.785966873168945,16.10846710205078,0.9742063283920288,0.7668637633323669
SB72566_component_413a,1.566055,17.474938,12.656000137329102,63.279998779296875,1.5659745931625366,17.474992752075195,8.823486328125,1.8221702575683594,1.4343537092208862
SB72566_component_416a,4.228101,15.785969,12.40999984741211,12.299306869506836,4.228261947631836,15.78604507446289,15.44510555267334,1.0207364559173584,0.8034907579421997
SB72566_component_421a,0.231788,21.040345,12.795000076293945,31.987499237060547,0.23189425468444824,21.0405216217041,12.197795867919922,1.3325749635696411,1.0489599704742432
SB72566_component_424a,2.802656,19.201599,11.77400016784668,55.53773880004883,2.8025710582733154,19.20165252685547,11.496027946472168,1.3010947704315186,1.0241798162460327
SB72566_component_425a,4.63013,17.204814,11.477999687194824,29.890623092651367,4.630133152008057,17.204904556274414,13.52910327911377,1.0777795314788818,0.8483932614326477
SB72566_component_426a,3.122433,18.940381,13.034000396728516,64.84577178955078,3.1222856044769287,18.940441131591797,19.571901321411133,0.8460137844085693,0.6659547090530396
SB72566_component_431a,6.100908,18.860817,11.402999877929688,24.57543182373047,6.100912570953369,18.860769271850586,15.93604850769043,0.9090152978897095,0.715547502040863
SB72566_component_432a,0.026826,21.186703,12.414999961853027,21.40517234802246,0.026767831295728683,21.186965942382812,15.455999374389648,1.020427942276001,0.8032479882240295
SB72566_component_436a,0.855263,21.199424,11.51200008392334,25.469026565551758,0.8551249504089355,21.199596405029297,16.857120513916016,0.8675611615180969,0.6829161643981934
SB72566_component_440a,2.096503,16.65464,12.982999801635742,69.42780303955078,2.0964412689208984,16.654747009277344,17.392131805419922,0.9483200907707214,0.7464869618415833
SB72566_component_444a,3.417444,21.491559,10.713000297546387,14.735901832580566,3.4174911975860596,21.49190902709961,20.87429428100586,0.6519766449928284,0.5132149457931519
SB72566_component_446a,2.848529,17.666372,11.116999626159668,61.7611083984375,2.848463296890259,17.666475296020508,14.766539573669434,0.956404447555542,0.7528507113456726
SB72566_component_447a,5.401437,17.075527,9.70199966430664,17.639999389648438,5.4014668464660645,17.075532913208008,14.916638374328613,0.8262719511985779,0.6504146456718445
SB72566_component_448a,1.002465,18.362699,11.279999732971191,60.97296905517578,1.0024210214614868,18.362943649291992,15.750203132629395,0.9098203778266907,0.716181218624115
SB72566_component_449a,5.940689,17.358782,10.36400032043457,21.065040588378906,5.940656661987305,17.35877227783203,15.245118141174316,0.8636332154273987,0.6798242330551147
SB72566_component_450a,2.676558,16.151845,11.638999938964844,29.024938583374023,2.676532506942749,16.152008056640625,17.66769027709961,0.836890459060669,0.6587731242179871
SB72566_component_451a,3.934169,18.24594,11.04699993133545,47.412017822265625,3.934187173843384,18.2460880279541,15.687227249145508,0.8946040868759155,0.7042034864425659
SB72566_component_452a,359.612155,18.078965,11.053000450134277,34.75786590576172,359.61199951171875,18.0791015625,14.707698822021484,0.9547027349472046,0.7515112161636353
SB72566_component_454a,3.548531,18.183013,11.496000289916992,50.86725997924805,3.548511028289795,18.183170318603516,16.11618995666504,0.906185507774353,0.7133199572563171
SB72566_component_456a,1.828772,17.491075,10.574999809265137,57.16215896606445,1.8287408351898193,17.491256713867188,14.266793251037598,0.9416439533233643,0.7412317395210266
SB72566_component_458a,3.786885,18.963227,10.357000350952148,48.39719772338867,3.786843776702881,18.963315963745117,15.438732147216797,0.8522265553474426,0.6708452701568604
SB72566_component_462a,2.884632,18.048653,11.725000381469727,47.088356018066406,2.8844971656799316,18.04878807067871,18.316226959228516,0.8132228255271912,0.6401427984237671
SB72566_component_463a,3.746323,21.352887,11.765999794006348,20.044292449951172,3.7463834285736084,21.353260040283203,15.014718055725098,0.9955071210861206,0.7836310863494873
SB72566_component_464a,359.807309,19.465357,11.633000373840332,35.57492446899414,359.80718994140625,19.465482711791992,17.724796295166016,0.8337641358375549,0.6563122272491455
SB72566_component_465a,4.451769,18.455041,11.362000465393066,47.341670989990234,4.451820373535156,18.45514678955078,6.705820083618164,2.1524627208709717,1.6943491697311401
SB72566_component_466a,5.971661,17.556496,10.45199966430664,25.004783630371094,5.9714508056640625,17.556659698486328,15.824355125427246,0.8390852212905884,0.6605008244514465
SB72566_component_467a,0.875589,19.53374,10.470999717712402,55.696807861328125,0.8754611611366272,19.53386688232422,14.162653923034668,0.9392392039299011,0.7393388152122498
SB72566_component_469a,4.840339,19.917061,10.357999801635742,53.117950439453125,4.840217590332031,19.91737174987793,16.544946670532227,0.7953224182128906,0.62605220079422
SB72566_component_471a,3.992721,20.30007,10.208000183105469,48.609527587890625,3.9926774501800537,20.300447463989258,14.518148422241211,0.8932276368141174,0.7031199932098389
SB72566_component_473a,0.452333,21.19936,11.184000015258789,23.694915771484375,0.45223119854927063,21.19962501525879,14.666696548461914,0.9687184691429138,0.7625439167022705
SB72566_component_474a,5.711267,16.950872,11.843999862670898,15.011406898498535,5.711284637451172,16.951004028320312,9.342841148376465,1.6104681491851807,1.2677085399627686
SB72566_component_475a,6.294209,19.549412,11.116000175476074,11.228282928466797,6.294275760650635,19.54975700378418,13.90766716003418,1.0153762102127075,0.7992713451385498
SB72566_component_476a,4.107435,17.456931,11.532999992370605,38.57190704345703,4.107471466064453,17.457138061523438,13.55036449432373,1.0812448263168335,0.8511210083961487
SB72566_component_480a,0.359648,20.757533,10.213000297546387,42.02880859375,0.3595846891403198,20.757719039916992,11.020362854003906,1.177308201789856,0.9267390370368958
SB72566_component_483a,4.637821,17.244515,9.92300033569336,22.05111312866211,4.637871265411377,17.24457550048828,14.97217082977295,0.8419589996337891,0.6627629399299622
SB72566_component_487a,0.509224,17.065721,9.890999794006348,42.63362121582031,0.5091187953948975,17.065813064575195,13.90149974822998,0.9038810133934021,0.7115059494972229
SB72566_component_493a,4.162094,17.013227,10.277999877929688,37.510948181152344,4.162050724029541,17.013385772705078,15.524710655212402,0.8410422205924988,0.6620413064956665
SB72566_component_494a,0.074892,21.137925,9.5,18.518518447875977,0.07484862208366394,21.138063430786133,16.115859985351562,0.7488638162612915,0.5894814133644104
SB72566_component_497a,0.607645,15.959775,10.807000160217285,17.458805084228516,0.6077075600624084,15.959784507751465,13.789527893066406,0.9956082105636597,0.7837106585502625
SB72566_component_498a,3.171273,19.474263,11.140000343322754,54.34146499633789,3.1712450981140137,19.474384307861328,16.765167236328125,0.844131350517273,0.6644729375839233
SB72566_component_503a,1.206711,17.101568,10.015000343322754,48.853660583496094,1.206804871559143,17.10158920288086,12.17813777923584,1.0447269678115845,0.8223753571510315
SB72566_component_509a,1.180068,16.266945,9.420000076293945,33.16901397705078,1.1801003217697144,16.26710319519043,8.322896003723145,1.4378353357315063,1.1318175792694092
SB72566_component_513a,3.296155,20.894928,9.548999786376953,37.1556396484375,3.2962486743927,20.895376205444336,6.016380786895752,2.016300678253174,1.5871667861938477
SB72566_component_514a,1.544075,18.487907,10.347000122070312,40.73622131347656,1.5440181493759155,18.48804473876953,16.231443405151367,0.8098228573799133,0.6374664306640625
SB72566_component_515a,0.579128,17.749325,9.657999992370605,49.2755126953125,0.5790461301803589,17.749460220336914,13.640901565551758,0.8994496464729309,0.7080177068710327
SB72566_component_524a,0.282512,16.171733,9.378999710083008,26.720796585083008,0.2824367582798004,16.17183494567871,10.12044620513916,1.1773065328598022,0.9267377853393555
SB72566_component_525a,5.883675,17.792006,8.791000366210938,19.49224090576172,5.883662700653076,17.791894912719727,13.190643310546875,0.8466522097587585,0.6664572954177856
SB72566_component_529a,5.796505,19.103738,10.100000381469727,39.76377868652344,5.796350002288818,19.10392189025879,10.41470718383789,1.2319896221160889,0.9697824716567993
SB72566_component_538a,3.097817,16.96095,9.170999526977539,45.177337646484375,3.0978856086730957,16.961084365844727,7.555924892425537,1.5419197082519531,1.2137494087219238
SB72566_component_539a,4.041062,20.470165,8.913999557495117,43.696075439453125,4.040938854217529,20.470569610595703,13.368542671203613,0.8470737934112549,0.666789174079895
SB72566_component_540a,4.111737,21.177276,8.840999603271484,23.143978118896484,4.111746788024902,21.177574157714844,13.44722843170166,0.8352208137512207,0.6574588418006897
SB72566_component_541a,3.555649,20.613592,8.807000160217285,41.9380989074707,3.55570125579834,20.6140193939209,9.611088752746582,1.1640942096710205,0.9163374304771423
SB72566_component_546a,0.744034,17.590521,8.753000259399414,46.068424224853516,0.7440353035926819,17.590534210205078,13.984244346618652,0.7951529026031494,0.6259186863899231
SB72566_component_550a,3.567658,20.446178,8.40999984741211,41.22549057006836,3.5677077770233154,20.44637680053711,11.986183166503906,0.8913490176200867,0.7016412019729614
SB72566_component_552a,359.626054,19.306232,8.501999855041504,17.386503219604492,359.6260986328125,19.30615997314453,8.287877082824707,1.303198218345642,1.025835633277893
SB72566_component_559a,4.418766,19.355635,8.206999778747559,41.8724479675293,4.418798923492432,19.35577392578125,10.553995132446289,0.9878710508346558,0.7776201963424683
SB72566_component_562a,3.325535,18.551801,8.29800033569336,38.95774841308594,3.325507164001465,18.55181884765625,9.566529273986816,1.1019243001937866,0.867399275302887
SB72566_component_564a,2.604602,17.198774,8.819999694824219,47.67567443847656,2.6045124530792236,17.198949813842773,11.102453231811523,1.009211778640747,0.79441899061203
SB72566_component_565a,1.627458,19.661134,8.10200023651123,36.6606330871582,1.6274034976959229,19.661348342895508,11.940563201904297,0.8619858622550964,0.6785274744033813
SB72566_component_566a,0.583144,18.89447,8.45300006866455,41.64039611816406,0.5831505656242371,18.894620895385742,11.652490615844727,0.9215626120567322,0.7254242897033691
SB72566_component_567a,5.133907,19.07239,8.814000129699707,38.15584182739258,5.1337385177612305,19.07255744934082,12.186333656311035,0.9188247919082642,0.7232692241668701
SB72566_component_571a,4.750858,19.779125,8.39799976348877,42.84693908691406,4.7507853507995605,19.779457092285156,11.279013633728027,0.9458830952644348,0.7445686459541321
SB72566_component_572a,2.031201,17.807356,8.336000442504883,36.561405181884766,2.0311172008514404,17.807567596435547,10.73318099975586,0.9866474866867065,0.7766570448875427
SB72566_component_574a,2.709528,15.936588,8.23799991607666,14.40209674835205,2.70944881439209,15.936732292175293,8.70460319519043,1.202279806137085,0.9463958144187927
SB72566_component_576a,3.101672,19.338823,8.515999794006348,44.124351501464844,3.1015889644622803,19.338924407958984,10.755545616149902,1.0058562755584717,0.7917775511741638
SB72566_component_580a,5.029565,19.085322,7.900000095367432,34.051727294921875,5.029532432556152,19.085437774658203,10.466485023498535,0.9588683247566223,0.754790186882019
SB72566_component_582a,0.481392,19.973109,8.621999740600586,40.4788703918457,0.4812673330307007,19.973154067993164,7.888055324554443,1.3885794878005981,1.0930449962615967
SB72566_component_585a,5.38451,18.898725,8.725000381469727,42.560977935791016,5.384494781494141,18.89862632751465,9.231077194213867,1.2007311582565308,0.9451768398284912
SB72566_component_587a,3.402584,19.893724,8.807000160217285,43.5990104675293,3.4024977684020996,19.8939151763916,11.661345481872559,0.9594272971153259,0.755230188369751
SB72566_component_588a,359.638084,17.765072,8.277999877929688,18.60224723815918,359.6380615234375,17.765241622924805,10.982062339782715,0.957578182220459,0.7537746429443359
SB72566_component_589a,2.842623,16.012532,7.531000137329102,16.81026840209961,2.842694044113159,16.012666702270508,11.094799041748047,0.8623149394989014,0.6787865161895752
SB72566_component_590a,3.564822,16.265416,8.52400016784668,22.79144287109375,3.565016269683838,16.265390396118164,7.433563232421875,1.4567302465438843,1.1466909646987915
SB72566_component_592a,1.337724,15.967975,7.234000205993652,13.20073127746582,1.3378580808639526,15.967917442321777,8.179847717285156,1.1234817504882812,0.8843685388565063
SB72566_component_594a,2.123018,18.625491,7.63100004196167,38.5404052734375,2.122857093811035,18.625574111938477,8.102532386779785,1.1964467763900757,0.9418043494224548
SB72566_component_598a,1.959842,16.355941,8.128000259399414,32.512001037597656,1.9598476886749268,16.3559627532959,13.233598709106445,0.7802584171295166,0.6141942739486694
SB72566_component_600a,0.826491,16.668648,7.85099983215332,32.04489517211914,0.8263359069824219,16.66883087158203,9.361390113830566,1.0654114484786987,0.8386574983596802
SB72566_component_601a,4.457646,19.951121,7.4629998207092285,38.27179718017578,4.457559585571289,19.951562881469727,11.35633659362793,0.834848940372467,0.6571661233901978
SB72566_component_603a,1.581404,20.202786,8.265000343322754,40.121360778808594,1.5813030004501343,20.20302963256836,10.085590362548828,1.0410563945770264,0.8194860219955444
SB72566_component_608a,0.274747,17.320897,8.345999717712402,34.63070297241211,0.27461597323417664,17.320972442626953,8.371487617492676,1.2665094137191772,0.996955394744873
SB72566_component_611a,1.096445,18.47096,8.494999885559082,47.19444274902344,1.0964090824127197,18.471195220947266,12.2820463180542,0.8786690831184387,0.6916599869728088
SB72566_component_613a,5.817543,21.405842,8.187000274658203,11.679030418395996,5.817460536956787,21.4058780670166,15.176520347595215,0.6853072047233582,0.5394517183303833
SB72566_component_614a,5.79446,18.502121,7.434999942779541,15.718815803527832,5.794447898864746,18.502212524414062,8.058521270751953,1.1720829010009766,0.9226258397102356
SB72566_component_616a,5.290364,17.798095,7.35699987411499,24.12131118774414,5.290317535400391,17.798110961914062,11.778298377990723,0.7935072183609009,0.6246232986450195
SB72566_component_617a,2.936358,17.293161,7.8470001220703125,41.73936462402344,2.9361650943756104,17.293407440185547,8.850812911987305,1.1262977123260498,0.8865852355957031
SB72566_component_618a,0.480753,16.928933,7.692999839782715,33.01716613769531,0.48077771067619324,16.9290771484375,11.975041389465332,0.816115140914917,0.6424194574356079
SB72566_component_619a,3.555446,20.88484,7.7729997634887695,31.72652816772461,3.555429220199585,20.88519859313965,8.366369247436523,1.1802780628204346,0.9290768504142761
SB72566_component_621a,5.457121,17.707682,7.631999969482422,22.850299835205078,5.457098484039307,17.707651138305664,10.756582260131836,0.9013568758964539,0.7095190286636353
SB72566_component_624a,4.062678,15.856329,7.9670000076293945,10.86903190612793,4.063079357147217,15.855732917785645,7.776891231536865,1.3014320135116577,1.0244452953338623
SB72566_component_627a,0.312122,19.13372,7.126999855041504,30.587982177734375,0.3121168911457062,19.133806228637695,9.7354097366333,0.930004894733429,0.7320698499679565
SB72566_component_628a,3.22831,19.183322,8.248000144958496,39.464115142822266,3.2281782627105713,19.183534622192383,11.367380142211914,0.9217666387557983,0.7255849838256836
SB72566_component_632a,2.847898,15.748325,7.771999835968018,23.339338302612305,2.8475842475891113,15.748858451843262,5.4279465675354,1.81898832321167,1.4318490028381348
SB72566_component_633a,2.471523,17.188076,7.2779998779296875,40.43333053588867,2.4714834690093994,17.188098907470703,10.502904891967773,0.8803094029426575,0.6929511427879333
SB72566_component_634a,3.025225,15.744203,7.7769999504089355,17.55530548095703,3.0252468585968018,15.744170188903809,9.82298469543457,1.0057761669158936,0.7917145490646362
SB72566_component_636a,5.712146,19.748452,8.571999549865723,21.537687301635742,5.7122297286987305,19.748395919799805,12.731637954711914,0.855323851108551,0.6732833385467529
SB72566_component_641a,0.411324,18.400115,7.625999927520752,34.19730758666992,0.4112474024295807,18.400238037109375,10.962360382080078,0.8837419152259827,0.6956530809402466
SB72566_component_642a,1.17679,16.58509,7.318999767303467,32.52888870239258,1.1767503023147583,16.58524513244629,10.952836990356445,0.8489024639129639,0.6682286858558655
SB72566_component_643a,0.198431,16.48377,7.668000221252441,36.688995361328125,0.19844864308834076,16.483760833740234,9.707880020141602,1.0034377574920654,0.7898738384246826
SB72566_component_645a,5.939584,19.334971,7.130000114440918,21.03244972229004,5.9396867752075195,19.33487892150879,11.332087516784668,0.7993046045303345,0.6291868090629578
SB72566_component_649a,0.739016,15.911283,7.63100004196167,10.540055274963379,0.7391084432601929,15.911360740661621,5.9985761642456055,1.6160916090011597,1.2721352577209473
SB72566_component_651a,4.108479,16.217987,8.119999885559082,17.807016372680664,4.108363628387451,16.218015670776367,12.804045677185059,0.8056409358978271,0.6341745257377625
SB72566_component_655a,0.33262,20.782838,6.644000053405762,28.51502227783203,0.3324810266494751,20.782941818237305,10.160021781921387,0.8307449817657471,0.6539356112480164
SB72566_component_657a,5.257428,21.248552,7.979000091552734,16.485536575317383,5.25750732421875,21.248828887939453,11.175713539123535,0.9069971442222595,0.7139589190483093
SB72566_component_671a,1.084299,17.86089,7.117000102996826,35.407958984375,1.0842335224151611,17.86091423034668,10.884515762329102,0.8306547999382019,0.6538646221160889
SB72566_component_672a,0.957116,20.809658,7.623000144958496,29.095420837402344,0.9570704102516174,20.809911727905273,10.395369529724121,0.9315769076347351,0.7333073019981384
SB72566_component_673a,0.549609,15.933293,7.255000114440918,10.893393516540527,0.5496284365653992,15.93336009979248,10.975021362304688,0.839778482913971,0.66104656457901
SB72566_component_677a,3.009463,18.701977,7.418000221252441,30.78008460998535,3.0093178749084473,18.702152252197266,9.929664611816406,0.9490410089492798,0.7470544576644897
SB72566_component_678a,2.978708,20.812244,6.586999893188477,29.406248092651367,2.9787769317626953,20.81263542175293,10.408373832702637,0.8039656281471252,0.6328558325767517
SB72566_component_679a,2.778516,17.386519,7.197000026702881,36.165828704833984,2.7783701419830322,17.38671112060547,9.818598747253418,0.9311822652816772,0.7329966425895691
SB72566_component_680a,1.12038,17.188275,6.913000106811523,31.139638900756836,1.1203649044036865,17.188386917114258,10.337376594543457,0.8495500087738037,0.6687383651733398
SB72566_component_681a,359.890925,16.152623,6.685999870300293,18.728290557861328,359.8907470703125,16.152788162231445,8.836012840270996,0.9612641334533691,0.7566761374473572
SB72566_component_683a,2.183609,20.148587,6.828000068664551,34.13999938964844,2.1834847927093506,20.14883041381836,9.025660514831543,0.9610527753829956,0.7565097212791443
SB72566_component_686a,1.372991,18.814432,7.267000198364258,35.62255096435547,1.3728859424591064,18.814577102661133,9.913195610046387,0.9312670230865479,0.7330633401870728
SB72566_component_687a,3.152978,17.843274,5.99399995803833,27.87906837463379,3.152796983718872,17.843463897705078,10.319390296936035,0.7378964424133301,0.5808482766151428
SB72566_component_691a,3.949252,21.259545,6.361999988555908,12.25818920135498,3.9493112564086914,21.25994300842285,10.023053169250488,0.8063551187515259,0.6347367167472839
SB72566_component_693a,3.35711,16.950837,6.1579999923706055,27.738739013671875,3.3572075366973877,16.95073127746582,7.486730098724365,1.0449131727218628,0.822521984577179
SB72566_component_699a,0.634195,17.65439,6.341000080108643,31.547264099121094,0.6341050267219543,17.65464973449707,9.523509979248047,0.8458501696586609,0.6658259630203247
SB72566_component_701a,359.546699,18.016066,6.553999900817871,16.550504684448242,359.5465393066406,18.016300201416016,9.071024894714355,0.9178734421730042,0.7225203514099121
SB72566_component_708a,3.137066,18.489176,6.500999927520752,31.558252334594727,3.137044906616211,18.48931312561035,8.445881843566895,0.9778401851654053,0.7697242498397827
SB72566_component_711a,4.606607,19.967655,5.833000183105469,31.701087951660156,4.606525421142578,19.96797752380371,5.599430084228516,1.323368787765503,1.0417132377624512
SB72566_component_713a,5.209492,17.062631,6.073999881744385,11.680768966674805,5.2095255851745605,17.062509536743164,7.122598648071289,1.0833505392074585,0.8527786135673523
SB72566_component_720a,3.143099,20.13415,5.910999774932861,28.41826820373535,3.1430680751800537,20.13442039489746,5.015413284301758,1.4972244501113892,1.178566813468933
SB72566_component_721a,4.542506,20.123448,5.876999855041504,26.59276008605957,4.542530536651611,20.123735427856445,7.280247211456299,1.0255155563354492,0.8072527647018433
SB72566_component_722a,2.868729,18.379975,5.867000102996826,31.71351432800293,2.868643283843994,18.380088806152344,8.389436721801758,0.8884152770042419,0.6993318200111389
SB72566_component_726a,3.406703,20.570409,5.947000026702881,28.18483543395996,3.406693935394287,20.57079315185547,6.568382263183594,1.1501970291137695,0.9053979516029358
SB72566_component_728a,1.321445,20.383313,6.289999961853027,29.530515670776367,1.3214092254638672,20.383440017700195,10.064026832580566,0.7939836978912354,0.6249983310699463
SB72566_component_729a,5.96933,20.320298,6.339000225067139,19.747663497924805,5.969170570373535,20.320615768432617,6.00247859954834,1.341599464416504,1.0560637712478638
SB72566_component_739a,2.388174,16.539733,6.1020002365112305,29.76585578918457,2.388277292251587,16.539749145507812,9.092477798461914,0.852555513381958,0.6711041927337646
SB72566_component_741a,1.068684,20.719938,6.09499979019165,25.502092361450195,1.0685821771621704,20.72014617919922,10.622588157653809,0.7289136648178101,0.5737772583961487
SB72566_component_742a,5.763401,17.300416,6.263000011444092,17.997127532958984,5.7634711265563965,17.30042266845703,6.592031002044678,1.2069684267044067,0.9500865340232849
SB72566_component_743a,0.710631,20.372559,5.9629998207092285,28.531099319458008,0.7105566263198853,20.372684478759766,9.346671104431152,0.8104767203330994,0.637981116771698
SB72566_component_744a,5.6843,20.651046,5.703000068664551,26.40277671813965,5.684121131896973,20.651277542114258,8.392148971557617,0.8633022904396057,0.6795637607574463
SB72566_component_750a,2.188468,16.584466,6.40500020980835,33.88888931274414,2.188413381576538,16.584577560424805,8.342528343200684,0.9753358364105225,0.7677528858184814
SB72566_component_751a,0.972141,20.528495,6.526000022888184,28.748899459838867,0.9718802571296692,20.5285701751709,10.226472854614258,0.810688316822052,0.6381477117538452
SB72566_component_753a,4.785538,18.18888,6.0289998054504395,18.0508975982666,4.7856364250183105,18.188806533813477,8.794388771057129,0.8709080815315247,0.6855507493019104
SB72566_component_754a,0.269637,17.035021,5.456999778747559,25.147464752197266,0.2695966958999634,17.035131454467773,6.870388507843018,1.009032964706421,0.7942782044410706
SB72566_component_757a,0.856988,20.376161,5.618000030517578,25.652969360351562,0.8568791747093201,20.376310348510742,8.551057815551758,0.8346312046051025,0.6569947600364685
SB72566_component_758a,2.834587,20.195471,5.873000144958496,31.239362716674805,2.8345413208007812,20.195756912231445,7.960366249084473,0.9372591376304626,0.7377801537513733
SB72566_component_759a,0.930545,19.512698,5.973999977111816,30.171716690063477,0.9304026961326599,19.51292610168457,6.133449077606201,1.2373517751693726,0.9740033745765686
SB72566_component_760a,4.400438,17.60428,6.11899995803833,19.612178802490234,4.400407791137695,17.604467391967773,9.541204452514648,0.814723014831543,0.6413236260414124
SB72566_component_767a,0.61757,19.187805,5.879000186920166,27.47196388244629,0.6175206303596497,19.188133239746094,10.403038024902344,0.7179198861122131,0.5651233792304993
SB72566_component_774a,0.375142,17.97013,5.409999847412109,25.63981056213379,0.37512677907943726,17.970163345336914,7.827067852020264,0.878073513507843,0.6911911368370056
SB72566_component_777a,3.763048,19.756434,5.3420000076293945,27.678756713867188,3.7628324031829834,19.756696701049805,6.672130107879639,1.0171197652816772,0.8006438612937927
SB72566_component_778a,0.916891,20.118813,6.179999828338623,32.1875,0.9168961048126221,20.11905288696289,6.102086067199707,1.2865979671478271,1.0127683877944946
SB72566_component_779a,6.184832,20.463801,5.822000026702881,11.905930519104004,6.184821605682373,20.463796615600586,7.978156089782715,0.92704838514328,0.7297425866127014
SB72566_component_787a,4.722171,20.420113,5.36299991607666,25.41706085205078,4.722022533416748,20.42057228088379,8.426218032836914,0.8085517287254333,0.636465847492218
SB72566_component_793a,5.293245,16.740821,5.413000106811523,10.136704444885254,5.293303966522217,16.740793228149414,8.371180534362793,0.8214554786682129,0.6466232538223267
SB72566_component_794a,4.933577,21.015441,6.000999927520752,17.59823989868164,4.933567047119141,21.015966415405273,7.990344524383545,0.9540932774543762,0.7510314583778381
SB72566_component_797a,359.669476,18.418961,4.913000106811523,17.48398780822754,359.66925048828125,18.41914939880371,6.610291481018066,0.9441888332366943,0.7432349920272827
SB72566_component_799a,2.839396,17.132083,5.954999923706055,30.228425979614258,2.8394253253936768,17.132221221923828,5.97755765914917,1.2655832767486572,0.9962262511253357
SB72566_component_801a,2.144077,16.349752,5.28000020980835,24.109590530395508,2.144042730331421,16.349960327148438,5.324991226196289,1.259643793106079,0.9915509819984436
SB72566_component_803a,1.473857,18.790443,5.591000080108643,30.55191421508789,1.4738001823425293,18.790607452392578,9.590646743774414,0.7405840158462524,0.5829638242721558
SB72566_component_805a,359.769372,19.845202,5.181000232696533,18.771739959716797,359.7694091796875,19.845319747924805,8.393040657043457,0.7842002511024475,0.6172971725463867
SB72566_component_808a,2.791966,18.071945,5.546999931335449,25.099546432495117,2.7917797565460205,18.07211685180664,6.645000457763672,1.060463786125183,0.8347629308700562
SB72566_component_810a,4.798106,18.807554,5.419000148773193,21.418973922729492,4.798165321350098,18.807666778564453,9.80808162689209,0.7018879652023315,0.5525035858154297
SB72566_component_811a,1.928208,17.989723,5.85099983215332,25.66227912902832,1.9280555248260498,17.98984146118164,6.795108318328857,1.093871831893921,0.8610605597496033
SB72566_component_813a,5.551796,18.606698,4.97599983215332,14.54970645904541,5.55188512802124,18.60662078857422,8.629561424255371,0.7325282096862793,0.5766225457191467
SB72566_component_814a,0.064194,19.997403,5.019000053405762,21.266948699951172,0.06418304145336151,19.997493743896484,7.508145332336426,0.8492141962051392,0.668474018573761
SB72566_component_816a,359.694674,19.703345,5.247000217437744,15.948328971862793,359.6944885253906,19.703641891479492,6.499586582183838,1.0255528688430786,0.8072821497917175
SB72566_component_817a,2.850581,20.825433,5.3979997634887695,23.572052001953125,2.8505496978759766,20.825695037841797,8.299351692199707,0.8262689113616943,0.6504122018814087
SB72566_component_823a,1.570896,17.105861,5.203999996185303,25.019229888916016,1.5709995031356812,17.106203079223633,5.528758525848389,1.1957554817199707,0.9412601590156555
SB72566_component_826a,3.990495,18.75368,5.307000160217285,26.142858505249023,3.99062442779541,18.753524780273438,2.771636962890625,2.4324586391448975,1.9147529602050781
SB72566_component_827a,0.229693,18.979158,5.040999889373779,21.917390823364258,0.22970207035541534,18.979331970214844,5.14874792098999,1.243791937828064,0.9790729880332947
SB72566_component_833a,5.767316,19.2038,5.5879998207092285,23.09090805053711,5.767422199249268,19.203954696655273,8.892263412475586,0.7983195781707764,0.6284114122390747
SB72566_component_837a,1.642386,17.074038,4.625,20.647321701049805,1.6423825025558472,17.074129104614258,4.725441932678223,1.2433747053146362,0.9787444472312927
SB72566_component_839a,5.797286,17.60347,5.554999828338623,16.68168067932129,5.797306060791016,17.603418350219727,7.003430366516113,1.0076411962509155,0.7931827306747437
SB72566_component_843a,5.941954,17.528705,4.895999908447266,12.209476470947266,5.941918849945068,17.528804779052734,6.141753673553467,1.0127021074295044,0.7971664667129517
SB72566_component_844a,4.223284,20.831692,4.544000148773193,18.24899673461914,4.2232441902160645,20.831764221191406,6.067774295806885,0.9513528347015381,0.748874306678772
SB72566_component_847a,2.79531,21.048389,4.933000087738037,17.24825096130371,2.795306444168091,21.048906326293945,6.1715288162231445,1.0154324769973755,0.7993157505989075
SB72566_component_848a,4.320383,16.951044,4.868000030517578,13.751412391662598,4.320560455322266,16.951065063476562,4.661742210388184,1.326584815979004,1.0442447662353516
SB72566_component_862a,0.389713,18.692658,4.616000175476074,20.79279327392578,0.3896326720714569,18.69268798828125,6.238738536834717,0.9399435520172119,0.7398931980133057
SB72566_component_864a,4.382052,20.967974,5.107999801635742,21.462182998657227,4.38191556930542,20.968202590942383,7.37017297744751,0.8804524540901184,0.6930637359619141
SB72566_component_866a,5.409324,19.059154,4.938000202178955,25.193880081176758,5.4093098640441895,19.059228897094727,7.498542785644531,0.8365790247917175,0.6585279703140259
SB72566_component_867a,4.447904,20.420314,5.256999969482422,26.15422821044922,4.44789457321167,20.420501708984375,4.518869400024414,1.4778858423233032,1.1633440256118774
SB72566_component_868a,5.675716,18.834488,4.855000019073486,20.061983108520508,5.6757683753967285,18.834640502929688,6.91463041305542,0.8919755816459656,0.7021344304084778
SB72566_component_875a,359.789564,18.60347,4.590000152587891,16.570396423339844,359.78955078125,18.603561401367188,6.708511829376221,0.8691990375518799,0.6842054128646851
SB72566_component_877a,3.594588,18.655274,5.1519999504089355,24.88888931274414,3.594543933868408,18.65534782409668,7.628447532653809,0.8579705953598022,0.6753667593002319
SB72566_component_879a,2.74502,20.669724,5.326000213623047,27.73958396911621,2.7450761795043945,20.669940948486328,7.074404239654541,0.9564098119735718,0.7528549432754517
SB72566_component_881a,2.96553,18.815515,4.50600004196167,19.591304779052734,2.9655377864837646,18.815494537353516,7.607560634613037,0.752451479434967,0.5923054814338684
SB72566_component_883a,5.104667,19.704451,4.914999961853027,23.743961334228516,5.104874134063721,19.70458984375,4.527085781097412,1.37923264503479,1.0856873989105225
SB72566_component_886a,1.457011,19.243903,4.627999782562256,27.712574005126953,1.4570279121398926,19.243988037109375,6.764548301696777,0.8691349625587463,0.6841550469398499
SB72566_component_892a,2.340254,18.66434,4.745999813079834,21.57272720336914,2.340240716934204,18.664295196533203,6.964718341827393,0.8656790256500244,0.6814345717430115
SB72566_component_896a,3.263773,16.951471,4.456999778747559,21.74146270751953,3.263821601867676,16.95170783996582,7.587497234344482,0.74623703956604,0.5874136686325073
SB72566_component_899a,1.728291,18.820809,4.368000030517578,22.172590255737305,1.7282782793045044,18.821025848388672,6.8438262939453125,0.8108049631118774,0.6382394433021545
SB72566_component_901a,3.097608,17.515245,4.85699987411499,24.78061294555664,3.0974204540252686,17.515357971191406,4.814896106719971,1.2814860343933105,1.008744478225708
SB72566_component_902a,2.642353,20.565237,4.624000072479248,23.71282196044922,2.6421823501586914,20.56566047668457,6.8233418464660645,0.8609013557434082,0.6776738166809082
SB72566_component_905a,3.196487,16.855796,4.326000213623047,20.502370834350586,3.1964735984802246,16.855989456176758,6.227431774139404,0.8824909925460815,0.6946684122085571
SB72566_component_912a,1.920792,19.139799,4.639999866485596,23.67346954345703,1.9206786155700684,19.139934539794922,7.271315574645996,0.8106580376625061,0.6381238698959351
SB72566_component_916a,1.770762,20.682063,4.5370001792907715,23.030458450317383,1.770673155784607,20.682266235351562,6.226014614105225,0.9257449507713318,0.7287166118621826
SB72566_component_917a,4.048634,18.063299,4.394999980926514,20.34722137451172,4.048635959625244,18.0634765625,6.974582195281982,0.8005222082138062,0.630145251750946
SB72566_component_918a,1.008979,21.084974,4.9629998207092285,13.234665870666504,1.0088953971862793,21.085216522216797,6.049083232879639,1.0422872304916382,0.8204548954963684
SB72566_component_921a,3.023626,20.883286,4.958000183105469,20.15447235107422,3.023715019226074,20.883615493774414,7.209926128387451,0.8735916018486023,0.6876630783081055
SB72566_component_922a,0.685993,18.029444,4.328000068664551,20.708133697509766,0.6860336661338806,18.02952766418457,5.620261192321777,0.9782806038856506,0.7700709700584412
SB72566_component_923a,4.561983,16.725753,4.073999881744385,11.192307472229004,4.562002658843994,16.725839614868164,6.908418655395508,0.749160885810852,0.5897152423858643
SB72566_component_930a,4.664577,17.707473,5.000999927520752,12.75765323638916,4.664763450622559,17.707538604736328,5.043097019195557,1.259772777557373,0.9916525483131409
SB72566_component_931a,2.055533,20.98274,4.238999843597412,15.69999885559082,2.0555830001831055,20.9830265045166,6.6136603355407715,0.8142433762550354,0.640946090221405
SB72566_component_934a,3.086744,19.622984,4.633999824523926,26.632183074951172,3.0866923332214355,19.62312126159668,5.853427410125732,1.005723237991333,0.7916728854179382
SB72566_component_935a,2.146979,18.203782,4.302000045776367,22.882980346679688,2.1468214988708496,18.20404624938965,7.363366603851318,0.7422098517417908,0.584243655204773
SB72566_component_939a,4.346971,18.284279,4.241000175476074,15.943609237670898,4.347113132476807,18.284358978271484,5.794349193572998,0.9298145174980164,0.7319200038909912
SB72566_component_941a,4.417482,19.449091,4.158999919891357,19.899520874023438,4.417455196380615,19.44930076599121,4.829257965087891,1.0940601825714111,0.8612089157104492
SB72566_component_942a,5.566054,19.677908,4.736000061035156,14.439023971557617,5.566044807434082,19.67788314819336,5.993807792663574,1.0037871599197388,0.7901487946510315
SB72566_component_945a,3.762954,18.417502,4.190999984741211,18.626667022705078,3.763021469116211,18.417638778686523,5.971316337585449,0.8916209936141968,0.7018553018569946
SB72566_component_949a,2.928242,18.338507,4.206999778747559,23.502790451049805,2.92824649810791,18.338632583618164,3.00854229927063,1.7764339447021484,1.3983515501022339
SB72566_component_950a,4.453265,19.915438,4.572999954223633,25.982954025268555,4.453247547149658,19.91568946838379,5.44349479675293,1.0672252178192139,0.8400853276252747
SB72566_component_952a,0.04861,20.374615,4.703999996185303,15.838384628295898,0.04839203506708145,20.374849319458008,6.93569803237915,0.8616082668304443,0.6782302260398865
SB72566_component_953a,3.419447,18.555672,4.146999835968018,22.416215896606445,3.4194562435150146,18.55580711364746,6.3948798179626465,0.8238238096237183,0.6484875082969666
SB72566_component_955a,359.619766,18.302721,4.677000045776367,16.644128799438477,359.6197509765625,18.30278968811035,6.3135151863098145,0.9410850405693054,0.7407917380332947
SB72566_component_963a,0.079481,20.535979,3.6440000534057617,11.98684310913086,0.07945962995290756,20.536226272583008,7.13483190536499,0.6488246321678162,0.5107338428497314
SB72566_component_965a,359.72819,18.182165,4.136000156402588,16.15625,359.7281799316406,18.1822566986084,4.734227657318115,1.1098495721817017,0.8736377954483032
SB72566_component_967a,2.027005,19.065096,4.179999828338623,21.770832061767578,2.026895761489868,19.065292358398438,6.117088317871094,0.868088960647583,0.6833316087722778
SB72566_component_968a,5.562336,17.995608,4.5879998207092285,11.704081535339355,5.562313556671143,17.995637893676758,7.96875,0.7314184308052063,0.5757489800453186
SB72566_component_970a,359.461316,18.306371,4.697999954223633,12.298429489135742,359.46099853515625,18.307003021240234,5.826114654541016,1.0243932008743286,0.8063693046569824
SB72566_component_973a,3.034801,16.492692,4.688000202178955,23.323383331298828,3.034743309020996,16.49288558959961,6.385095119476318,0.9327236413955688,0.7342098951339722
SB72566_component_974a,0.195951,18.268762,3.940999984741211,20.851852416992188,0.1959221512079239,18.26885986328125,5.928261756896973,0.8445236086845398,0.6647816896438599
SB72566_component_975a,359.785147,16.204243,4.565000057220459,11.981627464294434,359.7848815917969,16.20458984375,4.676710605621338,1.2400323152542114,0.9761134386062622
SB72566_component_976a,0.140545,16.263719,4.434999942779541,14.540983200073242,0.14050929248332977,16.2640438079834,6.493725299835205,0.8676257133483887,0.6829670071601868
SB72566_component_979a,5.735392,20.763488,4.269999980926514,17.94117546081543,5.735474586486816,20.76368522644043,5.090344429016113,1.0656472444534302,0.838843047618866
SB72566_component_982a,2.267937,18.29335,4.257999897003174,21.28999900817871,2.268009662628174,18.29336166381836,5.534114837646484,0.9774402379989624,0.7694093585014343
SB72566_component_984a,6.042434,20.317833,4.396999835968018,10.937809944152832,6.042333126068115,20.31804084777832,5.233799457550049,1.0672646760940552,0.8401162028312683
SB72566_component_991a,5.880951,20.952372,4.738999843597412,15.23794174194336,5.881180763244629,20.95263671875,4.38146448135376,1.3740423917770386,1.0816017389297485
SB72566_component_994a,3.066349,17.253849,4.511000156402588,22.55500030517578,3.066218852996826,17.254117965698242,4.182065486907959,1.3702970743179321,1.0786536931991577
SB72566_component_997a,3.793071,16.696664,4.056000232696533,12.596274375915527,3.792844533920288,16.696962356567383,5.044357776641846,1.021468162536621,0.8040667176246643
SB72566_component_999a,2.466981,20.69466,3.6670000553131104,17.97549057006836,2.467073440551758,20.694978713989258,3.0312559604644775,1.5368129014968872,1.209729552268982
SB72566_component_1004a,5.94502,20.729114,4.505000114440918,16.263538360595703,5.944818496704102,20.729347229003906,5.980640888214111,0.9569292068481445,0.7532637715339661
SB72566_component_1005a,2.180222,18.680428,4.178999900817871,18.824323654174805,2.1800553798675537,18.680692672729492,5.354304313659668,0.9915212988853455,0.7804935574531555
SB72566_component_1007a,4.441896,18.833606,4.1529998779296875,16.678714752197266,4.44184684753418,18.833810806274414,6.094463348388672,0.8656835556030273,0.681438148021698
SB72566_component_1009a,0.898362,18.568414,3.7130000591278076,18.29064178466797,0.8984024524688721,18.568532943725586,5.338953495025635,0.8834897875785828,0.6954546570777893
SB72566_component_1013a,5.577122,17.692162,3.806999921798706,12.993173599243164,5.57721471786499,17.69215965270996,3.085999011993408,1.5671833753585815,1.2336361408233643
SB72566_component_1014a,2.755158,17.687085,4.048999786376953,22.247251510620117,2.754912853240967,17.687355041503906,6.564244270324707,0.7836023569107056,0.6168264746665955
SB72566_component_1015a,3.624399,21.057674,3.8420000076293945,10.613260269165039,3.624568223953247,21.057586669921875,3.110341787338257,1.5692132711410522,1.235234022140503
SB72566_component_1017a,5.466101,20.367134,3.9110000133514404,19.17156982421875,5.465986251831055,20.367218017578125,5.683324813842773,0.8742145895957947,0.6881535053253174
SB72566_component_1018a,2.51447,17.770616,4.341000080108643,24.38763999938965,2.5141594409942627,17.770906448364258,6.690398693084717,0.8242719173431396,0.6488402485847473
SB72566_component_1021a,4.774399,16.47849,3.7239999771118164,10.888888359069824,4.774601459503174,16.47842788696289,3.538093328475952,1.3371284008026123,1.052544355392456
SB72566_component_1023a,1.985335,17.943252,4.441999912261963,18.508333206176758,1.9852548837661743,17.94339370727539,5.064880847930908,1.1141457557678223,0.8770196437835693
SB72566_component_1025a,1.932165,17.750286,3.263000011444092,15.538095474243164,1.932099461555481,17.750394821166992,4.253912925720215,0.9744536876678467,0.7670584917068481
SB72566_component_1029a,2.66543,20.694217,4.001999855041504,20.212120056152344,2.6654672622680664,20.69448471069336,4.973863124847412,1.0221531391143799,0.8046059608459473
SB72566_component_1031a,0.978718,17.020309,3.8919999599456787,17.531530380249023,0.978675901889801,17.0203800201416,5.367177963256836,0.9212119579315186,0.7251483201980591
SB72566_component_1033a,1.787542,20.649421,4.1479997634887695,20.844219207763672,1.7873870134353638,20.64961814880371,4.911945819854736,1.0727977752685547,0.84447181224823
SB72566_component_1036a,3.530615,19.673319,3.6610000133514404,18.123762130737305,3.530571460723877,19.673540115356445,2.61175537109375,1.7807376384735107,1.401739239692688
SB72566_component_1038a,1.242184,17.022241,4.010000228881836,19.75369644165039,1.2420005798339844,17.022558212280273,5.504719257354736,0.9254264831542969,0.7284659147262573
SB72566_component_1041a,4.399256,20.405142,3.433000087738037,17.165000915527344,4.399111747741699,20.405452728271484,4.016443252563477,1.085837721824646,0.8547363877296448
SB72566_component_1047a,5.348961,20.332135,3.9709999561309814,19.0,5.349214553833008,20.3321533203125,5.311007976531982,0.949851393699646,0.747692346572876
SB72566_component_1054a,359.817727,17.790968,3.7960000038146973,12.205788612365723,359.81756591796875,17.791065216064453,5.208660125732422,0.925833523273468,0.728786289691925
SB72566_component_1056a,2.819454,17.493155,3.50600004196167,16.231481552124023,2.8190231323242188,17.493499755859375,6.520645618438721,0.6830524802207947,0.5376768112182617
SB72566_component_1062a,1.982869,16.402481,4.047999858856201,18.740739822387695,1.9827278852462769,16.402624130249023,3.921112537384033,1.3114867210388184,1.0323600769042969
SB72566_component_1065a,1.690731,16.837311,3.936000108718872,21.39130401611328,1.690664291381836,16.8375244140625,5.5709967613220215,0.8975422978401184,0.7065163254737854
SB72566_component_1069a,0.268462,17.448929,4.020999908447266,17.110637664794922,0.2685340344905853,17.449167251586914,5.757624626159668,0.8872038125991821,0.6983782649040222
SB72566_component_1070a,4.448724,21.156218,4.13700008392334,11.491666793823242,4.448636054992676,21.156644821166992,6.6772871017456055,0.7870787382125854,0.6195629835128784
SB72566_component_1072a,0.681931,20.369869,3.746999979019165,17.7582950592041,0.6818981766700745,20.369956970214844,3.4320130348205566,1.386971354484558,1.091779112815857
SB72566_component_1073a,1.881753,18.89411,3.555000066757202,16.690141677856445,1.8816816806793213,18.89432716369629,5.526566505432129,0.8171785473823547,0.6432565450668335
SB72566_component_1076a,5.528001,20.859311,4.059999942779541,18.5388126373291,5.527950763702393,20.859777450561523,5.337299346923828,0.966356098651886,0.7606843113899231
SB72566_component_1077a,2.750301,20.34829,4.043000221252441,21.505321502685547,2.750199556350708,20.348312377929688,2.765775442123413,1.8570326566696167,1.4617962837219238
SB72566_component_1080a,2.8659,17.566338,3.552999973297119,18.035533905029297,2.865835189819336,17.566402435302734,5.9736762046813965,0.75559002161026,0.5947760939598083
SB72566_component_1083a,3.105372,18.621237,3.625999927520752,14.983470916748047,3.1050684452056885,18.621238708496094,5.530921459197998,0.8328427076339722,0.6555869579315186
SB72566_component_1085a,359.62608,18.383353,4.173999786376953,12.422618865966797,359.6260681152344,18.383569717407227,5.116775989532471,1.036307692527771,0.8157479763031006
SB72566_component_1088a,0.451561,20.265139,3.2929999828338623,14.506608009338379,0.45144209265708923,20.265213012695312,3.7224035263061523,1.1238309144973755,0.8846434950828552
SB72566_component_1092a,3.908163,20.155059,3.63100004196167,18.91145896911621,3.9080452919006348,20.155529022216797,4.921158790588379,0.9373279809951782,0.7378343343734741
SB72566_component_1094a,3.705752,19.68394,3.496999979019165,17.84183692932129,3.7057390213012695,19.684003829956055,3.9493186473846436,1.1248799562454224,0.8854691982269287
SB72566_component_1095a,4.192472,19.56909,3.49399995803833,17.82653045654297,4.192544460296631,19.56934356689453,4.066874027252197,1.0914274454116821,0.8591365218162537
SB72566_component_1097a,5.158986,20.075454,3.693000078201294,17.669857025146484,5.158782482147217,20.075803756713867,5.811800003051758,0.8072375655174255,0.6354313492774963
SB72566_component_1098a,0.716348,18.038647,3.946000099182129,19.438425064086914,0.7163355946540833,18.03882598876953,5.178783893585205,0.9679703116416931,0.7619549632072449
SB72566_component_1100a,5.277137,20.632381,3.4749999046325684,15.513391494750977,5.277174949645996,20.632638931274414,6.260122776031494,0.7051875591278076,0.5551009178161621
SB72566_component_1103a,4.968538,19.883735,3.8519999980926514,19.95854949951172,4.968506813049316,19.884021759033203,5.252737998962402,0.9316081404685974,0.7333318591117859
SB72566_component_1104a,5.685231,19.136482,3.5869998931884766,17.497560501098633,5.685052871704102,19.13665008544922,5.5212931632995605,0.8253217339515686,0.6496666073799133
SB72566_component_1106a,3.191301,16.47927,3.1760001182556152,15.568628311157227,3.1914162635803223,16.479267120361328,5.256555080413818,0.7675594091415405,0.6041980385780334
SB72566_component_1112a,3.818712,17.405732,3.5429999828338623,15.95945930480957,3.8186514377593994,17.405927658081055,6.205577373504639,0.7253066301345825,0.570937991142273
SB72566_component_1113a,2.110563,20.575623,3.5769999027252197,17.03333282470703,2.1103811264038086,20.575904846191406,4.876742839813232,0.9317980408668518,0.7334813475608826
SB72566_component_1117a,4.471941,19.120708,3.802000045776367,17.766355514526367,4.471811771392822,19.12105941772461,4.516475677490234,1.0694122314453125,0.8418068289756775
SB72566_component_1118a,0.549484,19.97177,3.3410000801086426,16.218446731567383,0.5493571758270264,19.972026824951172,2.3238883018493652,1.8263918161392212,1.4376766681671143
SB72566_component_1121a,4.012305,18.189577,3.5139999389648438,14.889830589294434,4.012277603149414,18.189538955688477,4.714947700500488,0.94679856300354,0.7452892661094666
SB72566_component_1122a,5.560801,20.508796,3.4790000915527344,17.482412338256836,5.561006546020508,20.50875473022461,3.3790674209594727,1.3079475164413452,1.0295740365982056
SB72566_component_1126a,3.826255,18.955192,3.8510000705718994,17.19196319580078,3.826144218444824,18.955181121826172,2.9921152591705322,1.6350382566452026,1.287049412727356
SB72566_component_1127a,0.640429,19.512848,3.7009999752044678,18.412935256958008,0.6404855251312256,19.51293182373047,3.015456199645996,1.559188961982727,1.2273433208465576
SB72566_component_1130a,1.197657,19.406786,3.3910000324249268,18.133689880371094,1.1975775957107544,19.406940460205078,3.5178914070129395,1.224554419517517,0.9639297127723694
SB72566_component_1131a,0.506107,18.852006,3.740999937057495,20.55494499206543,0.5062321424484253,18.852136611938477,3.955695867538452,1.2014273405075073,0.9457248449325562
SB72566_component_1132a,1.143347,20.223295,3.5510001182556152,16.364055633544922,1.1433689594268799,20.223569869995117,2.5141756534576416,1.7942699193954468,1.4123914241790771
SB72566_component_1134a,5.152535,20.17022,3.4600000381469727,16.244131088256836,5.152590274810791,20.170108795166016,4.027133464813232,1.0914725065231323,0.8591719269752502
SB72566_component_1137a,3.836889,16.99351,3.313999891281128,12.600759506225586,3.836810350418091,16.993606567382812,4.131661415100098,1.018967866897583,0.8020986318588257
SB72566_component_1138a,1.940979,16.330451,3.634999990463257,15.145833969116211,1.9409189224243164,16.330326080322266,3.904282569885254,1.1827579736709595,0.9310289025306702
SB72566_component_1139a,1.472311,20.854246,3.7699999809265137,18.212560653686523,1.4720476865768433,20.854339599609375,4.97164249420166,0.9633280038833618,0.7583007216453552
SB72566_component_1140a,1.766801,20.303876,3.2130000591278076,16.910526275634766,1.766902208328247,20.303892135620117,5.493484973907471,0.743011474609375,0.5848746299743652
SB72566_component_1143a,2.496443,18.554249,3.8320000171661377,19.75257682800293,2.4962692260742188,18.554367065429688,4.116721153259277,1.182515263557434,0.930837869644165
SB72566_component_1147a,0.116658,16.733146,3.4730000495910645,15.23245620727539,0.11659320443868637,16.733232498168945,4.91844367980957,0.8970358371734619,0.7061176896095276
SB72566_component_1148a,1.853571,20.402528,3.4609999656677246,17.568527221679688,1.8534464836120605,20.402616500854492,4.132364749908447,1.0639854669570923,0.8375349640846252
SB72566_component_1149a,1.403864,19.246688,3.490000009536743,19.0710391998291,1.403823971748352,19.246784210205078,5.3609395027160645,0.8270223140716553,0.6510052680969238
SB72566_component_1160a,3.64602,17.82625,3.299999952316284,17.098445892333984,3.6461102962493896,17.826187133789062,4.361644744873047,0.9611614942550659,0.7565953135490417
SB72566_component_1165a,0.537053,17.464374,3.316999912261963,17.833332061767578,0.5370454788208008,17.464536666870117,5.36127233505249,0.785977840423584,0.618696391582489
SB72566_component_1173a,2.883513,19.407463,3.640000104904175,18.571430206298828,2.883450746536255,19.40761375427246,4.2516889572143555,1.0876085758209229,0.8561303615570068
SB72566_component_1176a,2.82353,18.412645,3.572999954223633,17.776119232177734,2.823338508605957,18.412755966186523,5.515210151672363,0.8230072855949402,0.6478447318077087
SB72566_component_1179a,5.130731,18.56938,3.4149999618530273,11.307947158813477,5.131080627441406,18.56943130493164,4.493532180786133,0.965462863445282,0.7599812150001526
SB72566_component_1183a,0.785765,19.078292,2.944000005722046,15.333333015441895,0.7857133150100708,19.078462600708008,3.94643235206604,0.9476890563964844,0.7459902167320251
SB72566_component_1184a,5.840928,20.832183,3.5829999446868896,14.050980567932129,5.840993881225586,20.832242965698242,5.448173522949219,0.835465669631958,0.6576516032218933
SB72566_component_1192a,1.468046,16.625198,3.5350000858306885,16.913875579833984,1.4677982330322266,16.625492095947266,4.301697731018066,1.0439561605453491,0.821768581867218
SB72566_component_1194a,0.941589,18.78914,2.743000030517578,12.699073791503906,0.9417830109596252,18.78925323486328,4.096964359283447,0.8505430817604065,0.6695201396942139
SB72566_component_1196a,1.652527,18.371984,2.680999994277954,12.766667366027832,1.6524873971939087,18.372154235839844,4.273169040679932,0.7970387935638428,0.627403199672699
SB72566_component_1201a,0.320053,17.46184,3.138000011444092,14.527777671813965,0.3197917938232422,17.461647033691406,4.489572525024414,0.8879339694976807,0.6989529728889465
SB72566_component_1202a,0.347031,19.880976,3.0169999599456787,14.435405731201172,0.3469502031803131,19.880962371826172,4.75285005569458,0.8064063191413879,0.6347770094871521
SB72566_component_1204a,0.22636,18.505801,3.374000072479248,15.0625,0.22609570622444153,18.505874633789062,4.3682861328125,0.9812207818031311,0.77238529920578
SB72566_component_1207a,1.390196,18.746119,2.6659998893737793,11.296609878540039,1.3900816440582275,18.746328353881836,4.85521936416626,0.697563886642456,0.5490998029708862
SB72566_component_1215a,2.17154,19.337687,3.115000009536743,16.747310638427734,2.1714906692504883,19.33802604675293,4.101149082183838,0.9649064540863037,0.759543240070343
SB72566_component_1220a,2.345788,19.922182,2.7699999809265137,14.352331161499023,2.3457305431365967,19.922428131103516,4.356703758239746,0.8077080845832825,0.6358017921447754
SB72566_component_1221a,3.926787,19.507257,3.117000102996826,16.150259017944336,3.9267947673797607,19.507564544677734,3.800912380218506,1.0417935848236084,0.8200662732124329
SB72566_component_1226a,4.168952,20.43139,3.240999937057495,16.620513916015625,4.168870449066162,20.4315185546875,4.803398609161377,0.857162356376648,0.6747305989265442
SB72566_component_1227a,3.139224,17.634702,3.3310000896453857,16.572139739990234,3.138909101486206,17.634695053100586,4.306504249572754,0.9826129078865051,0.7734811902046204
SB72566_component_1229a,4.897098,18.202021,3.260999917984009,11.482393264770508,4.897120952606201,18.202306747436523,2.4866793155670166,1.665956735610962,1.3113874197006226
SB72566_component_1230a,2.160481,18.808177,3.2699999809265137,15.571429252624512,2.1601502895355225,18.80866050720215,4.70406436920166,0.8830945491790771,0.6951435208320618
SB72566_component_1231a,3.03535,18.686221,3.0820000171661377,13.004219055175781,3.0351412296295166,18.6865234375,3.148780345916748,1.2434346675872803,0.9787917137145996
SB72566_component_1232a,0.969568,19.264879,3.0179998874664307,14.57970905303955,0.9695791602134705,19.264892578125,4.912206172943115,0.7805044054985046,0.6143878698348999
SB72566_component_1236a,4.170406,18.684135,2.7980000972747803,12.894010543823242,4.170248031616211,18.684375762939453,3.5655558109283447,0.9969037175178528,0.7847304344177246
SB72566_component_1241a,0.745789,20.231943,2.9140000343322754,13.616822242736816,0.7454817295074463,20.232398986816406,3.798586845397949,0.9745412468910217,0.7671273946762085
SB72566_component_1243a,3.869076,20.081048,3.305000066757202,16.442785263061523,3.8691320419311523,20.08113670349121,3.4413349628448486,1.2200489044189453,0.9603831171989441
SB72566_component_1246a,0.325457,20.84017,3.433000087738037,13.003787994384766,0.32508406043052673,20.84086036682129,4.823724746704102,0.9041156768798828,0.7116907238960266
SB72566_component_1248a,3.793388,20.151703,3.0230000019073486,15.34517765045166,3.793363571166992,20.15224266052246,4.1197710037231445,0.9321757555007935,0.7337786555290222
SB72566_component_1253a,4.348769,18.084107,3.2880001068115234,12.84375,4.348686218261719,18.084291458129883,4.381673336029053,0.9532889127731323,0.7503982782363892
SB72566_component_1254a,4.430159,18.742293,2.874000072479248,12.773333549499512,4.430232048034668,18.74233627319336,4.75878381729126,0.7672263979911804,0.6039358377456665
SB72566_component_1257a,4.869634,20.443742,2.9489998817443848,11.47470760345459,4.869567394256592,20.444091796875,4.1396484375,0.9049904942512512,0.7123792767524719
SB72566_component_1259a,3.372468,18.737491,3.260999917984009,16.637754440307617,3.3724374771118164,18.737205505371094,3.913325786590576,1.058613657951355,0.8333065509796143
SB72566_component_1274a,3.495622,21.028219,3.309000015258789,11.255102157592773,3.4955928325653076,21.028446197509766,3.9085261821746826,1.0755150318145752,0.8466106653213501
SB72566_component_1280a,1.866091,18.792728,2.6740000247955322,10.61111068725586,1.865920066833496,18.793115615844727,4.305749416351318,0.7889425158500671,0.6210300922393799
SB72566_component_1283a,4.258555,20.866075,3.1700000762939453,13.15352725982666,4.258828639984131,20.866531372070312,3.9924514293670654,1.0086774826049805,0.7939984202384949
SB72566_component_1287a,2.446885,17.22054,2.9189999103546143,15.778377532958984,2.446743965148926,17.22064971923828,3.1661620140075684,1.171207070350647,0.9219363927841187
SB72566_component_1288a,1.229615,16.628061,2.86299991607666,13.698563575744629,1.229604959487915,16.628379821777344,4.220247268676758,0.8618192076683044,0.6783962249755859
SB72566_component_1305a,1.401966,20.889043,2.822000026702881,12.00851058959961,1.4020440578460693,20.889257431030273,3.4707984924316406,1.032904863357544,0.8130694031715393
SB72566_component_1307a,1.416793,20.772263,2.9159998893737793,14.224390029907227,1.4168590307235718,20.772247314453125,4.063896179199219,0.9115439653396606,0.7175379991531372
SB72566_component_1314a,1.228082,19.660912,2.944999933242798,14.651741027832031,1.2278380393981934,19.661109924316406,3.515064001083374,1.0643507242202759,0.8378225564956665
SB72566_component_1315a,0.521727,16.65568,2.7139999866485596,11.2614107131958,0.522018313407898,16.65554428100586,3.577854871749878,0.9636511206626892,0.7585550546646118
SB72566_component_1317a,4.347465,20.085536,2.6010000705718994,13.270408630371094,4.347237586975098,20.086055755615234,3.5973501205444336,0.9185237288475037,0.7230322360992432
SB72566_component_1321a,2.895795,19.46265,2.859999895095825,14.444443702697754,2.8953888416290283,19.46295928955078,3.8277041912078857,0.949205756187439,0.747184157371521
SB72566_component_1323a,1.103043,20.548593,2.8499999046325684,14.32160758972168,1.1029318571090698,20.549175262451172,3.9826254844665527,0.9090925455093384,0.7156082987785339
SB72566_component_1324a,1.05175,18.745237,2.7990000247955322,13.925373077392578,1.0516986846923828,18.745683670043945,3.6613247394561768,0.9711747169494629,0.7644774317741394
SB72566_component_1325a,3.624952,16.80593,2.500999927520752,11.74178409576416,3.6248700618743896,16.806211471557617,2.734448194503784,1.1619212627410889,0.9146268963813782
SB72566_component_1327a,1.690631,18.662626,3.134000062942505,16.49473762512207,1.6906538009643555,18.662429809570312,4.376167297363281,0.9097829461097717,0.716151773929596
SB72566_component_1329a,3.950009,18.766476,2.7070000171661377,13.882051467895508,3.9497950077056885,18.76641845703125,3.7686073780059814,0.9125151634216309,0.7183024883270264
SB72566_component_1339a,1.60481,17.710653,2.819999933242798,14.029850006103516,1.6048905849456787,17.71095085144043,2.461324691772461,1.4555023908615112,1.1457244157791138
SB72566_component_1342a,1.608665,16.83583,2.694999933242798,13.68020248413086,1.6087615489959717,16.83592987060547,1.9456253051757812,1.7596741914749146,1.3851587772369385
SB72566_component_1350a,1.057236,16.566151,3.0169999599456787,13.590089797973633,1.057352066040039,16.566226959228516,3.4022786617279053,1.1265180110931396,0.8867586255073547
SB72566_component_1351a,0.380087,16.639108,2.4210000038146973,10.526086807250977,0.37997350096702576,16.63943099975586,3.9937174320220947,0.7701054215431213,0.6062021255493164
SB72566_component_1353a,3.37006,18.016132,2.5230000019073486,11.734883308410645,3.3701364994049072,18.016237258911133,3.7881219387054443,0.8461084365844727,0.6660292744636536
SB72566_component_1354a,0.791671,20.333798,2.874000072479248,13.429906845092773,0.791527271270752,20.33387565612793,3.15251088142395,1.1581449508666992,0.9116542935371399
SB72566_component_1361a,2.932663,19.537918,2.563999891281128,13.566137313842773,2.9325807094573975,19.538183212280273,3.7807586193084717,0.8615326881408691,0.6781707406044006
SB72566_component_1363a,0.204992,17.820796,2.7119998931884766,11.394957542419434,0.20478971302509308,17.82126235961914,1.8831887245178223,1.8294836282730103,1.4401105642318726
SB72566_component_1368a,2.473839,20.551186,2.5959999561309814,12.361905097961426,2.47395396232605,20.551422119140625,3.516234874725342,0.9379064440727234,0.7382897138595581
SB72566_component_1369a,1.519627,17.078494,2.5880000591278076,12.74876880645752,1.519554853439331,17.078964233398438,3.8361175060272217,0.8570479154586792,0.6746404767036438
SB72566_component_1371a,3.079436,19.984979,2.8459999561309814,14.59487247467041,3.079345703125,19.9849796295166,4.190004348754883,0.8628854751586914,0.679235577583313
SB72566_component_1373a,0.518255,19.622931,2.5840001106262207,11.799087524414062,0.5183510184288025,19.62309455871582,2.734748601913452,1.2003498077392578,0.9448766708374023
SB72566_component_1376a,2.711279,16.907085,2.5490000247955322,14.32022476196289,2.711163282394409,16.907127380371094,3.710362434387207,0.8727426528930664,0.6869949102401733
SB72566_component_1379a,3.605886,19.365876,2.4509999752044678,12.569231033325195,3.60575270652771,19.366065979003906,3.705953598022461,0.8401871919631958,0.6613682508468628
SB72566_component_1380a,1.837329,18.627992,2.8010001182556152,15.475139617919922,1.8373769521713257,18.628313064575195,3.4770569801330566,1.0233731269836426,0.8055663704872131
SB72566_component_1381a,0.000515,19.044115,3.072999954223633,10.381756782531738,0.00011506894225021824,19.04460334777832,2.670215129852295,1.4620054960250854,1.150843620300293
SB72566_component_1385a,0.131614,18.140474,2.575000047683716,14.798851013183594,0.13139128684997559,18.140796661376953,3.5707356929779053,0.9161197543144226,0.7211399078369141
SB72566_component_1386a,4.503242,19.383342,2.9649999141693115,14.186601638793945,4.503175258636475,19.38337516784668,3.0633459091186523,1.22959303855896,0.9678958654403687
SB72566_component_1389a,3.651795,20.147712,2.88100004196167,13.719048500061035,3.6519711017608643,20.147945404052734,4.224339008331299,0.8663975596427917,0.6820002198219299
SB72566_component_1397a,3.491605,17.851282,2.7139999866485596,12.280543327331543,3.4913086891174316,17.851327896118164,4.134753227233887,0.8338596820831299,0.6563873887062073
SB72566_component_1403a,1.979353,19.955848,2.7070000171661377,13.671717643737793,1.9792085886001587,19.956079483032227,2.7646360397338867,1.2438929080963135,0.9791523814201355
SB72566_component_1405a,3.140793,17.424573,2.447000026702881,13.015957832336426,3.140974760055542,17.42416763305664,3.8462562561035156,0.8082178831100464,0.6362030506134033
SB72566_component_1406a,1.696915,17.787347,2.802999973297119,14.5233154296875,1.6969044208526611,17.787384033203125,2.985030174255371,1.1929082870483398,0.939018964767456
SB72566_component_1409a,2.23693,19.064287,2.0950000286102295,10.8549222946167,2.2368555068969727,19.06464195251465,3.8428165912628174,0.6925754547119141,0.5451730489730835
SB72566_component_1416a,0.284715,16.719558,2.5759999752044678,12.815919876098633,0.284295916557312,16.719600677490234,3.0470409393310547,1.0739901065826416,0.8454103469848633
SB72566_component_1421a,0.710468,18.066911,2.7279999256134033,12.456621170043945,0.710604727268219,18.06723403930664,3.109858989715576,1.1143878698349,0.8772101402282715
SB72566_component_1424a,0.557833,20.815824,2.5160000324249268,10.145161628723145,0.5577436685562134,20.81610679626465,5.438231468200684,0.5877405405044556,0.4626504182815552
SB72566_component_1428a,3.055314,17.201161,2.4560000896453857,13.569061279296875,3.0551464557647705,17.201627731323242,3.686833143234253,0.8462674021720886,0.6661543846130371
SB72566_component_1429a,3.617692,20.288232,2.6679999828338623,13.20792007446289,3.61781644821167,20.288278579711914,3.4180164337158203,0.9916179776191711,0.7805696725845337
SB72566_component_1436a,4.747658,19.418445,2.2960000038146973,11.310344696044922,4.7476372718811035,19.418682098388672,3.015406370162964,0.9672946333885193,0.7614230513572693
SB72566_component_1441a,4.211965,19.892565,2.3269999027252197,10.073592185974121,4.211914539337158,19.89250373840332,3.236207962036133,0.9134666323661804,0.7190514206886292
SB72566_component_1447a,3.420007,19.540287,2.1110000610351562,10.770408630371094,3.4201080799102783,19.540529251098633,3.6477415561676025,0.735185444355011,0.5787142515182495
SB72566_component_1449a,3.081162,20.247059,2.4489998817443848,12.123761177062988,3.0811424255371094,20.247440338134766,3.3710238933563232,0.9229106903076172,0.7264854907989502
SB72566_component_1451a,0.913975,17.091946,2.4489998817443848,11.717702865600586,0.9141411185264587,17.091886520385742,3.6003808975219727,0.8641179800033569,0.680205762386322
SB72566_component_1453a,2.274928,18.798512,2.4170000553131104,10.8385648727417,2.2747342586517334,18.798635482788086,4.084738731384277,0.7517009377479553,0.5917147397994995
SB72566_component_1454a,1.465587,20.478314,2.242000102996826,11.438776016235352,1.4655983448028564,20.478445053100586,3.209167003631592,0.8875157237052917,0.6986237168312073
SB72566_component_1455a,1.674211,16.57046,2.553999900817871,11.251100540161133,1.6738736629486084,16.57049560546875,3.5982580184936523,0.9016984105110168,0.7097878456115723
SB72566_component_1457a,4.049906,17.104467,2.7720000743865967,11.132530212402344,4.049810886383057,17.104843139648438,3.3393800258636475,1.0545328855514526,0.8300942182540894
SB72566_component_1459a,4.223625,20.403701,2.7230000495910645,12.321267127990723,4.223451137542725,20.40421485900879,3.040928363800049,1.1375596523284912,0.895450234413147
SB72566_component_1465a,1.801242,17.840285,2.5989999771118164,11.012711524963379,1.801290512084961,17.840715408325195,4.57317590713501,0.721973180770874,0.5683140158653259
SB72566_component_1474a,5.726382,20.411625,2.3399999141693115,10.399999618530273,5.72616720199585,20.411754608154297,2.1431946754455566,1.387033462524414,1.0918279886245728
SB72566_component_1478a,2.945632,19.462661,2.377000093460083,12.918478965759277,2.9451968669891357,19.463027954101562,3.3180949687957764,0.9100664854049683,0.716374933719635
SB72566_component_1486a,4.458714,19.877877,2.502000093460083,13.82320499420166,4.4585795402526855,19.878101348876953,2.942558526992798,1.0801770687103271,0.8502804636955261
SB72566_component_1494a,4.632051,19.206178,2.3570001125335693,12.087180137634277,4.6319355964660645,19.20642852783203,1.938963532447815,1.544268012046814,1.2155979871749878
SB72566_component_1495a,2.413975,20.202452,2.38100004196167,11.126168251037598,2.414057731628418,20.2027530670166,2.8796095848083496,1.050409197807312,0.8268482089042664
SB72566_component_1497a,1.499788,19.938384,2.5220000743865967,11.840375900268555,1.4999957084655762,19.938352584838867,2.848548173904419,1.1247453689575195,0.8853633403778076
SB72566_component_1498a,1.811955,19.490198,2.615000009536743,13.549222946166992,1.8118503093719482,19.490577697753906,3.9367074966430664,0.8438616991043091,0.6642606854438782
SB72566_component_1502a,0.945324,17.242521,2.378000020980835,11.714285850524902,0.9451576471328735,17.242305755615234,2.846065044403076,1.0614506006240845,0.8355395793914795
SB72566_component_1510a,5.489582,19.268055,2.3299999237060547,11.365853309631348,5.489262580871582,19.268611907958984,2.372973918914795,1.2473710775375366,0.9818902611732483
SB72566_component_1511a,0.557141,19.604394,2.384999990463257,11.197182655334473,0.5572323203086853,19.604156494140625,3.2553625106811523,0.9307258129119873,0.7326372861862183
SB72566_component_1513a,4.72034,20.1973,2.3340001106262207,11.441177368164062,4.720252990722656,20.19790267944336,1.651366949081421,1.7955189943313599,1.413374662399292
SB72566_component_1519a,1.734429,18.124322,2.178999900817871,10.425836563110352,1.7342745065689087,18.124374389648438,2.9826598167419434,0.9280816316604614,0.7305559515953064
SB72566_component_1526a,1.022555,18.797102,2.296999931335449,11.150485038757324,1.0224798917770386,18.797529220581055,2.874523401260376,1.0151444673538208,0.7990889549255371
SB72566_component_1533a,0.394883,19.639634,2.568000078201294,11.61991024017334,0.39445701241493225,19.64019012451172,2.6151483058929443,1.2474737167358398,0.9819710850715637
SB72566_component_1534a,5.431327,20.859433,2.505000114440918,11.035243034362793,5.431588649749756,20.85959243774414,2.3884968757629395,1.3323421478271484,1.0487767457962036
SB72566_component_1536a,1.784303,20.406965,2.565999984741211,13.64893627166748,1.7843066453933716,20.40733528137207,3.48825740814209,0.9345033168792725,0.735610842704773
SB72566_component_1559a,2.621032,16.839697,2.5190000534057617,13.470587730407715,2.6207544803619385,16.839868545532227,3.4076642990112305,0.9390832781791687,0.7392160296440125
SB72566_component_1560a,1.383001,20.653236,2.486999988555908,12.753846168518066,1.383224606513977,20.6533260345459,4.2523016929626465,0.7429924607276917,0.5848597288131714
SB72566_component_1561a,4.548986,20.539811,2.1010000705718994,10.774359703063965,4.549001693725586,20.539915084838867,4.196181297302246,0.6360694766044617,0.5006933212280273
SB72566_component_1563a,3.197689,19.09205,2.2249999046325684,12.225274085998535,3.1979427337646484,19.092382431030273,2.677405834197998,1.0557193756103516,0.8310282826423645
SB72566_component_1564a,0.960821,19.998493,2.3269999027252197,11.241545677185059,0.9609607458114624,19.99825668334961,2.995065927505493,0.9870125651359558,0.7769444584846497
SB72566_component_1583a,0.713786,18.796618,2.24399995803833,11.0,0.7134972214698792,18.79667854309082,3.1066012382507324,0.9176352024078369,0.722332775592804
SB72566_component_1585a,1.683428,20.668449,2.3340001106262207,11.78787899017334,1.6831679344177246,20.66861343383789,4.0495285987854,0.73219895362854,0.5763633847236633
SB72566_component_1598a,1.820319,18.340997,2.2980000972747803,11.209756851196289,1.820120096206665,18.34115219116211,3.0617260932922363,0.953490674495697,0.7505570650100708
SB72566_component_1602a,0.325935,20.285409,2.1470000743865967,10.422330856323242,0.3259608745574951,20.28559684753418,3.3014328479766846,0.826156497001648,0.6503236889839172
SB72566_component_1608a,5.274011,19.246927,2.1429998874664307,11.39893627166748,5.273959159851074,19.24717903137207,3.2547621726989746,0.8364415764808655,0.6584197878837585
SB72566_component_1652a,0.990185,19.121406,2.257999897003174,11.579486846923828,0.9900122284889221,19.121749877929688,4.13582706451416,0.6935763359069824,0.5459609031677246
SB72566_component_1654a,2.588989,19.973633,2.244999885559082,11.454081535339355,2.588883638381958,19.97418212890625,3.1442995071411133,0.9070372581481934,0.7139904499053955
SB72566_component_1672a,3.607274,19.516815,2.117000102996826,10.080953598022461,3.6070733070373535,19.517086029052734,2.6769795417785645,1.0046355724334717,0.7908166646957397
SB72566_component_1683a,5.130836,19.970051,2.1559998989105225,10.415458679199219,5.130733013153076,19.970211029052734,3.4339587688446045,0.7976022362709045,0.6278467774391174
SB72566_component_1694a,1.313044,19.293462,2.194999933242798,11.552631378173828,1.3130512237548828,19.29332160949707,2.810206413269043,0.9922680258750916,0.7810813784599304
SB72566_component_1710a,0.949102,18.920908,2.128000020980835,11.756906509399414,0.9490847587585449,18.92093849182129,3.3010177612304688,0.8189482688903809,0.6446496844291687
SB72566_component_1720a,1.951243,19.629081,1.9459999799728394,10.692307472229004,1.9511046409606934,19.629465103149414,2.9664175510406494,0.8333803415298462,0.6560101509094238
SB72566_component_1726a,3.287091,19.083978,2.197000026702881,11.56315803527832,3.286891222000122,19.084274291992188,2.6797757148742676,1.041512131690979,0.8198447227478027
SB72566_component_1733a,0.391444,20.131782,2.2060000896453857,10.504762649536133,0.3914647102355957,20.131851196289062,2.579094409942627,1.0866031646728516,0.8553390502929688
SB72566_component_1836a,0.480957,18.989334,1.847000002861023,10.20442008972168,0.48103758692741394,18.989425659179688,2.3952648639678955,0.9795939326286316,0.7711046934127808
SB72566_component_1850a,1.959453,19.100754,1.944000005722046,10.020618438720703,1.959309697151184,19.100568771362305,2.6837782859802246,0.9202002286911011,0.7243519425392151
SB72566_component_1871a,1.002649,19.500225,1.8760000467300415,10.032085418701172,1.0026065111160278,19.500659942626953,1.739207148551941,1.370295524597168,1.0786525011062622
