Component_ID,RA,DEC,RA_comp,DEC_comp
SB67030_component_17a,112.995747,14.560164,112.995821,14.560137
