Component_ID,RA,DEC,RA_comp,DEC_comp
SB66928_component_7a,105.632538,26.736342,105.632462,26.736396
