Component_ID,RA,DEC,RA_comp,DEC_comp
SB66770_component_14a,23.18332,43.425427,23.183862,43.425739
SB66770_component_70a,27.185156,42.255026,27.185735,42.25539
