Component_ID,RA,DEC,RA_comp,DEC_comp
SB67336_component_13a,162.443069,14.494044,162.443032,14.494048
