Component_ID,RA,DEC,RA_comp,DEC_comp
SB66843_component_21a,137.730088,25.655814,137.730141,25.655961
SB66843_component_52a,142.965619,27.847258,142.965767,27.847388
