Component_ID,RA,DEC,RA_comp,DEC_comp
SB66853_component_4a,181.866419,27.91621,181.866252,27.916347
SB66853_component_6a,185.02858,29.280702,185.028439,29.280754
