Component_ID,RA,DEC,RA_comp,DEC_comp
SB66862_component_3a,277.905214,-22.991055,277.905296,-22.99119
SB66862_component_24a,279.481004,-21.954773,279.481012,-21.95478
