Component_ID,RA,DEC,RA_comp,DEC_comp
SB67319_component_4a,90.982919,29.951172,90.982716,29.951488
SB67319_component_108a,87.475789,30.912916,87.475754,30.913222
