Component_ID,RA,DEC,ASKAP_flux,ASKAP_flux_SNR,RA_comp,DEC_comp,Comp_flux,Flux_Ratio_AlphaCorr,Flux_Ratio_NOAlphaCorr
SB67970_component_2a,165.825417,-39.456093,739.1110229492188,530.208740234375,165.82534693412566,-39.456007019271254,611.4349613259809,1.1411527375057267,1.2088138063717435
SB67970_component_8a,168.256101,-35.830147,340.635009765625,1437.2784423828125,168.2560942140843,-35.830063217326575,273.20341086861134,1.177029992674751,1.246818290747632
SB67970_component_12a,166.296055,-39.478436,297.6570129394531,594.1257934570312,166.29604430381025,-39.47835029570953,285.9318943760944,0.982738300844766,1.041006683038781
SB67970_component_15a,170.97631,-37.452077,210.52499389648438,923.355224609375,170.97630731049196,-37.45199276001985,189.08751062743437,1.0510543740928207,1.1133733433684523
SB67970_component_17a,172.40866,-36.592584,203.61700439453125,811.22314453125,172.4086551298756,-36.592458959216515,187.8620644677255,1.0231971411274505,1.0838644032335354
SB67970_component_18a,170.487355,-37.391614,193.46200561523438,891.530029296875,170.4873463286659,-37.39149589130123,177.8817149398743,1.0267122477530706,1.0875879270706736
SB67970_component_20a,173.232999,-37.142202,148.5189971923828,634.6965942382812,173.23299834403701,-37.1420881252687,121.08207595251722,1.1579412215635598,1.2265977108835258
SB67970_component_23a,172.518352,-36.134511,131.59500122070312,626.6428833007812,172.5183784086753,-36.13439788191653,124.31610272686984,0.9993011117578724,1.0585515338252316
SB67970_component_25a,166.601127,-37.300834,140.0489959716797,395.6186218261719,166.6010852806504,-37.30074381381795,131.0317831042972,1.0089919781293821,1.0688169896932949
SB67970_component_28a,169.545575,-37.322189,124.08499908447266,626.69189453125,169.545569388096,-37.32212227915187,113.43490059410202,1.0326590413949264,1.0938873171712762
SB67970_component_29a,167.609837,-38.762379,112.6050033569336,536.2142944335938,167.60984439748614,-38.76228965798413,104.50636576086698,1.0171835014755026,1.0774942036985387
SB67970_component_31a,173.415195,-39.330874,109.2300033569336,307.6901550292969,173.41535844635362,-39.33082702238913,99.62618270493972,1.035029723107565,1.0963985610131952
SB67970_component_32a,168.677372,-37.996171,113.0719985961914,533.3585205078125,168.67738685507203,-37.996090663059135,103.58938220308869,1.0304435150016917,1.091540428096307
SB67970_component_35a,166.292455,-39.518651,105.86699676513672,213.4415283203125,166.29246021766028,-39.51855544572388,96.31711423835351,1.0376275539164705,1.0991504220438992
SB67970_component_38a,171.670708,-38.664919,97.56999969482422,439.5044860839844,171.67069595353743,-38.66482644807537,88.19583613427167,1.044365667915106,1.106288051357448
SB67970_component_40a,173.732516,-38.689181,98.36299896240234,299.8871765136719,173.73260783386905,-38.68912877868484,80.67340596050158,1.1510275888071508,1.219274155978511
SB67970_component_41a,173.726164,-39.594426,88.56400299072266,130.81832885742188,173.72633599452232,-39.594337091116685,69.74118117406688,1.1988153749276278,1.2698953688449286
SB67970_component_44a,172.511818,-38.759823,97.08000183105469,457.9245300292969,172.51179776970213,-38.759721825567894,88.80049195127589,1.0320453202312572,1.0932372073380145
SB67970_component_46a,169.967199,-34.3541,83.26799774169922,83.26799774169922,169.96728515083882,-34.35408230706441,83.65380237033692,0.939673113094741,0.9953880801863646
SB67970_component_50a,166.260828,-37.667358,85.84400177001953,199.63720703125,166.26071208492573,-37.66729957157093,58.70536297492532,1.380436843566152,1.4622855122569614
SB67970_component_54a,170.125425,-34.900965,81.71199798583984,279.8356018066406,170.12546451763362,-34.90087520348281,81.98162009796837,0.9409221627227968,0.9967111882906641
SB67970_component_55a,174.04609,-36.719076,74.78199768066406,203.76565551757812,174.0460588996387,-36.71896883305423,62.597546563061,1.1277792905712445,1.1946474228878667
SB67970_component_57a,167.687407,-39.811737,76.66699981689453,145.75474548339844,167.68750468187585,-39.81161616622316,65.63483915104017,1.1027026239987425,1.1680839141003598
SB67970_component_59a,173.442666,-39.163263,72.2030029296875,214.889892578125,173.4428437745342,-39.163239432639095,66.09854053232112,1.0312115171209983,1.092353966490098
SB67970_component_61a,170.095257,-36.445492,70.68000030517578,336.5714416503906,170.0952568881931,-36.445386169986065,64.1699728993862,1.039798176886481,1.1014497452881402
SB67970_component_63a,172.44196,-39.114331,70.96700286865234,311.2587890625,172.44194568270902,-39.114253109440284,62.692615379359104,1.0686228124875077,1.131983447160788
SB67970_component_64a,170.847636,-37.752286,73.66200256347656,404.7362976074219,170.8476234400832,-37.75219308869544,66.86684054962821,1.0399610715290843,1.101622298257161
SB67970_component_65a,170.196531,-39.556796,67.74700164794922,254.68797302246094,170.1964941192305,-39.556756152794016,63.624690241579295,1.0051913964496506,1.064791064454974
SB67970_component_68a,172.896655,-37.148228,69.32599639892578,343.197998046875,172.8966454802802,-37.148130654561974,63.09240480051717,1.0372976738276614,1.0988009827508987
SB67970_component_69a,171.672246,-39.999347,66.51300048828125,102.80216217041016,171.67225038062617,-39.99931301789389,67.21098413993913,0.9342232041355727,0.989615035985716
SB67970_component_70a,169.622963,-36.418043,65.2750015258789,300.80645751953125,169.62294041590252,-36.41792570460445,62.51677025811799,0.9856772253641354,1.0441198618606302
SB67970_component_74a,170.654863,-39.77495,63.36600112915039,177.4958038330078,170.65483419289248,-39.77492252316989,55.1004335289113,1.0856395332888682,1.1500091209972445
SB67970_component_76a,171.735957,-34.565305,60.03099822998047,95.28730010986328,171.7361452991136,-34.56521595998306,59.10297887042894,0.9588497502215917,1.0157017358056692
SB67970_component_77a,171.593245,-36.040756,62.198001861572266,320.6082458496094,171.59325859282808,-36.040637126664755,54.86453397737749,1.0702102427252322,1.133664999090644
SB67970_component_83a,168.914464,-37.942511,63.02299880981445,331.70001220703125,168.91447312275093,-37.94244762148208,56.927055674889395,1.0451165060693934,1.1070834081028011
SB67970_component_84a,167.103105,-38.458069,61.03799819946289,244.15199279785156,167.1030857451456,-38.45797361207486,54.18258407699245,1.0634692412272324,1.1265243110725216
SB67970_component_87a,172.308642,-36.512703,54.40800094604492,255.43663024902344,172.30866748020196,-36.51256378084154,58.51310895540764,0.8777967332292632,0.92984293464066
SB67970_component_89a,172.553557,-37.920426,55.75199890136719,276.0,172.5535540430645,-37.92031171008197,51.88715425259604,1.0143432774336165,1.07448557748911
SB67970_component_90a,167.093793,-39.100666,60.970001220703125,286.244140625,167.09383559313576,-39.100608438270456,56.27699315283127,1.0227504593828198,1.0833912368972356
SB67970_component_92a,173.113053,-36.411219,55.481998443603516,244.41409301757812,173.113050060921,-36.41111369723389,50.43304833389422,1.0385352489946449,1.100111936051981
SB67970_component_95a,173.419626,-39.89662,55.02399826049805,78.270263671875,173.41977937826158,-39.89648127441386,54.96354229377739,0.9450652514926067,1.0010999285016515
SB67970_component_96a,166.325392,-38.224607,53.05400085449219,63.46172332763672,166.32534432835,-38.224520438405776,45.33832968967531,1.1046812650634557,1.1701798724749652
SB67970_component_97a,172.468882,-36.118426,50.89099884033203,248.248779296875,172.4689021746858,-36.118323248070055,46.45045449043406,1.0342734395447482,1.0955974359909104
SB67970_component_101a,173.008908,-37.414433,47.558998107910156,220.1805419921875,173.0089318668217,-37.41436200839664,37.934081591632165,1.1835523930860021,1.2537274164138756
SB67970_component_104a,166.600196,-36.78305,48.25899887084961,79.50411987304688,166.60020244968743,-36.78298150963316,70.99132483493354,0.6417374615285465,0.6797872695439857
SB67970_component_106a,169.949325,-39.675375,50.0,155.27951049804688,169.94935150359575,-39.67533387665805,46.711697517437266,1.0104823198281516,1.0703956965240928
SB67970_component_107a,170.76409,-35.264187,48.26499938964844,236.5931396484375,170.76407130863993,-35.264111492822835,43.78489721844665,1.0406203996299266,1.1023207191477502
SB67970_component_113a,167.526686,-39.21388,48.66899871826172,214.40087890625,167.52668735622723,-39.21381167757622,44.52240128714661,1.03194890981754,1.0931350805715012
SB67970_component_117a,170.944774,-37.314348,44.744998931884766,216.15940856933594,170.94474517468544,-37.31425922066951,40.74850926068584,1.0366141712845978,1.0980769540704336
SB67970_component_118a,167.494088,-37.343805,43.57099914550781,217.85499572753906,167.4940673603666,-37.34372683717225,39.7572726007455,1.0345829102742619,1.0959252558157322
SB67970_component_120a,174.388687,-35.620432,46.07899856567383,43.884761810302734,174.3887820827754,-35.62048768766548,37.3916515309557,1.1633563082148672,1.2323338680968952
SB67970_component_126a,173.448231,-35.64984,40.125999450683594,145.9127197265625,173.44813384892237,-35.64975094045477,21.94234556638242,1.7263433542837143,1.8287014635372487
SB67970_component_128a,174.406003,-36.330389,39.849998474121094,35.707881927490234,174.40591716476837,-36.33027949754174,32.96906594704671,1.1410535610249004,1.2087087495328561
SB67970_component_129a,169.05191,-37.705158,40.887001037597656,225.89503479003906,169.0518729877148,-37.70509432070919,28.11905260186442,1.3726788364232725,1.4540675184371845
SB67970_component_133a,168.670102,-35.549383,41.255001068115234,205.24876403808594,168.6700364585598,-35.54922530549592,39.743602416011136,0.9799270313572486,1.0380287281531182
SB67970_component_134a,171.889504,-38.990902,41.01100158691406,201.03433227539062,171.88948610593854,-38.99085313419196,36.53390430172341,1.0597139561095883,1.1225463681137264
SB67970_component_142a,169.690667,-39.763293,40.19499969482422,104.13211822509766,169.69067337035042,-39.763172312565615,36.811526772713215,1.0307956191562464,1.0919134091612583
SB67970_component_144a,172.998413,-39.705476,39.904998779296875,116.00289916992188,172.99847402957158,-39.70533660978855,37.47472740731872,1.005247922422433,1.064850941957847
SB67970_component_146a,172.044122,-35.097629,38.64099884033203,173.27801513671875,172.04423061336306,-35.097559552577216,35.3338937751182,1.032383868336796,1.0935958285905831
SB67970_component_150a,169.271053,-39.998099,39.926998138427734,60.58725357055664,169.27101397562708,-39.99800785139671,38.66804570197995,0.9747624730409766,1.0325579535658644
SB67970_component_151a,171.185924,-36.105547,38.0989990234375,203.7379608154297,171.18599192529283,-36.105461641461474,29.383999252107387,1.2240158063295083,1.2965899807088064
SB67970_component_153a,169.156131,-38.477403,38.10200119018555,194.39796447753906,169.15616833683782,-38.4772897921736,31.058276733882572,1.1581232910018586,1.2267905755575526
SB67970_component_154a,173.93962,-38.655183,37.56399917602539,101.7994613647461,173.93973901863703,-38.6551374835341,34.6028891813973,1.0248111107158802,1.085574068081575
SB67970_component_155a,169.493374,-36.822023,36.69300079345703,197.27420043945312,169.4934759617553,-36.821903205396836,41.455238254359806,0.8355802755167044,0.8851233846086524
SB67970_component_158a,169.556507,-38.462431,38.275001525878906,199.34896850585938,169.55650669238474,-38.462347887682085,34.36528170859614,1.0514283263862758,1.1137694679891068
SB67970_component_159a,167.513151,-35.498307,37.145999908447266,166.57398986816406,167.5131668169081,-35.498172813936435,33.51982265681476,1.0461517981954274,1.1081800846250982
SB67970_component_161a,165.957083,-38.852333,37.90299987792969,44.855621337890625,165.95697625481088,-38.852204198718006,28.13711193223723,1.2716817262647884,1.3470821017171806
SB67970_component_162a,174.293941,-38.24424,36.18000030517578,63.141361236572266,174.2940851936004,-38.24419964074641,28.08355902912192,1.2161882014865917,1.2882982626118742
SB67970_component_163a,173.726459,-34.880911,36.04999923706055,100.69831848144531,173.72647394743595,-34.88081712110551,32.91578523623578,1.0339163534689937,1.095219177617383
SB67970_component_164a,171.427269,-37.046193,35.00600051879883,180.44329833984375,171.42722300371602,-37.04608712171996,28.89842939163999,1.143543316233933,1.211346126960301
SB67970_component_167a,168.153291,-37.762615,35.893001556396484,191.94117736816406,168.15329684318505,-37.76256569739511,30.115653285854876,1.1251277961421653,1.1918387164211108
SB67970_component_168a,172.176071,-34.712284,35.347999572753906,94.76675415039062,172.17622065409995,-34.71218544800556,33.44026945643804,0.9978825717006993,1.0570488858889437
SB67970_component_172a,170.243702,-37.018147,33.81100082397461,178.89419555664062,170.24365864918553,-37.01805675830172,28.212229971739877,1.1313708263291944,1.1984519074827835
SB67970_component_174a,171.864014,-35.727718,35.268001556396484,191.67391967773438,171.86403979579646,-35.72765756003442,31.818033856651343,1.046385894081697,1.108428060491989
SB67970_component_175a,171.461168,-39.626722,35.99599838256836,117.63398742675781,171.46116762386455,-39.626665854191394,26.668695231054485,1.2741977097085764,1.349747262500216
SB67970_component_176a,171.919736,-37.460628,33.762001037597656,178.6349334716797,171.91969708715555,-37.460574811879056,21.82353646783025,1.4604524278997482,1.547045369450809
SB67970_component_179a,172.573081,-38.818036,35.35200119018555,168.34286499023438,172.57305614865297,-38.81793302197294,33.57414871618221,0.9940159615104692,1.0529530171868942
SB67970_component_182a,168.203488,-34.747335,34.66699981689453,86.45137023925781,168.20364478649253,-34.7472774287532,32.967653049182836,0.9926875884527854,1.0515458824192465
SB67970_component_184a,166.814991,-35.606976,32.507999420166016,110.19660949707031,166.81493778594827,-35.60684868155369,30.053395866861337,1.0211300483157844,1.0816747486433396
SB67970_component_187a,167.64331,-39.564785,35.00600051879883,112.19871520996094,167.6433814369417,-39.564699273676624,32.05841957627366,1.0308245452288562,1.0919440503145286
SB67970_component_188a,170.692195,-34.394436,31.833999633789062,38.354217529296875,170.6923585456347,-34.39439720850904,30.049478599297984,1.000088955037201,1.0593860897983358
SB67970_component_191a,169.069783,-37.002049,32.803001403808594,188.5229949951172,169.0697375209074,-37.001975630567635,28.76694111721485,1.076475780041772,1.1403020317714094
SB67970_component_193a,172.198937,-35.589325,30.426000595092773,158.46875,172.1989796282277,-35.58926629745878,27.263878318697458,1.0535171248652824,1.1159821152160418
SB67970_component_196a,169.527,-35.320091,30.381000518798828,151.90499877929688,169.5269293426239,-35.319917878602574,44.36158982556519,0.6465160858688553,0.6848492274118302
SB67970_component_200a,173.425218,-37.802146,30.722999572753906,106.67708587646484,173.4251590870634,-37.80209587837248,20.372469301029543,1.4236535243454713,1.5080645904422243
SB67970_component_201a,173.545862,-39.770991,30.305999755859375,47.876773834228516,173.54604268917504,-39.77088161574319,33.666499951086706,0.8497966441884139,0.9001826682277716
SB67970_component_203a,173.81346,-39.198317,30.332000732421875,59.59135818481445,173.81368347275017,-39.19829855855563,29.113761972099482,0.9835288317761814,1.0418440860198646
SB67970_component_204a,173.144201,-38.102981,28.00200080871582,121.7478256225586,173.14413198655342,-38.10286202286378,22.912361458975237,1.1537283822995308,1.2221350845417494
SB67970_component_205a,170.685109,-34.755872,28.117000579833984,74.97866821289062,170.685290926737,-34.755775654128286,27.575453416754762,0.9625663881490217,1.0196387401104412
SB67970_component_210a,166.672089,-35.762202,27.334999084472656,97.27758026123047,166.6720149336624,-35.76210101205375,23.39400979963142,1.103059047113992,1.16846147020522
SB67970_component_212a,165.924672,-39.291269,30.63599967956543,44.78947067260742,165.9246505602078,-39.29121396989356,26.83443125146901,1.0777648764179268,1.1416675610700082
SB67970_component_214a,170.156766,-38.012654,29.211000442504883,164.1067352294922,170.1567131376161,-38.01258452655317,23.98818005013879,1.1495649034929825,1.2177247453308102
SB67970_component_216a,174.262795,-36.799667,28.17099952697754,54.3841667175293,174.26285732575892,-36.79954334335911,23.183843386215894,1.1470997544286532,1.215113432992167
SB67970_component_217a,166.031579,-38.107004,28.242000579833984,92.59671783447266,166.03155350705214,-38.10685012022434,26.48370703952624,1.0067022686183018,1.0663915190454092
SB67970_component_218a,170.709197,-38.382111,28.093000411987305,143.33163452148438,170.70916530212054,-38.3820365240291,25.031479066381117,1.0594878441984834,1.122306849606742
SB67970_component_220a,166.493718,-38.247775,27.35099983215332,46.123104095458984,166.49358515416267,-38.24759324357454,21.530058245835445,1.19925728946007,1.2703634853121597
SB67970_component_221a,174.228825,-38.822253,28.966999053955078,44.63328170776367,174.22895715707932,-38.822242390744314,23.26054273929923,1.1756228699799196,1.2453277371303404
SB67970_component_222a,169.665086,-38.518727,28.224000930786133,153.3913116455078,169.6650650570038,-38.51864456667874,25.78874795137244,1.0331721359894273,1.0944308340988727
SB67970_component_224a,168.962018,-36.035356,27.187000274658203,153.598876953125,168.96196972886298,-36.03521448626894,23.66690533106199,1.0844366402229384,1.1487349061635115
SB67970_component_225a,169.302089,-35.727153,26.854000091552734,131.6372528076172,169.30203229482117,-35.727009880371476,24.058232774887067,1.0537306880297235,1.1162083409378265
SB67970_component_227a,167.284617,-36.791392,26.965999603271484,122.01809692382812,167.28463006836566,-36.791298737090244,23.535423120454332,1.0816303830628955,1.1457622607955444
SB67970_component_229a,172.624689,-35.949684,26.180999755859375,134.26153564453125,172.624704594419,-35.9496006670222,23.266211555633184,1.0622944651769053,1.1252798803645567
SB67970_component_231a,171.669583,-39.85631,27.01099967956543,62.09425354003906,171.66955829172164,-39.85627190788233,31.644748478715215,0.8057927850026202,0.8535697383638071
SB67970_component_234a,169.257624,-35.535205,24.44499969482422,132.1351318359375,169.25757980895597,-35.53500598406219,23.258606759781944,0.9921805403861076,1.0510087705293572
SB67970_component_235a,166.697595,-40.005004,25.231000900268555,31.18788719177246,166.69770631810513,-40.00485657060016,21.600458311121855,1.1026961999381748,1.1680771091452893
SB67970_component_237a,169.157945,-39.737083,26.422000885009766,74.21910095214844,169.15797739358268,-39.73700661951274,24.17069922493276,1.0319552229482414,1.0931417680194673
SB67970_component_240a,166.246678,-37.758976,24.388999938964844,54.930179595947266,166.2466422389576,-37.758942259517234,21.41618151234521,1.0750689489134555,1.1388117870081542
SB67970_component_242a,172.540155,-35.82575,24.615999221801758,122.4676513671875,172.54015491271088,-35.8256406074699,21.919933027778743,1.0601385116296844,1.1229960963204741
SB67970_component_243a,171.044062,-37.167387,24.368999481201172,128.2578887939453,171.04403006273435,-37.16729037075383,19.158970071228488,1.2007425604174045,1.271936820747829
SB67970_component_248a,173.393946,-35.857769,26.790000915527344,87.83606719970703,173.39396099427057,-35.85772690108172,21.00048655163699,1.2042807279444439,1.2756847728101357
SB67970_component_252a,171.876184,-39.241127,24.104999542236328,113.16901397705078,171.87611564520813,-39.24106438287884,20.710230611926676,1.0987694035621736,1.1639174857065406
SB67970_component_254a,167.306158,-35.011832,25.868999481201172,83.18006896972656,167.3061973291975,-35.01171167660975,22.978766582046042,1.062765097735232,1.1257784176028556
SB67970_component_261a,167.452931,-35.946593,21.926000595092773,109.6300048828125,167.45298550635792,-35.94654287822317,20.232541476506068,1.0230417252837993,1.0836997724953705
SB67970_component_263a,166.878001,-36.11648,21.87299919128418,97.21333312988281,166.8780455535241,-36.1164420559771,19.396257099953154,1.0645713388011777,1.127691754062025
SB67970_component_271a,170.876014,-38.449462,22.46500015258789,111.2128677368164,170.87595149887036,-38.44943385606603,20.550166512087493,1.0319898966357495,1.0931784975744163
SB67970_component_272a,171.636862,-36.452157,21.56800079345703,116.58378601074219,171.63684689848915,-36.45206060719898,15.922637047532284,1.2787311950320777,1.3545495466028772
SB67970_component_273a,165.698633,-39.338906,23.246000289916992,20.039655685424805,165.69850353555628,-39.33889007809873,18.196117290017096,1.206018239779551,1.2775253049545028
SB67970_component_274a,172.056681,-35.995731,23.64299964904785,128.49456787109375,172.0567197301349,-35.99563428943572,21.461410936121855,1.0399888190697035,1.1016516910010865
SB67970_component_277a,168.5063,-36.066924,22.1560001373291,119.76216125488281,168.50629839009306,-36.06684627136526,19.214246070545613,1.0885600098297323,1.1531027580256212
SB67970_component_278a,167.112625,-35.132368,21.38800048828125,59.74301528930664,167.11258103781086,-35.132222699197676,18.05201993353838,1.1184813470182848,1.1847981869632793
SB67970_component_281a,169.775486,-34.470693,20.059999465942383,31.590551376342773,169.7755593826404,-34.470633925236925,20.339958422592943,0.9310333140296625,0.9862360113607906
SB67970_component_288a,168.826039,-37.623062,19.697999954223633,111.92045593261719,168.82603170746222,-37.62296859149803,15.57200235031763,1.1941586705461125,1.2649625597970606
SB67970_component_290a,169.674416,-34.551432,19.70599937438965,38.33852005004883,169.67448684962966,-34.55147106124073,17.22890947250428,1.079754544059871,1.1437751998081231
SB67970_component_291a,167.023352,-35.615917,20.670000076293945,82.68000030517578,167.0233993752042,-35.61578465618229,19.545350460236655,0.9983466868930605,1.0575405193345238
SB67970_component_293a,170.122572,-34.424987,18.18600082397461,23.07868194580078,170.12256683011992,-34.424915158306774,16.272807555520025,1.05501608927047,1.1175699560095638
SB67970_component_294a,167.425734,-39.002759,20.256999969482422,91.66062927246094,167.42577678281103,-39.002708468662604,17.579528770403996,1.0878080362527267,1.1523061985362246
SB67970_component_296a,172.570206,-35.752058,19.989999771118164,105.21052551269531,172.57025944273755,-35.75198893769836,25.780139856475472,0.7320013548533019,0.7754030770355601
SB67970_component_298a,171.654275,-36.564017,21.834999084472656,121.98323059082031,171.65425816356952,-36.56393950423562,19.542271863697522,1.0547814711497083,1.1173214269439262
SB67970_component_302a,168.888083,-35.492567,19.135000228881836,108.10734558105469,168.888003766414,-35.49236701102264,16.249118066176695,1.1116883187982838,1.177602387462015
SB67970_component_306a,167.218927,-34.728093,19.799999237060547,42.76457595825195,167.21901325740393,-34.727964979931144,17.55277888535267,1.064887321385484,1.1280264718416253
SB67970_component_308a,172.294092,-35.246428,18.75200080871582,94.23116302490234,172.29415033089617,-35.24635337407683,18.964419064283717,0.9334529538538234,0.9887991161317485
SB67970_component_309a,169.058786,-39.519993,19.6200008392334,77.85714721679688,169.05878003724595,-39.519887171225264,18.166608334948407,1.0195523578753827,1.0800035140015098
SB67970_component_313a,170.284054,-34.982789,18.388999938964844,77.59071350097656,170.2840560569309,-34.98268456333653,16.62247173475272,1.044351928447498,1.1062734972512438
SB67970_component_315a,174.637068,-38.276021,18.31399917602539,16.149911880493164,174.63720550003407,-38.276029023895255,8.562953884181804,2.01903547638501,2.1387478460974227
SB67970_component_316a,166.304475,-38.608998,20.573999404907227,33.56280517578125,166.30448423917215,-38.60884162942465,17.589532373956523,1.1042026728185088,1.1696729036054179
SB67970_component_322a,170.994976,-37.384031,18.152000427246094,92.61225128173828,170.99489589108185,-37.384013077426516,17.00064621989136,1.0079603021127306,1.0677241436862328
SB67970_component_323a,169.37469,-39.629335,17.882999420166016,68.25572204589844,169.3746835998041,-39.62927644182963,19.056299157281778,0.8859029854965448,0.9384298216861576
SB67970_component_325a,169.083726,-36.481515,17.812999725341797,96.80978393554688,169.0836692692554,-36.481395264344684,16.925946600326057,0.9935013455296307,1.0524078886671338
SB67970_component_327a,168.049105,-39.891689,17.33799934387207,31.2960262298584,168.04909076315676,-39.89158415438953,11.285102924117103,1.4503667090372965,1.536361649553012
SB67970_component_331a,171.091878,-36.353784,18.965999603271484,99.29842376708984,171.09183790231222,-36.353653709430915,17.511828326911328,1.0224182921279996,1.083039374827896
SB67970_component_333a,166.499966,-39.916145,17.340999603271484,25.8050594329834,166.5000656354578,-39.9160825218302,17.34346694045072,0.9438925891204607,0.9998577367957797
SB67970_component_337a,169.949598,-35.363679,17.718000411987305,96.2934799194336,169.94966676699795,-35.36352497104931,16.64436841610362,1.0049206072200114,1.0645042196281196
SB67970_component_339a,173.208209,-39.157502,16.261999130249023,66.64753723144531,173.20839046321092,-39.157507038265194,14.095211885333361,1.089147476420791,1.1537250566038169
SB67970_component_340a,167.397606,-39.235396,17.110000610351562,75.37445068359375,167.3976236296349,-39.23526626475802,18.72858347970641,0.8624411275687771,0.9135768665522045
SB67970_component_341a,170.266948,-35.316271,16.719999313354492,81.96078491210938,170.2668700828922,-35.316122728771326,14.33150235072524,1.1013589892015032,1.1666606126962247
SB67970_component_345a,172.046457,-38.16747,16.2549991607666,79.29267883300781,172.04654921630873,-38.16737506771902,11.286757213831972,1.3595717533735154,1.4401832920483153
SB67970_component_350a,172.40691,-38.121734,17.81999969482422,88.21781921386719,172.40696041989136,-38.12161343399959,16.23076821714594,1.0364610384511546,1.0979147417063992
SB67970_component_354a,171.359918,-39.204091,16.40399932861328,82.0199966430664,171.3599737947362,-39.204038691161145,14.93806580604506,1.0366681109289229,1.0981340918966225
SB67970_component_355a,169.307164,-37.360157,16.09600067138672,94.12865447998047,169.3071489751705,-37.36010413637849,14.23690995232975,1.0673002425834608,1.1305824596265528
SB67970_component_356a,167.913438,-34.714264,15.83899974822998,43.3945198059082,167.91354737354106,-34.71425328455059,11.919515940731344,1.2544504104064886,1.328829109083615
SB67970_component_357a,168.719722,-37.893927,16.658000946044922,90.04324340820312,168.71972727691184,-37.893832427860296,15.023673798315851,1.0467213963775466,1.108783455343145
SB67970_component_358a,173.239989,-36.269924,17.28499984741211,68.05117797851562,173.23994103122553,-36.26987760319926,15.19928355157571,1.0735706445665874,1.1372246454090378
SB67970_component_363a,173.111248,-36.929538,15.77400016784668,84.35293579101562,173.11123447080678,-36.92941574007095,14.152327342974084,1.0522001046992135,1.1145870064740746
SB67970_component_365a,166.377126,-39.526741,16.197999954223633,40.19355010986328,166.3771143321021,-39.52663057069464,14.357583545737649,1.0650362898984234,1.1281842729748455
SB67970_component_368a,171.845261,-37.852011,15.437999725341797,82.11701965332031,171.84519454783205,-37.851919828184535,13.893343662065611,1.0489833990955642,1.1111795764106602
SB67970_component_371a,169.752253,-38.731319,15.140999794006348,80.53723907470703,169.75227097722353,-38.731252636999415,14.205849706991978,1.00617078407267,1.0658285217922654
SB67970_component_373a,172.709264,-34.977417,15.793999671936035,55.612674713134766,172.70951629212271,-34.97728997445657,14.797235876770474,1.0076179433658006,1.0673614858522555
SB67970_component_375a,171.319606,-36.295388,15.862000465393066,86.20652770996094,171.3195471435194,-36.29528722348572,15.003427985904764,0.9980489107717604,1.0572250875129938
SB67970_component_378a,173.578108,-39.827805,15.494999885559082,20.715240478515625,173.578263523458,-39.827723192923415,15.23217512830184,0.9603156752185398,1.0172545782229687
SB67970_component_381a,173.403871,-37.262504,16.482999801635742,69.54852294921875,173.40391619266416,-37.26251201059935,15.374469636374192,1.0120931257413888,1.0721020101167522
SB67970_component_387a,172.260932,-39.410782,14.493000030517578,56.835296630859375,172.2609375958617,-39.41070508648515,12.559819322671366,1.0893295027215018,1.1539178755825479
SB67970_component_388a,171.302337,-39.729727,14.175000190734863,35.4375,171.30237817420476,-39.72968807727002,9.863308369435655,1.3567031300492538,1.4371445827102238
SB67970_component_389a,169.647137,-38.921506,14.513999938964844,77.20213317871094,169.647032681695,-38.92134959106124,14.255060775732318,0.9611748719172333,1.0181647182924216
SB67970_component_390a,169.350626,-37.456507,14.253000259399414,81.44571685791016,169.35062939726143,-37.45645234739986,12.576874827729334,1.0698377525379896,1.1332704232672
SB67970_component_391a,169.002036,-37.05925,15.079000473022461,86.66092681884766,169.00199871900557,-37.059131857653526,12.21077836665412,1.165771868470099,1.2348926514136922
SB67970_component_392a,172.097743,-37.109454,14.15999984741211,76.1290283203125,172.0977709709224,-37.10939419616808,8.301911104308624,1.6101618581617552,1.705631350360182
SB67970_component_397a,167.864995,-39.231221,14.765000343322754,73.09405517578125,167.86498996017363,-39.231192334169485,14.092603678937122,0.9890689941906429,1.0477127349710826
SB67970_component_399a,168.532436,-37.896211,14.414999961853027,80.08332824707031,168.53246138723813,-37.896076099447455,11.293328244851454,1.2049722880450369,1.2764173367957068
SB67970_component_401a,172.466398,-35.992807,13.529000282287598,69.3794937133789,172.46645514842984,-35.99268099751232,11.682708263141611,1.0932174086395336,1.1580363026757203
SB67970_component_402a,168.622834,-35.591829,14.262999534606934,72.03535461425781,168.62278756901617,-35.591681153331585,12.732768341292678,1.0574805669442582,1.1201805571496717
SB67970_component_404a,170.071042,-38.073525,13.689000129699707,73.99459075927734,170.07099378180428,-38.07343597875889,16.292289694737626,0.7931840431094224,0.840213400705809
SB67970_component_405a,171.958014,-38.140114,14.564000129699707,73.18592834472656,171.95803440079735,-38.139943884370695,13.654523052591022,1.0069050150534071,1.0666062866938517
SB67970_component_406a,167.305958,-37.583027,14.779000282287598,67.7935791015625,167.30594688639778,-37.58294608106458,14.228303900641361,0.9805647786633033,1.038704288683447
SB67970_component_407a,170.546157,-36.102574,13.456999778747559,73.93955993652344,170.54619970453479,-36.10245009087443,12.014522084506924,1.0573678713623007,1.1200611796369955
SB67970_component_412a,167.535914,-39.437741,14.159000396728516,55.30859375,167.53597047799875,-39.43765749338878,13.118147455933569,1.0189302374125577,1.0793445068590193
SB67970_component_413a,171.635264,-35.654127,13.628999710083008,67.80596923828125,171.6353110460921,-35.65402279069576,11.634486767819123,1.1058624637981889,1.1714311066802439
SB67970_component_416a,171.164262,-35.419953,12.864999771118164,66.3144302368164,171.1642463485162,-35.4198748138964,11.631362629312784,1.0441515842339923,1.1060612742565887
SB67970_component_417a,173.733838,-37.883419,12.043999671936035,31.12144660949707,173.7338197967288,-37.88328817472026,11.940321369185982,0.9522239138137545,1.0086830412301642
SB67970_component_423a,170.436078,-36.482138,12.487000465393066,70.15168762207031,170.43613128145444,-36.48199497633039,10.495012409231698,1.1232063143674664,1.1898033064171665
SB67970_component_427a,170.765349,-37.712556,13.29800033569336,73.87777709960938,170.76531033409904,-37.71246822271705,11.815190700926994,1.0625025198536175,1.125500270990127
SB67970_component_428a,174.237349,-35.169963,12.571000099182129,21.127729415893555,174.23746692007288,-35.170013224500416,10.27138004002161,1.155381465214144,1.2238861818178506
SB67970_component_429a,169.774993,-35.72686,12.795999526977539,72.70454406738281,169.77491955066577,-35.72663647883113,10.078278421391213,1.1985943556305176,1.2696612449024969
SB67970_component_433a,172.314807,-34.95219,12.826000213623047,51.927127838134766,172.31493489665283,-34.952128809131175,12.650091008557931,0.9571543064042173,1.0139057659700719
SB67970_component_434a,173.753422,-36.755707,13.243000030517578,56.11440658569336,173.75342461969998,-36.75559299244301,11.85309440723263,1.0547244201181594,1.1172609932505762
SB67970_component_437a,172.461418,-39.366147,11.97700023651123,48.68699264526367,172.46138037521868,-39.36609702134409,10.535711480885043,1.0731700747744979,1.1368003250887346
SB67970_component_438a,168.250076,-34.811649,12.564000129699707,35.29213333129883,168.25013911032946,-34.81161991156797,16.141685735425828,0.734790291138209,0.77835737454148
SB67970_component_440a,169.238331,-35.079648,11.878000259399414,51.198280334472656,169.23841710741846,-35.079570137468465,12.443598808115924,0.9011180616001491,0.9545470279588557
SB67970_component_442a,171.939955,-35.909477,12.85200023651123,71.4000015258789,171.93991567071197,-35.90940165486675,12.347244272079143,0.9826187559449023,1.0408800500993969
SB67970_component_447a,171.815341,-34.695385,12.211000442504883,28.936019897460938,171.8155635832949,-34.69534232116117,10.206160484784998,1.1294661475796308,1.196434296786596
SB67970_component_448a,166.976149,-36.479735,12.449999809265137,49.60159683227539,166.97616738522538,-36.4796683667455,11.690657273711095,1.0053442093057299,1.0649529378695912
SB67970_component_450a,168.68062,-38.825017,11.904999732971191,65.4120864868164,168.68071289927127,-38.824991860236565,10.609382528522822,1.059311400652817,1.1221199443949885
SB67970_component_451a,174.050306,-36.866622,12.998000144958496,38.916168212890625,174.05035789436656,-36.866503581944656,11.867757991465757,1.033932580545354,1.0952363668272904
SB67970_component_454a,170.841731,-34.709301,12.324999809265137,33.04289627075195,170.84186160433984,-34.70918036072702,12.206530701981965,0.9531890359344973,1.0097053872370088
SB67970_component_457a,174.188468,-38.666268,12.809000015258789,24.30550193786621,174.18858821983727,-38.66629523499756,10.507784142086349,1.1507697795611942,1.2190010607427197
SB67970_component_458a,167.667964,-36.779151,12.027000427246094,65.3641357421875,167.66805490012746,-36.779013119066114,9.623679637765447,1.1797786532417849,1.249729924513435
SB67970_component_460a,174.415181,-34.930529,12.420000076293945,12.407591819763184,174.41524820917783,-34.93026508622275,7.5574475748662815,1.55142512367489,1.6434120056087456
SB67970_component_462a,170.74723,-35.127613,12.15999984741211,56.036869049072266,170.7472878292242,-35.127535394705625,10.191547022778348,1.1263615627273653,1.1931456353225103
SB67970_component_464a,173.891152,-37.933659,12.534000396728516,30.871923446655273,173.8910588242811,-37.93345098787773,10.71575828795018,1.1042086885909506,1.1696792760641999
SB67970_component_465a,172.447027,-38.949952,11.319999694824219,53.145538330078125,172.4469752181685,-38.94986327524142,10.154626069041537,1.0523660868826765,1.1147628300499968
SB67970_component_466a,166.541851,-37.718201,11.880999565124512,43.04710006713867,166.54179752073378,-37.71812045877681,10.457420567626604,1.0725382028982469,1.1361309883533737
SB67970_component_467a,169.747978,-35.523914,11.706000328063965,64.31868743896484,169.7479221404889,-35.523738147370686,11.283804580381704,0.9793486760976927,1.0374160811342215
SB67970_component_469a,165.97306,-39.100024,11.03600025177002,17.190031051635742,165.97291048071867,-39.09994921635363,10.09765749469973,1.0317522647883253,1.0929267760926558
SB67970_component_470a,173.318501,-36.861173,11.729000091552734,58.939697265625,173.31847620545642,-36.8610746898109,8.20669854561511,1.3492016808929197,1.4291983586773285
SB67970_component_472a,167.146159,-34.586215,12.01099967956543,17.980539321899414,167.14613151242614,-34.586145204928975,11.494246436679521,0.9864680323913112,1.0449575573077055
SB67970_component_474a,172.068881,-34.684387,10.850000381469727,29.64480972290039,172.06904325573805,-34.6843478501686,6.798937908632347,1.506513553715227,1.5958375451103772
SB67970_component_481a,168.208895,-34.968154,11.40999984741211,43.71647262573242,168.20893457458217,-34.96804567239849,10.889001125112605,0.9891951098514278,1.0478463282640276
SB67970_component_483a,168.126163,-37.631072,11.534000396728516,66.67052459716797,168.1261123594635,-37.631098310877896,14.545388010327335,0.7485813722709638,0.7929661545322331
SB67970_component_488a,169.762265,-38.061812,11.815999984741211,63.870269775390625,169.76227157532966,-38.061751806637936,10.353204685511349,1.0774076288167413,1.1412891315939064
SB67970_component_490a,171.12697,-39.667084,11.937000274658203,36.282676696777344,171.12696199094125,-39.66709456792486,11.133549935004844,1.0121523955938838,1.0721647941890702
SB67970_component_493a,169.906351,-37.08991,11.777999877929688,67.68965911865234,169.90637322455987,-37.089840746613916,10.624418470255506,1.046527734140842,1.1085783105121272
SB67970_component_494a,169.173705,-35.251243,11.118000030517578,58.82539749145508,169.17372555862175,-35.251088706255715,8.89479656034511,1.179981005082082,1.249944274170809
SB67970_component_497a,169.788389,-35.313434,10.663999557495117,60.93714141845703,169.78834917366606,-35.31329178781156,9.42318442768542,1.0683333652433955,1.1316768380510698
SB67970_component_500a,166.663596,-37.098131,10.526000022888184,26.92071533203125,166.6636213425702,-37.097978922730235,10.087306240316599,0.9850823225558537,1.0434896861580576
SB67970_component_501a,172.678315,-38.726124,11.909000396728516,55.91080093383789,172.67829390728036,-38.72604303763184,10.061782949172313,1.1173384138084839,1.1835874871170975
SB67970_component_505a,173.737579,-36.979421,10.42300033569336,41.859439849853516,173.7375747553136,-36.97929758728803,9.259683391670274,1.0626273241784734,1.1256324751955957
SB67970_component_507a,166.062771,-35.724012,10.821000099182129,13.375772476196289,166.06240227322454,-35.72384274124895,11.312769423645245,0.9029897703555668,0.9565297138086055
SB67970_component_511a,169.28506,-39.057895,10.048999786376953,54.61412811279297,169.28507220617502,-39.05778940448491,10.473047716366521,0.9058037609431061,0.9595105511333729
SB67970_component_513a,171.30629,-36.670229,10.678000450134277,59.65363311767578,171.3062640988017,-36.67004303631672,8.083778908458296,1.2469811042850405,1.3209169339059448
SB67970_component_522a,169.218805,-37.74542,11.13599967956543,66.68263244628906,169.2187638725344,-37.745365121289126,10.062023395895608,1.0447881826895788,1.1067356178189673
SB67970_component_523a,174.072881,-34.640692,10.451000213623047,13.096491813659668,174.0731451583227,-34.6405032326968,7.873019806519483,1.2531437066532494,1.3274449284337875
SB67970_component_526a,173.490436,-39.94071,9.145000457763672,10.415718078613281,173.4904478405948,-39.94058682455549,9.559181559047856,0.9031240051748974,0.9566719076601116
SB67970_component_528a,173.497361,-38.292431,9.826000213623047,42.17167663574219,173.49734659968445,-38.29229999082209,8.854940701238094,1.0475517262038434,1.1096630169696313
SB67970_component_529a,172.227576,-37.835735,9.954999923706055,52.120418548583984,172.22755139596512,-37.8356374297504,8.401515788920012,1.1185823901507215,1.1849052211310238
SB67970_component_531a,168.473221,-39.399415,9.595000267028809,45.473934173583984,168.47330086853157,-39.39941075321151,7.90693909619241,1.1455682338996531,1.2134911057616828
SB67970_component_533a,169.657336,-38.078154,9.791000366210938,54.39444351196289,169.65740020439338,-38.07808071416972,9.107359002355757,1.0148900046151144,1.0750647211423583
SB67970_component_537a,168.711354,-38.245098,9.65999984741211,51.657752990722656,168.71144634116084,-38.24502485898966,8.633421683054902,1.056278720354671,1.118907450839811
SB67970_component_538a,170.898646,-39.854818,8.986000061035156,18.04417610168457,170.89870316074624,-39.854829962389,9.959120388262088,0.8517846310865785,0.9022885265676815
SB67970_component_539a,170.650492,-34.722782,9.279999732971191,22.57907485961914,170.6505644180227,-34.72265650354603,9.512298548964072,0.9209729106538844,0.9755791079519703
SB67970_component_542a,168.06899,-37.031668,10.262999534606934,54.882347106933594,168.06900730238033,-37.03152052644269,9.04384751865258,1.071286032487319,1.1348045744291797
SB67970_component_545a,173.462657,-39.224851,9.003999710083008,26.71809959411621,173.46286446024092,-39.22486215776749,7.281790507918956,1.1672977723432159,1.2365090289663163
SB67970_component_549a,171.364411,-36.969444,10.281999588012695,56.494503021240234,171.36435972336233,-36.96932787465623,9.513507251538265,1.0202845103653457,1.0807790771747372
SB67970_component_551a,173.283753,-35.660046,9.324000358581543,39.84615707397461,173.28358456001385,-35.659904144336814,8.460944158503969,1.0403220835027447,1.1020047153023849
SB67970_component_553a,166.081728,-37.982004,8.904000282287598,10.992592811584473,166.08187407710327,-37.982142156516446,8.418443090784905,0.9984762739562001,1.0576777898557275
SB67970_component_554a,170.542397,-35.022604,9.265000343322754,37.9713134765625,170.5422257000015,-35.02239272523822,6.347331691004817,1.3779663455890212,1.459668533858525
SB67970_component_555a,173.639693,-38.150576,8.706999778747559,33.36015319824219,173.63972673921828,-38.150513538012966,7.439174432483432,1.1049131851699334,1.1704255435560322
SB67970_component_560a,169.76928,-36.824054,9.022000312805176,50.122222900390625,169.76934648376408,-36.82392502991875,5.203273706356579,1.6368562124945092,1.733908462624876
SB67970_component_561a,169.413452,-38.293113,9.640999794006348,54.16291809082031,169.41346282008766,-38.29300872300126,9.212692778073832,0.9879156144233345,1.0464909691715634
SB67970_component_568a,172.298974,-36.154719,9.284000396728516,49.913978576660156,172.29906773008724,-36.154590737524785,7.712977115858172,1.1363116840824978,1.2036857178845066
SB67970_component_572a,168.917499,-37.129549,8.916000366210938,50.37288284301758,168.91742243086946,-37.12944007069957,7.8162590841427315,1.0768507032697978,1.1406991848951515
SB67970_component_577a,171.319828,-37.574456,9.081000328063965,48.56149673461914,171.31986363747947,-37.574367787946535,7.910175226060226,1.0837570910181704,1.1480150652221246
SB67970_component_578a,171.951316,-36.57107,8.970000267028809,49.016395568847656,171.95147619130654,-36.57098611806148,6.6190279408628525,1.2793300656458249,1.3551839253694833
SB67970_component_580a,169.781607,-35.991789,9.319999694824219,48.541664123535156,169.781578565828,-35.991617464940376,9.089764620486992,0.9679381907626825,1.025329046895044
SB67970_component_581a,167.239713,-38.554793,8.855999946594238,42.990291595458984,167.2396780255312,-38.55463740800986,7.962942675651369,1.0499010758632754,1.1121516639412223
SB67970_component_583a,169.341072,-35.718026,8.944999694824219,45.63775634765625,169.3411102737094,-35.717928281605005,7.65040150611278,1.1037747797859636,1.169219639998899
SB67970_component_584a,168.375665,-34.826696,8.760000228881836,26.626140594482422,168.37560807258936,-34.82657569081831,9.295562690627849,0.8896369205971185,0.9423851487456496
SB67970_component_585a,168.281287,-35.637323,8.116000175476074,42.492149353027344,168.28127412164963,-35.63718757660282,7.296828828694852,1.0500071441967929,1.112264021263569
SB67970_component_586a,168.152657,-37.263458,8.772000312805176,49.00558853149414,168.15269847290756,-37.26334860524342,7.945515221451158,1.0422236869988666,1.104019068407633
SB67970_component_588a,173.191376,-35.388263,8.694000244140625,41.203792572021484,173.19133807193927,-35.38813392238593,8.071021745748045,1.0168935564242554,1.0771870672657742
SB67970_component_589a,167.963177,-38.246501,9.32800006866455,49.0947380065918,167.96333761332335,-38.2464997605423,8.690613907893475,1.0132636178032555,1.0733419028306106
SB67970_component_590a,166.791188,-37.360553,9.053999900817871,38.858367919921875,166.7911268636786,-37.36050315002838,9.007987411073827,0.9488489462791381,1.005107965591457
SB67970_component_592a,169.684557,-35.761247,8.652000427246094,44.829017639160156,169.68450781648025,-35.76104956472412,8.035521760783686,1.0164518613307685,1.0767191832484422
SB67970_component_597a,171.275183,-36.711998,8.779000282287598,48.772220611572266,171.27522485665963,-36.71184191823645,7.7646866520569136,1.0673466554413322,1.1306316243891164
SB67970_component_600a,170.178656,-35.779383,7.882999897003174,41.7089958190918,170.17870315724022,-35.77918770598727,6.962341686834894,1.0688593301968758,1.1322339884451742
SB67970_component_604a,172.897102,-38.274445,8.630999565124512,37.6899528503418,172.89720293232648,-38.27425476293156,7.321099165228851,1.1129333844659373,1.1789212753894878
SB67970_component_605a,169.68368,-34.891363,8.66100025177002,32.19702911376953,169.68368212001468,-34.891256219232716,6.910489173696421,1.1831603988302866,1.2533121800894524
SB67970_component_606a,171.079247,-38.170241,7.415999889373779,38.82722473144531,171.07925246826136,-38.170230456938484,6.797245075000021,1.0299618787005407,1.0910302346828
SB67970_component_607a,173.465425,-37.762978,7.61299991607666,24.960655212402344,173.4655563103021,-37.76293205567166,5.699980087652518,1.2608599537787148,1.3356186862070252
SB67970_component_608a,168.500146,-37.646513,8.217000007629395,48.33529281616211,168.50017260979874,-37.64647423148108,7.529205988600621,1.0302638776563922,1.0913501397185983
SB67970_component_609a,172.436358,-38.842631,7.934000015258789,37.424530029296875,172.43634427433005,-38.84253509690724,6.621224490638155,1.1311970113048795,1.1982677866423026
SB67970_component_610a,168.864494,-36.097099,8.364999771118164,47.52840805053711,168.86434630864576,-36.0969645342991,6.150527060681838,1.2839200016419066,1.3600460072101257
SB67970_component_614a,173.979691,-35.617262,8.675000190734863,16.844661712646484,173.97962411373567,-35.617242412281314,6.9185394502568,1.1836939724889453,1.253877390323021
SB67970_component_617a,167.082217,-36.765346,9.246999740600586,34.76315689086914,167.0821692394067,-36.76511624482781,8.307291002017728,1.0508138452571012,1.1131185531305712
SB67970_component_618a,173.148091,-36.54219,7.978000164031982,37.810428619384766,173.1481276865494,-36.54211289103259,7.153326330548086,1.0528593734645766,1.1152853645110736
SB67970_component_620a,169.137423,-38.091753,8.520000457763672,44.60733413696289,169.13744148350148,-38.091627960817384,7.08544484375723,1.135159429969485,1.2024651444814203
SB67970_component_623a,172.907337,-38.800463,7.38100004196167,31.678112030029297,172.90744680981499,-38.80033526959277,5.923650735784146,1.1762784170006177,1.2460221527535091
SB67970_component_627a,169.15309,-37.735622,7.748000144958496,46.95757293701172,169.15324228188362,-37.73544286921124,6.986563408517823,1.0469124873440316,1.1089858764485483
SB67970_component_629a,170.001598,-39.892214,7.892000198364258,15.003802299499512,170.00171232164865,-39.89216737136362,7.939097120190713,0.9384266605760863,0.9940677231789143
SB67970_component_630a,169.21758,-35.918016,8.595000267028809,49.114288330078125,169.2175155169609,-35.917851904702644,7.240181497448559,1.1206778959099277,1.1871249733252802
SB67970_component_632a,173.140232,-36.322972,8.710000038146973,38.20175552368164,173.14029163656792,-36.32302372864419,7.000297625533157,1.1745892364329316,1.2442328175273265
SB67970_component_634a,171.371136,-38.468751,7.688000202178955,38.248756408691406,171.37109177156148,-38.46866996403405,7.005315924052136,1.036024498443047,1.0974523184290494
SB67970_component_643a,166.68031,-36.457502,7.24399995803833,20.234636306762695,166.6803820522938,-36.45757851821046,5.914162560203099,1.1562973925158275,1.2248564161532893
SB67970_component_645a,172.313823,-36.58253,7.703000068664551,39.301021575927734,172.3138479669906,-36.58240502663885,6.325154986378454,1.1496697250283123,1.2178357819299854
SB67970_component_646a,171.980457,-36.694492,8.100000381469727,43.31550979614258,171.98052819409656,-36.69444564699013,7.454528480887604,1.025768186941478,1.0865878911371825
SB67970_component_647a,173.688771,-36.514261,8.067999839782715,28.71174430847168,173.68872007526554,-36.51418243734183,7.469978454272152,1.0196025114583225,1.0800566412836905
SB67970_component_650a,170.013572,-37.330281,7.638999938964844,44.156070709228516,170.01351019913938,-37.33023273910284,7.404311148296265,0.9739489881173128,1.0316962356076271
SB67970_component_652a,170.708049,-37.286875,7.2729997634887695,39.743167877197266,170.70795787588443,-37.28674934496532,6.998906518705668,0.9809971493490104,1.0391622954315143
SB67970_component_655a,166.480428,-37.827628,7.701000213623047,24.60383415222168,166.48042036701733,-37.8275183073424,5.924283400908836,1.2271444130950588,1.2999040883901076
SB67970_component_658a,166.768539,-37.082902,7.6620001792907715,21.767045974731445,166.7685279684531,-37.08288759634258,7.058571770886857,1.024730558914566,1.0854887402140982
SB67970_component_659a,170.834787,-36.644308,7.870999813079834,42.317203521728516,170.83479259076609,-36.64408685747749,7.284980099804289,1.019966474622619,1.0804421845011338
SB67970_component_660a,173.644426,-35.803299,6.703000068664551,18.1162166595459,173.64441382879923,-35.80338033038343,5.724655201042336,1.1053612981596517,1.1709002259986032
SB67970_component_661a,172.325401,-35.595398,8.121000289916992,38.67143249511719,172.32535489509846,-35.595217966612985,7.711115679326626,0.9942066701381067,1.0531550332838684
SB67970_component_662a,173.164694,-37.095975,7.159999847412109,32.995391845703125,173.16463240204575,-37.09589498091943,6.6829440904117785,1.0114153721307695,1.0713840712336316
SB67970_component_665a,173.711217,-38.808376,7.823999881744385,23.853656768798828,173.7115396295459,-38.80842334001766,8.10971617972303,0.9107675419738861,0.9647686439763415
SB67970_component_669a,168.614202,-38.976402,8.088000297546387,42.79365158081055,168.61422814764032,-38.97625333336169,6.675957634302701,1.1436995530368388,1.2115116273339221
SB67970_component_673a,168.059587,-36.114207,6.921000003814697,39.77586364746094,168.05960333165382,-36.11407466110489,6.714802244971088,0.973016012512547,1.030707942143499
SB67970_component_674a,171.934576,-38.43732,7.1020002365112305,36.05076217651367,171.934719434753,-38.437220882091985,7.088267833021717,0.9458557929531657,1.0019373426361713
SB67970_component_675a,172.512922,-36.88827,6.828999996185303,38.5819206237793,172.5129177184365,-36.88817667646558,6.293847612071799,1.0242954741736752,1.085027858489466
SB67970_component_677a,173.936888,-38.064526,7.104000091552734,17.242717742919922,173.93682642880262,-38.064511028583425,6.065997867166872,1.1055670073839787,1.1711181321055528
SB67970_component_679a,167.223975,-38.639811,7.640999794006348,35.87323760986328,167.22397725719185,-38.639689790053396,7.039160426088531,1.0247400017747892,1.0854987429590721
SB67970_component_680a,172.141677,-36.979564,8.048999786376953,45.21910095214844,172.1414778055106,-36.97944761715111,7.674573489968763,0.9900839754980436,1.0487878964085227
SB67970_component_681a,171.086531,-35.016385,7.525000095367432,31.617647171020508,171.0864829055219,-35.01625148480886,5.505741827477514,1.2902534581972889,1.3667549861877655
SB67970_component_682a,168.98883,-35.2865,7.2220001220703125,37.226802825927734,168.98883047098676,-35.28637138715229,5.692417531497383,1.197691889752813,1.2687052701439092
SB67970_component_683a,168.220135,-34.501465,7.9039998054504395,10.524633407592773,168.22019468867603,-34.5014828814349,6.875803907883625,1.0851950477654317,1.1495382811001795
SB67970_component_685a,172.708727,-36.815674,7.244999885559082,36.96428680419922,172.7086649189167,-36.81557755439319,6.084726486580118,1.1240397938722648,1.1906862044724524
SB67970_component_690a,169.584288,-35.690606,7.145999908447266,35.9095458984375,169.5842952981704,-35.69041334949668,6.34243074834167,1.0636325933970805,1.1266973486964287
SB67970_component_691a,168.18091,-38.281527,7.142000198364258,36.253807067871094,168.1810479658643,-38.28141336220162,6.812398418802417,0.9897013969152262,1.0483826340297613
SB67970_component_693a,170.704821,-38.999922,7.038000106811523,36.848167419433594,170.70487177313296,-38.99986773069548,7.796297083380002,0.8522073078344546,0.9027362646063088
SB67970_component_697a,172.640716,-39.258173,7.51800012588501,34.645164489746094,172.64079564511408,-39.25805577304037,6.0367358292649795,1.1756675253241955,1.2453750401730574
SB67970_component_700a,168.318859,-38.981142,7.866000175476074,42.290321350097656,168.318896072582,-38.98113277019335,7.868957633392456,0.9436720876786181,0.999624161413218
SB67970_component_703a,168.504467,-39.684721,7.105999946594238,21.403615951538086,168.50433448058652,-39.684686760526894,6.4801249526810025,1.035204579343797,1.0965837848009852
SB67970_component_706a,170.345578,-38.956246,6.960999965667725,37.62702560424805,170.34559365556302,-38.956146352347176,6.470913249787246,1.0155245312541905,1.0757368700463712
SB67970_component_707a,173.974804,-38.47953,6.547999858856201,19.72289276123047,173.97492459776996,-38.47941943923049,4.12415402793134,1.4988499209176724,1.5877195212664386
SB67970_component_715a,170.900729,-37.784318,7.1529998779296875,38.875,170.900718680581,-37.78424990176215,6.380738348982752,1.0582825772495486,1.1210301201380641
SB67970_component_716a,168.848227,-35.408496,6.984000205993652,39.45762634277344,168.84817344906952,-35.4083438193118,6.306682335605878,1.0454124116707892,1.1073968584978215
SB67970_component_717a,174.234662,-37.112499,6.593999862670898,10.669902801513672,174.23469347912237,-37.11232245332221,6.3771393054570025,0.9761294023802354,1.0340059306887535
SB67970_component_718a,172.252592,-39.523295,6.593999862670898,23.63440704345703,172.25249217915396,-39.52317500265568,4.900247297878541,1.2703263326783933,1.3456463443234044
SB67970_component_721a,169.194251,-34.898547,6.869999885559082,23.689655303955078,169.19437676845965,-34.89841748936348,6.034184910328772,1.0747871864374612,1.1385133183107528
SB67970_component_722a,171.921001,-39.608629,7.440999984741211,23.92604637145996,171.92102137721162,-39.60855107410089,6.391007861141135,1.09912305262686,1.1642921032822193
SB67970_component_727a,174.124729,-38.130815,6.809999942779541,14.708423614501953,174.12473070006303,-38.13084207462461,5.9870252496002285,1.0737925421807653,1.13745969974559
SB67970_component_731a,168.567218,-36.316927,6.7870001792907715,39.0057487487793,168.56712157928655,-36.31691523116452,6.463415205320957,0.991288732682773,1.050064085888127
SB67970_component_735a,169.253011,-39.566342,6.833000183105469,28.83122444152832,169.25300849547844,-39.566356119707,6.976246489240165,0.9246427743268884,0.97946656466975
SB67970_component_737a,172.943081,-37.948685,6.934999942779541,32.40653991699219,172.94308775298356,-37.948585184190115,6.207649485284609,1.0546385454855989,1.1171700269512856
SB67970_component_739a,170.889003,-35.90386,6.629000186920166,36.62431335449219,170.88900309538107,-35.90373173567877,4.48004183507398,1.396851783250661,1.479673724254564
SB67970_component_740a,169.257905,-35.718245,6.88700008392334,33.432037353515625,169.25779251814728,-35.717895452301256,6.414043798798419,1.0136371796860486,1.0737376138924282
SB67970_component_741a,173.080747,-35.92095,6.599999904632568,29.464284896850586,173.0805905769263,-35.920826783405225,4.455754787597279,1.3983214241106026,1.4812305028552868
SB67970_component_742a,168.558164,-38.83267,6.96999979019165,36.68421173095703,168.5581472769813,-38.83265807303315,6.562016364124787,1.002720331070811,1.0621734850125262
SB67970_component_746a,170.9021,-36.685928,6.328999996185303,36.7965087890625,170.90194837354835,-36.68571528149833,5.72222493952171,1.0441299044734904,1.1060383090627524
SB67970_component_748a,170.486622,-37.965824,7.177999973297119,38.59139633178711,170.48666498602753,-37.96577183449393,4.531567416697617,1.4953380064506159,1.583999378856884
SB67970_component_749a,170.994162,-40.072977,5.570000171661377,13.13679313659668,170.99379014484802,-40.072867887642175,6.721454143452189,0.7823054094912613,0.8286897526612572
SB67970_component_750a,167.07931,-37.652855,6.985000133514404,35.45685577392578,167.07923092763906,-37.652796362233985,6.114388038698842,1.0784444668607562,1.1423874456945378
SB67970_component_751a,166.820478,-39.182991,6.682000160217285,30.79262924194336,166.8205676947107,-39.18302192420414,6.019019289729599,1.0480092391553975,1.1101476567152637
SB67970_component_752a,167.902767,-39.52937,7.043000221252441,26.182157516479492,167.9028730154102,-39.52925168468966,6.625155232396203,1.003566159246429,1.0630694639142986
SB67970_component_753a,173.626442,-39.383697,6.375999927520752,15.217184066772461,173.62667731752202,-39.38369924936826,5.127106229517823,1.173979065190114,1.2435864680963282
SB67970_component_754a,170.484839,-34.84356,6.464000225067139,20.074535369873047,170.48499583678358,-34.843527015736015,5.680235155495213,1.074284753812744,1.1379810955209646
SB67970_component_756a,168.924137,-35.356583,6.533999919891357,35.510868072509766,168.92420956086576,-35.3564188218111,5.769220500062718,1.0691689838717746,1.1325620020625533
SB67970_component_760a,168.529655,-35.613709,6.640999794006348,34.231956481933594,168.52963800593201,-35.6135481091704,5.397632809562961,1.1614873777640287,1.2303541252825718
SB67970_component_761a,167.106128,-39.597512,6.459000110626221,20.504762649536133,167.1062189041203,-39.597583911520736,5.026406857007167,1.213087192620909,1.2850133891612687
SB67970_component_764a,174.145861,-35.387174,5.989999771118164,12.224489212036133,174.14575211760715,-35.38706055661616,4.743597391872117,1.192074365583394,1.2627546725153542
SB67970_component_766a,168.569616,-38.542433,6.15500020980835,35.17142868041992,168.56961416397263,-38.54234536392656,5.513665696863642,1.0538335150954616,1.116317264811597
SB67970_component_775a,170.820347,-37.613826,6.090000152587891,34.02234649658203,170.82037374110573,-37.613728801492975,5.085140970302564,1.1305731609276641,1.1976069470155786
SB67970_component_780a,172.439849,-35.898085,6.474999904632568,32.21392822265625,172.43989536995358,-35.89794514471074,5.767461657387624,1.0598378250290839,1.122677581451911
SB67970_component_784a,170.376257,-36.48595,5.985000133514404,30.535715103149414,170.37631306784272,-36.4858604138732,5.596080058012744,1.0096354949521833,1.0694986618257516
SB67970_component_787a,172.636025,-38.239514,6.111000061035156,30.70854377746582,172.63611642771068,-38.23936292443051,5.327899550716224,1.0827809953796153,1.1469810950571808
SB67970_component_794a,170.644254,-39.812086,6.300000190734863,16.755319595336914,170.64418357915915,-39.8120402338771,5.450294435341844,1.0912015220279958,1.155900890396525
SB67970_component_795a,171.344871,-34.7495,5.820000171661377,15.729729652404785,171.3449859368136,-34.74933010581997,4.002981048567168,1.3725362652889321,1.4539164939950426
SB67970_component_796a,169.332021,-36.201509,6.374000072479248,34.64130401611328,169.33205881622115,-36.201388856030455,5.28863006527895,1.137766753819689,1.2052270614135023
SB67970_component_797a,173.200671,-37.973744,5.7779998779296875,24.379745483398438,173.20074932640034,-37.97345997970109,5.012342536789889,1.0882311437698027,1.1527543928851591
SB67970_component_798a,172.842943,-38.704191,6.425000190734863,29.60829734802246,172.84291996239065,-38.704065600241066,5.329999512496071,1.1379687615921772,1.205441046602647
SB67970_component_800a,166.441515,-37.964484,6.339000225067139,16.17091941833496,166.44178836046294,-37.96439858710537,4.9566337132502545,1.2073086313491745,1.2788922062410002
SB67970_component_803a,170.239953,-36.475977,5.934000015258789,30.430770874023438,170.23991664722877,-36.475918278132106,5.8659673978474425,0.9549755728650924,1.0115978512659842
SB67970_component_805a,174.236665,-38.230549,6.0970001220703125,11.525520324707031,174.23691438361087,-38.23049275880646,5.626211368571318,1.0230209430321793,1.0836777580253873
SB67970_component_806a,168.350252,-38.104149,6.421000003814697,32.593910217285156,168.35034114982398,-38.103983532538855,5.9248185582347705,1.0230856187286752,1.0837462684642545
SB67970_component_811a,173.418928,-38.342625,6.251999855041504,28.162160873413086,173.41884544551914,-38.34240725433299,7.269127661512184,0.8119345608689824,0.860075671547762
SB67970_component_812a,167.315238,-34.983179,6.4070000648498535,21.356666564941406,167.31524790445164,-34.98301905350225,5.727454929484116,1.056032813202535,1.1186469633951261
SB67970_component_813a,172.414376,-37.526753,6.159999847412109,32.592594146728516,172.41399932985945,-37.526566206369104,5.3332538795467626,1.0903672740995658,1.1550171783563408
SB67970_component_816a,168.946244,-39.583105,5.9720001220703125,20.80836296081543,168.94632595461243,-39.58287813635849,4.742441032461824,1.1887820344434095,1.2592671329368579
SB67970_component_817a,170.592954,-37.496919,6.199999809265137,34.831459045410156,170.5930814776142,-37.49677807141746,5.960485846122882,0.9819613174812208,1.0401836308860712
SB67970_component_819a,173.238529,-34.992212,6.388999938964844,25.555999755859375,173.23871794523637,-34.99209605750828,5.824653387130916,1.03549298781477,1.096889293546772
SB67970_component_820a,166.669651,-38.647289,5.642000198364258,18.1414794921875,166.66971610746347,-38.64723855546918,5.297022555591754,1.0055082532532067,1.0651267082879101
SB67970_component_823a,167.116713,-39.53774,5.790999889373779,20.24825096130371,167.1166858076671,-39.53780166570371,1.8011743263422193,3.0351640772299526,3.2151246021444244
SB67970_component_825a,171.093267,-37.066309,5.486999988555908,30.48333168029785,171.0929433669683,-37.06632952975055,4.713916601391151,1.0988475124621147,1.1640002258284772
SB67970_component_826a,166.916445,-39.888395,5.638999938964844,10.271402359008789,166.91653143353125,-39.88813537654333,4.512469533247038,1.1797016096277357,1.249648312840173
SB67970_component_828a,172.138637,-37.568629,5.936999797821045,32.80110549926758,172.13864075239513,-37.568461042931396,5.023819674049105,1.1156227363254856,1.1817700839241974
SB67970_component_830a,168.214592,-35.730937,5.671000003814697,29.691099166870117,168.21463901356424,-35.73100746130379,5.41155967859194,0.9892853098576132,1.0479418763963926
SB67970_component_832a,169.692066,-35.617856,6.043000221252441,31.310880661010742,169.69207856409804,-35.617685035798864,4.112088016636018,1.38731337425105,1.4695697652396185
SB67970_component_836a,168.380927,-39.674096,5.640999794006348,16.20977020263672,168.3807405632399,-39.674012607395674,5.34109491057595,0.9970344241884124,1.056150450132716
SB67970_component_839a,170.893331,-36.184933,6.313000202178955,33.57978820800781,170.8933256497113,-36.18485344148678,5.804513620997615,1.0267254644993542,1.0876019274624333
SB67970_component_842a,170.222688,-36.517186,5.8420000076293945,32.82022476196289,170.22266059870088,-36.517105306671624,5.141131567631953,1.0727220306636587,1.1363257156089992
SB67970_component_844a,172.41595,-35.761906,5.802999973297119,29.45685386657715,172.41609663702587,-35.76179175895842,5.27349447132726,1.0388155413506677,1.100408847463263
SB67970_component_845a,172.598549,-35.383213,6.197000026702881,29.509525299072266,172.59856142649792,-35.38306137115835,5.580478314456935,1.048321367673865,1.1104782919142913
SB67970_component_848a,173.139447,-39.167125,5.355999946594238,23.186145782470703,173.13951408323166,-39.16716645851898,5.089829736397604,0.9933943238041194,1.0522945214244082
SB67970_component_849a,173.223399,-38.354358,5.620999813079834,25.3198184967041,173.22318192844875,-38.354209938465026,4.7728245988040054,1.1117892264989409,1.1777092781679779
SB67970_component_850a,169.846301,-37.586387,5.410999774932861,28.78191375732422,169.84635136869113,-37.5862842721161,4.786735334276837,1.0671426200552916,1.1304154913654394
SB67970_component_858a,166.562732,-38.120062,5.021999835968018,12.130434036254883,166.56281345876573,-38.11973496115686,2.9968617615139332,1.5819558127948312,1.675752916087474
SB67970_component_859a,172.601979,-37.601184,5.561999797821045,28.81865119934082,172.60196500650517,-37.60104293106593,4.201436535776517,1.2497338287341404,1.323832872508942
SB67970_component_862a,169.166191,-39.335471,5.6519999504089355,27.705883026123047,169.16613765467662,-39.33540064747905,5.012494364261455,1.064468016198892,1.1275823052704232
SB67970_component_874a,172.312087,-38.62524,5.7179999351501465,27.358850479125977,172.31209696543175,-38.625089169635814,4.2494393458957544,1.2702724413853372,1.3455892577153208
SB67970_component_875a,173.095232,-38.213913,5.488999843597412,23.357446670532227,173.0951735109014,-38.21371628426389,4.264771851012888,1.2150153934016332,1.2870559165536062
SB67970_component_877a,169.486084,-37.867938,5.336999893188477,30.672414779663086,169.48607341467272,-37.867928397910056,4.183945111951737,1.2041915639761476,1.275590322144274
SB67970_component_878a,171.218262,-35.687832,5.013999938964844,26.114582061767578,171.2180132913892,-35.68772035614476,4.170976702290787,1.1348303056419273,1.202116505760162
SB67970_component_881a,166.610222,-37.784061,5.455999851226807,22.089069366455078,166.6100306320965,-37.78398115298644,4.879494340877468,1.0555623612532394,1.118148617474504
SB67970_component_883a,168.834128,-37.57041,5.696000099182129,32.3636360168457,168.83419000347627,-37.57040176397731,5.047289847844503,1.065359315159968,1.1285264510051198
SB67970_component_890a,173.838134,-39.147339,5.4120001792907715,10.022222518920898,173.83847634536957,-39.147116585688615,7.1391878203644,0.7156379441611045,0.7580694492800907
SB67970_component_893a,172.574605,-39.275262,5.349999904632568,23.77777862548828,172.5747379647638,-39.27525260306171,4.140792207810882,1.2197047122505735,1.2920232738413504
SB67970_component_894a,171.524236,-35.591246,5.008999824523926,26.225130081176758,171.52435012653532,-35.59118333706923,4.719165505675784,1.0020056549651601,1.061416434430951
SB67970_component_896a,171.633621,-36.622814,5.025000095367432,27.609891891479492,171.63350149234375,-36.622745872968714,4.7261564819730495,1.0037194552088526,1.0632318490795343
SB67970_component_900a,167.924736,-39.717845,4.109000205993652,11.773639678955078,167.92490041052008,-39.717642849866984,3.5570598076312616,1.0905092668753604,1.155167590147983
SB67970_component_901a,173.583963,-35.192344,5.334000110626221,22.3179931640625,173.58375415674917,-35.19227594669776,3.7783902023765727,1.3326944182162872,1.411712349685637
SB67970_component_907a,173.654224,-35.616716,4.811999797821045,15.32483959197998,173.6541621465489,-35.616612821110394,4.332284768440021,1.0485592346269648,1.11073026244158
SB67970_component_908a,169.557185,-37.262534,5.0,29.239765167236328,169.55715695250606,-37.26234311832445,3.4836721206098846,1.3549307407916278,1.435267105196069
SB67970_component_909a,168.974199,-37.289695,4.848999977111816,26.642858505249023,168.97415815724824,-37.28962902294116,4.094798709729305,1.1179026588702912,1.18418518731837
SB67970_component_911a,169.237004,-36.755833,5.0269999504089355,27.620880126953125,169.23699023587912,-36.75570696970624,4.062301627616271,1.1682104287850674,1.237475798506558
SB67970_component_913a,173.282567,-38.214266,4.955999851226807,22.733943939208984,173.28248414949852,-38.21414377900968,4.071172874676315,1.149201291002684,1.2173395735794788
SB67970_component_916a,171.819975,-38.070374,5.5920000076293945,29.125,171.8200420125838,-38.070264836886736,4.197302455029334,1.257712168552704,1.3322842629386624
SB67970_component_918a,172.163042,-39.842287,5.367000102996826,10.126416206359863,172.1631630821837,-39.84215908774157,5.504137864681712,0.920506087830623,0.9750846063350166
SB67970_component_921a,171.831334,-37.533728,5.145999908447266,24.74038314819336,171.83131937825783,-37.53373372653586,4.049691179800138,1.1995883317499167,1.2707141557152597
SB67970_component_922a,170.792036,-36.318554,4.76200008392334,26.02185821533203,170.79204542566313,-36.31832912939878,4.013025436502111,1.120216205386838,1.1866359083121238
SB67970_component_929a,170.51771,-35.330714,5.053999900817871,26.740741729736328,170.51758484879025,-35.330543310347664,4.433179080916357,1.07622807884956,1.1400396439146752
SB67970_component_930a,171.457402,-37.471372,4.980999946594238,23.832534790039062,171.45746447081748,-37.47124607265326,4.543889156834848,1.034839918721354,1.0961975027718038
SB67970_component_931a,171.283639,-36.112056,5.013000011444092,26.664894104003906,171.28357911175823,-36.11201262586223,5.120376589493976,0.9242302250051189,0.9790295545311648
SB67970_component_932a,166.378234,-39.038769,5.210999965667725,16.33542251586914,166.37833825511694,-39.038591964448194,4.513283399773508,1.0899656973800957,1.1545917914060593
SB67970_component_933a,169.292598,-35.389874,4.86899995803833,24.590909957885742,169.2926115859589,-35.389654942862094,4.394836604474278,1.0458789025848658,1.1078910085260774
SB67970_component_937a,168.180618,-36.304196,5.019999980926514,28.522727966308594,168.1805677035379,-36.30408671965248,5.204067221852982,0.9106367702045222,0.9646301185054775
SB67970_component_938a,170.550023,-38.715907,4.820000171661377,26.195653915405273,170.55003087743367,-38.7159816129321,4.209562601301902,1.0809222239870913,1.1450121136506402
SB67970_component_939a,172.152061,-36.088117,5.0229997634887695,27.151350021362305,172.15211876144315,-36.088029080012014,3.450005701450896,1.3744460886665772,1.455939554353882
SB67970_component_941a,171.702853,-35.988953,4.60099983215332,25.56110954284668,171.702979920515,-35.988837974200656,4.126480939977776,1.0525839384465614,1.1149935984384067
SB67970_component_942a,166.247524,-37.463172,4.5960001945495605,10.890995979309082,166.24761716610809,-37.46314701781289,2.6500955074644033,1.6372043027017198,1.734277191748077
SB67970_component_943a,167.665594,-38.607818,5.216000080108643,27.452632904052734,167.66542773876282,-38.6077781178249,4.281153267673972,1.1501677288619523,1.218363313337434
SB67970_component_945a,166.412036,-39.485039,4.98799991607666,13.591279983520508,166.41187326538574,-39.48512185698741,6.357808257812392,0.7406335413415709,0.7845470819204827
SB67970_component_946a,167.174224,-36.664459,5.302000045776367,21.81892967224121,167.1741954682216,-36.664300141234925,4.721846806381253,1.0600154592277315,1.1228657479126762
SB67970_component_950a,171.203131,-36.993592,4.6579999923706055,26.924856185913086,171.20318866177982,-36.99354262952341,4.1421669662745,1.0615886031333148,1.1245321664471797
SB67970_component_958a,168.262446,-34.906393,5.288000106811523,18.109590530395508,168.26269174841798,-34.90642164410679,4.256874531702506,1.1726947211760503,1.242225972936211
SB67970_component_961a,169.327001,-39.538106,4.788000106811523,20.461538314819336,169.32687607731407,-39.53803408474812,4.562389643808705,0.9907090801560019,1.0494500646846283
SB67970_component_965a,172.062542,-35.910745,4.870999813079834,27.21228790283203,172.06262005504897,-35.91063853453259,4.646758903636092,0.9895832551723833,1.0482574874431883
SB67970_component_967a,166.865675,-35.808576,4.896999835968018,20.75,166.865565840571,-35.80852318610571,4.426808691128707,1.0442962063975012,1.1062144713372346
SB67970_component_968a,168.913005,-38.280289,4.769999980926514,26.353591918945312,168.91319986590977,-38.280126160879654,4.3715535054814865,1.0300704861181382,1.0911452816362457
SB67970_component_970a,169.483987,-34.906179,4.480000019073486,15.2380952835083,169.48373140424965,-34.90604834702522,5.778208348250647,0.7319293849703182,0.7753268399243178
SB67970_component_972a,169.109422,-35.511171,4.7870001792907715,26.016305923461914,169.1093486676209,-35.511096356732416,4.372201559154611,1.033588417121768,1.0948717973140205
SB67970_component_973a,169.243234,-35.817832,4.501999855041504,25.292133331298828,169.24308890798974,-35.81753717143979,3.9738955615939258,1.069481785167301,1.1328933499288432
SB67970_component_981a,169.170702,-35.66316,4.920000076293945,27.79660987854004,169.17062617713458,-35.66304981059949,4.229334885291361,1.098189784894229,1.1633035003694214
SB67970_component_983a,171.644648,-35.117347,4.507999897003174,20.124998092651367,171.64456610528993,-35.11724294268919,3.9200098358620576,1.0856281740159002,1.1499970882118489
SB67970_component_985a,168.867673,-36.91642,4.460999965667725,23.983869552612305,168.86765059417627,-36.91637792261278,5.959152457065356,0.7066951133725611,0.7485963814163916
SB67970_component_987a,170.195572,-34.65879,4.872000217437744,12.88888931274414,170.19554700080096,-34.65872077735242,3.6031039905714586,1.276482505781398,1.3521675283829475
SB67970_component_997a,173.539881,-38.157768,4.51800012588501,18.44081687927246,173.5397783709292,-38.15764500597429,4.051696204026505,1.0526735940758374,1.1150885699167425
SB67970_component_1001a,167.670813,-35.700246,4.552999973297119,21.476415634155273,167.67081852120057,-35.70008952800132,3.4746837006697326,1.236991557375382,1.3103350881749452
SB67970_component_1002a,170.122862,-37.926635,4.570000171661377,27.865854263305664,170.12284464647493,-37.926635912152946,4.1304594325478154,1.0444850305667635,1.1064144912427907
SB67970_component_1007a,167.024492,-39.031844,5.11299991607666,24.820388793945312,167.02459709766072,-39.03181298258638,4.2985619641102035,1.122889339884099,1.1894675379269644
SB67970_component_1010a,173.011976,-35.931603,4.910999774932861,23.27488136291504,173.01196186629846,-35.93161741969548,4.67652025946042,0.9913601533207159,1.0501397411885682
SB67970_component_1011a,168.680067,-38.207247,4.644999980926514,27.323528289794922,168.6800388515469,-38.20714300488155,3.8271475508314494,1.1457632153100015,1.213697647982604
SB67970_component_1013a,170.085164,-35.552146,4.421999931335449,24.983049392700195,170.084973938368,-35.55202829472123,3.5570781599607724,1.173571862193382,1.2431551212763385
SB67970_component_1016a,167.023392,-34.951194,4.348999977111816,10.281323432922363,167.02348425012235,-34.95098779818063,4.907656710883678,0.8365648133731148,0.8861662975462541
SB67970_component_1017a,167.192437,-38.567986,4.739999771118164,22.253520965576172,167.19239126499443,-38.5678190784477,4.3536388605106895,1.027803955059983,1.0887443637348813
SB67970_component_1020a,170.054388,-36.245088,4.4120001792907715,23.221054077148438,170.05450319550368,-36.24494946998409,3.7335408472237632,1.1155755289063087,1.1817200774893104
SB67970_component_1022a,169.360746,-36.627259,4.479000091552734,24.342391967773438,169.36069027017803,-36.62716488170317,2.694960452276396,1.5689642200600085,1.6619910276491756
SB67970_component_1025a,170.70592,-38.807572,4.235000133514404,22.289474487304688,170.70574907530764,-38.80740827787803,3.5011895192700413,1.1418844883120423,1.2095889440447527
SB67970_component_1027a,171.999857,-39.106758,4.288000106811523,21.33333396911621,171.99972437654242,-39.10666317436718,2.5655465015644165,1.5778265567033396,1.671378828720037
SB67970_component_1028a,167.420734,-37.059351,4.755000114440918,23.423646926879883,167.42069482686918,-37.05919101257828,3.8887708734728914,1.1543102212072474,1.2227514217607875
SB67970_component_1038a,173.517325,-38.755046,4.078999996185303,16.05905532836914,173.5174732639345,-38.75466432518488,4.465667951444264,0.8622866097913452,0.9134131871282757
SB67970_component_1041a,167.654869,-36.839231,4.181000232696533,23.488765716552734,167.65472433108343,-36.83900115122605,4.1907845041125995,0.9418228592818934,0.9976652888244517
SB67970_component_1046a,169.301019,-35.523208,4.436999797821045,24.379119873046875,169.3008672004055,-35.52306750460319,4.300783577164427,0.9739265048566296,1.0316724192725892
SB67970_component_1048a,173.52989,-37.370876,4.499000072479248,14.750819206237793,173.52981217557718,-37.3708599046654,4.328363049946519,0.9812432540595708,1.0394229921482296
SB67970_component_1051a,166.847906,-37.991429,4.494999885559082,16.648147583007812,166.84795086432692,-37.99124104950153,4.159161567023331,1.0202538880696534,1.080746639226162
SB67970_component_1058a,171.850736,-36.524803,4.252999782562256,24.028247833251953,171.85075045923477,-36.524794700802055,3.7636652920100415,1.0667649336192808,1.1300154111979703
SB67970_component_1059a,167.43503,-39.623289,4.057000160217285,11.332402229309082,167.43500155126694,-39.62295070213374,3.4075153565331835,1.123961843413341,1.1906036321857958
SB67970_component_1065a,169.057035,-37.884504,4.388000011444092,24.377777099609375,169.0572121483021,-37.88443553866143,3.598369433516157,1.1511853015852171,1.2194412198406057
SB67970_component_1068a,169.445795,-39.149791,4.514999866485596,25.94827651977539,169.4458166691019,-39.14981180075764,3.7538326332710015,1.1354478731604245,1.202770690005785
SB67970_component_1074a,167.443178,-38.0609,4.439000129699707,20.64651107788086,167.44326925096954,-38.06087350097438,3.527649321734778,1.1879115814360435,1.2583450691512492
SB67970_component_1075a,170.684314,-37.605455,4.23199987411499,23.25274658203125,170.68428317136042,-37.60534698089069,3.417488902033058,1.1690225752511476,1.2383360986475715
SB67970_component_1080a,173.329535,-36.066996,4.118000030517578,14.348432540893555,173.32974066138067,-36.06709969025295,6.435998065373811,0.6040248489690231,0.6398386060233223
SB67970_component_1083a,168.163521,-36.95598,4.394000053405762,24.965909957885742,168.16355382784107,-36.95585768649196,3.8543580956077825,1.076198448507841,1.14000825673487
SB67970_component_1084a,172.08667,-37.644863,4.1479997634887695,22.791208267211914,172.08657784725912,-37.644635842707636,3.9248359639687154,0.9977036874791276,1.0568593952890697
SB67970_component_1090a,170.987401,-37.754046,4.330999851226807,22.794736862182617,170.98750879672014,-37.75405240350263,4.717749233324713,0.8666379062098158,0.9180224800067733
SB67970_component_1093a,172.179436,-37.386468,3.882999897003174,21.103260040283203,172.17939789857246,-37.38630041146824,4.362185941070821,0.840325553259158,0.8901500186968149
SB67970_component_1097a,169.949791,-37.347183,3.9200000762939453,20.523561477661133,169.9498232001081,-37.347139649613005,3.955466792939847,0.9355622666630328,0.99103349402169
SB67970_component_1098a,167.668754,-39.35546,4.447000026702881,18.684873580932617,167.66886891084332,-39.35544283778659,4.409663396286693,0.952019967318231,1.0084670023674887
SB67970_component_1099a,169.46094,-36.012069,4.419000148773193,24.966102600097656,169.46097420286608,-36.011757795129064,2.9827532088239073,1.3985920633361055,1.4815171887839809
SB67970_component_1103a,166.707031,-38.175997,4.497000217437744,12.561452865600586,166.70691590401663,-38.17604936997544,3.886285285461727,1.0923771198238854,1.1571461915728758
SB67970_component_1114a,167.844585,-37.595155,4.563000202178955,23.520618438720703,167.84441362159805,-37.59535522645385,3.5122265532450796,1.2264570129347354,1.299175930995404
SB67970_component_1115a,169.342769,-36.457994,4.2179999351501465,22.923912048339844,169.34270067744615,-36.45793894530369,4.625694653198359,0.8608232183161423,0.9118630284499392
SB67970_component_1116a,170.879823,-36.844272,4.307000160217285,25.335294723510742,170.87972059482954,-36.84423833521383,4.134108828678377,0.9835067562168613,1.0418207015595617
SB67970_component_1117a,167.839091,-36.774186,4.00600004196167,22.132596969604492,167.83932155498994,-36.77400753322067,3.0541196735652565,1.2382526432493046,1.311670946176522
SB67970_component_1118a,168.308651,-36.52988,4.0,23.668638229370117,168.30849734319125,-36.529729965004485,2.793792571662907,1.3516062702517955,1.4317455206129137
SB67970_component_1119a,168.956581,-37.918237,4.084000110626221,22.56353759765625,168.9565463878563,-37.91810942771302,4.237404007560941,0.9098509167187654,0.963797670304508
SB67970_component_1120a,169.819665,-38.085317,4.211999893188477,22.168420791625977,169.81959253737804,-38.0851275782413,3.787212917658021,1.0499122293402632,1.1121634787286108
SB67970_component_1121a,170.672723,-36.176455,4.428999900817871,21.710784912109375,170.67262588880465,-36.17624584313936,1.8836762347362013,2.2196463078245356,2.3512532669597164
SB67970_component_1122a,167.290091,-35.688675,3.878000020980835,17.870967864990234,167.29008924377226,-35.688447371639256,2.7914245911836457,1.3114938904326647,1.3892548031671705
SB67970_component_1123a,167.054198,-38.595297,3.6029999256134033,14.766392707824707,167.05394033657757,-38.59521411282767,3.756390688883555,0.905477915912529,0.9591653861447139
SB67970_component_1125a,168.888125,-35.717442,3.805999994277954,20.797813415527344,168.88806758153288,-35.71735660464903,4.250483635832923,0.8453076505000994,0.8954275137521219
SB67970_component_1129a,171.375711,-37.008939,3.6089999675750732,20.049999237060547,171.3755650550057,-37.00881522940822,3.717148638638098,0.9165608762207543,0.9709054757889239
SB67970_component_1130a,173.159922,-37.99346,3.678999900817871,15.588982582092285,173.1598708486352,-37.99334505252855,3.4258665266987682,1.013779960615626,1.0738888605689572
SB67970_component_1132a,171.747901,-36.43575,4.258999824523926,22.29842758178711,171.74795001929346,-36.43559885533065,3.1149411067380357,1.2907500394304634,1.3672810106461202
SB67970_component_1134a,167.152445,-35.825346,3.6519999504089355,15.474575996398926,167.1524536911299,-35.82516473517735,3.0096505393990833,1.1455104531839224,1.213429899119818
SB67970_component_1137a,169.835302,-39.224156,4.184999942779541,22.026315689086914,169.8352959293125,-39.22413884941102,3.00507537738843,1.3146933044984714,1.3926439164452933
SB67970_component_1139a,167.402932,-38.857478,4.223999977111816,19.83098602294922,167.40282830525757,-38.85718069678725,3.74503847097578,1.0647606400220555,1.1278922793044746
SB67970_component_1140a,168.481485,-34.981223,4.171000003814697,17.024490356445312,168.4815520087333,-34.981090128729754,3.332819248688709,1.1814430563199854,1.2514930131466833
SB67970_component_1146a,169.44883,-38.298472,4.22599983215332,23.21977996826172,169.44884589280318,-38.298468942213525,3.426792146912875,1.1641959316941686,1.233223274414363
SB67970_component_1147a,168.469737,-36.983696,4.020999908447266,18.52995491027832,168.46961310722838,-36.98361615037538,2.8094218415572016,1.3511434914266385,1.4312553027702357
SB67970_component_1150a,171.908503,-37.180351,3.4100000858306885,19.05027961730957,171.9086093050353,-37.180208499786396,3.8510017617652363,0.835920618338302,0.8854839069893337
SB67970_component_1151a,167.663646,-37.176873,3.944000005722046,20.020305633544922,167.66355281697346,-37.177014452520055,3.441863104388104,1.081751930368876,1.1458910148674295
SB67970_component_1153a,169.521349,-36.298956,4.139999866485596,22.872928619384766,169.5212784535832,-36.29893691046259,3.446521354686503,1.1339756217684223,1.2012111460896988
SB67970_component_1161a,169.696588,-34.834164,4.192999839782715,14.921708106994629,169.69681038175364,-34.834047041676044,4.329985278683332,0.9141612133270218,0.9683635324177656
SB67970_component_1163a,167.557255,-37.221799,3.7750000953674316,19.559585571289062,167.55730190157362,-37.22175241034849,3.7448896806134386,0.9516172441615811,1.008040401005634
SB67970_component_1166a,169.467287,-35.49066,3.822999954223633,20.66486358642578,169.4671364201199,-35.49037137686109,2.9470757531953,1.2246087502466405,1.2972180813739287
SB67970_component_1167a,168.943643,-34.940916,4.020999908447266,15.893280982971191,168.94358634152022,-34.94087407726467,3.1023791665005254,1.2235551594983323,1.296102021269999
SB67970_component_1168a,168.641035,-38.048269,4.190999984741211,22.41176414489746,168.64092023928347,-38.048244116733606,3.2408395856015138,1.2207999114466712,1.2931834094353496
SB67970_component_1177a,170.183193,-37.150044,3.888000011444092,23.005916595458984,170.18301316166114,-37.150032402100926,2.5924202429412078,1.4158107917981002,1.4997568476910963
SB67970_component_1178a,166.628305,-36.03863,3.947000026702881,14.618517875671387,166.62817856353732,-36.038395758778705,2.445710156861302,1.5235142019010948,1.6138461933560666
SB67970_component_1183a,171.145911,-39.157119,3.552000045776367,18.30927848815918,171.14612323855823,-39.15695211235194,2.068896487791341,1.6207594600251571,1.716857303754389
SB67970_component_1185a,167.588171,-38.303036,3.505000114440918,19.048913955688477,167.58803798406282,-38.302970745076266,3.42211085896691,0.9668928014852238,1.0242216745424289
SB67970_component_1191a,170.473458,-35.486129,3.821000099182129,19.49489974975586,170.47360754968918,-35.48598697150999,3.040956873275612,1.186181517327176,1.2565124263226666
SB67970_component_1192a,168.29461,-35.235982,3.4670000076293945,17.07881736755371,168.29465632973708,-35.23577197825707,3.2434012476656044,1.009107718369605,1.0689395923876894
SB67970_component_1194a,173.530551,-36.785122,3.6459999084472656,18.229999542236328,173.53058179356813,-36.7847878407037,3.3505224998939096,1.0272791639130483,1.0881884567444964
SB67970_component_1197a,171.464966,-39.241337,4.070000171661377,20.248756408691406,171.46506259371986,-39.24132581564273,3.977206391494066,0.9660523552841891,1.0233313967225253
SB67970_component_1199a,170.455067,-37.695393,3.744999885559082,21.64739990234375,170.45513108264086,-37.69529503046857,3.2042284945638553,1.1033484655683652,1.168768048818202
SB67970_component_1201a,169.977874,-37.074273,3.7739999294281006,20.62295150756836,169.97799735020484,-37.07410312429767,2.7597013877180534,1.290993811819576,1.3675392367537098
SB67970_component_1206a,171.703443,-35.342238,3.7799999713897705,19.187816619873047,171.7034257013416,-35.34246245515512,2.390991490863505,1.492444297103951,1.5809340960994496
SB67970_component_1208a,173.295932,-39.298303,2.9700000286102295,11.0820894241333,173.29618334227683,-39.29832768075419,3.2021284832303105,0.8755925638967261,0.9275080760076467
SB67970_component_1211a,171.010686,-38.58579,3.5850000381469727,20.25423812866211,171.01070853972217,-38.58573547608993,3.430954984159676,0.9864123692015566,1.0448985937438717
SB67970_component_1218a,169.92992,-39.509859,3.243000030517578,13.34567928314209,169.92984229688662,-39.50954542925931,2.6111158934153433,1.1724792602612635,1.2419977369429318
SB67970_component_1222a,168.848927,-35.081198,3.555000066757202,17.774999618530273,168.8490996271937,-35.08110016334446,2.799076146674849,1.1989726177553646,1.2700619348924644
SB67970_component_1223a,168.949129,-36.31335,3.3519999980926514,18.519336700439453,168.94892535122074,-36.31306648370467,3.088071117059101,1.0247102516594158,1.0854672289040095
SB67970_component_1231a,167.7654,-38.09026,3.8289999961853027,19.63589859008789,167.76539520710782,-38.090113410789726,5.056412930209576,0.7148702065759217,0.7572561911051437
SB67970_component_1232a,170.686551,-39.405201,2.940999984741211,13.742990493774414,170.6865347921258,-39.405127720046664,3.052537206461709,0.9095329162490745,0.9634608149953446
SB67970_component_1233a,167.14364,-36.798617,3.428999900817871,13.607142448425293,167.14366975324197,-36.79881106034987,3.309323258012989,0.9781661861893906,1.0361634791992909
SB67970_component_1241a,171.182069,-35.993437,3.502000093460083,18.929729461669922,171.18207340635192,-35.99334941992517,3.2175427662226976,1.0274866552359596,1.088408250613971
SB67970_component_1242a,172.903255,-36.035732,3.5759999752044678,17.615764617919922,172.9031278344979,-36.035630054443196,3.271905133833175,1.0317658963326308,1.092941215876584
SB67970_component_1243a,168.331758,-36.560767,3.493000030517578,20.190752029418945,168.3315455709879,-36.560783414735816,2.7894043563893596,1.182146986315391,1.2522386804611438
SB67970_component_1246a,168.149756,-34.981926,3.5220000743865967,13.92094898223877,168.1500684766034,-34.981866143549226,2.969370229987664,1.1197198453562183,1.1861101181718348
SB67970_component_1249a,172.027497,-37.98166,3.3540000915527344,16.854270935058594,172.02750393037422,-37.98148551862958,3.0169842710195867,1.0494805372125526,1.1117061907715062
SB67970_component_1251a,169.287038,-35.773828,3.496000051498413,18.897296905517578,169.28688753643317,-35.773715151812496,2.270385791180698,1.453637556584206,1.5398264317362307
SB67970_component_1252a,171.801582,-36.722537,3.5139999389648438,19.30769157409668,171.80124188432964,-36.722315462853324,2.689331564440599,1.233507417096824,1.3066443667371979
SB67970_component_1256a,173.038352,-35.043451,3.4049999713897705,14.246862411499023,173.03843861003114,-35.043342968549126,3.1865507918181097,1.0087432278461577,1.0685534905429903
SB67970_component_1259a,170.889603,-38.233523,3.4089999198913574,17.755207061767578,170.88956768372924,-38.23364535097203,3.5637209673685377,0.9030414052737705,0.9565844102571738
SB67970_component_1264a,170.975644,-36.620973,3.117000102996826,17.032787322998047,170.9751726106788,-36.62099049731576,3.4703875257696843,0.847897213113702,0.8981706163508406
SB67970_component_1265a,168.383059,-36.479916,3.5190000534057617,20.341041564941406,168.38299866776967,-36.480019592807295,2.9636387556775112,1.1209296908701678,1.1873916976771652
SB67970_component_1267a,171.453435,-34.987562,3.490999937057495,14.366254806518555,171.45354757895277,-34.98772514717373,3.028710908253338,1.088118975809952,1.152635574278286
SB67970_component_1278a,172.986269,-35.772408,3.065000057220459,14.389671325683594,172.98634396496072,-35.77237193384696,3.2715958434250068,0.8844131758744614,0.9368516784798625
SB67970_component_1290a,167.778884,-38.820506,3.486999988555908,17.882051467895508,167.7788396657766,-38.82026545173512,3.074269291552991,1.0707655837489782,1.134253267316873
SB67970_component_1291a,169.40046,-37.50686,3.6610000133514404,21.04022979736328,169.4005665447012,-37.506879701513654,2.9480816922175324,1.1723157007012057,1.2418244796322637
SB67970_component_1299a,169.459122,-35.415588,3.1710000038146973,16.867021560668945,169.45900234193365,-35.41540316525991,2.8198956166535525,1.0615674042129004,1.1245097106033344
SB67970_component_1300a,173.069733,-36.725978,3.443000078201294,18.12105369567871,173.06954742124327,-36.725860610947834,2.7951851126260436,1.1628155285255075,1.231761024573659
SB67970_component_1303a,168.960556,-34.761492,3.3570001125335693,10.020895957946777,168.96012509998783,-34.761304223389324,3.301082480498852,0.9600179313021148,1.0169391805158008
SB67970_component_1304a,168.212222,-37.368091,3.1500000953674316,16.40625,168.21235823161578,-37.368056262860954,3.0091593579516043,0.9882111373779537,1.0468040142319683
SB67970_component_1308a,173.23387,-38.579387,3.249000072479248,13.651260375976562,173.23398066783557,-38.57904024405313,2.8204798212051885,1.0874544852467232,1.1519316848333108
SB67970_component_1309a,170.176274,-39.331708,3.4059998989105225,17.2020206451416,170.17630023324816,-39.33170220241743,2.9489693034352378,1.090331963156019,1.154979773761257
SB67970_component_1310a,167.969672,-38.333167,2.9560000896453857,16.513965606689453,167.96964726154562,-38.33321907917194,2.206852204373221,1.2644904648329174,1.339464457016021
SB67970_component_1312a,168.926256,-36.461625,3.3269999027252197,18.48333168029785,168.92615714929795,-36.46156826777209,2.080100929802759,1.5099158527547683,1.5994415727897853
SB67970_component_1315a,172.311745,-35.931484,3.4560000896453857,17.906736373901367,172.31163912637598,-35.931496734303884,2.7461715534191518,1.1880383111421675,1.258479312897424
SB67970_component_1331a,170.966906,-39.044707,3.128000020980835,16.12371063232422,170.96702532706072,-39.04451747265647,2.8003742001216905,1.054471980835478,1.1169935863731737
SB67970_component_1334a,169.928231,-37.70851,3.2780001163482666,19.866666793823242,169.9283414307201,-37.70857658469848,2.9413864670669936,1.0520617701792867,1.1144404698430967
SB67970_component_1339a,171.755413,-38.176434,3.0439999103546143,15.451776504516602,171.7553710627928,-38.17643130345044,2.9227354424132663,0.9831946213939765,1.0414900596823164
SB67970_component_1340a,171.981853,-39.040177,3.3259999752044678,17.8817195892334,171.98188529232152,-39.04020821526781,2.265542650447439,1.3859078795766473,1.468080936171116
SB67970_component_1343a,169.426418,-37.888876,2.930000066757202,17.034883499145508,169.4263202772136,-37.88900994278769,1.7985203647338805,1.537930236004294,1.6291169809415762
SB67970_component_1347a,172.992125,-37.493377,3.200000047683716,15.686275482177734,172.9922766956078,-37.49336846913166,2.862509743156819,1.055327793503756,1.1179001417667516
SB67970_component_1354a,168.531808,-38.314226,2.8529999256134033,16.118642807006836,168.53173458755722,-38.31421285230962,2.413557006569851,1.1159084446458878,1.1820727324224627
SB67970_component_1357a,166.901157,-36.583475,3.0350000858306885,10.28813648223877,166.90105000402596,-36.58338236470579,2.2337540342393196,1.2826486920541322,1.3586993193116825
SB67970_component_1361a,173.475512,-38.94196,3.0480000972747803,10.438356399536133,173.47588139332004,-38.94185260864532,2.182617540930937,1.3183226088828635,1.3964884090387808
SB67970_component_1369a,170.662637,-37.217788,3.234999895095825,18.38068199157715,170.66256597621407,-37.217708317276724,2.4594436247046154,1.2417145315041618,1.3153380962266845
SB67970_component_1373a,171.016387,-35.73875,2.9690001010894775,15.962366104125977,171.0161888576584,-35.73858272744163,2.6718490091474942,1.049017336120204,1.1112155256246292
SB67970_component_1378a,169.437936,-37.173796,2.9119999408721924,16.35955047607422,169.43800574121872,-37.173602851981805,3.377139427594625,0.8140043682186573,0.8622682016259751
SB67970_component_1382a,167.369351,-38.217114,3.003999948501587,14.236967086791992,167.36948228986415,-38.21709687643027,2.709250750666286,1.0467309924990105,1.1087936204365039
SB67970_component_1390a,171.018705,-38.385711,3.2219998836517334,17.13829803466797,171.0189127735675,-38.385534117235665,2.274191133596585,1.3374665316871623,1.416767410642486
SB67970_component_1391a,170.357571,-35.914681,2.992000102996826,17.4970760345459,170.35781261325982,-35.914508398833114,2.9291125524575676,0.964294986882127,1.0214698306784062
SB67970_component_1394a,167.87322,-36.175279,2.9539999961853027,16.14207649230957,167.87323110271979,-36.17513371344453,2.7507228430393824,1.013790042415358,1.0738995401373521
SB67970_component_1397a,170.238094,-34.919041,2.8499999046325684,11.04651165008545,170.23819713061846,-34.918871248712364,3.1753468797837616,0.8473016166895321,0.8975397059066035
SB67970_component_1398a,168.329598,-38.007966,3.3889999389648438,17.379487991333008,168.32960040323917,-38.00781116142374,2.8413473102704865,1.1259824024431544,1.192743993919639
SB67970_component_1399a,170.521073,-39.734529,3.203000068664551,10.467320442199707,170.52122180025972,-39.734377998069995,1.687661295907059,1.7916617504570136,1.8978927089413697
SB67970_component_1401a,170.871298,-38.919806,3.3359999656677246,18.53333282470703,170.87130825608773,-38.919917724755074,3.2329881966419043,0.9741061454954811,1.0318627111391308
SB67970_component_1403a,169.401788,-35.043994,3.0220000743865967,12.805085182189941,169.40191821951944,-35.04394178214196,2.9386458319712836,0.9708040686577417,1.028364848022328
SB67970_component_1405a,171.280001,-37.259133,2.984999895095825,13.506786346435547,171.2800407662608,-37.25900085395287,2.8116622309292256,1.0022257065092204,1.0616495332404536
SB67970_component_1409a,171.93445,-35.300403,3.0859999656677246,16.681079864501953,171.93424645560768,-35.300394959056995,2.6930761846267433,1.0817618027075429,1.1459014725554226
SB67970_component_1411a,169.323598,-36.567446,2.9140000343322754,16.843931198120117,169.32351915545922,-36.5673367321817,2.2620598963758307,1.216101480142277,1.2882063993977142
SB67970_component_1412a,169.678986,-38.983621,3.306999921798706,17.49735450744629,169.6790710394706,-38.98352689544193,1.7439420161391324,1.790137986564643,1.896278598252932
SB67970_component_1413a,172.13602,-35.417646,2.684999942779541,13.161765098571777,172.13600643592505,-35.41755865663557,2.4037035428768947,1.0545028115306454,1.1170262450776165
SB67970_component_1421a,170.783657,-37.879736,3.007999897003174,17.488370895385742,170.78374407710643,-37.879775126051186,2.981551170081455,0.952401157695975,1.0088707942319153
SB67970_component_1423a,171.830191,-39.460945,2.63100004196167,11.745535850524902,171.8305121669486,-39.46081989787554,1.945660602857869,1.2765508958777634,1.352239973455363
SB67970_component_1425a,171.495957,-38.242859,3.2360000610351562,17.121694564819336,171.49588377896453,-38.24265220017087,3.033403893484106,1.007076927115969,1.066788391742437
SB67970_component_1429a,167.059424,-37.740886,3.0510001182556152,15.331658363342285,167.05981955505104,-37.74062972606885,2.833992575658834,1.0163139367288905,1.0765730808403169
SB67970_component_1432a,167.880586,-39.031948,3.131999969482422,16.061538696289062,167.88040592388774,-39.03182706353981,2.3942681324296653,1.2349043738155754,1.3081241516187738
SB67970_component_1441a,172.143968,-37.645008,2.7669999599456787,15.811429023742676,172.1440635487988,-37.6450472211166,2.2838074632641696,1.1437576972681425,1.2115732190448745
SB67970_component_1449a,167.112584,-36.454709,3.0810000896453857,13.878378868103027,167.11257678713244,-36.4546977137129,3.0457706277226064,0.9549461487441547,1.011566682534174
SB67970_component_1450a,173.06738,-37.645347,2.6730000972747803,12.432558059692383,173.0672888718316,-37.64539136292744,2.742030372354865,0.9202611293679802,0.9748251238293902
SB67970_component_1453a,170.649138,-37.034059,3.1579999923706055,16.97849464416504,170.6491995899517,-37.03397971150216,2.2262316980910497,1.339140446213542,1.4185405746753714
SB67970_component_1458a,170.263896,-39.092966,2.8440001010894775,15.800000190734863,170.26379674076216,-39.092906898230176,2.9601520576418374,0.9069846807308274,0.9607614898523521
SB67970_component_1460a,167.280388,-37.264707,2.630000114440918,12.644230842590332,167.28043459224077,-37.264695821466965,2.9275447917487503,0.8480795355148609,0.8983637489863662
SB67970_component_1462a,167.492096,-37.815883,2.8010001182556152,14.364103317260742,167.492129577206,-37.81582196780639,2.237455612470331,1.1817974909259503,1.251868462839844
SB67970_component_1466a,168.905216,-35.330839,3.128999948501587,16.643617630004883,168.90531018265833,-35.330592741008445,2.995654979242384,0.9860481626949523,1.0445127927559021
SB67970_component_1468a,173.39951,-35.189589,2.8269999027252197,13.926108360290527,173.39952178271753,-35.18947300034575,3.5334255438656506,0.7552908336124495,0.8000734323192829
SB67970_component_1471a,169.069151,-35.852073,2.742000102996826,15.579545974731445,169.0693829488991,-35.85203018855824,2.125300308730326,1.2179557954057307,1.2901706604630017
SB67970_component_1473a,168.397425,-38.337927,3.0329999923706055,16.944133758544922,168.39754290532758,-38.33784806716252,2.381508461901285,1.2022772936503363,1.2735625511694382
SB67970_component_1476a,169.863946,-37.72142,2.8299999237060547,15.215052604675293,169.8639547825614,-37.72137205390043,2.1614418197345824,1.236024953628674,1.3093111726937758
SB67970_component_1477a,171.289797,-38.649153,2.861999988555908,14.602041244506836,171.28962595518774,-38.649166964443495,3.565453985267951,0.757773051581428,0.8027028256096883
SB67970_component_1482a,167.749972,-38.765997,2.5239999294281006,12.31219482421875,167.7502021766096,-38.76598720512625,2.304992949561834,1.033722815813199,1.095014164753909
SB67970_component_1484a,170.324264,-35.91609,2.8440001010894775,16.15909194946289,170.32416111117453,-35.91590026940759,1.98475133343016,1.3527198715997022,1.4329251494565391
SB67970_component_1486a,167.45181,-35.079939,2.6679999828338623,10.889795303344727,167.45196345027418,-35.07983929282486,2.8110814535950484,0.8959767855609999,0.9491009160982506
SB67970_component_1489a,168.907537,-35.106006,3.01200008392334,15.1356782913208,168.90755252173759,-35.10584807178878,2.8875953557035046,0.9846978956086916,1.0430824658219906
SB67970_component_1491a,168.98024,-38.282677,3.0179998874664307,16.225805282592773,168.98040448984293,-38.28279898571362,2.7874612179525204,1.0221032054750043,1.0827056061010414
SB67970_component_1496a,171.593581,-37.473381,2.688999891281128,14.379677772521973,171.59400930201102,-37.4730642284017,3.0841436520446934,0.8230771615675794,0.8718789377720466
SB67970_component_1498a,173.387463,-35.516197,2.931999921798706,12.803492546081543,173.38713752771324,-35.51620156579986,1.6419856864832387,1.685694819822696,1.7856428018434105
SB67970_component_1499a,173.040687,-38.538899,2.4730000495910645,10.94247817993164,173.04040345109192,-38.53874761522874,2.542422171472673,0.9182497582513905,0.9726944947772397
SB67970_component_1504a,168.40715,-39.107816,2.687000036239624,15.180790901184082,168.40686282674574,-39.107950933524485,1.5648474374457897,1.6209888742878718,1.717100320415554
SB67970_component_1505a,170.690653,-38.70478,2.6029999256134033,13.417525291442871,170.69062890704035,-38.704605206372726,2.529562458339822,0.971433583231483,1.029031687686328
SB67970_component_1507a,169.987464,-36.097446,2.8910000324249268,15.884615898132324,169.987442507089,-36.09738146156518,2.1569892933087345,1.2652736739873411,1.340294104098333
SB67970_component_1508a,172.370742,-38.286216,2.7669999599456787,14.486910820007324,172.37065735590835,-38.286070468996186,1.8263587900121994,1.4302350553854628,1.5150363527021962
SB67970_component_1511a,172.809856,-38.802083,2.441999912261963,11.253456115722656,172.8094453467299,-38.801947183011016,2.371778219063829,0.9719768748123511,1.029607192035793
SB67970_component_1515a,170.138054,-35.506845,2.6600000858306885,13.434344291687012,170.137920189188,-35.506674330549934,2.9135418918888085,0.8618759228585535,0.9129781498031757
SB67970_component_1521a,167.927377,-37.326134,2.816999912261963,14.520617485046387,167.9273157699203,-37.326227209968,2.2977301416539206,1.1573698827523966,1.2259924963313005
SB67970_component_1522a,171.429463,-37.230678,2.691999912261963,13.393033981323242,171.4294118551497,-37.23063644024032,2.651788646776875,0.9583419502738931,1.0151638274543346
SB67970_component_1526a,170.11709,-37.596668,2.9260001182556152,16.255556106567383,170.11711819125847,-37.596510734411275,3.003982977521711,0.9195201206934891,0.9740401793719778
SB67970_component_1527a,173.190816,-36.703843,2.75600004196167,14.206185340881348,173.19115144390298,-36.70371699533403,1.8484910622254516,1.40749295465692,1.490945830510883
SB67970_component_1529a,169.823425,-39.402884,2.864000082015991,13.19815731048584,169.8233300161419,-39.4028030668727,2.0175233197879328,1.3401050001154409,1.4195623187726196
SB67970_component_1533a,167.308842,-35.573523,2.5160000324249268,11.182222366333008,167.30892615952303,-35.573600986220605,2.2961062386654674,1.0344345764016587,1.0957681269518544
SB67970_component_1534a,170.088991,-35.417872,2.5450000762939453,13.756756782531738,170.08890374218132,-35.41772848114775,1.4740021604173061,1.6299491073292403,1.7265918223440242
SB67970_component_1538a,170.609657,-39.660707,2.742000102996826,10.465649604797363,170.60960265495314,-39.6609259383343,1.8145487039142165,1.426537531019097,1.511119595237084
SB67970_component_1540a,172.418793,-38.77091,2.861999988555908,13.436619758605957,172.4192025318827,-38.770628784747544,1.8135557302419587,1.4897832482540767,1.578115268712514
SB67970_component_1543a,167.628963,-38.353738,2.6530001163482666,14.111702919006348,167.62872707865625,-38.353825706410134,1.6266457398499974,1.5396735663373255,1.6309636765734348
SB67970_component_1548a,170.598725,-38.121809,2.6570000648498535,13.766839027404785,170.5986511346313,-38.12185559694063,3.8924842914011304,0.64439039919186,0.6825975048170189
SB67970_component_1551a,169.925761,-37.852837,2.802999973297119,17.40993881225586,169.92589615989885,-37.852700881586266,2.258531468907588,1.171605258654909,1.2410719141552988
SB67970_component_1553a,169.802234,-38.122533,2.5940001010894775,14.252748489379883,169.8022214372893,-38.12237675075777,1.45144778890589,1.6871470439927112,1.7871811310862584
SB67970_component_1554a,170.599906,-39.196616,2.753999948501587,15.299999237060547,170.59975562557145,-39.19642079639503,1.695442917918704,1.533434111726089,1.6243542730900955
SB67970_component_1558a,172.610185,-35.487117,2.6019999980926514,11.99078369140625,172.6097789402573,-35.487196801609095,2.159394535139245,1.1375216175062917,1.2049673905120193
SB67970_component_1560a,168.759678,-38.167492,2.7290000915527344,14.751351356506348,168.75966713880987,-38.167394550337505,2.897111169813896,0.8892477080178159,0.9419728590284091
SB67970_component_1570a,172.784579,-35.231383,2.88700008392334,11.880659103393555,172.78442866351892,-35.231200954535545,2.5322329328178053,1.0762855476812638,1.140100520180329
SB67970_component_1571a,169.551068,-35.664138,2.9040000438690186,14.666666984558105,169.55110379385886,-35.66387126119688,2.2179654116009133,1.236022038000676,1.3093080841927691
SB67970_component_1573a,171.889876,-38.788039,2.809999942779541,14.336734771728516,171.88983968776606,-38.787944732946805,1.990829540633512,1.3324674217874284,1.4114718942161952
SB67970_component_1586a,173.62474,-38.496519,2.6080000400543213,10.68852424621582,173.62491505315867,-38.496498072402204,2.2312119747456896,1.103446106090331,1.1688714786283707
SB67970_component_1587a,171.626731,-36.049255,2.490000009536743,13.45945930480957,171.62663668121488,-36.049353427681375,2.423387361850264,0.9699757457844752,1.0274874123448512
SB67970_component_1591a,170.888199,-35.317833,2.4159998893737793,12.263958930969238,170.8880713419269,-35.31789001688863,2.294370809834267,0.9940715993273456,1.0530119538734448
SB67970_component_1593a,170.981877,-35.914737,2.569000005722046,14.038251876831055,170.9823915746754,-35.91456987207019,2.447005649947075,0.9910909214084149,1.049854546015294
SB67970_component_1602a,171.590062,-39.428882,2.25,10.714285850524902,171.59019438314652,-39.42882176376805,2.585253901894448,0.8216061484782603,0.8703207055799134
SB67970_component_1604a,168.397976,-38.036899,2.374000072479248,10.551112174987793,168.3980075268107,-38.03680434006543,1.935599792888207,1.1578426036815586,1.226493245763827
SB67970_component_1610a,169.595783,-39.467882,2.6559998989105225,11.35042667388916,169.59556982328567,-39.46770644287587,2.2734390249162613,1.1028821513855078,1.1682740859998884
SB67970_component_1613a,169.521959,-35.694575,2.553999900817871,13.805404663085938,169.52197220446448,-35.69431028875959,2.3315755033382355,1.0340838538027646,1.0953966093575693
SB67970_component_1619a,171.801277,-38.292976,2.611999988555908,13.893617630004883,171.80123363805566,-38.29281218061979,1.944933094462974,1.2678061941343284,1.3429767820764662
SB67970_component_1620a,168.854496,-38.675216,2.430999994277954,13.581005096435547,168.85464595514472,-38.67523549605321,2.9040740608000264,0.7902447784417839,0.8370998615676668
SB67970_component_1621a,168.334398,-37.793481,2.5209999084472656,15.466257095336914,168.3342874337374,-37.79339856276225,2.160677981684455,1.1014559883285213,1.1667633630819458
SB67970_component_1639a,170.588265,-37.42025,2.5969998836517334,14.114130020141602,170.58813289497223,-37.42028337900893,3.7418363170678983,0.6551964100569172,0.6940442241703244
SB67970_component_1646a,170.645003,-37.40029,2.2809998989105225,12.39673900604248,170.64489844295937,-37.40013133263717,2.8691432154157974,0.7505115909671922,0.7950108194860391
SB67970_component_1647a,172.650883,-37.439109,2.063999891281128,10.584614753723145,172.6508967060097,-37.4388837916928,1.9076857119537345,1.0213796669444428,1.0819391676248946
SB67970_component_1648a,172.884201,-39.381626,2.5480000972747803,11.17543888092041,172.88386692213453,-39.38149052826231,1.9685383670280352,1.2219119760819004,1.2943614104517438
SB67970_component_1652a,171.655058,-39.043114,2.0789999961853027,10.661539077758789,171.6548221209782,-39.043079240934354,2.0899309708912543,0.9390893416190351,0.9947696958137856
SB67970_component_1656a,172.861723,-37.422578,2.5889999866485596,13.698412895202637,172.86156573490098,-37.422370914852415,2.2612925799031998,1.0808356361318787,1.1449203918403996
SB67970_component_1658a,170.435597,-37.051292,2.259999990463257,12.417582511901855,170.4355751100544,-37.05117215438038,2.267809158199825,0.9407761465954293,0.996556514595449
SB67970_component_1661a,170.381604,-35.858704,2.374000072479248,13.72254467010498,170.3817773550942,-35.858466970855815,1.952961665085017,1.147549357445071,1.2155896938078927
SB67970_component_1670a,171.240915,-38.423635,2.1740000247955322,12.494253158569336,171.24101436742558,-38.42339930860672,1.6226807664523304,1.2647678603310941,1.3397582998093656
SB67970_component_1676a,167.180892,-35.930366,2.171999931335449,11.02538013458252,167.1808380711299,-35.9301761378462,2.549858186638807,0.804133480725659,0.8518120508492097
SB67970_component_1695a,166.854131,-37.345549,2.3420000076293945,10.182608604431152,166.85393269274908,-37.345306048919646,2.887260783315004,0.7657468958046691,0.8111494538918756
SB67970_component_1696a,170.596178,-36.770604,2.390000104904175,12.849462509155273,170.59651987457914,-36.77036781984006,2.0348100964688807,1.108813234531857,1.174556834100477
SB67970_component_1702a,169.861122,-38.516354,2.368000030517578,14.265061378479004,169.86120566868195,-38.51655783578391,1.979439907178488,1.1293374933115288,1.196298014367583
SB67970_component_1705a,169.164183,-35.199068,2.322999954223633,12.693988800048828,169.16423159759262,-35.19894997404813,2.0629546194126,1.0630260114549523,1.1260548013824354
SB67970_component_1706a,172.250107,-38.171222,2.364000082015991,11.820000648498535,172.24996633449078,-38.17117838248105,2.7147867052574823,0.8220460339186538,0.8707866726464535
SB67970_component_1708a,167.919513,-35.40784,2.0460000038146973,10.385787010192871,167.91953924750584,-35.407718540240566,2.5233005154591677,0.7654573870618929,0.8108427796371231
SB67970_component_1715a,172.46247,-36.601462,2.1489999294281006,10.534313201904297,172.4624999575718,-36.60121912088284,1.5669591902967677,1.2946819108527188,1.3714460100400572
SB67970_component_1723a,172.11285,-38.507353,2.615000009536743,13.207070350646973,172.11299306751496,-38.507077970590856,2.2529570052741974,1.0957289992807755,1.1606968101987738
SB67970_component_1735a,173.224512,-36.550423,2.3429999351501465,10.649999618530273,173.22429474479046,-36.550592000919465,1.81547284378253,1.2183354591306819,1.2905728351565513
SB67970_component_1737a,169.294784,-38.036253,2.194999933242798,11.61375617980957,169.29459063003907,-38.03634102272392,2.0022062790007387,1.0349278098707575,1.096290605150973
SB67970_component_1753a,171.669435,-37.657022,2.5280001163482666,14.870588302612305,171.66913356360726,-37.657042725854275,2.1593208870861567,1.1052086332042756,1.1707385092539975
SB67970_component_1758a,172.023536,-38.90124,2.506999969482422,12.410890579223633,172.0236612904404,-38.90106864026741,2.4340126710844094,0.9723348654091422,1.0299864085610921
SB67970_component_1763a,173.1619,-36.656284,2.0920000076293945,11.010526657104492,173.16205927087327,-36.656058355254416,1.5237733396863016,1.2960616965879845,1.3729076058385912
SB67970_component_1768a,169.124809,-37.831023,2.124000072479248,12.348836898803711,169.12459616483778,-37.831105043682506,2.1840259926357484,0.9180811896431149,0.9725159314225655
SB67970_component_1781a,172.690036,-37.154203,2.2820000648498535,11.297029495239258,172.68960986187054,-37.15423421899348,2.3113346791497036,0.9320456454396088,0.9873083657834262
SB67970_component_1784a,169.556506,-37.424103,2.188999891281128,12.508570671081543,169.55652087837134,-37.42407998408851,1.3729507481659717,1.5051339321871255,1.5943761232551559
SB67970_component_1786a,167.126747,-36.38518,2.244999885559082,10.298165321350098,167.1269511444241,-36.38509385199249,2.327150152918806,0.9107019828666285,0.9646991977476451
SB67970_component_1792a,170.37844,-37.354659,2.4489998817443848,13.605554580688477,170.3785120158349,-37.35459688971413,2.5167068467654956,0.9186297337337623,0.9730969997128872
SB67970_component_1793a,170.933953,-38.864536,2.319000005722046,12.672131538391113,170.93426213579414,-38.86443715122455,2.148830311976962,1.0187860575788732,1.079191778334756
SB67970_component_1795a,170.849559,-37.955454,1.9670000076293945,10.244791984558105,170.84972660656362,-37.955273828340296,1.6897669412174512,1.0989094728857527,1.164065860000907
SB67970_component_1796a,168.724173,-36.180462,2.2899999618530273,13.470587730407715,168.72423853737484,-36.18040406814957,2.4724197289202015,0.8743748140542046,0.9262181235113977
SB67970_component_1799a,167.801007,-35.117543,2.197999954223633,10.223255157470703,167.8011079382407,-35.11730248947722,1.5349400154267945,1.351825503834732,1.4319777529628561
SB67970_component_1800a,168.146951,-36.451326,2.1730000972747803,11.745945930480957,168.14678072364697,-36.451201060780576,2.5989697012776793,0.7893014379932201,0.8361005887088687
SB67970_component_1817a,169.247299,-39.483418,2.1440000534057617,10.113207817077637,169.24738421945634,-39.483547021926654,2.3652454677328287,0.855722473174385,0.9064598506390381
SB67970_component_1818a,166.99334,-36.046215,2.2909998893737793,11.341583251953125,166.99336566381106,-36.04596017399739,1.6944777770587491,1.2763610880513865,1.352038911569832
SB67970_component_1824a,170.331732,-37.258547,2.361999988555908,13.73255729675293,170.33185383354342,-37.258581714259606,2.104350777864241,1.0596101778465956,1.1224364366444466
SB67970_component_1829a,172.620724,-38.329142,2.312000036239624,10.605504989624023,172.62066490701906,-38.32935076084705,1.8789495490913801,1.1616012806644986,1.2304747816979216
SB67970_component_1836a,167.553317,-38.740171,2.311000108718872,11.974093437194824,167.55329423501001,-38.740003075068486,2.7395261810506284,0.7963589686245672,0.8435765734615417
SB67970_component_1839a,172.59747,-35.674095,2.2160000801086426,11.02487564086914,172.59806263341392,-35.67408413411995,1.6893660239725614,1.238312853977831,1.3117347269111614
SB67970_component_1840a,172.646301,-36.092074,2.2200000286102295,12.333333015441895,172.64639648657518,-36.09205193470628,1.8814154644281815,1.1139164959172676,1.179962677347799
SB67970_component_1844a,170.737046,-37.30433,1.8459999561309814,10.255555152893066,170.73687921086756,-37.30445291746164,1.6552599535455674,1.0528096162211023,1.1152326570680628
SB67970_component_1848a,169.493042,-36.358492,2.000999927520752,10.934426307678223,169.49307222754,-36.358254041002866,1.9976214941624186,0.9456234540970059,1.0016912279769745
SB67970_component_1864a,169.819582,-38.788779,1.8350000381469727,10.082418441772461,169.81918931177827,-38.78879123056845,2.1982329834522827,0.7880372058469096,0.8347613978865608
SB67970_component_1870a,168.743086,-38.396931,2.053999900817871,11.670454025268555,168.74288314254377,-38.396748942437796,2.161931978210886,0.8968973847287578,0.950076099303395
SB67970_component_1882a,172.871882,-35.74116,2.0820000171661377,10.462311744689941,172.8719115558781,-35.74117511755228,1.7662931067002265,1.1127620849011102,1.1787398191547676
SB67970_component_1916a,171.233539,-39.080695,2.0850000381469727,11.583333015441895,171.23364161062116,-39.08054764905047,1.6548214217776644,1.1894311220110374,1.259954706113966
SB67970_component_1947a,168.729799,-35.500526,2.2009999752044678,11.523560523986816,168.72979113202862,-35.50040345964878,2.2210700219676776,0.9354964677540272,0.9909637937729538
SB67970_component_1956a,170.230483,-37.497818,2.0190000534057617,11.032787322998047,170.23042760826652,-37.49762377443141,2.0052465576843432,0.9505017389669774,1.006858755432699
SB67970_component_1961a,170.497087,-37.104418,2.003999948501587,11.133332252502441,170.4969129916937,-37.10449095098392,1.9506506602758626,0.9698455373323732,1.0273494835913775
SB67970_component_2015a,168.739653,-36.701971,1.8259999752044678,10.934131622314453,168.73984078908884,-36.70188898236327,1.762733744671364,0.9779089337042879,1.0358909737357407
SB67970_component_2028a,168.302572,-39.117414,1.8839999437332153,10.183783531188965,168.30267631248975,-39.117482199354306,1.7671766553913701,1.006433964089662,1.0661073062420987
SB67970_component_2029a,169.27611,-37.451996,1.937999963760376,10.949151992797852,169.27624134057083,-37.452091112864565,2.3553869302222625,0.7767403537787139,0.8227947344419966
SB67970_component_2059a,168.388703,-38.899804,1.9299999475479126,10.965909004211426,168.38886057759663,-38.89958361084935,1.398754658450156,1.302567134300084,1.3797987630556923
SB67970_component_2104a,168.858538,-37.400736,1.871999979019165,10.820809364318848,168.85827795300705,-37.40067377421844,1.4031171368696964,1.2594945003043763,1.3341722724558331
SB67970_component_2116a,171.798965,-37.869571,2.003999948501587,11.071823120117188,171.7990985780096,-37.86962935417738,1.6575835682930047,1.1413179244478255,1.2089887875549619
SB67970_component_2124a,170.407477,-39.109974,1.9859999418258667,10.793478012084961,170.40774575147017,-39.10954517935923,1.5341930214079218,1.2220348556474416,1.2944915757753375
SB67970_component_2131a,170.945217,-37.815091,1.9579999446868896,10.414894104003906,170.94486274865122,-37.814710334054176,1.731182932916816,1.0677118876943918,1.1310185119419567
SB67970_component_2163a,170.639186,-36.904401,1.8289999961853027,10.392045021057129,170.63926225798872,-36.90445611576894,1.97616382732778,0.8737257272164686,0.9255305511074575
