Component_ID,RA,DEC,RA_comp,DEC_comp
SB66807_component_5a,187.104389,31.477167,187.104025,31.477119
SB66807_component_20a,184.38629,33.093924,184.385591,33.093897
