Component_ID,RA,DEC,RA_comp,DEC_comp
SB66882_component_31a,124.759593,32.443855,124.759702,32.443671
