Component_ID,RA,DEC,RA_comp,DEC_comp
SB67047_component_3a,179.395171,16.649781,179.395151,16.649903
SB67047_component_18a,184.694113,17.638076,184.694186,17.63813
