Component_ID,RA,DEC,RA_comp,DEC_comp
SB67232_component_4a,43.286819,38.59028,43.287034,38.590278
SB67232_component_21a,47.707584,38.248188,47.707833,38.248288
