Component_ID,RA,DEC,ASKAP_flux,ASKAP_flux_SNR,RA_comp,DEC_comp,Comp_flux,Flux_Ratio_AlphaCorr,Flux_Ratio_NOAlphaCorr
SB68054_component_1a,163.398538,-34.760507,606.5260009765625,1652.6593017578125,163.39851337658968,-34.76042422340534,572.2187741241186,1.0006257745125464,1.059954738299101
SB68054_component_10a,165.960862,-35.445306,326.9670104980469,323.0899353027344,165.96078561545448,-35.44530700113838,313.26051840272845,0.9853321172875636,1.0437542916841418
SB68054_component_11a,166.563222,-32.053324,294.6610107421875,1192.9595947265625,166.56322761076743,-32.05321578959708,282.2143894912894,0.9856617088269405,1.0441034253190773
SB68054_component_15a,164.50169,-30.415188,244.875,868.35107421875,164.50166724809645,-30.415109643333473,275.8646149321585,0.8379783851628629,0.8876636826372982
SB68054_component_16a,162.722618,-35.295835,234.32200622558594,313.26470947265625,162.7224987785142,-35.29575138880416,222.74571564188236,0.9930887964338586,1.0519708787679458
SB68054_component_19a,163.629205,-33.529126,167.67100524902344,821.9166870117188,163.62926215248703,-33.52902147625905,161.49517887365346,0.9801279433451251,1.038241552586543
SB68054_component_21a,161.141184,-32.559565,159.41000366210938,419.5,161.14115223947425,-32.55945299680424,149.61738324687454,1.0058144757803071,1.065451087318354
SB68054_component_22a,164.418256,-30.910311,153.79299926757812,728.8767700195312,164.41826341545016,-30.910159625630637,146.20683440105998,0.9930091661340883,1.0518865270395537
SB68054_component_23a,167.077311,-33.219023,155.75399780273438,662.782958984375,167.07732174727678,-33.21893289117486,148.8235889358962,0.9879882827064291,1.0465679460923587
SB68054_component_25a,167.540369,-30.51094,148.7010040283203,617.0166015625,167.54035789135338,-30.510896215915114,141.8454722303178,0.9896526415531717,1.0483309878715834
SB68054_component_29a,164.515346,-35.477122,134.51400756835938,204.73973083496094,164.51523728847292,-35.47720202693082,125.29218130727399,1.0135096924802476,1.0736025677330114
SB68054_component_32a,160.895714,-34.007337,118.65599822998047,203.52658081054688,160.89571382980975,-34.00712292138981,63.86086554314187,1.754039065494466,1.8580393049922128
SB68054_component_33a,167.539432,-32.108744,119.81900024414062,593.163330078125,167.5395079517207,-32.10859164108472,116.16436494297429,0.9737268236114721,1.031460898554909
SB68054_component_37a,162.337801,-31.870092,109.44200134277344,541.7920532226562,162.33782479072934,-31.87005583497523,107.12960625894326,0.96440373213699,1.0215850236417456
SB68054_component_41a,160.981963,-34.029046,92.11199951171875,189.53086853027344,160.9819409088909,-34.02883582688844,95.23265020323888,0.9130923500591908,0.9672312942582165
SB68054_component_46a,160.411076,-32.780116,90.12899780273438,89.85942077636719,160.41100129959497,-32.77999910852103,56.67165393593512,1.5013537021099799,1.5903717563038013
SB68054_component_47a,166.035022,-33.801772,87.53099822998047,475.7119445800781,166.0349909828818,-33.80164527251935,83.06973564802105,0.9947258811100276,1.0537050292402814
SB68054_component_49a,167.074738,-30.302817,89.447998046875,321.7554016113281,167.07460227536882,-30.30277863371955,84.07319990898378,1.0043785112451198,1.0639299817743333
SB68054_component_50a,160.737628,-35.348732,88.76699829101562,81.88837432861328,160.73746709740055,-35.34863549659006,79.23488024746827,1.0575952537223996,1.1203020439202587
SB68054_component_52a,163.114617,-32.035751,82.84700012207031,450.25543212890625,163.1147295665445,-32.03568551701386,79.01720994788876,0.9897817940397785,1.048467798049403
SB68054_component_55a,165.195383,-34.376698,77.53700256347656,399.6752624511719,165.19540937542573,-34.376561551114555,75.25537762131835,0.9726483031225488,1.0303184305796624
SB68054_component_58a,161.250499,-34.347971,70.2229995727539,300.0982971191406,161.25051809301658,-34.34789412495708,66.46326040169112,0.9974292481453904,1.056568683936654
SB68054_component_59a,162.691375,-32.213636,71.85399627685547,380.17987060546875,162.69147843481605,-32.21358134042385,55.62914332835285,1.2193627393573327,1.2916610247390452
SB68054_component_63a,164.863369,-30.465395,73.375,330.51800537109375,164.86332903465163,-30.465266326614476,71.22169968844133,0.9725683789282794,1.0302337675312196
SB68054_component_67a,163.740126,-31.297483,67.15499877929688,361.0483703613281,163.74021732944564,-31.29738869187631,41.54381262191035,1.5260064159965467,1.616486175461881
SB68054_component_73a,164.822618,-30.615947,68.25,342.9648132324219,164.8226138082459,-30.61578526519412,65.97563003283534,0.9765702149446499,1.0344728798502225
SB68054_component_78a,165.892937,-29.859137,57.81800079345703,85.52958679199219,165.89278068587828,-29.859203775320342,59.68696210124337,0.9144668369685863,0.9686872770536364
SB68054_component_80a,167.565181,-30.958122,58.999000549316406,235.99600219726562,167.56517295139062,-30.9581005612078,58.29170112695048,0.955481516067059,1.012133792781678
SB68054_component_85a,167.949102,-33.814397,56.11800003051758,216.67181396484375,167.94910994041751,-33.814407595251105,54.380742584878185,0.9741849502343122,1.0319461883575396
SB68054_component_86a,166.403674,-35.196917,58.242000579833984,109.27204895019531,166.40358114179855,-35.19683942540665,56.30145317185018,0.9765647517588806,1.034467092742005
SB68054_component_87a,161.100467,-30.682766,51.40999984741211,85.25704956054688,161.1003149635804,-30.682507774974624,57.88227882805946,0.8384677179818613,0.8881820289095148
SB68054_component_88a,165.612878,-30.534898,56.47800064086914,267.6682434082031,165.61287465401364,-30.53474138509627,51.71890542381279,1.0308948116404282,1.0920184829523698
SB68054_component_91a,166.499584,-30.911237,50.2239990234375,277.48065185546875,166.49966390722216,-30.911022239998825,47.468646942721236,0.9988236157029928,1.0580457261409
SB68054_component_93a,164.604399,-32.2726,48.722999572753906,266.24591064453125,164.60440049136434,-32.27248071671762,46.82968198225046,0.9821937664845822,1.0404298622233021
SB68054_component_100a,165.487119,-35.300804,50.082000732421875,77.88802337646484,165.48709471397896,-35.300759263306105,47.68964097988222,0.991384174748411,1.050165186891402
SB68054_component_101a,163.012336,-29.907869,45.69499969482422,86.05461120605469,163.01212036617753,-29.90787830656945,54.26098981836421,0.794996710674168,0.8421335447028484
SB68054_component_105a,163.895499,-34.013801,46.262001037597656,254.18682861328125,163.89550479949747,-34.01369857444569,43.86366573917533,0.9956434830851234,1.0546770375436345
SB68054_component_106a,163.985161,-34.663813,46.33300018310547,229.37127685546875,163.98517448862887,-34.66371800143388,44.04820089588176,0.9929939736541669,1.051870433769233
SB68054_component_107a,161.229302,-34.697773,45.39099884033203,189.12916564941406,161.2293067111783,-34.69772974211997,40.98268299119681,1.0455714539646903,1.1075653307052185
SB68054_component_109a,163.760278,-32.084137,44.2400016784668,266.50604248046875,163.76036512479854,-32.084055530017835,39.21208721095057,1.0650734031923805,1.128223586785049
SB68054_component_110a,164.880976,-35.314622,46.630001068115234,86.67286682128906,164.8808931613677,-35.314660520392586,40.8024468810007,1.0788562507030468,1.1428236449669416
SB68054_component_111a,165.185707,-31.218971,42.64799880981445,239.59548950195312,165.18576746297404,-31.2188191454366,22.676008221847987,1.7754825832716965,1.88075424883308
SB68054_component_112a,168.428031,-31.689053,44.9109992980957,50.0680046081543,168.42790673206466,-31.68910650111708,41.183204335426424,1.0294777118941432,1.0905173607256824
SB68054_component_114a,163.503156,-31.900722,40.64899826049805,225.8277587890625,163.50324132997602,-31.900660990152733,39.22511065455485,0.9782954527130091,1.0363004101755888
SB68054_component_115a,167.92676,-29.771863,42.49100112915039,46.69340515136719,167.926814614498,-29.771879202980404,41.429687398263205,0.9682102410837041,1.0256172275857354
SB68054_component_117a,162.955212,-33.547911,40.45399856567383,224.7444305419922,162.9552163749628,-33.54781875030797,18.791514852469955,2.032282268353423,2.152780065006657
SB68054_component_119a,164.604454,-31.473078,39.11800003051758,206.9735565185547,164.60453775533398,-31.47294755035113,37.42076755860556,0.9868435710448608,1.0453553623466953
SB68054_component_120a,160.886045,-33.374846,40.47999954223633,93.48729705810547,160.88601118598487,-33.37473168501142,36.96883414063617,1.033687129700299,1.0949763627449827
SB68054_component_125a,164.001076,-35.172663,40.22100067138672,99.80397033691406,164.00099880491715,-35.17269221838348,60.077409231915034,0.6320130418110786,0.6694862708896582
SB68054_component_131a,164.473803,-34.53401,37.85900115966797,182.01441955566406,164.47378347397418,-34.53392856600392,33.31006265428448,1.072946498836961,1.1365634929179091
SB68054_component_133a,165.638635,-35.440162,39.41400146484375,44.89065933227539,165.6385800438034,-35.44018984356744,36.529251871446334,1.0185775863415951,1.0789709464499688
SB68054_component_137a,165.017217,-34.584011,35.47999954223633,188.72340393066406,165.01719379723804,-34.583899356748454,33.305000873729725,1.0056770072198657,1.0653054679912108
SB68054_component_147a,164.558817,-29.741516,31.843000411987305,34.38768768310547,164.55876515544622,-29.741640196343365,36.43788589022093,0.8249833351746948,0.8738981319586714
SB68054_component_149a,164.655632,-32.874733,32.02299880981445,184.04022216796875,164.6556374286585,-32.87463142388853,25.539028949551014,1.1837009157922795,1.2538847453077275
SB68054_component_154a,168.028877,-31.597729,30.733999252319336,60.38113784790039,168.0287458802649,-31.597761754127415,34.96015250065951,0.8299083281392425,0.8791151369187977
SB68054_component_155a,163.398736,-33.084233,31.773000717163086,186.90000915527344,163.39871053095237,-33.08410958016488,29.820938250030885,1.00582237831614,1.065459458410239
SB68054_component_161a,166.046616,-30.402798,29.875,136.41552734375,166.0466249943417,-30.4026571624372,30.094105024973338,0.9371537481423144,0.9927193373987525
SB68054_component_164a,163.351446,-31.283388,30.298999786376953,162.89784240722656,163.35148268299693,-31.28327927581741,28.00638226396024,1.0213054385604823,1.0818605381019506
SB68054_component_167a,166.03628,-30.233734,29.084999084472656,91.17554473876953,166.03623433721572,-30.23371563018702,27.474623244613102,0.999359334967727,1.05861320919752
SB68054_component_168a,164.483331,-32.104451,30.298999786376953,167.39779663085938,164.48334540734749,-32.104326306487565,29.158169384194093,0.9809624926622256,1.0391255838852926
SB68054_component_171a,163.340503,-35.205305,31.614999771118164,63.22999954223633,163.3404628448326,-35.20523606469506,28.568217733557997,1.0447067496824567,1.1066493564973507
SB68054_component_173a,165.202255,-32.903758,30.415000915527344,168.03868103027344,165.2022108307114,-32.90364569316574,29.72886844007822,0.9658147185648767,1.0230796700800133
SB68054_component_175a,168.176393,-31.289867,29.298999786376953,32.4462890625,168.17651445888418,-31.290118153389592,26.8489134707559,1.0301736664801096,1.0912545797538404
SB68054_component_176a,166.55039,-32.19358,29.02899932861328,154.40957641601562,166.55041318226358,-32.193471150247724,27.66729320080923,0.990489230008673,1.0492171792130436
SB68054_component_177a,165.276104,-32.235434,30.09600067138672,173.96533203125,165.27605139569823,-32.235351987953145,29.140080977353783,0.9749950221342568,1.0328042909275315
SB68054_component_178a,163.770363,-32.221992,28.739999771118164,170.05917358398438,163.77046136512774,-32.22192815166525,27.803541188259363,0.9758229141346696,1.0336812701849014
SB68054_component_179a,160.49401,-34.28992,28.225000381469727,35.018611907958984,160.49394189733027,-34.289755713909116,24.059891392827204,1.107451354567457,1.1731142057392758
SB68054_component_186a,167.633093,-30.708217,27.506000518798828,126.75576782226562,167.63312033856528,-30.708164390826177,26.360804927400935,0.9850383621213912,1.0434431192276497
SB68054_component_187a,162.408153,-32.663485,27.17300033569336,152.6573028564453,162.40822393551764,-32.66345515992637,28.576296852986655,0.897668550786253,0.9508929892311561
SB68054_component_188a,162.494135,-34.753981,26.79800033569336,127.60952758789062,162.49414246266895,-34.75391680505622,28.26262773360376,0.8951054777277627,0.9481779468025548
SB68054_component_192a,167.197438,-31.267567,28.93600082397461,142.54188537597656,167.1973798385269,-31.267516931947775,27.720155767865457,0.9854332377708457,1.0438614077890074
SB68054_component_197a,162.973147,-33.230006,26.91200065612793,155.56069946289062,162.9731372281264,-33.22986876587567,41.97508393702968,0.6052555441064539,0.6411422713650999
SB68054_component_198a,163.21311,-31.004546,27.187000274658203,150.2044219970703,163.21308036860378,-31.004441330042084,45.96103291673342,0.5584134575084156,0.5915228303052346
SB68054_component_201a,167.715542,-30.948023,25.082000732421875,97.2170639038086,167.71556083034355,-30.94805469226527,22.498220656931387,1.0524424794601785,1.1148437520855436
SB68054_component_202a,160.917289,-34.344168,25.406999588012695,80.14826202392578,160.9172411356928,-34.34410389344646,24.031724033956493,0.998051190852482,1.0572275027839433
SB68054_component_203a,160.469056,-31.232248,25.086000442504883,25.942089080810547,160.46881927956906,-31.232007524438455,21.920336181859135,1.0803602083936081,1.1444167751070164
SB68054_component_205a,161.054663,-32.333514,25.57699966430664,55.00429916381836,161.05463397023843,-32.33338529608609,27.62276847910864,0.8741113495489492,0.9259390377054627
SB68054_component_209a,161.571966,-34.10037,24.757999420166016,109.06607818603516,161.57195777824427,-34.100258084138915,30.858681419664812,0.7573951998401067,0.8023025703356491
SB68054_component_213a,163.60005,-30.775765,24.184999465942383,133.61878967285156,163.5999337468087,-30.775631214676736,23.595782699192615,0.9676004439985066,1.0249712744968587
SB68054_component_214a,168.016806,-30.698772,24.354999542236328,74.25304412841797,168.01686038513645,-30.698872432870687,23.068622093736952,0.9966687375617714,1.0557630812656393
SB68054_component_215a,163.01917,-34.233773,24.47100067138672,139.83428955078125,163.01916567097996,-34.23366710958925,27.457857947609995,0.8413359370076119,0.8912203099774846
SB68054_component_216a,161.473159,-30.391838,23.10300064086914,56.48655319213867,161.4730092323577,-30.39176236456689,22.295137704316026,0.9782336453938625,1.0362349381855005
SB68054_component_217a,167.306199,-35.011695,25.066999435424805,71.21306610107422,167.3061973291975,-35.01171167660975,22.978766582046042,1.0298168711270645,1.090876629340513
SB68054_component_218a,168.650544,-31.966489,23.04199981689453,21.574907302856445,168.65047255698852,-31.966540157535846,26.474567966693954,0.8216287963719819,0.8703446963093892
SB68054_component_219a,168.676266,-34.088872,22.889999389648438,28.792451858520508,168.67624336979372,-34.089000095180914,25.206264198847606,0.8572779667765559,0.9081075723508022
SB68054_component_226a,165.051301,-31.971298,22.18199920654297,121.2131118774414,165.0513166187569,-31.97120778384782,16.188554674833405,1.2935313950179472,1.370227277980963
SB68054_component_228a,160.955511,-31.034909,22.70400047302246,57.47848129272461,160.95535460070354,-31.03463235471552,22.1875447529698,0.9660008433720805,1.0232768305733122
SB68054_component_236a,161.603435,-33.91966,23.114999771118164,107.51162719726562,161.6034324703129,-33.91948744605572,21.135701306493164,1.0324323293664301,1.0936471629648237
SB68054_component_237a,167.176593,-32.922282,21.469999313354492,114.81282806396484,167.17658272801862,-32.92223767360584,20.512516646765704,0.9880921496110004,1.0466779714589414
SB68054_component_238a,167.355927,-33.67254,20.466999053955078,100.32843017578125,167.3559385151046,-33.67233888525936,19.22086368337566,1.0052304501377103,1.0648324337088564
SB68054_component_239a,161.405503,-32.036253,22.92099952697754,74.90522766113281,161.4055068345244,-32.036201306269525,21.757984404825006,0.9944873331574066,1.0534523373357425
SB68054_component_240a,164.162461,-32.456323,21.68400001525879,124.62069702148438,164.16248376856805,-32.45617439296814,20.48897107132403,0.9990877049474859,1.0583254737280243
SB68054_component_241a,160.952006,-30.592443,19.655000686645508,21.79046630859375,160.95179175007635,-30.592184295421365,17.820458920162327,1.0412105121818327,1.1029458205707348
SB68054_component_242a,166.432646,-29.747602,21.204999923706055,26.87579345703125,166.43242515898345,-29.74769595749747,20.991994961201588,0.9536058938146194,1.0101469613963872
SB68054_component_243a,162.674519,-33.040418,20.375,120.5621337890625,162.67447266116162,-33.040281617994495,19.696422039312296,0.9765503518025209,1.0344518389854422
SB68054_component_244a,167.112679,-35.132279,20.981000900268555,55.800537109375,167.11258103781086,-35.132222699197676,18.05201993353838,1.097197382316407,1.1622522563964435
SB68054_component_249a,160.766279,-33.558938,21.327999114990234,26.266010284423828,160.7662526261668,-33.55880473269638,19.79462846990776,1.017154966686297,1.0774639770285934
SB68054_component_251a,162.672133,-33.111535,21.030000686645508,129.8148193359375,162.67209911527877,-33.11139623135095,19.679666966949082,1.0088019358182716,1.0686156794199941
SB68054_component_253a,164.270186,-34.351751,20.94700050354004,121.78488159179688,164.2701965178293,-34.35165093406874,19.725443701226556,1.0024885638749892,1.061927975908472
SB68054_component_257a,166.456425,-30.538991,19.365999221801758,108.18993377685547,166.45644702367878,-30.538799592588756,18.118911715639825,1.0090023226894664,1.0688279476015923
SB68054_component_261a,167.219027,-34.727988,20.19099998474121,81.0883560180664,167.21901325740393,-34.727964979931144,17.55277888535267,1.0859161978956426,1.1503021895632757
SB68054_component_263a,164.173516,-33.605176,19.485000610351562,121.78125762939453,164.17355944040952,-33.605063824167615,18.159056257781916,1.0129581766382507,1.0730183514906741
SB68054_component_267a,161.101011,-34.007557,20.642000198364258,56.09239196777344,161.10105536611982,-34.00737814335191,20.968899196203566,0.929309786657911,0.984410292844629
SB68054_component_268a,163.017916,-32.962369,18.711000442504883,106.3125,163.01788882117032,-32.962227654816424,17.348104754159074,1.018191197010374,1.0785616473764412
SB68054_component_270a,163.077783,-34.104936,18.75200080871582,100.81720733642578,163.07776734133273,-34.10481546227414,18.750569277211046,0.9440989621148423,1.000076346028945
SB68054_component_271a,165.123415,-33.455024,19.1560001373291,110.72833251953125,165.12336997314907,-33.454852598947234,18.361402875051244,0.9848800413700254,1.0432754113443872
SB68054_component_272a,161.223537,-32.754901,18.583999633789062,84.09049224853516,161.22362665846558,-32.75484450617214,18.655817789838732,0.940392727069276,0.9961503614122568
SB68054_component_274a,166.134648,-32.152116,18.099000930786133,111.03681182861328,166.13460152210558,-32.15203832462113,14.141466200340023,1.2082158460852594,1.2798532114266166
SB68054_component_275a,163.781704,-34.747826,18.277999877929688,91.38999938964844,163.78166690662988,-34.74772806894379,18.07637300494031,0.9545567224516677,1.0111541664322965
SB68054_component_280a,165.499995,-30.335159,16.405000686645508,71.01731872558594,165.49994985645017,-30.335081014424123,16.174345600105895,0.9574892333753289,1.014260551384416
SB68054_component_281a,166.580706,-31.992429,17.79400062561035,90.32487487792969,166.58069919883764,-31.992317562121325,16.644326459990662,1.009233693003097,1.069073036291571
SB68054_component_283a,164.542218,-30.303762,16.839000701904297,75.51121520996094,164.54217404523575,-30.303667431951144,18.18970779972867,0.8739265978554673,0.9257433317403526
SB68054_component_284a,161.372726,-33.988775,18.53700065612793,70.75191497802734,161.37264016090842,-33.98864845794988,16.05990496882173,1.0896345341009155,1.154240992839943
SB68054_component_285a,164.939445,-33.892447,18.329999923706055,111.7682876586914,164.93935467953534,-33.892304883253416,20.900657315733827,0.8279171582726632,0.877005906886354
SB68054_component_288a,161.044106,-34.236329,16.45800018310547,56.948097229003906,161.04417054406633,-34.23622962722625,19.79294061232646,0.7849664697675385,0.8315085921520883
SB68054_component_290a,167.66318,-33.487909,18.517000198364258,80.86026000976562,167.66309582286002,-33.48783665024799,16.319176980996488,1.0711659122781454,1.1346773320693262
SB68054_component_291a,161.487803,-35.239014,18.604999542236328,37.96938705444336,161.4875953426649,-35.238980684072125,16.780345075018836,1.0466781086338075,1.1087376009885448
SB68054_component_292a,166.769848,-33.607121,16.72800064086914,90.42162322998047,166.7698753239605,-33.6069623572301,12.315602908705115,1.2822500472060845,1.3582770380689346
SB68054_component_293a,162.007585,-32.604338,17.341999053955078,90.79580688476562,162.00755931278238,-32.60429847956833,16.94227053663395,0.966299846745318,1.0235935624128303
SB68054_component_294a,165.58095,-33.33401,17.406999588012695,100.04022979736328,165.58093042411954,-33.333880559579356,20.50145273659684,0.8015371342787732,0.8490617621911114
SB68054_component_296a,163.702569,-32.888949,17.601999282836914,110.01249694824219,163.70252355297498,-32.888824644014235,16.407508198782175,1.0127534558610078,1.0728014924376754
SB68054_component_297a,163.797979,-32.503327,17.476999282836914,90.0876235961914,163.79796876960165,-32.50320963365796,17.59704833390416,0.9375866313568086,0.9931778870643921
SB68054_component_299a,167.713278,-33.755365,16.731000900268555,74.3600082397461,167.71326550995084,-33.7552847076754,16.594116458164986,0.9518141430684748,1.0082489744150382
SB68054_component_301a,165.413672,-31.474723,16.128999710083008,89.60555267333984,165.41370970822092,-31.474646109143517,16.059523249005025,0.9481109239377808,1.004326184532426
SB68054_component_305a,164.393311,-29.922876,15.91100025177002,34.816192626953125,164.39333381347933,-29.923017391056117,14.924969036028545,1.0063948567552186,1.0660658801610388
SB68054_component_307a,162.905113,-34.1889,17.0049991607666,96.07344055175781,162.9051090728501,-34.18880524190039,15.587909735481825,1.0298479228185282,1.0909095221445337
SB68054_component_308a,166.086483,-29.930676,16.072999954223633,31.63976287841797,166.08638179482688,-29.930709301276316,15.828414067904442,0.9586143049574378,1.0154523305537693
SB68054_component_309a,163.385675,-34.828479,15.531000137329102,54.304195404052734,163.38559896024742,-34.8283771359651,13.514740626526695,1.0848659367017945,1.1491896564292843
SB68054_component_311a,165.862214,-30.777772,17.02199935913086,96.16948699951172,165.86224017083666,-30.777568719736927,14.815776897387714,1.0846022599991456,1.1489103458443777
SB68054_component_321a,164.347269,-31.413156,16.049999237060547,90.16853332519531,164.34737546526688,-31.41298034570954,13.109118514532021,1.1558085189335068,1.224338556346747
SB68054_component_323a,163.564152,-33.855877,15.664999961853027,91.60818481445312,163.56419413595356,-33.85575603639113,14.475313415980906,1.0216138857676997,1.082187273717935
SB68054_component_324a,167.975061,-33.722153,15.258999824523926,57.364662170410156,167.97502631403066,-33.72216358595435,15.935976416944289,0.9039236607143916,0.9575189762642625
SB68054_component_325a,165.067275,-29.884281,16.17099952697754,26.5970401763916,165.06731015931106,-29.884374951843043,14.587883055669991,1.046475237281237,1.108522701016048
SB68054_component_327a,162.37666,-29.922042,14.666999816894531,28.59064292907715,162.3765739685568,-29.922026480366988,14.357380443930477,0.9643849912734193,1.0215651715975071
SB68054_component_329a,167.104907,-31.78366,14.869999885559082,75.86734771728516,167.10489692368864,-31.783545355707616,14.246448612856371,0.9853459005097326,1.043768892139196
SB68054_component_334a,165.440368,-33.827695,14.503999710083008,84.32557678222656,165.44023914742723,-33.827512980818845,12.791329455883089,1.0704255392331221,1.1338930609290354
SB68054_component_338a,164.056232,-33.63113,14.593000411987305,81.52513885498047,164.05620513935372,-33.6310145673213,13.856888226127886,0.9941759333903359,1.0531224740971383
SB68054_component_340a,160.559149,-34.539248,15.184000015258789,29.483495712280273,160.5590200399184,-34.539217754703,13.16547519976014,1.0887646731867824,1.1533195562538772
SB68054_component_344a,162.323793,-31.213918,14.017000198364258,81.02312469482422,162.32375576646893,-31.21378531851891,13.923545761646132,0.9503631706070113,1.0067119710968708
SB68054_component_346a,161.316199,-31.57975,14.064000129699707,64.51376342773438,161.3161117278729,-31.579616056179553,14.949285236726999,0.8881223473141632,0.9407807735949577
SB68054_component_349a,161.987125,-29.904334,12.588000297546387,23.441341400146484,161.98696284458566,-29.90429488639799,13.27191867771247,0.8953800165117394,0.9484687635017996
SB68054_component_350a,165.950609,-33.411367,13.840999603271484,83.88484191894531,165.95065557179274,-33.411217180187315,9.002323533906589,1.4514337051536548,1.5374919098542035
SB68054_component_351a,163.358749,-31.507758,13.687000274658203,80.51176452636719,163.35883921985896,-31.507581756128204,14.561892704534044,0.8873088517280976,0.9399190443421251
SB68054_component_355a,163.383945,-31.286782,13.807999610900879,76.28729248046875,163.38394143895147,-31.2866553934679,12.741975274409237,1.0230064523701676,1.0836624081850659
SB68054_component_356a,166.654118,-31.841183,14.170999526977539,71.21105194091797,166.65411263197473,-31.84104827971423,8.878753778027384,1.5067209810906743,1.5960572712408234
SB68054_component_358a,167.668827,-33.744463,14.005999565124512,59.599998474121094,167.66879636587288,-33.74434492319993,12.228805494313407,1.081220909818169,1.145328509120333
SB68054_component_359a,167.982723,-34.41487,14.036999702453613,29.304800033569336,167.9827318001265,-34.41499177782971,14.72052701579496,0.9001923063995303,0.9535663830100696
SB68054_component_360a,168.036448,-33.163482,13.192999839782715,25.667314529418945,168.0363394871974,-33.16365028623092,13.383075383746192,0.9306191771041632,0.9857973194864967
SB68054_component_361a,165.791988,-31.433361,14.425999641418457,80.59217071533203,165.79209246360392,-31.43324908530522,11.956388065609618,1.1390171926000126,1.2065516410354922
SB68054_component_364a,167.070317,-30.991725,13.576000213623047,65.90291595458984,167.07029471604307,-30.991590472418565,13.417014645190775,0.9552131820097767,1.011849548698917
SB68054_component_366a,165.158318,-34.147389,13.630000114440918,72.5,165.15815903868915,-34.14716932949168,12.616667236560714,1.0198482982427919,1.0803170012238856
SB68054_component_369a,166.045862,-34.981118,13.352999687194824,47.51957321166992,166.0458549524666,-34.98106803365832,11.79788310916463,1.0684620827622398,1.131813187471079
SB68054_component_370a,167.163042,-33.469702,13.168000221252441,70.04255676269531,167.16306879294152,-33.46962901882165,12.631702157842431,0.9841069820435471,1.0424565158922028
SB68054_component_373a,163.592493,-35.253711,15.47599983215332,33.13918685913086,163.59237103447526,-35.25367425141316,13.755151163268094,1.0621300928397657,1.1251057620857414
SB68054_component_374a,163.223768,-32.927536,13.25100040435791,75.2897720336914,163.22375652382522,-32.927484663503904,12.745590746687672,0.9814610355785797,1.0396536863386725
SB68054_component_376a,167.91339,-34.714206,13.531999588012695,23.49305534362793,167.91354737354106,-34.71425328455059,11.919515940731344,1.0717357602521556,1.13528096738989
SB68054_component_377a,166.707682,-30.096416,13.744999885559082,38.501399993896484,166.7074384911979,-30.096497180819288,13.238455926061691,0.9801482559132387,1.0382630695246104
SB68054_component_379a,166.35438,-31.94516,13.024999618530273,71.56593322753906,166.35442275092453,-31.94504265911312,12.338713864692057,0.9965341614445893,1.055620525880097
SB68054_component_381a,162.517544,-30.480441,13.213000297546387,59.787330627441406,162.51743526197816,-30.480374855972023,11.776735853167766,1.0591583038112489,1.1219577701568544
SB68054_component_382a,163.003036,-34.943013,13.815999984741211,49.519710540771484,163.00299308674911,-34.9429882508374,12.559947026042598,1.0384339569783916,1.1000046382436353
SB68054_component_383a,163.092372,-33.394848,12.843999862670898,73.394287109375,163.09235210540567,-33.39475984387923,12.275874849339653,0.9877162635459626,1.0462797984097896
SB68054_component_384a,161.715302,-31.975899,13.126999855041504,59.94063949584961,161.7153101110797,-31.975751583291416,12.040966952161071,1.0291732291669775,1.0901948246511477
SB68054_component_386a,164.724576,-34.687648,13.055000305175781,69.0740737915039,164.72456460066684,-34.687554307648334,10.805000066571056,1.1406081678314,1.2082369481482806
SB68054_component_387a,164.347966,-34.363018,12.583000183105469,65.87958526611328,164.3479558003658,-34.36288950000996,12.896741529547384,0.9210613777980542,0.9756728204777066
SB68054_component_390a,165.244935,-30.265516,13.652999877929688,56.417354583740234,165.24489710313495,-30.265439783033923,12.424473779579577,1.0373718223035802,1.0988795276279042
SB68054_component_393a,163.399192,-34.990085,12.496999740600586,40.05448532104492,163.39904233131094,-34.9899503104029,12.617995343345152,0.9349744924661578,0.990410869599157
SB68054_component_395a,168.391342,-31.984269,13.300999641418457,23.012109756469727,168.3913292387595,-31.984149386352843,8.357103664130973,1.5024943834827642,1.5915800707973609
SB68054_component_396a,167.146123,-34.586196,12.197999954223633,58.644229888916016,167.14613151242614,-34.586145204928975,11.494246436679521,1.001826437013747,1.061226590313772
SB68054_component_397a,160.612819,-34.725021,12.666999816894531,24.26628303527832,160.61259318433952,-34.724917032240064,5.322944593518681,2.246498761205986,2.3796978522598398
SB68054_component_400a,161.810285,-29.888891,11.923999786376953,19.2012882232666,161.81024006628377,-29.88896882058566,9.465194308094702,1.1892599413452727,1.259773375828055
SB68054_component_402a,162.688773,-31.353593,12.633000373840332,71.77841186523438,162.68880393486873,-31.353484688286194,11.034333490069388,1.0807985872071622,1.1448811462160087
SB68054_component_406a,168.234458,-34.221414,11.793999671936035,21.136199951171875,168.23450380483314,-34.22154970004696,11.184624064901396,0.9954606215998719,1.0544833338607176
SB68054_component_411a,161.571206,-34.771165,11.593000411987305,52.93607711791992,161.57122479607892,-34.77116183405898,9.344484346246372,1.1711833111754935,1.2406249486248162
SB68054_component_413a,167.366537,-34.63692,11.833000183105469,49.92826843261719,167.36663312953152,-34.63697807319469,11.619834781561272,0.9613450247139755,1.0183449597650438
SB68054_component_418a,161.644663,-34.558099,12.098999977111816,56.537384033203125,161.6446826920321,-34.55807114704447,11.937847253841742,0.9567706028150381,1.0134993118812283
SB68054_component_422a,161.949418,-31.683047,11.307000160217285,61.786888122558594,161.9493556104817,-31.682966496159082,10.667005186210979,1.0006662604433243,1.059997624716037
SB68054_component_423a,163.049763,-33.933308,10.916000366210938,62.022727966308594,163.04978241952838,-33.93322651342348,23.42843199124373,0.4398500878919566,0.46592961792281884
SB68054_component_424a,161.220235,-31.59149,12.484000205993652,48.765625,161.21998958235955,-31.591347992235647,12.353453790253752,0.9540029923585951,1.0105676046518177
SB68054_component_425a,163.766013,-35.435187,11.517999649047852,15.115484237670898,163.76595421157649,-35.43526576759593,9.695646719957509,1.1214622082446184,1.1879557889974697
SB68054_component_426a,161.403121,-33.373512,12.628000259399414,54.43103790283203,161.40303698891475,-33.37336517250259,10.481671033696111,1.1373350457225324,1.2047697565400934
SB68054_component_427a,162.041429,-34.737417,10.593999862670898,42.717742919921875,162.04139242016677,-34.73735890729957,8.525567543623328,1.17306216689984,1.242615205200579
SB68054_component_431a,165.886126,-35.203196,10.53600025177002,25.572816848754883,165.88601543359835,-35.20315022440919,9.382617213907544,1.0600738917244668,1.122927644980854
SB68054_component_435a,161.162792,-35.233818,11.461000442504883,20.576303482055664,161.16264143137963,-35.23376441187813,9.04611370574097,1.1960376521030451,1.2669529496662577
SB68054_component_438a,161.389942,-33.331554,11.506999969482422,53.771026611328125,161.3899118680579,-33.33140227138619,14.279410069427097,0.7607399279677947,0.805845613616732
SB68054_component_440a,167.240493,-30.767387,11.862000465393066,62.431583404541016,167.2404933957811,-30.767264200634713,11.87916459461469,0.9426628709740125,0.9985551063725976
SB68054_component_442a,163.544442,-34.735018,11.062000274658203,48.51754379272461,163.54437042421998,-34.734949771901476,13.636743512028762,0.7657858858116334,0.8111907556888918
SB68054_component_445a,163.030982,-31.244761,10.656999588012695,63.814369201660156,163.03095427921284,-31.244638934727455,12.344938375180924,0.8149489179912105,0.8632687555118321
SB68054_component_448a,161.034802,-32.259819,11.026000022888184,18.847864151000977,161.0347222240284,-32.25981620917023,9.00504969080802,1.1558892911910803,1.224424117741745
SB68054_component_450a,162.545383,-30.512808,10.722999572753906,50.81990432739258,162.5453464959642,-30.512718072074744,10.06172849664676,1.0060696763177275,1.0657214191704265
SB68054_component_453a,162.520488,-31.081696,11.095999717712402,60.633880615234375,162.5203478621801,-31.081702646601418,11.717546274883881,0.893951843899754,0.9469559118786037
SB68054_component_458a,165.434904,-32.356285,10.545999526977539,58.58888244628906,165.43489870502543,-32.35621810781661,9.57624091183489,1.03962580106716,1.101267148985795
SB68054_component_460a,166.449625,-34.568882,10.395999908447266,51.4653434753418,166.44970426544057,-34.568782990655,7.384906072143322,1.3289408639744822,1.40773624022953
SB68054_component_461a,162.109454,-33.793037,10.380000114440918,61.78571701049805,162.10940840126065,-33.79299352226051,9.186099028044925,1.0667203989638505,1.1299682359999652
SB68054_component_463a,165.51536,-32.985384,10.699999809265137,63.69047546386719,165.5154240095977,-32.985261304586786,10.021667347468197,1.0079248478734073,1.0676865872990993
SB68054_component_464a,164.910649,-32.111965,10.706999778747559,57.875675201416016,164.9106856624521,-32.111855091956016,10.757475825318059,0.9395973423674778,0.9953078168717142
SB68054_component_466a,163.411321,-33.900772,10.230999946594238,57.8022575378418,163.4112604093058,-33.90070693752055,10.176821366017904,0.9490526273158689,1.0053237232557943
SB68054_component_470a,160.730865,-32.782879,11.121000289916992,25.047298431396484,160.73089467022388,-32.782804589901566,8.617519309794051,1.2182767375865418,1.2905106319028103
SB68054_component_474a,161.090227,-30.901078,9.781999588012695,25.81002426147461,161.08995084977076,-30.900720544608877,11.461066597226907,0.8057252407487037,0.8534981892854131
SB68054_component_476a,163.079046,-34.022086,9.857999801635742,55.38201904296875,163.0790886367801,-34.022139815389195,12.531220632524095,0.7426424896226715,0.7866751444827207
SB68054_component_480a,168.114822,-33.8659,10.26099967956543,32.782745361328125,168.1143420266127,-33.86592120392119,6.190787647798226,1.5646893676265246,1.6574627112617548
SB68054_component_484a,162.508335,-33.562675,10.211000442504883,61.143714904785156,162.50835144004594,-33.56256413649919,11.366745982625385,0.8480403274818233,0.8983222162361053
SB68054_component_488a,167.413948,-31.12543,9.887999534606934,43.17903518676758,167.41387718786387,-31.125467372649542,10.520719122101887,0.8872527946819401,0.9398596635694095
SB68054_component_491a,165.994067,-34.031869,9.854999542236328,53.852455139160156,165.99401944183677,-34.0316921856917,9.50981061770581,0.9782933579853791,1.0362981912476605
SB68054_component_493a,165.275489,-30.017308,9.96500015258789,27.45178985595703,165.27570802082613,-30.017284515329703,8.743928769938663,1.07585827201219,1.1396479105419102
SB68054_component_494a,161.208263,-30.302814,9.51200008392334,13.340813636779785,161.20796518628075,-30.302409694381716,9.30257479394788,0.9652794038422221,1.0225126155515254
SB68054_component_499a,167.651996,-30.443746,9.765999794006348,44.59360885620117,167.65195723300357,-30.44361219607655,10.158089000697293,0.9075886622855636,0.9614012825971469
SB68054_component_500a,160.583901,-32.818066,9.083000183105469,14.326498985290527,160.58377027409918,-32.8180937823037,7.985936437756705,1.0737120782521261,1.1373744649609225
SB68054_component_502a,160.642102,-31.5802,9.987000465393066,14.751847267150879,160.6417104947121,-31.580088854281765,8.35841267015522,1.1279650043543892,1.1948441479867258
SB68054_component_505a,160.960653,-32.846706,9.701000213623047,35.14855194091797,160.96053586431108,-32.846664358208514,10.308868689437428,0.8883617913594821,0.9410344147231975
SB68054_component_509a,162.198809,-32.491977,9.270000457763672,54.852073669433594,162.1988575357244,-32.491917943066355,7.955254435542491,1.1000439731857408,1.165267626934364
SB68054_component_510a,167.368493,-32.673664,9.967000007629395,47.46190643310547,167.36855289955076,-32.67363662118322,9.189369096204356,1.0239131669925412,1.0846228836042986
SB68054_component_514a,166.965038,-31.097854,9.128000259399414,45.63999938964844,166.965107154151,-31.097612000333108,9.261742550750146,0.9303948629755655,0.9855597053558891
SB68054_component_516a,161.640985,-32.816256,8.696000099182129,47.519126892089844,161.64092714219126,-32.816045341544395,6.231362010285234,1.3174098873401137,1.395521570537687
SB68054_component_518a,160.724644,-34.742037,9.270999908447266,21.41108512878418,160.72454552104898,-34.741972718029295,6.95269777871278,1.2588024798221498,1.333439220791745
SB68054_component_521a,162.450528,-32.575258,8.392000198364258,48.229888916015625,162.45062530715694,-32.57514080927422,6.3376939160807755,1.2500246853344774,1.3241409745382378
SB68054_component_522a,160.661796,-31.406626,10.045999526977539,17.971376419067383,160.66163270440293,-31.406327566686194,7.334732606164003,1.292984242738882,1.3696476840253218
SB68054_component_523a,163.881498,-32.199846,9.501999855041504,54.92485809326172,163.88157086178722,-32.19973977187132,8.101865281377448,1.107170145985186,1.172816323776987
SB68054_component_529a,161.123853,-31.040234,9.616999626159668,32.27180862426758,161.1236107685371,-31.039969240005462,9.206893256313817,0.9860770609369975,1.044543404428482
SB68054_component_530a,166.811485,-31.438877,8.869999885559082,47.945945739746094,166.81143891155241,-31.43876434417421,8.784697869474188,0.9531936698852094,1.0097102959432798
SB68054_component_534a,163.128506,-31.668498,8.777999877929688,50.73988723754883,163.12852676943527,-31.668432030215275,8.169166521183879,1.0143835235235041,1.0745282098445432
SB68054_component_536a,165.907756,-34.752636,8.583000183105469,42.70149230957031,165.90768802901746,-34.7525447368231,8.444465976114993,0.9595139571390094,1.0164053247869453
SB68054_component_539a,164.797855,-34.820967,8.793999671936035,40.33945083618164,164.79784076691777,-34.82085758814085,8.789023877579098,0.9445613382566512,1.0005661373124302
SB68054_component_540a,164.049449,-30.439877,8.864999771118164,45.46154022216797,164.04942708793288,-30.439788040932235,7.415630016091643,1.1285350186558043,1.1954479594965557
SB68054_component_541a,162.306034,-33.429429,8.359999656677246,48.60464859008789,162.3059856556989,-33.42936960045451,8.033791057064501,0.9823586915951696,1.0406045660505314
SB68054_component_544a,168.424405,-34.133489,7.761000156402588,10.824268341064453,168.42449998617892,-34.133569123894574,7.996727749806348,0.9161988585320392,0.9705219933979286
SB68054_component_545a,163.303899,-35.199809,8.175999641418457,16.823043823242188,163.3038234158135,-35.19976468176621,7.252712114452173,1.0642037609531667,1.127302381839545
SB68054_component_546a,163.82822,-33.150818,8.76099967956543,53.09696578979492,163.82816104809592,-33.15064242336732,10.570431234807467,0.7824296939176125,0.8288214061424718
SB68054_component_547a,163.977248,-31.056966,8.480999946594238,53.00625228881836,163.97734825228665,-31.05679802620768,7.80428255709259,1.0258844346170939,1.086711031353759
SB68054_component_550a,164.540985,-30.392999,9.104000091552734,37.93333435058594,164.5409329417992,-30.39289000141082,7.995932015590741,1.0748491696608746,1.1385789766347993
SB68054_component_554a,167.108212,-31.988565,7.910999774932861,41.85714340209961,167.10828564745063,-31.988319122315332,8.719733449332066,0.8564707342321384,0.9072524774870092
SB68054_component_557a,164.876401,-35.21178,7.593999862670898,19.080402374267578,164.8763708857499,-35.211866110135325,6.854170122189175,1.045923859598069,1.107938631124234
SB68054_component_558a,167.789907,-33.325397,7.9019999504089355,26.165563583374023,167.7897804636719,-33.325440237778885,8.123655119791506,0.9182689717013567,0.9727148474284001
SB68054_component_559a,166.405724,-32.613783,8.210000038146973,44.86338806152344,166.40563775609445,-32.6136787407091,7.255087926241632,1.0682793753662931,1.1316196470137083
SB68054_component_563a,163.538432,-33.49813,8.243000030517578,45.04371643066406,163.5384958685229,-33.4979572022897,7.330358628322879,1.06155975072689,1.1245016033278992
SB68054_component_565a,167.64631,-31.692099,8.100000381469727,31.274131774902344,167.6462156961413,-31.692120510804873,8.549357484613676,0.8944085187811304,0.9474396638633185
SB68054_component_572a,167.850443,-32.11222,8.519000053405762,38.72272872924805,167.8504289549429,-32.11217664248702,7.876783296635133,1.0209961120475473,1.0815328710445768
SB68054_component_573a,166.991543,-35.009282,8.097999572753906,25.149066925048828,166.99152024621606,-35.00927497559107,6.29712122658883,1.2140038395380488,1.2859843857795028
SB68054_component_574a,163.737771,-33.089778,8.38599967956543,51.76543045043945,163.73761892798623,-33.089720026512296,7.744139224460628,1.0222710313746948,1.0828833827105564
SB68054_component_576a,162.749711,-31.582365,7.711999893188477,32.13333511352539,162.74969523705244,-31.582352290183398,5.365560869383327,1.356863792533674,1.43731477117225
SB68054_component_579a,167.500966,-30.358082,7.750999927520752,33.70000076293945,167.5009520115622,-30.358092430534708,7.732728094124546,0.9462575513238384,1.002362922008093
SB68054_component_580a,166.565535,-34.679753,7.6479997634887695,33.25217056274414,166.5654804940129,-34.67960014777759,5.979151242816615,1.2075154371807364,1.2791112739750676
SB68054_component_584a,164.133769,-30.162799,7.7789998054504395,27.881717681884766,164.13370900907194,-30.16281273983282,7.486174532307084,0.980952949650513,1.0391154750506615
SB68054_component_585a,163.870903,-30.18408,7.763999938964844,25.539474487304688,163.87076245534962,-30.184052270863354,3.1016353346873484,2.363083960837077,2.503195605278166
SB68054_component_586a,164.835572,-32.831628,7.953999996185303,43.70329666137695,164.83560477470007,-32.83151114616495,7.739368044284224,0.9702071062916264,1.0277324906469063
SB68054_component_588a,164.529774,-30.811302,7.9079999923706055,46.79290008544922,164.52988287441224,-30.811109378111947,7.087154243466137,1.0533656214889586,1.115821628922671
SB68054_component_594a,165.48738,-31.661726,8.114999771118164,40.98484802246094,165.4874357839307,-31.661684535681488,7.029543523234586,1.0897973625421864,1.1544134756824316
SB68054_component_596a,164.289378,-33.483298,8.069999694824219,48.909088134765625,164.28945793063693,-33.483129462960655,7.98456249741836,0.9541282583626545,1.0107002979103092
SB68054_component_598a,163.829521,-31.816023,7.456999778747559,42.611427307128906,163.82955689712645,-31.815917240998687,6.824168402135877,1.031570132891712,1.0927338452570445
SB68054_component_599a,166.510692,-30.183779,8.692999839782715,29.368242263793945,166.5105393944766,-30.18370549618181,8.715640084226852,0.9415746312481026,0.9974023428887214
SB68054_component_600a,163.343138,-33.312078,7.561999797821045,45.011905670166016,163.34306369288072,-33.31188013469199,8.061992984176372,0.8854797022116276,0.9379814411477799
SB68054_component_601a,162.701391,-33.934123,7.980999946594238,46.947059631347656,162.70141293313745,-33.93399783151571,7.063548705271637,1.0666421183373056,1.129885313969435
SB68054_component_603a,160.805199,-34.268509,8.204999923706055,20.667505264282227,160.8051568032088,-34.26823919262126,5.942975134902191,1.303343927875624,1.3806216141675127
SB68054_component_608a,163.700354,-32.115958,7.669000148773193,45.378700256347656,163.70042749596507,-32.11582504967358,7.181418152267147,1.008121543939113,1.0678949458404838
SB68054_component_612a,163.78515,-32.853592,7.440999984741211,43.01156234741211,163.78513919319712,-32.85343046202213,6.415729113896804,1.0948878833559639,1.1598058229459247
SB68054_component_617a,167.988234,-30.389486,7.826000213623047,23.859756469726562,167.98834130936618,-30.389531730718176,7.4977124012129,0.9853611665603839,1.0437850633423922
SB68054_component_619a,164.751664,-33.293908,8.286999702453613,47.9017333984375,164.7516116703798,-33.29379564181851,6.646071040232832,1.1771090775731365,1.2469020647367763
SB68054_component_628a,160.633545,-33.164923,8.229000091552734,15.497175216674805,160.63357112352026,-33.16471027945832,6.071229651847759,1.2795426634905724,1.3554091285359737
SB68054_component_630a,162.440207,-34.034089,7.419000148773193,40.763736724853516,162.4402171932821,-34.033972990793146,7.572246716094449,0.924921743251863,0.9797620741812945
SB68054_component_632a,167.282001,-33.999974,7.480999946594238,32.668121337890625,167.28205531048388,-33.99981607071034,6.877296447281432,1.0268955487669935,1.087782096342735
SB68054_component_634a,166.367927,-30.825901,6.88100004196167,36.02617645263672,166.3680572515343,-30.82566553977858,7.371535261028902,0.881207080428553,0.9334554876701812
SB68054_component_635a,161.255413,-34.561673,8.145999908447266,38.0654182434082,161.25546493027088,-34.56163467906369,7.558387570744665,1.0174184484102895,1.0777430810741964
SB68054_component_639a,163.201687,-33.760548,7.26200008392334,42.717647552490234,163.20148761995597,-33.760594897579466,6.1873118754831955,1.1079970572180704,1.1736922641152976
SB68054_component_640a,166.393348,-31.015176,7.60099983215332,40.647056579589844,166.3933490221351,-31.014942836377717,8.142695302567088,0.8812251915770629,0.933474672662381
SB68054_component_641a,166.278931,-33.218472,7.392000198364258,41.76271438598633,166.2789392040085,-33.21834389325496,7.265852768481213,0.9604167846691936,1.017361682641061
SB68054_component_642a,162.870296,-31.583077,7.49399995803833,37.65829086303711,162.87033555339823,-31.58295441378746,6.421403571054594,1.1017120153481292,1.1670345704198721
SB68054_component_643a,163.531896,-31.632951,7.064000129699707,39.909603118896484,163.53196115028788,-31.63293405589518,5.169216758983065,1.290061218200594,1.3665513479240132
SB68054_component_644a,167.758991,-33.082003,7.114999771118164,19.818941116333008,167.75906415019512,-33.082090389177694,5.4287217591778445,1.2372619927942603,1.3106215582129408
SB68054_component_645a,161.730333,-30.128788,7.572999954223633,18.838308334350586,161.73024927205708,-30.12856504904158,8.661177919047594,0.8254207057183542,0.8743614350155712
SB68054_component_646a,166.813638,-34.392126,7.053999900817871,38.129730224609375,166.8136363290905,-34.39206066297239,5.642877996145196,1.180100932329383,1.2500713121277212
SB68054_component_647a,165.013053,-30.518151,7.432000160217285,38.30927658081055,165.01289215788915,-30.518015188769905,6.673085797513158,1.051388848613902,1.1137276495061625
SB68054_component_648a,162.222265,-30.027536,7.183000087738037,18.51288604736328,162.22216183877174,-30.02743891627703,7.672624272478874,0.883784346613489,0.9361855647621008
SB68054_component_649a,161.50512,-34.771683,7.130000114440918,30.4700870513916,161.5052324288862,-34.77167386186545,6.893029630938813,0.9764809075129828,1.0343782772147798
SB68054_component_653a,165.678646,-34.465784,7.735000133514404,43.9488639831543,165.67876940288508,-34.46552622357393,5.9003514253332465,1.2375615601946808,1.3109388875218628
SB68054_component_655a,161.679436,-34.22377,7.85699987411499,38.514705657958984,161.67944847079988,-34.223733234802005,6.9978751154202055,1.0599244812066082,1.1227693756354205
SB68054_component_656a,165.181797,-31.125129,7.171000003814697,41.69186019897461,165.18182878500116,-31.124963750649016,6.749971452560202,1.0029104382355674,1.0623748639847659
SB68054_component_658a,165.617289,-34.184769,6.781000137329102,37.05464553833008,165.61735026601852,-34.18466441274997,7.083467907250878,0.9037164494220452,0.9572994790288865
SB68054_component_659a,166.153896,-29.857354,6.2179999351501465,11.064057350158691,166.15352608643929,-29.8575113660429,7.165074079498918,0.8192461197199136,0.8678207463257652
SB68054_component_664a,164.572868,-30.223964,6.5269999504089355,23.996322631835938,164.5727773123882,-30.223911147422054,6.575932082124574,0.9370022961637824,0.9925589055506442
SB68054_component_666a,163.669122,-32.306975,6.826000213623047,40.390533447265625,163.66927802350668,-32.30684187093464,6.459933254578861,0.9975223419243946,1.0566672974190119
SB68054_component_669a,162.889607,-30.833428,6.438000202178955,35.96648025512695,162.88949305435565,-30.833281682754198,4.519359208083564,1.3448024432351238,1.4245382820342336
SB68054_component_671a,166.196308,-32.466731,6.7170000076293945,39.51176452636719,166.1963007624845,-32.46667542971475,6.4299784353240135,0.9861663903160426,1.0446380303126037
SB68054_component_672a,162.46532,-31.480694,6.506999969482422,37.182857513427734,162.46529552192462,-31.480623533173798,5.831423113882571,1.0533934548432389,1.1158511125683093
SB68054_component_674a,164.325577,-34.291037,7.4039998054504395,41.133331298828125,164.32547128554612,-34.290955760014924,7.402722094524861,0.9441898285909953,1.000172600147522
SB68054_component_675a,167.655992,-30.884511,7.334000110626221,32.02619934082031,167.65598496737076,-30.884462343936345,5.74869766178332,1.2043585727943547,1.2757672332260244
SB68054_component_676a,167.312689,-33.627829,7.176000118255615,38.789188385009766,167.31266772953947,-33.62761850195473,5.554787137623925,1.2195493548551744,1.291858705016943
SB68054_component_679a,164.099569,-32.735889,6.406000137329102,37.02890396118164,164.0996180996419,-32.73575476789634,6.318268356466162,0.9571350949374912,1.0138854154197414
SB68054_component_681a,166.131099,-33.341382,6.186999797821045,34.56424331665039,166.13108271049535,-33.34123321708693,8.3321837449371,0.7009800014876195,0.7425424099151035
SB68054_component_683a,164.433077,-29.919238,6.499000072479248,13.653361320495605,164.43291766639783,-29.919180440244126,6.451286503596373,0.9510088909059898,1.0073959773537071
SB68054_component_685a,161.008803,-33.492922,6.7779998779296875,16.411623001098633,161.00869406210433,-33.49284132301524,5.945588150947479,1.0761953197460947,1.1400049424630188
SB68054_component_687a,166.515845,-31.276458,6.519000053405762,39.271087646484375,166.51588251722896,-31.276297842977694,5.883965525082582,1.0459122026208547,1.107926282983153
SB68054_component_688a,161.503548,-32.362311,6.361000061035156,23.91353416442871,161.5036271664968,-32.36215386182305,5.978389500910517,1.0044436047944367,1.0639989348412926
SB68054_component_691a,164.024551,-34.757333,6.243000030517578,28.248868942260742,164.02455478148596,-34.757267442380204,5.966225974749712,0.987820428582936,1.0463901395855992
SB68054_component_693a,162.746231,-32.898727,6.361999988555908,37.42353057861328,162.74621395535172,-32.89858018341105,5.404052243791467,1.111369540612195,1.1772647083242016
SB68054_component_696a,164.487642,-32.403332,6.360000133514404,37.411766052246094,164.48769215961892,-32.40321857007064,6.5827099527492,0.9120880588374106,0.9661674567414621
SB68054_component_697a,165.7978,-33.996921,6.745999813079834,38.99422073364258,165.79769694734176,-33.99681381545846,6.303808387035274,1.0102472709360817,1.070146711145915
SB68054_component_698a,161.350765,-33.906545,6.307000160217285,22.524999618530273,161.35088198267164,-33.90639520428849,6.706199722221301,0.8878318555043055,0.9404730579852476
SB68054_component_702a,163.517614,-30.34206,6.776000022888184,28.957265853881836,163.5175002976649,-30.342059672750928,6.709259089883986,0.9534176782497784,1.0099475861805407
SB68054_component_704a,161.142954,-33.550406,6.283999919891357,16.938005447387695,161.14281521780444,-33.550231400438726,5.734861674730744,1.0344216188457829,1.0957544011183837
SB68054_component_706a,162.848978,-33.86432,6.519000053405762,39.509090423583984,162.8489929312795,-33.86428633044063,6.703281344141803,0.9180744513823156,0.9725087936377473
SB68054_component_710a,165.900683,-32.538213,6.439000129699707,36.585227966308594,165.90068732312955,-32.53806837796533,5.9682916916154305,1.0184805933487642,1.0788682025621423
SB68054_component_712a,166.367121,-31.601887,7.002999782562256,40.01714324951172,166.36714162415865,-31.601743667605174,6.1468782179011505,1.075508553597604,1.1392774566718888
SB68054_component_716a,167.50501,-33.313814,6.183000087738037,25.97899055480957,167.50499013295894,-33.31381512111111,5.013860342692403,1.1641565462747896,1.2331815537601942
SB68054_component_719a,166.898064,-32.233393,6.0320000648498535,35.48235321044922,166.89824064882515,-32.23327904800617,5.177891881828841,1.0997468444886869,1.1649528809240683
SB68054_component_720a,167.14447,-34.222516,6.414999961853027,30.841344833374023,167.14462497477246,-34.22239662120847,4.9966795838104545,1.2119913550548524,1.283852577347168
SB68054_component_727a,163.351936,-31.914276,5.671000003814697,32.78034973144531,163.3520465118543,-31.91438730557742,6.187583523916895,0.8652128044422496,0.9165128813040754
SB68054_component_728a,165.426796,-33.573709,5.968999862670898,36.396339416503906,165.42668850287083,-33.57359954558667,5.201893491130972,1.0832394747906504,1.1474667585654748
SB68054_component_729a,162.142911,-34.178746,6.164000034332275,30.66666603088379,162.14295283473163,-34.178743536589195,5.642596494747864,1.0312595954989796,1.0924048955245576
SB68054_component_731a,165.967147,-33.582067,6.073999881744385,35.52046585083008,165.9671449732937,-33.58191477128665,5.518891850969335,1.038980173825384,1.100583241303696
SB68054_component_735a,166.154229,-34.099314,6.054999828338623,34.01685333251953,166.15427633062265,-34.09923379839258,6.021937036738567,0.949209966569847,1.005490391446863
SB68054_component_736a,163.170277,-32.368144,6.151000022888184,37.278785705566406,163.1703425205515,-32.36809269578052,5.829233926670739,0.9961359402312014,1.0551986933900963
SB68054_component_739a,165.836577,-32.275014,5.85699987411499,33.855491638183594,165.83660774731692,-32.2748777010913,4.639883012040613,1.1916605134420057,1.2623162823105514
SB68054_component_743a,164.621085,-31.804594,6.302999973297119,34.255435943603516,164.62120811427266,-31.8044035897005,5.251757704514529,1.1329923796050156,1.2001696056691493
SB68054_component_744a,161.522829,-33.345482,6.3979997634887695,31.058250427246094,161.52288548416146,-33.34531868494138,7.999641325211115,0.7550193276967677,0.7997858283127366
SB68054_component_745a,162.508853,-31.973593,6.008999824523926,34.14204406738281,162.50888720729463,-31.973513382351747,5.642052560237563,1.0054244181970935,1.0650379024953487
SB68054_component_747a,162.314747,-31.960076,5.908999919891357,33.38418197631836,162.3146566962788,-31.95990993092888,5.13311582120947,1.0867190626897403,1.1511526577047062
SB68054_component_753a,164.490369,-30.895422,5.9120001792907715,31.280424118041992,164.49040513374806,-30.895343006364374,6.449166546237489,0.8653966523328429,0.916707629878142
SB68054_component_764a,165.341661,-30.343711,5.254000186920166,23.77375602722168,165.34146827200564,-30.343706264351002,5.3240619140505245,0.9316040146587189,0.9868405498919046
SB68054_component_765a,167.487545,-34.260147,5.546999931335449,22.36693572998047,167.48764689488348,-34.260141038597645,2.419704575574236,2.1641142243560068,2.292428582947591
SB68054_component_766a,167.315495,-34.983195,5.942999839782715,18.06382942199707,167.31524790445164,-34.98301905350225,5.727454929484116,0.9795540465341063,1.0376336283658916
SB68054_component_767a,166.595141,-30.310881,6.372000217437744,26.661088943481445,166.5950672114296,-30.310825553078555,4.729233544698836,1.271948083708901,1.3473642519896998
SB68054_component_768a,167.97797,-32.886077,5.706999778747559,11.212180137634277,167.97781928880732,-32.8862370501769,7.237541439970319,0.7443910744668896,0.7885274061755096
SB68054_component_772a,161.063144,-34.294053,5.742000102996826,22.4296875,161.0632318623553,-34.29368764058973,3.965130980153501,1.3670677017629562,1.4481236891636144
SB68054_component_780a,164.445729,-32.824264,5.89900016784668,36.41358184814453,164.44578153167652,-32.82409922359368,5.894723527842747,0.9447117838150755,1.0007255030679103
SB68054_component_781a,162.954726,-34.709414,6.114999771118164,29.258371353149414,162.95470959343047,-34.709191476024074,3.597348511856254,1.604716416452117,1.6998630382805993
SB68054_component_782a,164.446417,-35.027439,5.75,18.608415603637695,164.44617342210347,-35.02741089628114,5.489534740648696,0.9888187015043124,1.0474476019657224
SB68054_component_784a,166.382102,-34.04251,5.730999946594238,30.322751998901367,166.38218453266902,-34.042377999545884,4.817999760234578,1.1229178750586668,1.1894977650051208
SB68054_component_788a,163.047139,-33.020725,5.7210001945495605,32.691429138183594,163.04697984179558,-33.02042834057988,5.694529995227404,0.9484150619110913,1.004648355412008
SB68054_component_795a,165.731836,-33.152516,5.835000038146973,35.79754638671875,165.731970058102,-33.15235007006748,4.986852402255418,1.1045839121349226,1.1700767473101792
SB68054_component_796a,162.046818,-34.390047,5.580999851226807,28.76803970336914,162.04696465271766,-34.38987427217821,5.793109553705521,0.9094621602632622,0.9633858637554956
SB68054_component_799a,167.193783,-30.263649,5.303999900817871,19.717472076416016,167.1937055742397,-30.263606100120406,4.93939351687118,1.01371119970515,1.0738160226961728
SB68054_component_801a,161.007645,-34.962414,5.066999912261963,14.435896873474121,161.0075264533296,-34.96240849258295,4.09059083985671,1.1693626551963079,1.2386963425653825
SB68054_component_803a,161.320744,-33.701542,5.166999816894531,15.947529792785645,161.3206141220078,-33.70156864149591,5.859594389251458,0.8324444391024306,0.8818016186193046
SB68054_component_805a,166.623668,-31.771408,5.394000053405762,29.47541046142578,166.62373957748403,-31.77126053304962,5.649390322975302,0.901350553030218,0.9547933042383524
SB68054_component_806a,163.071142,-35.056748,4.767000198364258,13.979473114013672,163.0711931714094,-35.05681313366436,4.065880374524325,1.1068147497104104,1.1724398553958828
SB68054_component_812a,166.09804,-32.759757,5.415999889373779,32.238094329833984,166.09814025084452,-32.75965950862142,5.199090914711391,0.9834122181142132,1.041720558116924
SB68054_component_813a,162.746365,-33.431071,5.271999835968018,29.785308837890625,162.7463672192654,-33.430968919244634,4.946015289790635,1.0062463042512857,1.065908519702773
SB68054_component_823a,164.936138,-35.203847,5.354000091552734,12.422274589538574,164.93596827736252,-35.20376383674824,4.737990407432529,1.0667645178014575,1.1300149707255347
SB68054_component_825a,165.201815,-31.457739,5.28000020980835,30.697673797607422,165.20156343264296,-31.45778156948533,5.351700467325312,0.9313791391325639,0.9866023410774338
SB68054_component_831a,165.668827,-31.136448,5.434999942779541,28.605262756347656,165.66897154220166,-31.136246029641846,4.034799429529786,1.2716334924551622,1.3470310080352452
SB68054_component_832a,162.835932,-33.49771,5.254000186920166,29.683616638183594,162.83588531103703,-33.49760766058466,4.957957729954217,1.000395268288593,1.0597105649322838
SB68054_component_833a,162.605799,-33.901287,5.769000053405762,34.33928680419922,162.60583403717902,-33.901225796083864,4.763977294799236,1.1431815977317419,1.2109629614951554
SB68054_component_834a,166.549956,-33.409608,5.665999889373779,30.961748123168945,166.5499243342632,-33.409455530206074,4.758413616824386,1.124083924115889,1.1907329512803233
SB68054_component_837a,167.53273,-32.784485,5.249000072479248,21.51229476928711,167.53277481217904,-32.784641596028564,5.423186898564072,0.9137057792071873,0.9678810947616531
SB68054_component_838a,162.367277,-34.444503,5.296000003814697,26.08867073059082,162.3673424592831,-34.44439778945056,4.663146528515435,1.07214439420832,1.1357138300135592
SB68054_component_844a,165.310905,-33.413385,5.52400016784668,32.88095474243164,165.31065165075796,-33.41326713394666,5.442770552501152,0.9581158428880752,1.0149243137409494
SB68054_component_846a,166.082986,-30.502351,5.004000186920166,25.53061294555664,166.0830886653835,-30.502200546281518,4.763043895140547,0.9917840009595388,1.0505887195424448
SB68054_component_850a,161.053367,-34.808211,5.706999778747559,20.904760360717773,161.05343383874992,-34.808217261120014,5.022627400162318,1.072657957630708,1.1362578435667203
SB68054_component_852a,166.644439,-35.107619,5.071000099182129,12.870558738708496,166.64398904107205,-35.107620374846746,5.47258856214695,0.874752486043605,0.9266181883756899
SB68054_component_854a,162.59565,-30.127253,5.872000217437744,16.971099853515625,162.59553622606114,-30.127113886390344,5.60398295152546,0.9891761177426993,1.0478262100778388
SB68054_component_856a,164.404183,-30.333089,5.156000137329102,24.908212661743164,164.40422910936798,-30.332935861415095,5.078554764937477,0.9584228184459552,1.0152494904507696
SB68054_component_860a,166.10274,-32.67688,5.011000156402588,28.15168571472168,166.102608376816,-32.67671773076793,4.904019232854568,0.9646207867197293,1.0218149477945149
SB68054_component_863a,162.067333,-33.208492,5.395999908447266,28.399999618530273,162.06729310097933,-33.20831036164258,3.5849026840081613,1.4209504295765305,1.5052012241554564
SB68054_component_865a,166.728947,-34.389033,5.183000087738037,28.635360717773438,166.7290983708661,-34.388879091821615,4.246685664207821,1.152167086883984,1.2204812170163004
SB68054_component_869a,162.859513,-33.735911,5.007999897003174,30.351512908935547,162.8595256919849,-33.73593347944066,4.164545980317358,1.1352225638234714,1.202532021659067
SB68054_component_870a,164.384093,-31.201742,5.123000144958496,29.959064483642578,164.38422738711887,-31.201544621449415,5.37326669170265,0.9000576685991429,0.9534237622840099
SB68054_component_872a,164.604501,-30.046258,4.585999965667725,12.81005573272705,164.60434575994788,-30.046285614931737,4.638474488287348,0.9333472229627384,0.9886871162594238
SB68054_component_873a,163.262491,-34.579698,4.9770002365112305,24.885000228881836,163.2624436060907,-34.57958887704348,4.333300500750127,1.0842594579019564,1.1485472183730794
SB68054_component_879a,167.642833,-32.798614,4.914000034332275,18.267658233642578,167.6428356367493,-32.79887624979481,1.8541881105860112,2.5018756945368628,2.6502165590842988
SB68054_component_881a,161.736389,-30.919157,4.857999801635742,21.687498092651367,161.7364170567401,-30.91923580849108,3.7689683893205674,1.2168004524766856,1.288946815102234
SB68054_component_882a,163.726378,-34.495086,4.827000141143799,25.405263900756836,163.72626141440753,-34.49504220954623,8.228166991152948,0.5538071764134292,0.5866434342343639
SB68054_component_883a,164.157262,-31.982757,4.933000087738037,28.680233001708984,164.15732623266868,-31.982629165484372,5.213696836621403,0.8932020549371675,0.9461616665334796
SB68054_component_885a,162.721031,-35.086514,5.177000045776367,15.40773868560791,162.72078420224426,-35.0862903659258,4.041096881343994,1.2093813618414149,1.2810878327803399
SB68054_component_886a,161.480675,-30.477905,4.566999912261963,12.178666114807129,161.48057212352958,-30.477777562502038,4.928348521087616,0.8748104365313373,0.9266795748556539
SB68054_component_887a,161.637415,-34.719352,5.033999919891357,22.98630142211914,161.63748541910508,-34.71931410548792,4.458724931458868,1.065827418986674,1.1290223095785956
SB68054_component_889a,167.10804,-33.730143,4.873000144958496,23.204763412475586,167.10787813088112,-33.72990202053175,4.141856611570127,1.1106717591555557,1.1765255541068096
SB68054_component_894a,163.017382,-31.926619,5.01800012588501,29.51764678955078,163.01733528818258,-31.926502601890174,4.417974697165518,1.0722395157538047,1.1358145914924447
SB68054_component_895a,162.703357,-32.170321,4.796000003814697,27.88372039794922,162.70334943640327,-32.1702647446788,5.506852851089518,0.8221670503359713,0.8709148643522987
SB68054_component_896a,161.314603,-32.269109,4.839000225067139,14.798166275024414,161.31472357923923,-32.268878942173664,7.5629929653220005,0.6040130344261032,0.6398260909741722
SB68054_component_900a,165.733655,-30.569979,4.938000202178955,23.40284538269043,165.7337964170283,-30.569842856261594,4.600370991458952,1.0133106611242308,1.0733917354376084
SB68054_component_901a,164.066749,-33.341791,4.64300012588501,28.310976028442383,164.06678817764416,-33.34165359668054,4.336346049569098,1.0107857897567665,1.0707171597493663
SB68054_component_910a,165.601444,-30.568284,4.508999824523926,20.874998092651367,165.60134234768995,-30.567933090823484,4.982071528053802,0.85438698636291,0.9050451803299024
SB68054_component_911a,163.376674,-34.343675,4.630000114440918,23.62244987487793,163.37660988034855,-34.34353033362636,3.918641187722937,1.1153980159500898,1.1815320394596631
SB68054_component_915a,167.892097,-30.73572,4.7230000495910645,17.557621002197266,167.89200697346809,-30.735772646541417,4.793779124249755,0.9300885439104254,0.985235224063485
SB68054_component_916a,163.634553,-31.393114,4.701000213623047,28.490909576416016,163.6346606379397,-31.393103877125366,3.7843053875158468,1.1727041436522103,1.2422359540885128
SB68054_component_917a,164.267847,-31.343386,4.834000110626221,26.855554580688477,164.2680730971228,-31.343304781438682,3.9406507522897103,1.1580387034282305,1.2267009726293128
SB68054_component_919a,163.626518,-34.49139,4.875,26.069517135620117,163.62653878447227,-34.49131159308393,4.297828852656932,1.0708037112812698,1.1342936555014886
SB68054_component_920a,161.705346,-34.666331,4.8460001945495605,22.644861221313477,161.70527771610568,-34.66636832650878,4.5449256577454795,1.0065631066918683,1.0662441059494534
SB68054_component_925a,163.706866,-30.743463,4.419000148773193,23.886486053466797,163.70680208686647,-30.743325653686856,4.202350485386668,0.9926956305186845,1.0515544013141949
SB68054_component_926a,164.741335,-32.963383,5.125,31.832298278808594,164.74135340482985,-32.96329375777832,4.833406140237246,1.0009789510450577,1.0603288553252928
SB68054_component_927a,166.110439,-33.840237,4.5970001220703125,28.20245361328125,166.1104462505469,-33.83997861373019,3.5533076657877345,1.2213104335552103,1.2937242013495056
SB68054_component_933a,164.340645,-32.546596,4.535999774932861,27.325300216674805,164.34088028213858,-32.54649196439995,4.549133461859056,0.9413014135107837,0.9971129255634483
SB68054_component_935a,163.219222,-32.71449,4.732999801635742,28.684846878051758,163.21909035671837,-32.71430494184348,2.9774485954672913,1.5006402082377606,1.5896159580524776
SB68054_component_940a,162.08503,-31.595598,4.776000022888184,26.386741638183594,162.0849945954264,-31.59556756458518,4.56558485719169,0.9875344750914293,1.0460872313795784
SB68054_component_951a,163.899592,-33.303488,4.0370001792907715,23.470930099487305,163.8999864362965,-33.30324433186705,4.920662038396669,0.7744967429317194,0.8204180957337548
SB68054_component_953a,162.57612,-35.036268,4.504000186920166,15.91519546508789,162.57602155812864,-35.03607278855207,4.620818484352699,0.9201610711957472,0.9747191330219721
SB68054_component_957a,165.515112,-33.955297,4.585000038146973,25.331493377685547,165.5151915617248,-33.955227878478944,3.5750708947108163,1.210706990555937,1.282492060487614
SB68054_component_963a,162.476374,-32.288994,4.436999797821045,26.41071319580078,162.47642787080034,-32.288924039841994,3.777302552606267,1.1088990249304909,1.1746477111714546
SB68054_component_964a,162.335202,-30.715228,4.834000110626221,25.712766647338867,162.33501462057083,-30.715244195074355,3.908403639897473,1.1675933471305349,1.236822128932678
SB68054_component_968a,164.97101,-31.865813,4.925000190734863,28.97058868408203,164.9710018265658,-31.865800374912364,4.044383831879697,1.1495774890993167,1.217738077161159
SB68054_component_970a,165.4552,-30.295433,4.236999988555908,17.29387664794922,165.4551072889177,-30.29534310951625,4.649504043631986,0.8602728123459724,0.9112799878857943
SB68054_component_971a,165.544441,-32.449326,4.376999855041504,23.28191566467285,165.54453204670264,-32.44915379218256,3.797202689546362,1.0881709236857182,1.1526906022402528
SB68054_component_972a,164.284772,-34.912153,4.201000213623047,16.60474395751953,164.28494421527196,-34.91224803415871,3.5311206020728934,1.1231157502102334,1.1897073725425606
SB68054_component_977a,167.934064,-34.418775,4.7820000648498535,10.79458236694336,167.93402386107186,-34.41903158341868,3.60194848343326,1.2533040567195077,1.3276147859537977
SB68054_component_978a,163.113885,-33.187388,4.3470001220703125,25.127168655395508,163.1137689901031,-33.18732001858751,3.1680408355502703,1.2953384178183516,1.3721414425250815
SB68054_component_984a,162.373184,-30.646112,4.341000080108643,23.213903427124023,162.37322475595397,-30.646091634385,4.456149950884564,0.9196326083557249,0.9741593366369856
SB68054_component_986a,163.908097,-32.434367,4.10099983215332,24.41071319580078,163.90820829360004,-32.434101109144365,3.80873066021224,1.016468335622722,1.0767366343318152
SB68054_component_993a,167.09087,-32.303491,4.2779998779296875,23.25,167.09100202060515,-32.3034915530695,4.9390367203796695,0.8176790630037106,0.8661607759014257
SB68054_component_996a,162.852078,-32.629246,4.136000156402588,24.32941246032715,162.85194195454295,-32.62923154826679,3.8078480464954376,1.02538108521533,1.0861778374295072
SB68054_component_998a,166.694733,-30.85652,4.4039998054504395,23.17894744873047,166.69472147916255,-30.85632601135203,4.750788168028183,0.8751167364782583,0.927004035896284
SB68054_component_1000a,167.230685,-30.505643,3.940999984741211,19.131067276000977,167.23065158615375,-30.505542892193507,3.4264648356993184,1.085786702960058,1.1501650166320412
SB68054_component_1007a,163.975174,-35.006922,4.199999809265137,14.33446979522705,163.97500775626074,-35.00675277966933,4.187332411797412,0.9468827323799257,1.0030251712121148
SB68054_component_1008a,166.685139,-32.762051,4.125,24.999998092651367,166.68532628213168,-32.761889355103925,3.01227045751617,1.29274943061712,1.3693989494560042
SB68054_component_1010a,162.631006,-32.372337,4.172999858856201,23.183332443237305,162.63108807224032,-32.37226982532391,3.57298349976904,1.1025587094151472,1.167931466553357
SB68054_component_1012a,166.550735,-31.044076,4.322000026702881,24.14525032043457,166.55061756671077,-31.04375509133794,4.274651381367277,0.954483506894985,1.0110766097890442
SB68054_component_1014a,164.785944,-32.899025,4.151000022888184,26.10692024230957,164.7862868563153,-32.89863039166242,2.623422994708892,1.493718568242317,1.582283921144329
SB68054_component_1015a,164.991685,-33.086655,4.2170000076293945,26.68987274169922,164.99168791928594,-33.08649150776251,3.5834551919855864,1.1109281926422212,1.1767971920119815
SB68054_component_1023a,163.873659,-33.854859,4.295000076293945,25.718563079833984,163.87352880897643,-33.85486244146578,3.4422959857312465,1.1778753421695736,1.2477137625867343
SB68054_component_1026a,165.491751,-33.625607,4.0980000495910645,23.152542114257812,165.49170927324977,-33.62528224913456,4.368572318876939,0.8855575591374318,0.9380639143555639
SB68054_component_1028a,164.98108,-30.952274,4.052000045776367,22.511110305786133,164.98101380098103,-30.952107305052216,3.1748748780900122,1.2048339370801173,1.2762707827446822
SB68054_component_1031a,162.929119,-30.95788,4.0289998054504395,22.259668350219727,162.9291968731219,-30.957792688298653,3.843649653376924,0.9895501663201091,1.0482224366913024
SB68054_component_1033a,167.430056,-32.865913,4.589000225067139,20.48660659790039,167.42993249474083,-32.86589585408623,3.8362680037497316,1.1292588535890458,1.1962147119496487
SB68054_component_1034a,165.437126,-31.654683,4.066999912261963,21.072538375854492,165.43714091927433,-31.654719027224303,3.929907199565431,0.9769587630034813,1.0348844656463367
SB68054_component_1036a,167.815629,-32.564763,3.7119998931884766,13.024560928344727,167.81546858000806,-32.564749154793546,3.6089065284136814,0.9709943122853812,1.0285663715485893
SB68054_component_1040a,161.213818,-31.265789,3.753000020980835,17.136985778808594,161.21364950163152,-31.2657250389817,3.916020717115003,0.9047278325878368,0.9583708289842072
SB68054_component_1041a,161.935111,-32.777824,3.9119999408721924,21.977527618408203,161.93511329518225,-32.77777270623429,3.183117609126164,1.1601937436957972,1.2289837892436914
SB68054_component_1043a,167.480689,-33.154541,4.21999979019165,18.111587524414062,167.4805126209727,-33.15439365961902,4.146646690029367,0.9607264792602508,1.0176897396005937
SB68054_component_1044a,168.117158,-32.197477,3.5209999084472656,11.935593605041504,168.11723165668894,-32.19728828274179,2.7760365934266154,1.1973612304165082,1.2683550054003794
SB68054_component_1047a,166.785005,-33.114074,4.014999866485596,23.617645263671875,166.78491032308662,-33.114118165773725,2.681723415915684,1.4133701531066525,1.4971714989909426
SB68054_component_1052a,163.602389,-33.711886,3.9779999256134033,22.22346305847168,163.60221296482342,-33.71187756159442,4.0462375917216695,0.928106373074993,0.9831355266314871
SB68054_component_1053a,168.059331,-33.874456,3.8919999599456787,13.80141830444336,168.05945102319006,-33.8743978723033,3.7434433890673553,0.9814900971934164,1.0396844710707205
SB68054_component_1055a,163.914137,-34.550671,4.090000152587891,21.41361427307129,163.9142615591084,-34.55066079447307,3.0536454183987263,1.264413378997085,1.3393828006175679
SB68054_component_1057a,166.530661,-31.804998,4.010000228881836,24.011978149414062,166.53081137820422,-31.804909740910368,3.6036135940235585,1.050486669515666,1.1127719785307317
SB68054_component_1058a,161.3507,-33.705579,3.8389999866485596,12.50488567352295,161.3507538041596,-33.70539297448488,2.5521390084867135,1.4200320608680954,1.5042284036577178
SB68054_component_1059a,160.827749,-34.906646,4.289999961853027,10.214285850524902,160.82759033051659,-34.906540494867734,3.068699107532432,1.319736858403275,1.3979865120444
SB68054_component_1063a,166.136443,-33.23748,3.993000030517578,21.352941513061523,166.1364229897934,-33.2372503202363,3.732331324434576,1.0099584068402792,1.0698407197604547
SB68054_component_1067a,164.762584,-30.383336,4.265999794006348,19.39090919494629,164.76252171375899,-30.383196715305722,3.408428781935875,1.1815469160176568,1.2516030308790553
SB68054_component_1071a,164.41421,-33.165696,3.9670000076293945,24.487653732299805,164.41450859012494,-33.1655844172427,3.693316969043326,1.013981390951215,1.0741022340838946
SB68054_component_1072a,164.636575,-31.242255,3.890000104904175,22.748538970947266,164.63634352465448,-31.24211290996681,4.458985518777823,0.8235650650523327,0.8723957699621319
SB68054_component_1074a,163.638024,-34.267945,3.8510000705718994,19.953367233276367,163.6380488140869,-34.26786939884399,3.324603885169865,1.0934979754907899,1.1583335048575687
SB68054_component_1075a,161.445852,-30.670945,4.084000110626221,12.604938507080078,161.44586402610523,-30.670717872379008,3.983031145506211,0.9679577638093267,1.0253497804640384
SB68054_component_1076a,167.071181,-32.853478,3.9489998817443848,22.56571388244629,167.0712958725609,-32.85332706641918,4.108958329940664,0.9072766806812291,0.9610708030230648
SB68054_component_1078a,163.462456,-30.190311,3.7060000896453857,13.476364135742188,163.4624830693604,-30.190431386218957,3.7780170043809598,0.9260317602399615,0.9809379061417501
SB68054_component_1084a,162.609331,-34.017809,3.618000030517578,20.440677642822266,162.6094813744329,-34.01772794680878,3.965172442497066,0.8613722011409239,0.9124445614877581
SB68054_component_1085a,163.04835,-34.092392,3.4739999771118164,20.08092498779297,163.04832030467662,-34.09233387437311,3.1035322382607413,1.0567151040916296,1.1193697085804044
SB68054_component_1089a,166.427424,-33.056111,4.044000148773193,23.64912223815918,166.427352368036,-33.05591047999445,3.757801844797798,1.01592501118905,1.076161095181642
SB68054_component_1091a,167.414981,-34.250389,3.687000036239624,15.426778793334961,167.41490658239204,-34.25036814241836,3.7764706270099304,0.9216613921406193,0.97630841078694
SB68054_component_1092a,162.915524,-31.960421,3.5360000133514404,20.090909957885742,162.91549813373481,-31.960282437296396,2.3472524625027362,1.4221218837282077,1.50644213600322
SB68054_component_1099a,164.244355,-31.426721,3.759000062942505,20.653846740722656,164.24438799436064,-31.426491689313778,3.31890739736543,1.069206432071841,1.1326016706360722
SB68054_component_1100a,164.902566,-32.147319,3.9730000495910645,23.233917236328125,164.90262510383852,-32.147110715260666,3.5291487992339436,1.0627545314206686,1.1257672247918438
SB68054_component_1105a,166.669318,-33.224261,3.6730000972747803,21.109195709228516,166.66890162215674,-33.224276195756644,3.9927536256599536,0.8684259490371358,0.9199165392198919
SB68054_component_1106a,164.889456,-32.182334,3.755000114440918,21.09550666809082,164.88958007882815,-32.18218400280711,2.8964049352454904,1.223869299018346,1.2964347867065955
SB68054_component_1108a,166.305338,-33.795978,3.3389999866485596,19.526315689086914,166.30532765243387,-33.796027287773875,2.643475956685571,1.1924094725227208,1.263109648568564
SB68054_component_1110a,168.132095,-32.086653,3.509000062942505,10.260233879089355,168.13204540679305,-32.08679553096638,2.7762097322187094,1.1932061097249664,1.2639535198726357
SB68054_component_1113a,166.38243,-34.513884,3.197999954223633,16.070350646972656,166.38251050630043,-34.51372016416102,3.8478991095189947,0.7845834475370185,0.8311028598209265
SB68054_component_1118a,162.151754,-33.543013,3.8340001106262207,22.16185188293457,162.15176528464897,-33.54295887725156,3.59722984106702,1.0061628971033005,1.0658201671898089
SB68054_component_1121a,165.225669,-32.018956,3.819999933242798,22.874252319335938,165.22565599132466,-32.018935323990675,3.532382915236212,1.020892338419325,1.0814229444848713
SB68054_component_1126a,167.09112,-33.128824,3.3510000705718994,17.8244686126709,167.09106360476275,-33.12867802629555,3.539322938453615,0.8937964204020632,0.946791273032577
SB68054_component_1130a,165.805463,-31.719782,3.931999921798706,22.214689254760742,165.80555307902952,-31.719500807894057,3.116084654566742,1.191210787517751,1.261839891299554
SB68054_component_1138a,166.270562,-32.220842,3.6510000228881836,20.982759475708008,166.27047183616153,-32.220855676661806,3.2586614862217393,1.0576864793775937,1.1203986785142699
SB68054_component_1140a,166.460831,-31.410259,3.9170000553131104,22.773256301879883,166.4607811276396,-31.410002490133202,4.439361609976789,0.8329470998100984,0.882334083015506
SB68054_component_1142a,166.672394,-30.764644,3.684999942779541,20.136611938476562,166.67255352124738,-30.76449499153295,3.4850381324336204,0.9981925308321534,1.0573772230739658
SB68054_component_1144a,165.081404,-30.976551,3.4539999961853027,19.96531867980957,165.08146453099667,-30.9762911687822,3.273650021069891,0.9960346559457357,1.0550914037709107
SB68054_component_1145a,166.160984,-34.011346,3.6029999256134033,20.016664505004883,166.16071090333725,-34.01111009953768,3.8402233918269064,0.8857111853342987,0.9382266493354573
SB68054_component_1148a,167.201163,-34.536868,3.694000005722046,17.101850509643555,167.2009192062137,-34.536846719387306,3.188278999902448,1.0937673067480258,1.1586188052661237
SB68054_component_1149a,164.393653,-32.221239,3.7790000438690186,21.59428596496582,164.39344859561976,-32.221109883498336,3.9988638400929104,0.8921228126670531,0.9450184339812921
SB68054_component_1152a,162.931774,-34.238481,3.489000082015991,19.823863983154297,162.9318008488279,-34.23837620584499,3.1028734895597356,1.0615031214328658,1.1244416163776767
SB68054_component_1153a,167.122223,-33.933888,3.6059999465942383,17.504854202270508,167.12220221492467,-33.93380589093222,3.5128431872871175,0.9690614500293606,1.0265189062934128
SB68054_component_1154a,167.640087,-32.027359,3.8450000286102295,18.848039627075195,167.64004534353197,-32.027239486477114,3.3236628916749327,1.092103361590758,1.1568562017047923
SB68054_component_1157a,166.882953,-31.24672,3.63700008392334,18.844558715820312,166.88305319607903,-31.246675412941734,3.1478695500554177,1.090714154896242,1.1553846263608067
SB68054_component_1162a,163.041737,-31.534469,3.5439999103546143,21.74233055114746,163.04167926742497,-31.534310583270706,2.2348592175554747,1.497021013745592,1.5857821747855325
SB68054_component_1170a,166.412928,-30.486654,3.690999984741211,19.737966537475586,166.41289573833,-30.486488620425032,3.5513108931542003,0.9811597292500379,1.0393345149973456
SB68054_component_1171a,161.215452,-31.159067,3.006999969482422,12.223576545715332,161.21506089762843,-31.15891152925247,2.6593818662069073,1.0674243002555908,1.1307138729088668
SB68054_component_1172a,166.529721,-30.246162,3.621999979019165,13.984556198120117,166.5294945356326,-30.24604941777116,3.495186520048949,0.9782783705605793,1.036282315190561
SB68054_component_1181a,164.11372,-30.131381,3.187000036239624,10.803390502929688,164.11386038523395,-30.131411746515568,3.2510153074358112,0.9254381927644071,0.9803091449462665
SB68054_component_1191a,162.61397,-32.895049,3.2699999809265137,18.901735305786133,162.61397354216058,-32.89491113776189,2.7736988804883853,1.112942696152833,1.1789311391836237
SB68054_component_1192a,164.293808,-30.868698,3.7049999237060547,21.29310417175293,164.29372970312232,-30.868494579383764,8.860845933514042,0.3947274988738819,0.41813162665347486
SB68054_component_1196a,163.702647,-30.283975,3.4170000553131104,12.894340515136719,163.7025034142462,-30.28397714475191,2.4117552338267845,1.3375071765532338,1.4168104654182847
SB68054_component_1198a,165.368034,-33.184895,3.5239999294281006,21.619630813598633,165.36779110597118,-33.184614770429874,3.0064008964976474,1.1065559139291097,1.172165672759557
SB68054_component_1199a,165.310134,-30.903855,3.124000072479248,16.617021560668945,165.31014314521107,-30.90375798157325,2.9686934495585504,0.9934134733175879,1.0523148063481569
SB68054_component_1200a,164.159776,-34.328353,3.4149999618530273,19.514286041259766,164.16000902367483,-34.328312217128435,3.1086060805920672,1.0370731150057704,1.098563109418677
SB68054_component_1201a,164.082529,-33.435408,3.5339999198913574,21.418180465698242,164.0825487651073,-33.43526687073806,3.6921615789324633,0.9035874731454807,0.9571628555089303
SB68054_component_1209a,166.103319,-31.274029,3.5290000438690186,20.398845672607422,166.10316782232604,-31.273924346289146,3.02916382193,1.0997988652924666,1.1650079861380864
SB68054_component_1213a,165.323423,-34.243371,3.4230000972747803,18.911603927612305,165.32359827229584,-34.24311392319087,3.5108313086228975,0.9204099685296626,0.9749827879418768
SB68054_component_1222a,167.163625,-32.978427,3.2850000858306885,17.19895362854004,167.1637133521145,-32.97833221304923,2.8460824499888466,1.0896129916238064,1.1542181730692875
SB68054_component_1225a,161.816351,-33.274369,3.3320000171661377,17.62963104248047,161.81644293433845,-33.274108912004564,2.828678611422395,1.1120024731759008,1.1779351686371498
SB68054_component_1231a,163.342386,-32.61824,3.1010000705718994,18.34911346435547,163.34223103182788,-32.61818480452,2.8099879624838815,1.0417935912068488,1.103563471435934
SB68054_component_1235a,166.93924,-33.190568,3.3910000324249268,19.158191680908203,166.93958712320855,-33.190471901530515,2.956718558714406,1.0826851284734058,1.1468795440237465
SB68054_component_1236a,165.511774,-32.218848,3.3959999084472656,21.493669509887695,165.51168575211577,-32.21841173656948,2.6683945508865357,1.201439730472054,1.27267532731207
SB68054_component_1239a,161.901935,-34.028548,2.941999912261963,15.64893627166748,161.9018354568939,-34.02834595703055,2.3179865987529906,1.1981635386990996,1.2692048840337011
SB68054_component_1240a,162.149168,-30.156908,3.2679998874664307,10.541934967041016,162.1492327314479,-30.156733587874015,2.3712922115573125,1.3010120614081144,1.37815148699882
SB68054_component_1242a,167.309088,-32.109332,3.3589999675750732,19.085227966308594,167.3089022741108,-32.10921891866021,2.200728293789073,1.4408804121206,1.5263128924433296
SB68054_component_1246a,162.629959,-31.509441,3.1470000743865967,17.291210174560547,162.6296691993532,-31.509264649263752,2.6371590633905746,1.1265352676067109,1.1933296394873214
SB68054_component_1249a,162.49936,-33.887499,2.9830000400543213,18.078786849975586,162.49918104784,-33.88748014904099,2.954751839066953,0.9530520335722926,1.0095602617498627
SB68054_component_1251a,161.778307,-33.092286,3.23799991607666,17.791208267211914,161.7781228141701,-33.09227783222428,2.9424456488701622,1.0388497710601468,1.1004451067158996
SB68054_component_1256a,163.473732,-33.231527,3.1740000247955322,19.00598907470703,163.47362493480998,-33.23131200926695,2.3076513853614578,1.2984376190460074,1.3754244011594388
SB68054_component_1261a,162.715403,-31.867913,3.128999948501587,17.982759475708008,162.7155452810913,-31.86773509901246,3.2057867887264764,0.9214150169741582,0.9760474275784905
SB68054_component_1262a,166.11313,-30.458912,3.1459999084472656,15.574256896972656,166.1131835925656,-30.458730694603922,2.7394777036970432,1.0841148674616123,1.148394054896524
SB68054_component_1268a,165.53612,-33.448073,2.868000030517578,16.388572692871094,165.53631641448143,-33.44785138432178,3.145522000620095,0.8607376286369414,0.911772363999423
SB68054_component_1269a,165.66894,-32.709229,3.187999963760376,16.60416603088379,165.6692349013832,-32.7090028980439,5.035345393777539,0.597686445293098,0.633124386601159
SB68054_component_1270a,167.282554,-34.05658,3.38700008392334,15.753488540649414,167.28271789395217,-34.05654262641595,2.3377356034229937,1.3677419931398065,1.4488379605306847
SB68054_component_1279a,166.413444,-30.603092,3.322000026702881,17.67021369934082,166.41377998357197,-30.602916483033663,2.134945370860379,1.468916907492807,1.556011723786694
SB68054_component_1281a,164.571151,-30.467891,3.1730000972747803,15.037915229797363,164.57110733567626,-30.467875212009496,2.0388021882879652,1.4691947208695186,1.5563060092353689
SB68054_component_1283a,162.817127,-34.503693,2.8970000743865967,15.491978645324707,162.8172466647846,-34.50377463846803,2.8838643433614597,0.948326843161335,1.0045549060084518
SB68054_component_1288a,164.699678,-32.499834,2.808000087738037,16.915664672851562,164.69977342453487,-32.49970593083424,3.326000386303685,0.7970015876149826,0.8442572945274603
SB68054_component_1293a,162.867344,-32.856263,2.9670000076293945,17.45294189453125,162.86740541248867,-32.85605456216197,2.398410556896713,1.1678266592137418,1.2370692745233642
SB68054_component_1295a,162.782912,-33.453109,3.002000093460083,17.658823013305664,162.78296998406907,-33.45301857850882,3.276988423743683,0.8648089171465358,0.916085046779186
SB68054_component_1297a,163.590566,-34.937637,3.4040000438690186,13.092308044433594,163.59065862350906,-34.93768307360327,3.54207667001353,0.9072269948789683,0.9610181712571501
SB68054_component_1300a,164.291837,-32.931021,2.930000066757202,17.134502410888672,164.2919542183,-32.930849995481154,3.0779053240189764,0.8986627455395546,0.9519461316410321
SB68054_component_1301a,165.601861,-34.062602,3.053999900817871,18.178571701049805,165.6018036416881,-34.06232737096083,2.8652619874822567,1.0062109640322325,1.0658710840963834
SB68054_component_1303a,164.873867,-33.507968,2.878999948501587,17.239521026611328,164.8738085212826,-33.50762101061285,1.9799428076626682,1.3726928654094421,1.4540823792280444
SB68054_component_1306a,163.09446,-33.09938,2.622999906539917,15.706586837768555,163.09428484896995,-33.09923727131087,2.8754092969499294,0.8611582515650256,0.9122179264434618
SB68054_component_1309a,166.867635,-34.30011,3.1040000915527344,16.166667938232422,166.8676661892151,-34.30021732973641,2.1514124421406833,1.3620166425379396,1.442773143239896
SB68054_component_1310a,165.643425,-31.022102,2.947000026702881,14.959391593933105,165.64356670732545,-31.021888787096895,2.658790314880495,1.0463582828367475,1.1083988121249568
SB68054_component_1318a,162.843635,-32.891298,2.88700008392334,16.784883499145508,162.8436254841477,-32.89127789564932,1.8208478207930265,1.4967784115903546,1.5855251882971617
SB68054_component_1319a,161.383189,-33.422324,3.1640000343322754,12.263566970825195,161.38323312646887,-33.42219908366412,2.60149131381016,1.148149561234227,1.2162254847963578
SB68054_component_1320a,165.900822,-31.929352,3.0209999084472656,15.734374046325684,165.90087509504372,-31.929120157760217,3.1566911634353363,0.9034476288068639,0.9570147195393034
SB68054_component_1325a,164.064662,-30.986755,2.99399995803833,18.036144256591797,164.0642025664374,-30.986852274030404,2.98955149556539,0.9454316045316722,1.0014880032939852
SB68054_component_1329a,166.610202,-31.090233,2.9110000133514404,16.262569427490234,166.6102554781553,-31.090170473440867,3.734911231845066,0.7357771355440947,0.7794027307881668
SB68054_component_1330a,164.494563,-32.621945,2.828000068664551,15.122994422912598,164.49446653333456,-32.62185355041219,2.58375491782363,1.033266773739973,1.094531083097717
SB68054_component_1332a,164.596704,-31.711442,3.183000087738037,17.489011764526367,164.59700348644768,-31.711121057836728,2.682233791142906,1.1202743331858094,1.1866974826164403
SB68054_component_1333a,167.102295,-30.811652,2.815000057220459,13.468899726867676,167.10239945528573,-30.811600906744502,2.3856706543806756,1.1139155955281757,1.1799617235729625
SB68054_component_1344a,165.624203,-32.096146,3.309999942779541,18.91428565979004,165.6242739876216,-32.09595558940088,2.550085277336602,1.2253429239021651,1.2979957855513837
SB68054_component_1345a,162.59049,-30.358308,2.999000072479248,11.996000289916992,162.5901014772797,-30.35822350132912,2.453548714984044,1.15389463941547,1.222311199351406
SB68054_component_1349a,162.978938,-33.289171,2.9690001010894775,16.494443893432617,162.9787116377413,-33.28901061105645,3.3528159036202863,0.8359587912551062,0.885524343249394
SB68054_component_1358a,163.217539,-31.994207,2.8380000591278076,16.5,163.21771021566133,-31.994168744095774,2.2514413492108347,1.1899703134192943,1.2605258671839579
SB68054_component_1362a,162.486952,-34.457021,2.7929999828338623,16.333332061767578,162.48713473514,-34.457005276215206,3.3777518111913665,0.7805982302141325,0.8268813515486633
SB68054_component_1366a,167.621684,-34.164396,2.753000020980835,11.518829345703125,167.62175391470828,-34.164493615695726,2.6392874336726155,0.984699890279658,1.0430845787607097
SB68054_component_1367a,161.280976,-34.226884,2.5969998836517334,11.051063537597656,161.28129522649962,-34.2267120380399,2.2011631191472296,1.1137919314736169,1.1798307272465378
SB68054_component_1368a,164.583929,-33.151773,2.7330000400543213,16.664634704589844,164.58379747995653,-33.15165120710262,3.200116302968366,0.8062286749323438,0.8540314730184161
SB68054_component_1369a,162.42502,-33.316793,2.7049999237060547,15.19662857055664,162.42539758224785,-33.31638947921425,1.5969158497735898,1.599077787470288,1.693890084496042
SB68054_component_1372a,165.507164,-33.27806,2.8310000896453857,16.270116806030273,165.50726240350986,-33.277931982527555,2.215683223888165,1.2061923743138878,1.2777097642493493
SB68054_component_1373a,167.709353,-32.129926,2.9110000133514404,14.269608497619629,167.70934033952938,-32.13007076138055,1.9483024851096231,1.410490572527195,1.4941211827216092
SB68054_component_1378a,163.561341,-34.396458,2.759000062942505,15.159340858459473,163.5613805593997,-34.396534987333254,3.5062412153920968,0.7428382952859816,0.7868825598280952
SB68054_component_1382a,164.497922,-32.982404,3.003999948501587,19.633987426757812,164.49771987982945,-32.9823130555642,2.4734626999138407,1.1465128329092626,1.2144917118039527
SB68054_component_1384a,166.245235,-31.994772,2.6610000133514404,15.65294075012207,166.24537895514413,-31.994700649389255,2.0741926941895747,1.2111003825067856,1.2829087773791152
SB68054_component_1390a,164.779684,-33.655833,2.6410000324249268,15.627219200134277,164.779389724889,-33.65566921763379,2.5043701425947114,0.9955297753870893,1.0545565879046366
SB68054_component_1400a,166.851603,-33.851178,2.7260000705718994,14.347369194030762,166.85168395348848,-33.8508542142006,2.408535002657151,1.0684575330298558,1.1318083679765973
SB68054_component_1403a,166.003606,-32.424392,2.6559998989105225,15.352601051330566,166.00339349351108,-32.42421199092505,2.819233850306219,0.8893676282196584,0.9420998895221245
SB68054_component_1405a,167.392995,-34.737436,2.76200008392334,10.383459091186523,167.39281982748096,-34.73739487401734,3.2451571818237817,0.8034749017342373,0.8511144234841325
SB68054_component_1406a,164.105544,-31.897555,2.7339999675750732,14.542553901672363,164.10569508598644,-31.8974283695654,2.2066250785116472,1.169645677542772,1.2389961458333179
SB68054_component_1409a,161.29737,-34.192171,2.7860000133514404,12.549549102783203,161.2974526167223,-34.19215426519303,1.749017607010164,1.503734962964737,1.5928942065448575
SB68054_component_1411a,167.395262,-31.800928,2.6410000324249268,12.170507431030273,167.3949770159449,-31.80085529417364,2.0459497335816352,1.2185905668263408,1.2908430686621013
SB68054_component_1416a,165.951979,-30.912899,2.5390000343322754,14.344633102416992,165.95205021911787,-30.912656167706906,2.178411999771918,1.1002897086846326,1.1655279325481642
SB68054_component_1420a,165.142182,-30.384243,2.374000072479248,11.041860580444336,165.1421832681518,-30.384175406364648,2.11598335647592,1.0591387200774853,1.1219370252670815
SB68054_component_1421a,162.064132,-32.941568,2.5350000858306885,13.342105865478516,162.063875998893,-32.941412244593174,2.3309129659877716,1.0266827979431945,1.0875567311267802
SB68054_component_1424a,167.081506,-34.627157,2.260999917984009,11.837696075439453,167.081595851441,-34.62691175938663,2.761092399749981,0.7730435677289839,0.818878759069687
SB68054_component_1426a,163.773183,-34.700516,2.5299999713897705,13.108807563781738,163.77316123704722,-34.700405051205195,2.414631582378104,0.9891314354663502,1.0477788785061957
SB68054_component_1429a,163.568933,-33.437072,2.859999895095825,15.977652549743652,163.5688479340908,-33.437034759850185,2.9658707881195854,0.9103285333592709,0.9643036057242116
SB68054_component_1431a,166.172253,-31.027531,2.5869998931884766,15.040696144104004,166.17214031470564,-31.02730008991983,2.2572945484275744,1.0819135073770272,1.146062172077
SB68054_component_1445a,166.581088,-32.670879,2.3940000534057617,13.010869979858398,166.58130479076476,-32.670605629935075,2.4830562840944697,0.9101688262735781,0.9641344293082807
SB68054_component_1467a,167.233572,-33.985797,2.7219998836517334,12.0442476272583,167.2334938668269,-33.98579628107116,2.138461878212479,1.2016305314209064,1.2728774412041557
SB68054_component_1468a,163.757143,-30.792258,2.5929999351501465,15.620482444763184,163.75704036272322,-30.79223329254409,2.467959432029365,0.9918565237552908,1.0506655423496822
SB68054_component_1473a,161.521023,-32.773889,2.496000051498413,13.0,161.52106621681426,-32.773777543201646,2.3050091861877515,1.0222480581441211,1.0828590473544015
SB68054_component_1474a,163.564927,-34.056037,2.509999990463257,14.022345542907715,163.56500953092305,-34.05581421097972,2.27663732090407,1.0407926908958696,1.1025032258833904
SB68054_component_1482a,161.614251,-33.283212,2.424999952316284,12.185929298400879,161.61408442870444,-33.28294221426719,2.546545192722489,0.8989689907519789,0.9522705347018554
SB68054_component_1485a,167.253756,-34.174165,2.696000099182129,12.65727710723877,167.2538311908717,-34.173875229220606,2.220230083983712,1.1463210979084701,1.2142886084782496
SB68054_component_1492a,163.375076,-34.104665,2.5490000247955322,14.401129722595215,163.37485449642995,-34.10448354995149,1.55383026846903,1.5486405518964679,1.6404623313890203
SB68054_component_1494a,165.826662,-31.353086,2.6410000324249268,15.72023868560791,165.8267265823001,-31.352986675719595,2.409034237872282,1.0349271946194833,1.096289953420306
SB68054_component_1495a,161.942602,-33.120235,2.2790000438690186,11.869791984558105,161.94232950180685,-33.11996411838451,3.7043366637419863,0.5807888206918613,0.6152248704001043
SB68054_component_1496a,162.016522,-33.117771,2.5490000247955322,14.005495071411133,162.0163061587076,-33.11797011305185,2.4927090162304344,0.9653451521406406,1.0225822621888787
SB68054_component_1498a,166.485065,-33.524513,2.6089999675750732,14.102702140808105,166.48513362709318,-33.524479384436894,2.461130594404092,1.0007458074197209,1.0600818881806573
SB68054_component_1510a,167.298326,-30.901402,2.367000102996826,12.264248847961426,167.29848548239613,-30.90111926455295,1.9578660734481723,1.1412995887565025,1.2089693647063875
SB68054_component_1518a,166.302227,-34.736719,2.49399995803833,11.388128280639648,166.3020111098593,-34.73655165745676,2.523342652431611,0.933049271096149,0.9883714982723393
SB68054_component_1531a,163.992676,-30.878146,2.3469998836517334,13.259886741638184,163.99299788951302,-30.877936897787873,2.671871581591418,0.8292430724874722,0.878410437021758
SB68054_component_1542a,166.024677,-34.665939,2.4110000133514404,11.647342681884766,166.02455132543014,-34.66573174981125,1.6609332265718961,1.3703433747729878,1.4515935829206417
SB68054_component_1543a,161.309769,-33.347062,2.441999912261963,10.175000190734863,161.30979653684867,-33.3470670297809,2.0930932164826013,1.1013907851594371,1.1666942938956593
SB68054_component_1546a,165.000254,-33.806992,2.4089999198913574,13.765713691711426,164.9998751932094,-33.80674804140039,2.290922296803962,0.9926834725639194,1.0515415224916724
SB68054_component_1548a,166.267906,-32.963551,2.193000078201294,12.676301956176758,166.2679521306522,-32.96327405981754,2.2547360219162473,0.9181789008462962,0.9726194361047705
SB68054_component_1550a,162.916,-31.311697,2.299999952316284,13.068181991577148,162.91593836623818,-31.311613900375132,1.6664568487151956,1.3029211061202763,1.380173722523651
SB68054_component_1556a,164.28978,-34.208709,2.253000020980835,12.657302856445312,164.2896031582129,-34.208438735664316,2.1883786777394816,0.9719033653926847,1.029529324105874
SB68054_component_1561a,164.799124,-34.467236,2.4210000038146973,14.325444221496582,164.7996501091557,-34.467347142323284,1.5330219526943587,1.4908391225888373,1.5792337478009855
SB68054_component_1562a,162.291958,-33.236881,2.3580000400543213,14.204819679260254,162.29168159097162,-33.2369406136942,2.3428488384122024,0.9501319105808004,1.0064669992334576
SB68054_component_1564a,161.341882,-34.478432,2.4140000343322754,11.38679313659668,161.34193621592829,-34.47835821145684,2.3039818748396423,0.9891054128220668,1.0477513129309188
SB68054_component_1566a,164.987872,-32.623113,2.503000020980835,15.546584129333496,164.9878173872776,-32.62295057227811,1.893103195095974,1.2481619227743468,1.3221677653203376
SB68054_component_1571a,165.347676,-31.084119,2.134000062942505,11.291006088256836,165.34781938800577,-31.083993202472964,2.31549374179112,0.8700319094204698,0.9216177199821654
SB68054_component_1579a,162.03504,-32.671684,2.3399999141693115,12.786885261535645,162.03470024639486,-32.67170597529072,2.1970947603229223,1.005429023857712,1.0650427812341536
SB68054_component_1591a,164.30648,-31.647263,2.306999921798706,12.20634937286377,164.30663487180237,-31.647258958422235,2.0845684374771833,1.0447581959371437,1.1067038530961915
SB68054_component_1592a,167.544425,-32.340103,2.259000062942505,11.584615707397461,167.54442520885652,-32.34003104298258,2.220647632238659,0.9603310185903519,1.017270831331841
SB68054_component_1595a,166.597847,-32.288516,2.2820000648498535,12.677777290344238,166.59775471995505,-32.2885188790185,2.131176531846803,1.0108357476084922,1.070770079695065
SB68054_component_1596a,166.244006,-30.579933,1.9429999589920044,11.23121452331543,166.24399819574316,-30.579632355246513,2.1222062008873523,0.8643100781843128,0.9155566307268271
SB68054_component_1600a,165.903739,-31.802613,2.4230000972747803,13.767045974731445,165.9040716324399,-31.802584623552477,2.3055285742612535,0.9921270421056774,1.0509521002363493
SB68054_component_1603a,167.035587,-33.283699,2.066999912261963,10.545918464660645,167.03565157103893,-33.28342089993341,1.987627618116607,0.9817248863917757,1.0399331813574646
SB68054_component_1604a,165.471654,-32.46811,2.1730000972747803,12.560694694519043,165.47141077693266,-32.46794209016609,1.8446821010214194,1.1120455504953495,1.177980800091012
SB68054_component_1606a,162.410974,-32.875278,2.0950000286102295,12.323529243469238,162.41116445997093,-32.874842297156825,2.3842645309070316,0.8294953578710887,0.8786776808751339
SB68054_component_1607a,167.081166,-33.051255,2.3550000190734863,12.661290168762207,167.08110793458087,-33.05111209049784,1.7886771637863312,1.2429204037366821,1.316615466867338
SB68054_component_1617a,165.177312,-32.84013,2.3340001106262207,13.892857551574707,165.17723359677908,-32.840011980245535,2.698116044439418,0.8166286505205885,0.8650480825079379
SB68054_component_1626a,163.986857,-33.320123,2.36899995803833,14.271084785461426,163.98703701706944,-33.32005487243614,1.9082577884780076,1.171958880453213,1.241446502847921
SB68054_component_1627a,162.705912,-34.432876,2.36899995803833,13.088397979736328,162.70594137380712,-34.43269011588704,2.2416456011075314,0.9976597818566283,1.0568128864205282
SB68054_component_1630a,162.014878,-31.497884,2.312000036239624,12.168421745300293,162.01482776523545,-31.497588062375147,1.9504105095201016,1.1190414489027518,1.185391498330519
SB68054_component_1631a,166.465481,-30.592648,1.9620000123977661,10.491978645324707,166.46547958391184,-30.592424945759113,2.091111400514407,0.8857398837153424,0.938257049296905
SB68054_component_1632a,164.040835,-33.792554,2.253999948501587,13.4970064163208,164.0407361696591,-33.79234670813416,2.239409359573101,0.9501775774132145,1.0065153737373267
SB68054_component_1635a,164.526769,-33.520272,2.1480000019073486,12.067415237426758,164.52662868141556,-33.520026246435016,2.146144541864516,0.9448430525993005,1.0008645550225712
SB68054_component_1647a,166.001832,-33.805753,2.121000051498413,12.260116577148438,166.00173549566395,-33.80559187417359,2.0150619011110886,0.9936573561098877,1.0525731494049444
SB68054_component_1648a,167.236388,-30.672267,2.177000045776367,11.050762176513672,167.23637729598428,-30.672097892138677,1.7481749928570396,1.1755954580395382,1.2452986998850153
SB68054_component_1649a,165.464194,-33.865871,2.125,12.426899909973145,165.46408731404793,-33.86538151146618,1.8615271705671994,1.0776405371436653,1.1415358494888481
SB68054_component_1653a,165.648962,-33.586151,2.4210000038146973,13.449999809265137,165.64916102520922,-33.58627773452708,2.0561701103613244,1.1115272473553572,1.1774317657935716
SB68054_component_1655a,165.505755,-33.543889,2.38700008392334,13.718391418457031,165.50580809652593,-33.54384464326305,2.435548551485979,0.9252093385180903,0.9800667215059135
SB68054_component_1657a,165.261868,-33.791303,2.072999954223633,12.956250190734863,165.26156648547422,-33.79079030261348,2.066145938001978,0.9471585053796027,1.0033172953060048
SB68054_component_1659a,162.945829,-33.748507,2.1610000133514404,13.339506149291992,162.94594198732898,-33.748228162129145,1.8428928098425126,1.106978175683913,1.1726129711994004
SB68054_component_1671a,161.758484,-33.02758,1.8300000429153442,10.764705657958984,161.75832561960232,-33.02748325077991,2.761120040416371,0.6256769799382416,0.6627745321204449
SB68054_component_1673a,165.372969,-30.812417,2.2950000762939453,12.75,165.3734139082049,-30.812172969907774,1.2510120332545955,1.7318312898913488,1.8345147890570979
SB68054_component_1675a,165.55775,-32.564893,2.2669999599456787,13.257308959960938,165.55801045441143,-32.56461927797579,2.298293997895054,0.9311728275153589,0.9863837968606121
SB68054_component_1678a,167.288376,-32.691079,2.1080000400543213,10.384237289428711,167.28839710988672,-32.691063692453824,2.2410507060186986,0.8879802296955864,0.9406302295583725
SB68054_component_1683a,161.15789,-34.456828,2.3350000381469727,11.014151573181152,161.15810929535232,-34.457072794792914,2.6829122096109836,0.8216082564644115,0.8703229385524853
SB68054_component_1687a,166.03741,-32.162835,2.065000057220459,13.675498008728027,166.03735001648735,-32.16283356138612,2.727211762214547,0.7148016914783386,0.757183613619956
SB68054_component_1695a,163.465599,-33.359894,2.2780001163482666,14.149068832397461,163.46561210517186,-33.359806896992154,1.3679718078067837,1.5720304699561638,1.6652390812062832
SB68054_component_1702a,166.633402,-34.119104,1.9429999589920044,10.015463829040527,166.63304059746392,-34.11876286019378,1.5627199041134683,1.173751100618859,1.2433449870815263
SB68054_component_1709a,165.711958,-30.607069,2.184000015258789,10.653658866882324,165.7118715772579,-30.60685682689173,1.9800856660206816,1.0412452230013585,1.1029825894593277
SB68054_component_1711a,166.070173,-30.731166,2.2039999961853027,11.723404884338379,166.07013712368942,-30.730816403873078,1.9843776824104422,1.048507690397152,1.1106756620584863
SB68054_component_1715a,167.157434,-32.136175,2.234999895095825,12.280219078063965,167.15763173098236,-32.136082489113896,2.2668452630293867,0.9307648974596191,0.9859516798729333
SB68054_component_1716a,163.419075,-34.586256,1.9429999589920044,10.067357063293457,163.4193332752024,-34.58620716935461,2.372394478131874,0.7731615565285519,0.8190037436446937
SB68054_component_1720a,164.823861,-33.126414,1.7680000066757202,11.55555534362793,164.82397350591583,-33.12602034469024,2.507661182786242,0.6655761784076334,0.7050394282976099
SB68054_component_1739a,163.493271,-34.051297,2.0280001163482666,11.021739959716797,163.49348556242694,-34.05123238219709,2.0266964596324115,0.9446341273561325,1.0006432422130405
SB68054_component_1740a,162.192862,-32.300093,2.0429999828338623,12.381817817687988,162.19298250383147,-32.2999952256677,2.2449076534108383,0.8591208266096272,0.9100596987719276
SB68054_component_1745a,161.847823,-33.416919,2.1519999504089355,11.092782974243164,161.84800350084217,-33.4167128531151,2.08761737180589,0.9731408861763625,1.0308402197991635
SB68054_component_1763a,166.257898,-32.337881,1.8949999809265137,11.147058486938477,166.25792749639655,-32.337995355407465,2.0204914332564594,0.8853939729623046,0.9378906288517694
SB68054_component_1773a,164.690624,-33.383142,1.9830000400543213,11.267045974731445,164.69072259046106,-33.382960504453266,1.859518716148197,1.0067149866559453,1.0664049911591658
SB68054_component_1778a,164.826622,-32.630205,2.249000072479248,13.152047157287598,164.8264930922927,-32.62985701881994,2.2511767679101933,0.9431140961346035,0.9990330855124425
SB68054_component_1789a,165.22931,-31.017724,2.2690000534057617,13.19186019897461,165.2291705761368,-31.01747241064046,2.3856185425237424,0.8978791136587799,0.9511160367681373
SB68054_component_1793a,165.639688,-30.696206,2.013000011444092,11.12154769897461,165.6395363467258,-30.69619962982054,1.529476074372862,1.2424686930564146,1.3161369734204516
SB68054_component_1802a,162.733644,-33.544877,2.0840001106262207,12.864197731018066,162.7331442182159,-33.5445184712976,1.5962279700971194,1.2325007322394907,1.3055779936617848
SB68054_component_1810a,165.303125,-32.041903,2.2149999141693115,13.506096839904785,165.30317142018546,-32.04168916455495,1.6767930768985564,1.247034895257112,1.320973914244826
SB68054_component_1820a,166.342852,-30.773909,1.8639999628067017,10.65142822265625,166.34265947031162,-30.773633333152397,2.4262147248183763,0.725272198189979,0.7682749361543993
SB68054_component_1831a,166.299465,-31.733554,1.819000005722046,10.763313293457031,166.2994608640585,-31.733440132689683,2.0370218013466386,0.8429879916378312,0.8929703180002971
SB68054_component_1833a,166.596911,-32.365312,1.9049999713897705,10.297297477722168,166.59708002219372,-32.36522060657116,2.5647576668225174,0.7011856209972489,0.742760220988004
SB68054_component_1843a,164.525239,-31.776485,1.7940000295639038,10.193181991577148,164.52499711072534,-31.776236438893832,1.7525343225612855,0.9663629668813779,1.0236604250591892
SB68054_component_1851a,162.42717,-32.427303,1.7940000295639038,10.369942665100098,162.42717477024092,-32.427174992110096,1.957932262777417,0.8649861385446208,0.9162727759636752
SB68054_component_1868a,165.100622,-34.149997,2.0399999618530273,11.860464096069336,165.10044269303683,-34.1499764605341,1.5761543601754315,1.221844044622345,1.2942894512095682
SB68054_component_1879a,163.377888,-32.219996,1.8009999990463257,11.327044486999512,163.3781754614449,-32.21980471690256,1.9878683093497873,0.8552842353447178,0.9059956288731297
SB68054_component_1896a,163.884918,-30.861546,1.8300000429153442,10.280899047851562,163.88508046848872,-30.861359340776204,1.7020699450735826,1.0149813485250077,1.07516148100261
SB68054_component_1907a,164.566927,-32.115844,1.8339999914169312,10.303370475769043,164.5670334067346,-32.11577600149323,1.7829707150109748,0.9710452855451243,1.0286203671077359
SB68054_component_1911a,166.286394,-33.820761,1.7920000553131104,10.067416191101074,166.28663934976078,-33.82054347894915,2.0255622783689256,0.8351736483773395,0.8846926477896844
SB68054_component_1938a,164.694464,-33.55624,1.9910000562667847,11.643275260925293,164.69408433257007,-33.555824467404655,1.7194641588717576,1.093106582208255,1.1579189051391439
SB68054_component_1980a,163.948813,-31.812631,1.8530000448226929,10.410112380981445,163.9487820810979,-31.81249515986817,1.6296983747216005,1.073377684806571,1.1370202447058577
SB68054_component_1988a,162.219135,-31.987185,1.7829999923706055,10.938650131225586,162.21929462543557,-31.987016204954305,2.0217526160454224,0.8325449529572726,0.8819080921276014
SB68054_component_2001a,166.2876,-32.127058,1.7489999532699585,10.931249618530273,166.2878016739716,-32.12695827402527,1.2847441479720139,1.2851609311247258,1.3613605137106706
SB68054_component_2050a,164.197497,-32.943311,1.6829999685287476,10.518750190734863,164.19714632223537,-32.94298308262328,1.547849796811806,1.0264543939863533,1.0873147846744033
