Component_ID,RA,DEC,RA_comp,DEC_comp
SB66904_component_16a,248.194754,-45.96726,248.194814,-45.967148
