Component_ID,RA,DEC,ASKAP_flux,ASKAP_flux_SNR,RA_comp,DEC_comp,Comp_flux,Flux_Ratio_AlphaCorr,Flux_Ratio_NOAlphaCorr
SB68161_component_6a,158.393308,-80.804699,904.6430053710938,480.937255859375,158.39224243164062,-80.804931640625,1039.447998046875,1.1056233644485474,0.8703109622001648
SB68161_component_7a,190.94158,-82.165346,467.4410095214844,1488.66552734375,190.9397735595703,-82.16567993164062,577.6869506835938,1.0279381275177002,0.8091596961021423
SB68161_component_11a,178.94146,-81.021091,372.7139892578125,2231.8203125,178.94338989257812,-81.02142333984375,455.9042053222656,1.0385676622390747,0.8175269961357117
SB68161_component_12a,187.145183,-85.715247,287.89599609375,344.3731994628906,187.14552307128906,-85.71570587158203,418.0379333496094,0.8748883605003357,0.6886839270591736
SB68161_component_14a,183.299096,-80.621138,240.30999755859375,873.8544921875,183.30035400390625,-80.62163543701172,289.6668395996094,1.0539155006408691,0.8296082615852356
SB68161_component_19a,170.612571,-80.744357,195.656005859375,822.0840454101562,170.6134490966797,-80.74467468261719,232.10684204101562,1.0708730220794678,0.8429566621780396
SB68161_component_21a,192.328258,-84.368071,211.54100036621094,979.3564453125,192.32870483398438,-84.3685531616211,283.35113525390625,0.9484235048294067,0.7465683817863464
SB68161_component_22a,175.422387,-84.39109,193.88999938964844,955.1231689453125,175.4219512939453,-84.39154052734375,248.40525817871094,0.9915790557861328,0.7805390357971191
SB68161_component_24a,198.506289,-80.05227,173.61099243164062,288.3903503417969,198.50732421875,-80.05286407470703,209.4070587158203,1.0532188415527344,0.829059898853302
SB68161_component_25a,199.683117,-81.812428,171.46299743652344,625.7774047851562,199.68191528320312,-81.81295776367188,221.38613891601562,0.9839039444923401,0.7744974493980408
SB68161_component_26a,173.231916,-80.988004,181.11399841308594,1034.9371337890625,173.23287963867188,-80.98848724365234,232.26800537109375,0.9905931949615479,0.7797629833221436
SB68161_component_27a,204.812569,-83.428325,175.98500061035156,630.7705688476562,204.81248474121094,-83.42884063720703,222.32835388183594,1.00557279586792,0.7915544509887695
SB68161_component_29a,177.282986,-81.205123,164.62899780273438,889.886474609375,177.28456115722656,-81.2054672241211,202.02194213867188,1.0352387428283691,0.8149065375328064
SB68161_component_30a,169.30981,-81.127245,160.18800354003906,773.8551025390625,169.3103790283203,-81.12739562988281,197.4588165283203,1.030590534210205,0.8112476468086243
SB68161_component_31a,163.348154,-81.604951,142.39300537109375,632.8577880859375,163.3470001220703,-81.60511016845703,173.8787384033203,1.0403389930725098,0.8189213275909424
SB68161_component_33a,194.676146,-84.709203,138.59500122070312,632.8538818359375,194.67715454101562,-84.70966339111328,184.156494140625,0.9560778141021729,0.7525936365127563
SB68161_component_34a,200.613755,-84.325699,129.0330047607422,668.5647583007812,200.61489868164062,-84.32623291015625,112.27288055419922,1.460019588470459,1.149280309677124
SB68161_component_37a,190.062,-83.300182,114.51599884033203,650.6590576171875,190.0620880126953,-83.30062866210938,139.3092498779297,1.044284701347351,0.8220272660255432
SB68161_component_38a,195.765185,-79.96369,118.78299713134766,223.27630615234375,195.7662353515625,-79.96434020996094,147.52464294433594,1.0228747129440308,0.805173933506012
SB68161_component_40a,157.670975,-81.348632,113.22100067138672,209.66851806640625,157.67034912109375,-81.34872436523438,145.91932678222656,0.9857048392295837,0.7759150266647339
SB68161_component_42a,188.127784,-84.747513,103.26200103759766,564.2732543945312,188.12857055664062,-84.7479476928711,114.93329620361328,1.141372561454773,0.898451566696167
SB68161_component_48a,171.039807,-81.202664,104.13400268554688,569.0382690429688,171.04042053222656,-81.20301818847656,135.5896453857422,0.9756605625152588,0.7680085301399231
SB68161_component_49a,205.636216,-85.254995,95.9000015258789,177.92208862304688,205.63772583007812,-85.25540161132812,130.0192413330078,0.9370088577270508,0.7375831604003906
SB68161_component_50a,148.675459,-83.626258,84.9209976196289,86.83128356933594,148.67575073242188,-83.62664031982422,94.2782211303711,1.144290804862976,0.9007488489151001
SB68161_component_54a,205.746898,-83.202511,87.14099884033203,226.3402557373047,205.746826171875,-83.20304107666016,100.57002258300781,1.1007449626922607,0.8664709329605103
SB68161_component_56a,182.790574,-84.785348,87.37200164794922,496.43182373046875,182.7904815673828,-84.785888671875,113.56510162353516,0.9773724675178528,0.7693560719490051
SB68161_component_57a,165.119334,-82.594197,89.6709976196289,492.6977844238281,165.11912536621094,-82.59459686279297,117.29978942871094,0.9711526036262512,0.764460027217865
SB68161_component_59a,198.303806,-80.705272,81.2300033569336,284.0209655761719,198.3049774169922,-80.70578002929688,92.47714233398438,1.115873098373413,0.878379225730896
SB68161_component_61a,152.982277,-82.878695,76.52400207519531,161.10316467285156,152.9813690185547,-82.87899780273438,96.02607727050781,1.0123745203018188,0.7969085574150085
SB68161_component_62a,161.574113,-81.960073,75.56900024414062,287.3345947265625,161.57345581054688,-81.96036529541016,95.8729248046875,1.0013374090194702,0.7882204651832581
SB68161_component_64a,198.087322,-83.404613,77.45999908447266,370.6219787597656,198.08753967285156,-83.40509796142578,106.36841583251953,0.9251188635826111,0.7282236814498901
SB68161_component_65a,179.075834,-80.979418,77.60299682617188,467.4879455566406,179.0775604248047,-80.9797592163086,104.53431701660156,0.9430882334709167,0.7423686385154724
SB68161_component_68a,161.085632,-81.109271,65.80599975585938,241.93380737304688,161.08448791503906,-81.10945892333984,73.47865295410156,1.1377242803573608,0.8955798149108887
SB68161_component_71a,161.726625,-84.513825,61.04800033569336,369.98785400390625,161.72767639160156,-84.51420593261719,77.19121551513672,1.00469970703125,0.7908672094345093
SB68161_component_77a,197.769267,-82.574387,59.57500076293945,300.88385009765625,197.76904296875,-82.57481384277344,49.86475372314453,1.517759919166565,1.1947317123413086
SB68161_component_78a,207.709524,-84.323921,61.01599884033203,161.8461456298828,207.71029663085938,-84.32440948486328,80.71885681152344,0.960287868976593,0.7559075951576233
SB68161_component_79a,159.706107,-80.717333,58.801998138427734,66.82044982910156,159.70510864257812,-80.71759796142578,65.99147033691406,1.1319754123687744,0.8910545110702515
SB68161_component_80a,144.749409,-84.127403,58.1609992980957,72.61048889160156,144.74940490722656,-84.12759399414062,58.38926696777344,1.2654109001159668,0.9960905909538269
SB68161_component_81a,192.310273,-83.205161,56.98899841308594,252.16371154785156,192.30996704101562,-83.20558166503906,65.24481964111328,1.1096287965774536,0.8734639286994934
SB68161_component_82a,185.137765,-82.652056,53.551998138427734,345.49676513671875,185.13726806640625,-82.65248107910156,70.47875213623047,0.9652730822563171,0.7598317861557007
SB68161_component_83a,194.303016,-83.312868,53.78200149536133,297.1381530761719,194.30374145507812,-83.3132095336914,77.54185485839844,0.8811168670654297,0.6935867071151733
SB68161_component_84a,207.849905,-83.090635,53.35900115966797,67.11824035644531,207.84934997558594,-83.09117126464844,58.2796745300293,1.163116693496704,0.915567934513092
SB68161_component_85a,166.937892,-82.349684,52.821998596191406,301.8399963378906,166.9376678466797,-82.35009765625,68.7137680053711,0.9765709042549133,0.7687250971794128
SB68161_component_86a,179.812155,-81.74151,53.6879997253418,321.48504638671875,179.8131866455078,-81.7418212890625,74.83468627929688,0.9113957285881042,0.7174213528633118
SB68161_component_90a,166.8327,-85.454673,57.220001220703125,134.31924438476562,166.82894897460938,-85.45507049560547,78.87194061279297,0.9216331243515015,0.7254798412322998
SB68161_component_91a,172.198147,-83.537404,50.45899963378906,257.4438781738281,172.19802856445312,-83.53781127929688,66.20624542236328,0.9682163000106812,0.7621486186981201
SB68161_component_94a,161.300218,-84.408477,53.084999084472656,282.3670349121094,161.30105590820312,-84.40887451171875,62.43572998046875,1.0801182985305786,0.8502342700958252
SB68161_component_96a,196.763881,-83.619896,48.14799880981445,260.25946044921875,196.7642059326172,-83.6203384399414,74.87017059326172,0.8169625401496887,0.6430865526199341
SB68161_component_98a,204.039412,-82.295987,52.72700119018555,105.87751007080078,204.03831481933594,-82.2964096069336,86.5268783569336,0.7741315364837646,0.6093713641166687
SB68161_component_100a,164.57666,-82.675509,46.62900161743164,266.4514465332031,164.57666015625,-82.67589569091797,55.41372299194336,1.0689847469329834,0.8414703011512756
SB68161_component_101a,186.062506,-80.661108,50.79199981689453,227.76681518554688,186.06463623046875,-80.66169738769531,57.89280700683594,1.1145598888397217,0.877345621585846
SB68161_component_102a,161.194983,-80.590462,48.266998291015625,65.40243530273438,161.19493103027344,-80.59064483642578,63.653961181640625,0.9632911682128906,0.7582716941833496
SB68161_component_105a,163.902587,-80.457955,45.874000549316406,119.15325164794922,163.90370178222656,-80.45796203613281,50.996055603027344,1.1427803039550781,0.8995597958564758
SB68161_component_107a,199.328692,-84.368857,49.665000915527344,253.3928680419922,199.32925415039062,-84.369384765625,69.1959457397461,0.9118061661720276,0.7177443504333496
SB68161_component_110a,159.028608,-84.170301,46.65700149536133,248.17555236816406,159.02886962890625,-84.17066955566406,62.33857345581055,0.9508076310157776,0.7484451532363892
SB68161_component_111a,168.022131,-80.197281,47.71799850463867,116.669921875,168.0230255126953,-80.19728088378906,53.462158203125,1.1338834762573242,0.8925565481185913
SB68161_component_115a,199.265359,-81.740639,43.86399841308594,165.5245361328125,199.26385498046875,-81.74116516113281,57.66776657104492,0.9662907719612122,0.7606328725814819
SB68161_component_116a,209.231399,-84.323693,43.11399841308594,91.7319107055664,209.23170471191406,-84.3240966796875,58.4542236328125,0.9369903802871704,0.7375685572624207
SB68161_component_117a,200.28231,-84.261467,42.88999938964844,230.5913848876953,200.2833709716797,-84.26194763183594,56.14241027832031,0.970504879951477,0.7639501094818115
SB68161_component_118a,179.436639,-80.594453,44.07699966430664,184.42259216308594,179.43832397460938,-80.59488677978516,58.03981018066406,0.9647588133811951,0.759427011013031
SB68161_component_124a,181.682214,-85.8785,43.678001403808594,55.35868453979492,181.68289184570312,-85.87896728515625,61.04799270629883,0.9089166522026062,0.7154698967933655
SB68161_component_131a,199.369067,-80.512014,42.0359992980957,103.79258728027344,199.36962890625,-80.5124740600586,51.88595962524414,1.0292105674743652,0.8101613521575928
SB68161_component_133a,201.165525,-81.407085,40.84700012207031,42.50468063354492,201.16448974609375,-81.40764617919922,43.354557037353516,1.196900725364685,0.9421616196632385
SB68161_component_137a,160.009863,-80.842718,37.0369987487793,68.58702850341797,160.0086212158203,-80.8429946899414,45.50571060180664,1.0339573621749878,0.8138978481292725
SB68161_component_138a,194.493338,-84.555602,37.3849983215332,205.41207885742188,194.49359130859375,-84.55609893798828,50.21550750732422,0.9457845687866211,0.7444911003112793
SB68161_component_143a,177.490423,-80.723963,39.1870002746582,200.958984375,177.49217224121094,-80.72439575195312,44.695289611816406,1.1138148307800293,0.8767590522766113
SB68161_component_144a,161.530798,-83.413795,36.66999816894531,185.20201110839844,161.53018188476562,-83.41415405273438,44.61129379272461,1.0442363023757935,0.821989119052887
SB68161_component_146a,196.034138,-84.873411,36.96799850463867,181.21568298339844,196.0349884033203,-84.87386322021484,26.689802169799805,1.7595973014831543,1.3850982189178467
SB68161_component_154a,192.498545,-85.02374,38.15299987792969,171.0896759033203,192.49948120117188,-85.0241470336914,47.86141586303711,1.0126885175704956,0.7971556782722473
SB68161_component_155a,204.608544,-81.741466,33.82099914550781,42.11830520629883,204.6074676513672,-81.74187469482422,34.56275939941406,1.243113398551941,0.9785387516021729
SB68161_component_156a,163.174015,-82.080183,35.48099899291992,179.19696044921875,163.17381286621094,-82.08057403564453,45.61709976196289,0.9880999326705933,0.777800440788269
SB68161_component_157a,195.840536,-79.764098,37.95899963378906,42.65056228637695,195.8415069580078,-79.7649154663086,40.90703582763672,1.1788253784179688,0.9279332756996155
SB68161_component_159a,178.653228,-83.816958,40.0890007019043,189.99526977539062,178.65228271484375,-83.81743621826172,49.96772766113281,1.0192210674285889,0.802297830581665
SB68161_component_160a,195.031299,-82.16115,33.74700164794922,189.5898895263672,195.02967834472656,-82.16156005859375,45.806941986083984,0.9359154105186462,0.7367224097251892
SB68161_component_162a,182.490017,-80.968385,36.16400146484375,220.51219177246094,182.4913330078125,-80.96878814697266,46.63139343261719,0.9852144718170166,0.7755290865898132
SB68161_component_164a,198.881553,-82.385497,38.09000015258789,189.5024871826172,198.88040161132812,-82.38606262207031,53.175086975097656,0.9099876284599304,0.7163128852844238
SB68161_component_165a,183.725245,-83.105981,34.06100082397461,180.21693420410156,183.7250518798828,-83.10639953613281,44.313419342041016,0.976460874080658,0.7686384916305542
SB68161_component_168a,195.304657,-80.743053,35.56399917602539,195.40658569335938,195.30567932128906,-80.74365997314453,50.29209518432617,0.8983458876609802,0.7071489095687866
SB68161_component_178a,165.180066,-83.001522,32.17900085449219,191.5416717529297,165.18026733398438,-83.00183868408203,46.439449310302734,0.8802746534347534,0.6929238438606262
SB68161_component_180a,170.923734,-85.815664,35.34400177001953,47.000003814697266,170.92100524902344,-85.81594848632812,49.93185806274414,0.8992298245429993,0.7078447341918945
SB68161_component_181a,194.601624,-80.221584,31.402999877929688,117.17536926269531,194.601806640625,-80.22239685058594,22.93987274169922,1.7390531301498413,1.3689265251159668
SB68161_component_182a,202.698836,-84.535724,30.801000595092773,157.953857421875,202.7001495361328,-84.53620147705078,33.22175216674805,1.1778093576431274,0.9271335601806641
SB68161_component_183a,188.81823,-81.765347,31.573999404907227,192.52438354492188,188.8175048828125,-81.76573944091797,34.028690338134766,1.1787374019622803,0.9278640747070312
SB68161_component_184a,179.781566,-82.986242,34.52000045776367,205.4761962890625,179.7823028564453,-82.98658752441406,46.21935272216797,0.9488109350204468,0.7468733191490173
SB68161_component_185a,183.966019,-80.55424,35.78200149536133,154.23277282714844,183.96762084960938,-80.55464935302734,48.065574645996094,0.9457213282585144,0.7444413304328918
SB68161_component_188a,151.968771,-84.035801,30.555999755859375,130.58119201660156,151.96946716308594,-84.03590393066406,23.465497970581055,1.6542434692382812,1.3021670579910278
SB68161_component_190a,165.075164,-82.427252,32.30400085449219,208.41290283203125,165.07510375976562,-82.42766571044922,45.630558013916016,0.8993593454360962,0.7079466581344604
SB68161_component_192a,171.746924,-85.077029,30.827999114990234,163.97872924804688,171.74635314941406,-85.07738494873047,41.891597747802734,0.9348697662353516,0.7358993291854858
SB68161_component_193a,197.069132,-83.296037,29.642000198364258,151.2346954345703,197.06964111328125,-83.29641723632812,36.37007141113281,1.03537118434906,0.8150107860565186
SB68161_component_194a,190.394295,-84.471374,29.76799964904785,166.30166625976562,190.39492797851562,-84.4718017578125,37.50201416015625,1.0083881616592407,0.7937706708908081
SB68161_component_195a,185.416078,-81.625618,30.510000228881836,198.11688232421875,185.41659545898438,-81.62596130371094,28.929780960083008,1.3397685289382935,1.0546225309371948
SB68161_component_196a,203.088314,-82.326743,30.625999450683594,87.50285339355469,203.08688354492188,-82.32713317871094,62.58412551879883,0.6216683983802795,0.4893573224544525
SB68161_component_198a,167.27357,-82.834369,29.527000427246094,169.69540405273438,167.27467346191406,-82.83465576171875,11.315258979797363,3.315030813217163,2.609485149383545
SB68161_component_202a,168.983439,-83.229586,33.27199935913086,205.38270568847656,168.98287963867188,-83.22986602783203,43.233646392822266,0.9776642918586731,0.7695857882499695
SB68161_component_205a,193.207669,-84.286583,28.999000549316406,153.43386840820312,193.2073516845703,-84.28705596923828,40.11930847167969,0.9182528853416443,0.7228190302848816
SB68161_component_207a,169.58287,-85.411266,29.75200080871582,96.59740447998047,169.58189392089844,-85.41156005859375,40.03892517089844,0.943988025188446,0.7430769205093384
SB68161_component_208a,165.574158,-82.228966,28.91200065612793,179.57765197753906,165.57421875,-82.22935485839844,45.457908630371094,0.807981550693512,0.6360169649124146
SB68161_component_210a,174.599649,-80.26869,29.250999450683594,50.173240661621094,174.6005859375,-80.26929473876953,30.13562774658203,1.2330855131149292,0.9706451296806335
SB68161_component_211a,194.511626,-81.522281,29.35099983215332,155.29629516601562,194.50888061523438,-81.52261352539062,43.59109878540039,0.8553774356842041,0.6733255386352539
SB68161_component_213a,147.3998,-84.773144,32.70199966430664,72.50997924804688,147.4011688232422,-84.77332305908203,45.58363342285156,0.9113770127296448,0.7174066305160522
SB68161_component_215a,188.805952,-80.945499,31.423999786376953,196.40000915527344,188.80726623535156,-80.9464340209961,40.5799560546875,0.9837451577186584,0.7743724584579468
SB68161_component_216a,206.232918,-84.352568,27.486000061035156,96.44210815429688,206.2326202392578,-84.35314178466797,16.51223373413086,2.114649772644043,1.6645840406417847
SB68161_component_220a,183.853053,-81.992825,27.697999954223633,155.6067352294922,183.85333251953125,-81.9931640625,42.93815231323242,0.8194789290428162,0.6450673341751099
SB68161_component_221a,167.928124,-83.236979,26.95599937438965,161.41317749023438,167.92788696289062,-83.23728942871094,41.31806182861328,0.8287970423698425,0.6524023413658142
SB68161_component_224a,204.23436,-84.874435,29.018999099731445,113.35546112060547,204.23582458496094,-84.87487030029297,36.319419860839844,1.0150238275527954,0.7989940047264099
SB68161_component_229a,170.600828,-82.92438,26.551000595092773,166.9874267578125,170.60064697265625,-82.92475891113281,41.1190185546875,0.8202965259552002,0.6457109451293945
SB68161_component_231a,165.381829,-85.169174,26.20599937438965,98.51879119873047,165.38064575195312,-85.16948699951172,32.04543685913086,1.0388844013214111,0.8177763223648071
SB68161_component_232a,202.776323,-82.155001,26.316999435424805,91.69686126708984,202.77552795410156,-82.15540313720703,34.72828674316406,0.9626883864402771,0.7577972412109375
SB68161_component_234a,165.274713,-83.495597,28.211000442504883,180.83973693847656,165.27439880371094,-83.49591827392578,40.12655258178711,0.893139660358429,0.7030506730079651
SB68161_component_235a,166.547536,-82.828707,24.92300033569336,159.7628173828125,166.5476531982422,-82.8291015625,35.129371643066406,0.9012860655784607,0.7094632983207703
SB68161_component_237a,165.539391,-82.692297,24.562999725341797,125.3214340209961,165.5382537841797,-82.69273376464844,31.957361221313477,0.9764347076416016,0.7686178684234619
SB68161_component_239a,151.928569,-82.968435,23.785999298095703,37.39937210083008,151.92738342285156,-82.96870422363281,38.86521530151367,0.7774868607521057,0.6120125651359558
SB68161_component_243a,193.787564,-79.958897,24.049999237060547,36.43939208984375,193.78892517089844,-79.95956420898438,24.946958541870117,1.2247012853622437,0.9640453457832336
SB68161_component_244a,192.878231,-80.56739,23.277999877929688,110.32227325439453,192.8792266845703,-80.56810760498047,30.270055770874023,0.9769338369369507,0.7690107822418213
SB68161_component_245a,212.24307,-84.935915,24.26300048828125,69.52149200439453,212.24392700195312,-84.93632507324219,32.230411529541016,0.9563379287719727,0.752798318862915
SB68161_component_246a,198.688362,-83.671033,24.007999420166016,138.77456665039062,198.68844604492188,-83.67152404785156,31.631820678710938,0.9641941785812378,0.7589825391769409
SB68161_component_249a,171.070184,-84.157485,23.707000732421875,152.94839477539062,171.06997680664062,-84.15789031982422,35.926483154296875,0.8382906317710876,0.6598753333091736
SB68161_component_251a,175.880783,-85.545136,24.43000030517578,62.641029357910156,175.88009643554688,-85.5456314086914,20.945934295654297,1.481687068939209,1.166336178779602
SB68161_component_255a,179.232451,-80.249196,25.756999969482422,51.10515594482422,179.2335205078125,-80.24976348876953,30.16189956665039,1.0848489999771118,0.8539581298828125
SB68161_component_256a,183.703006,-80.326116,22.07200050354004,51.57009506225586,183.7041015625,-80.32667541503906,24.281721115112305,1.1547685861587524,0.9089965224266052
SB68161_component_257a,180.710514,-83.732469,22.788999557495117,146.0833282470703,180.70883178710938,-83.73298645019531,32.38738250732422,0.8938859701156616,0.7036381959915161
SB68161_component_260a,161.843285,-85.153951,22.298999786376953,95.29486846923828,161.8424835205078,-85.15434265136719,26.68434715270996,1.0616015195846558,0.8356584310531616
SB68161_component_262a,145.626749,-83.837639,23.753999710083008,34.476051330566406,145.62535095214844,-83.83834075927734,15.1274995803833,1.9948135614395142,1.5702528953552246
SB68161_component_264a,179.745235,-85.003832,23.062000274658203,132.5402374267578,179.74522399902344,-85.00439453125,31.394203186035156,0.9332118034362793,0.7345942258834839
SB68161_component_265a,201.4333,-83.191593,24.086000442504883,117.49268341064453,201.43301391601562,-83.19200134277344,30.869190216064453,0.9912248253822327,0.7802602052688599
SB68161_component_267a,162.200044,-83.384114,22.038000106811523,125.93143463134766,162.19850158691406,-83.38447570800781,26.186491012573242,1.0691227912902832,0.8415789604187012
SB68161_component_271a,195.315774,-81.716387,21.118999481201172,110.5706787109375,195.3135223388672,-81.71670532226562,29.94167709350586,0.8960452079772949,0.7053378820419312
SB68161_component_272a,160.060889,-82.604893,21.167999267578125,110.82722473144531,160.0616912841797,-82.60521697998047,27.81681251525879,0.9667299389839172,0.7609785795211792
SB68161_component_275a,162.469373,-81.288767,22.40399932861328,117.91578674316406,162.46865844726562,-81.2889404296875,30.84222412109375,0.9228106141090393,0.7264067530632019
SB68161_component_276a,211.246077,-84.418243,21.993999481201172,23.803030014038086,211.24679565429688,-84.41868591308594,27.572425842285156,1.0133557319641113,0.7976809740066528
SB68161_component_279a,159.183532,-84.304133,23.583999633789062,120.32653045654297,159.18450927734375,-84.30448150634766,28.760950088500977,1.0417102575302124,0.8200007081031799
SB68161_component_281a,181.429535,-83.703755,21.152999877929688,123.70175170898438,181.42776489257812,-83.7042236328125,28.3471736907959,0.9479707479476929,0.7462119460105896
SB68161_component_282a,183.043742,-80.697047,20.81999969482422,102.05882263183594,183.04478454589844,-80.69747161865234,28.15153694152832,0.9395315051078796,0.739568829536438
SB68161_component_283a,202.921192,-82.646063,21.01099967956543,48.412445068359375,202.92010498046875,-82.64651489257812,27.761842727661133,0.9614598155021667,0.7568301558494568
SB68161_component_285a,155.9594,-81.384973,20.695999145507812,33.06070327758789,155.95782470703125,-81.38473510742188,31.214157104492188,0.8423013687133789,0.6630324721336365
SB68161_component_286a,201.51908,-81.848361,20.517000198364258,68.16278839111328,201.51824951171875,-81.84878540039062,26.033222198486328,1.001194953918457,0.7881083488464355
SB68161_component_287a,187.639181,-83.912456,21.267000198364258,131.27777099609375,187.6385040283203,-83.91287994384766,28.177505493164062,0.9588184952735901,0.7547509670257568
SB68161_component_288a,166.298907,-84.744555,20.388999938964844,121.36309814453125,166.2997283935547,-84.74497985839844,27.63060760498047,0.9374286532402039,0.7379135489463806
SB68161_component_291a,160.157572,-80.782183,20.523000717163086,30.95475196838379,160.15733337402344,-80.7822494506836,24.78080940246582,1.0521026849746704,0.8281812071800232
SB68161_component_292a,189.930982,-81.458981,21.722000122070312,127.02923583984375,189.93069458007812,-81.4594955444336,26.816654205322266,1.0290297269821167,0.8100190162658691
SB68161_component_296a,194.079818,-81.779739,20.000999450683594,121.21817016601562,194.07717895507812,-81.78003692626953,27.835418701171875,0.9128231406211853,0.7185449600219727
SB68161_component_299a,181.346878,-80.484951,20.165000915527344,62.04615783691406,181.34814453125,-80.48548126220703,26.414854049682617,0.9698012471199036,0.7633962631225586
SB68161_component_301a,188.382239,-81.264157,22.0310001373291,130.36094665527344,188.38230895996094,-81.26493072509766,26.882219314575195,1.0411224365234375,0.8195379972457886
SB68161_component_303a,166.795222,-80.196607,19.768999099731445,50.68974304199219,166.7965850830078,-80.19656372070312,23.95284080505371,1.04848051071167,0.8253300189971924
SB68161_component_305a,205.654094,-82.858075,19.422000885009766,19.422000885009766,205.65480041503906,-82.85852813720703,24.49054718017578,1.0074609518051147,0.7930406928062439
SB68161_component_307a,188.731861,-80.077987,19.187999725341797,30.217323303222656,188.73472595214844,-80.07877349853516,25.647293090820312,0.9504317045211792,0.7481490969657898
SB68161_component_308a,177.169496,-84.149307,18.514999389648438,93.98477172851562,177.16893005371094,-84.1497802734375,24.004453659057617,0.979861319065094,0.7713151574134827
SB68161_component_310a,162.504751,-81.924476,20.857999801635742,92.29203796386719,162.50421142578125,-81.92481231689453,31.455177307128906,0.8423901200294495,0.6631022691726685
SB68161_component_313a,189.188781,-82.01968,18.229000091552734,90.69154357910156,189.18739318847656,-82.02007293701172,25.495271682739258,0.9083138108253479,0.7149953246116638
SB68161_component_315a,162.206397,-84.735882,17.992000579833984,119.15232849121094,162.2052459716797,-84.73634338378906,24.5285701751709,0.9318369626998901,0.7335119843482971
SB68161_component_316a,171.078664,-80.098374,17.18400001525879,25.382570266723633,171.07949829101562,-80.09911346435547,20.872547149658203,1.0458792448043823,0.8232823610305786
SB68161_component_317a,153.203287,-84.435411,18.05299949645996,93.53885650634766,153.2043914794922,-84.43555450439453,23.995922088623047,0.9557507634162903,0.7523361444473267
SB68161_component_322a,204.408924,-85.099134,18.298999786376953,51.114524841308594,204.40939331054688,-85.09960174560547,25.125675201416016,0.9252142906188965,0.7282988429069519
SB68161_component_326a,178.149139,-84.301517,17.288999557495117,102.30177307128906,178.14852905273438,-84.3019790649414,18.891658782958984,1.162605881690979,0.9151657819747925
SB68161_component_328a,185.224213,-82.436145,16.792999267578125,109.75816345214844,185.22352600097656,-82.43659210205078,20.9514102935791,1.018234372138977,0.8015211820602417
SB68161_component_329a,164.038175,-81.808874,17.174999237060547,85.02474212646484,164.03726196289062,-81.8090591430664,18.33279037475586,1.1901477575302124,0.9368458986282349
SB68161_component_332a,209.998648,-84.86837,17.231000900268555,28.528148651123047,209.99827575683594,-84.8687973022461,19.084911346435547,1.14697265625,0.9028598666191101
SB68161_component_333a,208.104997,-84.728827,17.28499984741211,45.48684310913086,208.10574340820312,-84.72901153564453,22.505109786987305,0.9757105112075806,0.7680478096008301
SB68161_component_334a,178.13748,-82.056684,18.125999450683594,113.2874984741211,178.13812255859375,-82.05706787109375,22.955154418945312,1.0031236410140991,0.7896265387535095
SB68161_component_335a,195.091999,-82.115307,16.584999084472656,94.23294830322266,195.08973693847656,-82.11581420898438,16.193340301513672,1.301103115081787,1.024186372756958
SB68161_component_337a,164.999947,-83.194224,16.71299934387207,101.29090118408203,164.99996948242188,-83.19451141357422,14.60672378540039,1.4535644054412842,1.144199013710022
SB68161_component_339a,177.927024,-82.776285,16.48200035095215,98.10714721679688,177.9276580810547,-82.7764892578125,23.03573989868164,0.9089509844779968,0.7154968976974487
SB68161_component_340a,160.774146,-85.07908,16.716999053955078,70.23948669433594,160.7752227783203,-85.07936096191406,21.778541564941406,0.9751293659210205,0.7675904035568237
SB68161_component_343a,208.168822,-84.641948,18.249000549316406,47.033504486083984,208.16737365722656,-84.6423568725586,24.411237716674805,0.9496903419494629,0.7475655674934387
SB68161_component_344a,200.713822,-80.433197,16.113000869750977,23.217580795288086,200.71371459960938,-80.43375396728516,18.850343704223633,1.085900068283081,0.8547855019569397
SB68161_component_346a,202.994326,-82.987291,15.871000289916992,45.6063232421875,202.99392700195312,-82.9878158569336,20.274538040161133,0.9944570660591125,0.782804548740387
SB68161_component_348a,193.752168,-83.993891,16.72800064086914,96.137939453125,193.75250244140625,-83.99433898925781,24.78699493408203,0.85733962059021,0.6748700737953186
SB68161_component_350a,171.833902,-80.753806,16.13800048828125,86.76344299316406,171.83621215820312,-80.75418090820312,12.754589080810547,1.607370376586914,1.2652701139450073
SB68161_component_352a,163.013197,-81.334996,16.454999923706055,86.60526275634766,163.012451171875,-81.33511352539062,18.08283042907715,1.1560169458389282,0.9099792242050171
SB68161_component_353a,168.18433,-82.194035,15.829999923706055,97.71604919433594,168.18377685546875,-82.19450378417969,14.157026290893555,1.4205011129379272,1.1181726455688477
SB68161_component_354a,186.49278,-81.733126,16.034000396728516,80.57286834716797,186.49343872070312,-81.73372650146484,13.809396743774414,1.4750267267227173,1.1610934734344482
SB68161_component_355a,163.514835,-84.881237,15.718000411987305,83.16402435302734,163.51551818847656,-84.88153076171875,20.644454956054688,0.9672229886054993,0.7613666653633118
SB68161_component_357a,168.684729,-82.045309,15.79800033569336,92.3859634399414,168.68545532226562,-82.04563903808594,16.7370548248291,1.1991010904312134,0.9438936710357666
SB68161_component_358a,170.968729,-83.585144,15.918000221252441,92.5465087890625,170.96827697753906,-83.58554077148438,19.631229400634766,1.0300865173339844,0.8108509182929993
SB68161_component_359a,169.430282,-81.964602,16.415000915527344,94.3390884399414,169.4301300048828,-81.96483612060547,17.75860595703125,1.1742613315582275,0.9243406057357788
SB68161_component_363a,180.870638,-80.506846,15.057999610900879,52.65034484863281,180.87303161621094,-80.50724029541016,19.691003799438477,0.971476137638092,0.7647146582603455
SB68161_component_364a,194.450074,-82.603501,15.187000274658203,87.2816162109375,194.4492950439453,-82.60386657714844,18.090970993041992,1.0664557218551636,0.8394795656204224
SB68161_component_365a,175.060864,-82.842871,16.59600067138672,95.9306411743164,175.0613250732422,-82.84318542480469,22.58829689025879,0.9333674907684326,0.7347167730331421
SB68161_component_366a,206.900394,-83.40568,14.668000221252441,45.837501525878906,206.8996124267578,-83.40616607666016,21.903972625732422,0.8507084846496582,0.6696501970291138
SB68161_component_368a,180.5881,-84.817164,15.434000015258789,87.19773864746094,180.58880615234375,-84.817626953125,14.357675552368164,1.36561119556427,1.0749651193618774
SB68161_component_369a,180.052159,-81.428402,15.395000457763672,99.96753692626953,180.05374145507812,-81.42877197265625,19.405658721923828,1.0078225135803223,0.7933253049850464
SB68161_component_371a,192.114157,-85.167467,14.619000434875488,34.724464416503906,192.11744689941406,-85.16802978515625,22.228471755981445,0.8354890942573547,0.6576700806617737
SB68161_component_374a,209.225104,-83.57267,15.119000434875488,32.44420623779297,209.2255401611328,-83.57327270507812,19.550373077392578,0.9824280738830566,0.7733356356620789
SB68161_component_379a,172.488314,-81.877201,15.74899959564209,70.30802917480469,172.48814392089844,-81.87757110595703,18.5682373046875,1.0774943828582764,0.8481687903404236
SB68161_component_383a,184.651048,-80.655237,14.708000183105469,61.029048919677734,184.65301513671875,-80.65571594238281,17.92162322998047,1.0425790548324585,0.8206846117973328
SB68161_component_385a,201.674419,-82.765,14.375,48.728816986083984,201.67384338378906,-82.76549530029297,18.15182113647461,1.0060518980026245,0.7919315695762634
SB68161_component_387a,189.971683,-85.446465,14.47599983215332,40.09972381591797,189.97128295898438,-85.4469985961914,23.380779266357422,0.7865427136421204,0.6191410422325134
SB68161_component_388a,193.520919,-85.256753,13.642999649047852,40.126468658447266,193.52198791503906,-85.25713348388672,19.58521270751953,0.8849409818649292,0.6965969800949097
SB68161_component_389a,169.528834,-81.605292,14.590999603271484,86.33727264404297,169.53164672851562,-81.60553741455078,11.776016235351562,1.5740530490875244,1.2390438318252563
SB68161_component_394a,176.477718,-82.937139,13.583999633789062,78.06896209716797,176.4781951904297,-82.93711853027344,14.838212013244629,1.1629976034164429,0.9154741764068604
SB68161_component_398a,160.288151,-83.340776,13.857999801635742,77.85392761230469,160.289306640625,-83.34101867675781,16.66118621826172,1.0566407442092896,0.8317534923553467
SB68161_component_399a,207.46878,-83.197857,13.630999565124512,28.696842193603516,207.46971130371094,-83.19845581054688,11.079720497131348,1.562901496887207,1.2302656173706055
SB68161_component_400a,169.474405,-83.861395,15.574000358581543,88.9942855834961,169.47494506835938,-83.86176300048828,19.07061195373535,1.0374525785446167,0.8166491985321045
SB68161_component_404a,199.197154,-80.093957,13.722999572753906,21.956798553466797,199.19874572753906,-80.09477233886719,16.563203811645508,1.052537202835083,0.8285232782363892
SB68161_component_408a,187.014209,-82.447481,13.541000366210938,86.24840545654297,187.01278686523438,-82.44793701171875,16.281930923461914,1.056519627571106,0.831658124923706
SB68161_component_409a,154.196429,-82.413914,13.616999626159668,23.27692413330078,154.19656372070312,-82.41442108154297,15.509496688842773,1.1153634786605835,0.8779782056808472
SB68161_component_410a,181.240345,-81.14036,14.440999984741211,96.27333068847656,181.24176025390625,-81.14073181152344,17.984285354614258,1.0200860500335693,0.8029788136482239
SB68161_component_412a,148.524323,-83.902728,14.843999862670898,33.813209533691406,148.5251922607422,-83.90330505371094,16.45281410217285,1.1461553573608398,0.9022164940834045
SB68161_component_413a,173.759037,-80.260094,13.321999549865723,27.98739242553711,173.75955200195312,-80.2607192993164,14.982804298400879,1.1295592784881592,0.8891525864601135
SB68161_component_415a,170.286054,-83.528484,14.309000015258789,91.72435760498047,170.28570556640625,-83.5289535522461,17.69282341003418,1.0274125337600708,0.8087459802627563
SB68161_component_416a,181.004378,-82.004835,13.963000297546387,83.11309814453125,181.00450134277344,-82.00526428222656,19.337507247924805,0.9172990918159485,0.7220682501792908
SB68161_component_418a,198.240389,-80.059605,12.859999656677246,22.8825626373291,198.24179077148438,-80.05998992919922,11.517577171325684,1.418445110321045,1.1165542602539062
SB68161_component_419a,191.032521,-80.56387,12.70199966430664,61.06730651855469,191.03382873535156,-80.56478881835938,19.37006378173828,0.8330551981925964,0.6557541489601135
SB68161_component_421a,168.28496,-81.755103,12.52400016784668,75.90303039550781,168.28488159179688,-81.7552719116211,13.423943519592285,1.185210943222046,0.9329598546028137
SB68161_component_422a,160.174628,-81.050492,13.32800006866455,38.40922164916992,160.1741180419922,-81.05066680908203,18.71771240234375,0.9045757055282593,0.7120528221130371
SB68161_component_423a,158.567093,-81.584137,12.213000297546387,31.72208023071289,158.56642150878906,-81.58418273925781,13.639128684997559,1.1375446319580078,0.8954384326934814
SB68161_component_424a,209.572496,-84.47904,12.17300033569336,24.641700744628906,209.57272338867188,-84.47933197021484,14.619548797607422,1.057782530784607,0.8326522707939148
SB68161_component_429a,157.647089,-83.393515,13.197999954223633,61.67289733886719,157.64637756347656,-83.39375305175781,15.721268653869629,1.066481351852417,0.8394996523857117
SB68161_component_430a,167.856882,-82.166042,12.467000007629395,77.43478393554688,167.8558807373047,-82.16649627685547,14.978744506835938,1.0573512315750122,0.8323127627372742
SB68161_component_431a,185.555921,-85.0801,12.913999557495117,66.91191101074219,185.55657958984375,-85.0804443359375,14.654863357543945,1.119468092918396,0.881209135055542
SB68161_component_432a,181.348663,-83.345367,12.277999877929688,71.38372039794922,181.34765625,-83.34584045410156,13.4925537109375,1.1560221910476685,0.9099833965301514
SB68161_component_433a,178.365892,-84.382297,12.496999740600586,69.42777252197266,178.36488342285156,-84.38272094726562,12.510340690612793,1.2690225839614868,0.9989336133003235
SB68161_component_436a,177.991197,-81.329333,12.49899959564209,93.27611541748047,177.99301147460938,-81.32962036132812,17.008420944213867,0.9335637092590332,0.7348712682723999
SB68161_component_437a,171.826951,-84.238211,12.368000030517578,73.61904907226562,171.8269500732422,-84.23858642578125,9.482270240783691,1.6569899320602417,1.3043290376663208
SB68161_component_440a,169.127022,-80.309376,12.281000137329102,32.14921569824219,169.13168334960938,-80.30914306640625,12.160969734191895,1.2829160690307617,1.009870171546936
SB68161_component_441a,162.701945,-82.248537,12.746000289916992,74.10465240478516,162.70201110839844,-82.2489242553711,17.964736938476562,0.9013340473175049,0.7095010876655579
SB68161_component_443a,188.892386,-85.329248,11.711000442504883,45.74609375,188.8941192626953,-85.32958984375,18.917062759399414,0.7864534258842468,0.6190707683563232
SB68161_component_444a,166.648354,-82.61118,12.369999885559082,74.07186126708984,166.6488494873047,-82.61153411865234,13.75579833984375,1.1423958539962769,0.8992571234703064
SB68161_component_446a,175.97052,-84.273771,12.388999938964844,71.61271667480469,175.97198486328125,-84.27413940429688,15.81826400756836,0.9949703812599182,0.7832085490226746
SB68161_component_447a,204.177918,-84.661954,13.088000297546387,61.7358512878418,204.1802215576172,-84.66228485107422,14.159407615661621,1.1742509603500366,0.9243324995040894
SB68161_component_451a,211.249883,-83.505464,12.015999794006348,13.204395294189453,211.24766540527344,-83.50550079345703,4.664919853210449,3.2722649574279785,2.5758211612701416
SB68161_component_453a,175.636326,-84.842811,11.845999717712402,70.93413543701172,175.63555908203125,-84.84334564208984,13.804323196411133,1.0901576280593872,0.8581369519233704
SB68161_component_456a,154.68734,-82.777689,12.937999725341797,41.87055206298828,154.68792724609375,-82.77803802490234,20.198688507080078,0.8137232065200806,0.6405366063117981
SB68161_component_459a,164.1736,-82.9234,12.244000434875488,66.9071044921875,164.1759490966797,-82.92369079589844,16.54884910583496,0.9399142861366272,0.7398701906204224
SB68161_component_462a,156.048473,-84.908211,11.734999656677246,41.91071319580078,156.04823303222656,-84.90848541259766,14.26710319519043,1.0449126958847046,0.8225215673446655
SB68161_component_469a,193.405277,-79.941508,10.574000358581543,14.645429611206055,193.40708923339844,-79.94234466552734,13.959027290344238,0.9623141288757324,0.7575026750564575
SB68161_component_471a,193.16572,-80.209946,11.520999908447266,31.307064056396484,193.1688995361328,-80.21066284179688,9.551048278808594,1.5323989391326904,1.2062549591064453
SB68161_component_472a,164.620598,-80.583663,11.208000183105469,41.665428161621094,164.62210083007812,-80.58355712890625,15.10889720916748,0.9423844218254089,0.7418145537376404
SB68161_component_473a,165.841814,-85.15314,11.795000076293945,47.75303649902344,165.84036254882812,-85.15345764160156,14.742385864257812,1.0163958072662354,0.80007404088974
SB68161_component_475a,171.672037,-85.270864,11.944000244140625,56.60663604736328,171.67112731933594,-85.27122497558594,9.33962345123291,1.6246250867843628,1.2788524627685547
SB68161_component_476a,152.811941,-83.618201,10.149999618530273,22.11328887939453,152.81224060058594,-83.61846160888672,10.25388240814209,1.2575069665908813,0.9898689389228821
SB68161_component_478a,151.593237,-84.208978,11.112000465393066,52.91429138183594,151.59567260742188,-84.20919799804688,11.394891738891602,1.2388386726379395,0.975173830986023
SB68161_component_484a,187.309967,-81.057895,11.449000358581543,72.46202087402344,187.3123779296875,-81.05841064453125,15.301804542541504,0.9505120515823364,0.748212456703186
SB68161_component_485a,147.567937,-84.303928,11.70300006866455,32.87359619140625,147.56895446777344,-84.30425262451172,13.851822853088379,1.0733046531677246,0.8448707461357117
SB68161_component_486a,198.108553,-82.470802,12.343000411987305,69.73446655273438,198.10658264160156,-82.47126770019531,14.535778999328613,1.0787359476089478,0.8491461277008057
SB68161_component_487a,157.031873,-83.697644,11.079000473022461,53.78155517578125,157.02932739257812,-83.69804382324219,13.117039680480957,1.072994351387024,0.8446266055107117
SB68161_component_488a,199.782972,-81.511773,11.687999725341797,26.563636779785156,199.78244018554688,-81.5124282836914,13.720182418823242,1.0822136402130127,0.8518837094306946
SB68161_component_491a,158.271195,-81.205755,10.758999824523926,22.002044677734375,158.26953125,-81.20602416992188,14.093724250793457,0.9697925448417664,0.7633894085884094
SB68161_component_492a,185.714967,-83.821926,10.770000457763672,66.89441680908203,185.7151336669922,-83.82231140136719,10.946030616760254,1.2499475479125977,0.9839183688163757
SB68161_component_494a,178.462529,-81.365501,11.288999557495117,72.8322525024414,178.46434020996094,-81.3658676147461,17.83287811279297,0.8042049407958984,0.6330441832542419
SB68161_component_495a,178.620743,-80.423069,10.951000213623047,37.76206970214844,178.6231689453125,-80.42345428466797,10.9814453125,1.266855239868164,0.9972276091575623
SB68161_component_496a,177.434843,-80.649834,10.732000350952148,49.685184478759766,177.43661499023438,-80.65029907226562,11.403668403625488,1.195552945137024,0.9411007165908813
SB68161_component_497a,173.465737,-80.51269,10.734999656677246,44.17695236206055,173.46791076660156,-80.51325225830078,12.447257995605469,1.0956228971481323,0.8624389171600342
SB68161_component_498a,189.547978,-79.995344,11.052000045776367,13.695167541503906,189.54983520507812,-79.99624633789062,8.174772262573242,1.7175047397613525,1.3519642353057861
SB68161_component_502a,157.186976,-81.058544,9.154000282287598,11.631512641906738,157.18553161621094,-81.05873107910156,10.189474105834961,1.1412791013717651,0.8983780741691589
SB68161_component_504a,180.480195,-85.474929,11.5,40.35087585449219,180.48162841796875,-85.47526550292969,17.43732452392578,0.8378199934959412,0.6595048308372498
SB68161_component_505a,155.236369,-83.670207,10.211999893188477,36.866424560546875,155.23680114746094,-83.67049407958984,13.282564163208008,0.9767009615898132,0.7688274383544922
SB68161_component_506a,166.40515,-85.397742,9.142000198364258,25.115385055541992,166.40528869628906,-85.39799499511719,18.951099395751953,0.612829327583313,0.48239946365356445
SB68161_component_508a,187.83199,-83.711308,10.340999603271484,60.47368240356445,187.83059692382812,-83.7117691040039,11.50080680847168,1.1422650814056396,0.8991542458534241
SB68161_component_509a,209.466919,-83.800433,10.005000114440918,23.376169204711914,209.46685791015625,-83.80072784423828,14.551752090454102,0.8734428882598877,0.6875460743904114
SB68161_component_512a,202.501738,-81.790797,9.470999717712402,22.076923370361328,202.50108337402344,-81.79100799560547,12.04088020324707,0.9992411136627197,0.7865703701972961
SB68161_component_514a,170.593088,-81.950725,10.371000289916992,62.47590637207031,170.5947723388672,-81.95088195800781,11.181485176086426,1.1782945394515991,0.92751544713974
SB68161_component_516a,193.666477,-82.039864,10.543999671936035,54.63212203979492,193.66387939453125,-82.0402603149414,13.676328659057617,0.9794190526008606,0.7709671258926392
SB68161_component_518a,164.777567,-84.532826,9.809000015258789,60.549381256103516,164.77792358398438,-84.5334243774414,8.02651309967041,1.5524961948394775,1.2220748662948608
SB68161_component_519a,166.511138,-81.873844,10.824000358581543,61.15254592895508,166.51153564453125,-81.87409210205078,16.389606475830078,0.8389807343482971,0.6604185700416565
SB68161_component_521a,174.514858,-80.180946,9.473999977111816,13.049586296081543,174.51678466796875,-80.18154907226562,11.258138656616211,1.0690536499023438,0.8415245413780212
SB68161_component_527a,162.76843,-80.88153,10.748000144958496,32.66869354248047,162.76914978027344,-80.8815689086914,14.376935958862305,0.9497165679931641,0.7475863099098206
SB68161_component_531a,150.981411,-84.647533,11.267000198364258,46.36625671386719,150.98263549804688,-84.6477279663086,15.072154998779297,0.9496545791625977,0.7475374341011047
SB68161_component_532a,184.927623,-83.758276,9.899999618530273,55.61797332763672,184.9268035888672,-83.75857543945312,13.781139373779297,0.9126048684120178,0.7183730602264404
SB68161_component_533a,152.729415,-84.123163,10.234000205993652,45.89237594604492,152.7309112548828,-84.1233139038086,12.133777618408203,1.0714751482009888,0.8434306979179382
SB68161_component_534a,188.120739,-84.046086,9.538999557495117,59.248443603515625,188.12245178222656,-84.04644012451172,5.863439083099365,2.0667271614074707,1.6268608570098877
SB68161_component_535a,201.378674,-80.651391,8.843999862670898,10.945544242858887,201.38003540039062,-80.6516342163086,11.866971015930176,0.9467636942863464,0.7452617883682251
SB68161_component_536a,169.501293,-84.856374,10.314000129699707,53.164947509765625,169.4988250732422,-84.85678100585938,13.59974193572998,0.9634499549865723,0.7583967447280884
SB68161_component_538a,172.75073,-80.184706,10.133000373840332,20.025693893432617,172.75128173828125,-80.18535614013672,12.014975547790527,1.0713907480239868,0.8433642387390137
SB68161_component_539a,190.723063,-80.658896,10.005000114440918,52.109375,190.72528076171875,-80.65977478027344,12.30374813079834,1.0330286026000977,0.8131668567657471
SB68161_component_542a,158.901937,-82.161834,10.253999710083008,27.638813018798828,158.90142822265625,-82.1619644165039,10.463982582092285,1.2448842525482178,0.9799327850341797
SB68161_component_543a,168.666378,-80.170468,9.45300006866455,19.213415145874023,168.66561889648438,-80.17061614990234,5.8737640380859375,2.044494152069092,1.609359860420227
SB68161_component_544a,164.434358,-80.502582,11.210000038146973,35.03125,164.43576049804688,-80.5025405883789,13.706901550292969,1.0389604568481445,0.8178361654281616
SB68161_component_547a,201.476759,-81.986436,10.156999588012695,39.21621322631836,201.47689819335938,-81.98686981201172,13.171414375305176,0.9796382188796997,0.7711396217346191
SB68161_component_553a,187.472482,-82.23845,9.869000434875488,56.7183952331543,187.47137451171875,-82.23899841308594,11.541767120361328,1.0862594842910767,0.8550683856010437
SB68161_component_554a,189.310492,-80.010907,8.996999740600586,12.44398307800293,189.31027221679688,-80.01177978515625,10.676810264587402,1.0705054998397827,0.8426674008369446
SB68161_component_557a,181.739446,-82.642859,9.565999984741211,60.5443000793457,181.73779296875,-82.64340209960938,9.637834548950195,1.2609087228775024,0.9925466179847717
SB68161_component_559a,180.927195,-82.817496,9.96399974822998,54.44808578491211,180.92909240722656,-82.81785583496094,10.602880477905273,1.193830132484436,0.9397445917129517
SB68161_component_561a,191.359139,-84.379385,9.187999725341797,49.39784622192383,191.3609619140625,-84.37960815429688,11.615738868713379,1.0048630237579346,0.790995717048645
SB68161_component_563a,206.32722,-84.686619,9.616999626159668,35.22710418701172,206.33135986328125,-84.68656158447266,8.064507484436035,1.5149365663528442,1.1925091743469238
SB68161_component_568a,195.010547,-84.848809,9.60099983215332,49.489688873291016,195.01161193847656,-84.84895324707031,12.248520851135254,0.9957848787307739,0.7838497161865234
SB68161_component_569a,161.332296,-81.516897,9.29800033569336,46.959598541259766,161.33193969726562,-81.51701354980469,9.769492149353027,1.2090667486190796,0.9517383575439453
SB68161_component_570a,173.586002,-81.219655,9.425000190734863,53.85714340209961,173.5880126953125,-81.2201156616211,10.457959175109863,1.1448988914489746,0.9012274742126465
SB68161_component_574a,186.782212,-82.071478,9.517999649047852,53.774009704589844,186.78173828125,-82.07186889648438,12.114081382751465,0.9981318116188049,0.7856971621513367
SB68161_component_575a,206.881319,-84.553958,10.503000259399414,35.0099983215332,206.88214111328125,-84.55438995361328,11.469988822937012,1.1632769107818604,0.915693998336792
SB68161_component_577a,172.571051,-83.707623,9.187999725341797,53.73099136352539,172.57232666015625,-83.70793151855469,6.307875156402588,1.8504211902618408,1.4565918445587158
SB68161_component_579a,176.810539,-81.474309,9.288999557495117,54.321632385253906,176.80859375,-81.4749984741211,7.853564739227295,1.502570390701294,1.1827749013900757
SB68161_component_581a,178.364725,-81.592954,9.277999877929688,58.352203369140625,178.3660125732422,-81.59310913085938,11.583032608032227,1.017571210861206,0.8009992241859436
SB68161_component_583a,167.327182,-83.287323,9.039999961853027,59.8675537109375,167.3269805908203,-83.28772735595703,11.414628982543945,1.0060957670211792,0.7919661402702332
SB68161_component_585a,155.105533,-83.398705,8.538999557495117,25.95440673828125,155.10360717773438,-83.39918518066406,9.357142448425293,1.1593016386032104,0.9125648736953735
SB68161_component_591a,159.251661,-81.955626,8.984999656677246,21.191036224365234,159.2518310546875,-81.95586395263672,11.812721252441406,0.9662752151489258,0.760620653629303
SB68161_component_593a,197.490112,-81.882463,9.75100040435791,50.5233154296875,197.48870849609375,-81.88312530517578,12.887316703796387,0.9612124562263489,0.7566354274749756
SB68161_component_599a,206.780609,-84.065106,8.682999610900879,28.46885108947754,206.7822265625,-84.06541442871094,10.804938316345215,1.0208929777145386,0.8036140203475952
SB68161_component_601a,159.892851,-83.90785,9.062000274658203,52.381507873535156,159.88876342773438,-83.90863037109375,8.198752403259277,1.4041354656219482,1.105290174484253
SB68161_component_603a,181.886448,-83.42842,8.319999694824219,52.0,181.88693237304688,-83.42884826660156,10.464197158813477,1.0100667476654053,0.7950920462608337
SB68161_component_607a,196.701551,-80.196098,8.843999862670898,26.399999618530273,196.703369140625,-80.19674682617188,10.082188606262207,1.1143628358840942,0.8771904706954956
SB68161_component_608a,167.445778,-82.399528,8.623000144958496,54.57594680786133,167.44754028320312,-82.39994812011719,9.597665786743164,1.1413674354553223,0.8984476327896118
SB68161_component_609a,198.539043,-84.522195,9.559000015258789,47.321781158447266,198.5403289794922,-84.52264404296875,12.650296211242676,0.9599409103393555,0.7556344866752625
SB68161_component_610a,177.540946,-80.93127,8.326000213623047,53.03184509277344,177.54200744628906,-80.93146514892578,10.120033264160156,1.0451706647872925,0.8227245807647705
SB68161_component_611a,199.702343,-83.206322,8.831000328063965,41.266357421875,199.70077514648438,-83.20684814453125,11.449271202087402,0.9798616766929626,0.7713155150413513
SB68161_component_614a,176.962358,-83.337425,8.418000221252441,46.766666412353516,176.96485900878906,-83.33788299560547,10.014453887939453,1.0678601264953613,0.8405850529670715
SB68161_component_616a,182.016559,-84.352333,7.929999828338623,44.301673889160156,182.0167999267578,-84.35289001464844,10.807246208190918,0.9321608543395996,0.7337669134140015
SB68161_component_619a,184.064521,-84.248858,8.324999809265137,50.45454406738281,184.0634307861328,-84.24951934814453,11.075334548950195,0.9549047946929932,0.7516703009605408
SB68161_component_620a,160.446261,-81.239196,8.454999923706055,33.156864166259766,160.445068359375,-81.23948669433594,9.690516471862793,1.1084073781967163,0.8725025057792664
SB68161_component_621a,183.960414,-82.352442,7.947999954223633,51.27742004394531,183.96018981933594,-82.35298919677734,9.541224479675293,1.0582456588745117,0.8330167531967163
SB68161_component_622a,187.350964,-84.501749,8.581999778747559,50.48234939575195,187.35189819335938,-84.50214385986328,10.324200630187988,1.0560020208358765,0.831250786781311
SB68161_component_623a,164.005307,-84.306614,8.449999809265137,47.47190856933594,164.0107421875,-84.30691528320312,9.356121063232422,1.1473437547683716,0.9031520485877991
SB68161_component_625a,151.722614,-84.254245,8.656000137329102,42.22439193725586,151.72557067871094,-84.25460052490234,10.538350105285645,1.0434637069702148,0.8213809728622437
SB68161_component_626a,182.536618,-80.63493,7.781000137329102,35.0495491027832,182.53829956054688,-80.63538360595703,8.985776901245117,1.1000502109527588,0.8659240007400513
SB68161_component_627a,178.783269,-85.20579,8.871000289916992,43.91584014892578,178.7815399169922,-85.20642852783203,11.050677299499512,1.0198034048080444,0.8027562499046326
SB68161_component_628a,166.529518,-85.442122,8.64799976348877,19.789472579956055,166.5276641845703,-85.44255828857422,10.204997062683105,1.0765531063079834,0.8474279642105103
SB68161_component_630a,173.676816,-81.474418,8.831000328063965,51.64327621459961,173.67750549316406,-81.47501373291016,12.337040901184082,0.909351110458374,0.7158118486404419
SB68161_component_631a,151.966036,-84.742773,8.067999839782715,31.763778686523438,151.97242736816406,-84.74248504638672,5.748385906219482,1.7830054759979248,1.403524398803711
SB68161_component_635a,172.874441,-80.504447,7.886000156402588,32.995819091796875,172.87818908691406,-80.5050048828125,6.2428765296936035,1.6047403812408447,1.263199806213379
SB68161_component_636a,196.156268,-84.59884,8.300999641418457,37.731815338134766,196.15736389160156,-84.59952545166016,7.591622352600098,1.389083981513977,1.0934420824050903
SB68161_component_637a,162.169037,-83.884433,8.083000183105469,50.83647918701172,162.169677734375,-83.88493347167969,15.476686477661133,0.663479208946228,0.5222694277763367
SB68161_component_640a,183.875468,-82.253818,8.659000396728516,51.850303649902344,183.87301635742188,-82.25459289550781,7.7163190841674805,1.4255757331848145,1.1221672296524048
SB68161_component_641a,170.282054,-80.544394,8.276000022888184,32.711463928222656,170.2845001220703,-80.54467010498047,11.066100120544434,0.9500766396522522,0.747869610786438
SB68161_component_642a,182.084728,-81.708462,7.501999855041504,49.68212127685547,182.08657836914062,-81.70872497558594,9.331302642822266,1.0213333368301392,0.8039606213569641
SB68161_component_643a,147.892561,-84.783926,8.243000030517578,21.578535079956055,147.8943634033203,-84.7838363647461,11.238322257995605,0.9317867159843445,0.733472466468811
SB68161_component_647a,169.716704,-85.60355,7.923999786376953,18.132722854614258,169.71754455566406,-85.6042251586914,9.553094863891602,1.053739070892334,0.8294693827629089
SB68161_component_649a,153.443837,-83.977253,7.46999979019165,29.409446716308594,153.44573974609375,-83.97737884521484,9.14101505279541,1.0381470918655396,0.8171958923339844
SB68161_component_650a,167.699846,-80.663332,8.22599983215332,43.52381134033203,167.70077514648438,-80.6632308959961,10.331323623657227,1.011499047279358,0.7962193489074707
SB68161_component_651a,192.47579,-81.271484,7.942999839782715,44.374298095703125,192.4744110107422,-81.27217102050781,9.781579971313477,1.0315927267074585,0.8120365142822266
SB68161_component_653a,178.34206,-81.458496,7.959000110626221,51.019229888916016,178.3439483642578,-81.45907592773438,10.238635063171387,0.9875273704528809,0.7773497104644775
SB68161_component_655a,176.308368,-81.180639,7.974999904632568,46.63742446899414,176.30848693847656,-81.18120574951172,10.593951225280762,0.9563248753547668,0.7527880668640137
SB68161_component_656a,186.002029,-83.024042,8.07800006866455,42.96808624267578,186.00059509277344,-83.0246810913086,10.87018871307373,0.9440597891807556,0.7431333661079407
SB68161_component_659a,179.182994,-83.225969,7.783999919891357,44.99422073364258,179.18191528320312,-83.2264404296875,10.61362361907959,0.9316909313201904,0.7333970069885254
SB68161_component_660a,185.205554,-81.692407,7.239999771118164,44.41717529296875,185.20687866210938,-81.6928482055664,5.002523422241211,1.8385783433914185,1.4472695589065552
SB68161_component_661a,174.351956,-82.484553,7.576000213623047,44.82840347290039,174.35232543945312,-82.48489379882812,12.118831634521484,0.794167160987854,0.6251428127288818
SB68161_component_662a,176.054177,-81.690802,8.22599983215332,45.69999694824219,176.05662536621094,-81.69095611572266,8.919468879699707,1.1716082096099854,0.9222521781921387
SB68161_component_663a,197.955349,-80.584954,7.593999862670898,33.017391204833984,197.95640563964844,-80.5856704711914,10.367790222167969,0.9305015206336975,0.7324607968330383
SB68161_component_664a,166.711717,-80.431164,7.8420000076293945,31.620967864990234,166.7133026123047,-80.43114471435547,7.722817420959473,1.2899824380874634,1.0154324769973755
SB68161_component_667a,171.60337,-83.814125,8.053000450134277,47.37059020996094,171.60357666015625,-83.81434631347656,10.334484100341797,0.9899234771728516,0.77923583984375
SB68161_component_671a,174.833032,-80.825648,7.5329999923706055,40.5,174.83331298828125,-80.82601165771484,9.461799621582031,1.0114092826843262,0.7961487770080566
SB68161_component_672a,196.854228,-81.536194,7.232999801635742,29.52244758605957,196.8520050048828,-81.53636169433594,8.738716125488281,1.0514861345291138,0.827695906162262
SB68161_component_673a,168.292023,-82.590485,7.552999973297119,42.43258285522461,168.29159545898438,-82.59101104736328,10.54876708984375,0.9096000790596008,0.7160078287124634
SB68161_component_674a,192.179015,-80.563759,8.352999687194824,34.233604431152344,192.18124389648438,-80.5645751953125,11.827900886535645,0.8971550464630127,0.706211507320404
SB68161_component_675a,183.769628,-80.535874,7.11299991607666,25.49462127685547,183.7713623046875,-80.53630828857422,6.497130393981934,1.3907976150512695,1.094791054725647
SB68161_component_677a,205.216606,-83.105613,7.150000095367432,19.168901443481445,205.21397399902344,-83.10643005371094,9.137393951416016,0.9940687417984009,0.782498836517334
SB68161_component_678a,161.232407,-80.870056,7.927999973297119,18.876190185546875,161.2317657470703,-80.87022399902344,9.023669242858887,1.1161259412765503,0.8785783052444458
SB68161_component_679a,157.950928,-81.755238,7.9720001220703125,13.557823181152344,157.9520721435547,-81.75554656982422,12.10780143737793,0.8364399075508118,0.6584184765815735
SB68161_component_681a,177.188876,-82.367106,7.776000022888184,48.905662536621094,177.18927001953125,-82.36759185791016,10.731538772583008,0.9205067157745361,0.7245932221412659
SB68161_component_682a,176.613578,-81.124021,7.506999969482422,46.91875076293945,176.6160888671875,-81.12461853027344,9.457475662231445,1.0083792209625244,0.7937635779380798
SB68161_component_683a,165.60133,-82.268567,7.133999824523926,41.96470260620117,165.6044158935547,-82.26872253417969,7.405523777008057,1.2237987518310547,0.9633349180221558
SB68161_component_684a,178.282341,-84.678384,7.435999870300293,37.93877410888672,178.2802734375,-84.67902374267578,11.376216888427734,0.8303749561309814,0.653644323348999
SB68161_component_686a,165.461448,-83.072049,7.192999839782715,45.52531433105469,165.46266174316406,-83.07257080078125,5.360219955444336,1.7047477960586548,1.3419225215911865
SB68161_component_687a,174.257422,-84.900265,7.708000183105469,44.8139533996582,174.25856018066406,-84.9005355834961,12.401972770690918,0.7895572781562805,0.6215140223503113
SB68161_component_690a,180.615836,-80.554975,7.517000198364258,27.434309005737305,180.61839294433594,-80.55516815185547,4.301930904388428,2.2197999954223633,1.7473549842834473
SB68161_component_691a,194.258546,-82.134429,7.216000080108643,43.733333587646484,194.25650024414062,-82.13482666015625,7.37136173248291,1.2436023950576782,0.9789236187934875
SB68161_component_693a,149.111711,-84.529918,7.085000038146973,26.939163208007812,149.11282348632812,-84.53004455566406,7.965879440307617,1.1298969984054565,0.8894184231758118
SB68161_component_698a,165.300113,-83.389428,7.061999797821045,41.78697967529297,165.2999725341797,-83.38987731933594,10.084000587463379,0.8896671533584595,0.7003172636032104
SB68161_component_699a,180.673977,-82.619023,6.999000072479248,46.04605484008789,180.67788696289062,-82.61929321289062,3.946737289428711,2.252840757369995,1.7733635902404785
SB68161_component_700a,201.510602,-84.098846,8.013999938964844,43.086021423339844,201.51168823242188,-84.09928894042969,9.847674369812012,1.0338282585144043,0.8137962222099304
SB68161_component_703a,180.107414,-82.487989,7.614999771118164,42.3055534362793,180.1027374267578,-82.48869323730469,3.56842303276062,2.710979700088501,2.133995771408081
SB68161_component_704a,173.468918,-82.197083,7.23199987411499,41.803470611572266,173.47120666503906,-82.19734954833984,9.838854789733887,0.9337843060493469,0.7350448966026306
SB68161_component_705a,188.569203,-80.491118,7.0960001945495605,28.963266372680664,188.57211303710938,-80.49187469482422,9.501965522766113,0.948708713054657,0.7467928528785706
SB68161_component_707a,180.630126,-81.004259,7.314000129699707,38.69841384887695,180.6315155029297,-81.00473022460938,9.664299011230469,0.961429238319397,0.7568060755729675
SB68161_component_708a,208.414655,-84.893905,7.480000019073486,15.422679901123047,208.41639709472656,-84.89422607421875,9.24721908569336,1.0275977849960327,0.8088918328285217
SB68161_component_709a,181.333014,-83.603439,8.074999809265137,45.880680084228516,181.3309326171875,-83.60384368896484,13.620343208312988,0.7531598806381226,0.592863142490387
SB68161_component_710a,163.427472,-82.879453,7.574999809265137,40.29255294799805,163.42845153808594,-82.87960052490234,9.508777618408203,1.0120235681533813,0.7966323494911194
SB68161_component_713a,183.088026,-83.794705,7.138999938964844,41.02873611450195,183.08810424804688,-83.79547119140625,10.550280570983887,0.8596192002296448,0.6766644716262817
SB68161_component_718a,201.40918,-84.713255,6.853000164031982,37.24456787109375,201.41175842285156,-84.71392059326172,7.396358966827393,1.1770515441894531,0.9265369772911072
SB68161_component_719a,159.804845,-81.89741,6.830999851226807,21.964630126953125,159.80368041992188,-81.89763641357422,8.38491153717041,1.0349479913711548,0.8146776556968689
SB68161_component_722a,174.711641,-80.207968,6.888000011444092,10.564416885375977,174.7118682861328,-80.20891571044922,8.910516738891602,0.9820259213447571,0.7730191349983215
SB68161_component_724a,153.17237,-83.061083,7.559999942779541,17.29977035522461,153.17103576660156,-83.06122589111328,8.84980583190918,1.0852274894714355,0.8542560338973999
SB68161_component_725a,208.041934,-83.276101,6.611000061035156,13.859539031982422,208.03964233398438,-83.27662658691406,5.348167419433594,1.57034432888031,1.2361243963241577
SB68161_component_727a,178.368925,-85.400248,7.376999855041504,25.88421058654785,178.3677978515625,-85.40070343017578,11.119734764099121,0.8427874445915222,0.6634150743484497
SB68161_component_730a,188.476593,-82.819467,7.188000202178955,42.78571701049805,188.4777374267578,-82.8198013305664,9.648168563842773,0.9464461803436279,0.7450118660926819
SB68161_component_732a,193.430332,-80.89084,7.040999889373779,37.854835510253906,193.43115234375,-80.89144897460938,10.130339622497559,0.8829640746116638,0.6950408816337585
SB68161_component_733a,182.514137,-83.739731,7.251999855041504,40.28888702392578,182.5120086669922,-83.74029541015625,8.480439186096191,1.0863560438156128,0.8551443815231323
SB68161_component_734a,156.246972,-83.09882,6.831999778747559,33.32682800292969,156.24649047851562,-83.0990219116211,10.182076454162598,0.8524014949798584,0.6709829568862915
SB68161_component_736a,177.366625,-81.763924,6.916999816894531,43.503143310546875,177.36865234375,-81.76406860351562,8.654254913330078,1.0153617858886719,0.7992600202560425
SB68161_component_743a,172.093923,-80.700996,7.119999885559082,38.07486343383789,172.0943145751953,-80.70128631591797,8.601207733154297,1.05160653591156,0.8277907371520996
SB68161_component_745a,164.929357,-81.530918,7.4770002365112305,39.560848236083984,164.93113708496094,-81.53020477294922,10.892877578735352,0.8720020055770874,0.6864118576049805
SB68161_component_746a,159.924564,-81.055174,6.054999828338623,17.653060913085938,159.9233856201172,-81.05516815185547,7.25858736038208,1.0597288608551025,0.8341843485832214
SB68161_component_747a,174.077454,-85.358716,7.538000106811523,29.67716407775879,174.0781707763672,-85.35923767089844,9.611091613769531,0.996359646320343,0.7843021750450134
SB68161_component_750a,180.133378,-81.90889,6.966000080108643,40.976470947265625,180.13514709472656,-81.90901947021484,8.695464134216309,1.0177085399627686,0.8011073470115662
SB68161_component_751a,161.267991,-83.417219,6.486999988555908,34.68983840942383,161.2703094482422,-83.41753387451172,8.79185676574707,0.9373375773429871,0.7378418445587158
SB68161_component_753a,172.844278,-80.438637,6.067999839782715,22.308822631835938,172.84556579589844,-80.43921661376953,8.082468032836914,0.953749418258667,0.7507607340812683
SB68161_component_755a,172.895118,-82.908874,6.565999984741211,39.55421829223633,172.8942413330078,-82.90934753417969,8.854437828063965,0.9420470595359802,0.7415490746498108
SB68161_component_757a,178.981761,-83.103723,6.781000137329102,38.748573303222656,178.97874450683594,-83.10438537597656,8.646315574645996,0.9963120222091675,0.7842646837234497
SB68161_component_760a,184.446299,-81.242626,6.699999809265137,43.22580337524414,184.44735717773438,-81.24305725097656,7.944177627563477,1.0714170932769775,0.8433849215507507
SB68161_component_764a,195.658784,-83.271446,6.877999782562256,41.18562698364258,195.66065979003906,-83.27188873291016,7.918338298797607,1.103470802307129,0.8686165809631348
SB68161_component_765a,173.592319,-80.800831,6.620999813079834,36.98882293701172,173.591064453125,-80.80144500732422,4.974040985107422,1.691012978553772,1.3311108350753784
SB68161_component_769a,158.617457,-83.892579,7.435999870300293,39.1368408203125,158.61753845214844,-83.89318084716797,7.92706298828125,1.1916803121566772,0.9380522966384888
SB68161_component_770a,162.700164,-81.551538,6.408999919891357,35.40884017944336,162.70082092285156,-81.55159759521484,7.625345230102539,1.067734956741333,0.8404865264892578
SB68161_component_772a,187.232562,-81.224515,6.735000133514404,39.852073669433594,187.23330688476562,-81.2253646850586,5.870380401611328,1.4574849605560303,1.1472851037979126
SB68161_component_773a,188.32463,-80.775168,6.507999897003174,39.442420959472656,188.32542419433594,-80.77599334716797,9.06528377532959,0.9120084047317505,0.7179036140441895
SB68161_component_780a,165.462171,-80.96713,6.331999778747559,26.383333206176758,165.4634552001953,-80.9670181274414,6.558355808258057,1.2265312671661377,0.9654858708381653
SB68161_component_781a,180.628533,-81.25047,6.1020002365112305,41.51020431518555,180.62789916992188,-81.25103759765625,3.657487392425537,2.1194448471069336,1.668358564376831
SB68161_component_782a,162.041822,-84.613285,6.375,38.40361404418945,162.04261779785156,-84.61366271972656,7.305910587310791,1.1085072755813599,0.8725811839103699
SB68161_component_783a,196.498192,-82.66317,6.258999824523926,31.294998168945312,196.49862670898438,-82.66372680664062,8.270587921142578,0.9613937139511108,0.7567781209945679
SB68161_component_784a,167.686778,-80.359692,7.047999858856201,24.8169002532959,167.6864776611328,-80.35966491699219,6.354699611663818,1.4089759588241577,1.109100341796875
SB68161_component_786a,159.789739,-81.588565,6.434000015258789,23.741697311401367,159.7896728515625,-81.5886001586914,5.89269495010376,1.387074589729309,1.0918604135513306
SB68161_component_788a,186.536311,-84.665233,6.310999870300293,36.06285858154297,186.53662109375,-84.66565704345703,8.479264259338379,0.9455243945121765,0.7442862391471863
SB68161_component_797a,195.358658,-80.875706,6.185999870300293,35.96511459350586,195.35997009277344,-80.87630462646484,7.473311901092529,1.051548957824707,0.8277454376220703
SB68161_component_799a,166.988487,-81.001168,6.3379998207092285,34.82417678833008,166.98904418945312,-81.00096130371094,8.677979469299316,0.9278255105018616,0.7303543090820312
SB68161_component_804a,159.042576,-82.452267,6.416999816894531,27.779218673706055,159.0416259765625,-82.45280456542969,7.530514240264893,1.0825303792953491,0.85213303565979
SB68161_component_806a,155.41518,-82.730141,6.089000225067139,22.22262954711914,155.41122436523438,-82.73088836669922,5.726913928985596,1.35069739818573,1.0632253885269165
SB68161_component_808a,183.05688,-82.9326,5.965000152587891,36.15151596069336,183.05416870117188,-82.93326568603516,7.671164035797119,0.987829327583313,0.777587354183197
SB68161_component_813a,183.562882,-80.892754,5.698999881744385,34.96318817138672,183.5633544921875,-80.89324951171875,8.359971046447754,0.8660173416137695,0.6817008852958679
SB68161_component_814a,166.092197,-82.219088,6.234000205993652,35.82758712768555,166.09068298339844,-82.21953582763672,7.846480369567871,1.0093101263046265,0.7944963574409485
SB68161_component_816a,185.697095,-80.814412,5.9770002365112305,33.02210235595703,185.699462890625,-80.81474304199219,9.576658248901367,0.792870044708252,0.6241217255592346
SB68161_component_817a,197.158088,-83.973094,5.848999977111816,37.493587493896484,197.1552734375,-83.9737548828125,9.080828666687012,0.8182553648948669,0.6441041827201843
SB68161_component_819a,177.484179,-84.203847,6.234000205993652,33.51612854003906,177.48353576660156,-84.20425415039062,6.511861801147461,1.2161701917648315,0.9573299288749695
SB68161_component_820a,149.820338,-84.046465,6.375,22.058822631835938,149.82028198242188,-84.04666900634766,9.014114379882812,0.8984415531158447,0.7072241902351379
SB68161_component_822a,186.719245,-84.159917,6.214000225067139,40.6143798828125,186.72047424316406,-84.16041564941406,6.865620136260986,1.1498050689697266,0.9050894379615784
SB68161_component_824a,176.786143,-84.014125,6.934000015258789,40.3139533996582,176.7875213623047,-84.0147705078125,8.999462127685547,0.9788135886192322,0.7704904675483704
SB68161_component_827a,157.313038,-83.57284,6.495999813079834,30.355138778686523,157.31288146972656,-83.57323455810547,8.265629768371582,0.9983959197998047,0.7859050035476685
SB68161_component_829a,177.256136,-83.223762,6.208000183105469,35.073448181152344,177.25537109375,-83.2241439819336,7.4859442710876465,1.0535080432891846,0.8292875289916992
SB68161_component_832a,193.676199,-82.181772,6.067999839782715,35.27906799316406,193.67543029785156,-82.1821517944336,7.537374973297119,1.0227233171463013,0.805054783821106
SB68161_component_839a,202.576641,-84.872426,5.968999862670898,26.4115047454834,202.5766143798828,-84.872802734375,6.7969560623168945,1.1156290769577026,0.8781871795654297
SB68161_component_840a,182.008206,-81.610367,5.39900016784668,32.72121047973633,182.0076141357422,-81.61072540283203,4.67830753326416,1.466078758239746,1.1540498733520508
SB68161_component_845a,182.624814,-82.480304,6.361000061035156,37.63905334472656,182.6254119873047,-82.48054504394531,7.580165386199951,1.0660545825958252,0.8391637802124023
SB68161_component_847a,180.903021,-81.531213,5.901000022888184,36.425926208496094,180.90478515625,-81.53177642822266,4.123626232147217,1.8179378509521484,1.431022047996521
SB68161_component_849a,186.206503,-84.230146,5.544000148773193,36.0,186.2104949951172,-84.23054504394531,4.313819885253906,1.6326532363891602,1.2851718664169312
SB68161_component_854a,168.237576,-83.883615,5.644999980926514,36.655845642089844,168.2377166748047,-83.8840560913086,7.65371561050415,0.936967134475708,0.7375502586364746
SB68161_component_855a,166.668411,-84.303244,5.816999912261963,32.67977523803711,166.66485595703125,-84.3038330078125,8.247748374938965,0.8959759473800659,0.7052834033966064
SB68161_component_857a,199.871045,-80.301195,6.129000186920166,10.733800888061523,199.87318420410156,-80.30175018310547,6.111863136291504,1.2739392518997192,1.002803921699524
SB68161_component_858a,154.013084,-82.665094,5.534999847412109,15.769229888916016,154.01443481445312,-82.66532135009766,7.102534294128418,0.9900041222572327,0.779299259185791
SB68161_component_865a,169.24061,-81.430792,5.699999809265137,34.33734893798828,169.24082946777344,-81.43071746826172,4.546345233917236,1.5927408933639526,1.2537542581558228
SB68161_component_871a,163.119739,-83.330362,5.5960001945495605,31.615819931030273,163.11900329589844,-83.33077239990234,8.033177375793457,0.8849588632583618,0.6966110467910767
SB68161_component_876a,190.247764,-81.419613,5.377999782562256,29.877775192260742,190.2493438720703,-81.41992950439453,4.094143867492676,1.6687467098236084,1.313583493232727
SB68161_component_880a,176.850827,-83.654514,5.724999904632568,33.87574005126953,176.85052490234375,-83.65469360351562,7.49247407913208,0.9706953763961792,0.7641000747680664
SB68161_component_881a,187.308842,-82.570523,5.683000087738037,35.29813766479492,187.3065185546875,-82.5711669921875,5.089048385620117,1.4186452627182007,1.1167117357254028
SB68161_component_882a,179.006003,-80.387106,5.8420000076293945,16.739253997802734,179.00880432128906,-80.38748168945312,7.780515670776367,0.953862726688385,0.7508499622344971
SB68161_component_883a,182.100514,-84.434979,5.709000110626221,36.596153259277344,182.10086059570312,-84.43540954589844,7.071321964263916,1.0256333351135254,0.8073455095291138
SB68161_component_884a,177.790038,-82.526757,5.317999839782715,34.30967712402344,177.78732299804688,-82.52726745605469,7.401606559753418,0.9127567410469055,0.7184926271438599
SB68161_component_886a,163.250347,-84.998144,5.5269999504089355,25.94835662841797,163.2532196044922,-84.99858856201172,7.673943042755127,0.9149631261825562,0.72022944688797
SB68161_component_888a,182.877523,-80.991076,5.329999923706055,31.916168212890625,182.87815856933594,-80.9913101196289,3.4429194927215576,1.966677188873291,1.5481047630310059
SB68161_component_889a,180.103569,-84.148386,5.269999980926514,35.60810852050781,180.10357666015625,-84.14920806884766,5.072455883026123,1.3198513984680176,1.0389444828033447
SB68161_component_890a,188.231239,-80.476973,4.791999816894531,19.244979858398438,188.23178100585938,-80.47798919677734,9.234519004821777,0.6592273712158203,0.5189225077629089
SB68161_component_891a,168.053581,-80.470236,5.3520002365112305,24.327274322509766,168.05609130859375,-80.46966552734375,4.209354877471924,1.6152260303497314,1.2714537382125854
SB68161_component_892a,192.218143,-81.782697,5.215000152587891,33.42948913574219,192.21482849121094,-81.78280639648438,3.355574131011963,1.9743320941925049,1.5541305541992188
SB68161_component_895a,178.152185,-81.725425,5.679999828338623,41.45985412597656,178.15335083007812,-81.72550964355469,7.13664436340332,1.0110833644866943,0.7958922386169434
SB68161_component_897a,196.102806,-80.174811,5.815000057220459,17.567975997924805,196.10324096679688,-80.17549896240234,6.531768798828125,1.1309714317321777,0.8902642130851746
SB68161_component_903a,150.179272,-83.753931,5.068999767303467,11.165197372436523,150.17808532714844,-83.75423431396484,5.552245140075684,1.15980863571167,0.9129639863967896
SB68161_component_904a,202.860283,-83.557777,5.044000148773193,27.86740493774414,202.86012268066406,-83.55831146240234,2.7991156578063965,2.289216995239258,1.8019977807998657
SB68161_component_908a,179.121381,-85.314185,5.51200008392334,24.60714340209961,179.1219940185547,-85.31471252441406,6.793724536895752,1.030704140663147,0.8113369941711426
SB68161_component_909a,155.271744,-82.598685,5.644000053405762,18.26537322998047,155.27337646484375,-82.59890747070312,5.597745418548584,1.280874490737915,1.008263111114502
SB68161_component_913a,162.113311,-83.084134,4.9629998207092285,29.366863250732422,162.11065673828125,-83.08448028564453,7.708707809448242,0.8178909420967102,0.6438173651695251
SB68161_component_916a,154.599077,-83.084731,5.525000095367432,18.05555534362793,154.5980987548828,-83.08504486083984,7.066819190979004,0.9932098984718323,0.7818227410316467
SB68161_component_917a,176.753973,-81.658171,4.942999839782715,31.890321731567383,176.75746154785156,-81.65824127197266,6.677617073059082,0.9403765201568604,0.7402340769767761
SB68161_component_919a,194.892204,-83.64759,5.163000106811523,27.75806427001953,194.89163208007812,-83.6480712890625,6.806100368499756,0.9636881351470947,0.758584201335907
SB68161_component_923a,193.861722,-84.591094,4.800000190734863,24.0,193.8604278564453,-84.59175872802734,5.545081615447998,1.0996792316436768,0.8656319975852966
SB68161_component_925a,180.488831,-81.315488,5.304999828338623,36.84027862548828,180.48916625976562,-81.3156509399414,5.7147135734558105,1.1792982816696167,0.928305447101593
SB68161_component_926a,170.703087,-84.822624,5.078999996185303,28.374300003051758,170.70323181152344,-84.82343292236328,6.229005813598633,1.0358388423919678,0.8153789043426514
SB68161_component_932a,185.287679,-81.385516,4.807000160217285,31.625001907348633,185.28831481933594,-81.3858871459961,8.436986923217773,0.7238014936447144,0.5697531700134277
SB68161_component_933a,147.742287,-84.601149,5.465000152587891,15.704024314880371,147.74362182617188,-84.60152435302734,5.9926581382751465,1.1585196256637573,0.9119492769241333
SB68161_component_935a,167.925385,-81.347274,4.994999885559082,26.71122932434082,167.92588806152344,-81.3472900390625,3.0608270168304443,2.073143720626831,1.6319118738174438
SB68161_component_938a,182.844589,-80.656796,4.545000076293945,20.381166458129883,182.8463897705078,-80.65739440917969,4.9067606925964355,1.1767162084579468,0.9262730479240417
SB68161_component_939a,148.376925,-84.202436,5.263000011444092,18.402097702026367,148.37745666503906,-84.2025146484375,5.560304641723633,1.202451229095459,0.9465308785438538
SB68161_component_944a,200.790257,-85.226277,5.688000202178955,14.40000057220459,200.79754638671875,-85.2264404296875,2.272146224975586,3.1802117824554443,2.5033600330352783
SB68161_component_945a,162.145145,-82.753472,5.123000144958496,28.6201114654541,162.14764404296875,-82.75365447998047,5.339527130126953,1.2188612222671509,0.9594482779502869
SB68161_component_946a,193.891422,-83.194903,4.859000205993652,24.664976119995117,193.89401245117188,-83.19505310058594,5.1838297843933105,1.1907727718353271,0.9373379349708557
SB68161_component_949a,166.717168,-84.535008,5.084000110626221,30.082841873168945,166.7152099609375,-84.5356216430664,5.9061784744262695,1.0935324430465698,0.8607935309410095
SB68161_component_950a,156.439671,-85.281874,5.616000175476074,12.000000953674316,156.43869018554688,-85.28205108642578,6.363053321838379,1.1212289333343506,0.8825951814651489
SB68161_component_952a,185.982327,-80.900093,5.131999969482422,32.07500076293945,185.9829864501953,-80.90079498291016,6.0420026779174805,1.0790421962738037,0.8493872284889221
SB68161_component_954a,169.83621,-82.446706,5.015999794006348,28.662857055664062,169.8363037109375,-82.44705963134766,6.258635997772217,1.0181471109390259,0.8014525771141052
SB68161_component_956a,173.157986,-82.801262,4.942999839782715,32.519737243652344,173.1567840576172,-82.80159759521484,4.211319446563721,1.4910943508148193,1.173741340637207
SB68161_component_958a,175.659183,-82.522157,5.001999855041504,31.26249885559082,175.65573120117188,-82.52271270751953,6.7424421310424805,0.9424518942832947,0.7418676614761353
SB68161_component_962a,202.082817,-85.08163,5.156000137329102,16.47284507751465,202.0854034423828,-85.08214569091797,3.6302709579467773,1.804291009902954,1.4202797412872314
SB68161_component_963a,174.795065,-83.588132,4.8379998207092285,30.237499237060547,174.78701782226562,-83.58856964111328,5.01859712600708,1.224661946296692,0.9640144109725952
SB68161_component_964a,185.251156,-85.357181,5.146999835968018,21.26859474182129,185.2491455078125,-85.3577651977539,5.979283332824707,1.0935477018356323,0.8608054518699646
SB68161_component_966a,191.52926,-82.827647,4.709000110626221,26.604520797729492,191.52639770507812,-82.82791137695312,3.0672647953033447,1.9503391981124878,1.535244107246399
SB68161_component_969a,168.998758,-80.688121,4.994999885559082,25.615385055541992,168.99842834472656,-80.68860626220703,5.222095489501953,1.2151318788528442,0.9565125703811646
SB68161_component_970a,167.278877,-83.937401,4.776000022888184,29.300613403320312,167.27491760253906,-83.93817138671875,4.587067604064941,1.3227015733718872,1.0411880016326904
SB68161_component_971a,158.386954,-82.494431,5.302000045776367,21.20800018310547,158.38751220703125,-82.49474334716797,7.181611061096191,0.9378871321678162,0.7382744550704956
SB68161_component_975a,170.639229,-80.385764,5.138000011444092,15.617021560668945,170.6412811279297,-80.38578033447266,6.213331699371338,1.050515055656433,0.8269315361976624
SB68161_component_976a,164.845416,-82.767404,5.142000198364258,26.369232177734375,164.84637451171875,-82.7678451538086,6.578391075134277,0.9929905533790588,0.7816501259803772
SB68161_component_980a,157.607472,-83.507099,4.614999771118164,20.695066452026367,157.6054229736328,-83.50772094726562,8.123274803161621,0.7217275500297546,0.5681205987930298
SB68161_component_984a,190.749276,-82.575923,4.534999847412109,29.44805145263672,190.75070190429688,-82.57567596435547,6.879586696624756,0.8374283313751221,0.6591965556144714
SB68161_component_988a,163.84402,-85.422093,4.539000034332275,11.043795585632324,163.84469604492188,-85.42239379882812,7.460422039031982,0.7729110717773438,0.6084105968475342
SB68161_component_989a,173.153139,-82.420205,4.875,28.676469802856445,173.15377807617188,-82.42071533203125,6.563812255859375,0.943520188331604,0.7427086234092712
SB68161_component_990a,188.377827,-82.024402,4.419000148773193,27.968353271484375,188.3768768310547,-82.02462768554688,6.863590717315674,0.8179096579551697,0.6438321471214294
SB68161_component_991a,170.213906,-82.18259,4.329999923706055,28.48684310913086,170.21572875976562,-82.18294525146484,4.719207763671875,1.1656053066253662,0.9175268411636353
SB68161_component_994a,178.397498,-80.543632,4.493000030517578,20.147981643676758,178.3981475830078,-80.54386901855469,5.926548004150391,0.9630910158157349,0.7581141591072083
SB68161_component_995a,207.04805,-83.533129,4.747000217437744,17.913209915161133,207.0480194091797,-83.53382110595703,3.489619493484497,1.728119969367981,1.3603203296661377
SB68161_component_1000a,178.630622,-81.954743,4.788000106811523,29.55555534362793,178.62940979003906,-81.95492553710938,5.275853633880615,1.1529066562652588,0.9075309038162231
SB68161_component_1003a,163.406023,-82.808169,4.764999866485596,24.947643280029297,163.4058074951172,-82.80854797363281,3.9840614795684814,1.5193910598754883,1.1960155963897705
SB68161_component_1004a,158.79714,-83.662191,4.934000015258789,26.10582160949707,158.7997589111328,-83.66246795654297,5.536417484283447,1.1321476697921753,0.8911899924278259
SB68161_component_1005a,174.683304,-83.543079,4.853000164031982,30.71518898010254,174.68115234375,-83.54365539550781,6.313093185424805,0.9765642285346985,0.7687198519706726
SB68161_component_1006a,191.966366,-83.204763,4.783999919891357,24.1616153717041,191.96340942382812,-83.2052001953125,6.826708793640137,0.8902510404586792,0.7007769346237183
SB68161_component_1007a,177.759398,-82.48003,4.775000095367432,33.159725189208984,177.7611083984375,-82.4802017211914,4.7457499504089355,1.2782071828842163,1.006163477897644
SB68161_component_1009a,167.294336,-84.558029,4.256999969482422,25.189348220825195,167.29324340820312,-84.55843353271484,5.052000522613525,1.0704662799835205,0.8426364660263062
SB68161_component_1010a,202.318039,-81.730768,4.598999977111816,10.242761611938477,202.31399536132812,-81.73123168945312,3.991067886352539,1.4638850688934326,1.1523231267929077
SB68161_component_1017a,163.315229,-83.215282,4.755000114440918,26.86440658569336,163.31399536132812,-83.21585845947266,6.936320781707764,0.8708715438842773,0.6855219602584839
SB68161_component_1018a,186.87663,-82.852355,4.964000225067139,28.86046600341797,186.87786865234375,-82.85317993164062,4.837695598602295,1.3035448789596558,1.0261083841323853
SB68161_component_1025a,202.58652,-83.489276,4.519000053405762,22.9390869140625,202.58767700195312,-83.48994445800781,5.357876300811768,1.071475863456726,0.8434311747550964
SB68161_component_1031a,159.107461,-82.105399,5.026000022888184,12.920308113098145,159.1071319580078,-82.1056900024414,7.036795139312744,0.9073614478111267,0.714245617389679
SB68161_component_1034a,157.261765,-84.967321,4.478000164031982,15.231292724609375,157.26065063476562,-84.96701049804688,5.640605926513672,1.0085351467132568,0.7938863635063171
SB68161_component_1036a,173.631787,-80.856913,4.379000186920166,26.379520416259766,173.6349639892578,-80.85718536376953,5.123997211456299,1.085672378540039,0.8546062707901001
SB68161_component_1037a,162.026133,-84.699576,4.883999824523926,30.148147583007812,162.02932739257812,-84.69965362548828,5.774152755737305,1.0745338201522827,0.8458383679389954
SB68161_component_1038a,151.814501,-84.229458,4.184999942779541,22.14285659790039,151.81593322753906,-84.22977447509766,4.7771406173706055,1.112910270690918,0.8760470747947693
SB68161_component_1041a,184.395813,-84.198842,4.313000202178955,26.95625114440918,184.39614868164062,-84.19926452636719,7.332603931427002,0.7472293972969055,0.5881949067115784
SB68161_component_1042a,182.781431,-82.093195,4.578000068664551,28.79245376586914,182.78167724609375,-82.09330749511719,5.025705337524414,1.1572082042694092,0.9109169244766235
SB68161_component_1043a,148.264901,-84.145309,4.34499979019165,13.837578773498535,148.265625,-84.14530944824219,5.833516597747803,0.946219801902771,0.7448337078094482
SB68161_component_1046a,176.080558,-85.380438,4.150000095367432,15.313653945922852,176.0798797607422,-85.3808822631836,5.764551162719727,0.9145665764808655,0.7199172973632812
SB68161_component_1047a,170.853819,-81.35673,4.480000019073486,28.0,170.85476684570312,-81.35694122314453,6.1316728591918945,0.9281790852546692,0.7306326031684875
SB68161_component_1048a,199.033668,-81.067023,4.552000045776367,12.505495071411133,199.03265380859375,-81.067138671875,6.4263200759887695,0.8998551964759827,0.7083369493484497
SB68161_component_1049a,191.364341,-80.403456,4.203000068664551,15.33941650390625,191.36524963378906,-80.40463256835938,5.626842498779297,0.9489151239395142,0.7469553351402283
SB68161_component_1050a,173.553745,-83.945521,4.249000072479248,24.994117736816406,173.55191040039062,-83.94603729248047,6.406210422515869,0.842593789100647,0.663262665271759
SB68161_component_1052a,201.860512,-82.090819,4.131999969482422,15.19117546081543,201.86334228515625,-82.09062957763672,4.348056316375732,1.207251787185669,0.950309693813324
SB68161_component_1054a,194.154496,-81.025011,4.340000152587891,24.382022857666016,194.15269470214844,-81.02626037597656,4.413845062255859,1.249123454093933,0.9832696914672852
SB68161_component_1056a,179.059138,-81.383157,4.046999931335449,26.979997634887695,179.0604705810547,-81.38367462158203,6.354379653930664,0.8090823888778687,0.636883556842804
SB68161_component_1058a,165.751193,-81.350033,4.158999919891357,21.54922103881836,165.75250244140625,-81.35039520263672,4.611263751983643,1.14578115940094,0.9019219279289246
SB68161_component_1059a,155.272131,-83.590498,3.931999921798706,12.976897239685059,155.2708282470703,-83.59043884277344,5.0009589195251465,0.9988331198692322,0.7862492203712463
SB68161_component_1065a,189.39452,-81.379888,3.884999990463257,24.28125,189.39254760742188,-81.38092041015625,4.6206254959106445,1.068127155303955,0.8407952785491943
SB68161_component_1066a,162.999583,-82.924918,4.127999782562256,22.681318283081055,163.00042724609375,-82.92496490478516,5.276909351348877,0.9937856793403625,0.7822760343551636
SB68161_component_1067a,170.358369,-84.222359,4.396999835968018,25.864704132080078,170.35659790039062,-84.22294616699219,7.118231773376465,0.7847241759300232,0.6177095770835876
SB68161_component_1069a,179.226855,-82.778678,3.7660000324249268,25.27516746520996,179.2297821044922,-82.77864074707031,4.527584075927734,1.056687355041504,0.8317902088165283
SB68161_component_1071a,159.870901,-82.678837,3.7200000286102295,16.3157901763916,159.87139892578125,-82.679443359375,4.650555610656738,1.016180396080017,0.7999044060707092
SB68161_component_1072a,155.334265,-83.423601,3.818000078201294,11.894081115722656,155.33282470703125,-83.42399597167969,4.9081807136535645,0.9882074594497681,0.7778849601745605
SB68161_component_1074a,192.021518,-81.973111,3.7839999198913574,22.658681869506836,192.01588439941406,-81.97334289550781,5.337832927703857,0.9005728960037231,0.7089018821716309
SB68161_component_1075a,178.003963,-83.18257,3.999000072479248,22.466291427612305,178.0002899169922,-83.18303680419922,5.0706963539123535,1.0018819570541382,0.7886490821838379
SB68161_component_1076a,173.433565,-80.727095,4.515999794006348,22.693466186523438,173.43551635742188,-80.72742462158203,5.897727012634277,0.9727516174316406,0.7657186985015869
SB68161_component_1082a,188.377335,-81.006277,3.997999906539917,24.378047943115234,188.37759399414062,-81.00709533691406,5.719220161437988,0.8880525827407837,0.6990463137626648
SB68161_component_1089a,177.189885,-84.176137,3.934000015258789,20.383419036865234,177.1915740966797,-84.17637634277344,5.827737808227539,0.8575650453567505,0.6750475168228149
SB68161_component_1091a,163.934585,-84.674161,4.132999897003174,25.04848289489746,163.94192504882812,-84.67430877685547,6.413298606872559,0.8186846375465393,0.6444421410560608
SB68161_component_1092a,195.712165,-82.019071,4.255000114440918,22.394737243652344,195.71218872070312,-82.01933288574219,5.2776360511779785,1.0242191553115845,0.806232213973999
SB68161_component_1098a,166.710082,-82.019979,4.311999797821045,25.975902557373047,166.70758056640625,-82.02043914794922,5.196662902832031,1.0541123151779175,0.8297632336616516
SB68161_component_1099a,196.315959,-80.197191,4.283999919891357,13.59999942779541,196.31597900390625,-80.19744110107422,4.401112079620361,1.2365729808807373,0.9733903408050537
SB68161_component_1100a,172.052701,-81.68754,4.5920000076293945,29.2484073638916,172.05438232421875,-81.68769073486328,6.171994209289551,0.9451681971549988,0.7440058588981628
SB68161_component_1101a,200.963409,-83.707585,3.6670000553131104,20.486032485961914,200.95863342285156,-83.7084732055664,3.4757277965545654,1.340287208557129,1.0550308227539062
SB68161_component_1102a,191.098307,-83.667435,4.204999923706055,25.33132553100586,191.09974670410156,-83.66808319091797,5.867184638977051,0.9104769825935364,0.7166980504989624
SB68161_component_1103a,161.543165,-82.549798,4.090000152587891,22.228261947631836,161.54200744628906,-82.55046081542969,5.0888776779174805,1.021019458770752,0.8037136197090149
SB68161_component_1104a,196.003261,-81.97994,4.396999835968018,24.427776336669922,196.0005645751953,-81.98086547851562,5.901122093200684,0.9465739727020264,0.7451124787330627
SB68161_component_1107a,174.823561,-84.140254,3.5269999504089355,20.505813598632812,174.821533203125,-84.14087677001953,4.9210357666015625,0.9105035662651062,0.7167190313339233
SB68161_component_1109a,162.738414,-82.864294,3.934999942779541,22.485713958740234,162.7399139404297,-82.8646011352539,5.27840518951416,0.9470539689064026,0.745490312576294
SB68161_component_1113a,184.412838,-80.787454,3.9230000972747803,22.676301956176758,184.41346740722656,-80.78814697265625,4.16680383682251,1.196046233177185,0.941489040851593
SB68161_component_1116a,193.01852,-84.435553,4.4629998207092285,22.094057083129883,193.01724243164062,-84.43623352050781,5.8194661140441895,0.9742635488510132,0.7669088244438171
SB68161_component_1120a,183.74589,-81.871684,3.9579999446868896,25.371793746948242,183.74790954589844,-81.87179565429688,4.723937034606934,1.0643988847732544,0.8378604650497437
SB68161_component_1125a,158.634595,-83.836452,3.8350000381469727,20.291006088256836,158.63595581054688,-83.83683013916016,4.560608386993408,1.06825590133667,0.8408966064453125
SB68161_component_1127a,179.979108,-84.573425,3.9070000648498535,22.325714111328125,179.9805145263672,-84.573974609375,5.510074615478516,0.9007799029350281,0.7090648412704468
SB68161_component_1129a,194.764844,-83.139093,3.7200000286102295,21.754384994506836,194.76585388183594,-83.1395263671875,4.223694324493408,1.1188791990280151,0.8807455897331238
SB68161_component_1130a,164.530088,-81.486314,4.105999946594238,21.164947509765625,164.5261993408203,-81.48646545410156,4.413356304168701,1.1819052696228027,0.9303576946258545
SB68161_component_1131a,197.834098,-81.992484,3.7639999389648438,20.79557991027832,197.8323516845703,-81.99335479736328,5.762537002563477,0.8297907710075378,0.6531845331192017
SB68161_component_1132a,176.889584,-84.172488,4.043000221252441,22.586593627929688,176.8899688720703,-84.17308807373047,5.428816318511963,0.9460875988006592,0.7447295784950256
SB68161_component_1134a,186.279848,-84.558303,3.9639999866485596,21.197860717773438,186.28480529785156,-84.5583267211914,2.8935720920562744,1.740331768989563,1.369933009147644
SB68161_component_1137a,197.887076,-80.518861,4.1529998779296875,17.304166793823242,197.88787841796875,-80.51908874511719,4.700296401977539,1.1224561929702759,0.8835612535476685
SB68161_component_1138a,185.256524,-84.274018,3.693000078201294,24.95270347595215,185.25765991210938,-84.2745132446289,5.610210418701172,0.8362436890602112,0.6582641005516052
SB68161_component_1139a,197.472697,-81.28853,4.126999855041504,13.848992347717285,197.4675750732422,-81.28911590576172,7.249890327453613,0.7231622338294983,0.5692499876022339
SB68161_component_1140a,196.227544,-84.790749,4.2179999351501465,21.303030014038086,196.22671508789062,-84.79151153564453,6.242129325866699,0.8584332466125488,0.6757309436798096
SB68161_component_1145a,198.150877,-82.974069,3.7070000171661377,18.082927703857422,198.15379333496094,-82.9742202758789,4.20089054107666,1.1210215091705322,0.8824319243431091
SB68161_component_1153a,173.826528,-84.965631,3.63100004196167,19.841529846191406,173.8231964111328,-84.96610260009766,4.384475231170654,1.0520620346069336,0.8281492590904236
SB68161_component_1154a,198.022263,-81.345956,3.9809999465942383,12.479623794555664,198.0194854736328,-81.34672546386719,3.557265281677246,1.4217021465301514,1.119118094444275
SB68161_component_1159a,196.840078,-81.777868,3.7170000076293945,19.159793853759766,196.83836364746094,-81.77836608886719,4.667464256286621,1.0116826295852661,0.796363890171051
SB68161_component_1160a,187.067971,-80.889253,4.0320000648498535,22.90909194946289,187.07029724121094,-80.8899917602539,4.675033092498779,1.0956417322158813,0.862453818321228
SB68161_component_1166a,168.489432,-80.717944,3.6989998817443848,19.366491317749023,168.48870849609375,-80.71798706054688,5.4397053718566895,0.8638566136360168,0.6800000667572021
SB68161_component_1169a,188.960129,-83.95932,3.7009999752044678,20.447513580322266,188.95895385742188,-83.95963287353516,4.315404891967773,1.0895075798034668,0.8576251864433289
SB68161_component_1172a,196.640278,-84.58474,4.179999828338623,20.291261672973633,196.63919067382812,-84.58495330810547,4.464151859283447,1.1895153522491455,0.936348021030426
SB68161_component_1173a,199.350225,-82.954603,3.1659998893737793,15.368931770324707,199.35328674316406,-82.95487213134766,4.249375343322754,0.9464954137802124,0.7450506687164307
SB68161_component_1175a,152.460216,-84.057189,3.859999895095825,17.07964515686035,152.4619598388672,-84.057373046875,4.946962356567383,0.9912458658218384,0.7802767753601074
SB68161_component_1177a,182.228212,-83.45967,3.7060000896453857,22.736196517944336,182.2276611328125,-83.45983123779297,4.36400032043457,1.0788308382034302,0.849220871925354
SB68161_component_1182a,177.76917,-80.662038,3.609999895095825,17.439613342285156,177.77003479003906,-80.66244506835938,5.455746173858643,0.8405929803848267,0.6616876721382141
SB68161_component_1183a,181.255034,-81.204758,3.7330000400543213,24.083871841430664,181.2570343017578,-81.20503997802734,4.432200908660889,1.0699691772460938,0.8422452211380005
SB68161_component_1185a,192.039455,-80.816962,3.812000036239624,21.29608917236328,192.037841796875,-80.8182144165039,6.088127613067627,0.7954298257827759,0.6261366605758667
SB68161_component_1188a,194.274436,-85.008638,3.5260000228881836,15.464912414550781,194.27285766601562,-85.00984191894531,5.309230804443359,0.8436910510063171,0.6641263365745544
SB68161_component_1189a,175.519664,-82.072195,3.6419999599456787,23.649351119995117,175.52223205566406,-82.07235717773438,3.460770845413208,1.3369027376174927,1.0523667335510254
SB68161_component_1190a,204.972893,-83.305098,3.9070000648498535,16.347280502319336,204.9706573486328,-83.30557250976562,5.014664173126221,0.9897699952125549,0.7791150212287903
SB68161_component_1191a,163.479603,-81.366433,3.617000102996826,17.061321258544922,163.47918701171875,-81.36691284179688,3.7949624061584473,1.210803747177124,0.953105628490448
SB68161_component_1194a,203.494826,-82.320957,3.9730000495910645,10.566490173339844,203.49246215820312,-82.32100677490234,3.495821475982666,1.4437834024429321,1.1364996433258057
SB68161_component_1197a,166.383134,-82.617999,3.431999921798706,19.953487396240234,166.38385009765625,-82.61840057373047,4.424042701721191,0.9855092167854309,0.7757610082626343
SB68161_component_1199a,182.009396,-81.739925,3.7839999198913574,23.949365615844727,182.0089874267578,-81.74037170410156,5.641753673553467,0.8520590662956238,0.6707134246826172
SB68161_component_1201a,192.125445,-81.640593,4.188000202178955,28.297298431396484,192.1265869140625,-81.64075469970703,5.542765140533447,0.9598711729049683,0.7555795907974243
SB68161_component_1202a,193.309745,-81.99023,3.7720000743865967,21.803468704223633,193.30665588378906,-81.9906234741211,4.005792140960693,1.1962335109710693,0.9416365027427673
SB68161_component_1207a,156.58428,-82.777539,3.7109999656677246,16.42035484313965,156.58358764648438,-82.77793884277344,4.180682182312012,1.1276557445526123,0.887654185295105
SB68161_component_1208a,179.301353,-83.363875,3.9670000076293945,23.613096237182617,179.2994842529297,-83.364501953125,4.683908939361572,1.0759360790252686,0.8469421863555908
SB68161_component_1209a,192.136674,-82.987218,3.446000099182129,14.418411254882812,192.13739013671875,-82.98722076416016,5.182713508605957,0.8446772694587708,0.6649026870727539
SB68161_component_1210a,198.794947,-80.553786,3.9709999561309814,12.566454887390137,198.7952423095703,-80.55449676513672,4.840450286865234,1.0421898365020752,0.8203781843185425
SB68161_component_1215a,201.262874,-83.570771,3.73799991607666,18.878787994384766,201.26707458496094,-83.57147979736328,3.331801176071167,1.4252561330795288,1.1219156980514526
SB68161_component_1218a,192.945247,-82.972602,3.694999933242798,17.429244995117188,192.9479522705078,-82.9727783203125,5.991496562957764,0.7834509611129761,0.6167073249816895
SB68161_component_1221a,196.821846,-80.522799,3.734999895095825,17.133028030395508,196.820068359375,-80.52347564697266,3.2366890907287598,1.4659607410430908,1.1539570093154907
SB68161_component_1225a,170.447138,-83.273423,3.49399995803833,21.435583114624023,170.44142150878906,-83.27381134033203,3.867924928665161,1.1475657224655151,0.9033267498016357
SB68161_component_1233a,179.073329,-84.074904,3.506999969482422,21.782608032226562,179.07154846191406,-84.07565307617188,4.4540181159973145,1.0002682209014893,0.7873789072036743
SB68161_component_1235a,201.370832,-84.487729,3.177999973297119,17.655553817749023,201.3654327392578,-84.48784637451172,3.6433186531066895,1.1081267595291138,0.8722816705703735
SB68161_component_1238a,170.532906,-81.527102,3.674999952316284,22.826086044311523,170.538818359375,-81.52703094482422,5.051453590393066,0.9242164492607117,0.7275133728981018
SB68161_component_1240a,179.886232,-80.453994,3.7290000915527344,12.067961692810059,179.88587951660156,-80.45466613769531,3.64743971824646,1.2987841367721558,1.0223610401153564
SB68161_component_1243a,184.542049,-82.936153,3.506999969482422,21.515336990356445,184.5423583984375,-82.93647003173828,4.501988887786865,0.989609956741333,0.7789890170097351
SB68161_component_1248a,176.278262,-81.608012,3.546999931335449,20.62209129333496,176.2779083251953,-81.6084213256836,4.5715556144714355,0.9856662750244141,0.7758846879005432
SB68161_component_1253a,201.321591,-83.701649,3.5139999389648438,20.792898178100586,201.31922912597656,-83.7025146484375,4.2909111976623535,1.040363073348999,0.818940281867981
SB68161_component_1254a,177.508825,-85.380342,3.7950000762939453,16.012659072875977,177.51202392578125,-85.38087463378906,5.46325159072876,0.8824565410614014,0.6946412920951843
SB68161_component_1258a,195.69035,-82.393345,3.61299991607666,20.764368057250977,195.68467712402344,-82.39395904541016,4.639156341552734,0.9893766641616821,0.7788053750991821
SB68161_component_1262a,182.096117,-81.401362,3.684999942779541,22.74691390991211,182.09664916992188,-81.40186309814453,3.8186655044555664,1.2259100675582886,0.9649968147277832
SB68161_component_1263a,184.075795,-82.936602,3.821000099182129,23.29878044128418,184.07806396484375,-82.9368896484375,4.582478046417236,1.0592765808105469,0.833828330039978
SB68161_component_1264a,195.339532,-85.188272,3.2019999027252197,11.643635749816895,195.34291076660156,-85.18850708007812,4.457781791687012,0.9125049114227295,0.7182944416999817
SB68161_component_1265a,174.730267,-81.969108,3.756999969482422,23.778480529785156,174.7321319580078,-81.9691390991211,5.182941436767578,0.920868456363678,0.7248779535293579
SB68161_component_1269a,203.449097,-84.125965,3.184999942779541,14.543378829956055,203.45046997070312,-84.1264419555664,5.829975605010986,0.6940255165100098,0.5463144779205322
SB68161_component_1273a,169.13374,-82.205136,3.184999942779541,22.11805534362793,169.13226318359375,-82.20559692382812,3.8065505027770996,1.0629444122314453,0.8367155194282532
SB68161_component_1274a,180.823821,-80.805911,3.4590001106262207,17.738462448120117,180.82647705078125,-80.8066177368164,2.065805196762085,2.127129316329956,1.674407720565796
SB68161_component_1275a,184.309662,-80.975923,3.3519999980926514,21.350317001342773,184.311767578125,-80.9764175415039,3.574314832687378,1.1913625001907349,0.9378021359443665
SB68161_component_1278a,166.315023,-83.571609,3.055000066757202,18.975156784057617,166.3153533935547,-83.57195281982422,4.339417934417725,0.8943602442741394,0.7040114998817444
SB68161_component_1283a,188.092143,-82.455512,3.302000045776367,19.538461685180664,188.09024047851562,-82.45580291748047,4.242216110229492,0.988819420337677,0.77836674451828
SB68161_component_1284a,201.658707,-82.704582,3.505000114440918,10.685976028442383,201.65621948242188,-82.70549774169922,2.7977890968322754,1.5914968252182007,1.252774953842163
SB68161_component_1291a,193.965192,-80.478478,3.4800000190734863,15.746606826782227,193.964599609375,-80.47930908203125,5.033140182495117,0.8783608078956604,0.6914172768592834
SB68161_component_1292a,184.62167,-80.993295,3.677999973297119,22.426828384399414,184.62640380859375,-80.99333190917969,4.022072792053223,1.1617014408111572,0.9144538640975952
SB68161_component_1296a,176.849354,-85.067566,3.190999984741211,16.973403930664062,176.84454345703125,-85.06822967529297,4.243277072906494,0.9553403258323669,0.752013087272644
SB68161_component_1297a,195.508295,-84.033215,3.388000011444092,19.360000610351562,195.50387573242188,-84.03368377685547,4.360587120056152,0.9870318174362183,0.7769595980644226
SB68161_component_1300a,164.082557,-80.658326,2.877000093460083,10.238434791564941,164.08193969726562,-80.6578140258789,3.3177196979522705,1.1016228199005127,0.8671618700027466
SB68161_component_1304a,162.276394,-82.960432,3.5329999923706055,19.627777099609375,162.28045654296875,-82.96041870117188,2.7159998416900635,1.652519702911377,1.3008100986480713
SB68161_component_1305a,193.953087,-82.626855,3.4079999923706055,19.813953399658203,193.94508361816406,-82.62761688232422,5.261377334594727,0.8228731155395508,0.6477391123771667
SB68161_component_1306a,187.070451,-80.715954,3.496000051498413,17.836734771728516,187.07073974609375,-80.71674346923828,4.728662014007568,0.9392168521881104,0.7393211722373962
SB68161_component_1308a,173.175778,-82.738623,3.0840001106262207,19.896774291992188,173.18026733398438,-82.73857879638672,4.6910881996154785,0.8351673483848572,0.6574167609214783
SB68161_component_1312a,180.767671,-83.823103,3.059000015258789,16.90055274963379,180.77423095703125,-83.82290649414062,2.955535650253296,1.3148493766784668,1.0350069999694824
SB68161_component_1315a,152.369869,-84.125915,3.3570001125335693,16.3756103515625,152.36767578125,-84.12604522705078,3.070134162902832,1.3890782594680786,1.0934375524520874
SB68161_component_1318a,185.837014,-81.221752,3.23799991607666,20.111801147460938,185.8388214111328,-81.2217788696289,5.242854118347168,0.7845882177352905,0.617602527141571
SB68161_component_1322a,193.33265,-84.5708,2.8329999446868896,15.231182098388672,193.33352661132812,-84.57141876220703,4.321310520172119,0.8328442573547363,0.6555881500244141
SB68161_component_1323a,183.378226,-81.764973,3.2249999046325684,20.941558837890625,183.38156127929688,-81.76490783691406,3.300224781036377,1.2414203882217407,0.9772061109542847
SB68161_component_1324a,186.500055,-80.639067,3.2839999198913574,14.216449737548828,186.50526428222656,-80.6386489868164,4.148705005645752,1.0055954456329346,0.7915722727775574
SB68161_component_1328a,173.218427,-82.52956,3.430000066757202,20.66265106201172,173.2202606201172,-82.53034973144531,4.232456684112549,1.0295188426971436,0.8104040622711182
SB68161_component_1329a,164.684213,-80.728984,2.9730000495910645,12.4393310546875,164.68536376953125,-80.72921752929688,2.9250223636627197,1.2912145853042603,1.0164024829864502
SB68161_component_1334a,154.220875,-84.510519,2.6489999294281006,14.55494499206543,154.2253875732422,-84.51101684570312,4.1627278327941895,0.8084192276000977,0.6363615393638611
SB68161_component_1339a,165.39766,-84.24594,3.177999973297119,18.369943618774414,165.39871215820312,-84.24601745605469,3.7737410068511963,1.0698293447494507,0.8421351313591003
SB68161_component_1340a,199.331026,-82.430175,3.4079999923706055,15.561643600463867,199.33197021484375,-82.4302978515625,3.6286141872406006,1.1931402683258057,0.9392015337944031
SB68161_component_1346a,172.983596,-84.62635,3.2309999465942383,19.347305297851562,172.9832763671875,-84.62686157226562,4.596024990081787,0.8930736184120178,0.7029987573623657
SB68161_component_1349a,191.76034,-82.997151,2.931999921798706,14.233009338378906,191.76235961914062,-82.99736785888672,3.8668904304504395,0.9632406234741211,0.7582319378852844
SB68161_component_1350a,169.119051,-81.616486,3.375999927520752,20.095237731933594,169.12008666992188,-81.61681365966797,3.8091368675231934,1.125922679901123,0.8862900137901306
SB68161_component_1358a,187.957836,-83.207138,3.115000009536743,16.308900833129883,187.95867919921875,-83.20764923095703,3.4674572944641113,1.141247034072876,0.8983528017997742
SB68161_component_1368a,177.538363,-83.366655,3.3410000801086426,18.982955932617188,177.5367431640625,-83.36685180664062,3.654770612716675,1.1613123416900635,0.914147675037384
SB68161_component_1369a,183.682499,-82.361078,3.2279999256134033,21.959182739257812,183.68299865722656,-82.36148834228516,4.150439739227295,0.9880345463752747,0.7777488827705383
SB68161_component_1370a,188.489472,-83.333773,2.808000087738037,17.55000114440918,188.4879608154297,-83.33488464355469,3.466049909591675,1.0291887521743774,0.8101441860198975
SB68161_component_1371a,160.679908,-81.53112,3.38700008392334,14.855263710021973,160.67413330078125,-81.53181457519531,3.7957022190093994,1.133589506149292,0.8923250436782837
SB68161_component_1373a,189.304875,-80.914863,2.999000072479248,17.436046600341797,189.30384826660156,-80.9159927368164,3.7544021606445312,1.014771819114685,0.7987956404685974
SB68161_component_1375a,184.85946,-84.170963,2.934999942779541,20.815601348876953,184.8540496826172,-84.17191314697266,2.3537967205047607,1.5840609073638916,1.2469215393066406
SB68161_component_1376a,165.1356,-83.684503,2.931999921798706,17.146198272705078,165.1361083984375,-83.68507385253906,4.732912540435791,0.7869881391525269,0.619491696357727
SB68161_component_1379a,176.822304,-80.962199,2.86299991607666,17.45731544494629,176.8240966796875,-80.96263885498047,3.6237144470214844,1.0036910772323608,0.7900732755661011
SB68161_component_1383a,167.80785,-83.366163,2.9630000591278076,19.11612892150879,167.80906677246094,-83.366455078125,4.1474761962890625,0.9075706601142883,0.7144103646278381
SB68161_component_1388a,193.979805,-83.683082,2.7890000343322754,17.216049194335938,193.97816467285156,-83.68380737304688,4.700584888458252,0.7537534832954407,0.593330442905426
SB68161_component_1389a,192.421555,-81.238943,3.078000068664551,16.91208839416504,192.41932678222656,-81.2390365600586,4.086930274963379,0.956762433052063,0.7531325221061707
SB68161_component_1390a,171.11968,-85.169083,2.739000082015991,13.559406280517578,171.11776733398438,-85.16969299316406,2.9719455242156982,1.1708033084869385,0.9216185212135315
SB68161_component_1393a,183.267755,-82.154348,2.7269999980926514,16.13609504699707,183.26881408691406,-82.15512084960938,3.840867519378662,0.9019625782966614,0.7099958658218384
SB68161_component_1395a,195.766439,-82.210565,2.947000026702881,16.01630401611328,195.7621612548828,-82.21116638183594,4.1307268142700195,0.9063301086425781,0.7134338021278381
SB68161_component_1401a,193.622565,-83.713756,2.9100000858306885,18.30188751220703,193.6222381591797,-83.7142333984375,3.651188850402832,1.0124915838241577,0.7970007061958313
SB68161_component_1403a,169.207621,-84.756411,3.075000047683716,18.08823585510254,169.21409606933594,-84.75645446777344,4.056587219238281,0.9629794359207153,0.7580263614654541
SB68161_component_1404a,207.189505,-83.894914,2.8959999084472656,10.379927635192871,207.19068908691406,-83.89503479003906,3.676069498062134,1.000800609588623,0.7877979278564453
SB68161_component_1406a,167.027859,-83.631712,2.63700008392334,15.981818199157715,167.031005859375,-83.63233184814453,4.178637504577637,0.8016931414604187,0.6310669779777527
SB68161_component_1408a,170.611489,-82.005805,2.822999954223633,17.006025314331055,170.6064453125,-82.0064468383789,3.201573133468628,1.1201603412628174,0.8817540407180786
SB68161_component_1409a,150.37743,-84.013407,2.556999921798706,10.352226257324219,150.37770080566406,-84.0138931274414,3.1939032077789307,1.0170485973358154,0.8005877733230591
SB68161_component_1412a,168.050198,-82.755229,3.240999937057495,21.183006286621094,168.05030822753906,-82.75568389892578,3.1922359466552734,1.2897833585739136,1.0152758359909058
SB68161_component_1415a,173.937736,-81.584777,3.0859999656677246,19.40880584716797,173.9366455078125,-81.58486938476562,4.574626922607422,0.8569844961166382,0.674590528011322
SB68161_component_1427a,188.627055,-83.898333,3.1679999828338623,19.55555534362793,188.62985229492188,-83.89837646484375,2.59847354888916,1.548815131187439,1.2191773653030396
SB68161_component_1429a,180.999677,-82.787909,3.009000062942505,18.34756088256836,180.99757385253906,-82.78857421875,3.625335216522217,1.054403305053711,0.8299922347068787
SB68161_component_1430a,167.681464,-80.631023,3.1019999980926514,16.072538375854492,167.68365478515625,-80.63143157958984,4.552875995635986,0.8655430674552917,0.6813275814056396
SB68161_component_1432a,157.0622,-83.263237,2.3940000534057617,11.735294342041016,157.0601043701172,-83.2637710571289,3.30220103263855,0.9209867715835571,0.7249709963798523
SB68161_component_1446a,160.746171,-83.839233,2.992000102996826,16.622222900390625,160.74949645996094,-83.83920288085938,3.670344829559326,1.0355889797210693,0.8151822686195374
SB68161_component_1447a,195.756775,-82.32639,3.0209999084472656,17.66666603088379,195.75706481933594,-82.3267593383789,3.6510448455810547,1.0511537790298462,0.8274343609809875
SB68161_component_1448a,195.277984,-82.700056,2.6389999389648438,14.03723430633545,195.27752685546875,-82.70032501220703,3.3134653568267822,1.0117883682250977,0.7964470982551575
SB68161_component_1455a,162.904069,-83.356676,3.1110000610351562,18.62874412536621,162.9021759033203,-83.35690307617188,3.9983773231506348,0.9884368777275085,0.7780656814575195
SB68161_component_1457a,176.912596,-81.68787,2.9170000553131104,19.06536102294922,176.9148406982422,-81.68830108642578,4.15746545791626,0.891334056854248,0.7016294002532959
SB68161_component_1459a,167.875112,-83.465795,2.759000062942505,16.134502410888672,167.8769073486328,-83.46633911132812,3.748150110244751,0.9351202249526978,0.7360964417457581
SB68161_component_1460a,159.281041,-83.392761,3.0209999084472656,15.029850006103516,159.28005981445312,-83.3929214477539,3.9540417194366455,0.9706042408943176,0.7640283107757568
SB68161_component_1463a,171.464278,-81.293259,2.871000051498413,18.286623001098633,171.46324157714844,-81.29378509521484,3.974670648574829,0.9176239967346191,0.722324013710022
SB68161_component_1464a,174.768059,-84.04048,2.736999988555908,14.181346893310547,174.77825927734375,-84.04136657714844,2.845874547958374,1.2217766046524048,0.9617429971694946
SB68161_component_1465a,156.147475,-83.060168,2.7009999752044678,12.621495246887207,156.14666748046875,-83.06070709228516,3.2834222316741943,1.0450342893600464,0.8226172924041748
SB68161_component_1467a,156.755859,-83.250954,2.6459999084472656,13.639174461364746,156.758544921875,-83.25102233886719,4.170876502990723,0.8059260845184326,0.6343989968299866
SB68161_component_1469a,195.714567,-83.432713,2.884000062942505,16.670520782470703,195.71856689453125,-83.4326400756836,3.569782257080078,1.026328206062317,0.8078924417495728
SB68161_component_1470a,187.891601,-81.075955,2.8340001106262207,16.476743698120117,187.89239501953125,-81.07649230957031,3.5050950050354004,1.0271475315093994,0.8085373044013977
SB68161_component_1473a,173.831817,-82.465676,2.9079999923706055,18.522293090820312,173.83639526367188,-82.46595001220703,3.276484966278076,1.127506136894226,0.8875365257263184
SB68161_component_1474a,161.583962,-84.674239,3.0190000534057617,16.144384384155273,161.58595275878906,-84.67411804199219,3.5464720726013184,1.0814322233200073,0.8512685298919678
SB68161_component_1478a,193.583688,-80.449422,3.1679999828338623,13.255230903625488,193.58621215820312,-80.44966888427734,3.365720510482788,1.1957484483718872,0.9412546157836914
SB68161_component_1479a,200.602659,-82.178537,2.869999885559082,14.793813705444336,200.6017608642578,-82.17861938476562,3.338850498199463,1.0919873714447021,0.8595772385597229
SB68161_component_1483a,162.153541,-82.275952,2.684999942779541,13.698979377746582,162.1467742919922,-82.27686309814453,3.909717321395874,0.8724321126937866,0.6867504119873047
SB68161_component_1485a,199.793167,-82.634231,2.8450000286102295,12.757847785949707,199.79147338867188,-82.63471221923828,2.8188674449920654,1.2821544408798218,1.0092705488204956
SB68161_component_1492a,172.998607,-83.757205,2.696000099182129,15.14606761932373,172.99484252929688,-83.75809478759766,3.5147154331207275,0.9744565486907959,0.7670606970787048
SB68161_component_1497a,176.580689,-80.754816,2.802000045776367,15.920454978942871,176.58399963378906,-80.7551040649414,3.1362831592559814,1.134973168373108,0.8934142589569092
SB68161_component_1500a,193.304561,-84.006254,2.509000062942505,15.02395248413086,193.3052520751953,-84.00659942626953,4.387682914733887,0.7264373302459717,0.5718280076980591
SB68161_component_1502a,167.497207,-85.087493,2.6640000343322754,12.685714721679688,167.4950714111328,-85.08778381347656,3.409092426300049,0.9927232265472412,0.7814396619796753
SB68161_component_1505a,178.478367,-81.851227,2.8910000324249268,20.216781616210938,178.478515625,-81.8510513305664,4.1230597496032715,0.8907609581947327,0.7011783123016357
SB68161_component_1520a,200.357873,-84.415117,2.5380001068115234,12.626866340637207,200.3612518310547,-84.41568756103516,2.8853089809417725,1.1174601316452026,0.8796285390853882
SB68161_component_1521a,189.959056,-84.019939,3.0179998874664307,17.050846099853516,189.96368408203125,-84.0206298828125,3.075312614440918,1.2467020750045776,0.9813635945320129
SB68161_component_1523a,162.072318,-82.062432,2.871000051498413,12.537117958068848,162.07293701171875,-82.06279754638672,3.7467432022094727,0.9734463095664978,0.7662655115127563
SB68161_component_1534a,176.407917,-81.159281,2.638000011444092,16.184049606323242,176.40699768066406,-81.1590347290039,2.866302490234375,1.1691910028457642,0.9203494787216187
SB68161_component_1536a,201.771672,-84.458057,2.3570001125335693,11.904041290283203,201.77622985839844,-84.45780181884766,3.4611806869506836,0.8651034832000732,0.6809815168380737
SB68161_component_1539a,175.93126,-83.864168,2.73799991607666,17.220125198364258,175.93728637695312,-83.86448669433594,3.03971004486084,1.1442843675613403,0.9007437825202942
SB68161_component_1542a,195.349206,-80.919196,2.5940001010894775,14.411110877990723,195.3501434326172,-80.91966247558594,3.167773723602295,1.0402759313583374,0.8188716769218445
SB68161_component_1543a,165.181959,-84.694031,2.555000066757202,16.6993465423584,165.18511962890625,-84.69422149658203,4.126419544219971,0.7865933179855347,0.6191808581352234
SB68161_component_1548a,187.877829,-82.042128,2.6740000247955322,13.712821006774902,187.87396240234375,-82.04310607910156,2.3585498332977295,1.4402871131896973,1.1337475776672363
SB68161_component_1555a,157.114139,-83.873727,2.9549999237060547,15.390624046325684,157.1107177734375,-83.87396240234375,3.6850974559783936,1.0186880826950073,0.8018783926963806
SB68161_component_1558a,187.756497,-80.737303,2.5190000534057617,13.840660095214844,187.760009765625,-80.73780059814453,2.8032870292663574,1.1415457725524902,0.8985880017280579
SB68161_component_1559a,197.871972,-81.89091,2.503000020980835,13.313830375671387,197.87164306640625,-81.89107513427734,3.766216993331909,0.844283401966095,0.6645926237106323
SB68161_component_1560a,181.010485,-80.931038,2.0980000495910645,11.279569625854492,181.01197814941406,-80.93101501464844,2.952108860015869,0.9028297066688538,0.7106783986091614
SB68161_component_1565a,198.26977,-84.39984,2.447999954223633,13.377049446105957,198.2720489501953,-84.4007568359375,2.5402143001556396,1.2242602109909058,0.9636982083320618
SB68161_component_1568a,186.933585,-84.41973,2.2860000133514404,14.198758125305176,186.93612670898438,-84.42032623291016,3.8363025188446045,0.7570003867149353,0.5958862900733948
SB68161_component_1575a,171.93667,-83.850379,2.575000047683716,15.058479309082031,171.93759155273438,-83.85063934326172,3.9231419563293457,0.8338269591331482,0.6563616991043091
SB68161_component_1578a,197.93747,-84.741957,2.815000057220459,12.566964149475098,197.941650390625,-84.7426986694336,3.2537240982055664,1.0990828275680542,0.8651624917984009
SB68161_component_1580a,193.941673,-83.829941,2.752000093460083,16.380952835083008,193.93023681640625,-83.83206176757812,5.567661762237549,0.6279257535934448,0.49428293108940125
SB68161_component_1581a,169.664154,-81.708948,2.313999891281128,13.856287002563477,169.664306640625,-81.7091064453125,4.44781494140625,0.6609206795692444,0.520255446434021
SB68161_component_1583a,175.723099,-84.0493,2.4579999446868896,13.21505355834961,175.72743225097656,-84.0497817993164,3.4302077293395996,0.9103201627731323,0.7165746688842773
SB68161_component_1588a,156.768462,-83.126286,2.6659998893737793,13.133005142211914,156.7629852294922,-83.12689971923828,2.4497525691986084,1.3825174570083618,1.0882731676101685
SB68161_component_1590a,183.724817,-84.809371,2.4200000762939453,13.828572273254395,183.72364807128906,-84.8095703125,3.0063774585723877,1.0225971937179565,0.8049554824829102
SB68161_component_1594a,188.580153,-84.033267,2.5299999713897705,15.521471977233887,188.57664489746094,-84.033935546875,2.8270976543426514,1.1368743181228638,0.8949106931686401
SB68161_component_1595a,162.346962,-82.362374,2.7009999752044678,15.259886741638184,162.35012817382812,-82.36278533935547,2.774592638015747,1.2366820573806763,0.973476231098175
SB68161_component_1596a,171.076218,-83.229556,2.640000104904175,16.81528663635254,171.07376098632812,-83.22969055175781,3.866340160369873,0.8674343228340149,0.6828163266181946
SB68161_component_1599a,201.63075,-84.781169,2.3540000915527344,12.863389015197754,201.6314239501953,-84.78111267089844,4.122763633728027,0.7253552675247192,0.5709762573242188
SB68161_component_1602a,162.324632,-81.615607,2.2829999923706055,11.028985023498535,162.3240966796875,-81.61601257324219,3.5728437900543213,0.8117543458938599,0.6389867663383484
SB68161_component_1627a,163.561957,-82.009374,2.2960000038146973,11.774359703063965,163.56240844726562,-82.00947570800781,3.402562141418457,0.8572323322296143,0.6747856140136719
SB68161_component_1642a,164.029639,-83.189728,2.49399995803833,14.41618537902832,164.02963256835938,-83.1904067993164,3.4309611320495605,0.9234499335289001,0.7269099950790405
SB68161_component_1643a,186.372671,-80.738256,2.4679999351501465,12.464646339416504,186.37078857421875,-80.73899841308594,3.188523054122925,0.9833050966262817,0.7740260362625122
SB68161_component_1648a,182.08042,-80.706921,2.36899995803833,11.389422416687012,182.0831298828125,-80.7071533203125,3.7530677318573,0.8018836975097656,0.6312169432640076
SB68161_component_1655a,163.394047,-81.042875,2.3329999446868896,10.056034088134766,163.39088439941406,-81.04352569580078,3.2791903018951416,0.9038176536560059,0.7114561200141907
SB68161_component_1658a,159.587656,-84.092357,2.114000082015991,12.362573623657227,159.58843994140625,-84.09255981445312,2.889044761657715,0.9295728802680969,0.7317298054695129
SB68161_component_1664a,181.840668,-83.860768,2.125999927520752,12.289017677307129,181.84356689453125,-83.8612060546875,3.2014291286468506,0.8436300754547119,0.664078414440155
SB68161_component_1667a,196.699523,-80.718627,2.246999979019165,11.88888931274414,196.69805908203125,-80.71916961669922,2.874783992767334,0.9929572343826294,0.7816239595413208
SB68161_component_1668a,196.550698,-81.061716,2.4600000381469727,11.77033519744873,196.547607421875,-81.06171417236328,3.2956440448760986,0.9482601881027222,0.7464398741722107
SB68161_component_1671a,186.686683,-82.878621,1.9889999628067017,10.523809432983398,186.6854248046875,-82.87901306152344,2.553071975708008,0.989702045917511,0.7790614366531372
SB68161_component_1676a,202.863728,-83.212805,2.4730000495910645,10.613734245300293,202.86148071289062,-83.21399688720703,2.5803608894348145,1.217520833015442,0.9583930969238281
SB68161_component_1682a,154.048248,-84.53294,2.1110000610351562,11.793295860290527,154.04522705078125,-84.53341674804688,2.433170795440674,1.1021695137023926,0.8675922155380249
SB68161_component_1692a,157.623345,-84.555352,2.1760001182556152,10.934674263000488,157.62376403808594,-84.55546569824219,3.3086118698120117,0.8354987502098083,0.6576776504516602
SB68161_component_1707a,160.780743,-84.543085,2.4560000896453857,15.350001335144043,160.78594970703125,-84.54279327392578,3.561486005783081,0.8760519623756409,0.6895998120307922
SB68161_component_1712a,159.424504,-83.185788,2.13100004196167,11.905027389526367,159.42718505859375,-83.18569946289062,2.914992332458496,0.9287071228027344,0.7310482263565063
SB68161_component_1715a,170.86969,-81.069803,2.2869999408721924,13.945120811462402,170.87249755859375,-81.0701904296875,3.5480854511260986,0.8188508152961731,0.6445729732513428
SB68161_component_1722a,170.151242,-84.123842,2.4170000553131104,15.297468185424805,170.15127563476562,-84.1243667602539,2.6745831966400146,1.148030161857605,0.9036922454833984
SB68161_component_1746a,172.948982,-82.966377,2.0280001163482666,12.21686840057373,172.94874572753906,-82.96766662597656,2.707021474838257,0.9517195820808411,0.7491629123687744
SB68161_component_1748a,174.480087,-81.469875,2.052000045776367,12.214285850524902,174.4766387939453,-81.46949005126953,3.106135845184326,0.8392466306686401,0.6606279015541077
SB68161_component_1751a,169.63018,-83.686782,1.9989999532699585,12.416149139404297,169.6262664794922,-83.68704986572266,2.5122921466827393,1.0108236074447632,0.7956876754760742
SB68161_component_1755a,181.303412,-83.629789,2.325000047683716,14.808917045593262,181.3092498779297,-83.62975311279297,2.407337188720703,1.2269270420074463,0.9657974243164062
SB68161_component_1758a,195.261626,-80.448585,2.309000015258789,11.841026306152344,195.26219177246094,-80.44892883300781,3.027167558670044,0.9689920544624329,0.7627592086791992
SB68161_component_1765a,164.717414,-83.814107,2.0350000858306885,10.710526466369629,164.7158660888672,-83.81424713134766,2.821641206741333,0.9162107110023499,0.7212114930152893
SB68161_component_1780a,168.565678,-83.438755,2.2139999866485596,13.666666984558105,168.56494140625,-83.43912506103516,3.4952311515808105,0.8047007918357849,0.6334344744682312
SB68161_component_1785a,164.405242,-83.511181,2.246000051498413,12.273224830627441,164.4092559814453,-83.51114654541016,2.661816358566284,1.0719250440597534,0.843784749507904
SB68161_component_1786a,163.659102,-83.595106,1.8509999513626099,12.177631378173828,163.65675354003906,-83.59583282470703,3.008467435836792,0.7816166281700134,0.6152634024620056
SB68161_component_1791a,181.179274,-82.514225,1.8559999465942383,11.527950286865234,181.17398071289062,-82.51504516601562,3.064910411834717,0.7692949771881104,0.6055641770362854
SB68161_component_1810a,190.942064,-83.915821,2.188999891281128,14.307188987731934,190.94552612304688,-83.91647338867188,2.5183537006378174,1.1042355298995972,0.8692185878753662
SB68161_component_1816a,185.076616,-83.562056,2.0959999561309814,12.780487060546875,185.08059692382812,-83.56220245361328,3.828488826751709,0.6954991817474365,0.5474745035171509
SB68161_component_1823a,192.102303,-84.91185,1.8209999799728394,10.173184394836426,192.1042022705078,-84.91278076171875,2.940589189529419,0.7866984605789185,0.6192636489868164
SB68161_component_1824a,164.998242,-83.447552,1.7680000066757202,10.523809432983398,164.99850463867188,-83.44757843017578,2.9702553749084473,0.7561730146408081,0.5952349901199341
SB68161_component_1832a,167.355064,-84.90003,2.078000068664551,11.54444408416748,167.3463134765625,-84.90079498291016,3.0469255447387695,0.8663959503173828,0.6819989681243896
SB68161_component_1843a,160.99463,-84.678999,2.0429999828338623,12.160714149475098,160.99078369140625,-84.67967987060547,2.58337140083313,1.0046486854553223,0.7908270359039307
SB68161_component_1858a,176.318768,-82.445916,1.8799999952316284,11.677019119262695,176.3195343017578,-82.44673919677734,2.75154185295105,0.8679894208908081,0.683253288269043
SB68161_component_1859a,168.808284,-82.742884,1.9520000219345093,12.433120727539062,168.8068084716797,-82.74334716796875,3.1179609298706055,0.7953199148178101,0.6260501742362976
SB68161_component_1862a,194.810644,-81.976783,2.11899995803833,13.583333015441895,194.80767822265625,-81.97708129882812,2.7666895389556885,0.9729784727096558,0.765897274017334
SB68161_component_1866a,184.980437,-81.21963,1.840000033378601,12.517006874084473,184.9794921875,-81.22034454345703,2.316749095916748,1.008954405784607,0.7942163348197937
SB68161_component_1873a,183.120926,-82.788549,2.1089999675750732,13.181249618530273,183.12030029296875,-82.78797912597656,2.2442309856414795,1.1938279867172241,0.9397428035736084
SB68161_component_1882a,191.272191,-81.783027,1.8300000429153442,11.656050682067871,191.27049255371094,-81.78363800048828,3.0384955406188965,0.7651123404502869,0.6022717356681824
SB68161_component_1891a,168.875562,-84.228845,1.7489999532699585,11.140127182006836,168.87603759765625,-84.22917938232422,2.4202089309692383,0.9180570244789124,0.7226648330688477
SB68161_component_1896a,180.261824,-85.068326,1.9670000076293945,11.570588111877441,180.2659912109375,-85.06878662109375,2.546513795852661,0.9812756776809692,0.772428572177887
SB68161_component_1905a,158.106894,-83.154993,2.052000045776367,10.800000190734863,158.10769653320312,-83.1553726196289,3.0315096378326416,0.8599063158035278,0.67689049243927
SB68161_component_1913a,175.943283,-82.051722,1.840000033378601,11.151515007019043,175.9485626220703,-82.05134582519531,2.0607800483703613,1.1342765092849731,0.892865777015686
SB68161_component_1919a,167.832882,-82.663228,1.9600000381469727,12.564102172851562,167.83155822753906,-82.66357421875,2.9309628009796143,0.849529504776001,0.6687222719192505
SB68161_component_1923a,193.386116,-83.382807,2.0940001010894775,10.522613525390625,193.3902587890625,-83.3828353881836,3.5845909118652344,0.7421125769615173,0.5841671228408813
SB68161_component_1929a,161.233027,-84.61176,1.9040000438690186,10.127659797668457,161.2257843017578,-84.61280059814453,2.679325580596924,0.9027639031410217,0.7106266021728516
SB68161_component_1946a,190.373381,-80.816955,1.75600004196167,10.390532493591309,190.37496948242188,-80.81751251220703,2.8243041038513184,0.7898521423339844,0.6217460632324219
SB68161_component_1954a,178.842977,-83.966367,1.7089999914169312,10.233532905578613,178.84088134765625,-83.96659088134766,2.6540074348449707,0.8180364370346069,0.6439318656921387
SB68161_component_1955a,167.02881,-81.089302,1.9589999914169312,12.24375057220459,167.0283660888672,-81.08870697021484,2.7995946407318115,0.8889390826225281,0.6997441649436951
SB68161_component_1964a,183.367737,-81.94786,1.9950000047683716,12.46875,183.3684539794922,-81.94718933105469,2.1082518100738525,1.2021347284317017,0.9462816715240479
SB68161_component_1965a,183.810497,-81.729672,1.5859999656677246,10.101910591125488,183.81532287597656,-81.72901916503906,2.4391894340515137,0.8260195851325989,0.6502159833908081
SB68161_component_1982a,196.22369,-83.799751,1.843999981880188,11.17575740814209,196.22140502929688,-83.80030059814453,2.1638972759246826,1.08257257938385,0.8521661162376404
SB68161_component_2010a,188.246636,-82.551547,1.8420000076293945,11.096385955810547,188.24658203125,-82.5524673461914,2.6758596897125244,0.8744983673095703,0.6883769035339355
SB68161_component_2014a,179.409748,-83.123899,1.7999999523162842,10.84337329864502,179.4061279296875,-83.12547302246094,2.7148337364196777,0.8422906994819641,0.6630240082740784
SB68161_component_2036a,175.4368,-81.53005,1.8240000009536743,11.190183639526367,175.44033813476562,-81.53044128417969,2.5474798679351807,0.9095923900604248,0.7160017490386963
SB68161_component_2115a,174.452899,-82.092036,1.774999976158142,11.378204345703125,174.44740295410156,-82.09354400634766,2.615464210510254,0.8621489405632019,0.6786558032035828
SB68161_component_2157a,173.398615,-84.509557,1.7869999408721924,10.329480171203613,173.40379333496094,-84.50867462158203,2.2933528423309326,0.9898887276649475,0.7792084813117981
