Component_ID,RA,DEC,RA_comp,DEC_comp
SB66908_component_15a,257.421177,43.311558,257.421194,43.31237
SB66908_component_38a,255.352741,39.90977,255.352645,39.910303
