Component_ID,RA,DEC,RA_comp,DEC_comp
SB66874_component_6a,92.895999,-11.929241,92.896105,-11.929397
SB66874_component_9a,92.006418,-15.343476,92.006383,-15.343605
