Component_ID,RA,DEC,RA_comp,DEC_comp
SB67360_component_2a,318.372618,40.214501,318.372859,40.214274
