Component_ID,RA,DEC,ASKAP_flux,ASKAP_flux_SNR,RA_comp,DEC_comp,Comp_flux,Flux_Ratio_AlphaCorr,Flux_Ratio_NOAlphaCorr
SB70673_component_4a,52.874529,-26.763211,379.9809875488281,1652.0911865234375,52.87449753615983,-26.76310061571499,392.79093175859754,0.9132396924360603,0.967387372838734
SB70673_component_16a,54.022884,-29.06513,175.531005859375,852.09228515625,54.02288787481991,-29.06505319187115,177.85309783933877,0.9317014517578498,0.9869437642179198
SB70673_component_20a,49.864296,-30.794266,152.26100158691406,253.76832580566406,49.86448154642804,-30.794260139041356,168.99542382554156,0.8505465796223259,0.9009770687287788
SB70673_component_23a,52.575272,-29.637841,142.59300231933594,738.8238525390625,52.57526090225228,-29.63771192873653,148.34648125342858,0.9074136932259231,0.961215939296439
SB70673_component_24a,54.82933,-29.242957,134.70700073242188,189.72817993164062,54.829249785877145,-29.24275116001028,118.52485994976483,1.0729144159053228,1.1365295077295652
SB70673_component_26a,53.972121,-27.461306,119.34600067138672,599.7286376953125,53.97212565356443,-27.461163866642696,122.24994769724431,0.9216023065827981,0.9762458219364698
SB70673_component_28a,47.784882,-27.185912,132.14500427246094,353.3288879394531,47.78497520939444,-27.1857949058718,143.8272899634694,0.8673488693708192,0.9187755974963051
SB70673_component_30a,51.567005,-25.536519,113.40599822998047,381.83837890625,51.56705590757078,-25.53655792044236,118.43352078914606,0.903952791711365,0.9575498344922433
SB70673_component_34a,54.327337,-29.134834,106.63200378417969,393.4760437011719,54.327325875324654,-29.13471785729239,105.51188915197487,0.9540486825992568,1.0106160039518528
SB70673_component_36a,51.644297,-30.233701,93.76799774169922,355.18182373046875,51.64434815300981,-30.233658123488986,97.73764124550999,0.9056849552160103,0.9593847011936854
SB70673_component_38a,53.629072,-25.919605,100.47000122070312,515.2307739257812,53.629083888083784,-25.919520264211197,103.67100011534009,0.9148786316900505,0.9691234878502603
SB70673_component_42a,48.879798,-29.666471,87.68499755859375,409.74298095703125,48.87981521209974,-29.66639826792713,82.3921176602386,1.0046712943411098,1.0642401245247934
SB70673_component_45a,49.004126,-25.100015,80.90899658203125,75.6866226196289,49.00421450912426,-25.099996051517934,98.89375646681808,0.772346719322946,0.8181405932252025
SB70673_component_46a,52.717193,-25.032633,82.0459976196289,250.9051971435547,52.71730307848925,-25.03263869241025,74.9322010669789,1.033649443344345,1.0949364418948706
SB70673_component_47a,54.536805,-28.769031,77.23400115966797,154.15968322753906,54.53674147760447,-28.76894906212148,74.1308211363719,0.9835446681127353,1.0418608613222753
SB70673_component_48a,50.927999,-27.06746,83.77100372314453,398.9095458984375,50.92797902526125,-27.06737588108881,86.45130442175393,0.9147586678595664,0.9689964111410799
SB70673_component_50a,53.448027,-28.926784,84.20600128173828,423.1457214355469,53.44803376901285,-28.92672287308935,83.1672286564445,0.9558179434844757,1.0124901676065805
SB70673_component_52a,51.032158,-30.406236,74.52300262451172,251.7668914794922,51.032277700694806,-30.40626269339737,88.38085068700877,0.7960063499083093,0.8432030473255668
SB70673_component_55a,50.740604,-29.309069,75.94599914550781,454.7664794921875,50.74062769728357,-29.309042414127482,82.1115099045788,0.873142698506355,0.9249129535404247
SB70673_component_56a,51.523458,-27.79299,73.79100036621094,470.00634765625,51.52349268425617,-27.792845524025076,79.63864830354962,0.8747095791567703,0.9265727374597085
SB70673_component_62a,52.966267,-27.124816,65.98600006103516,350.9893798828125,52.96622802741511,-27.12470635890071,69.47550068295105,0.8966118670599835,0.9497736527608472
SB70673_component_67a,47.782379,-28.52754,61.8390007019043,260.9240417480469,47.78243308930121,-28.527428847796752,70.14942760179417,0.8321903894677919,0.8815325059091812
SB70673_component_68a,49.894442,-26.115148,60.374000549316406,341.0960388183594,49.894444717901585,-26.114927349044116,65.75283929984805,0.8668018072943939,0.918196099091586
SB70673_component_71a,51.737485,-29.613568,57.28200149536133,316.47515869140625,51.737494653268286,-29.613497307722955,58.99792364526101,0.9165703867143461,0.9709155501773745
SB70673_component_73a,54.482329,-29.184296,56.875,179.41639709472656,54.48230654772763,-29.184146151940904,53.45247247413323,1.004472325601241,1.064029358558166
SB70673_component_84a,48.375952,-27.139829,50.28200149536133,261.88543701171875,48.37598384086007,-27.139764133236245,47.60678880167545,0.9970754730538656,1.0561939328617713
SB70673_component_85a,52.166943,-29.939415,52.27199935913086,290.3999938964844,52.16693833701027,-29.939343467476238,55.211952696681465,0.8937588791573408,0.9467515058976114
SB70673_component_86a,53.718368,-29.584494,49.43199920654297,225.71688842773438,53.718386673039134,-29.584352819037026,49.29185722503213,0.946710858048228,1.0028431061315268
SB70673_component_88a,54.942943,-27.41312,47.87099838256836,54.27550506591797,54.942783127058014,-27.41290343322582,45.80296545832802,0.9866503018716642,1.0451506338846523
SB70673_component_89a,54.526727,-27.957029,51.64099884033203,109.40889739990234,54.52662696299744,-27.95686340528781,50.0714059182163,0.9736193863004805,1.0313470910858666
SB70673_component_92a,48.287918,-29.096907,48.61899948120117,231.51905822753906,48.2879070562896,-29.09687299251548,50.86784696614232,0.9022918323443947,0.9557903937542711
SB70673_component_93a,52.713985,-27.503966,47.29499816894531,286.6363525390625,52.71407519547531,-27.503858776381627,47.37469086295316,0.9424388675225048,0.9983178213397026
SB70673_component_100a,52.967043,-25.837235,46.39899826049805,231.9949951171875,52.967029933292096,-25.837169535412965,47.375321358640704,0.9245721346782529,0.9793917366649253
SB70673_component_104a,49.726913,-28.714426,47.13600158691406,274.0465087890625,49.726949236471384,-28.714358689004982,48.69488188744843,0.9138055424428116,0.9679867731451222
SB70673_component_105a,51.107602,-25.357686,45.7859992980957,113.33168029785156,51.10761976698857,-25.357796372955043,60.02356112988418,0.7201041338151849,0.7628004476278906
SB70673_component_111a,53.265915,-30.389185,45.25600051879883,138.39755249023438,53.26604281098155,-30.389048057294552,46.15623181511484,0.9256145858712944,0.9804959967286321
SB70673_component_112a,51.178932,-27.335586,41.9630012512207,259.0308837890625,51.17892432282006,-27.33549775904702,43.81243682157069,0.9041770879546248,0.9577874296770584
SB70673_component_113a,47.204386,-30.261741,47.013999938964844,60.04342269897461,47.2044763643925,-30.26163605029354,47.85788451515019,0.927380735082053,0.9823668642119314
SB70673_component_114a,54.434983,-25.887239,40.904998779296875,125.09174346923828,54.43487735472087,-25.887152244679296,39.743412569583334,0.9716180937244969,1.0292271381497453
SB70673_component_115a,49.236124,-30.009501,39.78799819946289,208.3141326904297,49.236157306474084,-30.009372611231814,40.311972149561726,0.9317564528165265,0.9870020263916924
SB70673_component_116a,53.884284,-25.398724,44.5359992980957,122.01643371582031,53.884341963353364,-25.398665492874,48.172112650755345,0.8727701271684942,0.9245182917547913
SB70673_component_118a,51.154379,-27.600524,41.347999572753906,229.7111053466797,51.1543849367195,-27.60046705453858,42.63850816234689,0.9154547169285855,0.9697337302543666
SB70673_component_120a,48.606943,-28.268041,46.52399826049805,275.2899169921875,48.6069482449137,-28.267932814537414,48.80739846575249,0.899861634535203,0.9532161049957072
SB70673_component_121a,47.204209,-26.616515,44.05099868774414,55.90228271484375,47.20421989567272,-26.61645820851082,47.63927076508142,0.8729211551471417,0.9246782744632731
SB70673_component_123a,54.748028,-28.772191,42.694000244140625,58.80716323852539,54.74798477490563,-28.772062326917816,44.42584306077283,0.9072260979231742,0.9610172211191781
SB70673_component_125a,49.572857,-28.109537,41.87200164794922,240.64369201660156,49.57283070076201,-28.109463831639683,43.86497522107212,0.9011357072446481,0.9545657198464458
SB70673_component_127a,50.436421,-25.121538,40.72100067138672,44.65021896362305,50.436467405240194,-25.12170808139556,51.49200957308498,0.7465569884767229,0.7908217412565639
SB70673_component_130a,48.475446,-27.247003,41.61800003051758,228.6703338623047,48.47548796647343,-27.246940359530257,45.11316644283699,0.8708879072384135,0.9225244715032772
SB70673_component_134a,48.826371,-25.865083,38.680999755859375,191.49009704589844,48.82632721065004,-25.865013373240657,42.79873091353335,0.8532006229948784,0.9037884752706088
SB70673_component_139a,53.543508,-26.276288,39.917999267578125,196.64039611816406,53.54350350045955,-26.276177547458623,41.41521690677874,0.9098990055971228,0.9638486104619302
SB70673_component_141a,48.294402,-30.274071,37.3380012512207,127.00000762939453,48.29436967358776,-30.273968531811843,26.746654082624406,1.3178499661719587,1.3959877424622178
SB70673_component_142a,51.122989,-26.080668,39.22999954223633,229.41519165039062,51.122956250381826,-26.080580389670278,38.68237124292628,0.9573915261518426,1.0141570509178697
SB70673_component_143a,53.077471,-30.343724,37.30799865722656,129.5416717529297,53.07760214140319,-30.343616920510335,38.35063123231593,0.9183617789539642,0.972813157395678
SB70673_component_144a,49.73839,-27.512412,35.58399963378906,234.1052703857422,49.7383748131476,-27.51237507883047,36.76958233810575,0.9135880896928631,0.967756427217069
SB70673_component_150a,54.492677,-28.429347,31.510000228881836,43.1053352355957,54.492577266098046,-28.429296341781505,31.846747384716227,0.9340447594869584,0.9894260110218979
SB70673_component_151a,47.834454,-25.570826,32.31999969482422,37.93427276611328,47.83453533441198,-25.57075402223645,38.34615476994091,0.7956716641005739,0.8428485173736241
SB70673_component_154a,49.320036,-30.12297,33.09000015258789,172.34375,49.32006995219966,-30.12284743001053,39.87003200189294,0.783491969937755,0.8299466664841617
SB70673_component_155a,52.238126,-27.10175,31.368999481201172,181.32369995117188,52.23815288166324,-27.10162302510709,32.25771431037509,0.9180185154853677,0.9724495411974033
SB70673_component_156a,48.376766,-27.95611,32.731998443603516,180.83978271484375,48.37680973084909,-27.956013349984733,34.20037015525131,0.9034956795683596,0.9570656193198442
SB70673_component_161a,54.195003,-30.135977,29.606000900268555,60.42041015625,54.19483753848125,-30.1357606576341,28.31032740091674,0.9872319928332393,1.0457668143855468
SB70673_component_163a,48.635565,-29.233193,32.08300018310547,193.27108764648438,48.63556347178879,-29.23314659032335,33.94503798922391,0.8922427741996413,0.9451455082563301
SB70673_component_164a,49.459776,-29.516757,30.312000274658203,172.22727966308594,49.45978243911742,-29.51669045735446,29.787631245011127,0.9606451448163381,1.017603582686183
SB70673_component_169a,53.348928,-27.402074,30.878000259399414,177.45977783203125,53.34893670291433,-27.401945932730808,30.894753045268573,0.9435149875899482,0.9994577465680139
SB70673_component_171a,50.29126,-30.64272,32.606998443603516,70.12257385253906,50.29148240104663,-30.642760911475133,33.70859918167226,0.9131759865734305,0.9673198897369873
SB70673_component_176a,47.824024,-27.965611,29.26300048828125,109.19029998779297,47.82409570381686,-27.96551519581856,33.78129610245139,0.8177619722462011,0.8662486009871521
SB70673_component_178a,48.425552,-28.649432,29.875,166.89942932128906,48.42560339914445,-28.64927810803795,31.971773291570944,0.8821157044979306,0.9344179857510831
SB70673_component_179a,48.051587,-29.221894,28.32900047302246,109.37837982177734,48.05157715701628,-29.221810180101883,32.468735232414204,0.8236643036825441,0.8725008926353571
SB70673_component_183a,50.623504,-25.584067,28.094999313354492,118.54429626464844,50.62353752321678,-25.58410587445832,30.224487919612933,0.8775147780938535,0.929544261860708
SB70673_component_187a,50.755179,-30.350642,27.354000091552734,97.69285583496094,50.75530634555593,-30.350662502936277,27.204151626431734,0.9492268670593861,1.0055082939978692
SB70673_component_190a,54.424699,-26.388945,26.517000198364258,60.818809509277344,54.42463995216896,-26.38880181808883,22.962781007411586,1.0901450136062727,1.1547817396248954
SB70673_component_192a,50.388562,-25.88704,26.15999984741211,146.96629333496094,50.38856251122975,-25.886938322340423,26.71352999958817,0.9244657401442425,0.9792790338010515
SB70673_component_195a,50.442192,-28.428313,25.92300033569336,173.9798583984375,50.4421654373097,-28.42818442029591,26.76275161292535,0.9144055785084523,0.9686223864654326
SB70673_component_197a,48.344595,-25.466195,25.67799949645996,62.78239440917969,48.344695971923294,-25.46617370181765,29.29572788864519,0.8274490425044551,0.8765100356633421
SB70673_component_198a,47.424362,-29.428014,26.452999114990234,45.92534637451172,47.42439382485137,-29.427981617915634,29.564683839472035,0.8446680034090305,0.8947499407949911
SB70673_component_199a,54.573739,-29.056984,26.874000549316406,77.44668579101562,54.573693051758895,-29.05683025251673,26.195779804421758,0.9684681782333537,1.0258904583088673
SB70673_component_200a,48.128616,-27.546514,26.615999221801758,102.36923217773438,48.12876045412886,-27.546410904014753,29.687682589568606,0.8463516435850598,0.8965334071293881
SB70673_component_202a,47.238216,-30.123783,26.490999221801758,45.43910598754883,47.23829177748932,-30.123801719323573,25.56766985092956,0.97811868420334,1.0361131607321123
SB70673_component_203a,48.173929,-27.306674,24.929000854492188,104.74369812011719,48.174006168897364,-27.30657540623895,26.945212609062825,0.8733888084024818,0.9251736557501684
SB70673_component_204a,53.310423,-25.748182,24.333999633789062,98.1209716796875,53.31048613416957,-25.748100703411126,25.09090223486247,0.9155489813071257,0.9698335837432849
SB70673_component_208a,49.196821,-26.171988,24.770000457763672,144.01162719726562,49.19678307227786,-26.17187128416495,25.453975756573683,0.9186598866310013,0.9731289404315013
SB70673_component_209a,50.832154,-28.542574,25.15999984741211,156.27328491210938,50.83214944519801,-28.542501644018056,24.291668234328768,0.9777721383481756,1.0357460675284633
SB70673_component_210a,52.547132,-26.98183,24.577999114990234,130.04232788085938,52.5471440514822,-26.981715946292937,28.068389730585775,0.8266342414070841,0.8756469234930102
SB70673_component_214a,49.062134,-26.132672,23.628999710083008,134.25567626953125,49.062082841213304,-26.132587819757028,25.523349320261318,0.8739609686917722,0.9257797404874873
SB70673_component_215a,51.506164,-27.271934,22.91900062561035,136.42262268066406,51.50609983928497,-27.27183037224304,28.130650396760416,0.7691309146370332,0.8147341174966133
SB70673_component_216a,49.015066,-28.591379,23.454999923706055,136.36627197265625,49.01505359406841,-28.59129260490427,23.54870776532606,0.9402703044158285,0.9960206800919249
SB70673_component_219a,53.397378,-29.541961,22.795000076293945,121.89839172363281,53.39738634311398,-29.541834343462575,22.717456920853596,0.9472492053626402,1.0034133730597798
SB70673_component_220a,49.085717,-25.408018,23.240999221801758,57.24384307861328,49.08580045580512,-25.40801018203372,26.2610243656145,0.8354635332077887,0.8849997204310475
SB70673_component_224a,49.460499,-29.108185,22.57699966430664,137.6646270751953,49.46057607245937,-29.10815461349912,23.031302041897515,0.9254055513903549,0.980274568204419
SB70673_component_226a,52.421585,-28.136574,21.957000732421875,143.5098114013672,52.421573190047326,-28.136369461779722,21.9676164862557,0.9435706925775772,0.9995167544079957
SB70673_component_231a,48.656808,-28.221955,21.892000198364258,132.6787872314453,48.65681361654687,-28.221868295727567,23.2974552856305,0.8870770046282824,0.9396734505964217
SB70673_component_232a,49.948547,-27.268242,20.94700050354004,130.1055908203125,49.94856764307245,-27.26816844772749,23.451100639336254,0.8432240359188211,0.8932203577858557
SB70673_component_233a,48.42504,-25.087447,23.26099967956543,23.808597564697266,48.425173839471235,-25.08733637084167,26.188886469163286,0.8384857904492309,0.8882011729270978
SB70673_component_238a,49.676859,-25.483966,21.950000762939453,73.411376953125,49.67688819521403,-25.483934479485328,24.396605344434583,0.8493555004989843,0.8997153683082694
SB70673_component_240a,54.735792,-27.212013,20.007999420166016,31.409730911254883,54.735688328290124,-27.211823713279344,16.416461597844197,1.1505578923553876,1.2187766103502753
SB70673_component_245a,50.623579,-25.443555,20.26099967956543,66.64802551269531,50.62362794827937,-25.443624172855873,22.774851573349206,0.8398267028107326,0.8896215904772152
SB70673_component_254a,48.931223,-28.191556,22.520999908447266,136.49090576171875,48.931234325624395,-28.191459075794526,23.070658096951174,0.9215354586177972,0.9761750104312565
SB70673_component_255a,53.292313,-27.811802,20.900999069213867,122.94705200195312,53.292317791003484,-27.811685271750715,20.645639400120626,0.9557032724677403,1.0123686975319228
SB70673_component_258a,48.862982,-26.733571,21.27400016784668,127.38922882080078,48.862913081557245,-26.733485100607535,19.283184643192893,1.0414891821752483,1.103241013426512
SB70673_component_259a,52.384711,-25.745089,20.36199951171875,96.96190643310547,52.38470231088971,-25.745032485801765,15.38560579468614,1.2493674488831206,1.3234447693149236
SB70673_component_264a,50.61959,-26.426722,19.256000518798828,112.60818481445312,50.61960821844053,-26.426630179690882,20.420224468785324,0.8902048212074439,0.9429867212397127
SB70673_component_267a,53.625625,-30.258483,19.64299964904785,79.52631378173828,53.62562656658551,-30.258293426599465,19.32201991022247,0.9597091786233962,1.0166121213163415
SB70673_component_270a,54.755864,-26.288957,20.875999450683594,25.39659309387207,54.75561778828043,-26.288959791403776,18.907146445924173,1.0423309980240287,1.104132742103124
SB70673_component_274a,51.798672,-29.677015,18.738000869750977,103.52487182617188,51.79869800649358,-29.67693853002357,19.314606113107356,0.9158445464150665,0.97014667345636
SB70673_component_275a,48.634651,-25.501551,18.266000747680664,56.37654495239258,48.63471031230377,-25.50151722969387,19.920075691741566,0.8656390735981907,0.9169644247513253
SB70673_component_277a,48.711477,-29.46294,19.8439998626709,113.394287109375,48.71148509717091,-29.462853281434246,19.417161077798657,0.9647790111419191,1.021982553637065
SB70673_component_278a,53.3039,-26.187616,18.79199981689453,94.43215942382812,53.30386701940475,-26.187532365688675,21.602868310023194,0.8211943376388062,0.8698844777096341
SB70673_component_281a,50.013222,-29.688743,18.763999938964844,114.41462707519531,50.01332512569092,-29.688642171153223,19.25493407675781,0.9199574729608574,0.9745034630689512
SB70673_component_283a,49.761403,-28.953221,20.527000427246094,130.74522399902344,49.761462465071084,-28.95320712748716,22.50320429064949,0.861123603197946,0.9121812237102365
SB70673_component_289a,50.713141,-30.726363,17.481000900268555,26.32680892944336,50.71331406047397,-30.726443664760772,20.758372098385003,0.7949821318092972,0.8421181014299562
SB70673_component_293a,53.797996,-27.180702,18.02899932861328,84.6431884765625,53.79794610719957,-27.180569876274646,19.005150343251476,0.8955393589622663,0.9486375536626673
SB70673_component_294a,52.253061,-25.542931,17.660999298095703,62.85053253173828,52.253119710221725,-25.542938918493874,19.0321305111732,0.8760163882586081,0.9279570297044492
SB70673_component_297a,50.949002,-28.564383,18.913000106811523,116.74691009521484,50.94905019161864,-28.564246722278693,20.088143790071644,0.8888019145442556,0.9415006336304241
SB70673_component_298a,47.886486,-25.762928,18.79599952697754,30.965402603149414,47.886497393716795,-25.76284161922745,13.136041853114897,1.3507820061191806,1.430872384326373
SB70673_component_308a,54.827624,-27.164215,19.048999786376953,22.175785064697266,54.827565860190504,-27.16401404697645,16.69758307277199,1.0769683214836447,1.1408237769117204
SB70673_component_309a,49.640812,-26.13548,19.200000762939453,110.982666015625,49.64078736778624,-26.135254678394382,20.477439537475725,0.8851359059685232,0.9376172605858055
SB70673_component_311a,51.576643,-29.995692,17.433000564575195,97.93820190429688,51.57664204045408,-29.995613422360734,18.18989222397427,0.9047453988968043,0.9583894368323145
SB70673_component_314a,54.51646,-28.747798,16.343000411987305,34.698516845703125,54.516445704776245,-28.747697205729295,19.33971632533001,0.7977486113567162,0.8450486106966427
SB70673_component_317a,53.59921,-27.424261,18.944000244140625,100.76596069335938,53.59918925003386,-27.42411142542576,19.871647797527707,0.8999578598456757,0.9533180356838604
SB70673_component_322a,48.813737,-30.599797,17.323999404907227,30.7708683013916,48.81377484392529,-30.599762467895857,16.674954089193,0.9807715921068215,1.0389233644807976
SB70673_component_328a,51.3938,-28.071002,16.59000015258789,105.66878509521484,51.39380228650337,-28.070904121984704,16.84517695233938,0.9297264305195826,0.9848516402960047
SB70673_component_331a,50.400608,-26.404749,16.094999313354492,98.1402359008789,50.40063448775202,-26.40462467761546,16.59803767410462,0.9154161735972638,0.969692901617223
SB70673_component_332a,48.090365,-27.057312,18.035999298095703,95.93617248535156,48.090374302701946,-27.05723493775961,18.47362019389183,0.9216638718394278,0.9763110375117042
SB70673_component_334a,53.906246,-27.849522,16.663000106811523,80.4975814819336,53.9062308340147,-27.84937861066937,16.684586972671816,0.9428054877742702,0.9987061791882741
SB70673_component_335a,52.136441,-28.926753,16.02400016784668,90.02246856689453,52.13645840228859,-28.92672434576915,14.510754058015559,1.0424742211113085,1.1042844571537083
SB70673_component_338a,48.377912,-30.111992,16.527000427246094,73.78125,48.3778941603784,-30.111870908001034,17.536056402319918,0.8897058977614286,0.9424582156943603
SB70673_component_341a,53.097868,-25.99352,16.25,83.76288604736328,53.09784316845379,-25.99342072436018,16.907565962135067,0.9073119683387814,0.9611081829514844
SB70673_component_345a,47.435889,-29.56186,15.616000175476074,30.559688568115234,47.43594478229895,-29.56177177701976,15.251284660910141,0.9666021189988467,1.0239137569506338
SB70673_component_347a,52.591093,-28.034953,15.65999984741211,98.49057006835938,52.59113322276824,-28.034738607484872,16.25864914376677,0.9092674805514752,0.9631796411214045
SB70673_component_355a,51.490154,-28.998366,16.150999069213867,102.87260437011719,51.49020291046093,-28.998287444721583,18.169641822578875,0.8391457333648038,0.8889002450859268
SB70673_component_356a,53.909098,-25.726177,15.699000358581543,75.11483001708984,53.90914017159781,-25.726112334465302,15.970053923688694,0.9280042851567776,0.983027385730671
SB70673_component_357a,50.199283,-27.06707,14.864999771118164,94.68152618408203,50.19929710503604,-27.066981086263908,20.42321766176996,0.6871081593223387,0.7278480804199539
SB70673_component_359a,48.519694,-28.058201,15.255000114440918,93.0182876586914,48.51968677956892,-28.05807149186598,16.037150228034303,0.8979856209627498,0.9512288590883111
SB70673_component_361a,52.865728,-29.371876,15.270999908447266,87.26285552978516,52.86571236794899,-29.371827241402183,15.241738343777632,0.9458392616775677,1.0019198311904876
SB70673_component_362a,48.647542,-29.197617,15.312999725341797,93.3719482421875,48.64754157842011,-29.19756491263317,16.626600270931018,0.8694431370635581,0.9209940382168299
SB70673_component_364a,50.483085,-29.874016,15.380999565124512,88.39655303955078,50.48308242117843,-29.873970711125143,14.811400306381223,0.9803311554029672,1.0384568134653607
SB70673_component_369a,53.013062,-26.646431,14.269000053405762,75.89894104003906,53.012963363336375,-26.646326959105387,12.985039475259935,1.0373722591356958,1.0988799903606088
SB70673_component_374a,51.278781,-28.00295,14.918999671936035,98.15131378173828,51.27884526216298,-28.002825332008108,15.936030070211178,0.8837795104153676,0.9361804418167953
SB70673_component_379a,54.1943,-25.588794,13.970999717712402,43.79623794555664,54.19422520438064,-25.58870960820857,13.62899827090379,0.967715979069829,1.0250936598575071
SB70673_component_380a,52.390733,-28.694546,15.11400032043457,82.14130401611328,52.390748229128306,-28.69445069368438,14.627859554884857,0.9754005810293854,1.0332338961640748
SB70673_component_381a,54.508073,-26.313979,14.663999557495117,29.269460678100586,54.50795953313685,-26.313907458854455,12.664536608290332,1.0930688043902765,1.1578788874040538
SB70673_component_382a,48.195868,-25.688598,15.22700023651123,39.965877532958984,48.19592758405776,-25.688466034329192,16.463266914345052,0.8731376186219298,0.9249075724602013
SB70673_component_385a,54.541917,-27.798706,13.855999946594238,35.803619384765625,54.54179303461687,-27.79855644489162,12.911479391849106,1.0130858077746387,1.0731535501145901
SB70673_component_389a,52.901262,-29.669923,14.70300006866455,81.6833267211914,52.901307286103936,-29.669828002759086,12.062907254235295,1.150637000458759,1.2188604089202724
SB70673_component_390a,47.108178,-28.21671,14.322999954223633,15.914444923400879,47.108334266208956,-28.216732529136795,14.19086632791487,0.952816888086417,1.0093111740506528
SB70673_component_391a,48.49791,-26.060558,13.24899959564209,62.79146957397461,48.497908252451374,-26.06051454714561,14.369586046297098,0.8704086419594238,0.9220167896942465
SB70673_component_396a,49.644495,-28.470684,13.45300006866455,82.03048706054688,49.64452612826909,-28.47060764572676,12.908841236285486,0.9838213651868144,1.042153964280658
SB70673_component_397a,53.793858,-29.274392,12.972000122070312,70.5,53.79388704850758,-29.2742900035261,12.722780274635435,0.9625189353529963,1.0195884737498557
SB70673_component_399a,47.256178,-30.083396,13.897000312805176,24.126737594604492,47.25638493338099,-30.083292684027043,17.197079244609224,0.7628703566943394,0.808102359426033
SB70673_component_400a,54.863996,-29.045853,13.342000007629395,20.123680114746094,54.86397131473872,-29.04568072635089,10.772200632181644,1.1692324712270028,1.2385584397463363
SB70673_component_402a,54.60804,-25.491025,13.772000312805176,21.654088973999023,54.60808850506493,-25.49102625026744,11.082361748825841,1.1731379024545003,1.2426954312571774
SB70673_component_403a,51.83414,-25.204167,13.633999824523926,23.187074661254883,51.83420689860249,-25.20425571224429,13.852592903039433,0.9291302021693145,0.9842200604575952
SB70673_component_404a,49.464927,-30.345588,14.027000427246094,49.390846252441406,49.46500074281807,-30.345505789322047,14.543904354553947,0.9104752931731355,0.9644590672004797
SB70673_component_405a,53.285164,-27.120371,13.53600025177002,79.15789794921875,53.28508886683564,-27.120261181904645,14.287670811180163,0.8943618859653938,0.9473902661011787
SB70673_component_409a,51.758199,-30.151446,12.08899974822998,55.96759033203125,51.758224713672234,-30.151434801785417,11.631898553630375,0.9811245151244418,1.0392972129607287
SB70673_component_410a,48.755776,-25.653515,13.289999961853027,57.78260803222656,48.75580826744243,-25.65342499416585,14.317640822991928,0.8762698743013735,0.9282255454062888
SB70673_component_411a,53.875955,-29.438761,13.788000106811523,66.60869598388672,53.87594795212235,-29.438684371873116,12.680619986601275,1.0264673861199145,1.0873285471357346
SB70673_component_412a,48.356561,-29.281796,11.765999794006348,57.67647171020508,48.35661286146066,-29.281697888235698,13.686355602875665,0.8115688725790515,0.8596883009187758
SB70673_component_415a,47.505188,-29.483012,12.055000305175781,26.320960998535156,47.5052290896553,-29.4829692372142,13.267828049145265,0.8577322827659258,0.9085888255804146
SB70673_component_416a,48.000242,-26.27587,12.762999534606934,45.910072326660156,48.00028124883897,-26.275788415932034,11.04911992643361,1.0904592248455356,1.155114581033109
SB70673_component_422a,51.681427,-29.870902,12.107999801635742,70.80701446533203,51.681428367644166,-29.87082704624178,12.135500276900245,0.9418876131114221,0.9977338820290046
SB70673_component_423a,49.554113,-27.257691,12.276000022888184,80.7631607055664,49.55410608528223,-27.257618194758905,11.856970210841434,0.9773891567523305,1.035340378241282
SB70673_component_425a,49.106855,-27.580811,11.836000442504883,75.87179565429688,49.106766511892246,-27.58075367001894,10.357428574731182,1.078791188390173,1.1427547249884922
SB70673_component_426a,54.513169,-28.262686,11.670000076293945,18.822580337524414,54.513079719313794,-28.26250584197491,15.45489279682813,0.7128353471145703,0.7551006810405716
SB70673_component_427a,48.504685,-25.691006,11.65999984741211,44.0,48.50466581608618,-25.690981334638447,12.56938192461365,0.8757274981776064,0.9276510107930791
SB70673_component_429a,47.567429,-26.043417,12.760000228881836,15.136418342590332,47.567341162591184,-26.043437009069184,14.400240798983981,0.8364987428404668,0.8860963095688044
SB70673_component_433a,48.69542,-28.980653,10.881999969482422,65.5542221069336,48.69548942697161,-28.980644604486503,12.443720921800452,0.8255489371960758,0.8744972695761752
SB70673_component_438a,49.825717,-29.158744,11.640999794006348,76.08496856689453,49.825810374298115,-29.15871657245807,10.75413599311135,1.0218781715430068,1.082467229488551
SB70673_component_439a,53.038994,-29.92392,11.652000427246094,61.32632064819336,53.03896101559807,-29.9238432952168,12.475997882300469,0.8816771069149986,0.9339533829014697
SB70673_component_442a,53.315636,-25.82574,11.402000427246094,51.827274322509766,53.31564667396818,-25.82567211991845,12.255132585961887,0.8783091427930755,0.9303857259208239
SB70673_component_443a,51.812648,-25.144729,11.555000305175781,16.602012634277344,51.81266604339848,-25.144755085390425,11.844419668421763,0.920959515164438,0.9755649182190329
SB70673_component_444a,48.197832,-26.599395,11.553000450134277,62.78804397583008,48.19790634493654,-26.599320887512082,11.23305586675009,0.9709150571023664,1.0284824171783231
SB70673_component_445a,53.086209,-27.008503,11.01099967956543,64.77058410644531,53.08616231639017,-27.008418723034833,11.312550114451227,0.9188626500335036,0.9733437260533696
SB70673_component_446a,53.471878,-28.085459,12.378000259399414,70.32954406738281,53.471886605052816,-28.08534874936713,12.679575733586137,0.9215738229357747,0.976215649441022
SB70673_component_447a,49.340779,-26.817795,11.395999908447266,75.97332763671875,49.34082235166482,-26.817671156593974,12.384640760767061,0.8686671299643611,0.9201720202129979
SB70673_component_457a,50.585784,-25.282872,11.10200023651123,23.82403564453125,50.585740217409516,-25.28292239015989,12.732863878824968,0.8231130756796271,0.8719169812986142
SB70673_component_461a,51.310682,-28.722598,11.347999572753906,73.21289825439453,51.3106644581508,-28.72250688896364,11.9296545233332,0.8979989082455581,0.9512429341988374
SB70673_component_462a,50.396037,-29.487468,10.850000381469727,64.58333587646484,50.39605210018234,-29.487292319397756,13.154992831932612,0.7786163201366129,0.8247819303353998
SB70673_component_467a,54.411537,-26.536273,10.027999877929688,18.674116134643555,54.411389551855244,-26.536120340710443,9.799296732381233,0.9660592785694337,1.0233387305022326
SB70673_component_470a,53.211629,-30.395179,10.557000160217285,34.38762283325195,53.211742572237206,-30.39499353384962,10.947081894267576,0.9103880028499699,0.9643666012716542
SB70673_component_472a,53.954682,-27.821958,11.293999671936035,58.822914123535156,53.95471122037796,-27.821794510705224,11.423584628311955,0.9333181944376949,0.9886563665791244
SB70673_component_473a,48.808181,-29.615919,10.20300006866455,50.261085510253906,48.80819822450565,-29.615821872744856,10.744589649894777,0.8964424637261087,0.9495942051881404
SB70673_component_474a,50.134431,-28.403371,11.031999588012695,73.54666137695312,50.13436725387896,-28.403256676262853,10.104667842232036,1.0306627014025995,1.0917726104667107
SB70673_component_475a,50.824466,-25.847551,10.901000022888184,64.88690948486328,50.824463711408505,-25.847527483272884,11.535987110620445,0.8920638558618098,0.9449559815173797
SB70673_component_477a,53.333799,-29.081735,9.805000305175781,55.39548110961914,53.333764162136845,-29.081777008581405,11.89822506499576,0.7779466170964178,0.8240725193560016
SB70673_component_480a,52.731538,-28.814563,10.824000358581543,63.29824447631836,52.73153752041769,-28.814488783727317,9.661200404831737,1.0576478037222865,1.1203577097074053
SB70673_component_482a,48.02564,-25.756682,9.991000175476074,22.006608963012695,48.02565899633326,-25.756647617348296,11.537279069515849,0.8175040892160215,0.8659754275923341
SB70673_component_483a,48.0423,-29.922883,9.890000343322754,46.43192672729492,48.04219455579997,-29.922691394248258,10.087370658500257,0.9255559824709588,0.9804339186236617
SB70673_component_487a,49.543501,-26.130347,10.91100025177002,69.94230651855469,49.54345033527514,-26.130154082623424,10.663559962646033,0.9659323588105971,1.0232042854347665
SB70673_component_489a,50.781502,-27.508229,10.727999687194824,71.04635620117188,50.781579022631966,-27.50815499477392,10.613572920923692,0.9542046066631468,1.0107811730435798
SB70673_component_490a,54.528799,-28.715742,9.480999946594238,20.215351104736328,54.52875547891289,-28.715723308728947,8.859595013151552,1.0102401830782752,1.0701392030358325
SB70673_component_492a,54.765993,-27.550274,9.954999923706055,18.78302001953125,54.76593890272024,-27.55004742709966,8.950419793726455,1.049982886684967,1.112238325478737
SB70673_component_495a,49.607203,-28.836794,10.026000022888184,66.39735412597656,49.607154137110875,-28.836786373129968,11.165006756804559,0.8477212617063176,0.8979842324571633
SB70673_component_496a,52.765211,-25.597458,9.508999824523926,39.13168716430664,52.76522114579377,-25.597397453803627,9.753617034773374,0.920351034262236,0.9749203593520902
SB70673_component_500a,48.521599,-28.70539,10.013999938964844,58.905879974365234,48.52157195309345,-28.705341425350777,10.18498633117554,0.9281784879772139,0.9832119173604269
SB70673_component_502a,54.544977,-29.163011,10.840999603271484,32.2648811340332,54.54482839503321,-29.16261764672588,7.42336792197572,1.3786458169857638,1.4603882923785039
SB70673_component_503a,47.529369,-26.310088,10.329999923706055,20.953346252441406,47.529281363172146,-26.31009304047696,12.06269464018808,0.8084261424556879,0.856359232479501
SB70673_component_504a,50.539923,-25.583059,9.694999694824219,39.57142639160156,50.53989133236443,-25.58306389341719,9.653891203253488,0.9480467732697612,1.0042582302519503
SB70673_component_509a,52.259263,-27.029666,10.065999984741211,60.27545166015625,52.259271362909175,-27.029520106545014,8.411244665160012,1.1297465515137057,1.1967313263916
SB70673_component_514a,47.344719,-29.526961,9.463000297546387,14.902362823486328,47.344826782757316,-29.52695449775053,9.104354032577742,0.9812147795899314,1.0393928293743098
SB70673_component_516a,54.781564,-28.965615,10.274999618530273,17.59417724609375,54.78142233350079,-28.965437110639677,9.655326424347324,1.0046139821970972,1.0641794142371357
SB70673_component_520a,52.927693,-29.274577,9.385000228881836,54.5639533996582,52.92768339480396,-29.274527883835134,9.353932849042828,0.947162302335307,1.0033213173902769
SB70673_component_521a,52.797822,-28.741952,9.428000450134277,56.79518508911133,52.797780515423,-28.741894760273716,9.01985841034004,0.9867434202846472,1.045249273461583
SB70673_component_523a,51.151324,-27.846921,10.494000434875488,67.70323181152344,51.15137674757518,-27.8468682332673,10.002139206949751,0.9904499810526335,1.0491756031133799
SB70673_component_526a,49.477925,-26.214897,10.345999717712402,62.32530212402344,49.47783592607539,-26.214736209080314,10.90980618964605,0.8952406451202087,0.9483211285211713
SB70673_component_529a,54.264582,-25.326395,9.145999908447266,19.133892059326172,54.26456587897924,-25.326334714720804,8.990694234882707,0.9603340541403601,1.017274046865257
SB70673_component_530a,54.504862,-28.570921,8.440999984741211,15.403285026550293,54.50486508511836,-28.570912650142773,8.873776162874396,0.8979864730472482,0.9512297616944847
SB70673_component_532a,47.932023,-30.359668,9.064000129699707,29.428571701049805,47.93199486973628,-30.359572946718732,9.908323161792959,0.863583041079323,0.9147864862392652
SB70673_component_533a,48.294719,-28.560826,9.449000358581543,52.49444580078125,48.29470016690798,-28.56064258162609,9.3160867641481,0.957495420811191,1.0142671056848618
SB70673_component_539a,50.596888,-28.639959,9.27400016784668,55.532936096191406,50.5968630053902,-28.639971411566727,7.465080037205344,1.1727812008996723,1.242317580203538
SB70673_component_540a,54.612399,-29.381613,9.545000076293945,22.88968849182129,54.61245866173181,-29.381496281192636,8.495999900363817,1.0605857859134427,1.1234698903286484
SB70673_component_542a,49.318196,-29.497692,9.704999923706055,58.4638557434082,49.31820150068045,-29.497633993058223,10.295842796137674,0.8898524454106289,0.9426134524263264
SB70673_component_543a,51.883835,-28.440322,8.873000144958496,57.616886138916016,51.88384388743118,-28.440135613938743,8.852883513529907,0.946172025621202,1.0022723253274308
SB70673_component_544a,48.606392,-28.492951,9.4350004196167,51.27717590332031,48.606422107216495,-28.492811341687673,9.571369385402766,0.9305767794629762,0.9857524080102851
SB70673_component_545a,51.964509,-30.567957,9.444999694824219,21.22471809387207,51.96473889359252,-30.56798478273431,9.411053719979456,0.9474320249027981,1.0036070323106003
SB70673_component_548a,52.072345,-30.553629,8.779000282287598,20.511682510375977,52.07252344884393,-30.553624202534756,10.499830410631093,0.7893091606728888,0.8361087692805826
SB70673_component_552a,49.448149,-28.454378,8.97599983215332,55.067481994628906,49.44824656932882,-28.45438088529962,8.615058919682253,0.9835783225508643,1.0418965111946534
SB70673_component_554a,51.832198,-28.043612,8.182999610900879,48.135292053222656,51.832209153156995,-28.043582129201,7.997397222444561,0.965935723068382,1.0232078491656547
SB70673_component_556a,48.799216,-27.448262,9.199999809265137,59.740257263183594,48.799228816712144,-27.44818157602923,9.974733495876789,0.8707046866073113,0.9223303873800839
SB70673_component_557a,53.377017,-28.907892,8.916999816894531,49.265193939208984,53.37712306693603,-28.907839931108796,8.008298900639382,1.0511455309623765,1.1134699050983972
SB70673_component_561a,50.794045,-26.252108,8.960000038146973,52.093021392822266,50.79408296493478,-26.252034554667116,9.611069223938038,0.8800769995562608,0.9322584022005102
SB70673_component_566a,47.550936,-29.571443,9.034000396728516,22.98727798461914,47.5509704191127,-29.571389230357838,9.109675063256686,0.9361847963004131,0.9916929345994568
SB70673_component_572a,53.454304,-27.643891,8.380000114440918,46.5555534362793,53.45422340676501,-27.643872046558663,8.797834956701399,0.8991922990406224,0.9525070833543868
SB70673_component_573a,54.88922,-29.080003,7.96999979019165,11.385714530944824,54.889282023757424,-29.079801325181396,6.301385949821684,1.1940062345730174,1.2648010856115208
SB70673_component_574a,51.622628,-26.356062,8.652000427246094,52.756099700927734,51.62261921907256,-26.35580928688268,9.5328362565045,0.856798630621545,0.907599815463379
SB70673_component_575a,49.421988,-25.26592,8.701000213623047,15.427305221557617,49.421924661652525,-25.26607033482634,10.213675989661452,0.8042137008009744,0.8518970273220362
SB70673_component_576a,47.356557,-27.909196,9.241000175476074,13.95921516418457,47.356742086448875,-27.909142563224123,10.321282839454964,0.8452198032350727,0.8953344578593162
SB70673_component_577a,51.045677,-25.834578,8.76099967956543,52.148807525634766,51.045682305966224,-25.834576731859652,9.203765725708783,0.8986125377491241,0.9518929469372978
SB70673_component_578a,48.227123,-30.018676,7.7789998054504395,38.32019805908203,48.22709535592612,-30.018663518511744,8.688246021526616,0.8452321643367599,0.8953475518737195
SB70673_component_579a,47.094341,-28.31152,9.133999824523926,10.670560836791992,47.09472713716206,-28.311308964404805,8.397799145969456,1.0267858628603854,1.0876659069546586
SB70673_component_581a,51.966264,-27.882346,8.309000015258789,53.60645294189453,51.96627260609658,-27.882244271738422,7.19326001867337,1.0904540386632882,1.1551090873524674
SB70673_component_582a,49.766114,-28.347754,8.383000373840332,51.74691390991211,49.76608318286547,-28.34765712798198,8.621751936638981,0.9178851148818333,0.9723082310239001
SB70673_component_583a,48.432715,-30.435099,8.456000328063965,22.194225311279297,48.43274361847276,-30.43503075532056,8.153292161816417,0.979075878568662,1.0371271089321679
SB70673_component_591a,54.579718,-27.167284,7.408999919891357,15.53249454498291,54.57956945429111,-27.167147081528103,7.748309184000052,0.9026866354870683,0.9562086055097859
SB70673_component_593a,51.808775,-25.508286,8.505999565124512,31.503700256347656,51.80887323356687,-25.508294198593486,8.103882119770084,0.9908698315345661,1.0496203473114978
SB70673_component_594a,47.479765,-28.45129,8.312999725341797,25.114803314208984,47.479866497297124,-28.45119718738584,9.257100513543698,0.8477487374047726,0.8980133372408969
SB70673_component_599a,51.521108,-26.899867,8.053000450134277,47.37059020996094,51.52110087574765,-26.899719003648382,8.696694788855929,0.8741538193457362,0.9259840256155142
SB70673_component_600a,51.665512,-30.076253,7.763999938964844,41.518714904785156,51.66562223887039,-30.076217922224878,7.302434996956567,1.003695988368249,1.063206990846292
SB70673_component_603a,53.930276,-26.992546,7.511000156402588,29.45490264892578,53.93019095405196,-26.99250893586652,7.19658194917443,0.9852713641126276,1.0436899363404355
SB70673_component_604a,48.679702,-30.030075,8.298999786376953,37.55203628540039,48.679616098634035,-30.029975415343735,8.07167873403922,0.9706133273756177,1.028162797334722
SB70673_component_605a,52.282028,-27.129781,7.796000003814697,47.82822036743164,52.28207606766108,-27.129696579913585,8.41597060068745,0.8744842374859525,0.9263340348619907
SB70673_component_606a,53.054598,-29.176782,7.9679999351501465,44.51396560668945,53.054537926357845,-29.176627541281917,9.683050205160631,0.7768219759508125,0.822881196144533
SB70673_component_607a,48.035238,-27.429121,8.144000053405762,28.982208251953125,48.0352347749877,-27.428993929128143,8.752981442354782,0.878347005350012,0.9304258334192025
SB70673_component_608a,52.785772,-29.906879,7.127999782562256,38.9508171081543,52.785759796377945,-29.90674159317582,7.634685939566566,0.8813752806227192,0.9336336607667878
SB70673_component_611a,52.043376,-26.359635,8.267000198364258,46.184356689453125,52.043338310072656,-26.359545755595516,8.521064997259762,0.9158797033620215,0.9701839149241078
SB70673_component_612a,49.569814,-26.36166,7.914000034332275,48.552146911621094,49.56977167637211,-26.36145917836184,9.643366922743965,0.7747324036365077,0.8206677292001653
SB70673_component_615a,47.837585,-29.846845,7.699999809265137,34.84162902832031,47.837433352619804,-29.846839605115477,8.636171229745235,0.8416932312975175,0.8915987889105673
SB70673_component_617a,52.36032,-27.312307,7.25600004196167,44.790122985839844,52.36030180534486,-27.312197149583834,8.08050029276456,0.8477023576510345,0.8979642075452724
SB70673_component_619a,52.282514,-26.598727,7.538000106811523,42.34831619262695,52.28251679017672,-26.59857211704324,7.587113825112866,0.9379159133815069,0.993526692832948
SB70673_component_626a,51.899538,-27.031461,7.177999973297119,39.010868072509766,51.899509265959644,-27.031393595440136,7.645706883844671,0.8862784161003217,0.938827512268903
SB70673_component_628a,51.050092,-25.269107,8.298999786376953,17.96320343017578,51.05003032326667,-25.269197482203435,7.388416255418224,1.0603732495184583,1.1232447522553919
SB70673_component_631a,54.390601,-28.512276,6.764999866485596,14.517167091369629,54.39046055291479,-28.512322318584097,7.895473120417692,0.8088611896235284,0.8568200744033068
SB70673_component_632a,50.646778,-27.65651,7.723999977111816,52.54421615600586,50.64683677771166,-27.656484652728224,7.376067926767157,0.988557012299154,1.04717039672073
SB70673_component_635a,54.730277,-29.233452,7.890999794006348,17.117136001586914,54.73017701155366,-29.233201959293005,6.77845815439366,1.098969090049947,1.164129011977681
SB70673_component_636a,50.030017,-30.68731,7.392000198364258,13.688888549804688,50.0299578246381,-30.687405562388456,6.138584304123484,1.136784412832283,1.2041864756013554
SB70673_component_638a,53.048374,-27.624074,7.021999835968018,44.44303512573242,53.04845073107839,-27.62392414903724,8.428853745479168,0.7864600410401252,0.8330907200441436
SB70673_component_639a,53.025204,-27.543403,7.6570000648498535,47.26543426513672,53.025304194146756,-27.543299337064408,10.590697394581218,0.6825248313803739,0.7229929984372507
SB70673_component_641a,53.643041,-26.333599,7.546999931335449,40.57526779174805,53.643045476215654,-26.33368082572978,7.157085207359521,0.9954570419581799,1.0544795419754098
SB70673_component_642a,48.774819,-29.593707,7.517000198364258,39.15104293823242,48.77483415057321,-29.59361188558204,6.257751740664702,1.1339935825269802,1.2012301717750469
SB70673_component_644a,53.382862,-27.154711,7.50600004196167,40.793479919433594,53.38275861226998,-27.15452285823635,6.284495606414682,1.1275154467920057,1.1943679353200882
SB70673_component_645a,48.071634,-27.253894,6.929999828338623,27.499998092651367,48.071703691405446,-27.25382725972897,8.535022540563988,0.7665013361675705,0.8119486264274932
SB70673_component_648a,53.984918,-26.700044,7.631999969482422,25.27152442932129,53.984953921056054,-26.700045818988844,7.349473894968935,0.9803168626946839,1.0384416733158124
SB70673_component_652a,48.262906,-29.707913,7.2210001945495605,38.409576416015625,48.26291366347502,-29.70780003008895,10.44939238624933,0.652365046704969,0.6910449840176249
SB70673_component_653a,49.305169,-29.195083,7.2170000076293945,47.48026657104492,49.305167313146065,-29.195096272610762,7.274885673213847,0.9365153452740063,0.9920430824366646
SB70673_component_654a,51.006524,-27.63291,7.330999851226807,48.5496711730957,51.00660614599991,-27.632727860386193,8.129836426522138,0.8512669410230604,0.9017401416971602
SB70673_component_655a,50.174569,-28.888663,6.679999828338623,41.75,50.174463729444064,-28.888651004355903,7.34848346749906,0.8581497783999447,0.909031075307305
SB70673_component_659a,53.950594,-28.733956,7.166999816894531,33.49065399169922,53.95053038208742,-28.73389895999253,7.530875030037869,0.8984135995568889,0.9516822133295302
SB70673_component_662a,47.446785,-28.663351,7.202000141143799,15.656521797180176,47.44681573754911,-28.66317390698291,6.907433457711022,0.9842848045374905,1.0426448818126421
SB70673_component_665a,53.669843,-29.264532,7.218999862670898,40.105552673339844,53.66975855987951,-29.264516121518756,7.113810817259792,0.9579858334829839,1.0147865958363544
SB70673_component_667a,51.822863,-29.511168,7.534999847412109,48.92856979370117,51.822835843860105,-29.511087010048932,8.310161498297846,0.8559692214307663,0.9067212290586035
SB70673_component_668a,49.619872,-25.483605,7.441999912261963,24.724252700805664,49.6198183520641,-25.483558699723677,8.139872420619087,0.8630906806807702,0.9142649328766695
SB70673_component_669a,51.999426,-27.931924,6.751999855041504,44.13071823120117,51.999244959600226,-27.93195941857687,7.250351063667648,0.8791394188340728,0.93126523057298
SB70673_component_678a,52.478516,-30.108499,6.827000141143799,36.70429992675781,52.47856169809471,-30.108310147124712,6.567805957961374,0.9812822955643928,1.0394643484965074
SB70673_component_682a,50.571649,-28.697233,6.343999862670898,38.92024230957031,50.57161285449436,-28.69708519230906,6.917818250455493,0.8657218562202422,0.9170521157090514
SB70673_component_683a,48.010724,-26.580986,6.941999912261963,35.783504486083984,48.010906824867895,-26.580965560903767,7.656450484932176,0.8559363893697929,0.9066864503236526
SB70673_component_684a,50.621642,-26.795109,6.88700008392334,40.51176452636719,50.62171281915287,-26.795049048764,6.951912272009018,0.9352122138788095,0.990662685956634
SB70673_component_686a,51.152818,-28.518696,7.257999897003174,51.112674713134766,51.1529290131479,-28.51857175567552,7.67042292996606,0.893268484498131,0.9462320348267014
SB70673_component_691a,51.568193,-27.272703,7.330999851226807,46.69426345825195,51.56819964464449,-27.27256740486407,7.432476582659175,0.9311379469354869,0.9863468481462658
SB70673_component_692a,50.82752,-27.636642,6.447999954223633,42.42105484008789,50.827450007630944,-27.636528021471598,6.365750614180164,0.9562242865980533,1.0129206035593434
SB70673_component_696a,47.593044,-27.822401,6.658999919891357,14.797778129577637,47.59306352964066,-27.822207332185663,8.061826978369842,0.779758111632374,0.8259914207731923
SB70673_component_699a,53.662964,-29.511329,6.870999813079834,34.52763748168945,53.66289693187755,-29.511162101447216,7.032609435331372,0.9223331169359984,0.9770199633951486
SB70673_component_700a,49.462589,-25.812069,6.635000228881836,31.297170639038086,49.46253194657844,-25.811862138622594,7.613579143173434,0.822690420566024,0.8714692661769963
SB70673_component_703a,49.199141,-29.242631,7.054999828338623,43.549381256103516,49.19919672252354,-29.242602178724585,6.764702793046992,0.9845383820238873,1.042913494379976
SB70673_component_705a,51.914604,-26.724013,7.0929999351501465,39.18784713745117,51.91463633357844,-26.72402210110965,7.144459127606689,0.9372273737973762,0.9927973284558798
SB70673_component_706a,50.479914,-29.489997,6.561999797821045,37.712642669677734,50.47994587429892,-29.4900215683177,6.487296104927643,0.9548977196747213,1.011515382015114
SB70673_component_714a,53.786341,-27.86021,6.764999866485596,36.370967864990234,53.786352783811566,-27.860091660966614,6.104680881429724,1.0461385131938226,1.1081660119310321
SB70673_component_720a,51.506865,-26.847149,6.534999847412109,39.367469787597656,51.50676313628677,-26.84696159964201,8.435740405401548,0.731318803302798,0.7746800557337727
SB70673_component_724a,51.139031,-29.466132,7.089000225067139,40.74138259887695,51.138923605336885,-29.466070716554963,7.4835695047123565,0.8942533141821245,0.9472752568948869
SB70673_component_725a,53.845299,-26.604102,7.183000087738037,29.43852424621582,53.845502192692244,-26.6039583692344,6.060072722051807,1.118954431815409,1.1852993218381762
SB70673_component_727a,49.933022,-25.309639,6.567999839782715,15.13364028930664,49.93296900658974,-25.309650603851193,7.082492778992263,0.8754500218892902,0.9273570824193974
SB70673_component_730a,50.634348,-25.903343,6.53000020980835,40.06135177612305,50.63434807783167,-25.903299070669988,6.9027899442094185,0.8930440931477723,0.9459943388957108
SB70673_component_737a,50.272442,-30.212159,6.449999809265137,36.440677642822266,50.272594108187064,-30.212085496430838,6.0328455727001815,1.0093036831894813,1.0691471763263194
SB70673_component_743a,54.290884,-27.269718,6.466000080108643,25.356863021850586,54.29085486659925,-27.269546549847444,6.367790588986753,0.958586476306385,1.0154228518902215
SB70673_component_744a,49.926346,-25.489113,6.861999988555908,23.909406661987305,49.92623931128808,-25.48912005398136,7.44592013124243,0.8699948952113222,0.9215785111316942
SB70673_component_745a,47.329997,-28.728741,6.565000057220459,10.674797058105469,47.329963350878465,-28.728891493938146,6.684338244031547,0.9271727965789506,0.9821465966481207
SB70673_component_751a,52.854033,-28.225984,5.585000038146973,32.09770202636719,52.8540753918196,-28.225855901875452,5.7449667969112355,0.9177407633068927,0.9721553205755221
SB70673_component_752a,48.343188,-29.829032,5.934000015258789,26.491069793701172,48.34323050981202,-29.829114895722167,4.741315500351177,1.18149816770312,1.2515513921862558
SB70673_component_753a,48.967761,-27.558027,6.163000106811523,41.64189147949219,48.96774464208434,-27.557952081332186,6.406559987830062,0.9081375701347634,0.9619827362139423
SB70673_component_754a,53.724584,-26.489637,6.670000076293945,30.879629135131836,53.72456300168734,-26.489599385658703,6.858969253370017,0.9180183190497062,0.9724493331147059
SB70673_component_755a,47.732787,-29.010296,6.126999855041504,13.06396484375,47.73266587730977,-29.01014359455586,7.277077025274882,0.794831852745939,0.8419589120413445
SB70673_component_760a,48.896153,-29.44618,6.289999961853027,35.7386360168457,48.89614712592426,-29.446117498998056,7.0300932067892035,0.844644434108862,0.8947249740271661
SB70673_component_763a,49.996716,-28.498867,6.51800012588501,42.051612854003906,49.99676195102738,-28.498631394078217,6.522078122668306,0.9434366268369486,0.9993747396601824
SB70673_component_766a,48.158937,-25.546486,5.817999839782715,13.344037055969238,48.15897811587785,-25.546439278970524,6.679735360658869,0.8222404024700469,0.8709925656708719
SB70673_component_769a,47.637888,-29.495386,6.535999774932861,17.906848907470703,47.63801041037558,-29.495358149784707,6.345564622599259,0.9723578442088202,1.030010749816554
SB70673_component_772a,47.716955,-26.755305,6.080999851226807,26.554584503173828,47.7168687583377,-26.755269148899583,7.987387870228421,0.7187114820675293,0.7613252229671555
SB70673_component_774a,52.196527,-27.25372,5.880000114440918,34.79290008544922,52.196581360269775,-27.253635610007567,6.619147670934107,0.8386092128061542,0.8883319132251842
SB70673_component_777a,53.260081,-26.683287,6.165999889373779,34.64044952392578,53.2600193540131,-26.68312691203959,6.461610620061725,0.9008388214541071,0.954251231145042
SB70673_component_783a,54.012156,-29.00793,6.197999954223633,32.450260162353516,54.01213001278246,-29.007839235584864,6.054874980863268,0.966341771852518,1.023637973337636
SB70673_component_784a,51.611951,-27.936601,5.678999900817871,37.36184310913086,51.61189957735819,-27.93654512254498,4.930109510813806,1.0874258674321722,1.151901370215293
SB70673_component_785a,50.364979,-25.626993,6.019999980926514,25.294116973876953,50.36506767286002,-25.627045215832613,6.8566934323409,0.8288312598957525,0.8779742072953178
SB70673_component_786a,49.217381,-29.924452,6.486999988555908,37.935672760009766,49.217443982949916,-29.924354075570836,6.83059679783834,0.8965398781466892,0.949697395490952
SB70673_component_787a,51.986988,-30.495099,5.755000114440918,14.87080192565918,51.987116100170375,-30.49509785994059,5.014946284621534,1.0833365998861182,1.1475696423885495
SB70673_component_788a,52.40727,-25.46677,5.75,17.530487060546875,52.40742391773322,-25.466674513500646,6.212133559210668,0.8737987621117362,0.9256079163775436
SB70673_component_789a,54.057483,-28.72208,5.750999927520752,23.189516067504883,54.057360864069885,-28.72198430915903,4.98163887394458,1.0898217855521146,1.154439346778056
SB70673_component_790a,53.643536,-29.09755,6.190999984741211,34.39444351196289,53.643564341166034,-29.097548059245586,6.033499999500906,0.9686700022242296,1.026104248819646
SB70673_component_793a,50.738117,-25.328364,5.6020002365112305,15.475139617919922,50.73801452039295,-25.32831078385152,5.934102610240833,0.8911943734549976,0.9440349458810379
SB70673_component_795a,54.877024,-27.917185,6.60099983215332,15.944443702697754,54.87715132387889,-27.917292723243214,4.465491449508403,1.395483881003451,1.4782247165382012
SB70673_component_796a,47.933638,-29.443097,6.413000106811523,23.490842819213867,47.933534346224306,-29.44302021665374,6.768291765566168,0.8944715671719901,0.9475064505105707
SB70673_component_798a,48.602391,-29.633707,5.790999889373779,30.64021110534668,48.6023104021769,-29.63349941130458,5.841282779895998,0.9359005235901453,0.9913918068313218
SB70673_component_802a,52.268138,-28.860482,5.964000225067139,34.27586364746094,52.26815549410032,-28.860419370663646,5.466092098058085,1.0300186092573462,1.091090328899863
SB70673_component_803a,53.204778,-27.680912,6.001999855041504,34.895347595214844,53.204810343160915,-27.680729009009042,6.130570604762002,0.9242286923498826,0.9790279310019481
SB70673_component_804a,50.554185,-27.666516,5.544000148773193,36.715232849121094,50.554202318207466,-27.6664226909108,5.71923624227349,0.9151021209184896,0.9693602281708446
SB70673_component_807a,48.726481,-25.227392,5.986000061035156,10.670231819152832,48.72639163066524,-25.227286428048952,6.437138888818874,0.8778659456061016,0.9299162507480874
SB70673_component_810a,52.873832,-27.538497,5.9070000648498535,37.38607406616211,52.87383895296894,-27.538466853656583,5.998512974593899,0.9296248787969073,0.9847440673827599
SB70673_component_811a,49.436702,-26.815509,5.614999771118164,37.68456268310547,49.4369263079684,-26.81533521996095,5.783863671456727,0.9164653714313731,0.9708043083428983
SB70673_component_814a,53.720009,-27.970468,5.6529998779296875,31.060440063476562,53.72015900985541,-27.97025426352975,6.015297014246497,0.8871688094472344,0.9397706986938879
SB70673_component_815a,53.46341,-29.375811,5.556000232696533,27.64179229736328,53.4634298918703,-29.375719491472594,4.935354998987491,1.0627429269653788,1.1257549322868101
SB70673_component_816a,54.537712,-28.900181,4.770999908447266,12.894594192504883,54.537577473362795,-28.899871316797288,4.5365369127457225,0.9928172722006612,1.0516832553578044
SB70673_component_823a,49.812995,-29.694954,5.763000011444092,34.71686935424805,49.812949181801486,-29.694858988318906,5.0409612601386575,1.0792439564051082,1.143234338461386
SB70673_component_824a,52.304546,-30.187804,6.145999908447266,29.980487823486328,52.30465635654755,-30.18773469306852,5.8559660735971715,0.9907825801875596,1.0495279226698002
SB70673_component_827a,48.145246,-27.200333,5.656000137329102,25.709091186523438,48.145479437098935,-27.20025986327817,6.4199390714938405,0.8316926619844706,0.8810052672373758
SB70673_component_829a,49.728066,-29.9617,6.132999897003174,34.07221984863281,49.72815369770598,-29.961564965851313,6.0105656411278074,0.9632565653899391,1.020369839244014
SB70673_component_830a,49.483731,-26.161827,5.5879998207092285,35.82051086425781,49.48356634065586,-26.161763672991093,6.617241986274015,0.7971934681720106,0.8444605520396989
SB70673_component_832a,51.040371,-25.529246,5.763000011444092,22.080459594726562,51.04041721281643,-25.52925429877822,6.294016656057445,0.8643807717351663,0.9156315158298325
SB70673_component_833a,48.138556,-30.339701,5.473999977111816,19.274646759033203,48.13846675974362,-30.33974827160293,8.835616550250853,0.5848605065234469,0.6195379740598186
SB70673_component_835a,53.589225,-25.366909,5.927000045776367,13.229910850524902,53.58921646095061,-25.366790515010404,6.741507065630929,0.8299698216258126,0.8791802764685921
SB70673_component_836a,54.058058,-27.323124,5.689000129699707,28.02463150024414,54.05798101173619,-27.322898225283744,5.91494142961414,0.9079665724851257,0.9618015997955246
SB70673_component_837a,52.368961,-28.605298,6.116000175476074,35.766082763671875,52.3689081874667,-28.605225991164314,5.518987808094818,1.0461462902347984,1.1081742500872362
SB70673_component_842a,50.070595,-26.429711,5.822000026702881,36.61635208129883,50.07055239560707,-26.42956789518499,6.4422256895846095,0.8531406442718471,0.9037249402975014
SB70673_component_848a,48.372435,-29.712861,5.4070000648498535,25.384977340698242,48.37231844913599,-29.712720251935597,5.680797723639182,0.898527583726976,0.9518029558331237
SB70673_component_850a,51.96987,-29.112645,5.3979997634887695,33.11656188964844,51.96992862147313,-29.112612166996463,5.202408399392732,0.9795188179306313,1.0375963109929756
SB70673_component_851a,49.628415,-25.953184,5.079999923706055,28.066299438476562,49.62839409698593,-25.952951277423573,5.5884303290873145,0.8581401652663383,0.9090208921931223
SB70673_component_852a,48.466055,-27.574986,5.241000175476074,29.778409957885742,48.46610600710335,-27.574889793497462,5.1904438348143085,0.9532219691636812,1.0097402731386216
SB70673_component_856a,50.765187,-27.724955,5.27400016784668,37.40425491333008,50.76522582471045,-27.724823058408763,5.713643675692086,0.8713875515872637,0.9230537406951349
SB70673_component_859a,48.661566,-28.440264,5.644000053405762,34.0,48.66160267306166,-28.440265689073815,5.567188765148151,0.9570517614931667,1.0137971409804651
SB70673_component_861a,50.274976,-28.88187,5.73799991607666,34.56626510620117,50.27494351689184,-28.881874665688397,5.5289542261976,0.9797198512778295,1.0378092639813417
SB70673_component_866a,48.022084,-26.773951,5.7179999351501465,32.4886360168457,48.02213798069733,-26.773932692824655,5.766592984837943,0.9360719070381223,0.9915733519227797
SB70673_component_869a,47.589423,-26.788502,5.633999824523926,18.351789474487305,47.589509146686936,-26.788296114611036,4.519720182578009,1.1767647364071068,1.2465373069423826
SB70673_component_872a,49.587195,-30.780053,5.420000076293945,23.06382942199707,49.58719437725528,-30.779950151716147,5.746970884863158,0.8903169887471808,0.9431055394015628
SB70673_component_874a,51.793688,-27.485294,5.360000133514404,35.263160705566406,51.793642665570424,-27.485189597473205,5.714241275225289,0.8855041307443932,0.9380073180937012
SB70673_component_876a,50.348415,-30.057717,5.2779998779296875,31.60478973388672,50.34849464850082,-30.057570155766296,5.432462769551426,0.9171850813223358,0.9715666911722814
SB70673_component_877a,50.970744,-25.367673,5.11899995803833,14.298882484436035,50.97113438268438,-25.367791215980187,5.138885885457394,0.9403737921006374,0.9961303037540998
SB70673_component_880a,51.621093,-28.94698,5.086999893188477,33.688743591308594,51.621014445469164,-28.946818732259636,5.359032282427798,0.8961066910056567,0.9492385238784039
SB70673_component_884a,53.667255,-26.502447,5.414999961853027,23.960176467895508,53.66713994732048,-26.502283361728562,4.683204514435817,1.0915401098520163,1.156259553722558
SB70673_component_886a,48.735555,-27.26033,5.159999847412109,31.851850509643555,48.735542531467836,-27.260308475971552,5.1063028721383175,0.9539541087330494,1.0105158226251678
SB70673_component_890a,53.106105,-26.636608,4.900000095367432,26.630435943603516,53.10573758990971,-26.636723210359797,5.189300748266373,0.891397911305642,0.9442505518695192
SB70673_component_893a,51.332705,-29.720633,5.568999767303467,34.59006118774414,51.33269858584162,-29.720367254042102,5.88288699751541,0.8936574048891849,0.9466440150313085
SB70673_component_895a,49.85879,-26.666239,4.98799991607666,32.6013069152832,49.85868907426066,-26.66606981308996,5.181357632068461,0.9087977282267742,0.9626820363074204
SB70673_component_896a,50.518327,-26.406444,5.013000011444092,31.33125114440918,50.51829663999126,-26.406392382345512,5.02308354250964,0.9421318135303298,0.9979925615450724
SB70673_component_900a,50.053408,-26.53899,5.145999908447266,31.187877655029297,50.05346261511494,-26.53878374750389,5.215998863562294,0.9313580032417853,0.9865799520003687
SB70673_component_901a,49.659896,-29.427916,5.019999980926514,31.572328567504883,49.659920818034614,-29.42795382434651,5.41501076388375,0.8751626124998703,0.9270526319925675
SB70673_component_902a,52.291576,-27.103163,4.949999809265137,29.117645263671875,52.2917256744838,-27.10305804562244,5.3439637503094275,0.8744320023228354,0.9262787025788715
SB70673_component_903a,52.693983,-26.825251,5.025000095367432,28.38983154296875,52.694125260544354,-26.825081391048748,4.973903999310742,0.9537247220644266,1.0102728351941996
SB70673_component_904a,50.510893,-26.892143,4.817999839782715,30.112499237060547,50.5107400932517,-26.892026178536142,5.194905663204759,0.8755349368798846,0.9274470321777645
SB70673_component_905a,51.109791,-28.396323,4.736000061035156,31.364240646362305,51.10992219486929,-28.39629156218282,5.377074620348066,0.8314765409705452,0.8807763320064522
SB70673_component_911a,48.199236,-27.113579,4.989999771118164,25.721647262573242,48.19930836062345,-27.11358195015191,5.580772361130197,0.8440935514406801,0.8941414285006973
SB70673_component_912a,52.630399,-25.482613,4.968999862670898,16.674495697021484,52.63044489938119,-25.482774059932392,5.068232559549674,0.9255434569592431,0.9804206504510533
SB70673_component_913a,48.288738,-30.451436,4.6579999923706055,13.084269523620605,48.28842076159072,-30.45122875689435,3.621208516632232,1.2143120793722832,1.2863109017269745
SB70673_component_914a,49.349185,-30.024866,5.158999919891357,27.73655891418457,49.34917611774663,-30.024753241953203,5.173319135526346,0.9414139200111725,0.9972321027835582
SB70673_component_916a,52.338868,-30.233362,5.090000152587891,23.674419403076172,52.33913561377837,-30.233384844481844,4.846868515939051,0.9913817540841958,1.050162622701502
SB70673_component_923a,51.206905,-25.356669,4.355999946594238,11.083969116210938,51.20705848844325,-25.356828948996192,4.869338456812554,0.844505083458091,0.894577361017056
SB70673_component_924a,52.528986,-29.796703,4.7829999923706055,28.470237731933594,52.52897095745734,-29.796584491457935,4.284699451592495,1.053815012198916,1.1162976648438918
SB70673_component_925a,49.504646,-26.838856,5.035999774932861,33.35099411010742,49.50454898092009,-26.838758074685305,5.232875619505974,0.9085098802809441,0.9623771213213551
SB70673_component_928a,54.49037,-29.467365,4.729000091552734,13.47293472290039,54.49034485559659,-29.467110888003678,5.3621147078714735,0.8325639210771737,0.8819281849026206
SB70673_component_930a,53.062742,-28.769582,5.182000160217285,29.953760147094727,53.062669495330816,-28.769472934412438,4.627418882588832,1.0571654774072292,1.1198467853677838
SB70673_component_933a,52.433506,-26.069795,5.416999816894531,32.24404525756836,52.43351716786499,-26.06971218227181,5.863249641517189,0.8721773418737763,0.9238903591171013
SB70673_component_939a,52.612998,-29.084305,4.436999797821045,27.73124885559082,52.6129022971379,-29.08425447303231,3.9730140739733537,1.0542744222558311,1.1167843141777913
SB70673_component_940a,51.031999,-25.651941,4.502999782562256,22.402982711791992,51.03202482798921,-25.652069029767596,3.9752907336311396,1.0693438952239853,1.1327472842342508
SB70673_component_941a,54.212164,-26.294238,4.744999885559082,17.44485092163086,54.212229113070876,-26.294111306464764,4.761297653643496,0.9407955158590633,0.9965770322987596
SB70673_component_946a,50.557878,-25.456076,4.942999839782715,15.945160865783691,50.55798345559257,-25.456022698048983,6.3222127755524316,0.7380841057978345,0.7818464856002569
SB70673_component_947a,52.537411,-26.4278,4.2779998779296875,26.085365295410156,52.537480133449336,-26.42777093415533,7.127934082825578,0.5665802840954516,0.6001738832346004
SB70673_component_949a,48.96009,-30.561269,4.489999771118164,10.564704895019531,48.96027309781723,-30.56113775109551,5.723614774711586,0.7405600628663302,0.784469246769742
SB70673_component_950a,52.158527,-26.347844,5.056000232696533,29.395349502563477,52.1584842545501,-26.3477911259977,5.2252545637864936,0.913448352470909,0.9676084047152509
SB70673_component_953a,48.9153,-27.956809,4.817999839782715,29.199996948242188,48.91524621252218,-27.95657047435231,4.433573035843801,1.0258816907174946,1.0867081247632475
SB70673_component_955a,51.183773,-30.119273,4.3379998207092285,23.83516502380371,51.183987526282074,-30.119328408985474,4.608514785644146,0.8886135051068424,0.9413010530469402
SB70673_component_956a,50.826441,-30.013242,5.015999794006348,26.967741012573242,50.82636167018314,-30.013198537857228,4.608980507490386,1.0273939486453756,1.088310047277155
SB70673_component_957a,51.216027,-25.52725,4.5,16.014236450195312,51.216260451488665,-25.527225658566962,3.6432670913515235,1.1660196455077578,1.235155119612891
SB70673_component_961a,48.297676,-25.460585,4.586999893188477,10.61805534362793,48.29776022970329,-25.46065006187104,4.2920371146449,1.0089034938953032,1.068723259064357
SB70673_component_966a,50.808514,-27.839118,4.71999979019165,29.5,50.80859440809459,-27.839031907186897,5.279399551108871,0.8439987685753978,0.8940410257829935
SB70673_component_967a,49.865885,-30.132371,4.796000003814697,23.86069679260254,49.86595365342579,-30.13227153743995,5.4593012353205355,0.8293282913062543,0.8785007086228512
SB70673_component_971a,53.538311,-28.529253,4.468999862670898,25.248586654663086,53.53834066205641,-28.529230169870445,4.443751752560238,0.949390576713252,1.0056817103016868
SB70673_component_974a,54.29369,-27.400444,4.270999908447266,17.87029266357422,54.29372508056077,-27.400445887578847,4.595979391608855,0.8772752039762952,0.9292904829480038
SB70673_component_976a,52.335241,-25.957055,4.245999813079834,22.230365753173828,52.33523891470555,-25.95694403986856,5.441215946530796,0.7366621790733108,0.7803402501948106
SB70673_component_978a,50.963295,-29.676783,4.533999919891357,25.761363983154297,50.96330712868334,-29.676784701492725,4.6973223644563715,0.9112037686300858,0.9652307353225659
SB70673_component_982a,52.834674,-29.33314,4.705999851226807,27.68235206604004,52.83440752442071,-29.333069287334254,3.90753268144775,1.136929813079512,1.2043404968997529
SB70673_component_985a,48.922556,-28.344556,4.466000080108643,25.965116500854492,48.92247668059575,-28.344364950627817,3.7814767996620815,1.114914724350361,1.1810200926018457
SB70673_component_988a,54.203373,-27.237384,4.750999927520752,18.704723358154297,54.20338561927953,-27.237345872688067,5.358154115661376,0.83705537137464,0.8866859416443491
SB70673_component_991a,48.123772,-29.263435,4.196000099182129,17.056909561157227,48.123807477785924,-29.26350780770382,4.3245303271283895,0.915969278039,0.9702788006503337
SB70673_component_992a,48.634656,-28.390072,4.906000137329102,28.523256301879883,48.63469650130043,-28.390086029131375,4.2026041656183875,1.1020300429387162,1.1673714544579799
SB70673_component_993a,50.636672,-26.338231,4.607999801635742,26.63583755493164,50.636850965582916,-26.338077916699064,4.3388734930810955,1.002581828227927,1.0620267700784096
SB70673_component_994a,50.360656,-27.779019,4.683000087738037,31.013246536254883,50.360494232623296,-27.778877302911837,4.593218655256943,0.9624793282761083,1.019546518295692
SB70673_component_996a,52.482026,-28.767771,4.09499979019165,24.969511032104492,52.48194703318903,-28.767603384327682,4.459479966630569,0.8668701155737263,0.9182684574958843
SB70673_component_1001a,50.622118,-27.532305,3.937999963760376,25.243589401245117,50.62220535568505,-27.532274614015158,4.445953435320228,0.8361711183824106,0.8857492596471007
SB70673_component_1004a,51.505589,-26.878772,4.734000205993652,27.68421173095703,51.50535464699924,-26.87861629687529,5.777980451874226,0.773457703112128,0.8193174493101766
SB70673_component_1005a,49.104185,-26.487777,4.4070000648498535,26.871950149536133,49.104147075020535,-26.487679258198703,4.893714935052147,0.8501366789989104,0.9005428643348007
SB70673_component_1006a,54.16963,-25.975151,4.624000072479248,21.11415672302246,54.16959305870997,-25.975045697606497,4.602050172813412,0.948529512095357,1.0047695915606278
SB70673_component_1011a,51.970364,-26.375488,4.145999908447266,23.55681800842285,51.97017337030568,-26.375262317017086,3.2718357488644876,1.196250575361718,1.2671784975410707
SB70673_component_1020a,51.923533,-27.710208,4.22599983215332,28.945205688476562,51.923524605775484,-27.7102278725203,4.348595557658511,0.9174128573928836,0.9718079725098183
SB70673_component_1022a,48.113844,-29.342276,4.085000038146973,18.07522201538086,48.113852226626086,-29.34213034262823,4.655728240704697,0.8283021860121377,0.8774137636368273
SB70673_component_1023a,51.637795,-29.892094,4.1479997634887695,24.257308959960938,51.63781858297606,-29.892011808204057,4.119973556788302,0.9504486521643694,1.0068025210147988
SB70673_component_1027a,51.400853,-26.84108,3.8919999599456787,23.16666603088379,51.40082512758347,-26.84118969367733,4.09298757713419,0.8976701117539971,0.950894642751582
SB70673_component_1030a,50.537813,-26.790568,4.39300012588501,26.624242782592773,50.53769168813949,-26.790271448078496,4.482366936939718,0.9252054332818792,0.9800625847209818
SB70673_component_1032a,48.620687,-26.782856,4.4120001792907715,25.801170349121094,48.620588870136245,-26.78269585703892,4.500566750806535,0.9254494013645171,0.9803210181251302
SB70673_component_1038a,48.006581,-29.583996,4.520999908447266,21.840578079223633,48.00671402795523,-29.583911013645803,5.110235252671014,0.8351759301817653,0.8846950648865397
SB70673_component_1040a,50.297314,-27.819697,4.474999904632568,27.286584854125977,50.29737845152727,-27.81959107370407,4.068232878747631,1.0384165228475264,1.0999861704107157
SB70673_component_1041a,50.945516,-29.262193,4.297999858856201,28.463577270507812,50.945514660923344,-29.262168524010026,4.281289272128145,0.9477115839515392,1.0039031669354475
SB70673_component_1045a,50.191196,-26.352983,4.2179999351501465,25.257484436035156,50.191220849132584,-26.35288332791894,4.18270572644589,0.9519927096801691,1.0084381285733546
SB70673_component_1046a,53.823798,-27.847382,4.389999866485596,21.6256160736084,53.82374985212328,-27.847199890645122,4.359311603458573,0.9506725592140413,1.007039703930014
SB70673_component_1047a,49.521814,-29.776332,3.7890000343322754,23.98101234436035,49.5217951025753,-29.77624048252177,3.6960559960984174,0.9677661594313626,1.0251468155060341
SB70673_component_1048a,53.753094,-28.922102,4.10099983215332,23.705202102661133,53.75317785857144,-28.922106748741363,5.030240916498393,0.7696359238626944,0.8152690696588092
SB70673_component_1049a,53.319692,-28.004551,3.6459999084472656,20.954023361206055,53.319584058031715,-28.00441521227053,3.4994638784370125,0.9835569309834279,1.0418738512813859
SB70673_component_1051a,51.960557,-26.308966,4.198999881744385,23.723163604736328,51.96057582918641,-26.308871015816475,4.583389171044961,0.8648553830079775,0.9161342676880001
SB70673_component_1052a,47.57296,-26.640783,4.002999782562256,12.62775993347168,47.57296329011912,-26.64050906097536,4.50148262783139,0.8394877300379919,0.8892625193781365
SB70673_component_1053a,49.729533,-29.161045,4.185999870300293,26.327043533325195,49.72947929257079,-29.161016772753953,4.078672480620735,0.968868291192488,1.0263142947097394
SB70673_component_1054a,53.968537,-26.666649,3.9779999256134033,12.873786926269531,53.96895577003305,-26.666451797500347,4.222384487585472,0.8893881897524556,0.9421216701864548
SB70673_component_1056a,50.568585,-29.847731,4.238999843597412,21.51776695251465,50.56881117120032,-29.847552531826953,3.253346942676315,1.2300347632986854,1.3029658128346635
SB70673_component_1060a,51.917299,-29.164506,4.419000148773193,27.618751525878906,51.917240036312116,-29.164610224845937,3.1542841878817818,1.3225361813555672,1.400951812062538
SB70673_component_1062a,51.877628,-29.509848,4.466000080108643,27.398773193359375,51.87754147879805,-29.5098451643699,4.108037466940627,1.0262866874172714,1.0871371344708305
SB70673_component_1063a,53.560766,-30.315136,4.125,14.891695976257324,53.560999105742546,-30.314889082457782,4.285154768984253,0.908744521202406,0.9626256745395884
SB70673_component_1069a,50.920274,-29.083365,3.9579999446868896,26.38666534423828,50.92017226488179,-29.0834359125873,3.8620445381369977,0.967481948789898,1.0248457534868771
SB70673_component_1070a,49.761532,-29.059607,4.0320000648498535,25.681528091430664,49.761311066133075,-29.05980175831508,3.337530408204019,1.140458966296538,1.2080789001768346
SB70673_component_1071a,51.214318,-26.66366,3.8450000286102295,25.633333206176758,51.214226564203315,-26.663515382301618,3.452852206552499,1.0512420456063516,1.1135721422751743
SB70673_component_1076a,51.312104,-28.270926,3.993000030517578,25.433120727539062,51.311997535000515,-28.27074648821705,4.002375559505021,0.9418155148569297,0.9976575089348682
SB70673_component_1077a,50.915326,-28.344798,4.168000221252441,27.973155975341797,50.91531138960508,-28.34478015697413,4.195615647998211,0.9378133304009905,0.9934180275166661
SB70673_component_1081a,49.229877,-27.840715,3.681999921798706,22.04790496826172,49.229844370732444,-27.84059266209584,4.376139702726977,0.7942860989606371,0.8413807994987637
SB70673_component_1082a,49.367275,-28.075258,4.321000099182129,19.463964462280273,49.367310614303705,-28.075178033627164,4.364694950972775,0.9345762598746439,0.9899890250563999
SB70673_component_1083a,50.903235,-29.55242,3.937999963760376,24.01219367980957,50.90338095432586,-29.552322514964082,4.4242913659611816,0.8402651518137952,0.8900860359373827
SB70673_component_1085a,50.140151,-26.558434,4.098999977111816,25.779874801635742,50.14009074269155,-26.55843914244665,3.7608369963925474,1.0289109051519147,1.0899169469571908
SB70673_component_1086a,53.627219,-27.965104,4.232999801635742,23.648042678833008,53.627129160199395,-27.965153951642634,4.987529466826739,0.8012114338757796,0.8487167504052746
SB70673_component_1089a,47.96579,-28.67009,4.0320000648498535,19.018869400024414,47.96561865453684,-28.67000988765527,4.474112152292094,0.8507423036710506,0.9011843976204874
SB70673_component_1093a,48.329227,-30.350032,3.686000108718872,12.798611640930176,48.32904525109395,-30.350086509006317,3.8864885593495537,0.8953283057093164,0.9484139866696956
SB70673_component_1094a,51.385297,-25.939354,4.190999984741211,23.948572158813477,51.38531298785012,-25.939274585737184,5.052764316555673,0.7830202303621738,0.8294469565914956
SB70673_component_1096a,47.891091,-27.160148,4.447000026702881,16.40959358215332,47.89126792335375,-27.160022807516167,4.127187122396028,1.0171788867135418,1.0774893153187555
SB70673_component_1098a,54.19621,-26.321637,3.9769999980926514,14.102836608886719,54.196392727731634,-26.321517709398425,3.1257595899198276,1.2011144265518312,1.272330735517205
SB70673_component_1101a,47.941907,-28.068306,4.159999847412109,21.116750717163086,47.941750319381356,-28.06824592746864,4.634869835520913,0.8473057184484509,0.8975440508664397
SB70673_component_1106a,48.709463,-27.861459,3.75,23.734176635742188,48.7095582632866,-27.86136671154174,3.6200900371718303,0.9779040849645546,1.0358858375052078
SB70673_component_1107a,53.016596,-25.833519,3.9609999656677246,19.41666603088379,53.01661288362747,-25.833532846470547,4.2953634155549505,0.8705411195252175,0.9221571221013841
SB70673_component_1111a,48.423679,-28.943215,3.805999994277954,20.24468231201172,48.42348011061136,-28.94310949828657,3.704709596778232,0.9698375113719143,1.027340981756791
SB70673_component_1112a,50.081132,-25.419294,3.759000062942505,10.159459114074707,50.08115186849543,-25.419370596834987,3.7946409065980244,0.9351601967247339,0.990607584608718
SB70673_component_1116a,53.02271,-29.159388,3.8540000915527344,21.530725479125977,53.02260035997546,-29.159348525534377,4.066657580415531,0.8946609460649516,0.9477070580304262
SB70673_component_1118a,47.819349,-29.92355,3.946000099182129,18.10091781616211,47.81952120263546,-29.92352070022652,3.9459286728405623,0.9440439775013169,1.0000181012753875
SB70673_component_1123a,50.258263,-27.642546,3.8910000324249268,26.114093780517578,50.25828510451825,-27.64247268353684,3.986828730776744,0.921335955304776,0.9759636781956401
SB70673_component_1125a,52.032093,-26.589266,3.561000108718872,19.89385414123535,52.03206575963844,-26.58907437112148,3.6609313634418297,0.9182580939360367,0.9727033247001367
SB70673_component_1126a,47.771627,-28.395573,4.090000152587891,19.023256301879883,47.77162699658958,-28.395649151981278,3.9188622164181557,0.9852528383265088,1.0436703121259914
SB70673_component_1128a,47.928287,-28.191861,3.63700008392334,19.142105102539062,47.928432973869064,-28.191611543340116,3.9726411296183115,0.8642678167967791,0.9155118635830013
SB70673_component_1131a,51.087432,-29.365195,3.5880000591278076,20.620691299438477,51.08749425693313,-29.36528518916148,3.209679490872593,1.055298058468353,1.117868643685779
SB70673_component_1135a,49.533161,-27.279565,3.7290000915527344,23.018518447875977,49.53312330461029,-27.279578603085117,3.6198471932437535,0.9724930830259471,1.0301540071947537
SB70673_component_1140a,53.390009,-28.234515,3.2920000553131104,19.83132553100586,53.38993596156751,-28.23443111679262,4.521234965402409,0.6873645355611854,0.7281196576829774
SB70673_component_1171a,50.734272,-30.179786,3.3410000801086426,15.325688362121582,50.73433826519384,-30.179419387724195,4.483315912594174,0.703495799679349,0.7452073744621411
SB70673_component_1172a,47.98537,-29.401161,3.763000011444092,15.17338752746582,47.98537534979369,-29.401139034414125,3.4342770328863352,1.034387488731536,1.095718247366166
SB70673_component_1180a,49.594941,-27.345311,3.5360000133514404,23.731542587280273,49.5948455209828,-27.34528552569885,3.525512706777304,0.9468350765388184,1.002974689767527
SB70673_component_1186a,50.45904,-27.995857,3.697999954223633,23.11250114440918,50.459055990027345,-27.995690967542327,3.5470025352020906,0.9842145189296982,1.042570428840401
SB70673_component_1190a,48.478957,-26.162083,3.4560000896453857,17.108911514282227,48.47874727563904,-26.162024682760784,3.490954181101922,0.9345745733623246,0.9899872385476275
SB70673_component_1191a,49.32583,-26.597079,3.6679999828338623,22.096385955810547,49.32583585126627,-26.59703599260949,4.222520694849114,0.8200529646608605,0.8686754306043569
SB70673_component_1197a,50.551366,-29.375734,3.365000009536743,19.22857093811035,50.551489617570944,-29.37585049541132,3.336100898075193,0.9522045612296927,1.008662541195389
SB70673_component_1198a,49.120301,-25.632481,3.4579999446868896,13.098484992980957,49.12023204739058,-25.632317215228994,3.5604974254538564,0.9168508051789243,0.9712125951744225
SB70673_component_1199a,49.390638,-25.625308,3.816999912261963,15.086956977844238,49.39050247116339,-25.625299711168097,3.025824032477726,1.1908658650921695,1.2614745177816487
SB70673_component_1203a,53.601443,-30.337462,3.6740000247955322,13.263537406921387,53.60143939317608,-30.337273965797344,2.9382895643462494,1.180399255807842,1.2503873237602345
SB70673_component_1211a,50.459597,-27.685317,3.7260000705718994,25.175676345825195,50.45941672677709,-27.685302388790788,3.73149623639509,0.9426364208165071,0.9985270879360445
SB70673_component_1213a,53.478525,-29.436418,3.578000068664551,18.255102157592773,53.478391541773306,-29.436270791388875,3.6423407911512986,0.9273509725773675,0.9823353370329715
SB70673_component_1220a,49.893111,-29.261517,3.13700008392334,19.484472274780273,49.89325017512173,-29.261267962984885,3.378500851615062,0.8765463030418722,0.9285183641210939
SB70673_component_1223a,51.398785,-27.630158,3.4609999656677246,20.724552154541016,51.3987387596892,-27.63014302378688,3.3141262720962614,0.9858637733114891,1.044317470582846
SB70673_component_1224a,48.792188,-26.417257,3.3350000381469727,18.948863983154297,48.79220066393763,-26.41714308400572,4.08346973456208,0.7709937667834372,0.8167074216125237
SB70673_component_1228a,52.945192,-27.015058,3.2890000343322754,18.37430191040039,52.94498653376111,-27.014922828094907,4.082385529401997,0.7605613064518512,0.8056564012987916
SB70673_component_1231a,48.875549,-29.787783,3.2100000381469727,17.932960510253906,48.87565188663739,-29.787537113573947,3.322763208623388,0.9119898592699626,0.9660634347389645
SB70673_component_1234a,50.161875,-26.712137,3.4130001068115234,22.453948974609375,50.161791367536196,-26.711906244805693,3.6389584268721333,0.8854082669916155,0.9379057704006714
SB70673_component_1236a,52.634523,-26.017869,3.2230000495910645,18.005586624145508,52.63443516836297,-26.017794488117037,3.284835005253876,0.9262561761912809,0.9811756281323382
SB70673_component_1238a,48.089678,-26.90754,3.572999954223633,20.186439514160156,48.08964784241142,-26.907489632242605,3.273326927039889,1.0304525358547894,1.0915499838125677
SB70673_component_1242a,50.680247,-27.461512,3.375,23.437501907348633,50.680293215292735,-27.46149056259967,3.672988106198607,0.867438352545691,0.9188703862950941
SB70673_component_1244a,50.684563,-27.645628,3.1459999084472656,21.999998092651367,50.68452639341417,-27.64558618358153,3.5333146517477396,0.8405445878386487,0.8903820402440269
SB70673_component_1248a,52.450694,-30.064725,2.931999921798706,16.75428581237793,52.45070821894009,-30.0647221811209,2.536656039987625,1.0911557271837737,1.15585238029079
SB70673_component_1250a,53.205704,-27.709902,3.1500000953674316,19.207317352294922,53.20584713705603,-27.709926185044083,3.738553800893905,0.7954104581728492,0.8425718240604836
SB70673_component_1252a,48.8549,-27.781774,3.069000005722046,19.181249618530273,48.85489986921089,-27.781850985094607,2.8852776748890596,1.0041385459076666,1.0636757884455785
SB70673_component_1256a,52.798439,-27.529026,3.3450000286102295,22.006580352783203,52.79833173503325,-27.528886736677187,2.891591395086724,1.0920526245350228,1.1568024563546286
SB70673_component_1257a,53.193924,-26.432461,3.5920000076293945,19.10638427734375,53.193794561680384,-26.432274385341113,2.4347744212243754,1.3927140701026792,1.4752906783960236
SB70673_component_1259a,47.904888,-28.353756,3.3359999656677246,18.847457885742188,47.90483733973305,-28.353752076707522,3.739172104763206,0.8422382234429588,0.8921760946542434
SB70673_component_1262a,52.96459,-27.467515,3.322999954223633,21.301280975341797,52.96461048498895,-27.467122607449273,3.8051362534228548,0.8244123472518283,0.8732932890995629
SB70673_component_1272a,49.416051,-25.954855,3.308000087738037,16.70707130432129,49.4160164617035,-25.95468846695905,3.043129399929033,1.0261939676538954,1.0870389171801833
SB70673_component_1273a,52.783934,-26.607061,3.2769999504089355,18.83333396911621,52.784097366560836,-26.607045954702187,3.4996598145856592,0.8839647947752204,0.9363767120310562
SB70673_component_1278a,52.844105,-28.18204,3.065999984741211,19.162500381469727,52.843932309947036,-28.18213428947116,3.1218386964628033,0.9271415694243687,0.982113517977447
SB70673_component_1288a,51.872114,-26.895226,3.2690000534057617,19.45833396911621,51.87199425967386,-26.895182239990955,3.04826406787983,1.012387340197275,1.0724136690950994
SB70673_component_1292a,52.895243,-29.87487,3.3589999675750732,19.529067993164062,52.89546487882347,-29.874824147005057,3.1350901872252708,1.0114497834356606,1.07142052284881
SB70673_component_1295a,53.033508,-25.648042,3.062000036239624,12.549180030822754,53.03354611336314,-25.647869003928417,2.8435636229557675,1.0165449952485406,1.07681783924947
SB70673_component_1297a,48.753473,-27.530702,2.8989999294281006,18.464967727661133,48.753616594666866,-27.530511511165564,3.1834227209237023,0.8596828400425317,0.9106550350268677
SB70673_component_1299a,52.983436,-28.840613,3.3529999256134033,20.5705509185791,52.98334200059332,-28.840574626813844,3.5822040876978463,0.8836241633583458,0.936015883943747
SB70673_component_1301a,51.18935,-27.728566,3.3489999771118164,21.331209182739258,51.18911613629233,-27.728536609241598,3.342330291698681,0.9459107135166763,1.0019955195420696
SB70673_component_1302a,53.022292,-28.625054,3.306999921798706,18.89714241027832,53.02224738084268,-28.625088973129333,2.863358105733431,1.0902921444599178,1.154937594140583
SB70673_component_1303a,51.942724,-29.718057,3.3399999141693115,19.76331329345703,51.942781198454696,-29.718062446076402,3.590143310269513,0.8782517735673029,0.9303249551669225
SB70673_component_1309a,50.298499,-25.95412,2.8420000076293945,15.03703784942627,50.29840604603183,-25.954150188911907,3.4772035066501648,0.7715753253372223,0.8173234618549242
SB70673_component_1311a,51.771756,-29.888244,2.9170000553131104,15.682795524597168,51.77150544007799,-29.88796461054693,2.5415151634236164,1.0834979575405546,1.1477405672385157
SB70673_component_1312a,53.843019,-30.1343,2.946000099182129,11.116982460021973,53.84328675826341,-30.133994069423853,3.0562258214617826,0.9099796521266502,0.9639340386742322
SB70673_component_1319a,49.851914,-25.725647,2.7320001125335693,14.155440330505371,49.85206110624279,-25.725497912488347,2.367693470482927,1.0892801793208824,1.153865627705742
SB70673_component_1320a,54.347883,-29.193589,2.7850000858306885,10.430712699890137,54.34776809363204,-29.193471433984595,2.4319182275188242,1.0810869124976363,1.1451865668493704
SB70673_component_1325a,49.261523,-28.857875,3.316999912261963,19.06321907043457,49.26140957879803,-28.85803166087311,2.0874210696368634,1.500098449180019,1.5890420770922862
SB70673_component_1326a,53.348799,-28.196436,2.8389999866485596,16.69999885559082,53.34870412908132,-28.196308709053653,2.3823033866358534,1.125000426674158,1.1917037949803806
SB70673_component_1332a,53.843099,-29.858901,2.6440000534057617,10.791836738586426,53.84297361080925,-29.85865430238994,2.5653056608020663,0.9729862542921106,1.0306764195028093
SB70673_component_1336a,51.573165,-26.843363,2.8929998874664307,17.323352813720703,51.57316291273238,-26.84339665176903,2.061405536010115,1.3248580335707425,1.4034113312152448
SB70673_component_1342a,52.093599,-27.479662,3.1670000553131104,20.04430389404297,52.09367214865456,-27.47964426793362,2.8139870636993014,1.0624544972321772,1.1254494010181175
SB70673_component_1346a,51.239936,-30.183959,2.510999917984009,13.285714149475098,51.23989603216048,-30.18387148096297,2.4682847528708862,0.9603638474562818,1.0173056066823085
SB70673_component_1347a,48.75298,-27.302695,3.1649999618530273,18.952096939086914,48.75294296210638,-27.30270003894399,3.1024109668084616,0.9630719788379681,1.0201743082119623
SB70673_component_1348a,54.195387,-25.71733,2.734999895095825,11.163264274597168,54.19539021913455,-25.71735096279592,2.472261753467455,1.044352783391335,1.1062744028862916
SB70673_component_1349a,51.907631,-25.661534,2.809999942779541,12.544642448425293,51.90758952266965,-25.661616968762736,3.3339615923676233,0.7956646865095862,0.8428411260682852
SB70673_component_1352a,51.187763,-28.126057,2.625999927520752,17.743242263793945,51.187722931788095,-28.12574458117443,2.760999995470765,0.8978683619111125,0.9511046475293475
SB70673_component_1353a,50.690226,-28.814638,2.8269999027252197,18.477123260498047,50.69002160735396,-28.814573435322504,2.9801011634864265,0.8955279630211,0.9486254820349477
SB70673_component_1354a,51.662944,-28.547064,2.7780001163482666,18.276317596435547,51.66295293285329,-28.547052932019927,2.423147837539216,1.0822727231046,1.146442686373364
SB70673_component_1355a,49.924597,-26.165859,2.8580000400543213,16.911243438720703,49.92465777381625,-26.16566599535434,2.80776788475521,0.9609159298376712,1.017890423055213
SB70673_component_1356a,53.417542,-26.15914,2.946000099182129,15.587302207946777,53.41753932982519,-26.159139401160978,3.6742914433901133,0.7569087408233115,0.8017872682587147
SB70673_component_1357a,49.829688,-25.790958,2.805000066757202,14.763158798217773,49.82953464398969,-25.790951315821868,3.088692486219604,0.8573192377135558,0.9081512903184394
SB70673_component_1360a,52.025622,-29.932656,3.2269999980926514,16.895288467407227,52.02574225008746,-29.93257256898166,2.6474310360234137,1.1506908882141456,1.2189174917809311
SB70673_component_1361a,48.786904,-26.623709,2.6689999103546143,16.07831382751465,48.78680726751041,-26.623827095420438,2.8525290415081948,0.883289055622415,0.935660907046701
SB70673_component_1362a,53.002461,-29.490131,2.921999931335449,16.23333168029785,53.00238476613086,-29.489998205491606,2.6440462794228585,1.0432671044769903,1.1051243520492622
SB70673_component_1367a,52.329789,-29.596218,3.0460000038146973,19.15723419189453,52.32974603616894,-29.59620851135636,2.629869087821281,1.093402680027749,1.1582325591492315
SB70673_component_1369a,49.704249,-29.040283,3.0820000171661377,20.276315689086914,49.70428591680123,-29.04028009916626,2.9626849223612695,0.9820453290220101,1.0402726236274136
SB70673_component_1379a,54.264597,-26.177257,2.8519999980926514,10.927203178405762,54.26448160521712,-26.17712780654062,3.0020830088599926,0.8968321924652213,0.9500070416692663
SB70673_component_1382a,51.532595,-25.980562,3.0490000247955322,17.033519744873047,51.53254447203705,-25.980473390143622,2.833283547228334,1.0159018542412974,1.0761365652153747
SB70673_component_1384a,51.407569,-27.328167,2.8949999809265137,18.09375,51.407508953023694,-27.3281105083553,2.4828316492917306,1.1007423026919598,1.1660073616962152
SB70673_component_1387a,54.1141,-25.773902,2.871000051498413,12.482608795166016,54.114180988133135,-25.773886864457324,2.8721502301114707,0.9436488452794417,0.9995995409289531
SB70673_component_1388a,51.626496,-30.070126,2.931999921798706,16.564971923828125,51.626474306392666,-30.070128832484258,2.914639261626748,0.9496498597164192,1.0059563666764952
SB70673_component_1389a,49.588173,-29.60429,2.390000104904175,13.73563289642334,49.588316472892274,-29.60429509779989,2.667329372124636,0.8458739247963837,0.8960273635049588
SB70673_component_1391a,51.416668,-25.880566,2.8959999084472656,15.005180358886719,51.4164104973676,-25.88036874826887,2.9088541804266597,0.939855219866645,0.9955809844075757
SB70673_component_1394a,47.951791,-28.288451,2.3269999027252197,12.856353759765625,47.95169607880835,-28.288428286046702,2.6018201844093483,0.8443129517527345,0.894373837465437
SB70673_component_1413a,48.170439,-30.075277,3.0399999618530273,14.272300720214844,48.17045076191861,-30.075227617381906,3.370391224874769,0.8514862270634901,0.9019724296148979
SB70673_component_1419a,48.027439,-28.117579,2.9179999828338623,15.77297306060791,48.02732764316936,-28.11727043290293,2.2537809107063236,1.2222441116654899,1.2947132389720062
SB70673_component_1420a,48.510982,-27.106816,2.688999891281128,15.454022407531738,48.511016405893066,-27.106666454225206,1.8731386181894276,1.3552057377607816,1.4355584072471423
SB70673_component_1422a,49.052781,-25.794428,2.552000045776367,13.020408630371094,49.05293183777657,-25.794256881702434,2.513044518731191,0.9586605597446306,1.0155013278733496
SB70673_component_1424a,52.824181,-25.994799,2.6530001163482666,15.514619827270508,52.82404631141947,-25.994606955648766,2.6667318136016243,0.939165848874672,0.9948507393269472
SB70673_component_1426a,51.621311,-27.427206,2.615999937057495,16.148147583007812,51.62136997249872,-27.427276888150253,3.2512827828029573,0.7595692064501754,0.8046054778422627
SB70673_component_1427a,50.923551,-27.262974,2.7639999389648438,17.06172752380371,50.92352902824747,-27.26302213930075,3.152512924360617,0.827685826297232,0.8767608588077175
SB70673_component_1439a,48.677304,-28.571611,2.561000108718872,14.80346965789795,48.67726231675417,-28.571524002751403,3.1503485340115533,0.7674239660510103,0.8129259607532301
SB70673_component_1440a,52.78618,-29.492325,2.6559998989105225,15.264368057250977,52.786301281347335,-29.492249411823735,2.6801423302807246,0.935523197598537,0.9909921084796741
SB70673_component_1441a,50.939716,-26.953861,2.8910000324249268,17.106508255004883,50.939627888393034,-26.95372189111612,2.13893170081704,1.2759555468057227,1.3516093250292227
SB70673_component_1442a,53.024599,-25.570885,2.803999900817871,10.541353225708008,53.02501135053996,-25.570872920816818,2.7813612737718594,0.9517107069974619,1.0081394054269373
SB70673_component_1447a,51.643081,-27.068263,2.4030001163482666,13.576272010803223,51.64307558163197,-27.068149960683435,2.6813307900665797,0.8460338923841916,0.8961968158686597
SB70673_component_1452a,53.540702,-29.447787,2.2330000400543213,11.752632141113281,53.54083500757512,-29.4476624866186,2.0821361963189458,1.0124275662625086,1.0724562802385795
SB70673_component_1453a,53.495681,-27.217141,2.677999973297119,13.733333587646484,53.49564815356757,-27.21687264317434,2.709100961141782,0.9331892834174405,0.9885198121846464
SB70673_component_1455a,48.086944,-28.588225,2.5239999294281006,14.100558280944824,48.08713452180917,-28.588119432961587,2.304651359218252,1.0338760319299927,1.0951764653393183
SB70673_component_1478a,49.539485,-27.339582,2.196000099182129,13.898734092712402,49.539471475980186,-27.33954128723179,2.3076049734226745,0.8983700272154841,0.9516360575029393
SB70673_component_1482a,47.771511,-30.032709,2.4519999027252197,10.302520751953125,47.77155220382943,-30.03255708154799,2.5185387871457134,0.9190860402146767,0.973580361453991
SB70673_component_1483a,53.314262,-29.505435,2.434000015258789,13.59776496887207,53.31412467717827,-29.505334983530314,2.399338344629842,0.9576646279891966,1.014446345471253
SB70673_component_1487a,48.356,-27.391777,2.4110000133514404,12.557291984558105,48.356012795285054,-27.391840743152596,2.908361231598752,0.7825880837099302,0.8289891871602526
SB70673_component_1493a,51.811856,-27.171331,2.5850000381469727,15.666666030883789,51.81187463786665,-27.17134229851585,2.2648401605534483,1.0774753943527253,1.1413609150745934
SB70673_component_1497a,52.785046,-29.206273,2.4560000896453857,14.97560977935791,52.785005364168,-29.20649708307969,1.946674383670872,1.1910210276913635,1.2616388802600211
SB70673_component_1498a,52.007617,-27.345798,2.3589999675750732,14.384145736694336,52.007567797116884,-27.345485118651165,2.7378971545376762,0.8133831461926088,0.8616101461902488
SB70673_component_1502a,48.604399,-26.898275,2.6050000190734863,15.787878036499023,48.604274547401516,-26.898129947426273,2.7853991759202383,0.8828860459858789,0.935234002219035
SB70673_component_1507a,51.627366,-28.616219,2.63700008392334,15.885542869567871,51.62757813183864,-28.616105783714353,2.139782047151752,1.1633890423163942,1.2323685430642017
SB70673_component_1516a,51.00006,-30.07307,2.6059999465942383,13.861701965332031,50.999886207707284,-30.072893966905017,2.9592441070409277,0.8313386575761699,0.880630273249099
SB70673_component_1518a,51.288341,-26.858952,2.183000087738037,13.729560852050781,51.288559453263616,-26.85902402781392,1.8854581158986463,1.093002684617167,1.157808847266584
SB70673_component_1520a,50.412696,-26.165516,2.5209999084472656,16.057323455810547,50.41286326281497,-26.165407989780025,2.1382153502574663,1.1130271333471433,1.1790205828162759
SB70673_component_1526a,51.128097,-29.287538,2.6519999504089355,15.59999942779541,51.128266887867724,-29.287884641109226,2.65113558228518,0.9443346770457084,1.0003260369365985
SB70673_component_1528a,52.242765,-30.274883,2.609999895095825,11.59999942779541,52.242820005004006,-30.274654016177088,3.2797606374779975,0.7512469215509576,0.795789749188163
SB70673_component_1531a,51.41845,-27.075836,2.7750000953674316,16.920732498168945,51.41831474455779,-27.07572753431229,2.8956454949425736,0.904694553500873,0.9583355767182631
SB70673_component_1532a,48.393277,-29.376431,2.3320000171661377,11.65999984741211,48.393348889304676,-29.376544364850012,2.5516893902782933,0.8627502746604908,0.9139043435501388
SB70673_component_1533a,52.920329,-27.338436,2.249000072479248,14.324840545654297,52.92033621016749,-27.338135415499405,2.2292034864455386,0.9524103813834178,1.0088805648089467
SB70673_component_1536a,49.899818,-29.882437,2.502000093460083,14.297143936157227,49.900005274033205,-29.882305019646463,1.4802848471332095,1.5956086898467376,1.6902152976203033
SB70673_component_1544a,49.650371,-30.108068,2.305000066757202,11.943005561828613,49.650731112013,-30.108177033898052,2.285341361216541,0.9521474909786531,1.0086020871429888
SB70673_component_1546a,52.836838,-29.224214,2.4560000896453857,14.795182228088379,52.83679277763946,-29.224153987918857,3.068545755958682,0.7555794533999943,0.8003791649109943
SB70673_component_1548a,48.908433,-27.64448,2.2249999046325684,14.354838371276855,48.90836665319303,-27.644273071801912,2.19091547375303,0.9587132703532038,1.0155571637919705
SB70673_component_1549a,50.205487,-25.753515,2.4079999923706055,10.379310607910156,50.20521301382625,-25.753255321796278,2.4765369460130793,0.9179014050882688,0.9723254871069822
SB70673_component_1584a,51.989068,-26.083292,1.968000054359436,11.375722885131836,51.98898291620374,-26.083350206016114,1.7306140694865457,1.0735177775528362,1.1371686438116848
SB70673_component_1585a,52.781403,-28.529614,2.4769999980926514,15.196318626403809,52.78151909628447,-28.529824269390822,1.9702207916442231,1.1868490136671783,1.2572194997625123
SB70673_component_1589a,50.726654,-28.23225,2.5220000743865967,15.192771911621094,50.72686895373449,-28.232106405554294,2.835591865659135,0.8396257282826914,0.8894086997955033
SB70673_component_1595a,52.695778,-29.87755,2.441999912261963,13.796609878540039,52.69587109966736,-29.877450479811927,1.8667485636527974,1.2349352376640887,1.3081568454422865
SB70673_component_1597a,48.926836,-26.716914,2.3529999256134033,13.923076629638672,48.9266085833504,-26.71683328333406,2.5563529755878154,0.8689313337292424,0.9204518891106372
SB70673_component_1599a,52.456025,-26.735145,2.3459999561309814,14.571428298950195,52.45627741028922,-26.7349426353048,2.0841966229536633,1.062609456686091,1.1256135483063483
SB70673_component_1603a,53.896692,-29.131557,2.4089999198913574,13.092391014099121,53.89650885664094,-29.13137920240073,2.007286891039835,1.132952499773156,1.200127361287864
SB70673_component_1609a,53.209253,-29.306801,2.3259999752044678,12.37234115600586,53.209306685630196,-29.306630862254483,2.2321084178326447,0.9837364994544289,1.0420640667011107
SB70673_component_1616a,49.839316,-25.851332,2.3440001010894775,12.739130973815918,49.83934036207141,-25.85136257240978,2.2317414093185266,0.9915123297754124,1.0503009404683805
SB70673_component_1627a,52.525703,-27.086388,2.1589999198913574,11.797813415527344,52.52551948682715,-27.086457191949126,1.8474665913315296,1.1032156078902884,1.1686273137612169
SB70673_component_1629a,48.856651,-29.273572,2.2190001010894775,13.530488014221191,48.856563228971886,-29.273390685247772,2.642944684015303,0.7925991700480168,0.8395938494324647
SB70673_component_1632a,52.914106,-29.746127,2.203000068664551,12.376404762268066,52.91430199831777,-29.745905798821884,2.1077282140502747,0.9866980421523971,1.0452012047754482
SB70673_component_1637a,48.502212,-26.381626,2.2160000801086426,11.85026741027832,48.50170842936426,-26.38146420715954,2.4055071406034365,0.8696559770069362,0.9212194978364292
SB70673_component_1638a,52.935655,-27.09879,2.1730000972747803,11.809782981872559,52.935448985813366,-27.09876615057298,2.0260122614052576,1.0125163413850398,1.0725503190032872
SB70673_component_1639a,49.070148,-28.113617,2.2279999256134033,13.668710708618164,49.07010879651139,-28.113607721773295,2.0943433608745474,1.0042726893194946,1.0638178854698612
SB70673_component_1640a,48.313561,-30.188841,2.2899999618530273,10.0,48.31356166547664,-30.188914557691746,2.2371030455086376,0.9663486646619923,1.0236452748346077
SB70673_component_1645a,53.176403,-26.094803,2.1649999618530273,10.934343338012695,53.17633003055794,-26.09484314509068,2.1733640221672794,0.9403938588824732,0.996151560332764
SB70673_component_1646a,51.81488,-27.31231,2.2720000743865967,14.658064842224121,51.81496683479147,-27.31214318988641,2.278999551137851,0.9411275056605473,0.9969287063932243
SB70673_component_1648a,51.48703,-29.405441,2.259000062942505,13.77439022064209,51.487411655320244,-29.405536744303344,2.7427145236139934,0.7775350967945426,0.8236365992498146
SB70673_component_1657a,53.038338,-26.661202,2.194000005722046,11.670212745666504,53.03823534471831,-26.661307570690195,2.1276430981234626,0.973469188791773,1.0311879880874328
SB70673_component_1666a,50.191522,-29.493463,2.3320000171661377,13.325715065002441,50.1918093382176,-29.493303436003632,2.4641832226906155,0.8933875947370079,0.9463582073332403
SB70673_component_1682a,53.90418,-27.575959,2.0199999809265137,11.222221374511719,53.90422847708625,-27.575950361860194,2.0368969846753093,0.9361957491961919,0.9917045369128036
SB70673_component_1692a,49.277169,-28.685068,2.1019999980926514,12.364706039428711,49.27731470788431,-28.68496945123695,2.0907804265962024,0.9490927380504757,1.00536621223048
SB70673_component_1693a,53.823942,-28.90207,2.0269999504089355,10.668420791625977,53.82412814614829,-28.901939978587247,2.196961374500786,0.8709950389796172,0.9226379552847302
SB70673_component_1694a,52.539031,-28.314049,2.2360000610351562,14.333333015441895,52.53887790549141,-28.31393806769833,2.2238970801592175,0.9491645099825609,1.0054422396539466
SB70673_component_1701a,49.471022,-28.263925,1.8799999952316284,11.82390022277832,49.47093779603601,-28.26391073164535,2.1948345897119306,0.8086124375429259,0.8565565733490541
SB70673_component_1709a,51.559336,-29.022997,1.9450000524520874,12.156250953674316,51.55938091025207,-29.022930363203592,2.287477733081699,0.8026886219986016,0.8502815237601354
SB70673_component_1715a,49.649227,-26.730024,1.9509999752044678,12.668830871582031,49.649146630268106,-26.72991140272815,1.7958041212802764,1.025610987304897,1.0864213708416863
SB70673_component_1726a,50.305652,-26.316052,2.259999990463257,12.76836109161377,50.30544755310361,-26.315999903943727,2.351034911690782,0.9074730240950428,0.961278788003171
SB70673_component_1727a,49.532097,-29.688134,1.875,11.029411315917969,49.53222240437373,-29.688103362485652,2.1529829334378805,0.822138619937175,0.8708847482622644
SB70673_component_1732a,52.268177,-29.097412,2.1449999809265137,13.322981834411621,52.2681797903754,-29.097434388835683,1.9204511967178586,1.0544072472347157,1.1169250145967882
SB70673_component_1734a,48.955673,-26.291945,2.069000005722046,12.771604537963867,48.95526582523048,-26.291858819051093,1.8359739238120047,1.0638449785479265,1.1269223265580006
SB70673_component_1740a,48.044896,-28.444624,2.1659998893737793,12.448275566101074,48.0447548572253,-28.444426374628286,1.780343290099108,1.1485212708137005,1.216619233728346
SB70673_component_1753a,48.857926,-28.156325,1.88100004196167,11.064705848693848,48.858221177873425,-28.156227678390326,1.9573678931534504,0.9071951291351383,0.9609844161340836
SB70673_component_1754a,52.038379,-25.939186,2.0139999389648438,11.065934181213379,52.03835379378034,-25.939016853209147,2.249980807784381,0.8450161401716091,0.8951187192339146
SB70673_component_1766a,51.922554,-27.325991,2.131999969482422,13.408804893493652,51.92260561465331,-27.325885006191942,2.43261678209651,0.8273663629334342,0.8764224538667341
SB70673_component_1768a,49.075894,-28.806336,2.0309998989105225,11.346367835998535,49.07584966870862,-28.80628279588088,2.129011058380481,0.9005676646979313,0.9539639970003186
SB70673_component_1770a,50.72169,-27.813736,2.0759999752044678,12.894410133361816,50.721381147361534,-27.813705002070773,1.6968516785968324,1.1549623480523652,1.2234422144198025
SB70673_component_1772a,50.651726,-29.051359,2.0480000972747803,13.298702239990234,50.65153391731216,-29.05130742085314,2.23624870648549,0.864558202196326,0.9158194664731353
SB70673_component_1779a,50.684491,-25.951774,2.0320000648498535,12.54321002960205,50.68477333755996,-25.951683472674866,1.5051441600304212,1.2744710782146018,1.3500368395335527
SB70673_component_1793a,52.622407,-27.724777,1.8769999742507935,12.768707275390625,52.62244806036948,-27.724688286191192,2.252313102029552,0.7867194154840637,0.8333654732814167
SB70673_component_1798a,52.957489,-27.810865,2.131999969482422,12.615384101867676,52.957681971316376,-27.810769109118773,2.3795034410561002,0.8458341621564281,0.8959852432641038
SB70673_component_1803a,53.760661,-29.0522,1.8209999799728394,11.103657722473145,53.760714893082465,-29.052291792476066,2.313559917373777,0.7430423278866072,0.7870986899012047
SB70673_component_1808a,49.087883,-26.089755,1.875,10.653409004211426,49.087885634284156,-26.089743794753517,2.535015378111427,0.6982405049406791,0.7396404835211946
SB70673_component_1814a,51.14861,-27.652369,1.6339999437332153,10.610389709472656,51.14880413144387,-27.652179726761474,1.753733447818924,0.879574878438917,0.931726509387947
SB70673_component_1825a,49.782577,-28.061019,1.6890000104904175,11.111842155456543,49.78249322639185,-28.06091484182424,1.8788554191743294,0.8486344451232246,0.8989515602177922
SB70673_component_1826a,53.72631,-28.775965,1.9889999628067017,10.359375,53.72610242317655,-28.775969571322975,1.8258180419830305,1.0283989996543685,1.0893746896303196
SB70673_component_1833a,53.036157,-27.793004,1.9609999656677246,11.142045021057129,53.03610992386907,-27.79283300519635,2.619847437671637,0.7066200386725188,0.7485168553977111
SB70673_component_1835a,50.349378,-27.874983,2.11299991607666,13.206250190734863,50.3493724770138,-27.87459131911728,2.9305958264125485,0.6806563771506388,0.721013760080066
SB70673_component_1854a,50.907298,-26.394307,1.9539999961853027,11.70059871673584,50.90728733891763,-26.394361435834437,2.0830541092334625,0.8855403852115832,0.9380457221557005
SB70673_component_1902a,50.450856,-27.045037,1.680999994277954,11.358107566833496,50.45095387776384,-27.044969373269762,1.5829171324098197,1.0025219660624856,1.0619633585738086
SB70673_component_1906a,53.38473,-28.377241,1.972000002861023,11.95151424407959,53.38448309922679,-28.37730095780889,1.9112113894895137,0.9740529168339995,1.0318063264512807
SB70673_component_1917a,49.692964,-29.08174,1.6180000305175781,10.50649356842041,49.69325644147537,-29.08165309152699,1.9752376052861522,0.7732920494162603,0.8191419736984902
SB70673_component_1925a,49.95232,-26.45364,1.7300000190734863,10.949366569519043,49.952198585528045,-26.45346308338002,1.6000581623724337,1.020691981761919,1.081210708308494
SB70673_component_1941a,51.328595,-30.110463,1.965999960899353,11.36416244506836,51.32850959739098,-30.110648742056544,2.039392673991356,0.9100536896785382,0.964012466050315
SB70673_component_1964a,50.984143,-29.626324,1.6169999837875366,10.043478012084961,50.98416103209422,-29.626449652513465,1.7322901642142896,0.8811984830291613,0.9334463805149844
SB70673_component_1981a,52.140663,-27.182607,1.7350000143051147,10.028902053833008,52.14054723507112,-27.182228774120464,1.808366878595245,0.9057269772072802,0.9594292147469975
SB70673_component_1982a,49.757416,-29.630227,1.6369999647140503,10.167701721191406,49.75714885310223,-29.630091983445443,1.8789409603054177,0.8224696876069486,0.8712354455501143
SB70673_component_1992a,49.355548,-27.660907,1.6679999828338623,10.831169128417969,49.35556606122321,-27.660604800022668,1.9569922885699438,0.8046208687323285,0.8523283369975565
SB70673_component_2013a,50.915122,-28.307558,1.6339999437332153,11.040539741516113,50.91533518765412,-28.30771716572372,2.2172992592905225,0.6956841200917394,0.7369325258585313
SB70673_component_2016a,53.55095,-28.275249,1.8509999513626099,10.114753723144531,53.550960839503674,-28.275072717866394,2.1269568952722095,0.8215463746670888,0.8702573876682712
SB70673_component_2033a,51.044421,-29.749137,1.6619999408721924,10.259259223937988,51.044241238896724,-29.748948794357304,1.911029209480459,0.821009237639416,0.8696884027869104
SB70673_component_2054a,52.121649,-28.030667,1.6039999723434448,10.415584564208984,52.12175003197001,-28.030785210153834,1.598382802091447,0.9473444674985112,1.0035142834649171
SB70673_component_2066a,50.732918,-27.511802,1.5829999446868896,10.279220581054688,50.73286224703208,-27.511557593910496,2.371907676711718,0.630039072933771,0.6673952617251416
SB70673_component_2106a,50.095957,-27.545372,1.6510000228881836,10.383647918701172,50.095922714928044,-27.54541073101285,1.409111048153165,1.1060791965734267,1.1716606899449462
