Component_ID,RA,DEC,ASKAP_flux,ASKAP_flux_SNR,RA_comp,DEC_comp,Comp_flux,Flux_Ratio_AlphaCorr,Flux_Ratio_NOAlphaCorr
SB68577_component_3a,304.680856,-14.626327,240.5500030517578,245.7099151611328,304.68058404818777,-14.626094288798734,218.6593915165292,1.0385360974147753,1.1001128347765197
SB68577_component_4a,310.690084,-14.249877,235.1020050048828,864.3455810546875,310.69004095077713,-14.249777960741119,216.52553428662216,1.0250182049437468,1.0857934413115007
SB68577_component_6a,306.194824,-16.734932,224.6199951171875,280.0747985839844,306.1949193296522,-16.734931607211546,227.90640351631012,0.9304140296993965,0.9855800085104347
SB68577_component_8a,309.929143,-15.529694,177.38099670410156,861.0728149414062,309.9291230925149,-15.529581705496652,181.66636055121307,0.9217580516890583,0.9764108014598364
SB68577_component_11a,305.902774,-11.666116,166.23800659179688,531.1118774414062,305.90278670128123,-11.666026446957172,168.55783272578066,0.9310344451330455,0.9862372095293975
SB68577_component_12a,307.959827,-12.041542,155.85299682617188,829.0053100585938,307.95990311264694,-12.041405799376863,154.46449300470627,0.9525128845931683,1.0089891456247055
SB68577_component_17a,309.276769,-16.796039,146.13499450683594,194.32846069335938,309.27680810726457,-16.795862081204188,140.4157152514081,0.9824780940746068,1.040731048125117
SB68577_component_19a,307.958557,-11.638806,132.65499877929688,537.0647583007812,307.95871326728087,-11.638681227423039,136.21887549342836,0.9193284367439263,0.9738371301244267
SB68577_component_22a,308.531559,-12.063813,119.6510009765625,506.9957580566406,308.5315558971729,-12.063709585825743,117.61135859138827,0.9603984140613597,1.017342222805711
SB68577_component_35a,304.650805,-12.915583,97.30000305175781,98.4817886352539,304.6508774969883,-12.915421176463116,89.18211878870244,1.0299578039654134,1.0910259183490463
SB68577_component_37a,308.935335,-12.615279,93.07099914550781,495.05853271484375,308.93533921891657,-12.615215514053626,89.914239929657,0.9771703112477974,1.0351085569796337
SB68577_component_43a,310.133691,-12.717987,87.88300323486328,482.8736572265625,310.13369749795265,-12.71789324923909,96.17271341766472,0.8626554791645582,0.9138039274528901
SB68577_component_44a,307.591775,-14.991514,80.8479995727539,425.5157775878906,307.59181406111713,-14.991587388607892,82.22383203393777,0.9282307046968549,0.9832672301065221
SB68577_component_53a,310.718664,-16.492561,71.9739990234375,166.9930419921875,310.7186366328251,-16.49244453307247,69.02945179281143,0.9842956687599578,1.0426563901950718
SB68577_component_55a,309.496643,-16.195288,74.06300354003906,361.282958984375,309.4966156545038,-16.195028029766384,68.11035383071219,1.026532133808761,1.0873971338355126
SB68577_component_56a,305.729676,-12.067942,70.31700134277344,267.3650207519531,305.7296578655027,-12.067879409544075,63.626074398845226,1.0433008900436809,1.1051601408250584
SB68577_component_58a,308.699383,-11.934812,70.49299621582031,352.4649658203125,308.69936434915445,-11.934714424430254,74.9097856721249,0.8883656967612794,0.9410385516835333
SB68577_component_61a,310.938533,-13.226253,69.29199981689453,280.534423828125,310.9385668989,-13.226247176506632,69.83004057342663,0.9367531582543113,0.9922949957910114
SB68577_component_63a,306.752402,-14.738642,63.57400131225586,363.2799987792969,306.75275031674914,-14.738850669006828,57.41036123338872,1.0453786636564761,1.1073611095009535
SB68577_component_65a,308.306751,-11.325801,61.75299835205078,110.07664489746094,308.3069217278914,-11.32562792528796,73.98507518559846,0.7879493370767464,0.834668319213539
SB68577_component_70a,305.374859,-12.860235,61.44200134277344,311.8883361816406,305.3749018770397,-12.86011164205887,57.79067210813827,1.0036723798305383,1.063181982514458
SB68577_component_72a,305.565519,-14.831184,63.23699951171875,286.1402587890625,305.5658613181302,-14.831110211839839,66.43815669366789,0.8985413039070409,0.9518174895081905
SB68577_component_75a,305.477852,-11.801719,59.07400131225586,137.3813934326172,305.4778794961921,-11.801625663546366,60.681770497986435,0.9190148086680856,0.9735049064564798
SB68577_component_78a,305.845728,-16.188043,59.67599868774414,273.7431335449219,305.8456821269649,-16.187983785053728,59.26471306502237,0.9505782530635793,1.006939806192439
SB68577_component_80a,311.646762,-15.567132,59.17599868774414,69.86540222167969,311.6465331956312,-15.567012266822648,50.44596630009541,1.1073974405928326,1.1730570951047918
SB68577_component_84a,306.257478,-16.180249,57.54899978637695,249.12986755371094,306.25744018535124,-16.18003784222931,57.49453734433175,0.9449211310573635,1.0009472628976739
SB68577_component_87a,306.797227,-12.1059,55.68199920654297,331.44049072265625,306.7972268577707,-12.105817716395793,53.783069890088,0.9773578305318129,1.035307194630869
SB68577_component_90a,311.005537,-12.594068,47.78799819946289,147.0399932861328,311.0055776782553,-12.594033373302684,45.166994977535424,0.9988079860933184,1.0580291698225899
SB68577_component_92a,310.593025,-15.057902,49.1609992980957,237.4927520751953,310.5932085454358,-15.057705650426206,49.37091418514191,0.9400130828783737,0.9957482074109661
SB68577_component_93a,311.373524,-15.66808,51.222999572753906,90.8209228515625,311.3733528029932,-15.667912420468737,44.17702138869998,1.094593692215683,1.1594941886656083
SB68577_component_97a,309.21518,-15.499792,46.387001037597656,244.14212036132812,309.21518152718187,-15.499787894126511,44.82056503544554,0.9770197288673057,1.0349490462896513
SB68577_component_98a,307.713974,-16.025393,46.35100173950195,271.0584716796875,307.71373669584557,-16.025491670690187,44.99470305472698,0.9724831818533645,1.030143518963228
SB68577_component_101a,306.427197,-15.425718,43.29499816894531,239.1988983154297,306.4270982262512,-15.425755189876668,43.322598549015396,0.9434254596299317,0.9993629103286855
SB68577_component_103a,311.311048,-13.361263,45.90399932861328,143.00311279296875,311.31103019275264,-13.361211150320297,46.19430489931602,0.9380942042996202,0.9937155549512979
SB68577_component_105a,311.374322,-14.421293,41.64799880981445,291.2447204589844,311.37430816062624,-14.421255353381339,44.940554586550526,0.8748630524994171,0.9267353105223707
SB68577_component_113a,308.77696,-11.746881,43.358001708984375,212.5392303466797,308.7769564096755,-11.746742384482241,44.358343649660256,0.9227377786615415,0.9774486182672526
SB68577_component_115a,311.675673,-15.247777,41.95600128173828,56.69729995727539,311.67550998544726,-15.24766313945748,35.643584134373334,1.1112124199628743,1.1770982716992675
SB68577_component_117a,308.070261,-12.55374,39.518001556396484,227.11495971679688,308.07030209590584,-12.553665222214903,37.959535703859736,0.9827848363597256,1.0410559777309996
SB68577_component_118a,308.581582,-12.263216,39.17499923706055,209.49197387695312,308.5815355014167,-12.263140251942371,37.56935224872384,0.9843729119306771,1.0427382132570904
SB68577_component_119a,311.165243,-12.909008,40.10300064086914,79.88645935058594,311.1652318407015,-12.909014376698254,40.434887728116884,0.9362783743976245,0.9917920611161494
SB68577_component_120a,309.279265,-11.576554,44.08700180053711,147.4481658935547,309.2792185010056,-11.576452929855268,47.3505577869585,0.8789614551206905,0.9310767150599385
SB68577_component_121a,310.294258,-16.109545,40.51499938964844,192.92857360839844,310.2942125552311,-16.10940480924987,39.25824973642659,0.9742474283766758,1.0320123709452014
SB68577_component_123a,305.728391,-16.496544,39.92300033569336,109.37808227539062,305.72838241498516,-16.49652307624847,31.1743888892848,1.2089534764159515,1.280634577231941
SB68577_component_124a,308.060335,-13.150073,39.96699905395508,218.39891052246094,308.0603617695508,-13.150000706003054,37.97412865419413,0.9935691254318004,1.0524796873658044
SB68577_component_126a,308.074156,-11.443462,38.14400100708008,118.09288024902344,308.074339766951,-11.443287008899834,44.02880308427537,0.8178501366813148,0.8663419928556493
SB68577_component_128a,307.472197,-13.536364,39.26599884033203,254.97401428222656,307.4721310252491,-13.53622204037492,38.67308686083305,0.9585001289974895,1.0153313848887366
SB68577_component_132a,305.066346,-16.133054,37.619998931884766,116.1111068725586,305.06639641985146,-16.133005779829354,36.52559705136377,0.9723123901672663,1.0299626007203115
SB68577_component_133a,310.64894,-12.803359,36.6879997253418,162.33628845214844,310.64896460803027,-12.803297993922966,32.909135908737234,1.0524268505699885,1.1148271965293775
SB68577_component_134a,311.310231,-14.675404,36.400001525878906,73.53535461425781,311.31008028809,-14.67536049815907,39.474773739520174,0.870494671907774,0.9221079205182889
SB68577_component_135a,306.216982,-12.56194,37.54899978637695,207.4530487060547,306.216987648154,-12.561861991985717,36.66755854317787,0.9667200892874419,1.0240387219171176
SB68577_component_137a,309.480915,-12.403389,36.67599868774414,197.1827850341797,309.48090377767994,-12.40332265933842,37.4589354885612,0.9242955921102417,0.9790987973735626
SB68577_component_138a,305.619429,-11.741276,36.06399917602539,105.14285278320312,305.61945223409947,-11.741220645628436,37.5028265261379,0.9078085071300465,0.9616341624514699
SB68577_component_141a,306.749669,-11.346324,35.10300064086914,69.23668670654297,306.74968466716217,-11.346284126403745,38.47222032562552,0.8613533667539851,0.9124246103749771
SB68577_component_143a,306.500546,-16.408904,34.637001037597656,136.3661346435547,306.5006129290618,-16.40872718000913,39.536373663641925,0.8270424755243891,0.8760793625706299
SB68577_component_145a,305.101634,-13.367277,36.61399841308594,60.92179489135742,305.1016860560353,-13.36716287207542,27.772790174830078,1.2445490284989815,1.3183406558217716
SB68577_component_146a,306.111406,-16.510381,34.944000244140625,84.81553649902344,306.1114357922306,-16.51032678074844,34.385902969433545,0.9593488320886573,1.0162304091651508
SB68577_component_147a,311.633697,-11.752076,32.15999984741211,45.81196594238281,311.63359504378764,-11.752025528207827,29.985455310554507,1.0124876979510833,1.0725199772468417
SB68577_component_148a,306.994407,-13.510019,32.7140007019043,201.9382781982422,306.9942793884721,-13.509819483789517,31.781772712794094,0.9717172355953342,1.0293321583265531
SB68577_component_151a,305.134271,-13.981709,33.183998107910156,92.6927261352539,305.13417456614405,-13.9815654567113,35.16471020021343,0.8908529697431756,0.9436732997079769
SB68577_component_152a,311.792276,-14.994598,31.253999710083008,33.7152099609375,311.7919955986877,-14.994495852884993,27.963643005375367,1.0551063079398648,1.1176655239117144
SB68577_component_153a,305.85093,-12.080179,34.64400100708008,161.1348876953125,305.85091271259563,-12.080098169140848,35.226339227596895,0.9284208698538452,0.9834686705094634
SB68577_component_156a,305.169975,-14.657114,32.9739990234375,116.51589965820312,305.1700075431355,-14.656928067909922,32.685557200510104,0.9523576893172458,1.0088247485321404
SB68577_component_158a,307.683274,-14.570435,31.327999114990234,186.47618103027344,307.6835221357839,-14.570602539989995,31.345288709102206,0.9435061782472862,0.999448414903036
SB68577_component_159a,309.575848,-16.119274,28.840999603271484,145.66162109375,309.5757697114535,-16.11898737294592,32.245268701517254,0.8443619867149114,0.8944257798017485
SB68577_component_160a,308.464384,-13.380677,30.795000076293945,178.0057830810547,308.46435139372835,-13.380607964091256,29.50470990939758,0.9853107595599166,1.0437316676170876
SB68577_component_163a,310.817333,-15.761644,29.01099967956543,106.6580810546875,310.81724047110794,-15.76151576091349,28.113526956834352,0.9741632143218099,1.0319231636823463
SB68577_component_166a,305.52146,-12.809035,27.599000930786133,149.1837921142578,305.5214487440246,-12.808909833119989,21.56235438512011,1.2083188382021235,1.2799623101377016
SB68577_component_167a,306.287227,-12.191748,27.145000457763672,154.2329559326172,306.287172589797,-12.191655049888997,23.24791393542483,1.1022756887509173,1.1676316650673986
SB68577_component_169a,305.004277,-12.821529,30.545000076293945,85.32122802734375,305.004290205209,-12.82132359938292,32.548195297683755,0.8859262747241442,0.93845449177539
SB68577_component_170a,305.56655,-14.206409,28.18400001525879,154.85714721679688,305.56684459627667,-14.206345063873925,32.60329078883932,0.8160665142017333,0.8644526160809102
SB68577_component_171a,311.278638,-15.419322,27.465999603271484,82.72891998291016,311.2785582442989,-15.419179869140626,25.632428902086232,1.0115561919268337,1.0715332404973925
SB68577_component_172a,307.173057,-11.424232,28.16699981689453,75.31282806396484,307.1730277115145,-11.424243032573877,29.866176716112566,0.8903183515560963,0.9431069830139543
SB68577_component_173a,311.210669,-15.211304,27.993999481201172,108.92607116699219,311.21071801708007,-15.211098420776143,27.182495618219946,0.9722097861642696,1.0298539131350872
SB68577_component_174a,307.56263,-15.683241,26.604000091552734,144.5869598388672,307.5624558180592,-15.683342952582475,24.992303942625764,1.004905010356948,1.0644876979980278
SB68577_component_179a,305.754597,-12.511005,26.01099967956543,135.4739532470703,305.7545834936448,-12.51096053348361,38.92179493686,0.6308825982407715,0.6682888012169321
SB68577_component_183a,306.732588,-15.959942,24.98200035095215,142.75428771972656,306.732498820873,-15.9596688392377,24.841275969201416,0.9493747467643664,1.0056649417656809
SB68577_component_184a,307.7664,-14.115221,23.881999969482422,131.9447479248047,307.7665463433114,-14.115293685310716,23.90863732507558,0.9429751197258459,0.9988858689338509
SB68577_component_189a,305.406362,-15.351908,25.423999786376953,81.22683715820312,305.4067466130467,-15.351882998048513,29.011069714251022,0.8273028078974886,0.8763551305344662
SB68577_component_190a,308.53225,-11.534089,24.332000732421875,75.33126831054688,308.53234379594966,-11.53391924900991,28.219924421206326,0.8139661404374237,0.8622277072484713
SB68577_component_194a,306.956663,-13.516834,25.882999420166016,155.92169189453125,306.95655682773787,-13.516641996831705,25.030742973400613,0.9761694831512462,1.0340483879232458
SB68577_component_197a,307.124661,-16.564397,24.413000106811523,55.73744583129883,307.1246383285165,-16.564372454537402,23.149821223693106,0.9955380790771287,1.0545653839359068
SB68577_component_198a,307.011714,-14.461359,25.038999557495117,151.7515106201172,307.0121024514592,-14.461573951870736,26.98725757240782,0.8758759130228664,0.9278082254306331
SB68577_component_201a,305.825066,-16.303154,24.42799949645996,97.71199798583984,305.8249269490452,-16.303103000707253,22.496925902621854,1.0250595338663446,1.0858372207028097
SB68577_component_204a,307.850336,-12.274833,24.06800079345703,144.11976623535156,307.8503962731799,-12.274738014863319,23.851966979708088,0.9525772001407325,1.009057274560741
SB68577_component_206a,308.668551,-12.913098,23.195999145507812,123.38298034667969,308.6685491062158,-12.913032247374906,22.02333467788266,0.9942929733568558,1.0532464535810202
SB68577_component_208a,309.071799,-13.346552,23.423999786376953,143.7055206298828,309.0717710806525,-13.346504301954903,24.423474161310747,0.9053947652917239,0.9590773053689036
SB68577_component_209a,309.088147,-12.057909,21.88800048828125,115.80953216552734,309.0880984952719,-12.057813549188703,18.16773494977703,1.1373383128656793,1.2047732173982357
SB68577_component_210a,308.199339,-15.260717,22.95599937438965,139.97560119628906,308.19926870274406,-15.260771124405062,24.160452811921324,0.8969650052263983,0.9501477291461453
SB68577_component_212a,307.140427,-15.72079,21.94099998474121,126.09770202636719,307.1402714479733,-15.72065771917021,22.570116848786892,0.9177131915144231,0.9721261140001809
SB68577_component_214a,310.39513,-15.434596,22.023000717163086,105.37320709228516,310.39517380451656,-15.434476943714929,21.48508453210708,0.9676622324404858,1.0250367264905171
SB68577_component_215a,310.151755,-11.771124,23.06999969482422,99.01287841796875,310.1517027283796,-11.770980637351006,23.477573299596497,0.9276384647038086,0.9826398751024543
SB68577_component_216a,305.420143,-12.554556,21.29400062561035,92.58261108398438,305.4201320996346,-12.55451411425379,21.96963782428145,0.9149950187838463,0.9692467757513797
SB68577_component_221a,306.349976,-16.312609,21.604999542236328,88.18367004394531,306.3499689624216,-16.312436738011087,20.84776625939306,0.9783158665444943,1.036322034381122
SB68577_component_222a,308.69919,-15.283758,23.288000106811523,135.3953399658203,308.6992488628152,-15.283969647331002,22.538652566481627,0.9754131590866125,1.0332472199977158
SB68577_component_223a,305.525413,-14.552508,22.7549991607666,130.028564453125,305.5257715888254,-14.55243284188354,24.539920120138767,0.875362713941803,0.9272645978212715
SB68577_component_226a,308.181755,-13.90292,20.756000518798828,117.26554107666016,308.1817511929935,-13.90288386245826,16.926143537233923,1.1576306536254823,1.226268728794603
SB68577_component_227a,308.587969,-16.478307,20.014999389648438,63.53968048095703,308.5879249980287,-16.478236806130862,18.46967245996852,1.0230120569987327,1.0836683451224858
SB68577_component_230a,308.455018,-11.737942,23.06800079345703,102.07080078125,308.45506496882587,-11.73778349967817,23.0992402058708,0.9427501874470409,0.9986476000017599
SB68577_component_231a,311.075656,-16.671405,20.599000930786133,19.179702758789062,311.07551476854985,-16.671245372508583,20.174201367059393,0.9639048614538009,1.0210565739876254
SB68577_component_232a,309.32426,-12.20251,21.107999801635742,122.7209243774414,309.3242566665538,-12.202479985531648,20.893200376552933,0.953732268646615,1.010280829227286
SB68577_component_239a,308.338025,-12.281111,22.128999710083008,125.02259826660156,308.33806027709585,-12.281000714334889,21.86409364710294,0.9554647496145433,1.0121160322149996
SB68577_component_243a,307.439304,-14.559412,19.27199935913086,118.96295928955078,307.4395806179082,-14.55960571352449,21.42413276000343,0.8491958956531794,0.8995463001942196
SB68577_component_245a,306.320843,-11.425918,20.81100082397461,51.007354736328125,306.3207649436962,-11.42586172114959,22.364319830044348,0.8784592834782228,0.9305447687265229
SB68577_component_246a,310.863931,-13.181791,18.76799964904785,80.20512390136719,310.8639587193666,-13.18178113471248,18.50489048256693,0.9574494021373163,1.0142183584781976
SB68577_component_249a,307.460374,-13.670737,19.0939998626709,111.66081237792969,307.4603090080701,-13.670601879488691,18.618894875745887,0.9681159605366684,1.0255173569696616
SB68577_component_250a,310.913869,-15.789235,19.424999237060547,64.1089096069336,310.91377263686906,-15.78906594613803,18.31736175558534,1.0011115056443298,1.060469269333367
SB68577_component_253a,311.258191,-15.896381,18.457000732421875,30.011383056640625,311.258073366689,-15.89635390072781,18.425611839954627,0.9456350834166186,1.0017035468205828
SB68577_component_254a,309.978947,-16.452577,18.55299949645996,56.22120666503906,309.97900031054434,-16.452456307001253,16.956421140631086,1.0329143313096556,1.0941577437000043
SB68577_component_255a,310.383854,-13.65992,19.8799991607666,113.5999984741211,310.38388752337534,-13.659864336132442,19.92924283673238,0.9416942692189754,0.9975290744174677
SB68577_component_259a,310.60833,-12.46207,19.711000442504883,92.9764175415039,310.6083768930095,-12.462046184222725,18.212452155034917,1.0217028589291322,1.082281522263639
SB68577_component_261a,305.099666,-13.085083,17.643999099731445,52.3560791015625,305.0997503129614,-13.084928823583487,16.685777311202337,0.9982399546768856,1.0574274587666819
SB68577_component_263a,308.805986,-12.836862,19.802000045776367,115.8011703491211,308.80602578939397,-12.836791889023301,19.377314462614425,0.964716784845995,1.0219166378282867
SB68577_component_264a,304.999493,-14.508591,18.445999145507812,52.85386657714844,304.99932868112757,-14.508420337924123,17.938347687306027,0.9707426513829501,1.0282997892030503
SB68577_component_267a,307.189437,-15.906186,17.027999877929688,95.12848663330078,307.18923047598116,-15.906174988137424,17.782818692852064,0.9039562307469161,0.9575534774346104
SB68577_component_271a,307.666571,-12.092459,18.15399932861328,105.54650115966797,307.6666296018691,-12.09236295065631,17.215770789663363,0.9954746566934494,1.054498201121105
SB68577_component_272a,304.723717,-14.661464,17.672000885009766,20.69321060180664,304.72348488589785,-14.661288610426194,16.44052750870904,1.0147389745432478,1.0749047362165465
SB68577_component_273a,307.137215,-11.57684,18.190000534057617,74.2448959350586,307.13720742491404,-11.576852400343503,18.10691537952742,0.9483586388192463,1.004588586890075
SB68577_component_276a,307.035409,-12.183772,16.822999954223633,89.01058197021484,307.03531193020785,-12.183722090019447,16.46430911054028,0.96459342513034,1.0217859638855857
SB68577_component_277a,306.999992,-13.272671,17.902999877929688,107.84940338134766,306.9999751686698,-13.272577194861794,18.140242807391775,0.9316806541858342,0.9869217335191668
SB68577_component_281a,306.942505,-11.301353,17.582000732421875,37.892242431640625,306.94257764624655,-11.301332480684861,19.27401253512273,0.8611534018044961,0.9122127891316077
SB68577_component_282a,308.855857,-11.338799,16.292999267578125,38.15690994262695,308.85580575814134,-11.33860229182571,18.216132378561127,0.8443630677521565,0.8944269249357032
SB68577_component_285a,310.634429,-15.329433,16.281999588012695,77.90430450439453,310.63457940978407,-15.329275476931818,17.274386825522743,0.8897939810949823,0.9425515216526351
SB68577_component_288a,305.24103,-13.057681,16.07900047302246,59.99626922607422,305.24108991318684,-13.057547615584838,16.42524955386702,0.9241265255422338,0.9789197065341976
SB68577_component_290a,309.414255,-14.219045,16.113000869750977,100.08074951171875,309.4142285957676,-14.218911796053098,14.334900297882527,1.0611239544085636,1.1240399678350816
SB68577_component_292a,305.709379,-11.87781,17.04599952697754,63.60447311401367,305.7093856684241,-11.877767990500352,18.876086360636673,0.8525009688398519,0.9030473373190582
SB68577_component_294a,308.601931,-16.521329,16.30500030517578,49.25981903076172,308.6019064403011,-16.52115990431319,15.071019612761898,1.0213216567577335,1.08187771790629
SB68577_component_295a,309.626659,-15.890253,16.645999908447266,97.91764831542969,309.62663966543556,-15.890019683359904,16.29959648271578,0.9640896037742068,1.0212522700239122
SB68577_component_296a,310.324832,-14.127755,16.643999099731445,91.95579528808594,310.32479689142326,-14.127639093664646,16.733525754559476,0.9389762162460813,0.9946498630270051
SB68577_component_297a,310.013587,-16.542907,16.694000244140625,40.12980651855469,310.0136495523748,-16.54278960323445,14.990074897018264,1.051334648463363,1.1136702357278612
SB68577_component_298a,310.096733,-16.673961,15.54699993133545,28.790739059448242,310.096770819574,-16.67381650794827,14.614583664130622,1.0042561815064048,1.0638003988778215
SB68577_component_301a,308.238679,-13.575324,15.961000442504883,96.73332977294922,308.2386242210592,-13.575197892735083,17.104938841882593,0.8808925737124137,0.9331223332657174
SB68577_component_302a,311.278908,-11.535227,15.946999549865723,35.83595275878906,311.27881472801454,-11.535137709888918,15.322902172118585,0.9824768318292285,1.0407297110388618
SB68577_component_304a,310.409695,-11.648239,17.43000030517578,56.960784912109375,310.40965914901636,-11.64809393280804,17.697230813517272,0.9297719594612079,0.9848998687332835
SB68577_component_306a,310.999296,-15.663843,15.942000389099121,50.44936752319336,310.99920900880585,-15.663687059491348,15.289717529533641,0.9843005280662728,1.042661537618699
SB68577_component_307a,305.811647,-13.174282,15.843999862670898,83.8306884765625,305.81165835158015,-13.174151922252404,14.567101491726252,1.0267768035167988,1.0876563104657362
SB68577_component_309a,305.830217,-14.784146,15.791999816894531,86.29508209228516,305.83054128377887,-14.784266349556354,18.026540561985957,0.8270068465689902,0.8760416211081795
SB68577_component_312a,310.213084,-15.292937,14.107000350952148,78.81005859375,310.213162114698,-15.292843692947525,13.546367792475007,0.9830965661231829,1.0413861905320903
SB68577_component_317a,311.383613,-14.071312,15.095000267028809,29.253877639770508,311.3835650925248,-14.071183414187091,13.942332948374343,1.022073292934609,1.0826739199904751
SB68577_component_318a,310.592651,-15.653648,14.642000198364258,63.38528060913086,310.5926370025772,-15.653441270263517,13.955624929522672,0.990456677634732,1.0491826967482898
SB68577_component_321a,307.334318,-15.397834,15.404999732971191,92.2455062866211,307.3342239114803,-15.397835228780298,15.602441651100463,0.9320806515089567,0.9873454474277527
SB68577_component_333a,310.134902,-13.7816,15.434000015258789,94.68711853027344,310.1350343922175,-13.781563497586623,14.70511911718869,0.9908189732742329,1.0495664735702899
SB68577_component_334a,310.353152,-12.078238,13.800999641418457,68.32177734375,310.35315120595266,-12.07814129876196,13.955224866977236,0.9335940399695875,0.9889485675058001
SB68577_component_337a,306.276081,-13.908339,14.071999549865723,75.25133514404297,306.2760418096431,-13.908255635057014,14.309304948605925,0.9283711550323469,0.9834160080037065
SB68577_component_339a,309.726098,-16.781795,14.274999618530273,18.73359489440918,309.72604862826347,-16.781628100181443,10.660011095831571,1.2641622382070943,1.3391167692229031
SB68577_component_344a,306.155688,-13.622776,13.668000221252441,79.46511840820312,306.15556067618166,-13.622620392036543,13.847101722868905,0.931816635102995,0.9870657769978918
SB68577_component_346a,309.855868,-15.983497,13.878999710083008,69.04975128173828,309.85578201788564,-15.983309465896475,13.892649455670197,0.9430993682125174,0.9990174843444554
SB68577_component_347a,311.215134,-15.259382,13.182999610900879,51.496089935302734,311.21509285013417,-15.259267568786647,12.87166338879861,0.966860749839864,1.0241877224953853
SB68577_component_348a,310.900424,-14.708417,14.652999877929688,58.14682388305664,310.90043552875267,-14.708377753581749,9.889655928170253,1.3987165980055922,1.4816491073457123
SB68577_component_349a,311.011526,-12.554067,13.182000160217285,43.79402160644531,311.0115825094793,-12.554006241674053,13.864235189581676,0.897572959293954,0.9507917299414353
SB68577_component_351a,305.701808,-11.985693,12.83899974822998,47.37638473510742,305.7018668857226,-11.985600144183909,12.303838067797994,0.985087818018921,1.0434955074573542
SB68577_component_352a,306.712693,-16.510826,12.255000114440918,37.70769500732422,306.71253979729397,-16.51076149752003,10.933316032393705,1.0581464583558315,1.120885930501896
SB68577_component_353a,305.201327,-13.236683,12.970999717712402,39.18730926513672,305.2014336369543,-13.236557248723745,11.052930446689405,1.107848509055414,1.1735349082557107
SB68577_component_354a,305.270527,-14.368527,13.418000221252441,65.13592529296875,305.2705998140646,-14.368463978011949,11.94609415282599,1.0603426399400522,1.1232123277781345
SB68577_component_355a,304.761463,-13.035353,12.184000015258789,15.116625785827637,304.76141556805896,-13.035284584664389,10.903199477844325,1.0549218748456533,1.117470155436218
SB68577_component_356a,307.700375,-16.373116,13.97700023651123,53.34733200073242,307.70028088451755,-16.373145218893875,13.469840558839097,0.9795709161461938,1.037651498208665
SB68577_component_359a,307.836716,-11.8133,12.977999687194824,69.03191375732422,307.8368755595739,-11.813206775384385,10.800014115212623,1.1344041354739756,1.2016650671700833
SB68577_component_360a,305.051016,-15.183493,12.560999870300293,17.254121780395508,305.0516285574354,-15.183645900953826,11.318873136073398,1.0476238661652115,1.109739434243522
SB68577_component_362a,304.694383,-15.632747,14.218000411987305,13.592734336853027,304.69482193843555,-15.63273227364599,12.073555426540358,1.1117002596486487,1.1776150363076132
SB68577_component_367a,305.133134,-12.253066,13.062999725341797,27.328453063964844,305.1331623674217,-12.253000122943158,14.047495262348594,0.8778663218445129,0.9299166492943739
SB68577_component_370a,310.539461,-13.737867,12.239999771118164,66.88524627685547,310.5394352760543,-13.737809854912419,11.883717263486322,0.9723295038176891,1.0299807290709069
SB68577_component_371a,310.823722,-16.121423,12.663999557495117,41.25081253051758,310.8236171874142,-16.12131989060067,14.939747278058272,0.8002247887631859,0.84767160526835
SB68577_component_372a,305.12027,-15.219576,13.550000190734863,20.074073791503906,305.1207923037443,-15.219676163028012,17.312870855037403,0.7388471062181375,0.7826547257350052
SB68577_component_374a,308.564611,-11.476216,11.409000396728516,30.424001693725586,308.56468248108,-11.476047577965618,15.432625691242867,0.697898294903875,0.7392779832146432
SB68577_component_375a,307.690324,-15.86686,12.520000457763672,75.42169189453125,307.69006332233096,-15.866967055331768,13.00792993273922,0.9086162939588696,0.9624898444642221
SB68577_component_376a,308.604592,-14.138783,12.333999633789062,80.6143798828125,308.60461112537683,-14.138728224091665,11.818047758225276,0.9852411791256905,1.0436579616294652
SB68577_component_381a,304.815246,-12.781582,12.196999549865723,19.995080947875977,304.81525624749645,-12.78136672790785,11.173739496396193,1.0304782520584175,1.0915772247777529
SB68577_component_382a,309.901819,-16.392784,11.913000106811523,38.931373596191406,309.9018130727598,-16.39267344424353,10.651125447024448,1.055868930500996,1.1184733637833173
SB68577_component_385a,306.643731,-15.000591,12.366000175476074,68.69999694824219,306.6438513302079,-15.000810680789701,13.540036692594946,0.8621717167495024,0.9132914818642291
SB68577_component_386a,307.585048,-16.222136,13.079999923706055,67.77201843261719,307.5847148689222,-16.222322011892366,12.673705362981945,0.9742905715272264,1.0320580721334138
SB68577_component_391a,305.484559,-16.81192,11.57699966430664,16.778261184692383,305.48472706989315,-16.81204434106394,10.193405382349077,1.0721636756179491,1.1357342546538371
SB68577_component_395a,306.161728,-14.785767,12.138999938964844,71.4058837890625,306.16198351987896,-14.786008564074633,11.623169404967365,0.9859223378469587,1.04437950751858
SB68577_component_398a,305.508295,-15.559765,11.628000259399414,47.46122360229492,305.5084656794026,-15.559836961607756,11.49303555979154,0.9551127600570823,1.0117431725418173
SB68577_component_399a,307.679592,-14.898486,11.343999862670898,67.52381134033203,307.67964112805004,-14.898590883546762,11.840266630632762,0.9044594381114358,0.9580865208999654
SB68577_component_402a,309.234051,-16.656578,11.798999786376953,25.10425567626953,309.23400249978727,-16.656478428084437,10.032285449187476,1.1102727412318705,1.1761028776680755
SB68577_component_403a,310.563829,-12.164523,11.873000144958496,58.48768615722656,310.5637779798563,-12.164469906221967,10.16145340290578,1.103034275747583,1.168435230098411
SB68577_component_405a,307.284306,-16.726024,11.739999771118164,18.874597549438477,307.2842318847883,-16.726211869611635,11.832578490566268,0.9366407731371543,0.9921759471511713
SB68577_component_406a,305.925485,-13.243274,11.572999954223633,61.887699127197266,305.9254587113809,-13.243162111195906,10.109791593326726,1.0806576027884185,1.1447318025687832
SB68577_component_407a,307.269351,-14.539432,11.654000282287598,70.20482635498047,307.2696487279268,-14.539698777000202,11.874917040412297,0.9264645469301275,0.9813963535599547
SB68577_component_408a,307.535132,-15.22755,11.336999893188477,65.1551742553711,307.53499206662514,-15.227599637133014,12.337145068476756,0.8674967089234883,0.9189322027311003
SB68577_component_410a,310.461746,-12.65739,10.614999771118164,53.61111068725586,310.4617826533519,-12.657290759831902,10.951230455452222,0.9150428580410422,0.9692974514871375
SB68577_component_411a,308.556265,-11.650755,11.789999961853027,46.235294342041016,308.55635015095686,-11.650584221852558,11.17874359249742,0.9956465051769627,1.0546802388209215
SB68577_component_412a,309.364799,-16.32053,10.840999603271484,47.969024658203125,309.3647511099566,-16.320295900403252,10.461552739969846,0.9782673172861743,1.0362706065469525
SB68577_component_413a,310.458277,-12.554122,11.312000274658203,59.22513198852539,310.4583415835381,-12.554073357098787,9.742286517268179,1.0961320438861495,1.1611237520686453
SB68577_component_415a,306.183226,-12.696843,11.071999549865723,62.20224380493164,306.18310782229673,-12.696814819625247,11.644840975286192,0.8975876370315674,0.9508072779494191
SB68577_component_419a,304.720925,-16.280647,10.701000213623047,14.30614948272705,304.7212645807389,-16.280551984808863,11.089001070424223,0.9109956686894307,0.9650102967492695
SB68577_component_424a,307.373955,-12.054744,11.548999786376953,63.4560432434082,307.3739386180818,-12.054660537995959,10.354773504308078,1.052902445389206,1.1153309902502475
SB68577_component_425a,308.282439,-11.842729,11.116999626159668,59.44919204711914,308.28247933848536,-11.84252868523911,10.67981172656701,0.9826714969661754,1.0409359182339435
SB68577_component_427a,307.1805,-11.53144,11.737000465393066,38.99335861206055,307.1804968824165,-11.531482142513259,12.101501873045553,0.9155924741073077,0.969879655312506
SB68577_component_428a,309.497192,-16.457593,10.812000274658203,36.4040412902832,309.4971996853752,-16.457361712129604,9.753415225760559,1.0464866666020998,1.108534808002609
SB68577_component_429a,306.033676,-16.265879,11.37399959564209,43.57854080200195,306.03362651718476,-16.26578410813661,11.098411633028253,0.9674683020836825,1.024831297642061
SB68577_component_431a,310.458066,-11.536515,11.812000274658203,32.4505500793457,310.4580058302356,-11.536350579118102,12.600168395734304,0.8849759405420322,0.9374478105115699
SB68577_component_433a,306.075423,-16.326161,9.873000144958496,35.901817321777344,306.07543321022297,-16.32603048416743,9.222906165601142,1.010568409636233,1.0704868907570613
SB68577_component_435a,308.212383,-14.022134,10.086999893188477,55.72928237915039,308.2123590662187,-14.022099825850304,9.995192184520217,0.9526979528617284,1.009185186935219
SB68577_component_436a,310.025813,-15.998625,10.298999786376953,51.23880386352539,310.02577884531104,-15.998653931746702,12.069553397513378,0.805542045522342,0.8533041320732545
SB68577_component_437a,306.165872,-12.624934,10.388999938964844,62.9636344909668,306.1658186387674,-12.624877569653103,11.128908559111757,0.8812629957713357,0.9335147183376652
SB68577_component_438a,308.86934,-13.68923,11.17199993133545,73.98675537109375,308.86926059258116,-13.689167020581888,9.843731213285535,1.0714096225463772,1.1349354923727726
SB68577_component_440a,306.265084,-13.774977,10.784000396728516,62.33526611328125,306.26494003069337,-13.774895764200636,9.108281872138248,1.1177065546321923,1.1839774556951517
SB68577_component_443a,308.152931,-12.88423,11.468999862670898,66.68022918701172,308.15292755043305,-12.884159772884368,10.188904257799786,1.062630876791263,1.125636238449407
SB68577_component_444a,306.329699,-14.575543,10.763999938964844,64.84337615966797,306.33025180974516,-14.57584854591403,12.72440025026787,0.7985842303084698,0.8459337750506742
SB68577_component_451a,308.628814,-13.640433,10.187000274658203,61.7393913269043,308.6287808024594,-13.640353519092603,10.320926665800897,0.9317770092850903,0.9870238016915217
SB68577_component_452a,308.079682,-16.785278,10.961999893188477,13.893536567687988,308.0796111086256,-16.785053854532215,10.73746924084441,0.963767385849334,1.0209109471988027
SB68577_component_454a,307.091659,-15.468667,9.918000221252441,53.90217590332031,307.09166975487113,-15.468507558870643,12.188333493639655,0.7681820408777517,0.8137289832468104
SB68577_component_455a,305.28843,-14.915088,10.781999588012695,29.459014892578125,305.28861221354424,-14.9149356121597,11.681595139733476,0.8713277091822259,0.9229903501225685
SB68577_component_460a,305.59396,-13.290037,10.187000274658203,46.09502410888672,305.5940616385832,-13.28981442302911,10.992554204116436,0.8748469193910773,0.9267182208520225
SB68577_component_463a,309.029265,-11.869169,9.581000328063965,53.52513885498047,309.02924551138176,-11.868944796189714,8.901635897254302,1.0160741285693535,1.0763190540088494
SB68577_component_468a,307.85923,-16.609773,9.819999694824219,21.629955291748047,307.8590072862199,-16.609778394317164,8.88153315294817,1.0437774206631087,1.1056649258314744
SB68577_component_469a,306.526627,-15.983506,10.866999626159668,58.74053955078125,306.52662973710324,-15.983336355161716,10.716082560025335,0.9573218381667276,1.014083231002466
SB68577_component_470a,310.946531,-12.367141,9.670999526977539,41.68534469604492,310.94655696488053,-12.367098682546219,9.266022012747797,0.9852861981532032,1.0437056499188746
SB68577_component_472a,308.484775,-13.53551,9.90999984741211,60.797542572021484,308.4846818583805,-13.535396471676131,10.114592765590546,0.9249315861572349,0.9797725006908381
SB68577_component_474a,311.347526,-15.730033,9.579000473022461,17.228418350219727,311.34741574094227,-15.729943087730133,8.73429731252498,1.0353247315319591,1.0967110610359208
SB68577_component_475a,306.377157,-13.790377,10.607000350952148,62.029239654541016,306.3770238633198,-13.790292980550607,10.81365353615458,0.9259861631231344,0.9808896054870351
SB68577_component_479a,310.580936,-11.250136,10.57800006866455,15.51026439666748,310.58102322183134,-11.249848328704113,10.737201534519274,0.930029716672706,0.9851729088493959
SB68577_component_482a,307.961875,-11.981262,8.918999671936035,49.276241302490234,307.9619164275554,-11.98111356411347,8.62246050525342,0.9764933700562817,1.0343914786854567
SB68577_component_485a,305.550111,-15.463328,9.206000328063965,38.68067169189453,305.55027151635994,-15.463363243720748,9.97279242759192,0.871442167949931,0.9231115953635558
SB68577_component_486a,309.204113,-16.253396,10.038000106811523,47.12676239013672,309.2041546272222,-16.253051221384787,8.041826298510765,1.1783569633295348,1.2482239399613024
SB68577_component_489a,307.31361,-11.299654,9.87399959564209,18.6654052734375,307.31358228190624,-11.299807258051215,10.390720998613158,0.8970812637120962,0.9502708808137534
SB68577_component_492a,309.650708,-14.29305,10.184000015258789,59.5555534362793,309.65071055739935,-14.29290653888766,8.154101788223041,1.179034810437109,1.2489419778849864
SB68577_component_493a,308.039265,-14.505011,9.442999839782715,62.53642654418945,308.03941320538416,-14.505104079360821,9.793375793803285,0.9102525986080939,0.9642231686603644
SB68577_component_494a,308.85528,-14.863009,9.178000450134277,59.21290588378906,308.855346352595,-14.863158947774014,9.493716791682694,0.9126329978096845,0.9667447061592346
SB68577_component_500a,307.192027,-12.729973,10.012999534606934,62.192543029785156,307.1920186748865,-12.729912066841102,9.13024662639546,1.0352996135939794,1.0966844538086675
SB68577_component_501a,306.06302,-11.60946,9.454000473022461,38.74590301513672,306.06288556043637,-11.609421682304308,7.339923155220897,1.2159297134719542,1.2880244483619447
SB68577_component_503a,310.096805,-15.675079,9.62600040435791,51.47593688964844,310.0967726166802,-15.674947660073055,8.619633160007968,1.05424477474897,1.1167529088150907
SB68577_component_505a,306.581378,-13.165126,9.37399959564209,53.26136016845703,306.5814435189774,-13.165062036342832,8.902092335841719,0.9940705337307275,1.0530108250956207
SB68577_component_507a,307.944295,-13.756793,9.744000434875488,58.69879913330078,307.9442355815141,-13.756728715485437,9.531153151495003,0.9651086573410458,1.0223317451726288
SB68577_component_509a,309.865035,-14.593339,9.178000450134277,53.36046600341797,309.86502528561425,-14.593222067065803,8.601296001544608,1.007322526092998,1.067048552739739
SB68577_component_510a,308.384761,-15.997319,9.628999710083008,58.35757064819336,308.38458416155845,-15.997288375127969,8.040696243332516,1.1305034252454222,1.197533076574997
SB68577_component_511a,307.342768,-13.821893,9.140999794006348,56.425926208496094,307.34279526762435,-13.821849681716035,9.673638186640838,0.89204800046749,0.9449391860272326
SB68577_component_512a,307.212354,-15.811299,8.819999694824219,55.82278060913086,307.21217695566605,-15.811329997414258,8.309301694104875,1.0020477271170343,1.0614610011189827
SB68577_component_514a,310.891485,-14.093587,10.005000114440918,42.21519088745117,310.8914345962096,-14.093517669024358,9.80401567114661,0.9633796449739783,1.0205002164455743
SB68577_component_516a,309.285849,-14.610519,8.368000030517578,51.654319763183594,309.2858130067532,-14.610429222082887,7.74707534651824,1.0196902296745811,1.0801495604761866
SB68577_component_517a,310.404135,-13.403621,8.840999603271484,43.126827239990234,310.40421120661784,-13.403571939313672,8.349055156877535,0.999651002171396,1.0589221698923272
SB68577_component_520a,307.269011,-11.498168,9.211000442504883,29.428117752075195,307.2690075321075,-11.498196202182736,10.008318548258524,0.8688204771030938,0.920334459588881
SB68577_component_527a,308.276281,-12.405038,8.937000274658203,54.16363525390625,308.2763099088136,-12.404856788545931,8.709135230483614,0.9687263254814493,1.026163911587573
SB68577_component_528a,308.451149,-16.704629,9.496999740600586,20.690631866455078,308.45118702035677,-16.704459039050313,8.05931112442743,1.1124304528558036,1.1783885240285095
SB68577_component_530a,309.96892,-16.726751,8.293999671936035,12.07278060913086,309.96910746351733,-16.726600890362647,7.31733811995787,1.0700282784138373,1.1334722457766908
SB68577_component_531a,308.784422,-13.72739,8.838000297546387,59.716217041015625,308.78437988787226,-13.727284971669441,8.79255303002581,0.9489064098915472,1.0051688363283542
SB68577_component_532a,310.281209,-15.713498,8.300000190734863,43.68421173095703,310.2812131195464,-15.713441212632615,8.648315118635079,0.9060057658263959,0.9597245332620132
SB68577_component_534a,307.40393,-16.336377,9.204000473022461,37.263160705566406,307.4037648609794,-16.336443769516805,14.116552921607967,0.6155060647547618,0.6520005644532423
SB68577_component_536a,305.903648,-11.412494,7.644000053405762,17.25507926940918,305.9037501989207,-11.412457291060798,10.128756003887839,0.7124410530080284,0.7546830085028878
SB68577_component_537a,310.196653,-16.243955,9.053000450134277,39.360870361328125,310.1965782652529,-16.24375678488183,9.071429052999543,0.9421090993317414,0.9979685005793909
SB68577_component_540a,306.216868,-12.588595,9.020000457763672,51.54286193847656,306.21687521750073,-12.588512234114289,6.5756349910120315,1.2949506756783138,1.3717307104321854
SB68577_component_545a,309.890546,-14.473259,8.607999801635742,51.5449104309082,309.89046780100864,-14.473140858938729,9.399353631133051,0.8645470311776996,0.9158076331040313
SB68577_component_551a,310.010446,-15.237651,8.277000427246094,48.40351104736328,310.01050656229927,-15.237594350184207,7.904822204946655,0.9884739674592363,1.0470824279977529
SB68577_component_552a,306.755202,-14.813352,8.807000160217285,54.701866149902344,306.75545139635204,-14.813605193379745,7.116643242863506,1.1682537233584074,1.237521660095699
SB68577_component_553a,310.958124,-11.43343,9.02299976348877,23.933685302734375,310.9580616928196,-11.433282165359147,9.594409182586327,0.8878039530916585,0.9404435011866437
SB68577_component_557a,307.595187,-14.195116,8.362000465393066,53.94839096069336,307.5953822278939,-14.19532786006984,7.639766827045421,1.0332714947071286,1.0945360839797986
SB68577_component_560a,305.61667,-11.348798,8.937000274658203,14.185714721679688,305.61663843783185,-11.3486053848013,8.961096676260214,0.9414883997734518,0.9973109985895089
SB68577_component_563a,310.521865,-13.367223,8.371000289916992,45.24864959716797,310.5218927963093,-13.367220951852184,7.254207797892678,1.0893607662081801,1.1539509927395157
SB68577_component_564a,308.441633,-13.999592,8.52299976348877,48.702857971191406,308.44159234228016,-13.999607327354365,7.130291223540227,1.128416877084985,1.1953228130922058
SB68577_component_565a,308.745193,-13.90819,8.027000427246094,50.16875457763672,308.74517478951793,-13.908092042810999,8.14048869329946,0.9308660118732355,0.9860587895482515
SB68577_component_566a,309.913833,-13.151937,8.406000137329102,46.18681335449219,309.9139183940166,-13.151819565668909,7.929333724521568,1.0007764129648644,1.0601143083855125
SB68577_component_569a,310.172843,-16.332641,7.52400016784668,28.60836410522461,310.1727728219729,-16.33258413413564,6.704855862179311,1.0593603532095313,1.1221717994398641
SB68577_component_570a,310.009583,-11.461371,8.277000427246094,23.99130630493164,310.0094714445279,-11.461143656534444,8.158045019229256,0.9577920872667239,1.0145813620464768
SB68577_component_571a,310.512877,-13.953767,8.718000411987305,42.73529815673828,310.51286902794027,-13.953731823751722,8.001554017792781,1.0285535525359244,1.0895384062397613
SB68577_component_574a,306.025988,-16.355925,8.190999984741211,27.30333137512207,306.0259459421455,-16.35585761033174,8.07443423199594,0.9576552380743394,1.0144363988108744
SB68577_component_576a,310.064886,-16.614619,8.404000282287598,17.116090774536133,310.0649335814089,-16.614393378679065,7.543589486434446,1.0517012172203735,1.1140585390284583
SB68577_component_579a,306.929626,-12.210009,8.48900032043457,53.38994216918945,306.9295903804628,-12.209946524966394,6.355125396590228,1.2610049474405856,1.3357722768128617
SB68577_component_582a,307.657208,-15.028402,7.631999969482422,43.11864471435547,307.6571274661854,-15.028518755821272,8.255593873033147,0.8727189469320806,0.9244640769469424
SB68577_component_584a,305.915867,-15.982341,7.938000202178955,39.88944625854492,305.915717112347,-15.982249939551073,7.9752816060324365,0.9396139232670727,0.9953253808836942
SB68577_component_588a,308.993588,-13.836567,8.125,49.54268264770508,308.99346696279684,-13.836530790182458,7.413553466352351,1.0346210506572646,1.0959656576130015
SB68577_component_590a,309.652899,-15.648957,7.7829999923706055,41.844085693359375,309.6528928315124,-15.648749633477024,7.7086833454529735,0.9531279135255163,1.009640640766684
SB68577_component_591a,305.445803,-12.003293,8.064000129699707,22.90909194946289,305.44586757490566,-12.003395921387547,8.429820563493498,0.9030599051674713,0.9566040070439901
SB68577_component_592a,307.633516,-12.688216,7.434999942779541,47.05696105957031,307.6335661206023,-12.688188985688354,6.989915909083109,1.0041379553121093,1.0636751628325118
SB68577_component_594a,306.38661,-15.543847,7.821000099182129,43.938201904296875,306.38645316813484,-15.543864530839858,7.368542747294574,1.0019938336412397,1.0614039121987422
SB68577_component_596a,307.209296,-15.645711,7.828999996185303,43.98314666748047,307.20916516959795,-15.645750183542747,7.661473361060463,0.9646690871704028,1.0218661120687693
SB68577_component_598a,306.93292,-12.339252,7.590000152587891,43.371429443359375,306.93294796031324,-12.339173899419157,7.589780618614193,0.9440541953348242,1.0000289249432532
SB68577_component_608a,308.325771,-14.338446,7.511000156402588,49.41447448730469,308.3259568178967,-14.33844226620416,7.09258967586739,0.9997175133558335,1.0589926246486308
SB68577_component_610a,307.043298,-13.186211,7.802999973297119,45.89999771118164,307.04335634004514,-13.186130875406302,6.621159298477883,1.1125305193240433,1.17849452362382
SB68577_component_611a,308.140887,-16.391061,7.364999771118164,27.584270477294922,308.14080415679786,-16.39099300025584,7.943100976725253,0.8753203370838991,0.9272197083606224
SB68577_component_613a,306.132054,-16.678074,7.186999797821045,12.038525581359863,306.1321071939113,-16.677714660261337,6.032525482422373,1.1246899964370023,1.1913749587569236
SB68577_component_620a,309.228757,-16.15757,6.85099983215332,34.776649475097656,309.22867488484104,-16.157216962900332,5.920344370346597,1.0924243010751986,1.1571961702883578
SB68577_component_623a,307.018397,-11.754678,7.554999828338623,38.15656661987305,307.01827824716753,-11.754656042505301,6.948074151837598,1.0264891870156556,1.0873516406471437
SB68577_component_626a,311.474459,-14.007292,7.646999835968018,13.027256965637207,311.47431244193643,-14.00722730028244,7.290802138235241,0.9901480429175067,1.04885576250448
SB68577_component_627a,306.646431,-14.166241,7.997000217437744,49.364200592041016,306.64680095643246,-14.166345738158252,8.165766160403836,0.9245162170441628,0.9793325035702779
SB68577_component_628a,309.681308,-16.021544,6.625999927520752,34.15463638305664,309.68135802679853,-16.021248403823396,6.986604259429559,0.8953021909563711,0.9483863235244628
SB68577_component_629a,307.854773,-12.658575,7.6479997634887695,42.021976470947266,307.8547662495669,-12.658528068567355,6.900648530785368,1.0462665059276313,1.1083015935921525
SB68577_component_630a,305.420021,-13.339053,7.668000221252441,25.993223190307617,305.42006923314335,-13.338819535508017,7.157144910829297,1.0114086674305045,1.0713769689992139
SB68577_component_631a,310.088366,-16.203016,6.973999977111816,30.72246742248535,310.088280051793,-16.202884553393027,9.323345090024421,0.7061460711335041,0.7480147854415146
SB68577_component_634a,306.64145,-12.742114,6.732999801635742,39.374267578125,306.6415406193192,-12.742052081677366,7.107209680001352,0.8943218429344681,0.9473478488444513
SB68577_component_639a,309.517305,-15.312651,7.00600004196167,39.35955047607422,309.5173301208478,-15.312663275884443,6.944717866300298,0.9523572525412289,1.0088242858588607
SB68577_component_641a,307.217616,-13.937762,7.044000148773193,46.959999084472656,307.2176170215952,-13.937746061591707,7.0156306889528155,0.9478442985782165,1.0040437504592494
SB68577_component_642a,306.250502,-13.739407,6.696000099182129,38.705204010009766,306.2503880380039,-13.739288705409331,5.982444755469061,1.0566255775860443,1.1192748738817433
SB68577_component_646a,307.739812,-14.236089,7.173999786376953,44.55900573730469,307.740018789284,-14.236264070499885,5.994416045487289,1.1297929025237254,1.1967804256392376
SB68577_component_647a,309.509419,-13.36634,6.318999767303467,35.499996185302734,309.50946583350185,-13.366275852841442,6.420718114694822,0.9290714197312875,0.9841577926994558
SB68577_component_649a,308.821354,-13.571892,7.091000080108643,43.7716064453125,308.821306743574,-13.571845100165804,7.075092908665293,0.9461493770967652,1.0022483339298438
SB68577_component_651a,306.118223,-16.076729,7.326000213623047,33.149322509765625,306.1182852158661,-16.076501262077752,7.425370551821748,0.9313934092880155,0.986617457336951
SB68577_component_652a,307.561188,-15.196148,7.629000186920166,43.34659194946289,307.56104145276123,-15.196229790370236,7.048604365800285,1.0217599033810392,1.0823419489872281
SB68577_component_657a,310.679009,-12.631736,6.8379998207092285,28.97457504272461,310.6790911219284,-12.631695440836895,4.634219663612442,1.392954190588051,1.4755450360717057
SB68577_component_659a,309.330979,-11.890687,6.875,37.98342514038086,309.3308769453866,-11.890626800027468,6.23138674867462,1.0415313840179197,1.1032857174949497
SB68577_component_660a,310.630954,-13.620006,6.677999973297119,38.379310607910156,310.63117046744816,-13.620011282113895,6.916052759355645,0.9115331767456359,0.9655796746581349
SB68577_component_663a,307.946701,-13.124866,7.093999862670898,41.48537826538086,307.94661513427815,-13.124863228670892,7.95863806289026,0.8414664130868273,0.8913585222261811
SB68577_component_666a,310.500905,-14.401861,7.375999927520752,40.08695602416992,310.50085019941645,-14.401770226909044,7.218778943644699,0.9645872691531308,1.021779442909035
SB68577_component_668a,309.629002,-12.62149,7.164999961853027,44.78125,309.62904812906254,-12.621346863501174,6.591286741826182,1.0261960815167468,1.087041156377896
SB68577_component_671a,305.821375,-14.209727,6.698999881744385,38.0625,305.82173732675284,-14.20975126796101,6.970685697387833,0.9072329889863053,0.9610245207662628
SB68577_component_673a,311.017363,-14.961585,7.063000202178955,29.801687240600586,311.0174408678042,-14.961451835706303,6.507714724325279,1.02457811892805,1.0853272617771745
SB68577_component_676a,307.026125,-12.748913,7.039000034332275,42.92073059082031,307.02622068164237,-12.748869692982387,7.464588231288981,0.8902038667207874,0.9429857101597665
SB68577_component_677a,305.608687,-16.458354,7.111999988555908,22.15576171875,305.6084386806141,-16.458275352173516,5.286597550197647,1.2699887144679243,1.3452887081011142
SB68577_component_681a,310.949121,-13.605686,6.916999816894531,38.21546936035156,310.94918760860793,-13.605587449922416,6.968389407683044,0.9370650001271815,0.9926253273486908
SB68577_component_684a,305.111274,-12.872022,7.238999843597412,25.579505920410156,305.1113376207123,-12.87191992311128,6.773366919281253,1.0089237134551068,1.0687446774794787
SB68577_component_685a,306.711085,-14.157344,7.046000003814697,46.662254333496094,306.71147671452644,-14.157520433914792,8.823520625411897,0.7538502768647277,0.7985474622819028
SB68577_component_687a,308.200539,-16.218972,6.290999889373779,31.14356231689453,308.2003145715354,-16.21893464748098,6.0398001980929985,0.9832896556285435,1.0415907286734576
SB68577_component_689a,306.659861,-11.948463,6.956999778747559,36.80952453613281,306.6598483378725,-11.948417561659479,6.523792323289066,1.0067142752714526,1.066404237595363
SB68577_component_691a,309.861731,-11.852957,6.452000141143799,32.2599983215332,309.8617017953385,-11.852875167727026,5.99691159964527,1.0156664013658527,1.0758871519008966
SB68577_component_692a,305.687468,-16.031632,6.665999889373779,35.08420944213867,305.68741926485814,-16.03168889079051,7.129256793374144,0.8826843137738557,0.9350203089288478
SB68577_component_694a,304.899764,-13.130785,7.116000175476074,12.375652313232422,304.8999962361268,-13.130637518606092,5.982188717936591,1.1229494466729557,1.1895312085591583
SB68577_component_696a,306.379863,-16.405091,6.521999835968018,24.155553817749023,306.37980422346715,-16.404968640268017,3.9455348633485374,1.5604837952591584,1.6530077826844645
SB68577_component_699a,307.806033,-11.358907,6.074999809265137,13.682432174682617,307.8063513647033,-11.358704205143512,4.657702921842885,1.2312857366269183,1.3042909586989027
SB68577_component_700a,308.321077,-15.695586,6.618000030517578,41.88607406616211,308.32091423679856,-15.695700588657479,6.449711788521235,0.9686587847301787,1.0260923662195032
SB68577_component_701a,308.962969,-12.041873,5.927999973297119,35.07692337036133,308.9630193136583,-12.04184625048142,6.117396513213338,0.9147995169399847,0.969039682239474
SB68577_component_704a,309.928444,-14.378781,6.164999961853027,36.264705657958984,309.92835361972027,-14.378710952200855,5.857011641618646,0.9936681183710772,1.0525845497806225
SB68577_component_708a,310.531175,-14.002743,6.645999908447266,34.08205032348633,310.53134794744483,-14.002664063354311,5.520958031363389,1.1363974485865411,1.203776567525555
SB68577_component_709a,308.263511,-11.785188,6.50600004196167,33.02538299560547,308.2636650650595,-11.785070871727497,6.492170331025712,0.9460378685332591,1.0021302138161512
SB68577_component_710a,308.79072,-14.350105,6.105000019073486,37.0,308.7906576119352,-14.350036132133923,6.754782258411431,0.8532153898345053,0.9038041176636301
SB68577_component_711a,309.69343,-16.261248,6.829999923706055,30.491069793701172,309.6934967667623,-16.260955545260423,6.094465981000702,1.0579603861522064,1.1206888257311398
SB68577_component_713a,307.576615,-15.277823,6.046999931335449,34.953758239746094,307.57651454586943,-15.277885996408301,5.666747276961896,1.0073734113135415,1.067102455039678
SB68577_component_718a,304.822342,-14.379806,6.373000144958496,12.185468673706055,304.82203694925187,-14.379628145328317,5.958753977709299,1.0096546233599337,1.069518924392385
SB68577_component_720a,311.057158,-15.73105,6.545000076293945,19.081632614135742,311.0570683134447,-15.730942809847638,5.606132248462205,1.1021245645624709,1.1674715804446598
SB68577_component_724a,308.451189,-12.118396,6.25,33.42245864868164,308.4510937318555,-12.118326465737423,5.892274620663192,1.0013396249600268,1.0607109142676967
SB68577_component_729a,308.634306,-16.099684,6.448999881744385,37.27745819091797,308.6341350059116,-16.099644027383345,5.97476723445835,1.0189567324164581,1.0793725728009933
SB68577_component_731a,306.664843,-12.08603,5.813000202178955,32.65730285644531,306.6648396600491,-12.086051879590471,5.885857788486708,0.932341333448561,0.9876215856845422
SB68577_component_732a,308.363217,-12.294653,5.631999969482422,31.8192081451416,308.3632610801179,-12.29459109233339,5.505953695094381,0.9656382357679908,1.0228927232897624
SB68577_component_733a,307.611665,-15.605931,6.164000034332275,37.585365295410156,307.6114296477879,-15.6060492454941,6.265735744207748,0.9286988817102446,0.9837631662060564
SB68577_component_734a,307.117702,-13.130895,5.534999847412109,31.810344696044922,307.1177087344586,-13.130869251458565,5.219692537419882,1.0010529645915764,1.0604072572726833
SB68577_component_735a,309.252747,-15.631293,6.172999858856201,36.744049072265625,309.2527002524555,-15.631225981371202,6.005207907832329,0.9704040134043791,1.0279410727487102
SB68577_component_736a,307.050257,-15.965033,5.611000061035156,31.000001907348633,307.050074931065,-15.964918782331965,6.102675505239667,0.8679692914286429,0.9194328055322022
SB68577_component_741a,306.454607,-16.267814,6.083000183105469,27.903671264648438,306.45461573521686,-16.267471502801303,5.506738067280481,1.0428162136967658,1.104646727115818
SB68577_component_743a,307.886244,-13.162902,6.671000003814697,40.9263801574707,307.88622752101793,-13.162813467095056,5.945508636930763,1.0592202900424026,1.1220234316669757
SB68577_component_746a,307.775445,-13.968733,5.942999839782715,35.801204681396484,307.77551980718323,-13.96879386505971,6.596452710309012,0.8505104029245837,0.9009387470473224
SB68577_component_752a,309.268027,-11.934351,5.867000102996826,30.398963928222656,309.26790959012,-11.934326992754126,7.167945374447846,0.7726908574314457,0.8185051359224075
SB68577_component_754a,308.168624,-13.232446,5.935999870300293,32.437156677246094,308.1686670605542,-13.232361569556488,5.305393670149819,1.0562351903554739,1.1188613398659757
SB68577_component_757a,305.486095,-14.763054,6.1620001792907715,27.026315689086914,305.4863738409297,-14.762937811274316,7.436632000026122,0.7822215569875055,0.8286009283865501
SB68577_component_759a,305.190497,-15.470125,6.432000160217285,17.91643524169922,305.19113370615065,-15.470040465729964,7.698196738874422,0.7887536925727267,0.8355203664433404
SB68577_component_764a,307.091325,-12.148193,6.044000148773193,33.20879364013672,307.0911638540405,-12.14804784389784,6.145200143838729,0.9284805256935842,0.9835318634549274
SB68577_component_767a,311.17555,-12.363208,5.794000148773193,18.04984474182129,311.1756075273535,-12.363075770953511,6.148340696564031,0.889620827412464,0.9423681013661362
SB68577_component_768a,310.721969,-15.748299,5.593999862670898,23.504199981689453,310.7218258356594,-15.748253524843946,5.33787954297908,0.9893228663555347,1.0479816596889477
SB68577_component_769a,308.457718,-11.86066,5.553999900817871,27.35960578918457,308.4576621049395,-11.860643657684381,5.580512201576632,0.9395419382247145,0.9952491277142498
SB68577_component_771a,310.943064,-14.880419,5.613999843597412,24.622806549072266,310.943045033717,-14.880325227264906,5.68409162471911,0.9323858866833206,0.9876687805634798
SB68577_component_772a,308.035682,-13.589975,5.427000045776367,32.497005462646484,308.0356370522026,-13.589960366319037,5.704089261309795,0.8981686185726222,0.9514227069669311
SB68577_component_774a,309.914933,-13.895671,5.821000099182129,33.64739990234375,309.9148517590714,-13.895691864673386,6.243747807024176,0.8801093168285502,0.9322926356239983
SB68577_component_776a,304.985353,-14.802471,5.367000102996826,10.482421875,304.9852265134365,-14.80238561403118,4.952271406891759,1.0230845598744265,1.0837451468285675
SB68577_component_780a,309.880215,-16.194511,5.986999988555908,26.608888626098633,309.8801476538737,-16.19437770003653,5.1388248542480515,1.0998407488874935,1.165052353089385
SB68577_component_784a,308.703592,-15.685033,5.590000152587891,33.07692337036133,308.7034697679453,-15.685084796042757,5.430378020599301,0.9717758940233119,1.0293942947218568
SB68577_component_786a,306.719961,-12.984331,5.626999855041504,33.099998474121094,306.7199530110313,-12.984296904763879,5.753355257541075,0.92329413569694,0.9780379627463551
SB68577_component_787a,309.172125,-14.831059,6.203999996185303,36.92857360839844,309.1722398636885,-14.831098523655884,4.997158732113004,1.172014565129859,1.2415054891726438
SB68577_component_789a,305.991649,-15.227645,4.8429999351501465,28.15697479248047,305.9917906055721,-15.227928097315537,2.9839669506085724,1.532162466901045,1.6230072300775413
SB68577_component_791a,307.940055,-16.447377,5.175000190734863,17.424243927001953,307.9400141828037,-16.44742982519769,5.42204391834589,0.9010143418847789,0.9544371585085956
SB68577_component_792a,307.513595,-13.742799,5.559999942779541,36.10389709472656,307.5134802555266,-13.742812993716063,8.238675402162515,0.6370914248821681,0.6748657607411178
SB68577_component_798a,306.947483,-16.405053,5.295000076293945,18.644365310668945,306.9472496851818,-16.405033122961488,5.267044453250141,0.9490374527536511,1.005307648965551
SB68577_component_801a,305.88208,-15.865831,5.421000003814697,28.382198333740234,305.8818935458326,-15.865864202840628,4.535253456616922,1.128397744480988,1.1953025460805224
SB68577_component_802a,309.383915,-14.64754,5.886000156402588,33.6342887878418,309.3839145122492,-14.647372137929775,5.661929598315928,0.981386702577841,1.039574945996027
SB68577_component_804a,310.967207,-12.655974,5.74399995803833,18.177213668823242,310.9673183058329,-12.655933933293825,4.855589414836159,1.1167522518673703,1.1829665705439694
SB68577_component_805a,309.720534,-12.008427,5.341000080108643,29.02717399597168,309.72054086197136,-12.008313105449187,2.933124622933943,1.719002204182982,1.8209250429891903
SB68577_component_812a,308.991773,-11.480226,5.296999931335449,17.539735794067383,308.99162079451804,-11.480310723686655,4.64959048137232,1.0754732891897545,1.1392401013716906
SB68577_component_818a,306.327224,-13.196458,5.650000095367432,33.235294342041016,306.32721853245323,-13.196334509255967,4.50904398141962,1.1829008626170339,1.2530372554912614
SB68577_component_820a,309.768435,-14.727738,5.34499979019165,30.36931800842285,309.7683055812376,-14.727583464716455,5.32417695876821,0.947718974202244,1.0039109953678658
SB68577_component_828a,311.455866,-15.078172,4.921999931335449,12.588234901428223,311.45576448630203,-15.077908132335363,4.642977907579522,1.000758646142298,1.0600954881349818
SB68577_component_830a,304.940738,-15.844488,5.495999813079834,14.020407676696777,304.9409041140283,-15.844477859833885,3.2947735034923693,1.5747278537488432,1.6680963979023824
SB68577_component_834a,305.595664,-12.95043,5.684999942779541,29.455957412719727,305.59570152550555,-12.950298743777065,5.6125331770740745,0.9562157840249115,1.0129115968528215
SB68577_component_836a,310.460286,-11.719787,5.714000225067139,22.674604415893555,310.46013854722753,-11.71965255258778,5.138517918870685,1.0497520771022641,1.1119938307664654
SB68577_component_837a,307.374917,-12.799879,5.541999816894531,33.79268264770508,307.37505232324213,-12.79988859787408,5.698077298892777,0.9181688092005664,0.9726087461065904
SB68577_component_838a,307.244522,-12.356163,5.539999961853027,32.39765930175781,307.24461194504323,-12.35613580604453,5.387369413123094,0.9707722879711056,1.0283311829996549
SB68577_component_840a,310.229899,-14.619472,5.658999919891357,30.589187622070312,310.22974368762186,-14.619356883300881,5.778470854085179,0.9245089620506076,0.9793248184146572
SB68577_component_841a,305.700597,-14.670509,5.506999969482422,30.765361785888672,305.70101220940796,-14.670498520603385,5.921679640442722,0.8779191659861876,0.9299726266635225
SB68577_component_845a,307.41963,-14.23497,4.813000202178955,30.852563858032227,307.41978447644465,-14.235141947505731,3.7833433245960597,1.200948795753499,1.2721552841606913
SB68577_component_848a,308.177398,-13.652934,5.2220001220703125,31.26946258544922,308.1773399138246,-13.652823870868465,5.706296945436606,0.8639067645580999,0.9151294038853706
SB68577_component_849a,310.117797,-16.36966,4.752999782562256,16.67719268798828,310.11770268527954,-16.36942178319057,4.460178432518934,1.0060045058707512,1.0656523846464026
SB68577_component_851a,305.496167,-14.367736,4.89900016784668,28.317920684814453,305.49654621549615,-14.36771848717367,4.726244528601317,0.978533349615547,1.0365524124280738
SB68577_component_852a,307.272206,-13.908176,4.9730000495910645,33.60135269165039,307.2722282213274,-13.90819759459993,4.8690754084668555,0.9641760239923096,1.021343814257527
SB68577_component_853a,305.182209,-14.9905,5.429999828338623,11.577824592590332,305.1824337730892,-14.990326260082398,5.78436595867045,0.8861932118528926,0.9387372561031255
SB68577_component_858a,310.678473,-13.739206,4.961999893188477,26.11578941345215,310.6785654423938,-13.739128302052274,5.031543951627073,0.9309789141179553,0.9861783859771099
SB68577_component_860a,305.918643,-13.458693,5.46999979019165,30.730335235595703,305.9185271211683,-13.458525769717014,5.5788511421455205,0.9256075768003821,0.9804885720768652
SB68577_component_867a,309.83103,-12.793772,4.789000034332275,29.380367279052734,309.83106371556175,-12.793777597252324,5.394171036775796,0.8381166957769106,0.887810193944973
SB68577_component_869a,309.538973,-12.914585,5.085999965667725,33.24182891845703,309.5389771961424,-12.914504705089124,4.72449725503738,1.0162606660449476,1.0765166516384153
SB68577_component_870a,309.605302,-15.598107,5.316999912261963,29.53888702392578,309.60526524400484,-15.59795116125029,5.533989173767188,0.9070113313489389,0.9607897206351936
SB68577_component_874a,305.710069,-16.13568,4.973999977111816,23.134883880615234,305.70993683233667,-16.135582824567184,3.9906083833890875,1.176660116754817,1.246426484196269
SB68577_component_875a,309.819306,-15.699413,4.89300012588501,28.61403465270996,309.8192659383477,-15.69942920983174,4.61012762135676,1.0019513705708611,1.0613589314139205
SB68577_component_877a,310.679347,-13.592805,4.834000110626221,27.465909957885742,310.6794603170957,-13.592674864604874,2.9693989894924777,1.5368180914700944,1.627938895288853
SB68577_component_879a,310.153009,-16.186027,4.60099983215332,20.540176391601562,310.1528099419611,-16.186011302510057,4.89682277295564,0.8869970920154073,0.9395887998160558
SB68577_component_880a,306.426336,-14.38095,5.109000205993652,30.777111053466797,306.4269881666355,-14.381344198148584,5.610431163327842,0.8596547096037449,0.9106252366820299
SB68577_component_881a,307.229437,-13.593551,4.823999881744385,28.886226654052734,307.2293544350107,-13.593314725431492,5.5252423206275445,0.8242146386736413,0.873083858011948
SB68577_component_882a,307.642879,-16.405205,5.014999866485596,19.288461685180664,307.64280961027396,-16.405307183521717,3.6161723921414466,1.309200505662143,1.3868254393468733
SB68577_component_886a,305.936812,-12.943618,4.6579999923706055,25.73480796813965,305.93670459457616,-12.943377727654982,3.430019402923271,1.2819977752675917,1.3580098084578691
SB68577_component_888a,309.351943,-16.592874,5.245999813079834,14.572220802307129,309.3518831599798,-16.592792855088348,4.623050296715619,1.0712331831883333,1.1347485915969333
SB68577_component_891a,310.169862,-12.885207,5.019999980926514,30.797544479370117,310.16976552610925,-12.885129614025088,4.440041323945193,1.0673357793491378,1.1306201034331813
SB68577_component_896a,306.964312,-12.598191,4.798999786376953,27.267044067382812,306.9644149828037,-12.598105126654634,5.789188604457247,0.7825595519772143,0.8289589637280219
SB68577_component_898a,306.057587,-16.160056,4.618000030517578,19.735042572021484,306.0574764668399,-16.15987257582979,4.833774295687362,0.901886587463788,0.9553611211507548
SB68577_component_899a,310.297934,-14.4838,5.063000202178955,29.265897750854492,310.29795725262903,-14.483665349498496,4.443227084869057,1.0757065170548643,1.1394871577508316
SB68577_component_902a,310.885604,-15.391913,4.558000087738037,20.812786102294922,310.8855750737657,-15.391698020503185,4.5413015446848926,0.947498113133826,1.0036770390357999
SB68577_component_904a,305.424501,-13.947956,4.807000160217285,20.28270149230957,305.4246806528767,-13.947835337710659,4.678999950048556,0.9698519891198494,1.0273563179173362
SB68577_component_905a,306.108267,-15.789538,4.40500020980835,23.81081199645996,306.1082529053876,-15.78956979081376,4.202562927829129,0.9895006255305676,1.048169958536181
SB68577_component_907a,311.147079,-12.458804,4.8429999351501465,15.087226867675781,311.14705357662956,-12.458615553264975,3.0234907156748245,1.5121336872288673,1.6017909067960272
SB68577_component_911a,309.648015,-11.413616,4.828000068664551,12.009949684143066,309.64794391708847,-11.413640972843877,5.382662432497394,0.8467486014687685,0.8969539013845428
SB68577_component_912a,308.257427,-15.450795,4.504000186920166,26.494117736816406,308.25738465547704,-15.45082275935367,5.635695404435531,0.7544583199114461,0.7991915573320955
SB68577_component_913a,310.533639,-14.936442,4.551000118255615,22.755001068115234,310.533585481946,-14.936171544576741,4.449179818784618,0.9656311186176817,1.0228851841503703
SB68577_component_914a,309.298942,-16.513364,4.294000148773193,12.779762268066406,309.29900546821096,-16.51307039264432,3.789346470395452,1.0697495294358912,1.1331769692532434
SB68577_component_920a,306.737809,-15.766639,4.139999866485596,23.657142639160156,306.7378050985483,-15.76636429970087,4.237002875585644,0.9224141004574055,0.9771057485802058
SB68577_component_925a,311.211737,-13.632281,4.71999979019165,19.344261169433594,311.2118438001876,-13.63227846287441,4.2327186306691,1.0527056269858952,1.1151225021176334
SB68577_component_929a,308.984975,-12.333326,4.0279998779296875,23.01714324951172,308.9849284999314,-12.333305079536196,3.811906263013103,0.9975429438557637,1.0566891208772207
SB68577_component_939a,310.982432,-11.790395,4.646999835968018,20.204347610473633,310.98242050484924,-11.79039037968405,3.9987112491726244,1.097076664674959,1.1621243811814446
SB68577_component_944a,308.580566,-11.666187,4.182000160217285,15.840909957885742,308.5809050524961,-11.666012157908696,1.544103703699348,2.5567716684483326,2.7083674174202756
SB68577_component_945a,306.483328,-12.852077,4.40500020980835,27.87974739074707,306.4832857781824,-12.852063079424425,4.467731772041624,0.9307717781853792,0.9859589685697251
SB68577_component_948a,311.121809,-11.929685,4.644999980926514,18.28740119934082,311.12178849876443,-11.92971973269158,4.596782374481734,0.9539291891756847,1.0104894255408852
SB68577_component_952a,310.682638,-14.222815,4.235000133514404,16.351350784301758,310.68245419067296,-14.222650524369921,3.83462921668836,1.0425920673884206,1.1044092907558374
SB68577_component_957a,309.520128,-14.645792,4.410999774932861,27.9177188873291,309.5200918037408,-14.64559257370623,3.4096052151914895,1.221285789383374,1.2936980959788718
SB68577_component_962a,306.920393,-14.223556,4.2129998207092285,26.167701721191406,306.92070238547893,-14.223795126859685,3.842509268149504,1.0350489324250818,1.0964189092868857
SB68577_component_964a,306.47001,-15.129805,4.458000183105469,26.855422973632812,306.47010127123514,-15.1298996991321,4.411563327446991,0.9539638748163456,1.010526167757712
SB68577_component_967a,305.636517,-13.14895,4.3520002365112305,21.65174102783203,305.63636158082625,-13.148828790541048,3.746554123521526,1.0965823822468443,1.1616007918285784
SB68577_component_972a,307.720366,-12.382942,4.140999794006348,23.662857055664062,307.72029215453097,-12.382846445733183,3.2870794168717645,1.189267023644391,1.2597808780498643
SB68577_component_977a,308.27581,-12.475744,4.517000198364258,27.71165657043457,308.27589326665105,-12.475630360524963,4.064592551121656,1.0491013780833274,1.1113045505921022
SB68577_component_979a,307.407814,-16.370656,4.199999809265137,17.21311378479004,307.4075659386285,-16.370749650339626,6.146897899071734,0.645026616769495,0.6832714449184839
SB68577_component_980a,307.325168,-11.857444,4.078000068664551,21.57672119140625,307.3252302075081,-11.857372538144556,4.068385164515101,0.9462579289236306,1.0023633219964796
SB68577_component_983a,307.982068,-13.661656,3.9839999675750732,24.14545249938965,307.9819912971667,-13.661627504149273,4.515920160887759,0.8328320614203568,0.8822122237856131
SB68577_component_986a,308.099985,-14.709443,4.25,25.6024112701416,308.10006947729244,-14.709471033248464,3.8748427043685303,1.0354263607841003,1.0968187160754974
SB68577_component_988a,310.599757,-16.240376,4.052999973297119,15.410645484924316,310.59969846697214,-16.240624370279498,3.205616374081567,1.1935741870139458,1.2643434211488684
SB68577_component_991a,309.737373,-15.080863,3.947000026702881,23.217647552490234,309.73730874365907,-15.08082596262518,2.921952864471552,1.2751999537767444,1.350808931483812
SB68577_component_993a,307.760526,-13.183039,3.8310000896453857,21.522472381591797,307.76051831186953,-13.182964411552378,4.15063248944603,0.8713291545699879,0.9229918812100599
SB68577_component_994a,305.238514,-15.592492,4.0289998054504395,14.03832721710205,305.2388298797328,-15.592509497221869,3.438015433169891,1.1063022338641766,1.1718969515316149
SB68577_component_995a,305.78564,-12.913498,3.9700000286102295,23.216373443603516,305.78551617813724,-12.91345604240171,4.3670377743749,0.858198845899711,0.90908305211042
SB68577_component_996a,305.25942,-14.516983,3.8369998931884766,17.361989974975586,305.25946432128586,-14.517048369550261,3.7230029084828895,0.9729326468110763,1.0306196335344902
SB68577_component_998a,309.128965,-15.328441,3.700000047683716,21.264368057250977,309.1290558225353,-15.328614971296545,5.753877033710992,0.6070514742268023,0.6430446855235247
SB68577_component_1000a,307.875404,-16.365922,4.208000183105469,16.06106948852539,307.87543434718384,-16.365845406705166,4.060526699582919,0.9783128193454322,1.036318806507958
SB68577_component_1002a,307.960579,-14.459566,4.125,25.943397521972656,307.96084120020697,-14.45968504840957,3.8923622327582,1.0004492608745106,1.059767758839071
SB68577_component_1006a,309.23557,-16.327113,4.117000102996826,18.216814041137695,309.235282465345,-16.326772187445588,3.3905604740240354,1.1462880048036972,1.2142535532217265
SB68577_component_1007a,310.270507,-14.943641,4.368000030517578,23.7391300201416,310.270589488715,-14.943428940846147,4.152533344346093,0.9930105648325221,1.0518880086694198
SB68577_component_1008a,308.449719,-15.191952,3.989000082015991,23.60354995727539,308.44967364522347,-15.191926072103577,4.310101368053966,0.8736971634113798,0.9255002937012236
SB68577_component_1010a,307.349998,-15.622943,4.078999996185303,23.045198440551758,307.35000111743244,-15.623124058385702,3.185239136819834,1.208915724346301,1.280594586771845
SB68577_component_1013a,308.975723,-16.335207,3.944000005722046,15.053435325622559,308.97557259892847,-16.33505641211976,3.5716772171210454,1.0424352008601627,1.1042431233192769
SB68577_component_1016a,309.329552,-15.333247,4.048999786376953,21.423280715942383,309.32961612487713,-15.333370000816078,3.8500485146708323,0.992809482527909,1.0516750038208624
SB68577_component_1017a,310.66777,-11.420146,4.034999847412109,10.012406349182129,310.66746110286067,-11.420058880289858,4.47262292809001,0.8516587282155336,0.9021551586811761
SB68577_component_1019a,310.636721,-15.912095,3.5969998836517334,15.504310607910156,310.6367505197515,-15.91194164984046,4.5064011064443426,0.75352027730469,0.798197896434002
SB68577_component_1021a,311.072342,-13.823555,3.8949999809265137,16.716737747192383,311.07233486987326,-13.823522818497727,3.76506755847369,0.9766052425734101,1.034509984332259
SB68577_component_1024a,308.892235,-14.654716,4.060999870300293,23.610464096069336,308.8922100853971,-14.65475326770038,2.494330738954877,1.536962607077049,1.6280919794950084
SB68577_component_1025a,306.444278,-14.100026,4.175000190734863,24.851192474365234,306.4446878953365,-14.100087707808115,4.4718617212312095,0.8813582997515037,0.9336156730681258
SB68577_component_1027a,310.674518,-16.33755,3.744999885559082,11.851264953613281,310.67460420859646,-16.337275852652144,3.7403585097483427,0.9451983235279038,1.0012408906254955
SB68577_component_1030a,307.220274,-11.976977,4.043000221252441,23.64327621459961,307.2202739185723,-11.97684788791726,2.8878370242511147,1.3216469249143816,1.4000098299525363
SB68577_component_1036a,308.058253,-14.774,3.7909998893737793,23.11585235595703,308.0582100012366,-14.774037718365902,4.090440276167198,0.8749194687362409,0.9267950717828355
SB68577_component_1037a,309.676882,-13.473564,3.9820001125335693,23.562129974365234,309.67696518713274,-13.47342483883877,3.671426278148641,1.0238841515737516,1.0845921478073473
SB68577_component_1040a,310.875093,-15.7384,4.209000110626221,15.032143592834473,310.8748334504752,-15.738081358907943,3.8302300496684865,1.0373813662464806,1.0988896374489354
SB68577_component_1041a,308.177921,-12.936772,4.0279998779296875,23.149425506591797,308.17800484591686,-12.936642305501985,3.8067012976217387,0.9989069007552484,1.0581339493188515
SB68577_component_1043a,308.54431,-14.330783,4.059000015258789,26.019229888916016,308.54448960252637,-14.33071656481784,3.6814130602640156,1.040851731603192,1.1025657672240927
SB68577_component_1045a,307.154137,-12.940711,4.052000045776367,24.707317352294922,307.1541066523392,-12.940706680947022,3.1157867344944252,1.2276825486024905,1.30047413095295
SB68577_component_1047a,310.126278,-15.633428,3.2750000953674316,16.5404052734375,310.1262762205336,-15.633315722017942,3.575353833447485,0.8647222895609407,0.9159932828828744
SB68577_component_1048a,308.913216,-15.961983,3.361999988555908,18.88763999938965,308.9130784115567,-15.961811661512574,3.838550155201273,0.8268273861406796,0.875851520137197
SB68577_component_1051a,306.265067,-15.42332,3.447000026702881,19.6971435546875,306.26492893871995,-15.42335309688696,3.709105606377687,0.8773168139001994,0.9293345600017093
SB68577_component_1052a,306.411375,-15.197312,4.031000137329102,24.88271713256836,306.41117085036365,-15.19762973957954,2.131132788500902,1.7856102357344763,1.891482388652384
SB68577_component_1054a,308.610547,-14.778253,3.7809998989105225,21.855491638183594,308.6106404333001,-14.778270881934134,3.3908729259485257,1.052639143777972,1.1150520769966237
SB68577_component_1055a,305.557734,-16.208522,3.946000099182129,17.38326072692871,305.5577493587151,-16.208443691790958,3.8721453629407563,0.962032633097171,1.0190733377285408
SB68577_component_1066a,308.894359,-11.537663,3.377000093460083,12.060714721679688,308.89434797947644,-11.537466510060865,3.3700124986126583,0.9459842938508072,1.0020734625911036
SB68577_component_1067a,308.418854,-13.547794,3.5999999046325684,20.93023109436035,308.4189406016153,-13.547569426126273,3.694642290974919,0.9198445868901783,0.9743838837731225
SB68577_component_1070a,310.451811,-15.056613,3.427000045776367,17.84895896911621,310.45207788888183,-15.056446598343278,3.4437274897098,0.939441405538432,0.9951426342579615
SB68577_component_1075a,308.409542,-13.454767,3.6670000553131104,21.319766998291016,308.40957517120546,-13.454628538766814,3.0680765683559974,1.128311689281193,1.1952113885078302
SB68577_component_1078a,310.543161,-14.877004,3.500999927520752,16.671428680419922,310.5432501223978,-14.87687960459366,4.431155249018062,0.7458637501217336,0.7900873995097709
SB68577_component_1081a,307.01796,-15.430215,3.5869998931884766,17.24519157409668,307.01770846892884,-15.43010602181876,4.1018576936450835,0.825534332097659,0.8744817985143013
SB68577_component_1085a,309.683378,-14.998264,3.9189999103546143,22.14124298095703,309.68308113673345,-14.99830364307221,3.1861265891413604,1.1611720976753743,1.230020151650898
SB68577_component_1087a,308.91794,-13.586408,3.372999906539917,20.69325065612793,308.9180421985389,-13.58623819478997,3.4796198035055594,0.9151007263912122,0.9693587509594503
SB68577_component_1088a,308.885276,-14.267776,3.558000087738037,20.215909957885742,308.8852885290158,-14.267681944168844,3.069739198435416,1.0941801691368385,1.1590561470340797
SB68577_component_1092a,305.959602,-12.318609,3.8010001182556152,20.770492553710938,305.959505115022,-12.31840858630528,3.3725793339761805,1.0639471938102032,1.1270306023533443
SB68577_component_1093a,310.637256,-14.20038,3.1689999103546143,14.948112487792969,310.63723979055294,-14.200256278501666,2.7957527682232968,1.0700592562824405,1.1335050603807562
SB68577_component_1097a,311.215472,-12.226071,3.4609999656677246,12.360713958740234,311.21557280939,-12.226002065103593,2.6634897810814606,1.226690282443262,1.2994230314870778
SB68577_component_1099a,307.302089,-14.417633,3.431999921798706,21.85987091064453,307.30248696641524,-14.417940542433232,3.729474572356717,0.8687283282872127,0.9202368470982679
SB68577_component_1101a,309.457821,-16.368483,3.4489998817443848,14.80257511138916,309.4577866486821,-16.36821328576057,2.8361455225358596,1.1480188883360003,1.2160870640588846
SB68577_component_1103a,310.754707,-12.171579,3.3299999237060547,17.25388526916504,310.7548107209549,-12.171624260927942,3.659646070440742,0.8589927575524344,0.9099240362620675
SB68577_component_1106a,309.69435,-15.539595,3.5399999618530273,19.558012008666992,309.6942641123381,-15.539359343269576,2.9811578271140626,1.1209923614600892,1.1874580841229587
SB68577_component_1109a,308.569647,-11.980041,3.4749999046325684,16.95121955871582,308.5695316833079,-11.97995069313559,3.5807077434195533,0.9161578061491353,0.9704785069428664
SB68577_component_1114a,305.727341,-12.822072,3.437000036239624,21.08588981628418,305.7273248567963,-12.821881012994213,3.742128222004603,0.8670521854479321,0.9184613226316638
SB68577_component_1115a,309.369825,-16.373543,3.3369998931884766,14.199999809265137,309.36985197717564,-16.37339407450994,2.974043497648628,1.059237241022515,1.1220413877022355
SB68577_component_1116a,310.902333,-12.818093,3.4230000972747803,12.010526657104492,310.9022023182565,-12.818057404953334,3.765403574882684,0.85818268082545,0.9090659285788318
SB68577_component_1121a,307.913731,-14.465338,3.321000099182129,20.37423324584961,307.91377720254405,-14.46547344916115,3.4712916728242034,0.9031547011468984,0.9567044236534008
SB68577_component_1136a,310.129194,-15.676028,3.1600000858306885,16.71957778930664,310.12913767311437,-15.67601129093594,2.564258069872343,1.1633482162396163,1.2323252963333768
SB68577_component_1143a,309.366038,-13.168484,3.6760001182556152,21.24855613708496,309.36624610034954,-13.168367949485098,3.0286467211321657,1.14580645305923,1.2137434493784263
SB68577_component_1144a,305.640599,-13.239792,3.569999933242798,17.163461685180664,305.64065802009725,-13.239693615985567,3.182044815467982,1.059122711217901,1.1219200672124285
SB68577_component_1149a,310.61207,-15.351779,3.186000108718872,14.887850761413574,310.61230617402583,-15.351724122919514,2.6906634489556676,1.1178171589847632,1.1840946179855605
SB68577_component_1159a,308.608834,-12.772494,3.436000108718872,20.21176528930664,308.60891114608484,-12.772507540592501,3.129722099801132,1.036410387636184,1.0978610877103758
SB68577_component_1160a,310.727131,-15.065197,3.3399999141693115,17.76595687866211,310.72729452512334,-15.064980903610532,4.2387346880808545,0.7438657905320737,0.7879709771789332
SB68577_component_1164a,308.062637,-16.378317,3.390000104904175,13.780488014221191,308.0625275460002,-16.378339835607747,2.1906925388984053,1.4608399843017732,1.5474559047929402
SB68577_component_1166a,306.648131,-13.752109,3.380000114440918,20.0,306.6479761651111,-13.752020120504048,2.816669105632928,1.1328313247239574,1.1999990015445585
SB68577_component_1168a,305.257246,-12.845851,3.7360000610351562,16.904977798461914,305.2572426272295,-12.845776176693532,3.0427968467480233,1.1590929970320702,1.2278177772623864
SB68577_component_1170a,309.13577,-13.372166,3.5450000762939453,21.88271713256836,309.1356918857609,-13.37195452070706,3.8787150772683416,0.8628051631317728,0.9139624864610005
SB68577_component_1171a,306.434302,-15.843726,3.259999990463257,18.843931198120117,306.43415998978634,-15.84339899252282,3.5703767087121516,0.8619616084112731,0.9130689158117299
SB68577_component_1177a,307.351676,-13.690951,3.11899995803833,18.90302848815918,307.35150362668355,-13.690727650714464,2.8909062046826475,1.0185110204161747,1.0789004337069876
SB68577_component_1179a,306.24386,-14.768637,3.6089999675750732,22.6981143951416,306.24437545664426,-14.768906663831695,3.225576830341749,1.0562430202327404,1.1188696339912327
SB68577_component_1182a,307.32258,-16.494777,3.3239998817443848,10.552380561828613,307.32250397858894,-16.49461782990034,4.927185812686923,0.6368635947693663,0.6746244221570611
SB68577_component_1184a,310.155142,-16.410822,3.446000099182129,11.801370620727539,310.1550253534455,-16.41100776984592,2.305633372550223,1.410942777489974,1.4946001997579368
SB68577_component_1185a,309.505979,-14.453243,3.1670000553131104,19.07831382751465,309.5059154791357,-14.452934776243945,2.9114430646000535,1.026890495415267,1.0877767433683827
SB68577_component_1187a,306.272628,-15.51537,3.2809998989105225,17.63978385925293,306.27236494789804,-15.515503187025232,3.129222296372122,0.9898153072461434,1.048503298316123
SB68577_component_1188a,305.991335,-13.981301,3.0320000648498535,16.938547134399414,305.99139782106033,-13.98115883402031,4.340002142920311,0.6595134047530714,0.6986171815135727
SB68577_component_1189a,307.602605,-15.786268,3.128000020980835,18.50887680053711,307.6024403024163,-15.78628307984211,2.6099346351142514,1.131413825524263,1.1984974561801258
SB68577_component_1194a,307.223752,-11.885948,3.0439999103546143,16.81768035888672,307.22368714136417,-11.88574870216847,2.4945796995214753,1.1519446611745865,1.2202456032727806
SB68577_component_1197a,309.029742,-12.050344,3.259000062942505,18.947673797607422,309.02970256264837,-12.050145823774578,3.3542027926582403,0.9172324639233868,0.9716168831759018
SB68577_component_1198a,309.656736,-15.720318,3.1010000705718994,18.029069900512695,309.6565864096249,-15.720157662584317,3.4387545303525973,0.8513045711302721,0.9017800029634375
SB68577_component_1199a,309.518592,-16.316637,3.2079999446868896,13.256197929382324,309.518516450606,-16.316445629391566,3.2114125375265963,0.9430237235558278,0.9989373545753374
SB68577_component_1206a,307.857446,-12.535296,3.2829999923706055,19.426034927368164,307.85751155478937,-12.535193600319944,3.163788354921487,0.9795978501253501,1.0376800291535546
SB68577_component_1214a,310.815963,-12.081112,2.9830000400543213,15.297436714172363,310.8159715234421,-12.081083413800307,3.2866381950828467,0.8568123662462478,0.907614365498825
SB68577_component_1220a,310.25096,-16.208297,2.8499999046325684,12.337661743164062,310.25105186705883,-16.20838272962742,2.763329368362849,0.9736358523142074,1.0313645334001817
SB68577_component_1221a,305.646007,-16.089098,3.4010000228881836,16.836633682250977,305.64568841095996,-16.089357189929046,3.962302425831475,0.810295410961427,0.8583393333926286
SB68577_component_1225a,306.931394,-15.055839,3.2890000343322754,18.902299880981445,306.93123205372626,-15.055830084899872,3.2070309151044354,0.968155454024055,1.025559192099391
SB68577_component_1231a,309.612272,-15.298425,3.180999994277954,18.934524536132812,309.6121662530738,-15.29827435378831,3.2701066511474313,0.9183032390578828,0.9727511465602472
SB68577_component_1233a,306.52848,-16.293088,3.2219998836517334,14.916666030883789,306.52861458649227,-16.292748769806142,3.508040969831716,0.8670521678630884,0.918461304004182
SB68577_component_1236a,309.75482,-12.206704,2.878999948501587,16.83625602722168,309.7548601122894,-12.206559571559406,2.4348521475881113,1.1162293236940504,1.1824126369863708
SB68577_component_1239a,307.552577,-12.769983,3.4000000953674316,22.972972869873047,307.5524308158866,-12.769905867320572,2.8833543221681963,1.1131797050915095,1.179182200823218
SB68577_component_1242a,305.778988,-13.325521,2.9839999675750732,15.147208213806152,305.7789876162703,-13.325417570872805,3.250575441215768,0.8666084692800385,0.9179912977066635
SB68577_component_1245a,305.435616,-15.565481,2.937000036239624,11.795181274414062,305.43586994509633,-15.56572035683067,3.621029648034848,0.7656957489742936,0.8110952744707709
SB68577_component_1247a,305.778606,-12.050734,2.8369998931884766,12.021185874938965,305.77841326439835,-12.05063149179621,2.7032493957249435,0.990735145880518,1.049477675894445
SB68577_component_1248a,308.569543,-14.321851,3.1019999980926514,19.387500762939453,308.56945141394345,-14.321766407888775,4.271489877956207,0.6855620621421902,0.7262103122615556
SB68577_component_1249a,309.138075,-13.18928,2.684000015258789,14.994413375854492,309.13814262938996,-13.189311417939228,2.079204290867528,1.2186239691365857,1.2908784514574638
SB68577_component_1257a,310.31928,-13.992065,3.135999917984009,16.08205223083496,310.31940017187276,-13.991811916406984,3.111857589224569,0.951350813101992,1.00775817275284
SB68577_component_1260a,309.554399,-16.308007,3.240000009536743,13.556486129760742,309.55454590551057,-16.30760193811888,2.59971586283188,1.1765313180654868,1.2462900487930244
SB68577_component_1261a,306.790317,-12.522035,3.063999891281128,18.238094329833984,306.7903749672943,-12.521980440737886,2.4663131831620015,1.1728025079167734,1.2423401505533236
SB68577_component_1262a,308.984547,-12.119108,2.8450000286102295,16.164772033691406,308.9844413253138,-12.119046620617944,3.4204939942170913,0.7851955103335218,0.8317512129593476
SB68577_component_1266a,310.787859,-12.090179,2.756999969482422,14.066327095031738,310.78792421984843,-12.090172650852491,2.7762016634493567,0.9374974950709803,0.9930834657223434
SB68577_component_1268a,307.269321,-12.039937,3.0439999103546143,17.295454025268555,307.26921276812,-12.039890699775068,2.9422239964687393,0.9766821867360157,1.0345914906574165
SB68577_component_1272a,310.407633,-12.18006,2.9079999923706055,13.980769157409668,310.40778782192655,-12.17996743582784,2.810218762391843,0.9768741935475498,1.0347948819100257
SB68577_component_1274a,310.53359,-13.042681,2.815999984741211,14.515463829040527,310.5337800814162,-13.042487169927567,2.6007234799216867,1.0221693027724899,1.0827756224302656
SB68577_component_1275a,305.155413,-12.863283,2.805999994277954,10.093524932861328,305.1552905361924,-12.863126927861753,2.5524158664218186,1.0378165569068984,1.0993506313732606
SB68577_component_1278a,308.196296,-15.857606,2.9749999046325684,17.0,308.19583095613984,-15.857398039474555,2.932465552611969,0.9577196579395914,1.0145046382497873
SB68577_component_1280a,310.529814,-12.512493,2.6649999618530273,13.128079414367676,310.52981107566313,-12.512257875065108,2.296682252210212,1.0954199789049703,1.1603694674299698
SB68577_component_1282a,309.364535,-13.817204,2.940000057220459,16.24309539794922,309.36440401203123,-13.816992996349894,2.653926148109077,1.0457861123461825,1.1077927165815107
SB68577_component_1294a,308.896814,-14.393702,2.740999937057495,15.060439109802246,308.89683031989426,-14.393556077512377,2.601916999415691,0.994488926832092,1.0534540255023652
SB68577_component_1297a,310.344094,-13.633891,2.821000099182129,15.415301322937012,310.3440734683366,-13.63374430417132,3.01942691908323,0.8819885428677743,0.9342832844712968
SB68577_component_1300a,310.857571,-15.477674,2.805000066757202,12.466667175292969,310.85754793171515,-15.477740868238204,2.25464126143419,1.174464218814559,1.2441003873817715
SB68577_component_1302a,309.263116,-14.97946,2.944999933242798,18.179012298583984,309.2632899946404,-14.979436000334248,2.5647947829137743,1.0839694250840743,1.1482399889698331
SB68577_component_1303a,309.224072,-12.908928,2.74399995803833,17.257862091064453,309.22410802413833,-12.90888778198238,2.7777389274309257,0.9325605510830384,0.9878538011404117
SB68577_component_1305a,306.713039,-14.596613,3.0230000019073486,19.75817108154297,306.7135154711853,-14.59699029422029,3.1123963550133937,0.9169119106221956,0.9712773236731089
SB68577_component_1313a,307.582304,-14.727355,3.0280001163482666,18.80745506286621,307.58266264112524,-14.727598693360125,2.3899618431273,1.1960498612943704,1.2669658827632513
SB68577_component_1322a,310.79416,-14.33723,3.0409998893737793,11.475471496582031,310.7939808804075,-14.336898630236416,2.6572262422760016,1.0803693041224225,1.1444264101385146
SB68577_component_1323a,310.518608,-14.768518,2.802000045776367,13.60194206237793,310.51895048543867,-14.768459390408326,2.5002524283975616,1.05795853142636,1.120686861035147
SB68577_component_1329a,307.323637,-13.528901,2.619999885559082,15.783132553100586,307.3236273140282,-13.528678845032934,2.377097449562533,1.0404917739807837,1.102184467044568
SB68577_component_1330a,305.435386,-13.022193,3.002000093460083,14.363636016845703,305.43537467002415,-13.02201782211037,2.223845491227537,1.2743550851076393,1.3499139689794786
SB68577_component_1340a,309.198147,-14.098481,2.890000104904175,17.202381134033203,309.1985430426399,-14.098416674739555,2.3891963841781045,1.1419060515477788,1.209611785804853
SB68577_component_1345a,307.441426,-16.104191,2.7829999923706055,15.723163604736328,307.44125039022424,-16.104231133799214,2.3349855389949834,1.125157643228146,1.191870333196348
SB68577_component_1348a,307.343738,-15.181275,2.5889999866485596,15.502994537353516,307.34372778367003,-15.181190512353027,2.5612858485202907,0.9542416382349407,1.010820400286161
SB68577_component_1350a,308.230461,-15.825807,2.5829999446868896,15.017440795898438,308.23026647339395,-15.825915265858349,2.351004200286702,1.0371829207422094,1.0986794257415176
SB68577_component_1357a,309.055715,-12.243847,2.940999984741211,17.716867446899414,309.0554880323741,-12.243912413902864,2.8984082512383744,0.9578992421670355,1.0146948703601844
SB68577_component_1362a,308.325618,-12.751933,3.007999897003174,18.683229446411133,308.3256719651832,-12.751874399191859,2.377683917568917,1.194285230737807,1.2650966239779797
SB68577_component_1368a,310.099822,-14.162229,2.802000045776367,16.879518508911133,310.0996207034473,-14.162434125039136,2.3585598397388376,1.1215163350002484,1.1880131250291412
SB68577_component_1371a,308.850394,-14.220791,2.812000036239624,16.738096237182617,308.85012662974395,-14.220710985038915,2.5270160882930925,1.0504894130005031,1.1127748846818888
SB68577_component_1373a,306.552577,-14.593328,2.634999990463257,16.46875,306.55329986713457,-14.593378501497563,2.8368395378431366,0.8768599039215679,0.9288505589803858
SB68577_component_1376a,306.919978,-13.017543,2.5820000171661377,16.137500762939453,306.92003778558654,-13.017652772402373,2.4314217694173186,1.0024905902062582,1.061930122384692
SB68577_component_1377a,306.117909,-15.914041,2.5399999618530273,13.439153671264648,306.1176444334933,-15.913970386077787,2.848425952270806,0.8418081787169576,0.8917205517763602
SB68577_component_1378a,310.950924,-13.904643,2.8399999141693115,12.792792320251465,310.951172870136,-13.904539900510475,2.482519336666726,1.0799659222390996,1.143999110992857
SB68577_component_1379a,310.130473,-13.172251,2.7100000381469727,15.224719047546387,310.1301716743262,-13.172189126325767,2.6386241554119865,0.9695632100794958,1.0270504166304206
SB68577_component_1381a,307.563562,-15.327443,2.4079999923706055,15.435896873474121,307.5632612257634,-15.327633490266978,2.879851327078368,0.7893521172860726,0.8361542728712807
SB68577_component_1382a,309.130065,-12.865022,2.6010000705718994,14.94827651977539,309.1300346641962,-12.864870839481878,2.5337089227757805,0.9690986931872126,1.026558357667383
SB68577_component_1384a,306.508378,-14.118256,2.6500000953674316,15.680474281311035,306.508600369935,-14.118293328354204,2.64999021929532,0.9440304076415792,1.0000037268334199
SB68577_component_1386a,306.587797,-13.140859,2.562000036239624,14.474575996398926,306.5876560143755,-13.140686004591526,2.9812026557921083,0.8112822924607789,0.8593847289321223
SB68577_component_1402a,307.843647,-12.796901,2.5329999923706055,16.133756637573242,307.84356700524296,-12.796912799793434,2.4405603340081847,0.9797832368059473,1.0378764077553473
SB68577_component_1404a,307.687164,-13.235281,2.803999900817871,16.89156723022461,307.687390490987,-13.235286439904646,1.7223103993792146,1.5369188418248383,1.628045619319571
SB68577_component_1406a,308.678456,-13.708312,2.5369999408721924,16.47402572631836,308.6785575123774,-13.708215727743822,2.8104212425739674,0.8521840521042335,0.9027116300005767
SB68577_component_1415a,310.739763,-12.638533,2.634999990463257,10.582329750061035,310.7398492693935,-12.638423788128803,1.2126130156163302,2.05136413064948,2.172993326419126
SB68577_component_1416a,310.248503,-14.395647,2.875,16.428571701049805,310.24815965845545,-14.395540864819226,2.9775140508079776,0.9115246009734317,0.9655705904124418
SB68577_component_1423a,308.351983,-13.638028,2.384999990463257,13.706896781921387,308.35187128886014,-13.638031682456756,2.511277224537626,0.8965573773544367,0.9497159322592832
SB68577_component_1427a,307.93855,-12.564347,2.61299991607666,16.229812622070312,307.9386889838363,-12.564241006488817,2.4033729894214035,1.0263667743881522,1.0872219699472128
SB68577_component_1430a,308.277032,-12.69023,2.549999952316284,16.139240264892578,308.27708226845675,-12.69015513291874,2.2853276079582696,1.0533581770068583,1.115813743043377
SB68577_component_1431a,309.725046,-14.350309,2.61899995803833,15.969511032104492,309.724838858158,-14.350178695899775,2.5074481154632924,0.9860249424529556,1.0444881957425574
SB68577_component_1441a,308.904279,-12.775829,2.377000093460083,14.493902206420898,308.90441992425013,-12.775872971590061,2.4393145311306372,0.9199108912444292,0.9744541194358929
SB68577_component_1444a,306.784166,-15.276549,2.5510001182556152,15.184524536132812,306.7839012525107,-15.276650479793059,2.01200073687953,1.1969243660705287,1.267892238554562
SB68577_component_1447a,308.191549,-12.41464,2.556999921798706,15.31137752532959,308.1914242911215,-12.414711274456199,2.4761366114872114,0.974856020140589,1.0326570472470527
SB68577_component_1448a,310.118278,-15.795212,2.6419999599456787,14.053192138671875,310.11780215588925,-15.794587756219729,1.594955200396139,1.5637548963074532,1.6564728333996375
SB68577_component_1449a,305.879787,-11.734846,2.7709999084472656,10.616857528686523,305.8798439527531,-11.734808239202142,2.721238346936218,0.9612897110147528,1.0182863664136856
SB68577_component_1452a,306.789611,-13.427238,2.5910000801086426,15.703030586242676,306.7893700639597,-13.426988075868572,2.1628492603775573,1.130903475751539,1.197956846819896
SB68577_component_1460a,308.0806,-16.316629,2.6029999256134033,10.845832824707031,308.08039730652325,-16.316940503817037,1.8020501942109568,1.363614582327904,1.4444658278528968
SB68577_component_1463a,306.726204,-14.513184,2.6089999675750732,17.278146743774414,306.72655925387386,-14.513281777052539,3.1027685055093364,0.7937962885368373,0.8408619473036683
SB68577_component_1464a,309.135955,-14.010603,2.6410000324249268,15.354650497436523,309.13602814758866,-14.010319149542418,2.163655272609285,1.1522977237204581,1.2206195995538525
SB68577_component_1465a,308.085607,-12.434335,2.438999891281128,14.604789733886719,308.08561457791876,-12.433949442452706,2.7587183877044974,0.8346199782119957,0.8841061494901609
SB68577_component_1467a,306.265588,-13.183213,2.565999984741211,14.415730476379395,306.265315442025,-13.182607463874325,3.1089914965473726,0.7791507266948323,0.8253480228526936
SB68577_component_1469a,307.092533,-14.486303,2.359999895095825,14.131735801696777,307.0930483160048,-14.48623976718881,2.4490229390199723,0.9097111033464799,0.9636495671372636
SB68577_component_1470a,310.486541,-16.107822,2.3410000801086426,10.788019180297852,310.4866168908394,-16.107743739779675,2.491651206397892,0.8869487904488267,0.9395376343597298
SB68577_component_1489a,308.466205,-13.294488,2.73799991607666,16.011695861816406,308.4659639061999,-13.294442445150445,2.983456006367502,0.8663595301770288,0.9177275985410973
SB68577_component_1492a,308.40688,-13.307252,2.190000057220459,11.96721363067627,308.406867041796,-13.307124427640073,2.349327286284394,0.880004652351634,0.9321817653955227
SB68577_component_1497a,308.59168,-15.123131,2.4709999561309814,14.535293579101562,308.5918633439981,-15.123430262320822,1.9077057325528688,1.222772654354048,1.2952731199398972
SB68577_component_1501a,310.198336,-14.900465,2.316999912261963,12.390373229980469,310.1984566209407,-14.900607815261873,2.3011105535973755,0.9505454731489835,1.0069050826957215
SB68577_component_1508a,309.788336,-15.992547,2.5309998989105225,12.782827377319336,309.7885650755125,-15.992335654446768,2.753618545462419,0.8677062280846334,0.9191541446731097
SB68577_component_1512a,309.372656,-11.727128,2.3369998931884766,10.073275566101074,309.3727520833317,-11.727069925679345,2.4772158259862596,0.8905928650126032,0.9433977728840165
SB68577_component_1514a,306.799597,-11.846283,2.3259999752044678,12.710382461547852,306.79955181588707,-11.846354624188175,2.470466911039606,0.8888224778681306,0.9415224161920288
SB68577_component_1519a,307.970496,-14.711585,2.3959999084472656,14.521210670471191,307.9704508108403,-14.711724116017152,2.1226789792149883,1.0655819192387221,1.1287622536938473
SB68577_component_1533a,309.025693,-12.541556,2.2320001125335693,13.285715103149414,309.0256084809757,-12.541471252601722,2.0852372632505363,1.010469245171002,1.0703818466461963
SB68577_component_1538a,309.798907,-13.38022,2.187000036239624,13.4171781539917,309.7987771267931,-13.380080436264123,2.2000145077400224,0.9384423757609948,0.9940843701463735
SB68577_component_1549a,309.801087,-14.68771,2.3429999351501465,13.701753616333008,309.80107101370504,-14.687600105176536,1.955762151261475,1.130942706526158,1.197998403660129
SB68577_component_1551a,308.526689,-15.459447,2.1700000762939453,12.122904777526855,308.52673030006514,-15.459406866257693,1.996679000923649,1.0259728384467102,1.086804676810904
SB68577_component_1556a,309.003945,-13.478821,2.385999917984009,15.906665802001953,309.0041266053521,-13.478808572818435,1.7684923762569875,1.2736543911349727,1.3491717295575656
SB68577_component_1557a,308.80591,-13.646303,2.493000030517578,15.38888931274414,308.8059480865072,-13.645879440012648,2.5351765153741623,0.9283215783350467,0.9833634918117883
SB68577_component_1559a,308.742034,-12.965062,2.309000015258789,14.079268455505371,308.7422072544117,-12.964932452624348,1.9534199837640087,1.1158676168827195,1.182029483905258
SB68577_component_1560a,306.291395,-12.806435,2.0380001068115234,12.503067970275879,306.2913803020388,-12.80638182421705,2.4862465871093327,0.77382787026313,0.8197095643602396
SB68577_component_1571a,308.773586,-12.245518,2.2269999980926514,13.177515029907227,308.7735257213186,-12.245430887220289,2.3997063460135437,0.876085477879131,0.9280302157771109
SB68577_component_1576a,308.933585,-15.149928,2.183000087738037,13.475309371948242,308.9336136780223,-15.150270156493388,2.031909565264913,1.0142236729624161,1.0743588814462939
SB68577_component_1578a,310.507244,-14.42652,2.0969998836517334,11.780898094177246,310.50722286377885,-14.426495460084476,2.2492114224193474,0.8801414831553749,0.9323267091521842
SB68577_component_1581a,308.877954,-15.223639,2.0910000801086426,12.987578392028809,308.8780856885764,-15.224030309412017,2.2407071068103144,0.880954184231728,0.9331875967873452
SB68577_component_1584a,307.556826,-12.049502,2.247999906539917,12.70056438446045,307.5569228341291,-12.049514854002389,2.284676520874329,0.9288721356291169,0.9839466926721091
SB68577_component_1585a,307.450874,-15.335575,2.4000000953674316,14.906832695007324,307.45095259957816,-15.335531267669293,2.6682028858823768,0.8491350626306091,0.8994818602685641
SB68577_component_1586a,309.936097,-15.914218,2.0360000133514404,10.604166984558105,309.93585255616455,-15.914162419234918,2.1194560089062446,0.9068547548840209,0.9606238604603679
SB68577_component_1592a,308.042793,-16.098354,2.0250000953674316,10.331633567810059,308.0427115438361,-16.098336539935058,2.0285235836461704,0.9423871413167493,0.9982630281909736
SB68577_component_1593a,305.875171,-13.636165,2.4230000972747803,13.240437507629395,305.87510177425685,-13.635959085428691,1.4887493040683528,1.536442192531105,1.6275407086024292
SB68577_component_1602a,307.946418,-16.064241,2.1559998989105225,11.591397285461426,307.9464705232805,-16.06428838740428,1.847078170767503,1.1019143154576863,1.1672488652792943
SB68577_component_1605a,309.63596,-13.514723,2.1659998893737793,14.156862258911133,309.6359543902339,-13.514773238360297,2.241983238556122,0.9120327497836855,0.9661088683110418
SB68577_component_1617a,308.169563,-14.034238,2.1730000972747803,11.874317169189453,308.1696299716857,-14.034078708723932,2.1850110649894123,0.9388375900646627,0.9945030174413829
SB68577_component_1620a,310.051782,-14.493536,2.2850000858306885,14.104938507080078,310.05171181698796,-14.49308863175771,2.1843698680108763,0.9875166082995064,1.046068305232322
SB68577_component_1625a,310.361385,-13.826191,2.184000015258789,11.805405616760254,310.36181482407204,-13.826217340149762,2.240775838725225,0.9201075383115643,0.9746624260734909
SB68577_component_1642a,308.456985,-13.699446,2.0299999713897705,12.848100662231445,308.457006962221,-13.699365043003537,2.1291931746825257,0.9000472955115834,0.9534127741567905
SB68577_component_1644a,308.172444,-14.740092,2.062000036239624,12.273809432983398,308.17218141755,-14.740327964944822,1.962080968901562,0.9921015039790315,1.050925047906662
SB68577_component_1647a,310.30218,-13.593163,2.0920000076293945,11.3695650100708,310.30216634806,-13.593092873026809,2.0856406888777808,0.94690531805457,1.0030490960334282
SB68577_component_1650a,307.895499,-15.416233,2.184999942779541,14.470198631286621,307.8954572698274,-15.416348774948577,2.1287379659839347,0.9689772683652678,1.02642973334184
SB68577_component_1652a,309.527402,-15.244299,2.24399995803833,13.199999809265137,309.5273839790027,-15.244308178641651,2.1881411621691353,0.9681259769020051,1.0255279672239341
SB68577_component_1654a,308.276136,-13.805696,2.255000114440918,12.390110969543457,308.2761452593097,-13.805651191341134,2.1330986830644965,0.9979757432497006,1.0571475817524265
SB68577_component_1659a,305.794436,-15.729527,2.180000066757202,11.179488182067871,305.7941946096464,-15.729433016675141,1.931925468274721,1.0652474516905621,1.1284079549424961
SB68577_component_1670a,307.892448,-15.589144,2.1070001125335693,12.692771911621094,307.89237977495986,-15.589333863237668,1.8253306700003766,1.0897010579581605,1.1543114610204488
SB68577_component_1673a,306.884891,-12.391471,1.9980000257492065,12.64556884765625,306.88499748956735,-12.391425875229732,1.8188024208988163,1.0370371886893865,1.0985250529641555
SB68577_component_1684a,306.505937,-14.632701,2.2920000553131104,14.598726272583008,306.5061888078185,-14.632963352805842,1.8582273669076264,1.1643944768432422,1.2334335916747088
SB68577_component_1688a,308.488504,-12.987344,2.006999969482422,11.946428298950195,308.4885193499105,-12.987123714511968,2.0565196353377435,0.9212953310443521,0.9759206452472363
SB68577_component_1694a,306.079233,-13.385203,2.190000057220459,12.166666030883789,306.078973286603,-13.385224892721602,1.9676712534521215,1.0506932691117916,1.1129908278012801
SB68577_component_1698a,309.177026,-15.695489,1.8700000047683716,11.472392082214355,309.1768885868882,-15.695524931130112,2.0086422601873086,0.8788674432921212,0.9309771290951488
SB68577_component_1700a,310.227729,-12.809967,1.753000020980835,10.4970064163208,310.22739215760015,-12.809988947208351,1.9694913986763027,0.8402571131082534,0.8900775206020337
SB68577_component_1741a,307.585507,-13.120493,1.6319999694824219,10.136646270751953,307.58546685721745,-13.120620830418124,2.359665397759015,0.6529111526455738,0.6916234695954517
SB68577_component_1743a,307.154205,-15.697577,1.8359999656677246,10.86390495300293,307.1540396775434,-15.697496706077281,2.4014277356905076,0.7217511944197353,0.7645451655199611
SB68577_component_1744a,306.010126,-14.634033,2.0980000495910645,12.562874794006348,306.0109131336776,-14.634123997895317,2.2170248989823693,0.893345158959591,0.9463132554596305
SB68577_component_1747a,308.347833,-11.99355,1.8990000486373901,10.491713523864746,308.34758674564426,-11.99351132593471,2.0471343530873978,0.8757154146732415,0.9276382108352595
SB68577_component_1753a,306.730506,-13.332796,1.8459999561309814,10.9880952835083,306.7302695275372,-13.33256332483141,1.8593909389779015,0.9372281858038999,0.9927981886077809
SB68577_component_1754a,308.349999,-13.790859,1.9919999837875366,12.220858573913574,308.3497547653351,-13.790663936988135,2.007901776664286,0.9365505674909135,0.9920803930443415
SB68577_component_1757a,307.116504,-13.099658,2.0759999752044678,12.069766998291016,307.1163652892861,-13.099535886057799,1.7685420840588848,1.1081442826121302,1.173848218776877
SB68577_component_1761a,309.893255,-14.645831,1.812000036239624,10.122904777526855,309.89327023276854,-14.645833817140574,2.027549523262822,0.8436670661787263,0.893689656134107
SB68577_component_1765a,306.595986,-14.226887,1.8329999446868896,10.782352447509766,306.5965311830467,-14.22679918835373,1.9446575717033094,0.8898231036927267,0.942582370983381
SB68577_component_1789a,307.130447,-14.384123,1.8589999675750732,10.935294151306152,307.1307530739205,-14.384310273163221,1.9169694883561939,0.9154793372894043,0.9697598104021835
SB68577_component_1795a,307.798505,-11.987844,1.8539999723434448,10.716763496398926,307.7984939655401,-11.987948582537,2.0173952783523887,0.8675671275924508,0.919006796653956
SB68577_component_1800a,308.170961,-14.340785,1.7649999856948853,11.17088508605957,308.17122893478455,-14.340903278036038,1.717034090197725,0.9703985819602781,1.0279353192641834
SB68577_component_1824a,305.641727,-14.343355,2.0450000762939453,12.393939018249512,305.6423448783141,-14.343364431260635,1.8477388709632772,1.0448094648037627,1.1067581617892956
SB68577_component_1829a,308.475224,-15.054684,1.8890000581741333,11.448484420776367,308.47549528733515,-15.05452813708348,2.2822598078523373,0.7813601426441901,0.8276884391842
SB68577_component_1834a,309.458168,-12.500785,1.6950000524520874,10.593750953674316,309.45820298033516,-12.500867115708935,1.5213536627045108,1.0517775493586647,1.1141393970412412
SB68577_component_1869a,307.760315,-16.016172,1.8589999675750732,10.808138847351074,307.75984527052776,-16.016170242804453,1.7932293453367283,0.9786511476449196,1.0366771949217655
SB68577_component_1879a,306.107089,-13.907621,1.8930000066757202,11.40361499786377,306.10709884349126,-13.90777564344524,1.5481875400016218,1.1542806422240603,1.222720088984657
SB68577_component_1892a,309.107738,-14.347456,1.8489999771118164,12.245033264160156,309.1075140223996,-14.347191801095182,1.628527647363485,1.0718305579515766,1.1353813858212762
SB68577_component_1914a,307.598446,-14.558265,1.7000000476837158,10.493827819824219,307.5986792017947,-14.558701734524158,2.4544657143631103,0.6538472905208985,0.6926151128270436
SB68577_component_1954a,306.137803,-15.341449,1.809000015258789,10.396552085876465,306.13810257862104,-15.34155383915199,1.8694275506458022,0.9135120838240389,0.9676759148188769
SB68577_component_1961a,306.660832,-13.804263,1.8550000190734863,10.660920143127441,306.66082099982384,-13.804183505338749,1.7972540088113045,0.9743585988831911,1.0321301329578754
SB68577_component_1987a,309.545297,-14.254031,1.7050000429153442,10.524691581726074,309.5452799368114,-14.25397898825347,2.2145148011757994,0.7268255267942857,0.7699203645015479
