Component_ID,RA,DEC,RA_comp,DEC_comp
SB66926_component_7a,102.136065,20.885815,102.136308,20.885812
SB66926_component_10a,97.754341,20.349957,97.754427,20.349781
