Component_ID,RA,DEC,RA_comp,DEC_comp
SB66892_component_15a,165.513166,22.69891,165.513102,22.698924
SB66892_component_23a,162.755793,20.455405,162.755726,20.455547
