Component_ID,RA,DEC,RA_comp,DEC_comp
SB66380_component_27a,144.956744,41.69788,144.956733,41.698386
