Component_ID,RA,DEC,ASKAP_flux,ASKAP_flux_SNR,RA_comp,DEC_comp,Comp_flux,Flux_Ratio_AlphaCorr,Flux_Ratio_NOAlphaCorr
SB68163_component_2a,177.80564,-67.469741,1325.6610107421875,608.9393310546875,177.8059844970703,-67.4697494506836,747.2860107421875,2.253607749938965,1.7739673852920532
SB68163_component_17a,187.798107,-62.959972,326.0530090332031,1185.6473388671875,187.79827880859375,-62.95994567871094,450.5791931152344,0.9192842245101929,0.7236308455467224
SB68163_component_21a,182.979705,-62.843476,251.92999267578125,294.65496826171875,182.979736328125,-62.84345245361328,276.847900390625,1.1560360193252563,0.9099942445755005
SB68163_component_22a,185.013887,-67.382129,243.24600219726562,487.4669189453125,185.01426696777344,-67.38217163085938,340.68975830078125,0.907025158405304,0.7139809727668762
SB68163_component_24a,179.825997,-66.594247,217.53799438476562,898.9173583984375,179.82632446289062,-66.59428405761719,142.45567321777344,1.939939022064209,1.527057409286499
SB68163_component_25a,179.878049,-67.459573,215.38800048828125,283.4052734375,179.8784637451172,-67.45954132080078,273.1606140136719,1.0016964673995972,0.788503110408783
SB68163_component_28a,189.236521,-62.516514,193.25999450683594,535.3462524414062,189.2366485595703,-62.5166015625,218.36111450195312,1.1243444681167603,0.8850476741790771
SB68163_component_30a,183.013871,-65.616294,185.69000244140625,761.0245971679688,183.01400756835938,-65.61622619628906,259.42657470703125,0.9092991352081299,0.715770959854126
SB68163_component_32a,190.468057,-64.60532,171.3070068359375,751.3464965820312,190.4682159423828,-64.605224609375,196.06114196777344,1.109982967376709,0.8737427592277527
SB68163_component_33a,184.772885,-63.830109,162.4409942626953,755.5394897460938,184.77296447753906,-63.82998275756836,219.4664306640625,0.9402865767478943,0.740163266658783
SB68163_component_35a,186.061134,-64.90977,152.76100158691406,675.9336547851562,186.06130981445312,-64.90959167480469,211.64772033691406,0.9169204235076904,0.7217701077461243
SB68163_component_37a,183.793245,-62.185346,137.5500030517578,153.85906982421875,183.79356384277344,-62.185455322265625,178.91802978515625,0.976650595664978,0.7687878012657166
SB68163_component_40a,192.760006,-66.495105,128.5590057373047,272.9490661621094,192.76019287109375,-66.49510192871094,149.33511352539062,1.093637228012085,0.8608759641647339
SB68163_component_42a,184.638852,-62.314773,123.4209976196289,201.33932495117188,184.6392364501953,-62.314884185791016,195.6319580078125,0.8014602065086365,0.6308836340904236
SB68163_component_43a,187.412279,-67.474226,123.947998046875,226.18247985839844,187.41249084472656,-67.47422790527344,169.32252502441406,0.9299454689025879,0.7320231199264526
SB68163_component_44a,180.230991,-64.232633,120.74800109863281,405.1946105957031,180.2311553955078,-64.23262786865234,78.1323471069336,1.96327805519104,1.5454291105270386
SB68163_component_45a,179.60813,-67.121707,118.23699951171875,370.6488952636719,179.60853576660156,-67.12169647216797,150.26365661621094,0.9996136426925659,0.7868635654449463
SB68163_component_48a,180.335365,-62.612019,111.8010025024414,224.0500946044922,180.3347930908203,-62.61204528808594,136.1909637451172,1.0428699254989624,0.8209134936332703
SB68163_component_52a,178.562483,-65.704596,111.39900207519531,172.71163940429688,178.5626983642578,-65.7046127319336,89.03862762451172,1.5894086360931396,1.2511311769485474
SB68163_component_54a,186.200671,-63.05221,110.72100067138672,465.2142639160156,186.2007293701172,-63.05220413208008,148.80880737304688,0.9452226161956787,0.7440487146377563
SB68163_component_56a,191.385889,-65.39905,104.7239990234375,387.86663818359375,191.3860321044922,-65.39901733398438,144.3087921142578,0.921904981136322,0.7256938219070435
SB68163_component_59a,182.797349,-65.362397,97.63099670410156,485.7263488769531,182.7974853515625,-65.36227416992188,146.28245544433594,0.8478679060935974,0.6674142479896545
SB68163_component_62a,186.636168,-66.766005,89.81099700927734,451.3115539550781,186.63658142089844,-66.76602172851562,126.9449462890625,0.8987663984298706,0.7074798941612244
SB68163_component_64a,190.300009,-65.827634,91.83200073242188,419.32421875,190.30023193359375,-65.82758331298828,133.47113037109375,0.874056339263916,0.6880289316177368
SB68163_component_65a,185.164137,-67.301877,88.15899658203125,268.7774353027344,185.16453552246094,-67.3019027709961,138.90744018554688,0.8062576651573181,0.634660005569458
SB68163_component_66a,187.353476,-66.587629,87.90399932861328,450.7897644042969,187.3538818359375,-66.58763885498047,117.8134994506836,0.9478645920753479,0.7461284399032593
SB68163_component_67a,193.409739,-64.163079,82.79000091552734,126.01217651367188,193.40992736816406,-64.16305541992188,80.29608917236328,1.3098338842391968,1.03105890750885
SB68163_component_72a,192.33776,-65.960485,80.49299621582031,357.7466735839844,192.33790588378906,-65.96049499511719,107.0217514038086,0.9554737210273743,0.7521181106567383
SB68163_component_74a,185.623293,-64.976461,80.76499938964844,384.5952453613281,185.6234893798828,-64.97630310058594,59.32617950439453,1.7294560670852661,1.3613719940185547
SB68163_component_75a,179.333843,-62.730461,82.38400268554688,76.63627624511719,179.33358764648438,-62.73052215576172,97.51912689208984,1.073212742805481,0.8447983860969543
SB68163_component_76a,192.057801,-64.35793,74.04000091552734,332.0179443359375,192.0579071044922,-64.35787200927734,107.93667602539062,0.8714251518249512,0.6859577894210815
SB68163_component_80a,182.450125,-63.249529,72.23400115966797,200.64999389648438,182.4501190185547,-63.24948501586914,95.91254425048828,0.9567511081695557,0.7531235814094543
SB68163_component_82a,188.010791,-63.883485,69.00900268554688,350.29949951171875,188.010986328125,-63.883365631103516,91.8228530883789,0.9547457098960876,0.7515449523925781
SB68163_component_84a,184.828151,-66.073958,67.88899993896484,368.9619445800781,184.8284454345703,-66.0739517211914,96.55875396728516,0.8931830525398254,0.7030848860740662
SB68163_component_85a,180.793461,-62.32692,64.99500274658203,125.47297668457031,180.7926483154297,-62.32695007324219,88.15806579589844,0.9365923404693604,0.737255334854126
SB68163_component_86a,193.051992,-65.255567,67.10399627685547,88.41106414794922,193.05209350585938,-65.25554656982422,91.34263610839844,0.9332705140113831,0.7346404790878296
SB68163_component_87a,181.426936,-62.413435,64.1449966430664,157.21812438964844,181.4261016845703,-62.41344451904297,48.27564239501953,1.6879806518554688,1.3287237882614136
SB68163_component_88a,180.324101,-64.045475,67.01399993896484,274.6475524902344,180.32432556152344,-64.04541778564453,98.1108169555664,0.8677235245704651,0.6830439567565918
SB68163_component_89a,184.31047,-63.223304,61.055999755859375,225.29888916015625,184.31057739257812,-63.22333526611328,72.69622039794922,1.066962718963623,0.8398786187171936
SB68163_component_92a,181.586427,-63.397697,61.275001525878906,252.16049194335938,181.58651733398438,-63.39763641357422,62.587432861328125,1.243738055229187,0.979030430316925
SB68163_component_96a,178.560191,-67.645334,62.361000061035156,55.08922576904297,178.56057739257812,-67.64532470703125,98.0905990600586,0.8076410889625549,0.6357489824295044
SB68163_component_101a,191.886433,-66.673807,55.65999984741211,203.13868713378906,191.8866729736328,-66.67383575439453,81.80216217041016,0.8643928170204163,0.6804221272468567
SB68163_component_103a,179.086506,-65.656449,59.534000396728516,163.55494689941406,179.08668518066406,-65.65645599365234,48.78395080566406,1.5503180027008057,1.2203603982925415
SB68163_component_104a,184.955757,-67.621645,58.132999420166016,82.92867279052734,184.9560546875,-67.62173461914062,83.96228790283203,0.8795714974403381,0.6923703551292419
SB68163_component_106a,183.087546,-66.786979,59.45500183105469,276.5348815917969,183.08775329589844,-66.78695678710938,77.27099609375,0.9774726629257202,0.769434928894043
SB68163_component_107a,184.304266,-64.424215,55.26900100708008,264.4449768066406,184.30433654785156,-64.42404174804688,74.55294799804688,0.9417800903320312,0.7413389086723328
SB68163_component_110a,187.183129,-62.093037,53.38100051879883,69.68799591064453,187.18356323242188,-62.09310531616211,45.34562301635742,1.495491862297058,1.1772029399871826
SB68163_component_111a,184.500849,-65.529126,52.22700119018555,282.30810546875,184.50103759765625,-65.529052734375,71.64763641357422,0.9260318875312805,0.7289423942565918
SB68163_component_113a,183.783632,-62.558351,50.4630012512207,96.30343627929688,183.783935546875,-62.558448791503906,56.45430374145508,1.1355564594268799,0.893873393535614
SB68163_component_115a,178.745778,-65.858062,50.303001403808594,81.26494598388672,178.74591064453125,-65.85814666748047,47.908546447753906,1.3338702917099,1.0499796867370605
SB68163_component_118a,190.434739,-64.404053,49.027000427246094,250.13775634765625,190.43487548828125,-64.40398406982422,59.63791275024414,1.0443488359451294,0.822077751159668
SB68163_component_121a,180.588099,-65.363674,47.54399871826172,227.48324584960938,180.58831787109375,-65.3636474609375,68.2596664428711,0.8848389983177185,0.6965166926383972
SB68163_component_123a,185.099303,-63.69785,46.23400115966797,214.04629516601562,185.0993194580078,-63.6977424621582,64.61793518066406,0.9089523553848267,0.7154979705810547
SB68163_component_127a,190.090348,-63.665401,46.14899826049805,210.7260284423828,190.09063720703125,-63.665367126464844,59.57476043701172,0.984085202217102,0.7746400833129883
SB68163_component_128a,187.426212,-62.138036,44.737998962402344,69.1468276977539,187.42649841308594,-62.13816833496094,64.49219512939453,0.8812560439109802,0.6936963200569153
SB68163_component_129a,186.761042,-63.737384,46.15299987792969,212.6866455078125,186.76113891601562,-63.73725509643555,57.93929672241211,1.0119508504867554,0.7965750694274902
SB68163_component_133a,184.953946,-62.392088,45.01100158691406,110.32108306884766,184.9542694091797,-62.392208099365234,65.40447235107422,0.8742666840553284,0.6881945729255676
SB68163_component_138a,183.183794,-66.703846,43.80099868774414,223.4744873046875,183.18405151367188,-66.70387268066406,57.948909759521484,0.960221529006958,0.7558554410934448
SB68163_component_145a,184.767696,-63.456437,41.7400016784668,180.69264221191406,184.76773071289062,-63.45639419555664,48.8194580078125,1.0861560106277466,0.8549869656562805
SB68163_component_146a,187.874358,-62.148125,39.275001525878906,51.07282257080078,187.87449645996094,-62.14825439453125,53.309967041015625,0.9359238147735596,0.7367290258407593
SB68163_component_149a,187.626582,-64.868259,42.35499954223633,211.77499389648438,187.6267852783203,-64.86817932128906,27.15656852722168,1.9813560247421265,1.559659481048584
SB68163_component_153a,183.174584,-64.310303,39.895999908447266,206.71502685546875,183.17471313476562,-64.31013488769531,53.02742385864258,0.9557878971099854,0.7523654103279114
SB68163_component_154a,186.5461,-63.675172,44.75299835205078,218.30731201171875,186.54615783691406,-63.67510223388672,58.68423843383789,0.9687983393669128,0.7626067996025085
SB68163_component_155a,192.496303,-62.783491,40.604000091552734,98.55339813232422,192.4964599609375,-62.78350067138672,65.32701110839844,0.7896028757095337,0.6215499639511108
SB68163_component_156a,186.643227,-62.287206,40.8380012512207,75.48613739013672,186.6436004638672,-62.28728485107422,49.13533401489258,1.0558525323867798,0.8311330676078796
SB68163_component_158a,182.49994,-64.174622,40.375,196.9512176513672,182.50018310546875,-64.17449951171875,58.90242385864258,0.8707872629165649,0.6854556798934937
SB68163_component_162a,189.16701,-64.437341,38.854000091552734,204.49473571777344,189.16712951660156,-64.43726348876953,38.918251037597656,1.268280029296875,0.9983490705490112
SB68163_component_164a,187.190851,-63.532703,39.347999572753906,192.88235473632812,187.19094848632812,-63.53260803222656,52.74736022949219,0.9476646184921265,0.7459709644317627
SB68163_component_169a,185.33857,-64.689529,36.132999420166016,192.19680786132812,185.3387908935547,-64.68939971923828,49.079769134521484,0.935263991355896,0.7362096309661865
SB68163_component_173a,193.359831,-66.741577,34.99800109863281,41.02931213378906,193.35995483398438,-66.74158477783203,48.369319915771484,0.9191914200782776,0.7235578298568726
SB68163_component_180a,189.325353,-64.315225,33.505001068115234,173.60104370117188,189.32546997070312,-64.31521606445312,18.148296356201172,2.345343589782715,1.8461788892745972
SB68163_component_181a,189.011469,-62.00225,31.042999267578125,28.74351692199707,189.01153564453125,-62.002437591552734,43.73863983154297,0.9016357660293579,0.709738552570343
SB68163_component_183a,180.589633,-64.54808,32.04899978637695,149.0651092529297,180.5897674560547,-64.5479965209961,42.25359344482422,0.9635705947875977,0.7584916949272156
SB68163_component_186a,185.366903,-62.747299,32.527000427246094,127.55686950683594,185.3671112060547,-62.74736404418945,42.2647590637207,0.9776836037635803,0.7696009874343872
SB68163_component_190a,193.222523,-67.329817,32.88999938964844,31.294004440307617,193.2227020263672,-67.32971954345703,46.34885787963867,0.9014829993247986,0.709618330001831
SB68163_component_193a,193.607147,-64.875559,33.14400100708008,35.947940826416016,193.60711669921875,-64.87540435791016,41.83809280395508,1.0063886642456055,0.7921967506408691
SB68163_component_198a,191.980641,-66.472342,31.44700050354004,115.19047546386719,191.98085021972656,-66.47232055664062,43.77631759643555,0.9125837087631226,0.7183564305305481
SB68163_component_201a,185.545695,-62.393826,30.993000030517578,86.81512451171875,185.5458526611328,-62.39406204223633,35.0729866027832,1.122596263885498,0.8836715221405029
SB68163_component_203a,190.352918,-65.918345,32.21699905395508,145.12161254882812,190.35324096679688,-65.9183349609375,45.31040573120117,0.9032747149467468,0.7110286951065063
SB68163_component_204a,191.234781,-63.227999,30.256000518798828,122.49393463134766,191.2349853515625,-63.22800064086914,40.24232482910156,0.9551271200180054,0.7518452405929565
SB68163_component_207a,184.517427,-64.006983,31.577999114990234,152.55072021484375,184.51754760742188,-64.00682830810547,44.84016036987305,0.8946438431739807,0.704234778881073
SB68163_component_208a,186.539067,-65.414634,32.25400161743164,185.36782836914062,186.5393524169922,-65.41449737548828,37.85004425048828,1.082554817199707,0.8521522879600525
SB68163_component_212a,178.367357,-63.112911,32.12099838256836,26.093420028686523,178.36749267578125,-63.11289596557617,38.62720489501953,1.056400179862976,0.8315641283988953
SB68163_component_220a,191.176384,-66.632537,30.256999969482422,65.77608489990234,191.17662048339844,-66.63257598876953,30.30734634399414,1.268267035484314,0.9983388185501099
SB68163_component_221a,182.788711,-62.54861,28.006999969482422,52.057621002197266,182.78854370117188,-62.548648834228516,43.01463317871094,0.8271477818489075,0.6511040329933167
SB68163_component_224a,179.398394,-63.611701,28.826000213623047,110.44444274902344,179.39852905273438,-63.61171340942383,22.295412063598633,1.6424857378005981,1.2929117679595947
SB68163_component_225a,180.773633,-66.615084,27.937999725341797,125.84684753417969,180.77386474609375,-66.61509704589844,44.767913818359375,0.7927954792976379,0.6240630149841309
SB68163_component_226a,184.731671,-64.456449,27.785999298095703,142.4923095703125,184.7318878173828,-64.45625305175781,35.48002624511719,0.9948893785476685,0.7831448316574097
SB68163_component_245a,184.007645,-66.704924,25.5310001373291,141.83888244628906,184.00802612304688,-66.70494842529297,38.707828521728516,0.8379184603691101,0.6595823168754578
SB68163_component_247a,180.527058,-62.197716,23.683000564575195,33.9297981262207,180.5262451171875,-62.19770431518555,24.65943145751953,1.2200746536254883,0.960403323173523
SB68163_component_248a,187.475727,-66.228743,25.17300033569336,124.61881256103516,187.4761505126953,-66.22871398925781,29.759170532226562,1.074600100517273,0.8458905220031738
SB68163_component_251a,192.373106,-62.352931,27.356000900268555,54.385684967041016,192.37339782714844,-62.35296630859375,35.844635009765625,0.9695298075675964,0.7631825804710388
SB68163_component_252a,185.82767,-63.39503,24.125999450683594,125.00517272949219,185.82774353027344,-63.394981384277344,28.40118980407715,1.0791491270065308,0.8494714498519897
SB68163_component_256a,178.931066,-66.675453,24.100000381469727,103.43347930908203,178.93148803710938,-66.67549133300781,25.715248107910156,1.190581202507019,0.937187135219574
SB68163_component_259a,190.955973,-67.237255,26.187000274658203,80.8240737915039,190.95620727539062,-67.23726654052734,34.100276947021484,0.975574791431427,0.7679409980773926
SB68163_component_261a,190.973211,-65.177903,23.687000274658203,108.65596771240234,190.9733428955078,-65.17784881591797,29.005332946777344,1.0374445915222168,0.8166429400444031
SB68163_component_262a,189.745514,-62.509464,23.570999145507812,70.99698638916016,189.74566650390625,-62.509586334228516,25.228864669799805,1.1868969202041626,0.9342869520187378
SB68163_component_266a,192.452237,-62.004194,22.882999420166016,20.250442504882812,192.45260620117188,-62.00424575805664,31.96398162841797,0.9094625115394592,0.7158995270729065
SB68163_component_267a,191.286146,-66.4208,23.941999435424805,108.3348388671875,191.28627014160156,-66.42079162597656,22.849084854125977,1.331141710281372,1.0478318929672241
SB68163_component_270a,185.024339,-66.37828,22.841999053955078,131.27586364746094,185.02481079101562,-66.37832641601562,15.518452644348145,1.8699002265930176,1.4719250202178955
SB68163_component_272a,180.853733,-66.592057,22.448999404907227,111.13365936279297,180.85398864746094,-66.59202575683594,34.33049774169922,0.8307102918624878,0.653908371925354
SB68163_component_278a,186.202569,-67.723676,23.329999923706055,30.65703010559082,186.20278930664062,-67.72364807128906,31.62868309020996,0.9370576739311218,0.7376216053962708
SB68163_component_280a,188.876045,-65.179213,25.06999969482422,136.99453735351562,188.8762969970703,-65.17916107177734,34.329193115234375,0.9277339577674866,0.7302822470664978
SB68163_component_281a,182.033567,-65.523108,23.503000259399414,119.91326904296875,182.03366088867188,-65.5229721069336,29.830522537231445,1.0009102821350098,0.7878842949867249
SB68163_component_287a,179.819058,-66.342938,22.37700080871582,92.85062408447266,179.81930541992188,-66.34298706054688,22.114675521850586,1.2854465246200562,1.01186203956604
SB68163_component_288a,193.819598,-64.207677,22.95800018310547,25.200878143310547,193.8197021484375,-64.20755004882812,28.422863006591797,1.026121973991394,0.8077300190925598
SB68163_component_290a,189.966955,-63.133656,21.51099967956543,93.12120819091797,189.9671173095703,-63.13365936279297,29.035743713378906,0.9411532282829285,0.7408455014228821
SB68163_component_291a,191.716101,-63.843771,21.388999938964844,68.11782836914062,191.7162628173828,-63.84366989135742,28.708175659179688,0.94649338722229,0.7450490593910217
SB68163_component_295a,188.729588,-66.52924,23.02199935913086,117.45918273925781,188.7299346923828,-66.52928924560547,31.038646697998047,0.9422648549079895,0.74172043800354
SB68163_component_296a,187.350155,-65.519945,21.863000869750977,120.12638092041016,187.3504180908203,-65.51984405517578,28.38333511352539,0.9785410761833191,0.7702759504318237
SB68163_component_297a,190.217906,-67.319797,21.570999145507812,51.853363037109375,190.2182159423828,-67.31987762451172,23.77390480041504,1.1526633501052856,0.907339334487915
SB68163_component_301a,182.978042,-62.64818,21.823999404907227,36.74074172973633,182.9780731201172,-62.64827346801758,30.002403259277344,0.9240830540657043,0.7274083495140076
SB68163_component_302a,182.693316,-63.041715,20.12700080871582,43.849674224853516,182.6932830810547,-63.04166793823242,27.36821174621582,0.9342548251152039,0.7354152798652649
SB68163_component_304a,188.299493,-66.358155,21.274999618530273,110.80728912353516,188.29995727539062,-66.35813903808594,28.99213218688965,0.9322279691696167,0.7338197827339172
SB68163_component_305a,186.980253,-63.26357,21.29800033569336,89.11297607421875,186.9803466796875,-63.263484954833984,28.562028884887695,0.9472890496253967,0.7456753253936768
SB68163_component_306a,179.55703,-65.948792,21.663000106811523,72.20999908447266,179.55709838867188,-65.94881439208984,22.02115249633789,1.249715805053711,0.983735978603363
SB68163_component_311a,184.896542,-66.777136,20.233999252319336,106.49473571777344,184.8969268798828,-66.77716064453125,28.721750259399414,0.8949598073959351,0.7044835090637207
SB68163_component_312a,185.604299,-66.22917,20.243999481201172,108.83870697021484,185.6046905517578,-66.22917175292969,23.799299240112305,1.0805996656417847,0.8506132364273071
SB68163_component_314a,183.652451,-64.708454,18.76300048828125,101.42162322998047,183.6525115966797,-64.70828247070312,23.72838592529297,1.0045390129089355,0.7907407283782959
SB68163_component_316a,187.054643,-64.90265,19.702999114990234,103.15706634521484,187.05482482910156,-64.90252685546875,29.48345947265625,0.8489587903022766,0.6682729721069336
SB68163_component_318a,180.259617,-63.425784,20.038999557495117,86.375,180.25991821289062,-63.425750732421875,22.37603759765625,1.137694239616394,0.8955562114715576
SB68163_component_319a,188.2385,-67.149622,19.993999481201172,71.15302276611328,188.23870849609375,-67.14964294433594,27.463842391967773,0.9248495697975159,0.7280117273330688
SB68163_component_320a,190.357197,-66.057521,18.975000381469727,86.25,190.35748291015625,-66.05751037597656,28.6509952545166,0.8413463234901428,0.6622806787490845
SB68163_component_323a,193.447582,-65.307867,18.076000213623047,15.842243194580078,193.44752502441406,-65.30802917480469,28.522953033447266,0.8050827980041504,0.6337352395057678
SB68163_component_324a,192.364024,-62.932768,18.631999969482422,56.80487823486328,192.3641815185547,-62.9327507019043,28.7603759765625,0.8229958415031433,0.6478357315063477
SB68163_component_325a,192.2812,-62.114751,19.15999984741211,27.608068466186523,192.28179931640625,-62.11484909057617,20.953962326049805,1.1616145372390747,0.9143854975700378
SB68163_component_328a,185.46614,-64.218286,19.22599983215332,76.29364776611328,185.46615600585938,-64.21813201904297,16.551198959350586,1.4756799936294556,1.1616076231002808
SB68163_component_333a,177.78636,-66.969378,17.448999404907227,35.977317810058594,177.78671264648438,-66.9694595336914,20.841167449951172,1.0636069774627686,0.8372371196746826
SB68163_component_335a,193.605157,-62.904588,18.924999237060547,15.067673683166504,193.60516357421875,-62.904502868652344,20.55072021484375,1.1698805093765259,0.9208922386169434
SB68163_component_337a,185.448339,-66.257643,18.360000610351562,96.12565612792969,185.4486541748047,-66.25767517089844,26.350576400756836,0.8851467967033386,0.6967589855194092
SB68163_component_338a,182.31775,-65.321779,18.093000411987305,94.234375,182.3177947998047,-65.3216552734375,18.912384033203125,1.215337872505188,0.9566747546195984
SB68163_component_340a,182.367709,-65.128456,19.083999633789062,97.86666870117188,182.36766052246094,-65.12830352783203,21.964937210083008,1.1037535667419434,0.8688392639160156
SB68163_component_341a,191.573875,-65.652525,17.611000061035156,71.58943176269531,191.57400512695312,-65.65249633789062,17.710817337036133,1.2632174491882324,0.9943640232086182
SB68163_component_342a,185.556399,-63.574167,18.32200050354004,90.70297241210938,185.55645751953125,-63.57407760620117,26.542076110839844,0.8769416809082031,0.6903002262115479
SB68163_component_343a,180.848229,-67.477419,18.700000762939453,31.641286849975586,180.84828186035156,-67.47721099853516,16.23817253112793,1.4629759788513184,1.1516075134277344
SB68163_component_344a,182.567321,-63.69195,18.141000747680664,89.80693054199219,182.56752014160156,-63.6918830871582,22.74094009399414,1.0134108066558838,0.7977243065834045
SB68163_component_345a,182.545564,-65.708659,17.679000854492188,91.60103607177734,182.5457763671875,-65.70854949951172,16.36704444885254,1.3722087144851685,1.0801584720611572
SB68163_component_346a,187.183435,-67.041167,17.00200080871582,78.71296691894531,187.1837158203125,-67.04116821289062,23.06093978881836,0.9366034269332886,0.7372639775276184
SB68163_component_347a,183.685123,-66.159516,17.04800033569336,94.18785095214844,183.68533325195312,-66.1595230102539,19.694730758666992,1.099654197692871,0.865612268447876
SB68163_component_349a,191.106693,-65.722795,17.268999099731445,77.78828430175781,191.1069793701172,-65.7228012084961,24.859731674194336,0.8824771046638489,0.6946575045585632
SB68163_component_357a,188.063339,-64.609469,16.948999404907227,88.73822021484375,188.06361389160156,-64.60934448242188,22.703977584838867,0.9483635425567627,0.7465211749076843
SB68163_component_358a,182.749851,-63.699602,16.9689998626709,80.80476379394531,182.7501220703125,-63.69960021972656,18.718589782714844,1.1516376733779907,0.9065319299697876
SB68163_component_359a,184.748489,-65.877098,17.687999725341797,95.09677124023438,184.74880981445312,-65.87705993652344,23.47222137451172,0.9573202133178711,0.753571629524231
SB68163_component_360a,189.245202,-63.312648,17.166000366210938,86.26130676269531,189.24546813964844,-63.3126106262207,22.22522735595703,0.9811956882476807,0.7723655700683594
SB68163_component_364a,180.754429,-62.113002,15.826000213623047,20.394329071044922,180.75381469726562,-62.113006591796875,25.106966018676758,0.8007734417915344,0.6303430199623108
SB68163_component_367a,192.242703,-65.864186,16.062999725341797,72.35585021972656,192.24273681640625,-65.86414337158203,13.465075492858887,1.5154813528060913,1.192937970161438
SB68163_component_368a,190.51495,-64.129446,16.018999099731445,72.81362915039062,190.5150604248047,-64.12937927246094,16.437829971313477,1.2380084991455078,0.9745203256607056
SB68163_component_369a,185.915428,-66.284054,16.590999603271484,84.64795684814453,185.91595458984375,-66.28402709960938,24.486751556396484,0.8607441782951355,0.6775500178337097
SB68163_component_370a,189.344623,-62.57343,16.381000518798828,56.29209518432617,189.34463500976562,-62.573486328125,25.071571350097656,0.8300257325172424,0.6533695459365845
SB68163_component_374a,182.487227,-66.135067,16.29199981689453,88.06486511230469,182.4874725341797,-66.13495635986328,16.414201736450195,1.260919451713562,0.9925550818443298
SB68163_component_376a,183.2229,-63.714107,15.631999969482422,67.09013366699219,183.2229766845703,-63.71401596069336,22.21946144104004,0.8937452435493469,0.7035273909568787
SB68163_component_377a,193.550687,-62.684489,17.14299964904785,14.778448104858398,193.5509490966797,-62.684478759765625,23.446908950805664,0.9288250803947449,0.7311411499977112
SB68163_component_381a,192.276848,-63.745687,13.857000350952148,29.48297882080078,192.2769775390625,-63.745670318603516,17.753353118896484,0.9915658235549927,0.7805286049842834
SB68163_component_385a,178.535614,-66.851413,16.076000213623047,58.67153549194336,178.53598022460938,-66.85143280029297,19.95119857788086,1.0236270427703857,0.8057661652565002
SB68163_component_386a,179.741284,-62.354387,16.322999954223633,16.775951385498047,179.7411346435547,-62.35431671142578,22.489686965942383,0.9220390319824219,0.7257993221282959
SB68163_component_387a,190.698552,-64.370288,16.23900032043457,76.23944091796875,190.69876098632812,-64.37022399902344,23.315364837646484,0.8848094940185547,0.6964935064315796
SB68163_component_390a,187.859679,-66.315509,15.112000465393066,78.70833587646484,187.86016845703125,-66.31553649902344,20.107067108154297,0.9547857642173767,0.7515765428543091
SB68163_component_392a,183.313556,-64.398828,14.994000434875488,84.71186828613281,183.31373596191406,-64.398681640625,22.91266632080078,0.8313322067260742,0.6543979048728943
SB68163_component_396a,187.720055,-62.685043,14.859000205993652,57.59302520751953,187.72032165527344,-62.685089111328125,21.920597076416016,0.8611324429512024,0.6778556108474731
SB68163_component_398a,185.934928,-66.544981,15.756999969482422,79.98477172851562,185.93528747558594,-66.54500579833984,25.16385841369629,0.7954795360565186,0.6261758208274841
SB68163_component_401a,179.42081,-64.910412,14.67199993133545,56.64864730834961,179.42103576660156,-64.91045379638672,15.454811096191406,1.2060306072235107,0.9493483901023865
SB68163_component_402a,180.879879,-67.297638,15.793000221252441,42.56873321533203,180.88014221191406,-67.29754638671875,21.093164443969727,0.9511644244194031,0.748725950717926
SB68163_component_404a,190.83876,-62.627315,14.829999923706055,53.154117584228516,190.83897399902344,-62.62739562988281,20.018512725830078,0.9411136507987976,0.7408142685890198
SB68163_component_405a,188.198268,-63.440678,14.220000267028809,70.39604187011719,188.1984100341797,-63.44059371948242,18.43795394897461,0.9797597527503967,0.7712352871894836
SB68163_component_406a,192.536767,-62.575966,13.772000312805176,32.557918548583984,192.53704833984375,-62.576011657714844,21.890419006347656,0.7992371320724487,0.6291337013244629
SB68163_component_408a,184.992266,-63.166196,13.802000045776367,64.79812622070312,184.99229431152344,-63.16621017456055,19.50401496887207,0.8989814519882202,0.7076491713523865
SB68163_component_409a,181.056125,-62.426692,12.836999893188477,28.912160873413086,181.0552520751953,-62.426692962646484,17.344749450683594,0.9402172565460205,0.7401086688041687
SB68163_component_410a,181.142518,-66.04722,14.098999977111816,74.59788513183594,181.14247131347656,-66.04714965820312,18.83116912841797,0.951138436794281,0.7487055063247681
SB68163_component_413a,184.213459,-66.220218,13.217000007629395,73.02210235595703,184.2137908935547,-66.22028350830078,9.808245658874512,1.711883783340454,1.3475396633148193
SB68163_component_416a,179.240735,-63.179719,13.765999794006348,32.163551330566406,179.24087524414062,-63.17972946166992,18.32558250427246,0.9542950987815857,0.7511903047561646
SB68163_component_417a,189.906586,-66.068025,14.20199966430664,72.83077239990234,189.90687561035156,-66.06803894042969,17.622377395629883,1.023806095123291,0.805907130241394
SB68163_component_419a,184.716646,-64.630805,13.076000213623047,70.68108367919922,184.7166748046875,-64.63064575195312,15.817251205444336,1.0502111911773682,0.8266923427581787
SB68163_component_420a,193.170774,-66.520865,13.246000289916992,25.375478744506836,193.17091369628906,-66.52096557617188,18.521469116210938,0.9085357785224915,0.7151700854301453
SB68163_component_421a,186.293703,-63.903679,13.156000137329102,65.77999877929688,186.29385375976562,-63.90358352661133,16.476421356201172,1.0143636465072632,0.7984743714332581
SB68163_component_423a,183.914422,-65.769812,13.831999778747559,73.57447052001953,183.91468811035156,-65.76984405517578,11.24988079071045,1.5619595050811768,1.2295241355895996
SB68163_component_424a,189.641818,-64.423252,13.09000015258789,68.17708587646484,189.6420135498047,-64.42312622070312,16.969709396362305,0.9799365997314453,0.7713744640350342
SB68163_component_427a,190.759947,-63.078186,13.199000358581543,58.40265655517578,190.76004028320312,-63.07816696166992,14.790898323059082,1.133650541305542,0.8923731446266174
SB68163_component_428a,182.517974,-65.043688,13.194000244140625,66.63636779785156,182.51821899414062,-65.04351806640625,16.362964630126953,1.0243473052978516,0.8063331246376038
SB68163_component_429a,181.010423,-66.626119,13.288999557495117,62.981040954589844,181.01072692871094,-66.6260757446289,10.465956687927246,1.6130434274673462,1.2697358131408691
SB68163_component_432a,184.906336,-66.686755,12.928000450134277,70.26087188720703,184.9068145751953,-66.686767578125,16.109277725219727,1.019501805305481,0.8025189638137817
SB68163_component_433a,180.261597,-62.14646,12.755999565124512,13.4273681640625,180.26153564453125,-62.14646911621094,15.60498332977295,1.0384459495544434,0.8174311518669128
SB68163_component_437a,188.781213,-62.050347,11.902000427246094,11.760869979858398,188.78126525878906,-62.050411224365234,19.001508712768555,0.7957279086112976,0.6263713240623474
SB68163_component_438a,192.710704,-62.840853,12.138999938964844,27.778032302856445,192.71102905273438,-62.84077835083008,16.281614303588867,0.9471486806869507,0.745564877986908
SB68163_component_444a,187.693925,-64.473222,12.413999557495117,64.32124328613281,187.69418334960938,-64.4731216430664,16.934541702270508,0.9312600493431091,0.7330579161643982
SB68163_component_449a,190.756651,-66.966163,12.178999900817871,52.0470085144043,190.7570037841797,-66.96622467041016,9.709395408630371,1.5935002565383911,1.25435209274292
SB68163_component_451a,180.258091,-63.20894,12.628999710083008,47.299625396728516,180.2581024169922,-63.208885192871094,18.07109260559082,0.8878043293952942,0.6988509297370911
SB68163_component_452a,193.288839,-67.07299,12.88599967956543,14.098468780517578,193.2891387939453,-67.07305145263672,19.961849212646484,0.820068359375,0.6455313563346863
SB68163_component_453a,183.81532,-66.635938,11.769000053405762,63.96195602416992,183.81556701660156,-66.63593292236328,16.41126823425293,0.9110246896743774,0.7171292304992676
SB68163_component_455a,184.084368,-63.286148,12.28499984741211,37.79999923706055,184.0845489501953,-63.286006927490234,10.971147537231445,1.4225115776062012,1.1197552680969238
SB68163_component_458a,192.62901,-64.940147,12.927000045776367,29.649084091186523,192.6291961669922,-64.94009399414062,13.769432067871094,1.1926538944244385,0.9388186931610107
SB68163_component_459a,178.675863,-66.903983,12.1899995803833,45.827064514160156,178.6761932373047,-66.90397644042969,14.262212753295898,1.085799217224121,0.8547060489654541
SB68163_component_460a,181.83768,-62.058532,13.628000259399414,14.006166458129883,181.83697509765625,-62.058753967285156,21.062103271484375,0.8219835162162781,0.6470388770103455
SB68163_component_461a,184.181013,-63.345833,12.755999565124512,49.828121185302734,184.18106079101562,-63.34592056274414,21.074413299560547,0.7689387202262878,0.6052837371826172
SB68163_component_463a,184.160607,-65.970323,12.631999969482422,71.7727279663086,184.16075134277344,-65.9703140258789,15.41947078704834,1.0407235622406006,0.819223940372467
SB68163_component_464a,185.754805,-64.029466,13.072999954223633,58.887386322021484,185.75491333007812,-64.02935791015625,13.033981323242188,1.274180293083191,1.0029935836791992
SB68163_component_465a,185.940884,-66.441044,13.092000007629395,70.38709259033203,185.9412384033203,-66.44096374511719,18.374284744262695,0.9051660895347595,0.7125175595283508
SB68163_component_468a,192.48488,-65.901763,12.550999641418457,49.219608306884766,192.4849395751953,-65.90174865722656,11.864434242248535,1.3438907861709595,1.0578675270080566
SB68163_component_470a,186.990337,-65.424369,13.720000267028809,71.83245849609375,186.9905242919922,-65.4241943359375,16.82560157775879,1.0358961820602417,0.8154240846633911
SB68163_component_476a,182.729727,-62.623361,12.32800006866455,20.14379119873047,182.72958374023438,-62.623538970947266,16.912145614624023,0.9260333776473999,0.7289435863494873
SB68163_component_480a,183.765571,-64.691215,11.937999725341797,67.06741333007812,183.76559448242188,-64.69108581542969,14.260329246520996,1.063493251800537,0.8371475338935852
SB68163_component_481a,181.223221,-62.451989,12.138999938964844,34.194366455078125,181.2224578857422,-62.45199203491211,13.97154712677002,1.1037509441375732,0.8688371777534485
SB68163_component_482a,179.910422,-65.662099,11.661999702453613,47.599998474121094,179.9104766845703,-65.66209411621094,15.442852973937988,0.9593524932861328,0.7551712989807129
SB68163_component_484a,189.718707,-67.638642,12.23900032043457,13.92377758026123,189.71861267089844,-67.638671875,14.870421409606934,1.045575499534607,0.8230432868003845
SB68163_component_488a,184.172374,-65.716934,12.116999626159668,64.4521255493164,184.17251586914062,-65.71682739257812,17.100624084472656,0.9001519680023193,0.7085705995559692
SB68163_component_490a,184.002225,-64.352123,12.074000358581543,62.88541793823242,184.0023193359375,-64.35189056396484,14.577093124389648,1.0522356033325195,0.8282858729362488
SB68163_component_494a,190.600852,-64.990194,11.081999778747559,52.77143096923828,190.60086059570312,-64.99019622802734,9.650907516479492,1.4587562084197998,1.1482857465744019
SB68163_component_497a,186.821168,-65.656302,11.977999687194824,65.09782409667969,186.82156372070312,-65.65623474121094,11.380380630493164,1.337088704109192,1.0525131225585938
SB68163_component_499a,193.029736,-67.177675,10.960000038146973,13.64881706237793,193.03028869628906,-67.1775894165039,10.234967231750488,1.360369324684143,1.0708388090133667
SB68163_component_505a,188.71486,-66.792335,11.07699966430664,53.25480651855469,188.7149658203125,-66.79239654541016,15.35810375213623,0.9162569046020508,0.7212478518486023
SB68163_component_506a,186.264313,-65.744127,11.355999946594238,59.7684211730957,186.2646942138672,-65.74400329589844,18.12255096435547,0.7960470914840698,0.6266226172447205
SB68163_component_509a,179.997238,-66.089627,11.741999626159668,49.33613204956055,179.9972381591797,-66.08965301513672,15.62299919128418,0.9547954797744751,0.7515842318534851
SB68163_component_510a,185.665819,-66.517773,11.29699993133545,55.650245666503906,185.66627502441406,-66.517822265625,15.298382759094238,0.9381025433540344,0.7384440898895264
SB68163_component_511a,186.06187,-67.473977,11.678999900817871,27.940189361572266,186.0623321533203,-67.47394561767578,17.71587371826172,0.8374826312065125,0.6592392921447754
SB68163_component_512a,183.132312,-64.214709,12.281999588012695,65.67913818359375,183.13233947753906,-64.2144775390625,11.090787887573242,1.4068228006362915,1.1074055433273315
SB68163_component_514a,179.886169,-65.10217,11.076000213623047,51.27777862548828,179.88641357421875,-65.10215759277344,16.25922966003418,0.8653976321220398,0.6812130808830261
SB68163_component_515a,187.243991,-64.352927,11.105999946594238,55.529998779296875,187.24432373046875,-64.35279846191406,15.743439674377441,0.8961707353591919,0.7054367065429688
SB68163_component_517a,190.139459,-67.187943,10.91100025177002,34.85942459106445,190.13967895507812,-67.18791961669922,10.385395050048828,1.334671139717102,1.050610065460205
SB68163_component_518a,184.527507,-62.683472,11.163999557495117,34.35076904296875,184.52789306640625,-62.683570861816406,18.568437576293945,0.7637956142425537,0.6012352705001831
SB68163_component_520a,183.073483,-62.115763,11.192000389099121,14.275510787963867,183.07347106933594,-62.11594009399414,14.442672729492188,0.9844481945037842,0.7749258279800415
SB68163_component_521a,191.162508,-62.487566,11.326000213623047,38.26351547241211,191.16256713867188,-62.487606048583984,12.87585163116455,1.1174633502960205,0.8796311616897583
SB68163_component_527a,178.771948,-63.46857,11.03600025177002,25.081819534301758,178.7720489501953,-63.46858215332031,8.004388809204102,1.751524567604065,1.3787436485290527
SB68163_component_530a,181.248835,-64.044566,10.9399995803833,48.83928298950195,181.2490692138672,-64.04447937011719,17.805049896240234,0.7805609703063965,0.6144323945045471
SB68163_component_533a,191.638467,-64.747187,11.527999877929688,48.84745788574219,191.638427734375,-64.74706268310547,12.206141471862793,1.199798345565796,0.9444425702095032
SB68163_component_534a,185.539968,-62.901629,11.048999786376953,51.63084030151367,185.54002380371094,-62.90168380737305,13.85163688659668,1.013338565826416,0.7976674437522888
SB68163_component_537a,178.119083,-65.717454,11.407999992370605,10.095575332641602,178.1194305419922,-65.71745300292969,11.622126579284668,1.2469717264175415,0.9815759658813477
SB68163_component_542a,183.697641,-67.227158,10.755999565124512,40.897335052490234,183.6979522705078,-67.22713470458984,13.348953247070312,1.0236141681671143,0.8057560324668884
SB68163_component_548a,182.931005,-66.431805,10.468000411987305,55.38624572753906,182.93112182617188,-66.43174743652344,14.085415840148926,0.9441190958023071,0.7431800961494446
SB68163_component_556a,183.99835,-65.674791,10.512999534606934,58.08287048339844,183.99859619140625,-65.67479705810547,9.218046188354492,1.4488402605056763,1.1404802799224854
SB68163_component_562a,185.416051,-65.928843,10.694000244140625,59.411109924316406,185.41635131835938,-65.92877197265625,14.178061485290527,0.9581997394561768,0.7542639374732971
SB68163_component_563a,184.477985,-64.998021,10.836000442504883,59.21311950683594,184.47808837890625,-64.99790954589844,13.255339622497559,1.0385104417800903,0.8174819350242615
SB68163_component_564a,192.057508,-67.251115,10.718999862670898,25.103044509887695,192.0577850341797,-67.25111389160156,14.75693416595459,0.9227644205093384,0.7263703942298889
SB68163_component_567a,184.181998,-67.564791,10.960000038146973,22.09677505493164,184.18212890625,-67.56481170654297,12.092723846435547,1.151381254196167,0.9063301086425781
SB68163_component_568a,182.18044,-67.610897,10.479999542236328,15.27696704864502,182.18077087402344,-67.61092376708984,13.532182693481445,0.9838437438011169,0.7744500637054443
SB68163_component_571a,185.600984,-63.003265,10.4399995803833,47.88990783691406,185.60110473632812,-63.00327682495117,13.002429008483887,1.0200201272964478,0.8029268383979797
SB68163_component_572a,188.129061,-66.661581,9.895000457763672,52.078948974609375,188.12940979003906,-66.66165924072266,13.533294677734375,0.9288487434387207,0.7311597466468811
SB68163_component_573a,186.55825,-67.819377,8.072999954223633,130.20968627929688,186.5582733154297,-67.81902313232422,13.365474700927734,0.7673319578170776,0.6040189266204834
SB68163_component_576a,187.2797,-67.541532,10.722999572753906,20.347248077392578,187.27984619140625,-67.54138946533203,12.979475975036621,1.0495227575302124,0.8261504173278809
SB68163_component_578a,180.478805,-67.419657,8.85099983215332,15.947747230529785,180.47909545898438,-67.41954040527344,10.407047271728516,1.0804321765899658,0.850481390953064
SB68163_component_579a,191.490757,-63.465688,9.315999984741211,31.904109954833984,191.49102783203125,-63.465633392333984,12.120814323425293,0.976405918598175,0.7685952186584473
SB68163_component_580a,192.393859,-63.086387,10.770000457763672,29.34604835510254,192.39425659179688,-63.0863037109375,13.187158584594727,1.0375217199325562,0.8167036175727844
SB68163_component_581a,183.332092,-66.440667,9.923999786376953,54.22950744628906,183.33229064941406,-66.44066619873047,7.4730634689331055,1.687022089958191,1.3279694318771362
SB68163_component_582a,183.86362,-66.740388,9.300000190734863,48.186527252197266,183.86376953125,-66.74041748046875,12.565357208251953,0.9402445554733276,0.7401301860809326
SB68163_component_586a,189.332842,-63.79249,9.652000427246094,46.8543701171875,189.3330078125,-63.792388916015625,14.757861137390137,0.8308576941490173,0.6540243625640869
SB68163_component_587a,190.30653,-63.338925,9.477999687194824,40.85344696044922,190.30699157714844,-63.33893585205078,12.86568832397461,0.9358718395233154,0.7366881370544434
SB68163_component_588a,184.915367,-63.782901,9.883000373840332,47.51442337036133,184.91542053222656,-63.782772064208984,9.309091567993164,1.3486964702606201,1.0616503953933716
SB68163_component_592a,182.875994,-64.370228,9.748000144958496,51.57672119140625,182.87625122070312,-64.37003326416016,11.417966842651367,1.0845746994018555,0.8537421822547913
SB68163_component_593a,194.184756,-66.207901,9.54800033569336,10.21176528930664,194.18482971191406,-66.20797729492188,11.034451484680176,1.0992447137832642,0.8652899861335754
SB68163_component_597a,179.199162,-64.960999,9.604000091552734,36.79693603515625,179.19920349121094,-64.96107482910156,12.52751636505127,0.9739124178886414,0.7666324377059937
SB68163_component_602a,185.890308,-65.474292,9.373000144958496,53.25568389892578,185.89068603515625,-65.47417449951172,12.92497444152832,0.921258807182312,0.725185215473175
SB68163_component_603a,183.995902,-65.931461,8.946999549865723,48.890708923339844,183.99603271484375,-65.93135070800781,3.854273557662964,2.948951244354248,2.321319341659546
SB68163_component_605a,180.663581,-65.924322,10.366999626159668,53.715023040771484,180.66358947753906,-65.92422485351562,12.658004760742188,1.0404484272003174,0.819007396697998
SB68163_component_606a,193.706749,-66.409483,9.39799976348877,12.095237731933594,193.7070770263672,-66.40963745117188,14.398529052734375,0.8291822671890259,0.6527055501937866
SB68163_component_607a,189.072978,-65.068788,9.093000411987305,50.798885345458984,189.07321166992188,-65.06875610351562,12.167749404907227,0.9493572115898132,0.7473033666610718
SB68163_component_608a,187.436387,-65.27926,9.39799976348877,50.79999923706055,187.43673706054688,-65.27902221679688,13.703417778015137,0.871242880821228,0.6858143210411072
SB68163_component_614a,184.734461,-63.179543,9.76200008392334,41.54042434692383,184.7345733642578,-63.1796989440918,15.267558097839355,0.812272846698761,0.639394998550415
SB68163_component_615a,181.001154,-65.021664,8.845999717712402,44.67676544189453,181.0012969970703,-65.0216064453125,11.215492248535156,1.0019850730895996,0.7887303829193115
SB68163_component_619a,190.999197,-63.008615,9.493000030517578,38.43320083618164,190.99929809570312,-63.00857925415039,10.875160217285156,1.1089208126068115,0.8729066848754883
SB68163_component_625a,191.298368,-65.640965,9.774999618530273,36.473876953125,191.29873657226562,-65.64091491699219,13.299290657043457,0.9337292909622192,0.7350015640258789
SB68163_component_626a,179.508402,-63.524521,9.175999641418457,36.557769775390625,179.5089111328125,-63.52455139160156,11.514047622680664,1.0124138593673706,0.7969395518302917
SB68163_component_628a,187.834532,-67.278865,9.13599967956543,27.601207733154297,187.83489990234375,-67.27879333496094,11.03917407989502,1.0513617992401123,0.8275980949401855
SB68163_component_636a,188.140914,-62.420222,7.959000110626221,19.847881317138672,188.14096069335938,-62.420249938964844,14.004897117614746,0.7219569683074951,0.5683012008666992
SB68163_component_638a,181.33167,-66.903811,9.840999603271484,49.4522590637207,181.3319549560547,-66.90376281738281,12.090991020202637,1.0339750051498413,0.8139117360115051
SB68163_component_639a,190.403173,-67.447721,9.652999877929688,18.21320915222168,190.4032745361328,-67.44781494140625,7.41746711730957,1.653253197669983,1.3013876676559448
SB68163_component_644a,190.066103,-67.49366,9.331999778747559,15.323479652404785,190.06613159179688,-67.49356842041016,12.186312675476074,0.9728258848190308,0.7657771706581116
SB68163_component_645a,187.267638,-62.145282,8.194999694824219,12.60769271850586,187.26792907714844,-62.14499282836914,13.25125503540039,0.7856419086456299,0.6184319853782654
SB68163_component_646a,185.598008,-62.310604,9.038000106811523,21.417062759399414,185.59841918945312,-62.31070327758789,15.650653839111328,0.7336223721504211,0.5774838924407959
SB68163_component_649a,185.554776,-62.769767,8.310999870300293,36.93777847290039,185.55496215820312,-62.769920349121094,11.322325706481934,0.9325032830238342,0.7340364456176758
SB68163_component_650a,182.559143,-66.275951,9.52299976348877,55.366275787353516,182.55926513671875,-66.27589416503906,11.718502044677734,1.0323677062988281,0.8126465082168579
SB68163_component_651a,184.31493,-64.621736,9.305999755859375,47.96907043457031,184.3149871826172,-64.62165069580078,12.207890510559082,0.968400776386261,0.762293815612793
SB68163_component_659a,178.504658,-65.364292,8.607000350952148,21.35732078552246,178.5046844482422,-65.36425018310547,12.359086990356445,0.8847042918205261,0.6964107155799866
SB68163_component_668a,181.889478,-63.046251,8.593999862670898,31.4798526763916,181.88909912109375,-63.046226501464844,11.555391311645508,0.9448076486587524,0.7437220811843872
SB68163_component_669a,189.450035,-63.885613,8.63700008392334,45.21989440917969,189.45025634765625,-63.88549041748047,11.119641304016113,0.9867448210716248,0.7767336964607239
SB68163_component_670a,191.31357,-62.999149,8.625,35.06097412109375,191.31378173828125,-62.99920654296875,10.249958038330078,1.06898033618927,0.8414668440818787
SB68163_component_672a,186.558568,-63.802149,8.35099983215332,39.766666412353516,186.55856323242188,-63.80198287963867,10.317532539367676,1.0282419919967651,0.8093989491462708
SB68163_component_673a,181.162875,-67.004091,8.565999984741211,38.41255569458008,181.16317749023438,-67.00398254394531,5.637412071228027,1.9303276538848877,1.5194915533065796
SB68163_component_675a,184.421026,-65.837805,8.345000267028809,44.388301849365234,184.42127990722656,-65.83770751953125,5.989647388458252,1.7699370384216309,1.3932373523712158
SB68163_component_678a,185.796351,-63.593341,8.310999870300293,43.06217575073242,185.7964324951172,-63.593231201171875,9.261534690856934,1.1399952173233032,0.8973674774169922
SB68163_component_680a,185.65214,-65.296243,8.434000015258789,47.11731719970703,185.65237426757812,-65.2962417602539,5.138784408569336,2.0849993228912354,1.6412441730499268
SB68163_component_681a,192.430572,-66.018523,8.473999977111816,35.4560661315918,192.43064880371094,-66.01850891113281,10.84305191040039,0.9928180575370789,0.7815142869949341
SB68163_component_683a,186.839233,-63.257971,8.571999549865723,36.476593017578125,186.83924865722656,-63.25798797607422,12.129326820373535,0.8977970480918884,0.7067168354988098
SB68163_component_685a,181.648606,-64.130432,7.883999824523926,41.0625,181.64874267578125,-64.13028717041016,11.085718154907227,0.9034736752510071,0.7111852765083313
SB68163_component_688a,182.749006,-65.10937,8.0,41.450775146484375,182.74925231933594,-65.10923767089844,8.973026275634766,1.13261878490448,0.891560971736908
SB68163_component_696a,187.27203,-64.733888,8.125,42.76315689086914,187.2723388671875,-64.73399353027344,8.09272289276123,1.2754440307617188,1.0039883852005005
SB68163_component_697a,181.900866,-63.692433,7.908999919891357,39.153465270996094,181.90126037597656,-63.69237518310547,10.78665542602539,0.9314670562744141,0.7332207560539246
SB68163_component_698a,187.630663,-63.133371,8.204999923706055,29.836362838745117,187.63072204589844,-63.13323974609375,9.735931396484375,1.0706161260604858,0.8427544832229614
SB68163_component_700a,191.612287,-62.197141,8.720000267028809,17.759674072265625,191.61231994628906,-62.19734573364258,7.911874771118164,1.4001346826553345,1.1021407842636108
SB68163_component_701a,183.130171,-62.992722,7.520999908447266,17.36951446533203,183.1299285888672,-62.99302291870117,14.178892135620117,0.6738542914390564,0.5304363369941711
SB68163_component_704a,180.893347,-64.02366,7.869999885559082,33.92241287231445,180.89361572265625,-64.02357482910156,9.990560531616211,1.0007315874099731,0.7877435684204102
SB68163_component_711a,188.515921,-66.26411,8.734999656677246,45.494789123535156,188.51617431640625,-66.26399993896484,12.457655906677246,0.8907570838928223,0.7011752128601074
SB68163_component_713a,182.605696,-64.619539,7.77400016784668,38.869998931884766,182.60586547851562,-64.61929321289062,12.257743835449219,0.8056877255439758,0.6342113614082336
SB68163_component_714a,191.490545,-63.020523,7.014999866485596,28.632652282714844,191.49082946777344,-63.020484924316406,8.7599458694458,1.0173232555389404,0.8008040189743042
SB68163_component_717a,188.724879,-62.712694,7.24399995803833,29.447153091430664,188.7252960205078,-62.71270751953125,11.756941795349121,0.7827386260032654,0.6161466240882874
SB68163_component_719a,190.416665,-65.749704,7.263999938964844,32.0,190.41683959960938,-65.7496566772461,9.355857849121094,0.9863361120223999,0.7764119505882263
SB68163_component_720a,183.580039,-64.8429,7.3520002365112305,38.694740295410156,183.58016967773438,-64.84271240234375,11.340747833251953,0.8235624432563782,0.6482818126678467
SB68163_component_721a,186.728714,-65.858735,7.942999839782715,41.80526351928711,186.7290802001953,-65.85865783691406,6.7752251625061035,1.4893388748168945,1.172359585762024
SB68163_component_724a,188.999186,-62.233369,7.336999893188477,14.5,188.99978637695312,-62.233455657958984,8.2459716796875,1.1303406953811646,0.8897677659988403
SB68163_component_725a,183.529922,-64.346159,7.38700008392334,39.5026741027832,183.52993774414062,-64.34602355957031,9.32282543182373,1.006591558456421,0.7923563718795776
SB68163_component_730a,187.273237,-64.682053,7.876999855041504,41.677249908447266,187.27349853515625,-64.68197631835938,11.680023193359375,0.8567415475845337,0.6743993163108826
SB68163_component_731a,192.355105,-62.224138,8.180000305175781,14.765342712402344,192.3556365966797,-62.2241325378418,10.109552383422852,1.0279077291488647,0.8091357350349426
SB68163_component_735a,186.50613,-64.760338,7.165999889373779,36.56122589111328,186.5062255859375,-64.76025390625,8.853376388549805,1.0282543897628784,0.8094087243080139
SB68163_component_751a,178.981697,-63.287855,7.7270002365112305,17.845266342163086,178.98223876953125,-63.28774642944336,9.265728950500488,1.0594099760055542,0.8339333534240723
SB68163_component_755a,179.739043,-66.523895,6.909999847412109,31.990739822387695,179.7392120361328,-66.52388000488281,8.639592170715332,1.016055703163147,0.7998062372207642
SB68163_component_756a,180.702791,-66.09515,7.533999919891357,38.63589859008789,180.7029571533203,-66.09518432617188,11.919637680053711,0.8029624819755554,0.6320661902427673
SB68163_component_757a,191.455698,-65.289495,7.083000183105469,29.148149490356445,191.45565795898438,-65.28947448730469,6.929426670074463,1.2985321283340454,1.0221625566482544
SB68163_component_758a,187.465498,-64.500788,7.4679999351501465,39.51322937011719,187.4656219482422,-64.50074005126953,9.47008991241455,1.0018043518066406,0.7885880470275879
SB68163_component_760a,192.083088,-65.042815,7.982999801635742,25.91883087158203,192.08316040039062,-65.04292297363281,10.439861297607422,0.9714134335517883,0.7646653056144714
SB68163_component_761a,190.830789,-64.467046,7.0879998207092285,32.51375961303711,190.83067321777344,-64.46694946289062,5.594935894012451,1.6093900203704834,1.2668598890304565
SB68163_component_765a,179.674501,-64.416105,7.763999938964844,21.213115692138672,179.67459106445312,-64.41608428955078,8.240877151489258,1.1968640089035034,0.9421327114105225
SB68163_component_768a,177.894251,-66.740376,7.205999851226807,16.489702224731445,177.89459228515625,-66.74063110351562,10.851850509643555,0.8435739278793335,0.6640341877937317
SB68163_component_772a,180.420633,-65.253001,7.145999908447266,32.6301383972168,180.42083740234375,-65.25279235839844,9.194575309753418,0.9873339533805847,0.7771973609924316
SB68163_component_775a,184.117803,-67.481746,7.623000144958496,19.15326690673828,184.1181182861328,-67.4818344116211,11.27253246307373,0.8590869903564453,0.6762455701828003
SB68163_component_777a,181.83232,-65.654653,7.275000095367432,38.69681167602539,181.83255004882812,-65.65455627441406,9.793087005615234,0.9437263607978821,0.7428709864616394
SB68163_component_779a,179.377661,-65.212525,7.182000160217285,30.561702728271484,179.37802124023438,-65.21253204345703,9.280844688415527,0.983083963394165,0.7738519906997681
SB68163_component_780a,186.084655,-62.631101,7.498000144958496,29.40392303466797,186.0851593017578,-62.631134033203125,10.837672233581543,0.8789054155349731,0.6918460130691528
SB68163_component_791a,186.647171,-66.347746,6.784999847412109,35.899471282958984,186.64755249023438,-66.34768676757812,9.330687522888184,0.9237807393074036,0.7271704077720642
SB68163_component_792a,183.092593,-64.695114,7.105000019073486,40.833335876464844,183.0927276611328,-64.69497680664062,10.83050537109375,0.8333896398544312,0.6560174226760864
SB68163_component_793a,190.877671,-62.125106,7.860000133514404,11.47445297241211,190.87771606445312,-62.12528991699219,10.032156944274902,0.9953159093856812,0.7834805846214294
SB68163_component_794a,191.131812,-63.233829,7.309999942779541,29.71544647216797,191.1319580078125,-63.233795166015625,9.70456314086914,0.9569166302680969,0.7532538771629333
SB68163_component_799a,185.276336,-63.723327,6.435999870300293,34.9782600402832,185.2764129638672,-63.723121643066406,6.475379467010498,1.2626515626907349,0.9939185380935669
SB68163_component_802a,179.965247,-65.158023,6.868000030517578,32.70476150512695,179.9654998779297,-65.15796661376953,10.652511596679688,0.8190511465072632,0.6447305679321289
SB68163_component_804a,178.999214,-66.361542,6.458000183105469,23.31407928466797,178.99949645996094,-66.36174011230469,9.510159492492676,0.8626665472984314,0.6790632605552673
SB68163_component_805a,189.205515,-65.118387,6.890999794006348,36.07853317260742,189.20599365234375,-65.11834716796875,9.756404876708984,0.8972741365432739,0.706305205821991
SB68163_component_807a,192.585742,-62.833297,7.144000053405762,15.232409477233887,192.5861053466797,-62.83330154418945,11.592765808105469,0.7828654050827026,0.6162464022636414
SB68163_component_808a,192.081625,-64.854933,6.09499979019165,22.574071884155273,192.08177185058594,-64.8548583984375,10.306556701660156,0.7512644529342651,0.5913711190223694
SB68163_component_809a,191.813381,-62.364951,6.8460001945495605,17.50895118713379,191.813720703125,-62.3651237487793,8.310297966003418,1.046533226966858,0.8237972259521484
SB68163_component_814a,189.250401,-63.384017,6.867000102996826,33.173912048339844,189.25064086914062,-63.38395309448242,9.318425178527832,0.9361754655838013,0.7369270920753479
SB68163_component_815a,183.083195,-64.560676,6.675000190734863,36.878456115722656,183.08326721191406,-64.5604248046875,9.212653160095215,0.9204480648040771,0.7245469689369202
SB68163_component_822a,182.431115,-66.313152,6.8520002365112305,37.648353576660156,182.43125915527344,-66.31302642822266,8.913658142089844,0.9765492081642151,0.7687079906463623
SB68163_component_824a,181.817781,-64.423776,6.926000118255615,37.43783950805664,181.8181915283203,-64.42346954345703,7.74399995803833,1.1361870765686035,0.8943698406219482
SB68163_component_826a,187.630926,-62.941532,6.5920000076293945,21.68421173095703,187.6313018798828,-62.94167709350586,6.904137134552002,1.2129433155059814,0.9547898173332214
SB68163_component_829a,190.247198,-65.934668,6.885000228881836,31.728113174438477,190.2476348876953,-65.93470764160156,9.097949028015137,0.9613757729530334,0.7567639946937561
SB68163_component_830a,182.01924,-65.42281,6.242000102996826,34.48619079589844,182.01931762695312,-65.42282104492188,8.266301155090332,0.9592797160148621,0.7551140189170837
SB68163_component_833a,189.099218,-66.188371,7.244999885559082,37.345359802246094,189.0996551513672,-66.18821716308594,9.462930679321289,0.9726250171661377,0.7656190395355225
SB68163_component_837a,188.680928,-65.114175,6.688000202178955,38.88372039794922,188.68109130859375,-65.1141357421875,2.8780977725982666,2.9520483016967773,2.3237571716308594
SB68163_component_840a,183.32924,-66.525654,6.284999847412109,33.25396728515625,183.32945251464844,-66.52568054199219,8.10659408569336,0.9849168062210083,0.7752947807312012
SB68163_component_843a,189.85391,-63.86471,6.920000076293945,33.42995071411133,189.85415649414062,-63.864810943603516,9.382250785827637,0.9369831681251526,0.737562894821167
SB68163_component_848a,192.648484,-63.849919,6.007999897003174,12.464730262756348,192.64865112304688,-63.849796295166016,8.465675354003906,0.9015732407569885,0.7096893787384033
SB68163_component_849a,180.938591,-65.755385,6.60099983215332,34.20207214355469,180.9387969970703,-65.75518035888672,4.22691011428833,1.983898401260376,1.5616607666015625
SB68163_component_852a,181.376601,-67.7612,5.572999954223633,10.696736335754395,181.37693786621094,-67.76148986816406,6.3970208168029785,1.1067359447479248,0.8711867928504944
SB68163_component_856a,185.288256,-63.479216,6.790999889373779,33.289215087890625,185.2886962890625,-63.47913360595703,9.235661506652832,0.9341108798980713,0.7353019714355469
SB68163_component_857a,190.593416,-64.610486,6.204999923706055,29.547618865966797,190.59356689453125,-64.6104507446289,8.56000804901123,0.9208742380142212,0.7248824834823608
SB68163_component_859a,180.420491,-63.055935,6.714000225067139,19.574344635009766,180.4203338623047,-63.05587387084961,8.227540969848633,1.0366783142089844,0.8160397410392761
SB68163_component_864a,181.874724,-63.972893,5.979000091552734,29.74626922607422,181.87477111816406,-63.972782135009766,7.974660873413086,0.9524650573730469,0.7497497797012329
SB68163_component_867a,184.442977,-62.597635,5.947000026702881,15.327319145202637,184.44342041015625,-62.59777069091797,6.414781093597412,1.1777384281158447,0.9270776510238647
SB68163_component_875a,184.838686,-64.50485,6.03000020980835,31.082473754882812,184.83847045898438,-64.50471496582031,7.804511070251465,0.9815317392349243,0.7726300954818726
SB68163_component_883a,186.057634,-63.58073,5.979000091552734,30.81958770751953,186.0576629638672,-63.580718994140625,8.30923080444336,0.914114236831665,0.7195612192153931
SB68163_component_887a,183.741183,-63.970874,6.548999786376953,29.76818084716797,183.7411651611328,-63.97080993652344,9.438985824584961,0.8814188838005066,0.6938245296478271
SB68163_component_888a,183.888596,-63.383036,6.255000114440918,21.568965911865234,183.88864135742188,-63.383174896240234,7.860337257385254,1.0109248161315918,0.7957673668861389
SB68163_component_890a,184.253416,-64.169722,5.736000061035156,28.68000030517578,184.25335693359375,-64.16939544677734,3.5204625129699707,2.0698657035827637,1.629331350326538
SB68163_component_893a,178.92987,-66.965665,5.861000061035156,22.20075798034668,178.93035888671875,-66.96562957763672,5.534324645996094,1.345363974571228,1.0590271949768066
SB68163_component_895a,185.367591,-62.637908,6.308000087738037,25.746938705444336,185.36785888671875,-62.63803482055664,7.760135650634766,1.0326546430587769,0.8128724098205566
SB68163_component_899a,178.963434,-63.773758,5.815000057220459,14.684343338012695,178.96388244628906,-63.77388000488281,8.624666213989258,0.856525182723999,0.6742290258407593
SB68163_component_900a,189.776698,-64.021361,5.704999923706055,27.42788314819336,189.7769317626953,-64.02127075195312,8.227105140686035,0.8809297680854797,0.6934395432472229
SB68163_component_904a,178.607635,-65.086242,6.334000110626221,17.545705795288086,178.60804748535156,-65.08616638183594,7.8436174392700195,1.0258748531341553,0.8075355887413025
SB68163_component_905a,188.558125,-66.139792,5.968999862670898,29.549503326416016,188.55831909179688,-66.13975524902344,7.676422595977783,0.9878145456314087,0.7775757312774658
SB68163_component_907a,186.888734,-64.792895,5.543000221252441,28.280614852905273,186.88906860351562,-64.79275512695312,8.127998352050781,0.8663512468338013,0.6819637417793274
SB68163_component_910a,179.518617,-65.519441,6.288000106811523,24.5625,179.5187225341797,-65.51956176757812,6.82867431640625,1.169792652130127,0.9208229780197144
SB68163_component_913a,191.601381,-62.232081,5.261000156402588,11.69111156463623,191.60186767578125,-62.23212814331055,5.636979579925537,1.1856447458267212,0.9333012700080872
SB68163_component_916a,192.053428,-65.746116,5.881999969482422,26.142223358154297,192.05345153808594,-65.74620819091797,6.659051895141602,1.1221356391906738,0.8833089470863342
SB68163_component_917a,192.285922,-64.451766,5.431000232696533,21.55158805847168,192.28598022460938,-64.45170593261719,8.839889526367188,0.780487060546875,0.6143742203712463
SB68163_component_922a,184.369223,-67.243648,5.789999961853027,21.28676414489746,184.36953735351562,-67.24382781982422,7.189919471740723,1.0230273008346558,0.8052941560745239
SB68163_component_925a,186.855796,-67.160861,5.357999801635742,23.5,186.85594177246094,-67.1609115600586,7.867202281951904,0.8651971817016602,0.6810553073883057
SB68163_component_926a,188.97622,-65.99939,6.038000106811523,32.28876876831055,188.97671508789062,-65.9992446899414,5.833826065063477,1.3148382902145386,1.0349982976913452
SB68163_component_929a,188.800131,-62.422382,6.191999912261963,17.691429138183594,188.80015563964844,-62.422325134277344,8.283181190490723,0.9496563673019409,0.7475388646125793
SB68163_component_932a,181.012449,-63.398155,5.540999889373779,14.20769214630127,181.0122528076172,-63.3980598449707,6.530799388885498,1.0778405666351318,0.8484413027763367
SB68163_component_933a,187.141708,-65.888312,5.682000160217285,31.566665649414062,187.142333984375,-65.88831329345703,8.518506050109863,0.8473650217056274,0.6670184135437012
SB68163_component_934a,191.355349,-63.708885,6.074999809265137,22.924528121948242,191.355712890625,-63.70887756347656,8.64300537109375,0.8929234147071838,0.7028805017471313
SB68163_component_935a,179.354152,-63.859038,6.244999885559082,21.460479736328125,179.354248046875,-63.85899353027344,8.378617286682129,0.9468753337860107,0.7453497052192688
SB68163_component_943a,192.521445,-64.18868,4.855999946594238,16.687284469604492,192.52162170410156,-64.1885986328125,7.4464874267578125,0.8284378051757812,0.652119517326355
SB68163_component_946a,188.280242,-63.488929,5.6620001792907715,29.643980026245117,188.28048706054688,-63.48888397216797,7.453340530395508,0.9650540351867676,0.7596594095230103
SB68163_component_947a,186.092927,-64.131684,5.824999809265137,30.657894134521484,186.09303283691406,-64.13152313232422,22.212730407714844,0.33313995599746704,0.262237012386322
SB68163_component_948a,180.80171,-62.785879,5.809000015258789,21.356616973876953,180.80128479003906,-62.78590393066406,9.136754989624023,0.8076851963996887,0.6357837319374084
SB68163_component_949a,192.601745,-66.257686,5.698999881744385,20.723634719848633,192.6019287109375,-66.25765228271484,5.943882465362549,1.2180389165878296,0.9588009119033813
SB68163_component_957a,182.864428,-66.695839,5.756999969482422,29.675256729125977,182.8648223876953,-66.69589233398438,8.38476848602295,0.8722437620162964,0.6866021156311035
SB68163_component_962a,186.854866,-65.714921,5.131999969482422,28.197803497314453,186.8551483154297,-65.7149429321289,8.999883651733398,0.7244067192077637,0.5702295899391174
SB68163_component_963a,181.908302,-64.724453,5.821000099182129,29.85128402709961,181.9082489013672,-64.72420501708984,6.600821018218994,1.1202949285507202,0.8818600177764893
SB68163_component_964a,185.642965,-64.017439,5.418000221252441,23.153846740722656,185.64306640625,-64.01725769042969,7.898359775543213,0.8714346885681152,0.6859652400016785
SB68163_component_979a,182.712338,-65.214157,5.873000144958496,31.745946884155273,182.71258544921875,-65.21408081054688,7.838588237762451,0.9518200755119324,0.7492420673370361
SB68163_component_983a,184.029504,-67.025645,5.540999889373779,29.163158416748047,184.02999877929688,-67.0257339477539,5.513273239135742,1.276766061782837,1.0050290822982788
SB68163_component_984a,190.434717,-63.604439,5.077000141143799,24.52657127380371,190.4348907470703,-63.60445022583008,5.700587272644043,1.1314107179641724,0.8906100392341614
SB68163_component_995a,187.105609,-64.588614,5.809000015258789,29.94329833984375,187.10609436035156,-64.58863067626953,8.179189682006836,0.9022436141967773,0.7102170586585999
SB68163_component_997a,188.827098,-63.461794,5.204999923706055,26.82989501953125,188.8273162841797,-63.46169662475586,4.778155326843262,1.3838632106781006,1.0893324613571167
SB68163_component_998a,184.316798,-67.616613,5.5920000076293945,10.394052505493164,184.31654357910156,-67.61690521240234,6.702139377593994,1.0599526166915894,0.8343604207038879
SB68163_component_1001a,191.801963,-64.460701,5.01800012588501,24.478050231933594,191.8018798828125,-64.46047973632812,6.0729241371154785,1.0497008562088013,0.8262906074523926
SB68163_component_1002a,191.745146,-63.458944,4.978000164031982,15.039275169372559,191.7452850341797,-63.45895004272461,6.242901802062988,1.012980580329895,0.7973856329917908
SB68163_component_1003a,189.837546,-63.463771,4.960999965667725,25.44102668762207,189.837646484375,-63.46380615234375,4.486311912536621,1.404793381690979,1.105808138847351
SB68163_component_1006a,181.759093,-64.792459,5.241000175476074,26.33668327331543,181.75926208496094,-64.79229736328125,4.90922737121582,1.3562312126159668,1.0675814151763916
SB68163_component_1008a,180.352645,-64.339922,4.941999912261963,19.68924331665039,180.3531036376953,-64.3398208618164,6.96983003616333,0.9007686376571655,0.70905601978302
SB68163_component_1009a,190.713498,-65.126072,4.929999828338623,18.67424201965332,190.71348571777344,-65.12601470947266,6.8994550704956055,0.9077470302581787,0.71454918384552
SB68163_component_1010a,181.284336,-65.052416,4.940000057220459,24.334976196289062,181.28477478027344,-65.05229949951172,6.330080032348633,0.9914035201072693,0.7804008722305298
SB68163_component_1013a,186.531018,-66.707755,5.052000045776367,27.016042709350586,186.5314178466797,-66.7077407836914,6.8682379722595215,0.9344384670257568,0.7355598211288452
SB68163_component_1014a,181.263969,-64.682695,5.322000026702881,27.4329891204834,181.26400756835938,-64.68268585205078,7.1699090003967285,0.9429614543914795,0.7422688603401184
SB68163_component_1016a,181.317101,-65.887483,5.416999816894531,29.763736724853516,181.31680297851562,-65.887451171875,6.7058424949646,1.026214599609375,0.8078030347824097
SB68163_component_1022a,187.439091,-63.453408,4.958000183105469,24.185367584228516,187.43922424316406,-63.45342254638672,6.326577663421631,0.9955668449401855,0.7836780548095703
SB68163_component_1027a,184.163769,-62.673908,4.265999794006348,11.983145713806152,184.164306640625,-62.674278259277344,5.7451395988464355,0.9433068037033081,0.7425406575202942
SB68163_component_1028a,186.946303,-63.389004,5.043000221252441,24.245193481445312,186.94622802734375,-63.388771057128906,5.959212303161621,1.075060248374939,0.8462527990341187
SB68163_component_1029a,183.573104,-65.958532,5.2179999351501465,28.20540428161621,183.57333374023438,-65.95848846435547,5.894198417663574,1.124636173248291,0.885277271270752
SB68163_component_1038a,188.121866,-62.728917,5.052000045776367,18.17266273498535,188.1219482421875,-62.72914505004883,5.805025577545166,1.1055845022201538,0.870280385017395
SB68163_component_1039a,188.819952,-65.36897,5.013999938964844,29.151161193847656,188.8201141357422,-65.36891174316406,7.102876663208008,0.8967734575271606,0.7059111595153809
SB68163_component_1042a,187.027138,-67.126157,5.070000171661377,22.433629989624023,187.0272979736328,-67.12596893310547,7.126317024230957,0.9038066864013672,0.7114474773406982
SB68163_component_1048a,191.856097,-63.28955,5.124000072479248,16.21518898010254,191.85630798339844,-63.28951644897461,3.655515193939209,1.780710220336914,1.4017176628112793
SB68163_component_1050a,185.577168,-64.237587,4.5960001945495605,18.91358184814453,185.57766723632812,-64.23738861083984,7.677176475524902,0.7605209946632385,0.5986576080322266
SB68163_component_1053a,188.257078,-66.142652,5.318999767303467,27.417524337768555,188.25726318359375,-66.14285278320312,5.618002414703369,1.202764868736267,0.9467777609825134
SB68163_component_1055a,185.071697,-63.457615,4.922999858856201,25.24615478515625,185.07162475585938,-63.45759201049805,3.1924407482147217,1.9590237140655518,1.542080283164978
SB68163_component_1060a,186.012414,-66.442588,4.808000087738037,24.53061294555664,186.01283264160156,-66.44267272949219,7.133819103240967,0.8561997413635254,0.6739727854728699
SB68163_component_1064a,185.144612,-62.486896,5.103000164031982,16.89735221862793,185.1446533203125,-62.48699188232422,7.286819934844971,0.8896521925926208,0.7003055214881897
SB68163_component_1071a,190.38681,-64.51206,4.810999870300293,24.175878524780273,190.38671875,-64.51216888427734,4.09092378616333,1.4939864873886108,1.1760179996490479
SB68163_component_1075a,185.964392,-62.453333,4.6579999923706055,15.222222328186035,185.96444702148438,-62.453392028808594,5.786192417144775,1.0226789712905884,0.8050199151039124
SB68163_component_1076a,180.259649,-64.062091,4.802999973297119,18.332061767578125,180.2598114013672,-64.06205749511719,6.415589809417725,0.9510617852210999,0.7486451268196106
SB68163_component_1080a,185.165177,-62.446137,4.413000106811523,14.468852043151855,185.16542053222656,-62.44639587402344,6.174345970153809,0.9079788327217102,0.7147315740585327
SB68163_component_1083a,182.078677,-65.499552,4.663000106811523,23.912822723388672,182.07875061035156,-65.4994125366211,6.674716949462891,0.8874937295913696,0.6986064314842224
SB68163_component_1087a,190.060079,-66.726891,4.617000102996826,22.856435775756836,190.06011962890625,-66.72684478759766,6.918053150177002,0.8478298783302307,0.6673843264579773
SB68163_component_1090a,186.638851,-64.200051,5.001999855041504,24.399999618530273,186.63909912109375,-64.19976043701172,5.864521503448486,1.0835371017456055,0.8529254794120789
SB68163_component_1096a,178.317018,-66.428135,5.198999881744385,13.262755393981934,178.31727600097656,-66.42842102050781,6.683258533477783,0.9882441163063049,0.7779139280319214
SB68163_component_1100a,181.466289,-62.325556,4.922999858856201,11.214122772216797,181.46514892578125,-62.32523727416992,6.147266387939453,1.0173736810684204,0.8008437752723694
SB68163_component_1103a,187.72729,-63.740159,4.949999809265137,24.626863479614258,187.72718811035156,-63.740055084228516,6.265059471130371,1.0037202835083008,0.7900962233543396
SB68163_component_1104a,188.304342,-63.515141,4.401000022888184,23.163158416748047,188.30445861816406,-63.515045166015625,6.8077311515808105,0.8212619423866272,0.6464709043502808
SB68163_component_1107a,190.535042,-66.307283,5.127999782562256,23.631336212158203,190.53562927246094,-66.30729675292969,6.33894681930542,1.027693510055542,0.8089671730995178
SB68163_component_1110a,188.943443,-63.284771,4.810999870300293,23.816829681396484,188.94387817382812,-63.284828186035156,6.408833026885986,0.9536502361297607,0.7506826519966125
SB68163_component_1120a,178.542238,-66.817737,4.51200008392334,15.887323379516602,178.54254150390625,-66.8177719116211,5.916534900665283,0.9688006043434143,0.762608528137207
SB68163_component_1126a,190.77076,-65.496389,4.453000068664551,21.721952438354492,190.77078247070312,-65.4963150024414,5.4023284912109375,1.0471391677856445,0.8242742419242859
SB68163_component_1128a,183.179873,-64.151316,4.25600004196167,23.2568302154541,183.1803741455078,-64.1511459350586,5.8055338859558105,0.931305468082428,0.7330936789512634
SB68163_component_1136a,182.773557,-66.740106,4.413000106811523,24.381216049194336,182.77349853515625,-66.74011993408203,5.112919807434082,1.0964723825454712,0.8631076216697693
SB68163_component_1137a,188.159998,-64.415453,4.310999870300293,23.302701950073242,188.16012573242188,-64.4151840209961,4.089079856872559,1.3393224477767944,1.0542713403701782
SB68163_component_1138a,181.04086,-62.990012,4.571000099182129,18.888429641723633,181.0404815673828,-62.99006652832031,6.024048805236816,0.9639521837234497,0.758791983127594
SB68163_component_1140a,183.793573,-65.681042,4.2210001945495605,23.065574645996094,183.79376220703125,-65.68093872070312,6.318138599395752,0.848709225654602,0.6680765151977539
SB68163_component_1145a,186.542578,-63.632268,4.293000221252441,22.2435245513916,186.5426025390625,-63.63203048706055,5.385636329650879,1.012643575668335,0.7971203327178955
SB68163_component_1146a,189.073244,-64.984558,4.125,22.66483497619629,189.0730743408203,-64.98434448242188,5.17983341217041,1.0116746425628662,0.7963576316833496
SB68163_component_1147a,190.85255,-63.867079,4.203999996185303,18.51982307434082,190.8525848388672,-63.86690902709961,7.084117889404297,0.7538928985595703,0.5934401750564575
SB68163_component_1148a,185.765375,-66.871196,4.488999843597412,21.27488136291504,185.7659912109375,-66.87126922607422,4.338354110717773,1.3144900798797607,1.0347241163253784
SB68163_component_1155a,182.182946,-66.284282,4.829999923706055,25.421052932739258,182.18328857421875,-66.28441619873047,5.871110439300537,1.0451041460037231,0.8226723074913025
SB68163_component_1156a,186.129063,-63.860884,4.216000080108643,21.292930603027344,186.12899780273438,-63.86065673828125,5.071366786956787,1.0561078786849976,0.831334114074707
SB68163_component_1157a,185.439779,-62.811355,4.816999912261963,21.79637908935547,185.43980407714844,-62.81148147583008,4.610763072967529,1.3272005319595337,1.044729471206665
SB68163_component_1158a,190.288374,-66.228455,4.2170000076293945,20.876237869262695,190.2890625,-66.22850799560547,3.173804521560669,1.6879366636276245,1.3286892175674438
SB68163_component_1162a,182.66554,-65.79341,4.008999824523926,21.099998474121094,182.6656036376953,-65.79328155517578,4.974277019500732,1.0238558053970337,0.8059462308883667
SB68163_component_1166a,188.544949,-66.744668,4.749000072479248,25.670270919799805,188.54541015625,-66.74481201171875,6.056701183319092,0.9960904121398926,0.7840902209281921
SB68163_component_1169a,185.97412,-65.325021,4.236000061035156,22.652406692504883,185.9739990234375,-65.32486724853516,6.176846504211426,0.8712080717086792,0.6857868432998657
SB68163_component_1177a,182.766839,-66.568399,4.2230000495910645,21.54591941833496,182.7667999267578,-66.56830596923828,6.13626766204834,0.8742779493331909,0.6882033348083496
SB68163_component_1179a,187.45934,-67.021699,4.388000011444092,18.75213623046875,187.45936584472656,-67.02156066894531,6.581881999969482,0.8469333648681641,0.6666786074638367
SB68163_component_1186a,183.464544,-64.331954,4.044000148773193,22.46666717529297,183.46478271484375,-64.33202362060547,5.203274250030518,0.9873409867286682,0.7772029638290405
SB68163_component_1190a,185.661,-62.834413,4.769999980926514,20.29787254333496,185.66111755371094,-62.834590911865234,6.124044418334961,0.9894930720329285,0.7788970470428467
SB68163_component_1192a,187.200506,-64.188955,4.044000148773193,20.52791976928711,187.2008056640625,-64.18900299072266,5.809930801391602,0.8842456340789795,0.6960496306419373
SB68163_component_1198a,186.861118,-67.431582,4.260000228881836,10.923077583312988,186.86158752441406,-67.43170928955078,3.751173257827759,1.442697286605835,1.135644793510437
SB68163_component_1202a,182.617736,-63.315058,4.39900016784668,15.767024993896484,182.61817932128906,-63.315086364746094,6.416295051574707,0.8709684014320374,0.6855981945991516
SB68163_component_1203a,184.666781,-62.526787,3.7339999675750732,10.119241714477539,184.66712951660156,-62.52682876586914,4.530190944671631,1.0471056699752808,0.8242478370666504
SB68163_component_1206a,191.983502,-65.629775,4.132999897003174,16.7327938079834,191.98348999023438,-65.62979888916016,5.066643238067627,1.0362815856933594,0.8157274127006531
SB68163_component_1210a,188.071979,-65.315435,4.2779998779296875,24.169490814208984,188.0721893310547,-65.31526184082031,6.508488178253174,0.835013210773468,0.6572954654693604
SB68163_component_1211a,188.842672,-65.257025,4.043000221252441,24.50303077697754,188.84274291992188,-65.25695037841797,5.826580047607422,0.8815008997917175,0.6938890814781189
SB68163_component_1216a,180.601767,-63.686564,3.9089999198913574,18.09722137451172,180.60194396972656,-63.686405181884766,3.0678980350494385,1.6186667680740356,1.2741622924804688
SB68163_component_1217a,191.670571,-62.814845,3.9049999713897705,15.745967864990234,191.67086791992188,-62.81485366821289,4.422028541564941,1.1218433380126953,0.8830788731575012
SB68163_component_1223a,184.841907,-67.020858,3.806999921798706,18.042654037475586,184.84112548828125,-67.02074432373047,1.9997986555099487,2.4184064865112305,1.9036916494369507
SB68163_component_1225a,190.195878,-63.103848,3.632999897003174,14.30314826965332,190.1964569091797,-63.10392761230469,4.46395206451416,1.0339001417160034,0.8138527870178223
SB68163_component_1228a,188.839187,-63.300164,4.144000053405762,20.019323348999023,188.83937072753906,-63.30024719238281,4.1500725746154785,1.2685184478759766,0.9985367655754089
SB68163_component_1232a,184.651706,-67.249954,3.6619999408721924,13.36496353149414,184.65208435058594,-67.24990844726562,7.165578365325928,0.6492318511009216,0.5110543370246887
SB68163_component_1233a,187.443517,-65.526118,4.1620001792907715,22.1382999420166,187.4438018798828,-65.5260009765625,4.6101202964782715,1.1468920707702637,0.9027964472770691
SB68163_component_1235a,181.899886,-65.920841,3.9119999408721924,21.854747772216797,181.90032958984375,-65.9206771850586,4.197288990020752,1.1840299367904663,0.9320301413536072
SB68163_component_1240a,189.741683,-64.450869,4.073999881744385,20.999998092651367,189.74151611328125,-64.45095825195312,5.213606357574463,0.9926941394805908,0.7814168334007263
SB68163_component_1242a,191.042764,-65.303716,3.947999954223633,19.072463989257812,191.04287719726562,-65.30369567871094,5.951065540313721,0.8427817225456238,0.6634106040000916
SB68163_component_1244a,184.799837,-65.603481,4.073999881744385,22.633331298828125,184.79983520507812,-65.60340881347656,5.517265796661377,0.9380582571029663,0.7384092211723328
SB68163_component_1252a,191.825603,-66.823796,3.9040000438690186,14.621723175048828,191.82550048828125,-66.82389068603516,6.094937801361084,0.8137167096138,0.6405315399169922
SB68163_component_1253a,189.593051,-65.711102,3.8289999961853027,20.697296142578125,189.5934600830078,-65.71109008789062,6.0912604331970215,0.7985661625862122,0.6286055445671082
SB68163_component_1255a,189.952588,-66.928032,3.8399999141693115,16.842103958129883,189.95297241210938,-66.92814636230469,5.466217041015625,0.8924359679222107,0.7024967670440674
SB68163_component_1258a,188.662331,-62.797591,3.677999973297119,14.8906888961792,188.66246032714844,-62.797664642333984,4.892528533935547,0.9550169110298157,0.7517585158348083
SB68163_component_1266a,178.75034,-65.43527,4.218999862670898,12.054286003112793,178.7506561279297,-65.43528747558594,3.4210205078125,1.5667026042938232,1.2332576513290405
SB68163_component_1267a,188.973469,-65.675471,3.813999891281128,19.659791946411133,188.97372436523438,-65.67546844482422,4.713341236114502,1.0279796123504639,0.809192419052124
SB68163_component_1271a,191.292945,-65.831217,3.3010001182556152,14.671112060546875,191.29306030273438,-65.83119201660156,6.275952339172363,0.6681879162788391,0.5259759426116943
SB68163_component_1275a,181.663976,-65.320011,3.869999885559082,23.03571319580078,181.66363525390625,-65.31990051269531,4.278761863708496,1.1490145921707153,0.9044672250747681
SB68163_component_1276a,185.758051,-66.517922,3.7899999618530273,19.045225143432617,185.75816345214844,-66.51795196533203,4.792150020599365,1.0047118663787842,0.7908767461776733
SB68163_component_1279a,185.852925,-62.5821,3.490000009536743,12.245614051818848,185.85345458984375,-62.58203887939453,6.162205219268799,0.7194854021072388,0.5663557052612305
SB68163_component_1282a,188.010588,-65.770175,3.4660000801086426,19.581920623779297,188.01119995117188,-65.77033233642578,5.021518230438232,0.8768518567085266,0.6902295351028442
SB68163_component_1283a,187.067017,-67.361049,3.8889999389648438,11.404692649841309,187.06787109375,-67.3612060546875,5.070826530456543,0.9742981791496277,0.7669361233711243
SB68163_component_1289a,189.627832,-62.485853,3.9860000610351562,13.026144027709961,189.6277618408203,-62.4858512878418,4.737142086029053,1.0689406394958496,0.8414356112480164
SB68163_component_1294a,189.531377,-65.6035,4.164999961853027,21.921052932739258,189.5315704345703,-65.60354614257812,5.76315450668335,0.9180946946144104,0.722694456577301
SB68163_component_1302a,192.038986,-66.837372,3.882999897003174,13.576922416687012,192.03927612304688,-66.83739471435547,4.027961730957031,1.2246577739715576,0.9640111327171326
SB68163_component_1312a,191.272152,-65.321735,3.378999948501587,15.017778396606445,191.2720489501953,-65.32154846191406,4.2317938804626465,1.0143699645996094,0.7984793186187744
SB68163_component_1319a,187.420256,-65.211378,3.614000082015991,20.770116806030273,187.42068481445312,-65.21141052246094,3.6566078662872314,1.2555745840072632,0.9883477091789246
SB68163_component_1320a,185.652969,-66.025473,3.874000072479248,22.011363983154297,185.6533660888672,-66.02554321289062,5.7582502365112305,0.8546766042709351,0.6727738380432129
SB68163_component_1323a,188.313364,-64.441902,3.8529999256134033,20.940216064453125,188.31373596191406,-64.44171905517578,4.770467281341553,1.0260553359985352,0.807677686214447
SB68163_component_1325a,184.745009,-64.908134,3.371999979019165,17.47150230407715,184.74517822265625,-64.9078369140625,5.249365329742432,0.8160437941551208,0.6423633694648743
SB68163_component_1329a,184.888612,-63.669851,3.984999895095825,20.331632614135742,184.88851928710938,-63.66963577270508,5.875691890716553,0.861592710018158,0.6782180070877075
SB68163_component_1330a,186.727102,-62.535856,3.2190001010894775,10.090909004211426,186.72738647460938,-62.53596115112305,6.045406341552734,0.6764383316040039,0.5324704051017761
SB68163_component_1331a,188.320837,-62.696901,3.062999963760376,11.735631942749023,188.32115173339844,-62.696937561035156,4.193120956420898,0.9279879331588745,0.7304821610450745
SB68163_component_1332a,181.208402,-66.878475,3.6540000438690186,17.400001525878906,181.20875549316406,-66.8785171508789,5.597136497497559,0.8293452858924866,0.6528338193893433
SB68163_component_1335a,185.417928,-62.516287,3.1019999980926514,11.531599044799805,185.41799926757812,-62.516273498535156,4.1508708000183105,0.9493695497512817,0.7473130822181702
SB68163_component_1336a,180.074,-64.750725,3.7679998874664307,16.171672821044922,180.073974609375,-64.7506103515625,6.357408046722412,0.7529454827308655,0.5926943421363831
SB68163_component_1337a,180.923142,-63.644361,3.635999917984009,17.73658561706543,180.92330932617188,-63.64425277709961,4.376165866851807,1.0555111169815063,0.8308643102645874
SB68163_component_1339a,183.190008,-66.06785,3.5399999618530273,18.341968536376953,183.18992614746094,-66.0679931640625,4.768563270568848,0.9430797100067139,0.7423619627952576
SB68163_component_1343a,187.744991,-66.053378,3.322999954223633,18.988571166992188,187.74546813964844,-66.05328369140625,4.356005668640137,0.9691134095191956,0.762854814529419
SB68163_component_1346a,192.801871,-65.965116,3.4189999103546143,12.16726016998291,192.80226135253906,-65.96505737304688,4.557513236999512,0.9530240893363953,0.7501897811889648
SB68163_component_1347a,184.932598,-67.234879,3.5889999866485596,12.95667839050293,184.9329376220703,-67.23492431640625,4.142557144165039,1.1006206274032593,0.8663730621337891
SB68163_component_1348a,190.009058,-64.61854,4.061999797821045,22.318679809570312,190.00936889648438,-64.61839294433594,5.07260274887085,1.0172829627990723,0.8007723093032837
SB68163_component_1359a,187.041298,-65.809876,3.7780001163482666,22.355030059814453,187.04159545898438,-65.80966186523438,4.326605796813965,1.1092957258224487,0.873201847076416
SB68163_component_1362a,185.823297,-62.963367,3.0239999294281006,16.0,185.82286071777344,-62.963539123535156,4.6815900802612305,0.8205803632736206,0.6459343433380127
SB68163_component_1365a,185.967044,-63.233854,3.433000087738037,17.787565231323242,185.96771240234375,-63.233909606933594,4.609464168548584,0.9461414813995361,0.7447720766067505
SB68163_component_1374a,183.866127,-67.390912,3.617000102996826,11.02743911743164,183.8663330078125,-67.39095306396484,4.978662014007568,0.9229296445846558,0.7265004515647888
SB68163_component_1382a,179.824809,-63.316204,3.6429998874664307,12.737761497497559,179.82557678222656,-63.31580352783203,2.6421849727630615,1.7515746355056763,1.378783106803894
SB68163_component_1385a,191.347698,-65.769544,3.4570000171661377,14.900862693786621,191.34751892089844,-65.76956939697266,5.003817558288574,0.8776687383651733,0.6908724904060364
SB68163_component_1386a,183.94773,-65.980981,3.571000099182129,18.894180297851562,183.9479522705078,-65.98097229003906,3.3039259910583496,1.3730686902999878,1.0808353424072266
SB68163_component_1387a,180.994563,-63.902064,3.374000072479248,17.30256462097168,180.99452209472656,-63.90207290649414,4.408468246459961,0.9722771644592285,0.7653452157974243
SB68163_component_1392a,189.8509,-65.643431,3.3359999656677246,16.352941513061523,189.85072326660156,-65.64370727539062,4.612109661102295,0.9188807010650635,0.7233132123947144
SB68163_component_1393a,186.540668,-63.947194,3.1029999256134033,15.912820816040039,186.5406951904297,-63.947105407714844,3.8777551651000977,1.016562581062317,0.8002052307128906
SB68163_component_1394a,186.148539,-62.922442,3.2660000324249268,15.261682510375977,186.1487274169922,-62.9223747253418,6.119442462921143,0.6780114769935608,0.5337087512016296
SB68163_component_1395a,182.911886,-65.067068,3.3239998817443848,16.703516006469727,182.91207885742188,-65.06715393066406,4.696355819702148,0.8991512060165405,0.7077828049659729
SB68163_component_1396a,186.431275,-66.150757,3.302999973297119,19.203487396240234,186.43191528320312,-66.15074920654297,4.499668598175049,0.932525634765625,0.7340540289878845
SB68163_component_1397a,180.298001,-64.279435,3.6760001182556152,13.318840980529785,180.29815673828125,-64.2793197631836,5.489877223968506,0.8506396412849426,0.6695960760116577
SB68163_component_1399a,185.597052,-67.025872,3.6500000953674316,18.25,185.59739685058594,-67.02587890625,5.12382173538208,0.9049645662307739,0.7123588919639587
SB68163_component_1400a,179.387555,-64.876002,3.736999988555908,13.789668083190918,179.38746643066406,-64.87582397460938,3.673975706100464,1.2921696901321411,1.0171542167663574
SB68163_component_1408a,185.969904,-62.843254,3.056999921798706,14.087557792663574,185.9700927734375,-62.84340286254883,3.3009142875671387,1.1765053272247314,0.9261070489883423
SB68163_component_1413a,188.083261,-62.708826,3.2850000858306885,11.566901206970215,188.08413696289062,-62.70863342285156,4.600247383117676,0.9071663618087769,0.7140920758247375
SB68163_component_1426a,186.361735,-66.906203,3.3420000076293945,14.101265907287598,186.3621826171875,-66.90592956542969,2.6900277137756348,1.578274130821228,1.2423664331436157
SB68163_component_1427a,179.485155,-65.244793,3.24399995803833,12.721569061279297,179.48513793945312,-65.2449951171875,4.39443826675415,0.937799870967865,0.7382058501243591
SB68163_component_1428a,181.843304,-63.876262,3.5950000286102295,17.200956344604492,181.8430938720703,-63.87625503540039,3.393596887588501,1.3457715511322021,1.0593479871749878
SB68163_component_1430a,189.908947,-66.708668,2.9649999141693115,14.751242637634277,189.90892028808594,-66.70868682861328,2.978843927383423,1.26447331905365,0.995352566242218
SB68163_component_1432a,189.148241,-65.359025,3.3559999465942383,18.54143714904785,189.14889526367188,-65.3590316772461,4.658750534057617,0.9151351451873779,0.7203648090362549
SB68163_component_1434a,181.31003,-66.16157,3.1640000343322754,17.28961753845215,181.3107147216797,-66.16153717041016,4.076634883880615,0.985978364944458,0.7761303186416626
SB68163_component_1437a,182.793383,-66.48018,3.306999921798706,16.61808967590332,182.79364013671875,-66.4802017211914,1.8581300973892212,2.26094913482666,1.779746174812317
SB68163_component_1439a,190.128316,-66.683443,3.2070000171661377,15.720588684082031,190.1287078857422,-66.68340301513672,4.479576587677002,0.9094832539558411,0.715915858745575
SB68163_component_1441a,185.179567,-66.490787,3.2219998836517334,17.322580337524414,185.17970275878906,-66.49071502685547,4.976868152618408,0.8224359750747681,0.6473950743675232
SB68163_component_1443a,191.544164,-64.091454,3.561000108718872,16.186365127563477,191.5443115234375,-64.09163665771484,5.203291416168213,0.8694139122962952,0.6843745112419128
SB68163_component_1444a,188.876231,-62.853737,2.934999942779541,11.420233726501465,188.87586975097656,-62.85421371459961,3.955702781677246,0.9425777196884155,0.741966724395752
SB68163_component_1448a,191.142396,-65.139687,3.1050000190734863,14.85645866394043,191.14280700683594,-65.13964080810547,3.260232448577881,1.2098896503448486,0.9523860812187195
SB68163_component_1456a,188.608604,-65.384446,3.058000087738037,17.474287033081055,188.60885620117188,-65.38440704345703,2.5921614170074463,1.498677372932434,1.1797105073928833
SB68163_component_1457a,189.610415,-64.791449,3.2699999809265137,16.59898567199707,189.6107635498047,-64.79132843017578,6.004439830780029,0.6918436288833618,0.5445970296859741
SB68163_component_1458a,188.337185,-63.40239,3.4549999237060547,17.103960037231445,188.3367919921875,-63.40217971801758,5.307692050933838,0.8269420266151428,0.6509420275688171
SB68163_component_1466a,180.759054,-65.819332,3.4040000438690186,18.010581970214844,180.75900268554688,-65.81951141357422,1.973605751991272,2.19109845161438,1.724761962890625
SB68163_component_1467a,188.74298,-62.894175,2.996999979019165,13.030434608459473,188.74281311035156,-62.89432907104492,2.4582250118255615,1.5488089323043823,1.2191723585128784
SB68163_component_1478a,182.688709,-64.225804,3.180000066757202,17.282609939575195,182.68853759765625,-64.22583770751953,3.256009340286255,1.2407212257385254,0.9766557216644287
SB68163_component_1483a,181.413111,-66.446018,2.9570000171661377,15.645503044128418,181.41282653808594,-66.4460220336914,2.311026096343994,1.6254709959030151,1.2795182466506958
SB68163_component_1487a,188.780261,-65.577229,3.309000015258789,17.601064682006836,188.7810516357422,-65.57687377929688,2.539660930633545,1.65521240234375,1.3029298782348633
SB68163_component_1495a,181.178409,-65.866257,3.3440001010894775,17.23711395263672,181.1786651611328,-65.86602020263672,4.932986736297607,0.8611703515052795,0.6778854727745056
SB68163_component_1496a,192.673749,-64.569534,3.322999954223633,10.895081520080566,192.67396545410156,-64.56959533691406,3.879899740219116,1.0880341529846191,0.8564653992652893
SB68163_component_1500a,190.267985,-65.770013,3.3010001182556152,15.211982727050781,190.26791381835938,-65.77010345458984,4.76794958114624,0.8795217871665955,0.6923311948776245
SB68163_component_1504a,186.443217,-63.944979,3.2160000801086426,16.92631721496582,186.44265747070312,-63.94477462768555,3.426785945892334,1.192234754562378,0.938488781452179
SB68163_component_1505a,189.796206,-66.404287,3.1410000324249268,14.541666030883789,189.79635620117188,-66.40428161621094,3.7437615394592285,1.0658410787582397,0.8389957547187805
SB68163_component_1512a,180.181732,-65.516483,3.1570000648498535,11.958333969116211,180.1826629638672,-65.51612091064453,4.012871265411377,0.9994292855262756,0.786718487739563
SB68163_component_1514a,178.98841,-65.101433,3.0769999027252197,10.360269546508789,178.98826599121094,-65.10150909423828,4.436685085296631,0.8810520768165588,0.6935358047485352
SB68163_component_1515a,186.541816,-63.703646,2.928999900817871,14.572138786315918,186.5418243408203,-63.703277587890625,4.392841815948486,0.8470450639724731,0.6667665243148804
SB68163_component_1516a,188.136265,-62.807769,2.989000082015991,11.908367156982422,188.13650512695312,-62.80781555175781,4.042573928833008,0.9392921328544617,0.739380419254303
SB68163_component_1519a,188.659703,-67.213959,3.0880000591278076,10.397306442260742,188.6603240966797,-67.21372985839844,2.320505380630493,1.6905478239059448,1.3307446241378784
SB68163_component_1520a,184.191773,-64.829665,2.9070000648498535,16.706897735595703,184.191650390625,-64.82952880859375,4.437873363494873,0.8321523666381836,0.6550434827804565
SB68163_component_1521a,188.764069,-66.666123,2.9110000133514404,14.702020645141602,188.76498413085938,-66.66633605957031,3.868682622909546,0.9558985829353333,0.752452552318573
SB68163_component_1525a,186.678724,-66.658004,2.871999979019165,14.728205680847168,186.67994689941406,-66.65807342529297,2.309478759765625,1.5798039436340332,1.2435706853866577
SB68163_component_1527a,183.186084,-64.814493,3.0220000743865967,16.16042709350586,183.18592834472656,-64.81438446044922,1.901761531829834,2.0186970233917236,1.5890531539916992
SB68163_component_1530a,185.486299,-63.69067,3.2339999675750732,16.931936264038086,185.48593139648438,-63.690460205078125,3.582056999206543,1.1469388008117676,0.9028332233428955
SB68163_component_1531a,187.235909,-65.409898,3.36899995803833,18.61326026916504,187.23594665527344,-65.40949249267578,4.1545186042785645,1.030179738998413,0.8109242916107178
SB68163_component_1537a,189.290115,-64.271248,3.0880000591278076,16.167539596557617,189.2901153564453,-64.27133178710938,3.176494598388672,1.234985589981079,0.9721407890319824
SB68163_component_1539a,189.259956,-66.322416,2.7820000648498535,13.979899406433105,189.2599639892578,-66.32244110107422,3.7890877723693848,0.9327283501625061,0.734213650226593
SB68163_component_1540a,192.54831,-65.999846,2.490999937057495,10.167346954345703,192.54827880859375,-65.99983215332031,3.537815809249878,0.8944811820983887,0.7041067481040955
SB68163_component_1548a,180.060541,-65.05123,3.2119998931884766,15.079812049865723,180.06105041503906,-65.05128479003906,3.069895029067993,1.3291828632354736,1.0462898015975952
SB68163_component_1551a,183.137506,-65.840472,2.9509999752044678,15.865591049194336,183.13763427734375,-65.84034729003906,3.463827610015869,1.0822950601577759,0.8519477248191833
SB68163_component_1554a,182.537259,-65.565217,2.8299999237060547,15.133688926696777,182.5374298095703,-65.56494903564453,2.872360944747925,1.2516419887542725,0.9852522015571594
SB68163_component_1555a,183.248984,-66.181754,2.76200008392334,16.15204620361328,183.24923706054688,-66.18169403076172,3.4163858890533447,1.0270450115203857,0.8084567189216614
SB68163_component_1565a,186.641863,-66.974381,3.1630001068115234,15.736318588256836,186.6416778564453,-66.97460174560547,2.620352029800415,1.5334593057632446,1.2070897817611694
SB68163_component_1569a,181.731786,-66.47416,3.0450000762939453,16.283422470092773,181.73178100585938,-66.47441101074219,4.606935977935791,0.8396685123443604,0.6609598994255066
SB68163_component_1574a,183.037773,-65.22616,2.9809999465942383,15.772486686706543,183.03782653808594,-65.22631072998047,3.575176477432251,1.0592468976974487,0.8338049650192261
SB68163_component_1576a,184.576265,-64.094343,3.0269999504089355,14.552884101867676,184.57566833496094,-64.09426879882812,2.2805750370025635,1.6861677169799805,1.3272968530654907
SB68163_component_1585a,187.302872,-63.857413,2.946000099182129,14.028572082519531,187.30287170410156,-63.85735321044922,2.9282925128936768,1.2780593633651733,1.006047010421753
SB68163_component_1588a,183.099482,-63.804828,2.7330000400543213,11.679487228393555,183.099365234375,-63.8048210144043,3.05765700340271,1.1354906558990479,0.893821656703949
SB68163_component_1590a,191.734185,-64.971644,2.5769999027252197,10.105881690979004,191.7342071533203,-64.97135162353516,4.046730041503906,0.8089895248413086,0.6368104219436646
SB68163_component_1592a,190.581192,-63.907534,2.9749999046325684,14.099525451660156,190.58139038085938,-63.90744400024414,4.072705268859863,0.9279758930206299,0.7304726839065552
SB68163_component_1596a,185.05204,-64.674384,2.3399999141693115,12.124351501464844,185.05247497558594,-64.67408752441406,2.7273244857788086,1.0899629592895508,0.8579837083816528
SB68163_component_1604a,189.868384,-66.26285,2.7660000324249268,12.63013744354248,189.86868286132812,-66.26305389404297,3.8185176849365234,0.9202166795730591,0.7243648767471313
SB68163_component_1605a,180.555488,-65.134709,2.9670000076293945,12.733905792236328,180.55645751953125,-65.13477325439453,2.7709853649139404,1.3602415323257446,1.0707381963729858
SB68163_component_1611a,189.111367,-64.33322,2.7360000610351562,13.959184646606445,189.11175537109375,-64.3333511352539,3.8714091777801514,0.8978002667427063,0.7067193984985352
SB68163_component_1615a,188.456337,-66.221189,2.7269999980926514,14.428571701049805,188.4565887451172,-66.2212142944336,3.6593661308288574,0.9466992020606995,0.7452110052108765
SB68163_component_1618a,189.821212,-65.001479,2.492000102996826,13.543478965759277,189.82205200195312,-65.0013656616211,2.9619500637054443,1.0688161849975586,0.8413376212120056
SB68163_component_1621a,185.42883,-65.532808,2.6519999504089355,14.413043022155762,185.42874145507812,-65.53258514404297,3.736664056777954,0.901617169380188,0.709723949432373
SB68163_component_1625a,183.340279,-64.708536,2.5869998931884766,13.131978988647461,183.34017944335938,-64.70855712890625,2.969961404800415,1.1065685749053955,0.8710550665855408
SB68163_component_1627a,183.600236,-65.145061,2.811000108718872,15.194595336914062,183.6012420654297,-65.14481353759766,3.269498825073242,1.0922256708145142,0.859764814376831
SB68163_component_1633a,189.347009,-62.806111,2.930000066757202,14.292683601379395,189.3470916748047,-62.8061637878418,3.7621757984161377,0.9893757104873657,0.7788046598434448
SB68163_component_1639a,190.971858,-65.6162,2.5739998817443848,11.699999809265137,190.97251892089844,-65.6160659790039,4.923661231994629,0.6641299724578857,0.5227816700935364
SB68163_component_1641a,183.250013,-66.751735,2.765000104904175,13.96464729309082,183.2509307861328,-66.75189971923828,3.341365337371826,1.0512449741363525,0.8275060653686523
SB68163_component_1643a,181.03343,-65.693239,2.884000062942505,15.93370246887207,181.03353881835938,-65.6932601928711,3.098482608795166,1.1824394464492798,0.9307782053947449
SB68163_component_1646a,187.142288,-63.479191,2.936000108718872,14.753768920898438,187.14198303222656,-63.478759765625,3.7219326496124268,1.0021212100982666,0.7888374924659729
SB68163_component_1650a,181.408623,-64.166583,2.446000099182129,12.673575401306152,181.4093475341797,-64.16641998291016,3.5811243057250977,0.8677003979682922,0.6830257177352905
SB68163_component_1653a,187.216442,-66.974103,2.677999973297119,12.752381324768066,187.21633911132812,-66.97415161132812,3.3006978034973145,1.0307124853134155,0.8113435506820679
SB68163_component_1659a,186.220634,-66.340874,2.5799999237060547,12.524271011352539,186.22189331054688,-66.34083557128906,2.277212381362915,1.4392919540405273,1.1329641342163086
SB68163_component_1664a,185.708508,-67.135033,2.865999937057495,12.195744514465332,185.70884704589844,-67.13520812988281,3.5533711910247803,1.0246329307556152,0.8065580129623413
SB68163_component_1674a,185.341055,-64.312496,2.25600004196167,10.951456069946289,185.34121704101562,-64.312744140625,3.090559720993042,0.9273307919502258,0.7299648523330688
SB68163_component_1680a,190.874374,-66.254875,2.6740000247955322,12.794258117675781,190.87457275390625,-66.2550277709961,3.8859214782714844,0.8741784691810608,0.6881250739097595
SB68163_component_1681a,185.306985,-64.957119,2.502000093460083,13.524324417114258,185.30690002441406,-64.95697021484375,3.1845006942749023,0.9981105923652649,0.7856804728507996
SB68163_component_1685a,182.160662,-66.145284,2.3540000915527344,13.150837898254395,182.1608428955078,-66.14546966552734,3.255202293395996,0.918673574924469,0.7231501936912537
SB68163_component_1695a,185.501248,-66.090539,2.822000026702881,15.420764923095703,185.5015869140625,-66.09020233154297,2.6589925289154053,1.3482568264007568,1.0613042116165161
SB68163_component_1697a,190.919684,-65.701368,2.572999954223633,11.538116455078125,190.92086791992188,-65.70154571533203,3.372138023376465,0.9693199396133423,0.7630174160003662
SB68163_component_1699a,189.119713,-63.070266,2.3589999675750732,10.438053131103516,189.12014770507812,-63.069847106933594,3.771313190460205,0.7946356534957886,0.6255115270614624
SB68163_component_1704a,189.981055,-64.18132,2.4790000915527344,12.52020263671875,189.98121643066406,-64.18138122558594,3.276844024658203,0.9610666632652283,0.7565206289291382
SB68163_component_1705a,185.919773,-67.052588,2.4579999446868896,10.973214149475098,185.92062377929688,-67.05225372314453,2.7019712924957275,1.155669927597046,0.909706175327301
SB68163_component_1708a,189.492817,-66.318577,2.503000020980835,12.033653259277344,189.49359130859375,-66.3188247680664,3.0540506839752197,1.0411596298217773,0.8195672631263733
SB68163_component_1720a,191.773877,-66.075679,2.325000047683716,10.568181991577148,191.7741241455078,-66.07579040527344,1.6338448524475098,1.8077770471572876,1.4230238199234009
SB68163_component_1721a,182.111478,-65.305144,2.634000062942505,13.577319145202637,182.11277770996094,-65.30517578125,1.7518690824508667,1.9100592136383057,1.5035370588302612
SB68163_component_1723a,183.825046,-66.402918,2.424999952316284,13.5474853515625,183.8248748779297,-66.40310668945312,3.2945468425750732,0.9350799918174744,0.7360647916793823
SB68163_component_1729a,189.378073,-66.467817,2.7239999771118164,13.757575988769531,189.37841796875,-66.46775817871094,3.140399932861328,1.101932168006897,0.8674054145812988
SB68163_component_1731a,185.904725,-63.735138,2.2799999713897705,11.75257682800293,185.90444946289062,-63.7349853515625,4.337936878204346,0.6677045822143555,0.525595486164093
SB68163_component_1740a,184.760453,-66.700082,2.681999921798706,14.497296333312988,184.76072692871094,-66.70020294189453,2.8635764122009277,1.1898239850997925,0.9365910291671753
SB68163_component_1745a,186.863352,-65.768779,2.308000087738037,12.211641311645508,186.86317443847656,-65.76876068115234,2.7802350521087646,1.0545982122421265,0.8301456570625305
SB68163_component_1748a,180.267536,-63.814851,2.3489999771118164,10.302631378173828,180.26768493652344,-63.8148307800293,2.8924880027770996,1.0316780805587769,0.8121036291122437
SB68163_component_1754a,185.550784,-63.297262,2.5250000953674316,12.139423370361328,185.5510711669922,-63.29718017578125,2.4166600704193115,1.3273289203643799,1.0448304414749146
SB68163_component_1764a,187.970804,-64.907316,2.3269999027252197,12.578377723693848,187.9707794189453,-64.90742492675781,3.2470545768737793,0.9104151725769043,0.7166494727134705
SB68163_component_1772a,182.963793,-64.643613,2.5280001163482666,13.591398239135742,182.9641571044922,-64.64332580566406,3.287976026535034,0.9767449498176575,0.7688620686531067
SB68163_component_1774a,183.129064,-65.974994,2.5989999771118164,13.751322746276855,183.12876892089844,-65.9749755859375,3.302931070327759,0.9996304512023926,0.7868768572807312
SB68163_component_1793a,188.759604,-65.133523,2.388000011444092,13.340782165527344,188.75965881347656,-65.1332015991211,3.686988353729248,0.8228018879890442,0.6476830840110779
SB68163_component_1801a,188.907993,-65.934439,2.51200008392334,13.80219841003418,188.90887451171875,-65.9347152709961,2.595364809036255,1.229572057723999,0.9678793549537659
SB68163_component_1802a,185.135302,-66.705723,2.2820000648498535,11.823834419250488,185.1357421875,-66.7056655883789,2.4743480682373047,1.1716221570968628,0.9222631454467773
SB68163_component_1816a,189.746127,-66.814105,2.3239998817443848,10.611871719360352,189.7464141845703,-66.81388092041016,2.7304680347442627,1.0812638998031616,0.8511360883712769
SB68163_component_1824a,187.722574,-64.10976,2.309000015258789,11.661616325378418,187.7229461669922,-64.10936737060547,2.9312117099761963,1.0007128715515137,0.7877288460731506
SB68163_component_1831a,188.36503,-66.836224,2.186000108718872,11.210257530212402,188.36581420898438,-66.83634185791016,1.9225882291793823,1.4444304704666138,1.1370090246200562
SB68163_component_1833a,182.456415,-66.067009,2.2130000591278076,13.412120819091797,182.4560089111328,-66.06704711914062,2.047060489654541,1.3733570575714111,1.0810623168945312
SB68163_component_1834a,184.000894,-64.684975,2.361999988555908,12.69892406463623,184.0005340576172,-64.68499755859375,3.5520288944244385,0.8447654247283936,0.6649720668792725
SB68163_component_1836a,180.629426,-64.94945,2.2200000286102295,10.325581550598145,180.62953186035156,-64.94944763183594,2.7425808906555176,1.0283151865005493,0.8094565272331238
SB68163_component_1837a,190.168436,-65.091434,2.0759999752044678,10.176470756530762,190.1686248779297,-65.09114074707031,2.9212002754211426,0.9028149843215942,0.7106667757034302
SB68163_component_1840a,185.457394,-66.475681,2.4049999713897705,13.14207649230957,185.45750427246094,-66.47570037841797,2.9149281978607178,1.048141598701477,0.825063169002533
SB68163_component_1850a,188.031818,-66.639245,1.8700000047683716,10.108107566833496,188.0326690673828,-66.63935852050781,2.4981882572174072,0.9509313702583313,0.7485424876213074
SB68163_component_1889a,187.636225,-64.704632,2.005000114440918,10.721925735473633,187.63632202148438,-64.70439147949219,1.926237940788269,1.322321891784668,1.0408891439437866
SB68163_component_1910a,188.532283,-66.61916,2.247999906539917,11.64766788482666,188.53277587890625,-66.61917114257812,3.352099895477295,0.8519459366798401,0.6706243753433228
SB68163_component_1924a,182.583769,-64.32503,1.9140000343322754,10.073684692382812,182.58428955078125,-64.32489776611328,2.3777804374694824,1.0225931406021118,0.8049523830413818
SB68163_component_1937a,186.973558,-63.951337,2.184999942779541,10.924999237060547,186.9740753173828,-63.9509162902832,3.00600004196167,0.9234112501144409,0.7268795371055603
SB68163_component_1942a,182.297533,-65.668982,2.2820000648498535,11.823834419250488,182.29745483398438,-65.66878509521484,2.5243241786956787,1.1484266519546509,0.9040043354034424
SB68163_component_1945a,188.166138,-66.556583,2.1500000953674316,10.858586311340332,188.16734313964844,-66.55670166015625,3.626857042312622,0.753079354763031,0.5927997827529907
SB68163_component_1946a,190.871627,-64.227664,2.0820000171661377,10.205883026123047,190.87124633789062,-64.22736358642578,2.546295642852783,1.0387345552444458,0.8176584243774414
SB68163_component_1953a,180.435528,-66.283934,2.247999906539917,10.704761505126953,180.43626403808594,-66.28365325927734,2.891852855682373,0.9875357747077942,0.7773562669754028
SB68163_component_1957a,186.303853,-66.36518,2.062999963760376,10.973404884338379,186.30433654785156,-66.365234375,3.565821409225464,0.7349746227264404,0.5785483121871948
SB68163_component_1959a,186.75011,-65.454379,2.0869998931884766,12.497005462646484,186.7499542236328,-65.45425415039062,3.378427505493164,0.784766674041748,0.6177429556846619
SB68163_component_1965a,183.506385,-65.369315,2.135999917984009,11.124999046325684,183.50653076171875,-65.36937713623047,2.4987664222717285,1.0859462022781372,0.8548217415809631
SB68163_component_1970a,187.619322,-66.577078,2.063999891281128,11.403314590454102,187.6192626953125,-66.57710266113281,2.4736979007720947,1.059975266456604,0.8343783020973206
SB68163_component_1972a,192.314765,-65.802863,2.1760001182556152,10.120930671691895,192.315185546875,-65.80282592773438,2.187915086746216,1.2634589672088623,0.9945541620254517
SB68163_component_1985a,183.230095,-65.142452,1.9199999570846558,10.434782028198242,183.23072814941406,-65.14205932617188,2.6838462352752686,0.9088167548179626,0.715391218662262
SB68163_component_2011a,187.199069,-65.873003,1.9800000190734863,11.314286231994629,187.19923400878906,-65.87286376953125,1.6694401502609253,1.506700873374939,1.1860263347625732
SB68163_component_2024a,183.02327,-66.785853,2.11299991607666,10.408866882324219,183.02337646484375,-66.7857666015625,2.1751980781555176,1.2340518236160278,0.9714057445526123
SB68163_component_2033a,189.307049,-64.412495,2.1559998989105225,12.608186721801758,189.30682373046875,-64.41248321533203,2.36602520942688,1.157609462738037,0.9112328290939331
SB68163_component_2054a,189.696147,-64.139106,2.0380001068115234,10.39795970916748,189.6968231201172,-64.13922119140625,2.175243377685547,1.1902250051498413,0.9369066953659058
SB68163_component_2079a,185.922013,-65.525236,1.8660000562667847,10.309392929077148,185.92259216308594,-65.5252456665039,2.7936646938323975,0.8485356569290161,0.6679399013519287
SB68163_component_2102a,184.829876,-64.47808,1.9709999561309814,10.428571701049805,184.82972717285156,-64.47832489013672,2.6537466049194336,0.943539023399353,0.7427235245704651
SB68163_component_2118a,187.927341,-65.135968,1.8370000123977661,10.149171829223633,187.9283905029297,-65.13594818115234,1.9658293724060059,1.1871238946914673,0.9344656467437744
SB68163_component_2134a,181.571169,-65.707422,1.8940000534057617,10.700565338134766,181.57179260253906,-65.706787109375,1.8010714054107666,1.3359241485595703,1.0515962839126587
