Component_ID,RA,DEC,RA_comp,DEC_comp
SB66851_component_17a,174.114153,34.127285,174.113933,34.127634
SB66851_component_173a,178.114803,32.16647,178.114534,32.166492
