Component_ID,RA,DEC,RA_comp,DEC_comp
SB67382_component_11a,198.059606,25.520502,198.059537,25.520327
SB67382_component_34a,203.086123,29.829937,203.085631,29.829428
