Component_ID,RA,DEC,ASKAP_flux,ASKAP_flux_SNR,RA_comp,DEC_comp,Comp_flux,Flux_Ratio_AlphaCorr,Flux_Ratio_NOAlphaCorr
SB67029_component_6a,107.195074,13.323433,232.68099975585938,1062.4703369140625,107.19519805908203,13.323159217834473,319.6560363769531,0.9247210621833801,0.7279105186462402
SB67029_component_7a,103.882811,12.477347,199.64100646972656,736.6826782226562,103.8829116821289,12.477295875549316,270.7778015136719,0.9366328716278076,0.7372872233390808
SB67029_component_11a,108.680786,13.239236,160.302001953125,572.5071411132812,108.680908203125,13.239019393920898,207.55262756347656,0.9811680912971497,0.7723438739776611
SB67029_component_13a,104.33325,15.7444,145.9149932861328,595.5714111328125,104.33326721191406,15.744354248046875,183.833740234375,1.0083409547805786,0.7937334775924683
SB67029_component_16a,109.531884,16.417728,144.74899291992188,280.5213317871094,109.5319595336914,16.41771125793457,173.5548095703125,1.059525966644287,0.8340246677398682
SB67029_component_17a,103.845413,12.789882,136.51199340820312,484.0850830078125,103.84553527832031,12.789789199829102,184.626708984375,0.9393101334571838,0.7393946051597595
SB67029_component_20a,108.760401,13.561851,125.66999816894531,515.0409545898438,108.76052856445312,13.561589241027832,185.3936767578125,0.8611314296722412,0.6778548359870911
SB67029_component_21a,103.342183,16.096744,124.69100189208984,137.0230712890625,103.34214782714844,16.096691131591797,167.4892578125,0.9457598924636841,0.7444716095924377
SB67029_component_22a,107.764488,13.689849,135.29299926757812,715.8359985351562,107.76457977294922,13.689580917358398,173.68479919433594,0.9895693063735962,0.7789570689201355
SB67029_component_26a,103.3614,11.694829,117.83300018310547,302.91259765625,103.36146545410156,11.694696426391602,83.1240005493164,1.8008320331573486,1.417556881904602
SB67029_component_29a,105.402375,12.378298,108.1709976196289,517.5645751953125,105.4024429321289,12.37822151184082,134.66343688964844,1.020455002784729,0.8032692670822144
SB67029_component_30a,107.105397,14.993533,107.14299774169922,478.3169250488281,107.10549926757812,14.99338436126709,121.3141860961914,1.1219794750213623,0.8831860423088074
SB67029_component_32a,103.798016,12.332992,92.15299987792969,388.8312072753906,103.79811096191406,12.332963943481445,129.24819946289062,0.9057694673538208,0.7129925489425659
SB67029_component_37a,104.20143,14.976415,88.87300109863281,433.5268249511719,104.20149993896484,14.976367950439453,119.13783264160156,0.9476606845855713,0.7459679245948792
SB67029_component_38a,106.260971,12.719685,96.01499938964844,539.4100952148438,106.2611083984375,12.719510078430176,126.40477752685547,0.9649577736854553,0.7595836520195007
SB67029_component_39a,105.913366,13.209833,85.2770004272461,422.1633605957031,105.9134521484375,13.20963191986084,125.34642028808594,0.8642765283584595,0.6803305745124817
SB67029_component_40a,103.78358,14.317384,83.01799774169922,324.2890319824219,103.78364562988281,14.31730842590332,77.87716674804688,1.3542375564575195,1.0660120248794556
SB67029_component_42a,109.047257,12.385232,79.46399688720703,271.2081604003906,109.04742431640625,12.385039329528809,97.5220947265625,1.035142421722412,0.8148307204246521
SB67029_component_43a,107.419873,14.172477,77.93399810791016,378.32037353515625,107.4198989868164,14.172280311584473,97.39290618896484,1.0165584087371826,0.8002020120620728
SB67029_component_45a,104.582285,14.620221,80.89199829101562,414.8307800292969,104.58241271972656,14.620149612426758,98.73532104492188,1.0407962799072266,0.819281280040741
SB67029_component_46a,108.836275,13.865011,87.10700225830078,321.4280700683594,108.83634948730469,13.86471176147461,124.04209899902344,0.8921064734458923,0.7022374272346497
SB67029_component_54a,109.041747,16.464378,80.83599853515625,244.21751403808594,109.04178619384766,16.464397430419922,118.77450561523438,0.8645980954170227,0.6805837750434875
SB67029_component_55a,106.177921,12.854865,74.64900207519531,412.4254455566406,106.17804718017578,12.854677200317383,105.27548217773438,0.9008023142814636,0.7090824842453003
SB67029_component_58a,105.830163,15.743912,73.16100311279297,346.734619140625,105.83019256591797,15.743903160095215,99.87793731689453,0.93055659532547,0.73250412940979
SB67029_component_59a,107.530989,15.908818,82.15899658203125,396.9033508300781,107.53103637695312,15.90866470336914,112.38658905029297,0.928695559501648,0.7310391664505005
SB67029_component_60a,104.298862,11.406176,72.552001953125,140.87767028808594,104.2989273071289,11.40608024597168,94.89067840576172,0.971311628818512,0.7645851373672485
SB67029_component_64a,104.146486,14.58554,68.31099700927734,313.35321044921875,104.14654541015625,14.585495948791504,89.07695007324219,0.9742221832275391,0.766876220703125
SB67029_component_67a,106.257821,13.687156,67.3479995727539,328.5268249511719,106.2579116821289,13.686848640441895,84.91311645507812,1.007587194442749,0.7931401133537292
SB67029_component_68a,107.735136,14.898158,63.972999572753906,333.19268798828125,107.73519897460938,14.897955894470215,59.57075881958008,1.3642573356628418,1.0738993883132935
SB67029_component_69a,104.364719,16.112223,62.4010009765625,263.29534912109375,104.36473846435547,16.112180709838867,76.69751739501953,1.0335773229599,0.8135986924171448
SB67029_component_71a,103.635448,14.091767,59.680999755859375,211.63475036621094,103.63554382324219,14.091691970825195,93.13874816894531,0.8140262365341187,0.640775203704834
SB67029_component_73a,104.132216,14.927978,56.07600021362305,253.73756408691406,104.13227081298828,14.927956581115723,71.27645874023438,0.9994558691978455,0.7867394089698792
SB67029_component_75a,109.388405,14.099667,57.2239990234375,163.4971466064453,109.388427734375,14.099344253540039,39.45561218261719,1.8424772024154663,1.45033860206604
SB67029_component_78a,108.83316,14.452957,55.06800079345703,227.55372619628906,108.8331298828125,14.452635765075684,77.8589096069336,0.8985116481781006,0.7072793841362
SB67029_component_82a,107.031834,14.20616,51.3849983215332,285.4721984863281,107.03185272216797,14.205985069274902,49.21519088745117,1.3263858556747437,1.0440881252288818
SB67029_component_85a,103.769181,15.430512,49.62300109863281,215.75218200683594,103.76921081542969,15.430485725402832,59.81586456298828,1.053899884223938,0.8295959830284119
SB67029_component_86a,105.066231,12.468429,54.89899826049805,277.2676696777344,105.06632995605469,12.468348503112793,78.24464416503906,0.8913381695747375,0.7016326785087585
SB67029_component_89a,107.492916,13.712434,48.40700149536133,258.8609619140625,107.4930419921875,13.712183952331543,62.04400634765625,0.9911538362503052,0.7802042961120605
SB67029_component_90a,103.138982,15.399704,52.83100128173828,118.1901626586914,103.13899993896484,15.399663925170898,71.01356506347656,0.9451054334640503,0.743956446647644
SB67029_component_91a,104.65445,12.667041,50.76499938964844,231.80364990234375,104.65454864501953,12.666960716247559,63.02683639526367,1.0232261419296265,0.8054505586624146
SB67029_component_92a,107.205682,14.277225,47.61199951171875,270.5227355957031,107.20570373535156,14.277097702026367,58.281715393066406,1.0378074645996094,0.8169285655021667
SB67029_component_98a,108.150275,16.4867,45.10200119018555,127.04789733886719,108.15033721923828,16.48662567138672,58.32014846801758,0.9824487566947937,0.7733519673347473
SB67029_component_102a,105.646927,14.453697,43.0890007019043,223.25906372070312,105.64696502685547,14.453550338745117,63.5006217956543,0.8620275855064392,0.6785603165626526
SB67029_component_104a,105.636787,11.108856,47.319000244140625,63.60080337524414,105.6368637084961,11.108743667602539,54.81318664550781,1.0966883897781372,0.8632776737213135
SB67029_component_107a,108.11669,16.866725,47.21500015258789,51.884613037109375,108.11675262451172,16.866600036621094,63.23716735839844,0.9485064744949341,0.7466337084770203
SB67029_component_108a,104.431416,13.318419,43.62699890136719,223.72821044921875,104.43160247802734,13.318290710449219,51.50011444091797,1.0761674642562866,0.8471243381500244
SB67029_component_109a,104.692783,14.177278,41.62900161743164,220.25927734375,104.69286346435547,14.17717456817627,36.75935363769531,1.4386688470840454,1.1324737071990967
SB67029_component_112a,109.836928,12.945608,41.72200012207031,53.081424713134766,109.83711242675781,12.945433616638184,55.680580139160156,0.9519060254096985,0.7493097186088562
SB67029_component_114a,103.270868,15.6146,39.577999114990234,86.03912353515625,103.27088165283203,15.614594459533691,54.750179290771484,0.9183346629142761,0.7228834629058838
SB67029_component_115a,107.716774,16.076051,40.3390007019043,180.08482360839844,107.7168197631836,16.075897216796875,50.257850646972656,1.0196565389633179,0.8026407957077026
SB67029_component_118a,108.63412,13.195045,39.09400177001953,149.7854461669922,108.63423156738281,13.194831848144531,53.995601654052734,0.9197810888290405,0.7240219712257385
SB67029_component_119a,103.399854,15.842354,39.45800018310547,74.87286376953125,103.39984893798828,15.842283248901367,56.756011962890625,0.8831936120986938,0.695221483707428
SB67029_component_120a,106.300523,15.890305,38.79399871826172,196.92385864257812,106.3005599975586,15.890286445617676,52.13913345336914,0.9452211856842041,0.7440476417541504
SB67029_component_122a,106.107194,13.114756,40.47600173950195,219.978271484375,106.10731506347656,13.114533424377441,53.963069915771484,0.9528700113296509,0.7500685453414917
SB67029_component_123a,108.56909,11.141949,38.03499984741211,46.215065002441406,108.56909942626953,11.141715049743652,40.620262145996094,1.189524531364441,0.9363553524017334
SB67029_component_124a,103.240579,11.455193,41.47600173950195,63.516082763671875,103.24067687988281,11.454994201660156,56.063079833984375,0.9398372769355774,0.7398095726966858
SB67029_component_130a,109.839894,12.527383,35.481998443603516,39.51224899291992,109.84008026123047,12.52717399597168,36.52001190185547,1.234269142150879,0.9715768694877625
SB67029_component_132a,105.059566,13.073582,36.606998443603516,190.6614532470703,105.05961608886719,13.073477745056152,43.553871154785156,1.067751169204712,0.8404992818832397
SB67029_component_133a,104.754542,12.293265,36.13800048828125,195.34054565429688,104.75459289550781,12.293279647827148,27.428464889526367,1.6737682819366455,1.3175363540649414
SB67029_component_135a,107.588119,12.037642,37.20100021362305,178.8509521484375,107.588134765625,12.037468910217285,50.21220016479492,0.9411916732788086,0.7408757209777832
SB67029_component_140a,107.964829,12.918506,33.35900115966797,171.07180786132812,107.96488189697266,12.91829776763916,28.143640518188477,1.505793809890747,1.185312271118164
SB67029_component_141a,105.545091,11.324713,35.4119987487793,72.56556701660156,105.54521179199219,11.32443618774414,43.42123031616211,1.036050796508789,0.8155457377433777
SB67029_component_142a,105.46207,12.101341,33.92300033569336,168.77114868164062,105.46215057373047,12.101268768310547,43.605499267578125,0.9882929921150208,0.7779523730278015
SB67029_component_143a,105.752641,15.380646,35.18000030517578,187.12767028808594,105.752685546875,15.380603790283203,54.830440521240234,0.8150923252105713,0.6416143774986267
SB67029_component_145a,104.118734,15.590343,33.02799987792969,148.77476501464844,104.1187515258789,15.590303421020508,44.237728118896484,0.9484668374061584,0.7466025352478027
SB67029_component_151a,103.469283,15.106013,31.308000564575195,126.75304412841797,103.46927642822266,15.105940818786621,49.48358154296875,0.8037610054016113,0.6326947212219238
SB67029_component_156a,109.965292,15.789252,32.797000885009766,34.85334777832031,109.9653091430664,15.789270401000977,34.52834701538086,1.2066770792007446,0.949857234954834
SB67029_component_158a,107.026389,13.116765,31.40399932861328,155.46533203125,107.02648162841797,13.11646556854248,41.88740539550781,0.9524325728416443,0.7497241497039795
SB67029_component_160a,106.275518,13.550658,29.577999114990234,152.4639129638672,106.275634765625,13.550337791442871,38.16136932373047,0.9846401810646057,0.7750769853591919
SB67029_component_161a,104.37278,11.377481,31.1200008392334,57.31123733520508,104.37283325195312,11.3773775100708,38.73128890991211,1.0207288265228271,0.8034847974777222
SB67029_component_170a,107.445836,11.553117,32.61199951171875,106.9245834350586,107.44583129882812,11.552976608276367,39.4397087097168,1.0504525899887085,0.8268823623657227
SB67029_component_173a,109.948654,12.842998,28.408000946044922,28.987754821777344,109.94884490966797,12.842763900756836,30.859607696533203,1.1694536209106445,0.9205561280250549
SB67029_component_175a,103.635377,15.193075,28.15999984741211,139.4059295654297,103.6353988647461,15.1930513381958,43.25910186767578,0.826966404914856,0.6509612798690796
SB67029_component_176a,106.397897,14.57671,29.41699981689453,150.85641479492188,106.39789581298828,14.576506614685059,40.5162353515625,0.9223633408546448,0.7260546088218689
SB67029_component_177a,103.689465,16.132664,27.902999877929688,64.14482879638672,103.68950653076172,16.13259506225586,35.40436553955078,1.0012136697769165,0.7881231307983398
SB67029_component_179a,108.411984,11.586583,29.215999603271484,71.78378295898438,108.41200256347656,11.586380958557129,38.873233795166016,0.9547789096832275,0.7515711188316345
SB67029_component_181a,106.822476,16.323151,27.951000213623047,113.16194915771484,106.822509765625,16.32308006286621,43.244449615478516,0.8211069107055664,0.6463488340377808
SB67029_component_183a,104.747349,16.526695,27.5,59.267242431640625,104.74736022949219,16.526762008666992,38.78564453125,0.9007295370101929,0.7090252041816711
SB67029_component_186a,105.333918,15.625418,26.104999542236328,127.96568298339844,105.33389282226562,15.625405311584473,33.90399932861328,0.9781500101089478,0.7699681520462036
SB67029_component_189a,109.96405,14.497481,23.066999435424805,23.878881454467773,109.96402740478516,14.497109413146973,20.66616439819336,1.4179598093032837,1.1161723136901855
SB67029_component_191a,109.690782,15.347296,27.4950008392334,25.8169002532959,109.69071197509766,15.347116470336914,33.314178466796875,1.0484732389450073,0.825324296951294
SB67029_component_192a,107.934584,12.374094,26.579999923706055,125.37735748291016,107.93458557128906,12.373941421508789,41.060081481933594,0.8223711848258972,0.6473440527915955
SB67029_component_194a,107.544875,15.221653,26.214000701904297,145.63333129882812,107.5449447631836,15.22145938873291,32.27299118041992,1.0318742990493774,0.8122581839561462
SB67029_component_196a,107.435869,15.689984,24.882999420166016,105.43643951416016,107.43592071533203,15.68981647491455,30.743972778320312,1.0281949043273926,0.8093618750572205
SB67029_component_197a,103.416026,12.808665,25.875,50.735294342041016,103.41612243652344,12.808544158935547,39.2552375793457,0.8373662829399109,0.6591477394104004
SB67029_component_200a,105.213361,11.322883,24.222000122070312,35.83135986328125,105.21341705322266,11.322774887084961,26.8533992767334,1.1458913087844849,0.9020087122917175
SB67029_component_201a,102.981443,15.137267,26.509000778198242,44.255428314208984,102.98140716552734,15.137219429016113,35.50151443481445,0.948591411113739,0.7467005848884583
SB67029_component_204a,105.124078,15.479806,24.16200065612793,127.16842651367188,105.1241455078125,15.479806900024414,28.948057174682617,1.06034255027771,0.834667444229126
SB67029_component_205a,104.530097,13.206838,26.111000061035156,135.29014587402344,104.53023529052734,13.206693649291992,45.55678176879883,0.7281203866004944,0.5731528401374817
SB67029_component_206a,105.400408,11.977442,24.413000106811523,122.67839050292969,105.40046691894531,11.977392196655273,30.221078872680664,1.0262280702590942,0.8078136444091797
SB67029_component_207a,105.803282,12.626041,23.731000900268555,119.25125885009766,105.8033676147461,12.625924110412598,35.40864944458008,0.8514112830162048,0.6702035069465637
SB67029_component_208a,104.930094,12.094932,24.20800018310547,127.41053009033203,104.93014526367188,12.094934463500977,32.21520233154297,0.9546204805374146,0.7514464855194092
SB67029_component_209a,108.770462,13.801743,23.08099937438965,104.91363525390625,108.7705307006836,13.801483154296875,20.474573135375977,1.4320971965789795,1.1273006200790405
SB67029_component_214a,103.094215,12.498823,22.7189998626709,26.113792419433594,103.09434509277344,12.49880599975586,29.250041961669922,0.9867234230041504,0.7767168283462524
SB67029_component_219a,109.253522,16.499199,23.52199935913086,57.65195846557617,109.25359344482422,16.499160766601562,28.881206512451172,1.0346455574035645,0.8144396543502808
SB67029_component_229a,104.142683,15.213071,21.038999557495117,106.25757598876953,104.14275360107422,15.213007926940918,30.854034423828125,0.8662551641464233,0.6818881034851074
SB67029_component_231a,109.809583,15.534746,20.034000396728516,22.334447860717773,109.80970001220703,15.534677505493164,17.732646942138672,1.435247540473938,1.129780650138855
SB67029_component_234a,108.194682,11.168618,19.42799949645996,16.879234313964844,108.19470977783203,11.168367385864258,30.203720092773438,0.8171473145484924,0.643231987953186
SB67029_component_235a,106.528579,11.443891,21.17799949645996,54.025508880615234,106.52857971191406,11.443836212158203,27.97695541381836,0.9616503715515137,0.7569801211357117
SB67029_component_237a,103.12866,12.299202,20.54199981689453,39.20228958129883,103.12873840332031,12.299140930175781,28.042560577392578,0.9305886626243591,0.7325294017791748
SB67029_component_243a,104.177803,12.240215,19.280000686645508,81.35021209716797,104.17787170410156,12.240143775939941,17.43193244934082,1.4050579071044922,1.1060162782669067
SB67029_component_246a,108.35171,13.670199,19.652000427246094,105.09090423583984,108.35183715820312,13.66996955871582,12.851752281188965,1.9425721168518066,1.529129981994629
SB67029_component_248a,108.292224,15.852511,19.249000549316406,99.73575592041016,108.29227447509766,15.852404594421387,26.326570510864258,0.9288522005081177,0.7311624884605408
SB67029_component_250a,106.078035,12.76261,19.83799934387207,117.38461303710938,106.07816314697266,12.762408256530762,25.84821891784668,0.9749895930290222,0.7674803137779236
SB67029_component_252a,108.039012,16.552803,20.91900062561035,53.77635192871094,108.03897094726562,16.552812576293945,28.898311614990234,0.9196047186851501,0.7238831520080566
SB67029_component_254a,105.253828,12.610235,20.009000778198242,103.13917541503906,105.25386810302734,12.610113143920898,27.619503021240234,0.9203271865844727,0.7244518995285034
SB67029_component_257a,108.469478,12.432157,19.128000259399414,84.26432037353516,108.46957397460938,12.431963920593262,25.77103042602539,0.9429105520248413,0.7422287464141846
SB67029_component_259a,103.287656,14.597494,20.979000091552734,35.023372650146484,103.28762817382812,14.597381591796875,25.466476440429688,1.046522617340088,0.8237888813018799
SB67029_component_260a,105.894536,15.666492,18.402999877929688,92.47738647460938,105.89454650878906,15.666435241699219,22.975767135620117,1.017539620399475,0.8009743094444275
SB67029_component_261a,103.655629,15.617067,18.94499969482422,71.49057006835938,103.65562438964844,15.617006301879883,27.297164916992188,0.881677508354187,0.6940280795097351
SB67029_component_264a,105.102018,15.8697,19.2810001373291,86.85134887695312,105.10198974609375,15.869673728942871,24.113794326782227,1.015773057937622,0.7995838522911072
SB67029_component_265a,105.182457,13.149729,18.25,102.52809143066406,105.18251037597656,13.149629592895508,17.82562255859375,1.3006213903427124,1.023807168006897
SB67029_component_266a,106.053675,11.775238,18.261999130249023,72.46824645996094,106.0536880493164,11.775142669677734,23.238651275634766,0.9983207583427429,0.785845935344696
SB67029_component_267a,108.616683,14.469659,18.150999069213867,57.078617095947266,108.61666107177734,14.46938419342041,24.37169075012207,0.9461230039596558,0.7447574734687805
SB67029_component_269a,103.853598,13.758992,17.43199920654297,95.78022003173828,103.85376739501953,13.75887680053711,22.867815017700195,0.9684010148048401,0.7622940540313721
SB67029_component_272a,106.296067,14.885409,18.059999465942383,93.09278106689453,106.29608154296875,14.885250091552734,25.596904754638672,0.8963198065757751,0.7055540084838867
SB67029_component_276a,109.116122,12.91154,18.632999420166016,81.36680603027344,109.11629486083984,12.911358833312988,26.283069610595703,0.9006154537200928,0.7089354395866394
SB67029_component_277a,106.097976,11.526508,18.24799919128418,54.9638557434082,106.09806823730469,11.52641487121582,18.748332977294922,1.2364749908447266,0.9733131527900696
SB67029_component_280a,106.458439,15.852117,17.885000228881836,94.13158416748047,106.45854187011719,15.852020263671875,15.851957321166992,1.4333055019378662,1.1282519102096558
SB67029_component_281a,106.754924,11.907972,16.868000030517578,91.67391204833984,106.75497436523438,11.907983779907227,24.19500160217285,0.8856673836708069,0.69716876745224
SB67029_component_283a,108.139854,15.055468,17.297000885009766,87.80204010009766,108.13993072509766,15.055273056030273,24.320575714111328,0.9035031199455261,0.7112085223197937
SB67029_component_288a,109.666462,12.170775,17.88800048828125,18.086956024169922,109.66669464111328,12.170514106750488,19.62799644470215,1.1577600240707397,0.9113513231277466
SB67029_component_290a,107.641006,16.329776,17.655000686645508,71.18952178955078,107.64110565185547,16.329683303833008,20.439537048339844,1.097310185432434,0.863767147064209
SB67029_component_291a,108.770822,16.195215,17.20199966430664,71.37759399414062,108.77080535888672,16.19512367248535,23.902997970581055,0.9142380356788635,0.7196586728096008
SB67029_component_293a,106.090244,15.04331,17.323999404907227,84.92156982421875,106.09027862548828,15.043174743652344,21.268247604370117,1.0347827672958374,0.814547598361969
SB67029_component_294a,109.73264,15.45538,17.64900016784668,19.89740753173828,109.73289489746094,15.455235481262207,19.599048614501953,1.143978476524353,0.9005029201507568
SB67029_component_297a,108.383375,16.08604,16.937999725341797,73.9650650024414,108.38341522216797,16.085918426513672,24.433143615722656,0.8806746006011963,0.6932386755943298
SB67029_component_305a,107.708323,14.637265,15.704999923706055,83.53723907470703,107.70835876464844,14.637020111083984,21.89249038696289,0.9113295674324036,0.7173692584037781
SB67029_component_306a,107.594129,15.47954,15.371000289916992,80.4764404296875,107.59416961669922,15.479352951049805,19.532997131347656,0.9996914267539978,0.7869248390197754
SB67029_component_309a,103.914513,13.949571,15.817000389099121,76.41062927246094,103.91459655761719,13.949453353881836,18.514001846313477,1.0853168964385986,0.8543263673782349
SB67029_component_312a,105.746149,13.003051,17.4689998626709,85.63235473632812,105.74623107910156,13.002897262573242,23.592077255249023,0.9406640529632568,0.7404604554176331
SB67029_component_313a,109.353261,15.34702,14.875,37.1875,109.3532943725586,15.346880912780762,18.36751937866211,1.0288194417953491,0.8098534941673279
SB67029_component_315a,104.066826,11.521852,16.084999084472656,44.18955993652344,104.06693267822266,11.52178955078125,18.167949676513672,1.1247289180755615,0.8853502869606018
SB67029_component_317a,107.671796,15.235322,15.125,85.9375,107.67192840576172,15.235136032104492,19.551633834838867,0.9827545285224915,0.7735926508903503
SB67029_component_318a,105.158215,14.897524,15.295000076293945,85.92696380615234,105.15828704833984,14.89745044708252,15.192475318908691,1.2789503335952759,1.0067484378814697
SB67029_component_320a,105.091967,14.012718,16.75,91.5300521850586,105.09207153320312,14.012641906738281,18.805034637451172,1.1315491199493408,0.890718936920166
SB67029_component_329a,107.903967,12.840467,14.758999824523926,79.77837371826172,107.90399932861328,12.840262413024902,19.713947296142578,0.9510778188705444,0.748657763004303
SB67029_component_330a,108.807789,16.284963,15.914999961853027,62.9051399230957,108.80781555175781,16.28498649597168,20.45368766784668,0.9884796738624573,0.7780992984771729
SB67029_component_332a,108.946459,13.036188,14.95300006866455,63.36016845703125,108.94660949707031,13.036031723022461,22.287538528442383,0.8523126840591431,0.67091304063797
SB67029_component_334a,106.533248,16.528291,14.067999839782715,37.021053314208984,106.53327941894531,16.52821159362793,19.742971420288086,0.9052166938781738,0.7125573754310608
SB67029_component_336a,103.312737,14.129154,14.529000282287598,30.587369918823242,103.31288146972656,14.12913990020752,26.437902450561523,0.6981382966041565,0.5495519042015076
SB67029_component_339a,103.888314,16.762021,14.887999534606934,17.132335662841797,103.88848114013672,16.761960983276367,22.06646728515625,0.8571094274520874,0.6746888756752014
SB67029_component_340a,108.36312,13.614104,13.513999938964844,71.88298034667969,108.36318969726562,13.613874435424805,19.93054962158203,0.8613851070404053,0.6780545711517334
SB67029_component_341a,108.937258,13.465057,14.116000175476074,56.91935729980469,108.93744659423828,13.464896202087402,13.45167064666748,1.3331166505813599,1.0493863821029663
SB67029_component_342a,108.415231,12.106839,14.309000015258789,59.12810134887695,108.41521453857422,12.106636047363281,20.863821029663086,0.8712607622146606,0.6858283281326294
SB67029_component_347a,105.892469,15.07211,14.309000015258789,81.30113983154297,105.89250183105469,15.072017669677734,18.676225662231445,0.9733138084411621,0.7661612033843994
SB67029_component_348a,103.254035,12.165054,13.762999534606934,37.91460037231445,103.25405883789062,12.164994239807129,19.335481643676758,0.9042547941207886,0.711800217628479
SB67029_component_353a,108.462775,14.276437,13.984999656677246,54.843135833740234,108.46282958984375,14.276070594787598,14.475276947021484,1.2273496389389038,0.9661300182342529
SB67029_component_354a,107.654594,12.388756,13.270999908447266,64.73658752441406,107.6546630859375,12.388528823852539,13.783358573913574,1.2231544256210327,0.962827742099762
SB67029_component_357a,109.428873,15.09752,12.447999954223633,20.207792282104492,109.42890167236328,15.097228050231934,16.798490524291992,0.9413736462593079,0.7410189509391785
SB67029_component_360a,106.764534,15.471424,14.100000381469727,72.68041229248047,106.76457977294922,15.471362113952637,16.3449764251709,1.0958914756774902,0.8626503944396973
SB67029_component_361a,106.628536,13.22302,14.20300006866455,81.6264419555664,106.62863159179688,13.22275447845459,13.238642692565918,1.3629168272018433,1.07284414768219
SB67029_component_365a,105.258395,15.288187,13.531000137329102,77.31999969482422,105.25847625732422,15.288118362426758,13.776961326599121,1.2476972341537476,0.9821469187736511
SB67029_component_369a,106.985571,11.460057,12.380999565124512,28.011310577392578,106.98556518554688,11.459935188293457,11.1507568359375,1.4105355739593506,1.110328197479248
SB67029_component_372a,108.009883,15.458957,12.425999641418457,67.53260803222656,108.00992584228516,15.45881175994873,15.76870346069336,1.0010783672332764,0.7880165576934814
SB67029_component_373a,108.766391,12.05517,12.895999908447266,53.28925704956055,108.76649475097656,12.055001258850098,18.469022750854492,0.8870412707328796,0.6982502341270447
SB67029_component_374a,106.717314,11.716138,12.67300033569336,61.5194206237793,106.71739196777344,11.716063499450684,19.261442184448242,0.8358404040336609,0.6579465866088867
SB67029_component_375a,103.389701,16.462327,10.937999725341797,10.127777099609375,103.38981628417969,16.462085723876953,9.16497802734375,1.5161396265029907,1.1934561729431152
SB67029_component_376a,108.65566,14.063197,12.42300033569336,54.96902847290039,108.65565490722656,14.06284236907959,16.903417587280273,0.9336512684822083,0.7349401712417603
SB67029_component_382a,105.177385,16.836865,12.961000442504883,17.44414710998535,105.17737579345703,16.836973190307617,14.244362831115723,1.155921220779419,0.9099038243293762
SB67029_component_383a,105.82594,14.665843,12.152999877929688,63.628273010253906,105.8259506225586,14.665719985961914,14.872093200683594,1.0381118059158325,0.8171680569648743
SB67029_component_384a,106.207505,16.397246,12.970999717712402,49.13257598876953,106.20759582519531,16.39739227294922,17.930898666381836,0.9189758896827698,0.723388135433197
SB67029_component_387a,106.578587,16.398963,12.517999649047852,41.58803939819336,106.57865142822266,16.398923873901367,18.342409133911133,0.8669843673706055,0.6824621558189392
SB67029_component_390a,107.267864,15.805586,11.987000465393066,66.22652435302734,107.2679214477539,15.805463790893555,16.996200561523438,0.8959657549858093,0.705275297164917
SB67029_component_391a,104.742777,15.283442,12.706999778747559,68.31719970703125,104.74279022216797,15.283504486083984,15.810722351074219,1.0209959745407104,0.8036950826644897
SB67029_component_394a,104.470491,15.22357,12.189000129699707,69.65142822265625,104.47051239013672,15.22354793548584,16.101436614990234,0.9616923928260803,0.757013201713562
SB67029_component_396a,108.326114,14.367261,12.192999839782715,48.57769012451172,108.326171875,14.366951942443848,15.377569198608398,1.0072925090789795,0.7929081320762634
SB67029_component_399a,103.003121,12.45917,12.447999954223633,13.313368797302246,103.00333404541016,12.458958625793457,18.04582977294922,0.8763052821159363,0.6897992491722107
SB67029_component_400a,107.586917,13.681784,12.13599967956543,70.1502914428711,107.58705139160156,13.681480407714844,14.457343101501465,1.066399097442627,0.8394349813461304
SB67029_component_406a,108.098178,13.80247,11.385000228881836,62.55494689941406,108.09825897216797,13.802238464355469,15.26235580444336,0.9476417303085327,0.7459530234336853
SB67029_component_410a,107.037014,12.874434,12.39900016784668,73.80357360839844,107.03707885742188,12.874161720275879,15.047896385192871,1.0467514991760254,0.8239690065383911
SB67029_component_415a,108.853416,12.10628,12.644000053405762,48.81853103637695,108.8535385131836,12.106124877929688,16.40920066833496,0.978880763053894,0.7705433368682861
SB67029_component_419a,107.627266,15.53094,11.109000205993652,55.824119567871094,107.62731170654297,15.53076171875,14.481754302978516,0.9745104908943176,0.7671031951904297
SB67029_component_420a,109.10761,12.673673,11.187000274658203,51.79166793823242,109.10773468017578,12.673506736755371,11.049306869506836,1.2862083911895752,1.01246178150177
SB67029_component_421a,105.947815,14.445936,11.119000434875488,61.09341049194336,105.94779205322266,14.445855140686035,15.358107566833496,0.9197308421134949,0.7239824533462524
SB67029_component_422a,105.28455,12.736947,11.539999961853027,64.1111068725586,105.28462982177734,12.736857414245605,9.002148628234863,1.6285172700881958,1.2819161415100098
SB67029_component_425a,108.210691,15.796026,10.883000373840332,53.87623596191406,108.21073913574219,15.795915603637695,15.66772174835205,0.8824203610420227,0.6946128010749817
SB67029_component_426a,106.510752,16.654297,11.935999870300293,24.459016799926758,106.51075744628906,16.654218673706055,18.687572479248047,0.8114067912101746,0.6387132406234741
SB67029_component_427a,109.063626,11.88279,11.010000228881836,26.21428680419922,109.06379699707031,11.882736206054688,9.65308666229248,1.4489514827728271,1.1405678987503052
SB67029_component_428a,104.129458,16.607983,12.038999557495117,24.126251220703125,104.12945556640625,16.608049392700195,12.835076332092285,1.1915839910507202,0.9379764795303345
SB67029_component_430a,104.221462,12.885908,10.968000411987305,58.340431213378906,104.22166442871094,12.885895729064941,12.785402297973633,1.0897974967956543,0.857853353023529
SB67029_component_431a,103.743415,14.290066,11.196999549865723,38.21501541137695,103.74351501464844,14.289955139160156,10.72646713256836,1.3261041641235352,1.043866515159607
SB67029_component_433a,103.627991,11.407574,12.428999900817871,27.93033790588379,103.62808227539062,11.407472610473633,13.175264358520508,1.1984213590621948,0.9433586597442627
SB67029_component_434a,106.481831,15.399585,10.9350004196167,60.75,106.48189544677734,15.399567604064941,16.008506774902344,0.8677620887756348,0.6830743551254272
SB67029_component_436a,107.324471,14.233958,11.083999633789062,59.59139633178711,107.32447814941406,14.233741760253906,10.522276878356934,1.3381953239440918,1.0533841848373413
SB67029_component_438a,104.025806,15.586531,10.781999588012695,44.55371856689453,104.02577209472656,15.586515426635742,13.15871810913086,1.0409226417541504,0.8193807005882263
SB67029_component_439a,106.282748,15.69973,10.991000175476074,59.09139633178711,106.28272247314453,15.699728012084961,13.9818696975708,0.998630166053772,0.7860894203186035
SB67029_component_441a,103.079294,13.778402,11.022000312805176,22.493877410888672,103.0794906616211,13.778250694274902,15.5487642288208,0.900528073310852,0.7088666558265686
SB67029_component_442a,104.19571,12.688435,10.777999877929688,53.88999938964844,104.1958236694336,12.688345909118652,15.789287567138672,0.867178201675415,0.6826146841049194
SB67029_component_443a,107.95408,13.422811,10.657999992370605,58.88397979736328,107.95416259765625,13.422568321228027,11.567122459411621,1.1705315113067627,0.9214046001434326
SB67029_component_448a,109.411353,14.695815,10.27400016784668,29.953353881835938,109.41139221191406,14.695507049560547,13.64557933807373,0.9564897418022156,0.7529178261756897
SB67029_component_449a,107.369526,14.079825,10.199000358581543,51.771575927734375,107.36964416503906,14.0796537399292,9.945507049560547,1.302756905555725,1.025488257408142
SB67029_component_450a,106.855847,15.244543,10.831000328063965,56.706809997558594,106.8559799194336,15.244464874267578,7.321922302246094,1.879213809967041,1.4792563915252686
SB67029_component_451a,107.160862,15.078946,10.77299976348877,58.23242950439453,107.16089630126953,15.07884407043457,16.24006462097168,0.8427166938781738,0.6633594036102295
SB67029_component_453a,110.010196,15.841834,11.454999923706055,10.776105880737305,110.01023864746094,15.841713905334473,10.92742919921875,1.3317104578018188,1.0482795238494873
SB67029_component_455a,108.424253,13.654738,10.861000061035156,54.85353469848633,108.42438507080078,13.654481887817383,13.831328392028809,0.997559130191803,0.7852463722229004
SB67029_component_456a,105.511121,14.931141,10.361000061035156,59.20571517944336,105.51112365722656,14.931026458740234,13.195582389831543,0.9974837899208069,0.7851870059967041
SB67029_component_460a,106.393015,13.034582,10.592000007629395,56.34042739868164,106.3931655883789,13.034358024597168,13.717280387878418,0.980940580368042,0.7721647024154663
SB67029_component_462a,107.460545,12.90415,10.598999977111816,54.63401794433594,107.46068572998047,12.903841018676758,15.260661125183105,0.8823162317276001,0.6945308446884155
SB67029_component_464a,108.226877,13.29073,10.758000373840332,52.478050231933594,108.22691345214844,13.29054069519043,15.553295135498047,0.8787024617195129,0.6916862726211548
SB67029_component_468a,105.564044,16.339756,11.343000411987305,36.59032440185547,105.5641098022461,16.33980941772461,13.593094825744629,1.0600889921188354,0.8344678282737732
SB67029_component_470a,107.152574,11.727345,10.67199993133545,38.11428451538086,107.15257263183594,11.727235794067383,13.129234313964844,1.0326167345046997,0.8128425478935242
SB67029_component_471a,108.790571,11.40104,9.593000411987305,18.483623504638672,108.79055786132812,11.400793075561523,11.238883018493652,1.0843364000320435,0.8535546064376831
SB67029_component_475a,105.648097,14.628824,10.40999984741211,55.07936477661133,105.64810180664062,14.62870979309082,15.067662239074707,0.8776827454566956,0.6908835172653198
SB67029_component_476a,106.548833,12.944052,10.206000328063965,53.71579360961914,106.5489273071289,12.943775177001953,12.811490058898926,1.0120190382003784,0.7966286540031433
SB67029_component_477a,103.299879,14.88362,9.723999977111816,28.516130447387695,103.29986572265625,14.883584976196289,10.510372161865234,1.175329327583313,0.9251813292503357
SB67029_component_478a,109.380931,12.477618,10.819000244140625,30.56214714050293,109.38111877441406,12.477371215820312,13.163991928100586,1.0440763235092163,0.8218631744384766
SB67029_component_479a,108.737443,15.966009,9.935999870300293,46.64788818359375,108.73749542236328,15.965950965881348,13.2061128616333,0.9558050036430359,0.7523788213729858
SB67029_component_480a,105.617668,13.734634,9.864999771118164,54.20329666137695,105.61769104003906,13.734477043151855,11.746718406677246,1.0668742656707764,0.839809000492096
SB67029_component_482a,105.991496,13.873682,10.550000190734863,55.820106506347656,105.99150848388672,13.873475074768066,14.07696533203125,0.9520859718322754,0.7494513392448425
SB67029_component_483a,103.860943,14.975675,10.496000289916992,48.36866760253906,103.86095428466797,14.975625038146973,13.064602851867676,1.0206111669540405,0.803392231464386
SB67029_component_488a,105.44437,14.862723,10.234999656677246,53.8684196472168,105.44440460205078,14.862663269042969,10.689006805419922,1.216418981552124,0.9575257897377014
SB67029_component_493a,109.068798,15.296875,9.762999534606934,30.509374618530273,109.06892395019531,15.29660415649414,12.123465538024902,1.0230319499969482,0.8052977323532104
SB67029_component_494a,108.445048,15.760863,10.074000358581543,44.97321319580078,108.44512939453125,15.760842323303223,6.766896724700928,1.8912334442138672,1.4887179136276245
SB67029_component_495a,103.371676,16.280384,10.182999610900879,11.327030181884766,103.37159729003906,16.280376434326172,11.87327766418457,1.0895265340805054,0.8576401472091675
SB67029_component_497a,108.285432,16.799931,8.946000099182129,11.154613494873047,108.28553771972656,16.7996768951416,15.212936401367188,0.7470480799674988,0.5880521535873413
SB67029_component_499a,109.59095,12.7489,10.020000457763672,22.416109085083008,109.59112548828125,12.748690605163574,13.529102325439453,0.9408740401268005,0.7406256794929504
SB67029_component_505a,107.087794,15.657904,9.484000205993652,49.65445327758789,107.08783721923828,15.657703399658203,13.703346252441406,0.879220187664032,0.6920937299728394
SB67029_component_508a,103.23694,12.309367,8.765999794006348,18.811159133911133,103.23687744140625,12.309195518493652,7.17499303817749,1.552074909210205,1.2217433452606201
SB67029_component_509a,106.516641,13.28992,10.104000091552734,49.773399353027344,106.516845703125,13.289567947387695,11.056917190551758,1.1608924865722656,0.9138171076774597
SB67029_component_510a,109.677746,15.473976,9.51099967956543,13.626073837280273,109.67756652832031,15.473932266235352,5.079024314880371,2.378913164138794,1.8726036548614502
SB67029_component_514a,103.769793,13.728016,9.470999717712402,50.647056579589844,103.76995849609375,13.727935791015625,11.14719295501709,1.079351782798767,0.8496308922767639
SB67029_component_517a,106.185669,11.704156,9.508000373840332,35.61048889160156,106.18566131591797,11.704080581665039,10.273428916931152,1.1757268905639648,0.925494372844696
SB67029_component_518a,108.080989,16.49128,9.331000328063965,27.125,108.08100128173828,16.49123191833496,13.233877182006836,0.8957231640815735,0.7050843834877014
SB67029_component_519a,108.87534,16.440067,9.258999824523926,28.057573318481445,108.87544250488281,16.4400634765625,13.89472484588623,0.8465387225151062,0.6663680076599121
SB67029_component_520a,107.224529,15.773381,9.684000015258789,52.345943450927734,107.2245864868164,15.773252487182617,11.328255653381348,1.085986614227295,0.8548535704612732
SB67029_component_521a,107.643441,14.630104,9.032999992370605,49.90607833862305,107.64347076416016,14.629958152770996,7.651269435882568,1.4997926950454712,1.1805883646011353
SB67029_component_531a,104.437944,12.895245,9.907999992370605,55.04444122314453,104.4380111694336,12.89514446258545,11.763080596923828,1.070034146308899,0.8422963619232178
SB67029_component_532a,108.042339,15.965683,9.508000373840332,48.75897979736328,108.04241943359375,15.96552848815918,13.54670524597168,0.8916372656822205,0.7018681168556213
SB67029_component_533a,103.658078,15.072198,9.961999893188477,48.359222412109375,103.65797424316406,15.072306632995605,13.631246566772461,0.9284182190895081,0.730820894241333
SB67029_component_534a,108.892118,14.919129,8.96500015258789,31.90391731262207,108.89216613769531,14.91885757446289,10.90931510925293,1.0439640283584595,0.8217747807502747
SB67029_component_542a,109.574796,15.433404,8.392999649047852,12.583208084106445,109.57494354248047,15.433056831359863,10.429991722106934,1.0222707986831665,0.8046985864639282
SB67029_component_546a,107.997693,12.873281,9.475000381469727,48.840206146240234,107.99774932861328,12.873047828674316,12.634819984436035,0.9526708722114563,0.7499117851257324
SB67029_component_547a,108.328986,13.604303,9.039999961853027,50.22222137451172,108.32891082763672,13.603989601135254,9.241463661193848,1.2426830530166626,0.9782000184059143
SB67029_component_550a,105.111241,11.556426,8.220999717712402,23.488571166992188,105.11134338378906,11.556329727172852,10.292490005493164,1.0146981477737427,0.7987377047538757
SB67029_component_555a,108.282234,15.013031,8.791999816894531,39.60360336303711,108.28231048583984,15.01282024383545,11.990250587463379,0.9315198659896851,0.7332624197006226
SB67029_component_556a,109.069069,13.864787,8.993000030517578,31.225696563720703,109.06906127929688,13.864477157592773,11.21461009979248,1.0187160968780518,0.8019003868103027
SB67029_component_557a,105.364141,16.060636,8.697999954223633,41.41904830932617,105.36416625976562,16.06068229675293,11.038788795471191,1.0009921789169312,0.7879487872123718
SB67029_component_559a,104.285257,13.280828,8.684000015258789,46.191490173339844,104.28543090820312,13.280778884887695,10.877861976623535,1.0141658782958984,0.79831862449646
SB67029_component_561a,109.433706,15.698463,8.628999710083008,29.450510025024414,109.4338150024414,15.698333740234375,10.716999053955078,1.0228688716888428,0.805169403553009
SB67029_component_566a,109.221679,15.266945,7.986999988555908,21.41286849975586,109.22174072265625,15.266877174377441,12.182851791381836,0.832851231098175,0.6555936336517334
SB67029_component_567a,109.046505,14.200868,8.392999649047852,34.97083282470703,109.04653930664062,14.200634956359863,9.25572681427002,1.1519652605056763,0.9067898988723755
SB67029_component_568a,105.814519,11.401618,8.079000473022461,20.505077362060547,105.81459045410156,11.401546478271484,11.067683219909668,0.9273285865783691,0.7299631237983704
SB67029_component_572a,104.798531,13.307842,8.937000274658203,49.10439682006836,104.79862976074219,13.307787895202637,12.643223762512207,0.8979799747467041,0.7068608999252319
SB67029_component_575a,105.328282,15.553962,8.833999633789062,45.53607940673828,105.32831573486328,15.553973197937012,11.984673500061035,0.9364053010940552,0.737108051776886
SB67029_component_577a,104.553926,11.339989,7.559999942779541,14.40000057220459,104.55384826660156,11.339911460876465,9.641388893127441,0.9961274266242981,0.7841193675994873
SB67029_component_578a,106.397244,16.302885,8.07800006866455,35.9022216796875,106.3973159790039,16.3028621673584,12.134370803833008,0.8457057476043701,0.665712296962738
SB67029_component_579a,106.539012,15.833652,8.96500015258789,48.72282791137695,106.53907775878906,15.833578109741211,7.198084831237793,1.5822170972824097,1.2454701662063599
SB67029_component_582a,109.011517,12.654638,8.14799976348877,36.702701568603516,109.01189422607422,12.654711723327637,3.404609203338623,3.040300130844116,2.393226146697998
SB67029_component_584a,104.656628,11.321409,8.196999549865723,15.79383373260498,104.65679168701172,11.321107864379883,13.257953643798828,0.7854365706443787,0.6182703375816345
SB67029_component_585a,105.133425,13.493352,8.767000198364258,49.2528076171875,105.13351440429688,13.493183135986328,11.624916076660156,0.9580626487731934,0.7541559934616089
SB67029_component_586a,105.692106,12.086826,7.840000152587891,44.80000305175781,105.692138671875,12.086792945861816,12.266912460327148,0.8119205236434937,0.6391176581382751
SB67029_component_587a,105.897435,13.850779,8.140000343322754,38.57820129394531,105.89733123779297,13.850624084472656,8.064205169677734,1.2823175191879272,1.0093989372253418
SB67029_component_589a,107.60984,13.750058,8.161999702453613,46.375,107.60995483398438,13.74991226196289,9.68099308013916,1.0710490942001343,0.8430953025817871
SB67029_component_592a,104.324993,14.927166,8.579999923706055,45.88235092163086,104.32508850097656,14.927112579345703,10.52623176574707,1.0354927778244019,0.8151065111160278
SB67029_component_593a,109.261451,16.066349,8.157999992370605,31.256704330444336,109.26146697998047,16.066287994384766,12.006791114807129,0.8631563186645508,0.6794488430023193
SB67029_component_594a,107.286007,15.770327,8.026000022888184,41.80208206176758,107.28604888916016,15.770074844360352,11.04723834991455,0.9229499101638794,0.7265164256095886
SB67029_component_598a,108.931746,15.156974,8.684000015258789,30.25783920288086,108.9317855834961,15.156766891479492,10.401920318603516,1.060569167137146,0.8348458409309387
SB67029_component_602a,104.272136,13.232362,8.11400032043457,44.33879852294922,104.27232360839844,13.232330322265625,8.305035591125488,1.2411556243896484,0.9769976735115051
SB67029_component_608a,104.568258,14.189865,8.376999855041504,47.32768249511719,104.56841278076172,14.189781188964844,9.985173225402832,1.0657751560211182,0.8389438390731812
SB67029_component_609a,108.892253,11.620114,8.092000007629395,21.07291603088379,108.89228820800781,11.620049476623535,5.321603775024414,1.9317283630371094,1.5205942392349243
SB67029_component_610a,106.924858,15.240076,8.206000328063965,45.84357452392578,106.92498779296875,15.23997688293457,4.860451698303223,2.144804000854492,1.688320517539978
SB67029_component_613a,105.619241,13.019474,7.623000144958496,44.8411750793457,105.61944580078125,13.019421577453613,8.889223098754883,1.0894187688827515,0.8575552701950073
SB67029_component_614a,104.496525,11.667024,7.703000068664551,25.59136199951172,104.49659729003906,11.666946411132812,10.14101791381836,0.9649639129638672,0.7595884203910828
SB67029_component_615a,108.38885,12.1945,8.272000312805176,34.9029541015625,108.38882446289062,12.194459915161133,9.266054153442383,1.1340924501419067,0.8927209377288818
SB67029_component_618a,106.721796,13.109162,8.75,46.29629898071289,106.7218246459961,13.108922958374023,11.692755699157715,0.9506571292877197,0.7483265995979309
SB67029_component_619a,106.453766,15.049868,8.253999710083008,47.98836898803711,106.4538803100586,15.049728393554688,10.961006164550781,0.9566360712051392,0.7530330419540405
SB67029_component_620a,103.576548,12.266764,8.414999961853027,33.129920959472656,103.57659149169922,12.266660690307617,11.268439292907715,0.9486872553825378,0.7467759847640991
SB67029_component_621a,109.487018,14.974281,7.690000057220459,11.477611541748047,109.48700714111328,14.974329948425293,12.974069595336914,0.7529789805412292,0.5927207469940186
SB67029_component_622a,107.924865,12.090082,7.561999797821045,35.50234603881836,107.92485046386719,12.09007453918457,8.099617004394531,1.1860551834106445,0.9336243867874146
SB67029_component_623a,107.278138,11.837894,7.776000022888184,37.565216064453125,107.2782211303711,11.837654113769531,10.459973335266113,0.9444052577018738,0.7434053421020508
SB67029_component_627a,107.640931,13.939973,8.211000442504883,42.544044494628906,107.64102935791016,13.93989372253418,6.745150089263916,1.5464545488357544,1.217319130897522
SB67029_component_630a,106.112528,16.099973,7.439000129699707,41.099449157714844,106.11254119873047,16.0999755859375,5.972409725189209,1.5823322534561157,1.245560884475708
SB67029_component_631a,103.711621,14.188438,8.550000190734863,30.535715103149414,103.7116470336914,14.18848705291748,12.347488403320312,0.8796708583831787,0.6924485564231873
SB67029_component_634a,107.06261,16.870796,8.293999671936035,10.17668628692627,107.06272888183594,16.870405197143555,11.011687278747559,0.9568477869033813,0.7531996965408325
SB67029_component_637a,109.224681,12.949458,7.8480000495910645,32.296295166015625,109.22483825683594,12.949352264404297,11.18154239654541,0.8916409611701965,0.7018709778785706
SB67029_component_641a,103.946262,14.454508,8.121000289916992,38.30660629272461,103.94628143310547,14.454499244689941,10.436849594116211,0.9884911775588989,0.7781084179878235
SB67029_component_645a,104.822486,14.855579,7.426000118255615,41.954803466796875,104.82264709472656,14.855548858642578,10.550712585449219,0.8941407203674316,0.7038387060165405
SB67029_component_646a,105.248087,15.562893,7.593999862670898,37.04390335083008,105.24811553955078,15.562777519226074,7.67751407623291,1.2565584182739258,0.989122211933136
SB67029_component_648a,107.193574,12.454725,7.729000091552734,41.33155059814453,107.19367980957031,12.454671859741211,11.26648235321045,0.8715006113052368,0.6860171556472778
SB67029_component_652a,108.51715,13.362881,8.1899995803833,36.72645568847656,108.51726531982422,13.362683296203613,10.854777336120605,0.9585078358650208,0.7545064687728882
SB67029_component_656a,103.372887,14.6943,7.855000019073486,17.49443244934082,103.37277221679688,14.694229125976562,8.845105171203613,1.128173589706421,0.8880618214607239
SB67029_component_660a,105.477203,14.443714,7.110000133514404,39.5,105.47733306884766,14.443533897399902,9.244426727294922,0.977062463760376,0.7691120505332947
SB67029_component_661a,106.513143,15.654911,7.375,38.212432861328125,106.51319122314453,15.654891967773438,7.608353137969971,1.2314139604568481,0.9693293571472168
SB67029_component_662a,103.287125,13.629519,7.921999931335449,26.583890914916992,103.2872085571289,13.629396438598633,8.631874084472656,1.165903091430664,0.9177612662315369
SB67029_component_664a,105.951101,12.898273,6.9710001945495605,41.005882263183594,105.9512939453125,12.898065567016602,9.063422203063965,0.9770923256874084,0.7691355347633362
SB67029_component_665a,108.933196,15.233791,8.067000389099121,29.33454704284668,108.9332504272461,15.23345947265625,10.93570613861084,0.9371259212493896,0.7376753091812134
SB67029_component_667a,104.50606,13.878839,7.841000080108643,43.082420349121094,104.50613403320312,13.878724098205566,9.864370346069336,1.0097986459732056,0.7948809266090393
SB67029_component_668a,107.560555,13.260023,7.660999774932861,40.32105255126953,107.5606689453125,13.259780883789062,10.419126510620117,0.9340860247612,0.7352823615074158
SB67029_component_671a,109.156118,14.036708,8.08899974822998,28.184667587280273,109.15614318847656,14.036327362060547,10.95880126953125,0.9377012848854065,0.738128125667572
SB67029_component_672a,106.320824,16.041376,7.781000137329102,38.71144104003906,106.32086181640625,16.04142189025879,6.765777587890625,1.461000680923462,1.150052547454834
SB67029_component_673a,108.948159,13.821764,7.879000186920166,29.399253845214844,108.94819641113281,13.821438789367676,9.529924392700195,1.0503023862838745,0.8267641663551331
SB67029_component_675a,104.572904,13.669316,7.446000099182129,38.98429489135742,104.572998046875,13.669200897216797,9.179919242858887,1.0304261445999146,0.8111182451248169
SB67029_component_677a,106.861046,15.416722,7.377999782562256,40.988887786865234,106.86112976074219,15.416583061218262,7.781553268432617,1.2044951915740967,0.9481397271156311
SB67029_component_679a,107.428474,12.555168,7.281000137329102,35.51707458496094,107.42845153808594,12.554957389831543,8.059652328491211,1.1476446390151978,0.9033888578414917
SB67029_component_680a,109.137543,13.631794,7.117000102996826,18.87798500061035,109.13776397705078,13.631391525268555,9.545988082885742,0.9471282958984375,0.7455488443374634
SB67029_component_681a,103.514007,13.898759,6.788000106811523,27.481782913208008,103.51411437988281,13.898747444152832,8.85180377960205,0.974187970161438,0.7668493390083313
SB67029_component_690a,106.361123,11.767207,7.328999996185303,34.900001525878906,106.36125946044922,11.767169952392578,7.5033979415893555,1.240850567817688,0.9767574667930603
SB67029_component_691a,107.102966,16.747629,6.692999839782715,12.920848846435547,107.10285186767578,16.74728775024414,9.950187683105469,0.8545200824737549,0.6726506352424622
SB67029_component_695a,104.0424,12.227273,7.026000022888184,34.10679626464844,104.0425796508789,12.227291107177734,8.304429054260254,1.0748084783554077,0.8460545539855957
SB67029_component_697a,109.810328,15.806658,7.60699987411499,12.309062004089355,109.81060791015625,15.806577682495117,7.4348602294921875,1.299790382385254,1.0231530666351318
SB67029_component_699a,103.918667,12.299235,7.484000205993652,35.46919631958008,103.9188232421875,12.299307823181152,9.34850025177002,1.0170084238052368,0.8005562424659729
SB67029_component_705a,105.466011,11.87324,6.6479997634887695,33.57575607299805,105.46624755859375,11.873149871826172,7.524563312530518,1.1223864555358887,0.8835064172744751
SB67029_component_709a,105.101517,13.875503,6.690999984741211,38.01704406738281,105.10164642333984,13.875323295593262,9.00112247467041,0.9443371891975403,0.7433517575263977
SB67029_component_717a,105.890302,15.26096,7.052999973297119,40.3028564453125,105.89034271240234,15.260815620422363,5.820041179656982,1.5395030975341797,1.2118470668792725
SB67029_component_722a,104.91587,16.530734,6.627999782562256,15.818614959716797,104.91581726074219,16.53062629699707,7.510786056518555,1.1210623979568481,0.8824641704559326
SB67029_component_724a,106.746182,14.208536,6.843999862670898,36.99459457397461,106.74623107910156,14.208404541015625,8.610334396362305,1.0097705125808716,0.7948587536811829
SB67029_component_726a,104.928182,15.775493,7.341000080108643,37.26396179199219,104.92809295654297,15.7754545211792,9.66732120513916,0.9646767377853394,0.7593623995780945
SB67029_component_727a,105.02301,11.915806,7.40500020980835,35.94660186767578,105.02305603027344,11.915702819824219,9.304362297058105,1.0110466480255127,0.7958632707595825
SB67029_component_732a,107.905324,14.84501,6.571000099182129,35.71195602416992,107.90532684326172,14.844878196716309,9.346877098083496,0.8930950164794922,0.7030155658721924
SB67029_component_737a,104.472095,13.658391,6.267000198364258,35.811431884765625,104.4723129272461,13.658289909362793,9.104107856750488,0.8744903802871704,0.6883705854415894
SB67029_component_739a,109.809359,15.984253,6.4629998207092285,12.6974458694458,109.80937957763672,15.984246253967285,6.31225061416626,1.3007164001464844,1.0238820314407349
SB67029_component_742a,108.010176,15.693838,6.504000186920166,35.73626708984375,108.01034545898438,15.693740844726562,8.350031852722168,0.9895212650299072,0.7789192199707031
SB67029_component_744a,108.368727,11.504121,6.295000076293945,14.988096237182617,108.36876678466797,11.503974914550781,9.82966136932373,0.8135606050491333,0.6404086351394653
SB67029_component_745a,105.134626,13.155436,5.723999977111816,30.12631607055664,105.13470458984375,13.15533447265625,8.121377944946289,0.8953701853752136,0.7048065066337585
SB67029_component_747a,108.45806,14.952971,6.038000106811523,24.745901107788086,108.4581527709961,14.952814102172852,7.862176895141602,0.9756252765655518,0.767980694770813
SB67029_component_751a,107.653925,14.126019,6.517000198364258,34.30000305175781,107.65403747558594,14.125836372375488,8.895001411437988,0.9307529330253601,0.7326586842536926
SB67029_component_752a,107.143992,14.410832,6.085000038146973,32.71505355834961,107.14398193359375,14.410646438598633,7.226466655731201,1.0697131156921387,0.8420435786247253
SB67029_component_754a,105.033072,15.170409,6.248000144958496,36.53801345825195,105.0330810546875,15.170533180236816,7.376305103302002,1.0760560035705566,0.8470365405082703
SB67029_component_755a,108.30844,15.989508,6.665999889373779,31.443395614624023,108.30851745605469,15.989266395568848,8.268817901611328,1.0241289138793945,0.8061611652374268
SB67029_component_757a,108.641705,13.067901,6.314000129699707,29.231481552124023,108.64189910888672,13.067700386047363,8.194283485412598,0.9788729548454285,0.7705371975898743
SB67029_component_761a,105.821676,12.107792,6.504000186920166,38.03508758544922,105.82160949707031,12.107515335083008,4.405313014984131,1.8755838871002197,1.4763990640640259
SB67029_component_762a,104.792998,12.3299,5.960000038146973,29.359607696533203,104.79297637939453,12.329975128173828,5.4131364822387695,1.3987175226211548,1.1010252237319946
SB67029_component_765a,109.094711,13.172063,6.480000019073486,24.269664764404297,109.09503936767578,13.171849250793457,9.19747257232666,0.8950333595275879,0.7045413851737976
SB67029_component_769a,105.541862,11.386196,6.343999862670898,15.702969551086426,105.54207611083984,11.385952949523926,6.420507907867432,1.2552392482757568,0.9880837798118591
SB67029_component_772a,105.573984,15.893097,6.02400016784668,25.310924530029297,105.57389068603516,15.89322566986084,5.328563690185547,1.4361755847930908,1.1305110454559326
SB67029_component_775a,103.466658,15.03625,6.5320000648498535,26.661224365234375,103.46695709228516,15.036118507385254,6.085960865020752,1.3634830713272095,1.0732898712158203
SB67029_component_776a,105.055884,11.865722,6.4029998779296875,30.636362075805664,105.05598449707031,11.865697860717773,7.595460891723633,1.070932388305664,0.8430034518241882
SB67029_component_777a,109.242527,13.558146,5.860000133514404,13.168540000915527,109.2426986694336,13.557998657226562,9.090198516845703,0.8189492225646973,0.644650399684906
SB67029_component_779a,107.287389,11.615695,6.081999778747559,21.11805534362793,107.28746795654297,11.615692138671875,7.125816822052002,1.0842875242233276,0.853516161441803
SB67029_component_780a,105.783494,15.30485,6.3979997634887695,34.58378219604492,105.783447265625,15.30474853515625,7.908684253692627,1.0277149677276611,0.808984100818634
SB67029_component_782a,105.450734,12.252934,5.955999851226807,30.8601016998291,105.45076751708984,12.25293254852295,6.398496627807617,1.1825225353240967,0.9308436512947083
SB67029_component_783a,105.188109,15.812294,6.473999977111816,32.369998931884766,105.18804931640625,15.812213897705078,7.24791145324707,1.1347299814224243,0.8932228088378906
SB67029_component_784a,108.746708,13.672748,6.329999923706055,26.265560150146484,108.746826171875,13.672633171081543,5.1346635818481445,1.566117763519287,1.232797384262085
SB67029_component_785a,106.678563,11.379882,6.491000175476074,15.34515380859375,106.67847442626953,11.379779815673828,6.04409646987915,1.3643096685409546,1.0739405155181885
SB67029_component_788a,103.789954,16.131339,5.5370001792907715,15.046195983886719,103.7899398803711,16.13135528564453,6.322430610656738,1.1125593185424805,0.8757708072662354
SB67029_component_791a,109.161177,15.538141,6.366000175476074,23.49077606201172,109.16130065917969,15.537988662719727,7.352437973022461,1.0999374389648438,0.8658352494239807
SB67029_component_796a,104.720852,12.490943,6.133999824523926,30.824119567871094,104.72098541259766,12.490690231323242,6.840475559234619,1.1391743421554565,0.8967212438583374
SB67029_component_797a,106.627107,11.930513,6.14900016784668,32.3631591796875,106.62712860107422,11.930614471435547,7.189528465270996,1.0865176916122437,0.8552716970443726
SB67029_component_800a,107.101916,15.078588,5.664000034332275,28.606060028076172,107.1020278930664,15.078529357910156,7.873090744018555,0.913925290107727,0.7194125056266785
SB67029_component_802a,108.616445,16.004255,5.646999835968018,24.552173614501953,108.61646270751953,16.004165649414062,7.902789115905762,0.9077580571174622,0.7145578265190125
SB67029_component_803a,108.357945,14.573313,6.105000019073486,22.19999885559082,108.35796356201172,14.573128700256348,8.028164863586426,0.9660555720329285,0.7604477405548096
SB67029_component_806a,104.47036,11.5679,6.072999954223633,17.01120376586914,104.47071838378906,11.567679405212402,3.4479846954345703,2.237539291381836,1.7613186836242676
SB67029_component_807a,107.069083,13.478216,6.056000232696533,29.541465759277344,107.06900787353516,13.477978706359863,5.596373081207275,1.3747127056121826,1.0821294784545898
SB67029_component_809a,103.810961,13.559411,5.98799991607666,31.515789031982422,103.81095123291016,13.55929183959961,7.8471527099609375,0.9693986177444458,0.7630792856216431
SB67029_component_813a,105.317962,11.18231,5.168000221252441,95.70370483398438,105.31818389892578,11.182596206665039,4.413075923919678,1.4876947402954102,1.171065330505371
SB67029_component_817a,104.968502,11.670527,5.290999889373779,20.194656372070312,104.9686508178711,11.670403480529785,6.017224311828613,1.1170543432235718,0.8793090581893921
SB67029_component_823a,106.864704,15.668346,6.0879998207092285,31.54404067993164,106.8647689819336,15.66815185546875,6.877589702606201,1.1245301961898804,0.8851938247680664
SB67029_component_824a,107.31695,13.145081,5.840000152587891,29.644670486450195,107.31719207763672,13.144794464111328,6.382307052612305,1.1624327898025513,0.9150296449661255
SB67029_component_826a,109.297669,14.880337,5.617000102996826,14.184343338012695,109.2977294921875,14.879952430725098,3.670201301574707,1.9442282915115356,1.5304337739944458
SB67029_component_829a,103.779146,11.838202,5.196000099182129,23.093334197998047,103.77909088134766,11.838101387023926,6.693551063537598,0.9861552119255066,0.7762695550918579
SB67029_component_830a,105.66498,14.021061,5.507999897003174,29.61290168762207,105.66513061523438,14.020929336547852,7.496288776397705,0.9334269762039185,0.7347635626792908
SB67029_component_831a,106.247952,14.539392,5.84499979019165,32.83707809448242,106.2480239868164,14.5391845703125,7.684085845947266,0.9663289785385132,0.7606629729270935
SB67029_component_832a,106.824545,11.984321,5.955999851226807,32.1945915222168,106.82451629638672,11.984292030334473,7.903674602508545,0.9573226571083069,0.7535735368728638
SB67029_component_835a,108.697174,12.093971,5.573999881744385,23.820512771606445,108.6972885131836,12.093890190124512,7.2541093826293945,0.9761477708816528,0.768392026424408
SB67029_component_836a,104.208825,11.60993,5.586999893188477,16.24127769470215,104.20903015136719,11.609807968139648,8.1669340133667,0.8690651655197144,0.6841000318527222
SB67029_component_840a,107.343658,14.143313,5.53000020980835,30.72222137451172,107.34371948242188,14.143182754516602,7.290421009063721,0.9636187553405762,0.7585296034812927
SB67029_component_843a,108.211941,14.142351,5.335000038146973,26.674999237060547,108.21188354492188,14.142195701599121,6.188725471496582,1.0951306819915771,0.8620514869689941
SB67029_component_844a,105.004085,14.63288,5.729000091552734,32.005584716796875,105.00421142578125,14.632862091064453,4.834732532501221,1.5053555965423584,1.184967279434204
SB67029_component_845a,109.663301,14.67444,5.78000020980835,10.926277160644531,109.66324615478516,14.674251556396484,8.010270118713379,0.9166708588600159,0.7215737104415894
SB67029_component_846a,106.47062,13.098392,5.535999774932861,32.0,106.47074127197266,13.09816837310791,8.3433198928833,0.8429268598556519,0.6635248064994812
SB67029_component_848a,106.63479,15.153693,5.385000228881836,31.863906860351562,106.6348876953125,15.153525352478027,6.626140117645264,1.0324233770370483,0.8126903772354126
SB67029_component_849a,103.839413,13.53764,5.256999969482422,28.57065200805664,103.83967590332031,13.537579536437988,5.793153285980225,1.1528044939041138,0.9074504971504211
SB67029_component_854a,106.63575,15.264131,5.440000057220459,32.771087646484375,106.63591003417969,15.26394271850586,7.491464138031006,0.9224969148635864,0.7261598110198975
SB67029_component_856a,103.575232,13.359606,5.421999931335449,23.170940399169922,103.57536315917969,13.359583854675293,5.651509761810303,1.2187868356704712,0.9593896269798279
SB67029_component_857a,108.255726,12.067844,5.150000095367432,23.198198318481445,108.25569915771484,12.067726135253906,6.479751110076904,1.009675145149231,0.7947836518287659
SB67029_component_860a,107.922478,11.947084,5.702000141143799,25.11894416809082,107.92272186279297,11.946950912475586,6.99294900894165,1.0358564853668213,0.815392792224884
SB67029_component_861a,107.322723,13.95957,5.234000205993652,26.704082489013672,107.32276153564453,13.959209442138672,7.0408034324646,0.9443745017051697,0.7433810830116272
SB67029_component_862a,104.38926,15.276383,5.317999839782715,28.902172088623047,104.38932037353516,15.276252746582031,6.283619403839111,1.075155258178711,0.8463274836540222
SB67029_component_865a,109.033126,13.72788,4.732999801635742,16.607017517089844,109.0331802368164,13.727590560913086,5.9565558433532715,1.0094248056411743,0.7945866584777832
SB67029_component_866a,106.576025,14.432521,5.454999923706055,34.09375,106.57611083984375,14.432319641113281,6.884091854095459,1.0066553354263306,0.7924066185951233
SB67029_component_870a,109.394851,16.50167,4.864999771118164,11.132722854614258,109.39508819580078,16.50181770324707,7.390806674957275,0.8362261056900024,0.6582501530647278
SB67029_component_872a,104.797754,14.773047,5.11899995803833,26.251283645629883,104.79763793945312,14.772960662841797,5.851544380187988,1.1113409996032715,0.8748117685317993
SB67029_component_878a,107.580082,11.964152,5.289000034332275,28.283422470092773,107.58007049560547,11.963841438293457,6.700970649719238,1.0026943683624268,0.7892886400222778
SB67029_component_881a,105.866263,15.534663,5.335000038146973,29.804468154907227,105.86629486083984,15.534534454345703,6.827428817749023,0.992681622505188,0.7814068794250488
SB67029_component_884a,103.617831,11.543926,5.71999979019165,15.714285850524902,103.61805725097656,11.543673515319824,7.3894758224487305,0.9833658337593079,0.7740738391876221
SB67029_component_888a,103.923437,11.884951,5.53000020980835,25.366973876953125,103.9236068725586,11.88493824005127,7.97971248626709,0.8803809285163879,0.6930074691772461
SB67029_component_891a,105.936942,12.496956,4.956999778747559,26.650535583496094,105.93694305419922,12.496768951416016,6.932618618011475,0.908352255821228,0.7150256037712097
SB67029_component_892a,104.157336,11.766593,5.045000076293945,18.345455169677734,104.15746307373047,11.766593933105469,6.691626071929932,0.9577721953392029,0.7539273500442505
SB67029_component_894a,107.542321,11.983891,5.122000217437744,25.868688583374023,107.54238891601562,11.983749389648438,6.3054633140563965,1.0319421291351318,0.8123114705085754
SB67029_component_896a,105.581957,11.603073,5.691999912261963,19.902095794677734,105.58193969726562,11.603113174438477,6.715231895446777,1.0768038034439087,0.847625195980072
SB67029_component_901a,104.868738,11.331777,5.622000217437744,11.663901329040527,104.86873626708984,11.332549095153809,5.8010663986206055,1.231163501739502,0.9691321849822998
SB67029_component_902a,106.83925,15.306633,5.293000221252441,27.56770896911621,106.8393325805664,15.30642032623291,6.471133708953857,1.0390925407409668,0.8179401755332947
SB67029_component_903a,105.830309,11.848935,5.254000186920166,27.36458396911621,105.83032989501953,11.849030494689941,4.713508129119873,1.416049838066101,1.1146687269210815
SB67029_component_906a,106.357838,14.884247,5.310999870300293,27.096939086914062,106.3578109741211,14.884117126464844,6.8894877433776855,0.9793142676353455,0.7708845734596252
SB67029_component_909a,109.231005,16.314126,5.0329999923706055,18.23550796508789,109.23100280761719,16.31422233581543,5.6603474617004395,1.129578948020935,0.8891680240631104
SB67029_component_911a,107.354924,12.737367,5.394999980926514,29.48087501525879,107.35515594482422,12.737186431884766,9.229137420654297,0.7426138520240784,0.5845616459846497
SB67029_component_912a,104.829534,16.037282,5.644000053405762,26.497652053833008,104.82959747314453,16.03717613220215,5.7671709060668945,1.2432454824447632,0.9786427617073059
SB67029_component_916a,109.290546,12.650346,4.934999942779541,18.2103328704834,109.29053497314453,12.650216102600098,3.2383947372436523,1.9359320402145386,1.5239031314849854
SB67029_component_919a,103.231713,15.016756,4.651000022888184,13.101408958435059,103.23163604736328,15.016693115234375,3.7280426025390625,1.5848865509033203,1.247571587562561
SB67029_component_920a,106.84865,11.75246,5.146999835968018,24.164318084716797,106.84881591796875,11.752349853515625,6.865262031555176,0.9524227380752563,0.7497164607048035
SB67029_component_923a,105.308457,14.965885,4.541999816894531,25.51685333251953,105.30850982666016,14.965813636779785,5.668932914733887,1.017837643623352,0.8012089729309082
SB67029_component_925a,104.384884,11.805482,5.001999855041504,20.333332061767578,104.38482666015625,11.805336952209473,6.913437366485596,0.9191414713859558,0.7235184907913208
SB67029_component_927a,105.81806,12.815703,4.789999961853027,24.191919326782227,105.81819915771484,12.81547737121582,7.745548248291016,0.7856264114379883,0.6184197664260864
SB67029_component_930a,106.478357,15.330883,4.751999855041504,26.847455978393555,106.47852325439453,15.33067512512207,7.249678134918213,0.8327035307884216,0.6554773449897766
SB67029_component_936a,105.44356,15.67197,5.054999828338623,25.14925193786621,105.44344329833984,15.672022819519043,6.479586124420166,0.9910751581192017,0.7801423668861389
SB67029_component_937a,105.28928,15.775295,5.057000160217285,25.41206169128418,105.28927612304688,15.775229454040527,6.41378927230835,1.001638412475586,0.7884575128555298
SB67029_component_938a,106.060843,15.588412,5.310999870300293,27.51813316345215,106.06106567382812,15.588536262512207,5.6280341148376465,1.1988153457641602,0.9436687231063843
SB67029_component_939a,106.21552,12.214945,4.704999923706055,22.404762268066406,106.21564483642578,12.214924812316895,6.153988361358643,0.9712603688240051,0.7645448446273804
SB67029_component_941a,109.418896,13.301058,5.078000068664551,10.258585929870605,109.41925048828125,13.300941467285156,7.27673864364624,0.8865202069282532,0.6978400945663452
SB67029_component_943a,105.601182,13.791172,5.025000095367432,26.587303161621094,105.60112762451172,13.791091918945312,6.034110069274902,1.0579266548156738,0.8327657580375671
SB67029_component_944a,103.407694,15.017858,5.13100004196167,19.289474487304688,103.40773010253906,15.017763137817383,5.733295917510986,1.1369212865829468,0.8949477076530457
SB67029_component_948a,104.606921,11.563283,4.840000152587891,14.938272476196289,104.607177734375,11.56299114227295,5.655532360076904,1.0871877670288086,0.8557991981506348
SB67029_component_949a,105.571457,15.73586,5.033999919891357,26.49473762512207,105.57133483886719,15.735743522644043,6.545858383178711,0.9769657254219055,0.7690358757972717
SB67029_component_951a,108.095048,13.292747,5.074999809265137,25.76142120361328,108.0953369140625,13.292543411254883,5.376748561859131,1.199082374572754,0.9438789486885071
SB67029_component_953a,105.735708,16.425692,4.40500020980835,13.03254508972168,105.73594665527344,16.42588996887207,6.736605644226074,0.8306871652603149,0.6538901925086975
SB67029_component_957a,104.150767,14.799181,4.443999767303467,23.513227462768555,104.1507797241211,14.79911994934082,5.9262285232543945,0.9526389241218567,0.749886691570282
SB67029_component_959a,105.778644,13.831819,4.544000148773193,24.562162399291992,105.77867126464844,13.831607818603516,5.920549392700195,0.9750099778175354,0.7674963474273682
SB67029_component_962a,108.087931,13.016179,4.88700008392334,25.19072151184082,108.08785247802734,13.015969276428223,6.663109302520752,0.9317472577095032,0.7334413528442383
SB67029_component_965a,105.264826,14.750696,4.867000102996826,26.889503479003906,105.26487731933594,14.750670433044434,6.038750648498535,1.023875117301941,0.8059614300727844
SB67029_component_968a,107.468121,16.536484,5.132999897003174,13.195372581481934,107.46776580810547,16.53668212890625,6.0782365798950195,1.0728187561035156,0.8444883227348328
SB67029_component_969a,109.274335,15.567726,4.252999782562256,14.975350379943848,109.27433776855469,15.567479133605957,5.215466499328613,1.0359407663345337,0.815459132194519
SB67029_component_970a,103.718968,15.897847,4.9079999923706055,14.350876808166504,103.718994140625,15.8977689743042,6.435691833496094,0.9688175916671753,0.7626219987869263
SB67029_component_981a,108.880245,15.720809,4.613999843597412,22.50731658935547,108.88021850585938,15.72070598602295,3.877845525741577,1.5115405321121216,1.1898359060287476
SB67029_component_983a,109.490244,15.46779,4.796999931335449,10.163135528564453,109.49081420898438,15.46780776977539,3.25399112701416,1.872776985168457,1.4741896390914917
SB67029_component_988a,107.765321,11.635484,4.414000034332275,15.597173690795898,107.765380859375,11.635336875915527,5.9590559005737305,0.9409956336021423,0.7407213449478149
SB67029_component_990a,107.43637,14.411408,4.629000186920166,26.757226943969727,107.43653106689453,14.411187171936035,6.681273460388184,0.880158007144928,0.6928319931030273
SB67029_component_992a,107.52759,13.870693,5.191999912261963,29.16853904724121,107.5276870727539,13.87032413482666,6.677215576171875,0.9878067374229431,0.777569591999054
SB67029_component_993a,105.172188,12.202889,4.447000026702881,22.124378204345703,105.17235565185547,12.202874183654785,6.003737449645996,0.9409751892089844,0.7407052516937256
SB67029_component_998a,104.086489,13.802096,4.626999855041504,24.481481552124023,104.08660125732422,13.802130699157715,6.472652912139893,0.908133864402771,0.7148537039756775
SB67029_component_999a,104.265296,14.720424,4.7789998054504395,23.89499855041504,104.26531982421875,14.720381736755371,6.855165004730225,0.8856289386749268,0.6971385478973389
SB67029_component_1001a,107.425675,13.490427,4.673999786376953,24.343748092651367,107.42586517333984,13.490196228027344,4.869106292724609,1.219472885131836,0.9599297046661377
SB67029_component_1003a,105.467626,11.767363,4.440999984741211,19.06008529663086,105.46733093261719,11.767036437988281,3.7215962409973145,1.5159478187561035,1.1933051347732544
SB67029_component_1005a,104.759715,11.574758,4.507999897003174,14.44871711730957,104.75965881347656,11.574821472167969,5.195729732513428,1.1022244691848755,0.8676355481147766
SB67029_component_1012a,108.441286,13.106786,4.565000057220459,20.656108856201172,108.44115447998047,13.106457710266113,5.145378589630127,1.1270837783813477,0.8872039318084717
SB67029_component_1014a,106.466234,12.420148,4.6570000648498535,23.402009963989258,106.46627807617188,12.4199857711792,4.478206157684326,1.3210976123809814,1.0399253368377686
SB67029_component_1015a,105.822376,14.136265,4.9029998779296875,27.700563430786133,105.8223648071289,14.135993003845215,6.230678081512451,0.9996760487556458,0.786912739276886
SB67029_component_1021a,104.270111,12.949165,4.452000141143799,22.59898567199707,104.27035522460938,12.948978424072266,5.601193428039551,1.009734869003296,0.7948306202888489
SB67029_component_1023a,109.217334,14.480946,4.09499979019165,17.57510757446289,109.2175064086914,14.480637550354004,6.943922996520996,0.7491723299026489,0.5897242426872253
SB67029_component_1024a,103.623415,13.021664,4.622000217437744,15.154098510742188,103.62332916259766,13.021453857421875,7.285240650177002,0.8059698343276978,0.6344334483146667
SB67029_component_1026a,109.202957,16.191994,4.201000213623047,16.60474395751953,109.20289611816406,16.191940307617188,5.755930423736572,0.9271923899650574,0.7298559546470642
SB67029_component_1027a,106.431757,12.483185,4.815999984741211,26.461538314819336,106.43182373046875,12.483136177062988,3.684636354446411,1.660445213317871,1.3070489168167114
SB67029_component_1028a,106.377882,15.909585,4.211999893188477,23.14285659790039,106.37801361083984,15.909646987915039,5.03099250793457,1.0635732412338257,0.8372105360031128
SB67029_component_1029a,107.920389,13.795054,4.557000160217285,25.17679786682129,107.92033386230469,13.79478645324707,4.761296272277832,1.215868353843689,0.9570923447608948
SB67029_component_1033a,105.850517,16.171585,4.4019999504089355,19.56444549560547,105.85038757324219,16.171611785888672,5.8127923011779785,0.9620506763458252,0.7572952508926392
SB67029_component_1039a,108.064908,15.65864,4.678999900817871,24.88829803466797,108.06500244140625,15.658465385437012,6.427515506744385,0.9247889518737793,0.7279639840126038
SB67029_component_1042a,105.742906,15.538961,4.574999809265137,25.137361526489258,105.7428970336914,15.538740158081055,5.969157695770264,0.9736676812171936,0.7664397358894348
SB67029_component_1045a,109.0852,14.033515,4.504000186920166,16.805971145629883,109.08528137207031,14.033164024353027,3.414175271987915,1.675889253616333,1.3192058801651
SB67029_component_1048a,103.526319,15.229279,4.440999984741211,20.00450325012207,103.52642059326172,15.229180335998535,4.922208309173584,1.1461818218231201,0.9022372961044312
SB67029_component_1050a,106.871413,14.615655,4.668000221252441,26.522727966308594,106.87141418457031,14.615520477294922,6.427373886108398,0.9226351380348206,0.7262686491012573
SB67029_component_1052a,104.927671,13.489195,4.375,22.78645896911621,104.92784118652344,13.488965034484863,4.581658840179443,1.2130759954452515,0.9548943042755127
SB67029_component_1054a,105.602486,15.755014,4.163000106811523,22.3817195892334,105.60236358642578,15.754924774169922,4.854864120483398,1.0893365144729614,0.8574905395507812
SB67029_component_1057a,106.141987,14.461798,4.130000114440918,23.735633850097656,106.14210510253906,14.46152114868164,4.227872848510742,1.2409688234329224,0.9768505692481995
SB67029_component_1062a,107.10102,16.314817,3.378999948501587,14.440171241760254,107.10108947753906,16.314828872680664,5.357052326202393,0.8012997508049011,0.6307573318481445
SB67029_component_1064a,106.483486,14.318454,3.875999927520752,22.799999237060547,106.4835205078125,14.31828498840332,5.576549053192139,0.8829801678657532,0.6950535178184509
SB67029_component_1066a,105.091581,11.730478,4.035999774932861,17.54782485961914,105.09172821044922,11.730695724487305,1.451316475868225,3.5328218936920166,2.780923366546631
SB67029_component_1067a,108.745774,15.990664,4.710999965667725,22.221698760986328,108.74581909179688,15.990679740905762,5.615630626678467,1.0657302141189575,0.8389084339141846
SB67029_component_1069a,105.186849,13.678805,3.989000082015991,21.21808624267578,105.18696594238281,13.678598403930664,5.7707390785217285,0.8781431317329407,0.691245973110199
SB67029_component_1072a,104.889645,14.92877,4.0879998207092285,22.461538314819336,104.88973999023438,14.928871154785156,3.643461227416992,1.425376057624817,1.1220099925994873
SB67029_component_1086a,108.016056,16.06369,4.258999824523926,21.61928939819336,108.0159912109375,16.06357192993164,7.02854585647583,0.7697946429252625,0.6059574484825134
SB67029_component_1087a,107.21372,14.081131,3.6760001182556152,20.197803497314453,107.21385192871094,14.080850601196289,5.807873249053955,0.804064929485321,0.6329339146614075
SB67029_component_1088a,107.033927,14.587564,4.289000034332275,24.50857162475586,107.0339126586914,14.58755874633789,6.166329860687256,0.883612871170044,0.6955515146255493
SB67029_component_1095a,109.275884,14.420467,4.3470001220703125,17.742856979370117,109.27581024169922,14.42000961303711,5.150950908660889,1.072099208831787,0.8439218401908875
SB67029_component_1096a,107.789771,14.119295,3.8540000915527344,19.764102935791016,107.78987121582031,14.118888854980469,5.002719402313232,0.978674590587616,0.7703810334205627
SB67029_component_1100a,103.978441,15.41956,3.802999973297119,18.196170806884766,103.97835540771484,15.41917896270752,2.8805418014526367,1.6771999597549438,1.3202377557754517
SB67029_component_1103a,106.260449,13.522242,4.39900016784668,22.792747497558594,106.260498046875,13.521987915039062,5.537081718444824,1.0092662572860718,0.7944618463516235
SB67029_component_1105a,108.729439,13.965615,3.878999948501587,18.297170639038086,108.72960662841797,13.965353012084961,4.150604248046875,1.1872472763061523,0.9345626831054688
SB67029_component_1110a,103.234138,14.971038,3.8429999351501465,10.248000144958496,103.23431396484375,14.970549583435059,4.270455360412598,1.14321768283844,0.8999040126800537
SB67029_component_1111a,103.433978,15.570014,3.5759999752044678,11.037036895751953,103.4338150024414,15.570060729980469,4.286503314971924,1.0598076581954956,0.8342463970184326
SB67029_component_1112a,104.821968,14.392098,3.811000108718872,21.53107452392578,104.82195281982422,14.392193794250488,3.682856798171997,1.3145794868469238,1.034794569015503
SB67029_component_1119a,106.435712,14.486192,4.3420000076293945,25.541175842285156,106.43583679199219,14.485963821411133,5.116455554962158,1.0780857801437378,0.8486343622207642
SB67029_component_1123a,106.511296,15.474393,3.6600000858306885,20.446928024291992,106.51152801513672,15.47398853302002,1.7621673345565796,2.6385579109191895,2.0769877433776855
SB67029_component_1127a,107.975223,14.306308,4.122000217437744,21.809524536132812,107.97505187988281,14.306056022644043,4.462782382965088,1.173370122909546,0.9236390590667725
SB67029_component_1129a,105.917964,15.816778,3.697000026702881,19.77005386352539,105.91793823242188,15.817026138305664,6.195410251617432,0.7580748200416565,0.5967320799827576
SB67029_component_1130a,103.43712,13.168679,4.130000114440918,12.255192756652832,103.43712615966797,13.168641090393066,4.775702476501465,1.098615050315857,0.8647942543029785
SB67029_component_1131a,107.419637,12.08353,4.25600004196167,22.399999618530273,107.41966247558594,12.083643913269043,2.2739601135253906,2.3776695728302,1.8716247081756592
SB67029_component_1134a,104.881261,12.396459,3.6989998817443848,18.58793830871582,104.8812484741211,12.39658260345459,5.897148132324219,0.7968471050262451,0.6272523403167725
SB67029_component_1135a,107.937193,14.802025,4.160999774932861,21.44845199584961,107.93722534179688,14.80170726776123,7.660243511199951,0.6900615096092224,0.5431941747665405
SB67029_component_1136a,109.128117,16.075574,4.228000164031982,19.218183517456055,109.1280517578125,16.07553482055664,6.613718032836914,0.8121234774589539,0.6392773389816284
SB67029_component_1138a,108.057127,11.826562,3.937000036239624,13.079734802246094,108.0570297241211,11.826610565185547,5.185543537139893,0.9645035862922668,0.7592260837554932
SB67029_component_1139a,103.781481,16.04154,3.6059999465942383,10.796407699584961,103.78132629394531,16.0413818359375,4.846601963043213,0.9451942443847656,0.7440264225006104
SB67029_component_1142a,107.865139,16.353813,3.805999994277954,14.416666984558105,107.86503601074219,16.353879928588867,4.069531440734863,1.1881111860275269,0.9352428317070007
SB67029_component_1145a,103.632075,11.488974,4.2129998207092285,11.702776908874512,103.6323013305664,11.488866806030273,4.3618316650390625,1.2270301580429077,0.9658786058425903
SB67029_component_1146a,104.58456,13.747807,4.22599983215332,23.0928955078125,104.58479309082031,13.747421264648438,5.298001289367676,1.013328194618225,0.7976592779159546
SB67029_component_1149a,105.172141,14.50894,3.947000026702881,23.217647552490234,105.17223358154297,14.508874893188477,4.335875988006592,1.1564396619796753,0.9103119969367981
SB67029_component_1151a,105.245976,14.996869,3.796999931335449,22.075580596923828,105.245849609375,14.996781349182129,4.638366222381592,1.0399399995803833,0.8186072111129761
SB67029_component_1154a,104.170877,14.342821,4.11299991607666,21.53403091430664,104.17083740234375,14.342766761779785,4.689877033233643,1.1141148805618286,0.8769952654838562
SB67029_component_1157a,108.854179,15.003539,4.0370001792907715,15.119851112365723,108.85426330566406,15.003579139709473,6.0008463859558105,0.8546316027641296,0.6727384924888611
SB67029_component_1159a,107.089146,16.076393,3.246999979019165,17.363636016845703,107.08905792236328,16.07624626159668,4.378033638000488,0.9421843886375427,0.7416571378707886
SB67029_component_1160a,105.79244,13.744564,4.0370001792907715,22.303869247436523,105.79244232177734,13.744470596313477,4.695615768432617,1.0921918153762817,0.8597381711006165
SB67029_component_1162a,106.358548,12.842903,3.494999885559082,19.74576187133789,106.35883331298828,12.842799186706543,4.461894512176514,0.9950858950614929,0.7832995057106018
SB67029_component_1164a,105.853949,12.766533,3.9579999446868896,22.111730575561523,105.85393524169922,12.76623821258545,3.7598912715911865,1.3373134136199951,1.052690029144287
SB67029_component_1165a,109.150731,14.305805,3.4170000553131104,14.986842155456543,109.150634765625,14.305272102355957,4.612165451049805,0.9411802887916565,0.7408667802810669
SB67029_component_1167a,106.433565,13.092671,4.254000186920166,23.119565963745117,106.433837890625,13.092419624328613,4.8423686027526855,1.1160210371017456,0.8784957528114319
SB67029_component_1178a,106.433837,13.228705,3.882999897003174,22.841175079345703,106.43389129638672,13.22834300994873,2.2009053230285645,2.2412936687469482,1.7642738819122314
SB67029_component_1179a,108.427529,16.184007,3.928999900817871,16.30290412902832,108.42737579345703,16.183732986450195,3.1726832389831543,1.5732147693634033,1.2383838891983032
SB67029_component_1181a,106.914036,13.257222,3.8450000286102295,18.7560977935791,106.91411590576172,13.25693416595459,5.2408976554870605,0.9320160746574402,0.7336529493331909
SB67029_component_1186a,106.103802,12.360811,3.75600004196167,20.085561752319336,106.10385131835938,12.360636711120605,4.994905948638916,0.9552806615829468,0.751966118812561
SB67029_component_1187a,105.507769,16.058563,3.9170000553131104,16.389122009277344,105.50765228271484,16.058786392211914,3.8137614727020264,1.3047664165496826,1.0270700454711914
SB67029_component_1190a,104.67943,14.652769,3.490000009536743,18.17708396911621,104.67935943603516,14.652445793151855,4.43654203414917,0.9993406534194946,0.786648690700531
SB67029_component_1196a,104.413752,13.667378,3.562999963760376,19.469945907592773,104.41390228271484,13.667207717895508,4.637100696563721,0.9761173129081726,0.7683680653572083
SB67029_component_1197a,109.104884,13.676052,3.4230000972747803,10.127219200134277,109.10504913330078,13.675804138183594,4.007491111755371,1.0850932598114014,0.8541504144668579
SB67029_component_1201a,104.425207,13.037073,3.6510000228881836,19.842391967773438,104.42534637451172,13.036916732788086,3.5106184482574463,1.3211767673492432,1.0399876832962036
SB67029_component_1203a,103.375238,13.785717,3.680999994277954,13.583025932312012,103.37530517578125,13.78532886505127,6.539677143096924,0.7150595784187317,0.5628718137741089
SB67029_component_1204a,109.298909,12.805976,3.51200008392334,13.404581069946289,109.29920959472656,12.805967330932617,5.347995758056641,0.8342499136924744,0.6566946506500244
SB67029_component_1207a,106.507322,15.850055,3.5399999618530273,18.53403091430664,106.50739288330078,15.850140571594238,4.62412691116333,0.9725372195243835,0.765549898147583
SB67029_component_1215a,107.812944,15.970127,3.6029999256134033,18.963157653808594,107.81293487548828,15.96994400024414,4.731992244720459,0.9672816395759583,0.7614129185676575
SB67029_component_1216a,108.364231,15.525181,3.503000020980835,17.087804794311523,108.36439514160156,15.525004386901855,3.8800508975982666,1.1469260454177856,0.9028232097625732
SB67029_component_1220a,106.648473,15.357792,3.990999937057495,21.690216064453125,106.64859008789062,15.35782527923584,5.160667896270752,0.9824456572532654,0.7733495235443115
SB67029_component_1224a,108.194478,14.617554,3.5399999618530273,16.465116500854492,108.19429779052734,14.617276191711426,5.054659843444824,0.8897008895874023,0.7003438472747803
SB67029_component_1228a,107.025099,13.918703,3.384999990463257,19.56647491455078,107.02532958984375,13.918513298034668,5.119384765625,0.8399890065193176,0.6612122654914856
SB67029_component_1229a,106.63595,12.676199,3.869999885559082,21.7415714263916,106.6360855102539,12.676023483276367,3.333841323852539,1.474683165550232,1.160823106765747
SB67029_component_1230a,106.376199,15.064964,3.7769999504089355,22.2176456451416,106.37626647949219,15.064891815185547,5.0676960945129395,0.9468237161636353,0.7453091144561768
SB67029_component_1231a,107.195219,14.058366,3.5169999599456787,19.64804458618164,107.19520568847656,14.058012962341309,4.653841018676758,0.9600493311882019,0.7557198405265808
SB67029_component_1232a,107.088411,14.160704,3.506999969482422,21.126506805419922,107.0888900756836,14.160343170166016,2.0512197017669678,2.171982526779175,1.709714412689209
SB67029_component_1237a,106.187744,12.364505,3.5209999084472656,19.032432556152344,106.18771362304688,12.364153861999512,4.958141326904297,0.9021522402763367,0.710145115852356
SB67029_component_1241a,106.371311,14.418956,3.6740000247955322,20.757062911987305,106.37129211425781,14.41887378692627,4.969269752502441,0.939245879650116,0.73934406042099
SB67029_component_1249a,107.111956,13.324538,3.4119999408721924,18.148937225341797,107.11216735839844,13.324305534362793,4.467437744140625,0.9702490568161011,0.7637487649917603
SB67029_component_1250a,108.749404,14.83039,3.3510000705718994,12.09747314453125,108.74958038330078,14.830141067504883,4.310359477996826,0.9876286387443542,0.7774294018745422
SB67029_component_1252a,106.030987,11.635152,3.3559999465942383,11.816901206970215,106.03087615966797,11.63516616821289,4.869039058685303,0.875611424446106,0.689253032207489
SB67029_component_1255a,105.578341,11.702628,3.249000072479248,14.376107215881348,105.57813262939453,11.702228546142578,4.503383636474609,0.916523277759552,0.7214575409889221
SB67029_component_1258a,103.449381,14.844919,3.441999912261963,11.067523956298828,103.44932556152344,14.84499740600586,3.332516670227051,1.3121130466461182,1.0328530073165894
SB67029_component_1259a,104.349691,12.72458,3.496000051498413,18.795698165893555,104.34988403320312,12.7244234085083,2.9690775871276855,1.4958312511444092,1.177470088005066
SB67029_component_1262a,108.249683,12.961269,3.2179999351501465,15.251184463500977,108.24950408935547,12.961155891418457,4.712002277374268,0.8675873875617981,0.6829368472099304
SB67029_component_1263a,107.086971,12.841673,3.3389999866485596,18.549999237060547,107.0871810913086,12.841514587402344,5.62884521484375,0.7535808086395264,0.5931944847106934
SB67029_component_1266a,108.249608,14.285989,3.197999954223633,14.80555534362793,108.24948120117188,14.286038398742676,5.057865142822266,0.8032373785972595,0.632282555103302
SB67029_component_1271a,104.817316,14.247073,3.2639999389648438,17.454544067382812,104.81736755371094,14.247140884399414,5.040995121002197,0.8225581049919128,0.6474912166595459
SB67029_component_1272a,104.981558,15.50564,3.5369999408721924,19.016128540039062,104.98155212402344,15.50562572479248,4.915414333343506,0.9141293168067932,0.7195730805397034
SB67029_component_1275a,104.607333,13.875633,3.6050000190734863,20.252809524536133,104.60758972167969,13.875271797180176,4.226648807525635,1.0835322141647339,0.8529216051101685
SB67029_component_1276a,106.160279,14.080503,3.234999895095825,17.77472496032715,106.16029357910156,14.08012866973877,3.0971999168395996,1.3268985748291016,1.0444917678833008
SB67029_component_1284a,105.046462,15.864061,3.561000108718872,18.355670928955078,105.04645538330078,15.864240646362305,2.918428659439087,1.5500853061676025,1.220177173614502
SB67029_component_1286a,104.618114,15.697898,3.4159998893737793,16.910890579223633,104.61817169189453,15.697816848754883,3.675182342529297,1.1807873249053955,0.9294776320457458
SB67029_component_1288a,108.131315,12.0006,3.187000036239624,12.54724407196045,108.13156127929688,12.000858306884766,4.22437047958374,0.9584132432937622,0.754431962966919
SB67029_component_1297a,106.783785,11.622542,2.993000030517578,11.69140625,106.78382873535156,11.622417449951172,4.865045070648193,0.7815424203872681,0.6152049899101257
SB67029_component_1298a,106.541303,12.508842,3.5260000228881836,19.267759323120117,106.54150390625,12.508804321289062,4.665344715118408,0.9601327776908875,0.7557855248451233
SB67029_component_1301a,104.353668,11.888707,3.381999969482422,13.314960479736328,104.35386657714844,11.88856315612793,4.501837253570557,0.9543694853782654,0.751248836517334
SB67029_component_1309a,106.875115,14.894549,3.0739998817443848,17.269662857055664,106.87512969970703,14.894392013549805,3.3004350662231445,1.1832196712493896,0.9313923120498657
SB67029_component_1310a,108.640465,11.93687,3.072000026702881,13.533040046691895,108.64041137695312,11.936614036560059,3.9574968814849854,0.9861281514167786,0.7762482762336731
SB67029_component_1314a,103.922978,15.507128,2.9809999465942383,13.929905891418457,103.92333221435547,15.507065773010254,4.494820594787598,0.8425241112709045,0.6632077693939209
SB67029_component_1318a,106.243096,15.434335,2.992000102996826,15.583333969116211,106.24333190917969,15.434045791625977,3.2362022399902344,1.1745152473449707,0.9245405197143555
SB67029_component_1322a,106.874481,15.123308,3.2070000171661377,18.11864471435547,106.87460327148438,15.12313461303711,4.4664306640625,0.9121601581573486,0.7180230021476746
SB67029_component_1324a,104.925184,13.252257,2.759000062942505,15.856322288513184,104.92495727539062,13.252182006835938,4.10103178024292,0.8546558618545532,0.6727575659751892
SB67029_component_1325a,105.856391,13.174871,3.2739999294281006,17.989011764526367,105.85646057128906,13.174912452697754,2.7488062381744385,1.5130985975265503,1.1910624504089355
SB67029_component_1326a,109.416808,12.729213,3.0329999923706055,10.109999656677246,109.41700744628906,12.729042053222656,2.826397657394409,1.3632385730743408,1.0730973482131958
SB67029_component_1334a,107.862155,12.07555,3.1610000133514404,12.797571182250977,107.86203002929688,12.07524299621582,3.9703972339630127,1.0114006996154785,0.7961419820785522
SB67029_component_1337a,106.241449,13.956726,3.0139999389648438,16.93258285522461,106.24159240722656,13.956534385681152,3.987189292907715,0.9603047966957092,0.755920946598053
SB67029_component_1341a,104.774846,15.302199,3.1489999294281006,17.494443893432617,104.77491760253906,15.302107810974121,4.103281497955322,0.9749314188957214,0.7674345374107361
SB67029_component_1343a,106.399632,13.11309,2.7639999389648438,15.615818977355957,106.39970397949219,13.112789154052734,3.462573766708374,1.0140788555145264,0.798250138759613
SB67029_component_1344a,105.69161,12.154884,3.0889999866485596,17.65142822265625,105.69168090820312,12.154531478881836,4.095983982086182,0.9580592513084412,0.754153311252594
SB67029_component_1347a,107.276506,16.218296,3.109999895095825,13.761061668395996,107.27659606933594,16.21845245361328,2.3137030601501465,1.7075973749160767,1.344165563583374
SB67029_component_1352a,107.914161,13.882851,3.1570000648498535,16.79255485534668,107.91414642333984,13.882625579833984,2.84901762008667,1.407706618309021,1.10810124874115
SB67029_component_1353a,107.374084,13.405776,2.815999984741211,15.558011054992676,107.37423706054688,13.40567684173584,3.8822243213653564,0.9214775562286377,0.7253573536872864
SB67029_component_1357a,105.892323,15.125629,2.763000011444092,16.544910430908203,105.89230346679688,15.125431060791016,3.730306625366211,0.9409554600715637,0.7406898140907288
SB67029_component_1369a,104.056625,15.693037,3.058000087738037,12.848739624023438,104.05670928955078,15.692879676818848,3.9031896591186523,0.9952921271324158,0.7834618091583252
SB67029_component_1371a,107.150162,13.237598,3.009000062942505,14.750000953674316,107.15016174316406,13.23736572265625,3.877744436264038,0.9857702851295471,0.7759665846824646
SB67029_component_1379a,104.116094,12.666636,2.8369998931884766,13.906862258911133,104.11602020263672,12.666568756103516,4.489487648010254,0.8027775883674622,0.6319206357002258
SB67029_component_1380a,108.965956,15.996564,3.25600004196167,16.44444465637207,108.9661865234375,15.996562957763672,4.279178142547607,0.9666221737861633,0.7608937621116638
SB67029_component_1384a,107.37086,16.022105,3.0810000896453857,16.38829803466797,107.37102508544922,16.022117614746094,3.1832120418548584,1.229585886001587,0.9678903222084045
SB67029_component_1387a,107.421825,15.711693,2.821000099182129,13.628019332885742,107.42194366455078,15.711560249328613,3.459991931915283,1.0357638597488403,0.815319836139679
SB67029_component_1392a,106.527907,13.151314,2.7100000381469727,13.969072341918945,106.52796936035156,13.151077270507812,3.172515630722046,1.0851712226867676,0.8542117476463318
SB67029_component_1394a,108.482875,15.610588,3.1059999465942383,15.22549057006836,108.48274230957031,15.610172271728516,3.52024507522583,1.1208854913711548,0.8823249340057373
SB67029_component_1396a,106.003536,14.106089,2.940999984741211,15.560847282409668,106.00352478027344,14.105761528015137,3.3771073818206787,1.106325387954712,0.8708636164665222
SB67029_component_1397a,105.571377,13.865499,2.7730000019073486,16.028902053833008,105.57158660888672,13.865382194519043,2.8378920555114746,1.241328477859497,0.9771336913108826
SB67029_component_1398a,105.665456,13.672761,3.197000026702881,18.479768753051758,105.66560363769531,13.672525405883789,3.29179310798645,1.2337945699691772,0.9712032079696655
SB67029_component_1399a,107.7117,12.863309,3.0759999752044678,16.44919776916504,107.71163940429688,12.863058090209961,4.058201789855957,0.9629094004631042,0.7579711675643921
SB67029_component_1402a,106.624788,16.074848,3.0510001182556152,14.059908866882324,106.62474060058594,16.074613571166992,4.010735988616943,0.9663865566253662,0.7607082724571228
SB67029_component_1403a,106.83767,12.709082,2.989000082015991,16.513813018798828,106.83768463134766,12.709137916564941,4.4060869216918945,0.8617982268333435,0.6783797144889832
SB67029_component_1404a,107.168521,11.922811,2.563999891281128,12.949494361877441,107.16876220703125,11.92275619506836,3.8049495220184326,0.8560553193092346,0.6738591194152832
SB67029_component_1407a,106.138584,15.35659,2.8959999084472656,14.552762985229492,106.13873291015625,15.356453895568848,4.697998046875,0.7831021547317505,0.616432785987854
SB67029_component_1409a,104.286053,11.789771,2.7709999084472656,10.378276824951172,104.28606414794922,11.789935111999512,3.366299867630005,1.0457223653793335,0.8231589794158936
SB67029_component_1410a,107.047663,13.460456,3.1630001068115234,16.647369384765625,107.04780578613281,13.460318565368652,3.6986002922058105,1.0864118337631226,0.8551884293556213
SB67029_component_1413a,104.62328,15.995789,3.0490000247955322,12.810924530029297,104.62313842773438,15.995776176452637,2.54461407661438,1.5221877098083496,1.1982170343399048
SB67029_component_1415a,107.486226,14.728467,3.114000082015991,17.10988998413086,107.48613739013672,14.728476524353027,3.439199447631836,1.1502546072006226,0.9054433107376099
SB67029_component_1420a,104.325948,12.968672,3.1549999713897705,15.315533638000488,104.32628631591797,12.968759536743164,3.9498136043548584,1.0147415399551392,0.798771858215332
SB67029_component_1422a,107.881766,15.618139,3.138000011444092,17.433332443237305,107.88201141357422,15.617962837219238,3.43168306350708,1.161658525466919,0.9144201278686523
SB67029_component_1424a,108.099998,12.072596,3.194000005722046,13.47679328918457,108.10017395019531,12.072362899780273,4.272821426391602,0.949626624584198,0.7475154399871826
SB67029_component_1429a,107.334335,15.811809,2.6670000553131104,14.653846740722656,107.33438873291016,15.811406135559082,2.9604504108428955,1.1444529294967651,0.9008764624595642
SB67029_component_1431a,106.296104,13.636004,2.505000114440918,12.912371635437012,106.29637145996094,13.635720252990723,3.863546133041382,0.8236721158027649,0.6483681201934814
SB67029_component_1436a,103.992028,12.047104,2.7309999465942383,12.527523040771484,103.99213409423828,12.046917915344238,3.3013336658477783,1.0509086847305298,0.8272414207458496
SB67029_component_1442a,106.800014,14.617583,3.0230000019073486,16.252687454223633,106.80001831054688,14.617478370666504,4.4418840408325195,0.8645769357681274,0.6805670857429504
SB67029_component_1443a,104.933872,15.89161,2.819999933242798,14.536081314086914,104.93385314941406,15.891727447509766,4.010526657104492,0.8932651877403259,0.7031495571136475
SB67029_component_1446a,105.448529,15.157664,2.8010001182556152,16.190752029418945,105.4486312866211,15.157597541809082,4.2254438400268555,0.8421190977096558,0.6628889441490173
SB67029_component_1448a,108.259754,12.547627,3.0139999389648438,14.018604278564453,108.25978088378906,12.546919822692871,3.831120491027832,0.9994248747825623,0.7867149710655212
SB67029_component_1451a,108.99961,15.66837,3.0199999809265137,13.981480598449707,108.99952697753906,15.668461799621582,4.207296848297119,0.911877453327179,0.7178005576133728
SB67029_component_1456a,104.316243,11.969145,2.86899995803833,12.366379737854004,104.31639099121094,11.969179153442383,3.476956367492676,1.0482479333877563,0.8251469731330872
SB67029_component_1461a,107.106006,13.719981,2.940000057220459,15.555556297302246,107.10613250732422,13.719866752624512,4.094435691833496,0.9121914505958557,0.7180476784706116
SB67029_component_1466a,105.275918,13.847874,2.828000068664551,16.25287437438965,105.27582550048828,13.847609519958496,3.794109582901001,0.946895956993103,0.7453659176826477
SB67029_component_1473a,106.393489,16.17377,2.927999973297119,12.89867877960205,106.39349365234375,16.17365837097168,3.6739277839660645,1.012449026107788,0.7969672083854675
SB67029_component_1474a,108.911878,13.571034,2.76200008392334,10.501900672912598,108.9119644165039,13.570870399475098,4.425586223602295,0.7928401231765747,0.6240981221199036
SB67029_component_1479a,108.077787,12.273549,2.930000066757202,13.022222518920898,108.0776596069336,12.273173332214355,2.0756986141204834,1.7932302951812744,1.4115729331970215
SB67029_component_1485a,106.431633,14.337248,2.9140000343322754,15.256545066833496,106.43150329589844,14.33702278137207,3.043809175491333,1.216199517250061,0.9573530554771423
SB67029_component_1486a,105.114618,16.037311,2.934999942779541,14.529702186584473,105.11456298828125,16.037094116210938,3.6079633235931396,1.0334243774414062,0.8134782910346985
SB67029_component_1488a,107.735414,14.23919,2.755000114440918,15.30555534362793,107.73562622070312,14.238753318786621,3.4663751125335693,1.0096684694290161,0.7947784066200256
SB67029_component_1495a,108.519546,12.617834,2.635999917984009,11.873873710632324,108.51976776123047,12.617857933044434,3.276785373687744,1.0219510793685913,0.8044469356536865
SB67029_component_1498a,103.885469,13.4543,2.9000000953674316,15.183246612548828,103.88569641113281,13.454394340515137,4.618712902069092,0.7976452112197876,0.6278805732727051
SB67029_component_1499a,106.809186,15.157218,2.575000047683716,14.385475158691406,106.80931091308594,15.157246589660645,3.1788341999053955,1.0290632247924805,0.8100454211235046
SB67029_component_1502a,104.899149,13.806913,2.799999952316284,15.819209098815918,104.89925384521484,13.806857109069824,3.4376208782196045,1.0347436666488647,0.8145167827606201
SB67029_component_1507a,105.856727,12.957412,2.690999984741211,14.390374183654785,105.85687255859375,12.957063674926758,2.9905686378479004,1.1431220769882202,0.8998288512229919
SB67029_component_1510a,106.590286,12.718324,2.7909998893737793,15.76836109161377,106.5906982421875,12.718202590942383,4.283932685852051,0.827656090259552,0.6515041589736938
SB67029_component_1516a,107.756635,13.853308,2.7990000247955322,15.636871337890625,107.7567367553711,13.853228569030762,3.761629581451416,0.9452781081199646,0.7440924048423767
SB67029_component_1517a,106.838391,15.061657,2.303999900817871,11.815384864807129,106.8384017944336,15.06177043914795,3.8941338062286377,0.7516303658485413,0.5916591286659241
SB67029_component_1520a,107.53902,13.661649,2.5190000534057617,14.15168571472168,107.53948211669922,13.661402702331543,3.5390191078186035,0.9042280912399292,0.7117791771888733
SB67029_component_1524a,108.1169,16.333897,2.7860000133514404,10.756756782531738,108.1168441772461,16.33401870727539,3.578972101211548,0.9889070987701416,0.7784358263015747
SB67029_component_1529a,105.652653,13.447516,2.989000082015991,16.79213523864746,105.65284729003906,13.44742488861084,3.446117877960205,1.1018654108047485,0.8673528432846069
SB67029_component_1540a,107.344093,14.102105,2.7769999504089355,14.930107116699219,107.34426879882812,14.101693153381348,3.5046441555023193,1.0066179037094116,0.7923771739006042
SB67029_component_1542a,104.481371,13.016818,2.5269999504089355,14.522988319396973,104.48146057128906,13.016632080078125,3.3867506980895996,0.9478830099105835,0.7461428642272949
SB67029_component_1544a,108.690125,12.427202,2.4579999446868896,10.828193664550781,108.69035339355469,12.427135467529297,3.7054176330566406,0.8427085876464844,0.6633530259132385
SB67029_component_1546a,106.701055,15.41433,2.6480000019073486,14.469945907592773,106.7011947631836,15.414259910583496,3.4674270153045654,0.9701600074768066,0.7636786699295044
SB67029_component_1547a,103.859357,12.698884,2.6419999599456787,10.360784530639648,103.859375,12.699331283569336,3.043375015258789,1.1028337478637695,0.8681151270866394
SB67029_component_1548a,105.601919,14.521565,2.7739999294281006,15.67231559753418,105.60196685791016,14.52163028717041,2.9476733207702637,1.195528268814087,0.941081166267395
SB67029_component_1550a,108.498486,12.234515,2.5329999923706055,11.358743667602539,108.49838256835938,12.233939170837402,2.8365564346313477,1.1344267129898071,0.89298415184021
SB67029_component_1556a,107.11098,16.12093,2.940000057220459,15.638298988342285,107.1110610961914,16.12078285217285,3.3072402477264404,1.1293129920959473,0.8889586925506592
SB67029_component_1561a,104.742648,12.78946,2.5290000438690186,13.7445650100708,104.74278259277344,12.789270401000977,3.8664159774780273,0.8309463262557983,0.6540941596031189
SB67029_component_1562a,108.239312,12.653171,2.434000015258789,11.535545349121094,108.23970031738281,12.6527099609375,2.1982243061065674,1.4066345691680908,1.10725736618042
SB67029_component_1567a,105.387925,13.068958,2.7980000972747803,15.458564758300781,105.38780975341797,13.06895923614502,3.4588775634765625,1.0276501178741455,0.8089329600334167
SB67029_component_1569a,107.583741,12.312902,2.371999979019165,12.290155410766602,107.58380889892578,12.31300163269043,4.242924213409424,0.7102023363113403,0.5590484142303467
SB67029_component_1570a,104.559478,14.789362,2.382999897003174,12.411458015441895,104.55980682373047,14.789325714111328,2.304598808288574,1.3135946989059448,1.0340193510055542
SB67029_component_1576a,104.419635,12.323941,2.0910000801086426,10.00478458404541,104.41954803466797,12.323987007141113,2.697927951812744,0.9845922589302063,0.7750392556190491
SB67029_component_1578a,108.001463,13.127697,2.696000099182129,13.547739028930664,108.00132751464844,13.12753677368164,3.4018867015838623,1.0067758560180664,0.7925014495849609
SB67029_component_1581a,104.919798,12.215677,2.7309999465942383,14.449735641479492,104.9197998046875,12.215765953063965,2.8415112495422363,1.2209700345993042,0.9611082673072815
SB67029_component_1586a,107.280071,12.144903,2.263000011444092,13.00574779510498,107.28021240234375,12.144930839538574,2.284132957458496,1.2586236000061035,0.9907479286193848
SB67029_component_1591a,106.205152,13.036579,2.140000104904175,12.814372062683105,106.20543670654297,13.036380767822266,2.914487838745117,0.9327907562255859,0.7342628240585327
SB67029_component_1593a,105.232376,15.785143,2.677000045776367,13.318408012390137,105.23217010498047,15.785192489624023,3.488945484161377,0.9747357964515686,0.7672805786132812
SB67029_component_1594a,103.891811,12.211441,2.443000078201294,11.523585319519043,103.89219665527344,12.211413383483887,3.1233747005462646,0.9936469197273254,0.7821668386459351
SB67029_component_1596a,104.830678,14.992734,2.5799999237060547,14.098360061645508,104.8309555053711,14.992565155029297,3.049530029296875,1.074779748916626,0.8460319638252258
SB67029_component_1597a,105.207423,15.47637,2.447999954223633,12.618556022644043,105.20740509033203,15.476253509521484,3.142761707305908,0.9895384907722473,0.7789327502250671
SB67029_component_1599a,106.061003,16.067408,2.4749999046325684,12.890624046325684,106.06092071533203,16.067588806152344,3.325112819671631,0.9455870389938354,0.7443355917930603
SB67029_component_1600a,106.175648,13.885195,2.2790000438690186,11.338308334350586,106.17584228515625,13.884526252746582,2.5523579120635986,1.1343196630477905,0.8928998708724976
SB67029_component_1602a,106.13206,14.367555,2.4049999713897705,14.064327239990234,106.1319808959961,14.36738109588623,2.9897403717041016,1.0219138860702515,0.8044176697731018
SB67029_component_1603a,105.452835,12.342627,2.509999990463257,13.210526466369629,105.45304870605469,12.342513084411621,2.098266363143921,1.519657850265503,1.196225643157959
SB67029_component_1610a,107.487907,15.18844,2.2330000400543213,11.691100120544434,107.48804473876953,15.188520431518555,2.324427366256714,1.2204091548919678,0.9606667160987854
SB67029_component_1612a,108.468069,13.138498,2.490999937057495,11.975960731506348,108.46798706054688,13.138320922851562,2.8629655838012695,1.105325698852539,0.8700767755508423
SB67029_component_1619a,108.224563,14.182144,2.437999963760376,12.567009925842285,108.22454071044922,14.18161678314209,2.0593841075897217,1.5039349794387817,1.1838490962982178
SB67029_component_1620a,106.852477,12.648875,2.421999931335449,12.294416427612305,106.85228729248047,12.64875316619873,3.6285855770111084,0.8479485511779785,0.6674776673316956
SB67029_component_1627a,106.493824,11.963346,2.0739998817443848,11.15053653717041,106.49381256103516,11.963582038879395,2.319256067276001,1.1360377073287964,0.8942522406578064
SB67029_component_1634a,104.781225,14.261822,2.2260000705718994,11.715789794921875,104.78125,14.261775970458984,2.820563793182373,1.0025867223739624,0.789203941822052
SB67029_component_1635a,105.209561,12.440949,2.384999990463257,13.32402229309082,105.2096176147461,12.440866470336914,2.422642707824707,1.2506383657455444,0.9844621419906616
SB67029_component_1637a,108.51286,12.808054,2.3570001125335693,11.553922653198242,108.51307678222656,12.807921409606934,2.362680673599243,1.2673228979110718,0.9975957274436951
SB67029_component_1638a,105.078533,14.826469,2.3989999294281006,13.181318283081055,105.0787353515625,14.826074600219727,3.1733105182647705,0.9603960514068604,0.7559928297996521
SB67029_component_1651a,108.817374,15.679716,2.5139999389648438,12.384236335754395,108.81745910644531,15.679657936096191,3.0788278579711914,1.037319540977478,0.8165444731712341
SB67029_component_1653a,107.326439,13.757452,2.1619999408721924,12.011110305786133,107.32654571533203,13.757180213928223,2.1979503631591797,1.2495986223220825,0.983643651008606
SB67029_component_1662a,105.597004,14.367934,2.186000108718872,12.491429328918457,105.59687805175781,14.36799430847168,2.8061177730560303,0.989639401435852,0.7790122628211975
SB67029_component_1663a,108.09109,15.260389,2.4130001068115234,12.43814468383789,108.09123992919922,15.260066032409668,2.7470898628234863,1.1158791780471802,0.8783841133117676
SB67029_component_1671a,105.002281,15.381395,2.1470000743865967,12.198863983154297,105.00212097167969,15.38144302368164,3.2863430976867676,0.8299498558044434,0.6533097624778748
SB67029_component_1674a,107.328393,13.534761,2.5190000534057617,12.53233814239502,107.32865905761719,13.534299850463867,3.9629125595092773,0.8075072169303894,0.6356436014175415
SB67029_component_1675a,105.774981,15.467347,2.2669999599456787,12.387977600097656,105.77491760253906,15.467129707336426,2.941850423812866,0.9789571166038513,0.7706034183502197
SB67029_component_1678a,105.692821,12.57243,2.496000051498413,13.419354438781738,105.69295501708984,12.572209358215332,3.5483663082122803,0.89361172914505,0.7034223079681396
SB67029_component_1679a,107.699836,15.486547,2.4140000343322754,12.909090995788574,107.7002182006836,15.486170768737793,2.903181314468384,1.0563207864761353,0.8315016627311707
SB67029_component_1681a,106.350345,15.050779,2.3929998874664307,14.159762382507324,106.35054016113281,15.05087947845459,3.0356552600860596,1.001435399055481,0.7882976531982422
SB67029_component_1686a,105.981441,12.254898,2.138000011444092,12.011236190795898,105.98152160644531,12.254873275756836,2.4507288932800293,1.1082688570022583,0.8723935484886169
SB67029_component_1688a,105.01902,14.243267,2.2920000553131104,12.524590492248535,105.01937866210938,14.243206977844238,3.008674383163452,0.967769980430603,0.761797308921814
SB67029_component_1714a,107.183405,13.670721,2.115999937057495,11.887639999389648,107.1834945678711,13.670123100280762,2.8217992782592773,0.9526256322860718,0.7498761415481567
SB67029_component_1719a,108.1147,15.15142,2.1630001068115234,10.761194229125977,108.1146011352539,15.151451110839844,2.9277596473693848,0.9385422468185425,0.7387902140617371
SB67029_component_1721a,103.673502,15.341323,2.128000020980835,10.534653663635254,103.67363739013672,15.341424942016602,2.7021102905273438,1.000463604927063,0.78753262758255
SB67029_component_1724a,107.215152,13.538313,2.131999969482422,12.045197486877441,107.21514892578125,13.537944793701172,2.71874737739563,0.9962103366851807,0.7841846346855164
SB67029_component_1731a,106.819336,12.646527,2.0420000553131104,11.037837982177734,106.8196029663086,12.64632511138916,1.4921183586120605,1.7385419607162476,1.368524193763733
SB67029_component_1733a,106.053192,15.409149,2.319000005722046,11.537313461303711,106.05339050292969,15.408560752868652,2.030313014984131,1.4510102272033691,1.1421884298324585
SB67029_component_1740a,107.283422,15.987205,2.1489999294281006,12.005585670471191,107.28368377685547,15.987122535705566,2.974395513534546,0.917847216129303,0.7224997282028198
SB67029_component_1744a,105.303074,14.234453,2.134999990463257,11.795580863952637,105.30350494384766,14.234148025512695,2.2735230922698975,1.1929746866226196,0.9390711784362793
SB67029_component_1752a,107.531277,14.334742,1.8229999542236328,10.417142868041992,107.53131866455078,14.334220886230469,2.391526460647583,0.9683763384819031,0.7622746229171753
SB67029_component_1756a,106.391381,14.696498,2.071000099182129,11.379121780395508,106.39127349853516,14.696178436279297,2.1935198307037354,1.1994199752807617,0.9441446661949158
SB67029_component_1759a,107.936936,12.893045,2.046999931335449,11.125,107.93685150146484,12.893156051635742,2.1976356506347656,1.1833000183105469,0.9314555525779724
SB67029_component_1760a,107.900689,12.399511,2.109999895095825,10.144229888916016,107.90058135986328,12.399191856384277,2.369121551513672,1.1314302682876587,0.8906254172325134
SB67029_component_1761a,106.887757,12.795482,1.9479999542236328,10.762431144714355,106.88802337646484,12.795022010803223,2.353543281555176,1.051476240158081,0.8276881575584412
SB67029_component_1763a,105.280409,12.899581,2.0230000019073486,10.818181037902832,105.28040313720703,12.899500846862793,2.5859973430633545,0.9938034415245056,0.7822900414466858
SB67029_component_1768a,105.580405,15.18317,2.0950000286102295,11.448087692260742,105.58049774169922,15.183075904846191,2.4876797199249268,1.0698485374450684,0.8421502113342285
SB67029_component_1771a,107.697403,13.137657,2.1619999408721924,11.378947257995605,107.69717407226562,13.137408256530762,1.9645373821258545,1.3980673551559448,1.1005134582519531
SB67029_component_1773a,108.73063,12.722142,2.2839999198913574,10.824644088745117,108.73065948486328,12.72237491607666,2.6037051677703857,1.114389419555664,0.8772114515304565
SB67029_component_1778a,108.553685,12.079657,2.1070001125335693,10.081339836120605,108.55352020263672,12.0797700881958,2.495116710662842,1.0727695226669312,0.844449520111084
SB67029_component_1800a,106.338989,15.220876,1.9759999513626099,10.739130020141602,106.33916473388672,15.220641136169434,3.229814291000366,0.7772166728973389,0.6117998957633972
SB67029_component_1806a,104.201803,13.759798,1.9809999465942383,10.884614944458008,104.2017822265625,13.75973129272461,2.8853085041046143,0.8722177743911743,0.6865816712379456
SB67029_component_1834a,106.236153,14.972576,1.9570000171661377,10.752747535705566,106.23611450195312,14.972482681274414,1.732216477394104,1.4352295398712158,1.1297664642333984
SB67029_component_1835a,105.923985,12.390399,2.1670000553131104,12.3125,105.9240951538086,12.389921188354492,2.7957029342651367,0.9846924543380737,0.7751181125640869
SB67029_component_1845a,105.343665,15.887373,2.049999952316284,10.049019813537598,105.3432846069336,15.887282371520996,2.77783203125,0.9375200867652893,0.7379855513572693
SB67029_component_1847a,105.494008,14.037284,1.8539999723434448,10.07608699798584,105.49427795410156,14.036884307861328,2.733915328979492,0.8615041375160217,0.6781482696533203
SB67029_component_1878a,107.285681,12.772505,2.0999999046325684,10.769230842590332,107.28591918945312,12.772272109985352,1.8178058862686157,1.4675891399383545,1.1552388668060303
SB67029_component_1883a,105.318875,13.546582,2.0339999198913574,11.299999237060547,105.31891632080078,13.546708106994629,2.493156909942627,1.0364158153533936,0.8158330917358398
SB67029_component_1889a,106.889548,15.906751,1.8329999446868896,10.071428298950195,106.88956451416016,15.906645774841309,2.662637710571289,0.8745468854904175,0.6884150505065918
SB67029_component_1898a,106.393115,16.05016,1.9479999542236328,10.529728889465332,106.39307403564453,16.050527572631836,2.283677101135254,1.0836448669433594,0.8530102372169495
SB67029_component_1899a,104.320321,14.204261,1.9570000171661377,10.409574508666992,104.3203353881836,14.204182624816895,2.6835811138153076,0.9264219403266907,0.7292494177818298
SB67029_component_1910a,105.743489,14.715152,2.0480000972747803,10.893617630004883,105.74335479736328,14.715229988098145,1.8108062744140625,1.436781406402588,1.1309880018234253
SB67029_component_1919a,104.435712,13.21294,1.9129999876022339,10.175532341003418,104.43583679199219,13.213052749633789,1.9810072183609009,1.226765751838684,0.9656704068183899
SB67029_component_1944a,104.391857,15.100266,1.906000018119812,10.192513465881348,104.39183044433594,15.100214958190918,2.7749531269073486,0.8725693821907043,0.6868584752082825
SB67029_component_2007a,106.167481,14.737015,1.8550000190734863,10.847952842712402,106.1674575805664,14.73674488067627,2.5133841037750244,0.9376003742218018,0.7380487322807312
