Component_ID,RA,DEC,RA_comp,DEC_comp
SB66914_component_9a,288.10466,37.676822,288.104682,37.676846
