Component_ID,RA,DEC,RA_comp,DEC_comp
SB66765_component_5a,2.267318,40.029482,2.26739,40.02964
SB66765_component_7a,359.749165,39.374519,359.749397,39.374529
