Component_ID,RA,DEC,ASKAP_flux,ASKAP_flux_SNR,RA_comp,DEC_comp,Comp_flux,Flux_Ratio_AlphaCorr,Flux_Ratio_NOAlphaCorr
SB71113_component_6a,18.631712,9.449602,339.8550109863281,1226.913330078125,18.63170713222255,9.449599727725644,328.0457467479833,0.9780107562818363,1.0359988335633479
SB71113_component_7a,14.328111,8.093426,309.6109924316406,1346.134765625,14.328114691103458,8.093410303026017,298.6955093310056,0.9785252639626357,1.0365438473617585
SB71113_component_14a,15.273683,11.35527,188.08799743652344,737.5999755859375,15.273663084251563,11.35520914416751,175.84473934566313,1.009755127257111,1.0696253873526087
SB71113_component_17a,15.941232,8.071285,159.21299743652344,686.262939453125,15.9412382201828,8.071255759540579,152.46195399860946,0.9858285741576736,1.0442801844057144
SB71113_component_19a,15.367733,11.591937,142.83700561523438,501.1824951171875,15.36770119384679,11.591945288707228,143.23682735891057,0.9413917956015688,0.9972086665765476
SB71113_component_20a,17.364332,7.974105,135.8820037841797,585.6983032226562,17.364355039171276,7.9740830668952105,152.49946817839594,0.8411587718404482,0.8910326403579525
SB71113_component_21a,14.785324,7.929531,140.38800048828125,643.981689453125,14.785328762668463,7.929531849023388,135.1796604825509,0.980399321454396,1.0385290212087983
SB71113_component_23a,18.342969,6.860444,131.072998046875,337.8169860839844,18.342888594868413,6.860714664761864,121.95436234020627,1.014612616207511,1.0747708858600007
SB71113_component_24a,17.321216,7.537547,129.7010040283203,608.9249267578125,17.32123635022959,7.537528727381047,126.71907618677226,0.9662415405066732,1.0235317990888204
SB71113_component_26a,14.728019,10.787757,128.2899932861328,577.8828735351562,14.728015634950498,10.787796521914276,122.72481846943974,0.9868354650251532,1.0453467757059987
SB71113_component_29a,15.086547,7.764184,116.78600311279297,564.18359375,15.086511080960456,7.7641802307552625,104.93385254164676,1.0506535743697434,1.1129487794841255
SB71113_component_31a,19.347848,8.038765,115.91999816894531,194.82351684570312,19.34781839152337,8.038800449550093,104.01359196274294,1.0520893781950325,1.1144697147894593
SB71113_component_32a,18.134022,8.024007,114.48799896240234,511.10711669921875,18.134120287444652,8.023980662739655,113.32142393214154,0.9537450711883259,1.0102943908555135
SB71113_component_36a,15.768806,11.114666,119.68299865722656,569.9190673828125,15.768786484836351,11.114632722849365,115.69451046348051,0.9765715632063693,1.0344743080528875
SB71113_component_37a,13.441254,9.830366,105.62300109863281,278.68865966796875,13.441224863980954,9.830489986782517,103.99750508794928,0.9587821659090039,1.0156301442934508
SB71113_component_40a,18.853884,12.130454,104.66999816894531,137.0026092529297,18.85377004773215,12.130483499610536,108.64163545665299,0.9095158810037369,0.9634427696986178
SB71113_component_41a,15.182715,9.404811,96.98100280761719,482.4925537109375,15.182714377034735,9.404782419450104,95.05205669753505,0.9631845705740684,1.0202935757215672
SB71113_component_47a,13.778227,7.92358,83.4010009765625,325.78515625,13.778245154002553,7.923581175460615,106.80554252457209,0.7371601291901371,0.7808677247004756
SB71113_component_48a,12.939381,6.856822,85.24700164794922,117.25859832763672,12.9394508219653,6.856930128797474,76.29423123170872,1.0548040198856985,1.1173453126364241
SB71113_component_51a,15.641953,8.624489,78.25299835205078,381.7219543457031,15.641976371669616,8.624493709156447,77.52535396628902,0.9528874212359421,1.0093858892418366
SB71113_component_54a,17.021827,8.552366,76.51200103759766,373.2292785644531,17.021808675403832,8.552441645259213,73.57173074470117,0.9817546170382498,1.0399646747892803
SB71113_component_56a,19.02319,6.734635,77.98200225830078,285.6483459472656,19.023105869412134,6.734806862327888,76.56347555585089,0.9615173094932702,1.0185274596294303
SB71113_component_58a,16.420712,10.105929,75.7969970703125,333.907470703125,16.420721959504945,10.10588931361785,77.5175750581014,0.9230732942474145,0.9778040271964225
SB71113_component_59a,15.01676,10.382793,74.96299743652344,337.671142578125,15.016771387635687,10.382843288962276,70.03142257204455,1.0105047518932808,1.0704194586280973
SB71113_component_63a,17.342851,7.299703,72.51000213623047,326.6216125488281,17.342866436921287,7.299739927692062,62.86219917686678,1.0889118208421347,1.1534754285674764
SB71113_component_64a,18.178348,11.597999,73.16300201416016,243.0664520263672,18.178262637949533,11.59803718999265,71.2643372551193,0.9691781874588178,1.0266425653022468
SB71113_component_65a,14.931595,11.114593,69.447998046875,361.70831298828125,14.931576625435362,11.114547549559127,67.04530120527608,0.9778579019468534,1.035836916210466
SB71113_component_67a,13.426081,11.642778,77.1240005493164,138.962158203125,13.426180585119923,11.642774927692333,83.25780981322245,0.8744780880112853,0.9263275207735298
SB71113_component_69a,18.449829,9.652982,65.85099792480469,302.0688171386719,18.44977125514022,9.653014399415197,62.61532968292055,0.9928097967436734,1.0516753366670641
SB71113_component_70a,16.106834,6.485922,68.86000061035156,75.33917236328125,16.106736850101353,6.486239573734832,67.30458566947375,0.965843434505935,1.0231100886426416
SB71113_component_73a,14.022645,8.787691,66.30699920654297,333.20098876953125,14.022687710987865,8.787660477032956,65.10148217454262,0.9615079122051474,1.0185175051586115
SB71113_component_78a,13.758574,7.430233,61.08700180053711,289.5118713378906,13.75850448083099,7.430429591606993,60.356799840651306,0.9554478111071371,1.012098089391976
SB71113_component_80a,17.828724,7.110956,62.16600036621094,213.6288604736328,17.82869375127514,7.111083030036686,61.23826394606631,0.9583285379301358,1.0151496198677628
SB71113_component_81a,19.168684,11.972211,64.23699951171875,93.23221588134766,19.1685792599315,11.972101361194891,63.366101957451725,0.9570015033406668,1.0137439029286006
SB71113_component_83a,16.144632,11.471255,60.9119987487793,290.0571594238281,16.14459803684212,11.471246691340166,59.78335252247867,0.9618491148513713,1.0188789383445207
SB71113_component_84a,18.878402,7.254741,63.14500045776367,121.90154266357422,18.878318338763933,7.254696572157901,61.41884936598399,0.9705583705869495,1.0281045820558092
SB71113_component_85a,16.561602,11.875811,58.095001220703125,142.38970947265625,16.561520278909413,11.87570389164041,63.68684309587592,0.8611392970149883,0.9121978480428888
SB71113_component_88a,16.30888,8.521471,58.62799835205078,293.1399841308594,16.308919068052912,8.521611598685189,55.888656185562006,0.990297686401615,1.0490142786291656
SB71113_component_91a,18.538054,11.130432,58.52799987792969,255.58078002929688,18.538018301813537,11.130279986852198,58.123850851426226,0.9505909339940312,1.0069532389988498
SB71113_component_92a,16.247632,6.789915,54.03300094604492,147.6311492919922,16.24757153568303,6.790049487746443,49.29120359247359,1.034841961465198,1.096199666633731
SB71113_component_93a,12.837121,10.874787,55.926998138427734,81.28923797607422,12.837247970043745,10.874766762053309,59.72569816622595,0.8839844774983161,0.9363975617794229
SB71113_component_94a,14.44149,6.570801,52.768001556396484,74.00841522216797,14.441439406275794,6.571219128810481,45.98978356986434,1.0831625744449351,1.147385298655193
SB71113_component_95a,18.729359,10.098832,57.63100051879883,243.1687774658203,18.729270378973744,10.098782107058314,59.947838339296204,0.907542551333672,0.9613524376411305
SB71113_component_97a,14.972076,9.139393,51.875,255.54188537597656,14.972066720143335,9.13936029507858,49.85395641364697,0.9822970614779623,1.0405392817690151
SB71113_component_103a,16.143311,7.863273,51.50199890136719,262.76531982421875,16.1432951534983,7.86316595923195,48.024000773222056,1.012395282327178,1.0724220821286603
SB71113_component_104a,14.401865,8.923673,50.632999420166016,292.6763000488281,14.401893563724613,8.923672133496863,48.61285340560357,0.983256682041199,1.0415558000207736
SB71113_component_107a,14.428247,8.25571,46.87300109863281,249.32447814941406,14.428269373418605,8.255678568741391,45.76460522036583,0.966890749115242,1.0242195004836125
SB71113_component_110a,13.31279,11.532147,48.05400085449219,78.0097427368164,13.31288805480931,11.532183312221933,48.296420317807794,0.9392884328049216,0.9949805914864829
SB71113_component_111a,15.301882,7.774663,45.92399978637695,228.47760009765625,15.301895288113709,7.774642055153106,43.95219815120793,0.9863782129503315,1.0448624123049652
SB71113_component_112a,14.019378,12.053894,45.77199935913086,68.41853332519531,14.019314489563344,12.053876373731098,50.76751833496768,0.851134733275763,0.9016000951065594
SB71113_component_113a,18.632712,9.521955,45.599998474121094,190.79498291015625,18.632682377992392,9.521961282579964,43.91017698646673,0.9803564383245577,1.0384835954584097
SB71113_component_114a,16.755767,8.9971,44.79800033569336,230.9175262451172,16.755771981208575,8.99717960996766,43.667770740901055,0.96846063335011,1.0258824660754593
SB71113_component_115a,17.338413,7.264935,46.720001220703125,230.14779663085938,17.33843603186569,7.264975197797668,42.934197626338836,1.02726823520707,1.0881768800552083
SB71113_component_116a,13.941853,8.840653,44.62099838256836,219.80787658691406,13.941884316067243,8.840596519568301,43.32691487951682,0.9722229801643796,1.0298678894320106
SB71113_component_119a,15.520989,6.461353,40.31800079345703,40.11741256713867,15.52083669723425,6.461810655219204,35.16263263925938,1.0824353587736304,1.146614965013787
SB71113_component_122a,14.242039,6.870383,41.72700119018555,106.17557525634766,14.242016000284838,6.870720968587009,41.091615529108964,0.9586240558028067,1.015462659544901
SB71113_component_123a,15.505304,10.998424,39.97100067138672,187.65728759765625,15.505328329362932,10.998411755334681,38.80961520883541,0.9722770820425057,1.0299251991111447
SB71113_component_125a,14.165032,9.446222,41.39099884033203,220.16490173339844,14.16505362018678,9.446193251481885,41.75536164797635,0.9357891859315479,0.9912738677558076
SB71113_component_126a,13.703553,6.460021,40.624000549316406,38.32453155517578,13.703530099116467,6.460369149232436,37.37220305852195,1.026167732577421,1.0870111265772155
SB71113_component_129a,13.707841,9.749248,40.54399871826172,178.60792541503906,13.707837388978433,9.749317415813797,39.158334907871335,0.9774323929839778,1.0353861780295426
SB71113_component_130a,16.307954,7.987402,41.22600173950195,219.28724670410156,16.307964781383447,7.987354875370104,38.7780620497883,1.0036204010146308,1.0631269217778512
SB71113_component_133a,18.211843,7.064781,39.650001525878906,160.5263214111328,18.21182661226,7.064831363869667,37.83965624003106,0.9891915340923038,1.0478425404914926
SB71113_component_135a,15.824063,10.143228,38.63600158691406,196.12184143066406,15.824076132584558,10.143262703100783,36.14283975076557,1.009146615176679,1.0689807954588206
SB71113_component_137a,13.835104,10.065089,37.7400016784668,177.18310546875,13.835106756298355,10.065096921235877,35.56743752726602,1.001690840493145,1.0610829540231927
SB71113_component_142a,19.660486,8.032222,39.066001892089844,32.85618209838867,19.66047223060644,8.032144820815596,35.05856933192734,1.0519355738316851,1.114306791079264
SB71113_component_145a,16.59926,10.425893,36.64500045776367,183.22500610351562,16.59931707202744,10.42587682486998,35.416184706234695,0.9767812677039545,1.0346964463202795
SB71113_component_146a,15.431737,6.9616,37.071998596191406,124.40267944335938,15.431678585973952,6.961709108603062,32.20284823451431,1.0867660917486297,1.1512024752039929
SB71113_component_151a,17.611056,7.616835,35.215999603271484,160.80364990234375,17.611066348125537,7.616873925913766,32.748675360136765,1.015151000685333,1.0753411921551508
SB71113_component_152a,16.85078,8.070573,33.678001403808594,173.5979461669922,16.850796763592815,8.070586556090802,31.778631292387235,1.0004502275219154,1.0597687828007987
SB71113_component_153a,18.142262,10.138523,36.422000885009766,173.4381103515625,18.142276090676788,10.138524335400035,36.161760583408345,0.9508206361324743,1.0071965606044309
SB71113_component_158a,19.524055,7.608632,33.17399978637695,104.98101043701172,19.52393442063614,7.608595777196722,28.900559598873937,1.0836173507471523,1.1478670394904575
SB71113_component_159a,18.630953,7.161923,30.229000091552734,95.05975341796875,18.630849632248243,7.162055305720168,28.99968112394424,0.9840449211994824,1.0423907753452324
SB71113_component_160a,18.486747,10.907187,33.36899948120117,134.5524139404297,18.486770005644004,10.907112913834075,26.550749450689707,1.1864536193785133,1.2568006618108607
SB71113_component_163a,13.330727,8.465256,30.9060001373291,86.5714340209961,13.330791170905748,8.465439163996267,29.83680820234744,0.9778557738448538,1.0358346619293393
SB71113_component_165a,16.13574,6.822399,30.593000411987305,88.67536163330078,16.13565169154521,6.822548526062205,27.503892919169413,1.0500555358306094,1.1123152821273847
SB71113_component_166a,13.184531,9.275084,30.84000015258789,100.78431701660156,13.18448514455594,9.2752488425413,27.70463914016268,1.0508633325335415,1.1131709745997003
SB71113_component_171a,16.724557,6.774805,31.847999572753906,67.18987274169922,16.724456487660873,6.774974425702013,30.695020831012943,0.979486807848679,1.037562402973711
SB71113_component_172a,14.088901,9.33802,30.79400062561035,159.5543975830078,14.088908145244513,9.338030084778222,30.23895269309028,0.9613548762138932,1.0183553953787197
SB71113_component_173a,17.603514,7.415041,31.413000106811523,146.1069793701172,17.60351472445784,7.415064376023458,27.63525597098063,1.0730755238536123,1.1367001680678424
SB71113_component_175a,16.395726,10.234235,31.399999618530273,160.20408630371094,16.395744407387898,10.234229197707364,29.640190612716758,1.0000760236223991,1.0593723916558921
SB71113_component_179a,18.298636,9.328424,29.579999923706055,129.73684692382812,18.298605922298297,9.328472497016627,27.662795660183438,1.0094538404495226,1.0693062366896688
SB71113_component_184a,19.222734,10.73488,31.836999893188477,51.02083206176758,19.22268636227464,10.73488356234304,26.212476486170264,1.1465907844758567,1.2145742852639552
SB71113_component_185a,14.141125,9.156248,27.395000457763672,143.4293212890625,14.141142850973152,9.156192087557194,27.250963636015122,0.9490166077417592,1.005285568014123
SB71113_component_186a,14.814301,7.639707,27.84600067138672,138.5373077392578,14.814305253415386,7.639750824945384,25.849514391244625,1.0169387710137747,1.0772349627124258
SB71113_component_187a,19.354428,10.697314,30.43899917602539,30.048370361328125,19.354277786673702,10.697239410002206,26.120291116148106,1.1001115409142936,1.1653392008792494
SB71113_component_189a,17.097862,6.476812,28.82200050354004,44.003055572509766,17.097677790873337,6.477362034848066,23.920179256663385,1.1374807517117043,1.204924101708442
SB71113_component_195a,17.675784,9.564174,26.23900032043457,129.8960418701172,17.67576397705225,9.564202738031714,23.892769013135965,1.0367288044397713,1.098198384038647
SB71113_component_197a,16.272557,8.543293,27.85099983215332,145.81675720214844,16.272582770670972,8.543302682967687,26.337666862981166,0.9982696218045848,1.0574588849135766
SB71113_component_201a,14.968754,11.888708,26.950000762939453,70.92105865478516,14.968736160015158,11.888695839858379,25.52650741827579,0.9966708321263166,1.0557653000208131
SB71113_component_202a,17.885945,11.525109,26.207000732421875,105.2490005493164,17.885941854983674,11.525109801780308,24.08017732823555,1.0274057804881966,1.0883225806519492
SB71113_component_206a,18.906902,7.438272,25.76099967956543,64.24189758300781,18.90687900949193,7.438296872864731,23.580032934433603,1.0313419181062835,1.0924920991924056
SB71113_component_207a,17.096519,7.072805,24.82900047302246,91.61992645263672,17.096432037486156,7.072958642466825,23.111354057631576,1.014187400066346,1.074320457862732
SB71113_component_209a,17.462875,7.022132,24.625999450683594,91.88805389404297,17.462833361561685,7.022307869687482,23.834322677972434,0.9753835245984043,1.0332158284255681
SB71113_component_212a,15.163478,7.604008,26.86199951171875,114.30638122558594,15.163366560943999,7.604055797913903,25.496935049364907,0.9945685547419962,1.0535383746991913
SB71113_component_216a,15.564661,7.234044,27.284000396728516,136.4199981689453,15.564682535774443,7.234002939415457,26.30685169505453,0.9790920754703525,1.037144266178293
SB71113_component_217a,15.79941,10.836921,23.323999404907227,119.61026000976562,15.799420325233966,10.836885733206454,22.32361717365396,0.98633131161269,1.0448127300997574
SB71113_component_221a,18.815276,8.574966,22.527999877929688,83.7472152709961,18.8153693026549,8.574907933950797,21.80529812541322,0.9753151517162177,1.0331434015879923
SB71113_component_223a,16.858368,6.673984,23.496999740600586,44.25046920776367,16.858126250365206,6.6743837065534715,23.481565169626037,0.9446474038406079,1.0006573058849806
SB71113_component_226a,14.179387,7.947168,21.825000762939453,126.15608215332031,14.179372311688045,7.947128783167481,20.32227175487118,1.0138328937897183,1.073944932249421
SB71113_component_227a,17.912628,10.988604,21.611000061035156,91.18565368652344,17.912710624412618,10.988566269875593,18.508644703455104,1.1022614292694957,1.1676165601147943
SB71113_component_228a,15.722826,7.646489,22.55299949645996,111.64850616455078,15.722842930578498,7.646433432500861,21.361072681008565,0.9967026599956825,1.055799015023768
SB71113_component_231a,15.245736,10.908866,20.93000030517578,96.89814758300781,15.245715885537406,10.908830924024318,16.89169194281872,1.169716044452163,1.239070684927681
SB71113_component_233a,18.242839,8.120222,22.85700035095215,110.95631408691406,18.24289267114253,8.120212806035374,21.632214161872778,0.9974763924350275,1.0566186234989334
SB71113_component_236a,16.964943,11.992892,19.63599967956543,40.738590240478516,16.96486958122053,11.992854609785521,20.097597414563417,0.9223446621801451,0.9770321931783001
SB71113_component_238a,16.710145,11.908778,20.71299934387207,49.31666564941406,16.710132523614657,11.908837884374716,21.234396326118187,0.9208469146310921,0.9754456413905772
SB71113_component_242a,15.548734,10.346514,19.8439998626709,106.11764526367188,15.548757995338022,10.346533157432328,19.050548423641246,0.9833454159552928,1.0416497951337191
SB71113_component_243a,16.075167,9.274735,20.969999313354492,108.65284729003906,16.075139592488966,9.274805420184887,21.205585978823912,0.9335390798678024,0.9888903487173295
SB71113_component_245a,15.197329,11.411498,22.465999603271484,98.96916198730469,15.197294095131426,11.411451493023396,22.039830631115763,0.9622808849099985,1.0193363088532112
SB71113_component_251a,19.372504,8.451962,18.792999267578125,27.800294876098633,19.37255429393764,8.4518536982714,16.509432036978513,1.0746036933027472,1.1383189455267015
SB71113_component_252a,18.233483,8.802701,19.959999084472656,91.9815673828125,18.23346354923493,8.80277707643718,19.023052453943208,0.9905232556117813,1.0492532222574633
SB71113_component_255a,17.79455,11.345393,19.732999801635742,97.68811798095703,17.794619811321382,11.345317714900895,19.214675469576246,0.969492430458903,1.026975440354441
SB71113_component_258a,16.057557,6.950451,19.850000381469727,67.97945404052734,16.05748907168367,6.950475293181308,16.577681801547435,1.1303712026351767,1.197393014240196
SB71113_component_259a,17.716484,9.359309,19.393999099731445,103.71121978759766,17.716366251683407,9.359324702218315,18.764620700892124,0.9756902063296901,1.0335406938872684
SB71113_component_260a,18.66686,7.746347,19.18899917602539,77.06425476074219,18.666970005005766,7.746340494118679,16.566597592008204,1.0934611710364044,1.1582945181986097
SB71113_component_261a,16.532194,7.416487,18.732999801635742,93.19900512695312,16.53222174531975,7.416295973305756,17.11964481938418,1.0329919644153025,1.0942399798169176
SB71113_component_263a,17.826509,9.384528,18.5,97.88359832763672,17.82648486674597,9.384574053619419,16.95162285569555,1.0302551916572735,1.0913409387104323
SB71113_component_264a,16.943836,7.373956,18.88599967956543,89.50711059570312,16.94386236959148,7.373942626207803,16.957130400727404,1.0514097084578231,1.1137497461690382
SB71113_component_266a,17.494989,7.571236,18.11199951171875,78.40692138671875,17.49502955633818,7.571128985923839,18.211284996811475,0.9388801813297708,0.9945481340218382
SB71113_component_268a,15.779065,10.798958,18.948999404907227,90.23332977294922,15.779085793992568,10.798929430864403,15.255377752190997,1.172594035771358,1.2421193177065541
SB71113_component_269a,15.502896,10.244854,17.815000534057617,99.52513885498047,15.502886060634305,10.244870052587956,16.90543681160512,0.9948183963794375,1.0538030299121348
SB71113_component_270a,18.692947,8.073756,18.719999313354492,83.94618225097656,18.693110179981243,8.07373697700476,17.38066634467313,1.0167724511305154,1.0770587814138577
SB71113_component_273a,13.551585,6.919425,18.650999069213867,60.164512634277344,13.551589011756734,6.919509507723406,15.422420403331975,1.1416524887303907,1.2093431887762809
SB71113_component_274a,13.201957,11.609201,17.864999771118164,20.095613479614258,13.201942068031954,11.60941265124576,14.06933888726342,1.1987087878391742,1.2697824620097005
SB71113_component_277a,16.176665,11.273742,17.336999893188477,85.82672882080078,16.17664304695011,11.273738557937204,16.85541623950715,0.9709991048763028,1.028571448301143
SB71113_component_278a,13.147646,8.384092,19.16200065612793,37.57255172729492,13.147718670434255,8.384287727025344,19.247810086255743,0.9398182854685263,0.9955418601002777
SB71113_component_281a,13.491899,7.587302,18.22100067138672,87.18181610107422,13.491977223438395,7.58733757872881,17.956194175882295,0.9579487956786256,1.0147473619916683
SB71113_component_283a,13.216011,7.292297,18.43600082397461,62.49492263793945,13.21601364285308,7.292470175306013,14.234601310898128,1.2226602017791421,1.2951539998426127
SB71113_component_284a,16.977137,9.596247,17.604999542236328,98.3519515991211,16.977113141398455,9.596230619907955,13.391535662777875,1.2410520626194737,1.3146363483293322
SB71113_component_285a,14.409212,9.410687,17.881999969482422,88.52474975585938,14.409203910740365,9.410701367011518,17.513948648612736,0.9638653821774451,1.0210147539115253
SB71113_component_287a,14.264232,8.59445,17.468000411987305,90.50777435302734,14.264257281720472,8.594457836085738,15.472865880675599,1.06575357275906,1.128944084870759
SB71113_component_291a,16.052801,10.893719,17.43199920654297,87.59798431396484,16.05269019880596,10.893786950619134,17.848315951465853,0.9220072096387111,0.9766747324478704
SB71113_component_292a,17.494017,7.317179,16.93000030517578,76.60633850097656,17.49403237477655,7.317218897556417,14.942390327760355,1.0695996540877029,1.133018207516825
SB71113_component_293a,16.569775,8.668621,18.084999084472656,93.70465850830078,16.56979166964878,8.66862903006099,16.378208432209494,1.042404943213036,1.104211071639959
SB71113_component_297a,16.77812,11.897338,17.042999267578125,46.56557083129883,16.778156861060353,11.897352932555656,17.43521891128167,0.9227902251567722,0.9775041744127598
SB71113_component_298a,14.175654,9.627437,16.965999603271484,98.06936645507812,14.175685525235586,9.627394728410875,16.39937105426282,0.9766447614498549,1.0345518463564112
SB71113_component_300a,18.094561,6.455622,16.59000015258789,16.57342529296875,18.094463732254763,6.456131064240917,13.98675220618706,1.1197314436185826,1.1861224041167528
SB71113_component_302a,16.607177,8.774275,16.34000015258789,89.28961944580078,16.607179665313733,8.77431969959419,15.359740764395916,1.0042747305197273,1.063820047696653
SB71113_component_304a,13.979706,7.645703,16.69700050354004,74.20889282226562,13.979573365219151,7.645777169840715,16.226211887194218,0.9714169614834245,1.0290140804039032
SB71113_component_305a,17.114079,8.801396,16.582000732421875,101.10975646972656,17.113966180912026,8.801461787059537,15.628279290420016,1.0016364745432005,1.0610253646149312
SB71113_component_306a,14.286581,10.415229,18.179000854492188,92.27919006347656,14.28658823327606,10.415326123235516,15.872315251583599,1.0812200587779415,1.145327607620347
SB71113_component_309a,16.578862,10.526572,16.964000701904297,86.11167907714844,16.578933883528205,10.52650929793988,24.20452144738669,0.6616314579649459,0.7008608180409146
SB71113_component_311a,13.45221,7.33568,15.722000122070312,72.45161437988281,13.45220548754773,7.335826843607311,15.216953430335678,0.9753588941767559,1.0331897376203965
SB71113_component_315a,16.516873,9.52032,16.631000518798828,88.4627685546875,16.51691773734655,9.520330867288154,16.243915957024814,0.9665225878467067,1.0238295102485195
SB71113_component_316a,14.223361,10.336129,16.6299991607666,77.71027374267578,14.223342755996399,10.336173986429811,15.90646316198327,0.9869677639062451,1.045486918833886
SB71113_component_317a,14.119554,12.176383,17.100000381469727,18.936878204345703,14.119504659073318,12.176258558841678,19.989325518545908,0.8075740301523461,0.8554565968523804
SB71113_component_320a,19.190367,8.014644,16.11199951171875,40.4824104309082,19.190451565540883,8.014654989812433,14.385302165502194,1.0573403746574872,1.1200320526013974
SB71113_component_321a,13.007111,8.308807,17.923999786376953,19.211145401000977,13.00728790874734,8.309053358562744,15.199176496435168,1.1132667462673806,1.179274402832342
SB71113_component_324a,18.27131,9.470639,15.555999755859375,81.44502258300781,18.271277871175737,9.470694575985968,14.66587210279847,1.0013234779535607,1.0606938098751764
SB71113_component_325a,19.354325,10.062623,16.392000198364258,35.32758712768555,19.354302316652593,10.062520353637966,17.98442847444411,0.8604381829797547,0.9114551636521175
SB71113_component_326a,18.708656,12.184275,16.214000701904297,18.466970443725586,18.708663092647708,12.18411694133112,15.735498833155493,0.9727338681674855,1.030409068935303
SB71113_component_329a,17.125913,8.95629,15.633000373840332,87.33519744873047,17.125851495565566,8.956311728789396,15.019027252087163,0.982618412455483,1.040879686243851
SB71113_component_332a,17.549991,8.651717,16.0,91.42857360839844,17.549955270579318,8.651759745766364,15.610154044811441,0.9676028940656327,1.024973869833023
SB71113_component_335a,17.515215,7.359273,15.663000106811523,76.03398132324219,17.51521110327972,7.359355419553564,14.533312169340139,1.0174069817935256,1.0777309345803914
SB71113_component_337a,17.508457,8.837063,14.6850004196167,82.03910827636719,17.50835212151204,8.836986325535428,13.658212438796907,1.014996312968867,1.0751773327161864
SB71113_component_338a,18.247313,7.996819,15.420000076293945,68.23008728027344,18.247409793576473,7.996807975913319,13.843613615152197,1.0515241981907362,1.1138710242112184
SB71113_component_339a,17.592326,9.594437,14.48900032043457,76.25789642333984,17.59231607471063,9.594466497742413,13.737631532902332,0.9956596863447512,1.0546942015246712
SB71113_component_340a,14.845312,11.192049,15.41100025177002,74.09134674072266,14.845303091395174,11.191898393318768,14.657827703459668,0.9925344276594866,1.051383640437565
SB71113_component_343a,14.199711,9.875931,15.074999809265137,85.16948699951172,14.199734299446526,9.875889549689918,14.278153973632469,0.996711844128244,1.0558087437006358
SB71113_component_344a,13.491925,10.988377,15.35099983215332,55.02150344848633,13.491973217073282,10.988287272738452,15.723104285199751,0.9216854609640794,0.976333906695722
SB71113_component_346a,13.073933,10.43857,14.652000427246094,48.35643768310547,13.073892934714284,10.438608835177304,12.445554412226466,1.1113914196853933,1.1772878846483548
SB71113_component_348a,13.611551,11.908486,13.092000007629395,21.67549705505371,13.611542692149456,11.908510688748436,15.02324510441125,0.8226717967702702,0.8714495381417435
SB71113_component_350a,17.727853,11.211414,14.347000122070312,71.02474975585938,17.727972435466057,11.211355237408581,14.670432852019797,0.9232143341801325,0.9779534296491494
SB71113_component_351a,13.199669,8.746477,15.001999855041504,53.01060104370117,13.19971834381623,8.746665010728115,13.764211444689872,1.028921367199505,1.089928029319047
SB71113_component_353a,17.625123,9.207668,14.107999801635742,79.70621490478516,17.6251474040784,9.207736758576507,13.638259080694715,0.9765418804366484,1.0344428653365265
SB71113_component_355a,18.082205,7.03878,14.217000007629395,53.2471923828125,18.08224248331962,7.0388608838463735,12.951525734807603,1.0362663495222935,1.0977085093087366
SB71113_component_356a,18.56436,7.077053,13.72700023651123,43.16666793823242,18.564294444866768,7.077211459199269,12.555777039315952,1.0320872450693435,1.0932816179777503
SB71113_component_357a,13.914685,7.149292,14.130000114440918,55.629920959472656,13.914629963434544,7.149369893701792,12.799424184882952,1.0421640741590381,1.1039559210116243
SB71113_component_361a,17.336694,11.508821,13.720000267028809,55.54656219482422,17.336724100164993,11.50886307680097,15.215308376776871,0.8512511776997418,0.9017234437370752
SB71113_component_362a,17.049165,6.71167,14.958000183105469,29.101167678833008,17.048895510729313,6.712031708755714,12.938041902956583,1.091413560921739,1.1561255014707665
SB71113_component_363a,13.664063,9.876597,14.633000373840332,65.61883544921875,13.664027830261253,9.876630783858149,14.003583210656373,0.9864579385045422,1.0449468649356108
SB71113_component_368a,16.831368,11.452466,13.979000091552734,71.68717956542969,16.83131691768986,11.452406147134665,12.057310775428403,1.0944855133362354,1.1593795956591366
SB71113_component_370a,17.882534,8.594949,15.072999954223633,74.61881256103516,17.882519952323058,8.595067012505902,14.426725232374181,0.986316508540756,1.044797049326148
SB71113_component_371a,17.413449,10.843701,13.496000289916992,74.15384674072266,17.41355607683072,10.84380630026715,13.280580255113792,0.9593396469457184,1.0162206794179984
SB71113_component_372a,13.354288,7.1363,15.029000282287598,55.45756530761719,13.35425832503239,7.1363947053172145,13.805099644226441,1.0277202449149194,1.0886556902595785
SB71113_component_380a,14.232595,11.373382,14.197999954223633,67.60952758789062,14.232581826588397,11.373381147454854,13.47332270643506,0.9948023976473321,1.053786082585438
SB71113_component_382a,19.423117,11.175725,13.635000228881836,26.578947067260742,19.42297939742439,11.175943897852477,10.66232567062715,1.2072231941520952,1.2788017033135546
SB71113_component_384a,14.29784,8.654632,14.352999687194824,69.67475891113281,14.297860338814406,8.654655143740385,13.726903988742139,0.9870847541096356,1.04561084560409
SB71113_component_385a,12.953065,8.935794,14.270000457763672,36.589744567871094,12.953143303593523,8.936032299384488,13.970998257972287,0.9642306079555637,1.0214016346055133
SB71113_component_392a,17.381081,8.219987,13.446999549865723,67.91413879394531,17.381073497348293,8.219989545505424,13.527105987774325,0.9384364378041203,0.9940780801169886
SB71113_component_393a,17.824649,7.93035,13.791000366210938,64.7464828491211,17.824590620740864,7.930360468045654,13.516680364461532,0.9631858434564273,1.0202949240754895
SB71113_component_396a,14.577861,9.371534,12.77400016784668,69.42391204833984,14.577853541710175,9.37150605150747,11.937708224800279,1.010160360489525,1.0700546476172894
SB71113_component_397a,13.024452,8.673734,13.892999649047852,34.6458854675293,13.024446134963153,8.673949319924626,12.060454648108939,1.087468559514871,1.1519465935910014
SB71113_component_398a,16.632743,8.155091,13.095999717712402,70.40859985351562,16.632718189740817,8.155102316464617,12.11768284201339,1.0202425693442418,1.0807346493924626
SB71113_component_400a,15.145188,9.677255,13.095000267028809,77.9464340209961,15.145161432757622,9.677224768837688,13.055551041066852,0.9468794024878051,1.0030216438844952
SB71113_component_402a,13.654381,6.672219,13.222999572753906,24.129562377929688,13.654365284179926,6.672379588254233,10.477520818169092,1.1913951183660012,1.2620351514667356
SB71113_component_403a,15.611235,9.99412,12.486000061035156,67.85869598388672,15.61122460583388,9.994181419812111,12.448778373099476,0.9468495177222015,1.00298998719554
SB71113_component_406a,14.736598,11.554445,14.272000312805176,58.9752082824707,14.73651133178496,11.55446418668243,11.498575370920499,1.1717235941278414,1.241197265958579
SB71113_component_409a,18.822082,11.645012,12.572999954223633,44.42756271362305,18.821953779276633,11.644944776907908,12.589371397783355,0.9427992599722202,0.9986995821282543
SB71113_component_410a,18.064261,8.693427,12.743000030517578,60.393367767333984,18.064187582981724,8.693525317351225,10.353207683111092,1.161933098298869,1.2308262734171642
SB71113_component_411a,12.920075,8.757223,12.274999618530273,28.34872817993164,12.92028819791844,8.757419678149983,11.430420746505792,1.0137798042946073,1.0738886949793747
SB71113_component_412a,16.548389,11.574028,12.718000411987305,54.8189697265625,16.548407633338922,11.57401250797012,12.557387596607406,0.9561012811052358,1.0127903048420113
SB71113_component_421a,15.65282,10.30218,11.85099983215332,57.52912521362305,15.652836620406717,10.302232734789,11.289658958378476,0.9909654976469133,1.0497216856456282
SB71113_component_425a,16.332045,7.708334,12.50100040435791,73.10526275634766,16.332047996624752,7.70822709362435,11.736046066675122,1.005558469965195,1.0651799024421778
SB71113_component_430a,15.624467,10.940285,12.402000427246094,62.01000213623047,15.624504749856111,10.940245461372678,11.152383642801146,1.0498044418835681,1.1120493003530751
SB71113_component_434a,15.710724,7.053018,11.37399959564209,42.759395599365234,15.710687292202358,7.0531001411658565,10.85922908277714,0.9887775068177915,1.047403964769597
SB71113_component_437a,16.624959,8.597057,11.637999534606934,62.569889068603516,16.624931957197624,8.597136718370844,10.849561531910968,1.0126293553249341,1.0726700337499349
SB71113_component_439a,12.875604,8.774308,12.795999526977539,26.008129119873047,12.875537781911012,8.774432089330796,12.47545712631924,0.9682825653633076,1.0256938401064324
SB71113_component_441a,16.015841,9.544385,12.640000343322754,71.01123809814453,16.01577459482019,9.544622208907153,12.654514660903697,0.9429441212093069,0.9988530324575952
SB71113_component_444a,17.445455,10.253441,11.630999565124512,58.74242401123047,17.44560442387426,10.253526279776782,11.466622199527253,0.9575597895475646,1.0143352909633698
SB71113_component_446a,18.479338,11.232842,11.10200023651123,47.2425537109375,18.479365194831257,11.232737211489686,10.481201860624573,0.9999413129216377,1.0592296937070598
SB71113_component_448a,19.213931,8.954994,11.37600040435791,13.33646011352539,19.213920582295557,8.955061982458757,11.029764199980846,0.9736609125042388,1.0313910794555032
SB71113_component_451a,14.517585,7.621407,12.579999923706055,70.67415618896484,14.517527444287891,7.621504337118753,12.641765536427366,0.9394145273887297,0.9951141624527576
SB71113_component_452a,14.488556,8.123864,11.60200023651123,57.152713775634766,14.48839079781228,8.123894786314606,11.848056023450022,0.9244217087205906,0.9792323916723731
SB71113_component_457a,15.899746,7.478788,10.371999740600586,52.91836929321289,15.899706260645882,7.478756002875571,8.899345945056531,1.1002434013171418,1.1654788795307025
SB71113_component_458a,14.591092,12.175939,11.585000038146973,148.525634765625,14.591077991427998,12.175738377984421,14.556899013617107,0.7512967933351254,0.795842577963198
SB71113_component_460a,16.50525,11.25739,11.71399974822998,52.294639587402344,16.505262144476607,11.257468210967088,11.55770500355961,0.9567929568605971,1.013522991339737
SB71113_component_461a,13.434109,9.048331,10.998000144958496,53.38835144042969,13.434133380841908,9.048433023731219,11.056572107079536,0.9390259264835646,0.9947025206769523
SB71113_component_466a,12.723654,7.458364,9.692999839782715,11.84963321685791,12.723780365957513,7.458584954794452,8.487729416982068,1.0780801364260821,1.1420015134305728
SB71113_component_467a,14.459637,11.518155,10.956999778747559,48.4822998046875,14.459584474371745,11.518111237101717,10.284153493843455,1.0057903574267038,1.0654255389426945
SB71113_component_468a,19.266705,11.65645,11.946999549865723,27.276254653930664,19.266638356600428,11.656397954524506,10.00604261367618,1.127147790419633,1.193978479917391
SB71113_component_472a,15.146619,9.463623,10.618000030517578,61.7325553894043,15.146568443147412,9.463550734503482,11.364699910608483,0.8820010752078608,0.9342965598771429
SB71113_component_473a,14.489279,10.532647,11.42300033569336,66.41278839111328,14.489340816813899,10.532594584085519,11.18892070103315,0.9637765574337591,1.0209206625835319
SB71113_component_475a,13.464667,9.468852,10.888999938964844,39.02867126464844,13.464636578977043,9.468974917603724,10.638066746166334,0.9662948152565265,1.0235882325977075
SB71113_component_476a,13.49899,8.036998,10.663000106811523,33.63722229003906,13.499061425054295,8.037146440528245,10.966305951892126,0.9179170147885177,0.9723420223354
SB71113_component_478a,13.934994,8.618038,10.732999801635742,58.01621627807617,13.935055772439949,8.61804353990168,10.012694731791518,1.0119394117361717,1.0719391821221882
SB71113_component_480a,13.094845,9.803223,10.840999603271484,13.450371742248535,13.09479437797416,9.803454231808358,10.892094786058946,0.9395984275382105,0.9953089663842386
SB71113_component_483a,17.29321,7.040411,11.260000228881836,41.70370101928711,17.293154891581853,7.040565527307547,10.58624000280717,1.0041093899264957,1.0636449037520408
SB71113_component_484a,15.856089,8.970596,10.597000122070312,51.441749572753906,15.856092279855018,8.970608812381785,10.20183386791725,0.980593606192914,1.0387348254509203
SB71113_component_488a,16.04423,11.570934,10.972999572753906,49.206275939941406,16.0441428427136,11.570927080929428,10.852728029046158,0.9544887355922571,1.0110821485055053
SB71113_component_490a,17.43102,6.718473,10.361000061035156,21.76680564880371,17.430845924256516,6.718801500425595,9.416631304256383,1.0387008201522276,1.100287324231534
SB71113_component_493a,13.889992,12.002059,11.342000007629395,21.042673110961914,13.889876196234988,12.002160910887362,11.40818273270773,0.9385502702546777,0.9941986619053194
SB71113_component_494a,15.629025,7.917252,10.001999855041504,53.774192810058594,15.629064225312193,7.91725156869802,10.137371766354919,0.9314205919110128,0.9866462516682378
SB71113_component_499a,18.12379,11.756698,11.277000427246094,32.128204345703125,18.123615086420045,11.756717024380034,11.284667136422586,0.943385525378485,0.9993206083011748
SB71113_component_503a,17.9018,7.008886,9.633000373840332,30.292455673217773,17.901682663435807,7.009064103569242,8.68135863390476,1.047510160805042,1.1096189870810045
SB71113_component_511a,16.901194,9.848176,9.73900032043457,58.668678283691406,16.90114810424778,9.84828903359359,8.957031493526335,1.0264425423884809,1.0873022303732438
SB71113_component_513a,16.206552,9.827357,9.907999992370605,55.04444122314453,16.20657273663564,9.827330232532317,9.75284525753732,0.9590450956708684,1.0159086636500643
SB71113_component_515a,14.556573,11.335387,10.23900032043457,46.12162399291992,14.556573294316248,11.335430344070959,8.633484682978164,1.1195817190979107,1.1859638021506949
SB71113_component_519a,13.090908,6.747919,9.824000358581543,15.374022483825684,13.090770732376216,6.747941461280822,10.617533660030663,0.8734722014579185,0.9252619933350107
SB71113_component_521a,13.270117,6.969531,10.0600004196167,28.660968780517578,13.270055430167325,6.969641096960456,9.432069630261575,1.0068745541414006,1.0665740196977014
SB71113_component_526a,13.985887,9.890757,9.227999687194824,49.085105895996094,13.98589269605905,9.890789220267427,8.348171079366391,1.0435195634306373,1.1053917797639587
SB71113_component_527a,14.27694,9.019846,9.576000213623047,54.40909194946289,14.276951152269142,9.019773160630951,8.030828689852793,1.1256623748037748,1.1924049912461248
SB71113_component_528a,15.650253,10.580752,10.567999839782715,57.43478012084961,15.65027053122683,10.580781950194217,9.897281051392474,1.0080016889727885,1.067767984450222
SB71113_component_529a,18.921635,11.982656,9.345999717712402,18.21832275390625,18.921675700790527,11.982541786033709,8.699792730016568,1.0141477292330565,1.074278434871931
SB71113_component_530a,17.825479,7.292972,8.944999694824219,36.810699462890625,17.82552352677471,7.293061815540783,8.5747946244907,0.9847839636375417,1.043173636984397
SB71113_component_531a,18.92874,6.866607,9.83899974822998,12.131936073303223,18.928507036215457,6.866907451435331,8.435172586926956,1.1011369632944579,1.1664254224600823
SB71113_component_534a,14.50808,11.974332,9.772000312805176,18.26542091369629,14.507994566538688,11.974316107359689,10.683037110312355,0.8635213903462079,0.9147211801194854
SB71113_component_535a,14.737225,10.194206,9.588000297546387,47.94000244140625,14.737198733927206,10.194248629198645,9.35895492122251,0.9671304299196766,1.0244733924088565
SB71113_component_536a,19.266517,11.771683,10.373000144958496,19.6831111907959,19.266406895043236,11.771592520279151,9.684225400161338,1.0111692630097109,1.0711233698449112
SB71113_component_541a,14.492786,8.310564,9.208000183105469,47.70984649658203,14.49280181886865,8.310620173282976,8.33439197939222,1.0429794749326586,1.1048196684141265
SB71113_component_542a,15.115736,7.485715,9.293000221252441,46.69849395751953,15.115727923460655,7.485691348785228,7.216948057367469,1.2155889196410825,1.28766344823081
SB71113_component_545a,18.8107,6.772202,9.25,13.643068313598633,18.810643844991844,6.772450844521988,8.619165616884102,1.0131199602363599,1.0731897275393056
SB71113_component_546a,14.671412,9.133336,9.425999641418457,54.48554992675781,14.671436271188634,9.13333094222588,9.458308177439424,0.9408021978284563,0.9965841104545492
SB71113_component_547a,16.343382,11.63825,9.49899959564209,33.68439483642578,16.343374875305827,11.63835725417079,9.974144647776287,0.8990556441133993,0.9523623259022889
SB71113_component_549a,14.09171,7.361542,9.045999526977539,41.6866340637207,14.091763877892332,7.3618411871832965,8.639784134446408,0.9884120554604235,1.0470168451213462
SB71113_component_550a,17.244745,9.16689,9.41100025177002,53.47159194946289,17.24470080268285,9.166904243629359,9.206704504789837,0.9649747408857238,1.0221898885615257
SB71113_component_554a,13.49804,10.657304,9.357999801635742,46.0985221862793,13.49801406100377,10.657197757157958,8.516617994118272,1.0372900897920314,1.0987929490436865
SB71113_component_558a,17.734795,10.986013,10.039999961853027,50.9644660949707,17.73491631191732,10.985938083339411,9.744316738718405,0.9726726037147899,1.0303441719992275
SB71113_component_565a,16.065522,10.480181,9.74899959564209,48.26237106323242,16.06555413460273,10.480146140209161,9.325615021747936,0.9868858774114788,1.0454001771364991
SB71113_component_569a,17.241548,11.260238,9.585000038146973,49.153846740722656,17.241522046798035,11.260199505421605,9.141792836121201,0.9897946642654133,1.0484814313746602
SB71113_component_575a,18.458401,8.724708,9.279999732971191,42.56880569458008,18.458455747958414,8.72477044243167,8.460436151395703,1.0354749004521415,1.0968701337507625
SB71113_component_576a,13.655418,11.363036,9.352999687194824,30.665571212768555,13.6555379963249,11.362910413740106,8.607100190386342,1.0258371583989536,1.0866609520406898
SB71113_component_580a,18.573425,7.597165,8.803999900817871,32.487083435058594,18.5734936587193,7.597239014856959,7.302749112767146,1.1380936839539344,1.2055733758436449
SB71113_component_582a,15.571312,9.735801,8.579999923706055,45.157894134521484,15.571303479685344,9.73586612288667,13.924903480350979,0.5816737365934989,0.616162254611893
SB71113_component_583a,14.150279,9.868136,9.031999588012695,50.45809555053711,14.150253998381292,9.86811081720896,7.856142963770293,1.0853227233198959,1.149673526775802
SB71113_component_584a,15.297197,8.625755,8.907999992370605,48.41304397583008,15.297225197291603,8.625798416733351,7.558178723885272,1.112621417259183,1.1785908110666454
SB71113_component_585a,14.217648,10.484439,9.553999900817871,49.24742126464844,14.217652659956258,10.484493301975906,8.748004626178654,1.0310045768389444,1.0921347563337191
SB71113_component_586a,16.439078,9.230386,9.062999725341797,46.476924896240234,16.43915016708018,9.230352996857235,8.147934361843944,1.0500471726317977,1.1123064230589563
SB71113_component_588a,17.045254,9.874695,8.579000473022461,47.66111373901367,17.045282187790253,9.874747344370144,8.678533901444686,0.9331999186465628,0.9885310779962897
SB71113_component_589a,19.477831,8.003278,9.61400032043457,13.52180004119873,19.477698082744926,8.00350173137223,8.066877520954131,1.1250790400272572,1.1917870694654416
SB71113_component_595a,17.108123,11.609054,8.854999542236328,36.74273681640625,17.108096834303755,11.609056222316784,7.578167033840447,1.1030843786183309,1.1684883036615796
SB71113_component_596a,16.792504,10.623676,8.862000465393066,46.39790725708008,16.792604569477444,10.623638965969956,7.550211114612554,1.10804408066274,1.1737420756674866
SB71113_component_597a,18.588458,7.570286,8.468000411987305,30.792728424072266,18.588431997368517,7.569915575135594,7.515543412943403,1.0636649473261994,1.126731620950198
SB71113_component_601a,13.05841,7.923326,8.204999923706055,11.239726066589355,13.058647354708594,7.9235150316419185,9.065231271567233,0.8544448920883927,0.9051065193935799
SB71113_component_606a,15.873036,12.206619,9.116000175476074,11.58322811126709,15.873270297453086,12.20679323362045,8.732204536368025,0.9855185198285229,1.0439517463785475
SB71113_component_608a,16.732198,9.073539,8.470000267028809,43.886009216308594,16.732127015250096,9.073499426481924,7.517733799507303,1.0636061635907286,1.1266693518176867
SB71113_component_611a,13.657733,10.437384,8.75100040435791,45.34196853637695,13.65764167759449,10.437414729184374,7.47656929637189,1.1049425697112063,1.1704566703614256
SB71113_component_613a,17.355289,9.741561,8.75100040435791,46.30158996582031,17.355220319028206,9.741688053677862,8.756750711138178,0.9434069740559391,0.9993433287106194
SB71113_component_617a,14.79112,12.022931,8.647000312805176,15.836997032165527,14.791056440275243,12.022909127632934,9.286294430061142,0.8790374750132026,0.9311572423133091
SB71113_component_618a,16.309207,8.073919,8.887999534606934,50.21468734741211,16.309242831959963,8.073904823800193,6.860431298775322,1.2230296009575703,1.2955453013855789
SB71113_component_619a,13.338141,10.111333,8.64900016784668,28.08116912841797,13.33801809593796,10.111536491287918,8.535031944896312,0.9566324739823113,1.0133529931330272
SB71113_component_621a,18.38897,7.953868,8.722999572753906,37.11914825439453,18.389208201479693,7.953956120447245,6.553912819919558,1.2564625711786772,1.3309605746115145
SB71113_component_625a,12.968777,7.67228,8.022000312805176,15.107344627380371,12.968898814400667,7.672434904360847,7.757655880148704,0.9761948865928961,1.034075297582213
SB71113_component_626a,19.210416,8.255705,8.147000312805176,21.496042251586914,19.21049666559547,8.255615048675907,6.720369403926989,1.144429256943918,1.2122845967432307
SB71113_component_627a,17.94714,7.407061,7.76200008392334,41.73118209838867,17.947091215591197,7.407209945933257,6.214837486390151,1.1790391640775248,1.248946589660842
SB71113_component_628a,19.273579,9.690855,7.8480000495910645,22.813953399658203,19.273562393105145,9.690817409133203,6.664702319291139,1.111636007127446,1.1775469741348898
SB71113_component_632a,16.68452,9.214,7.986000061035156,30.953489303588867,16.68454727191431,9.214048095165047,7.768034264273966,0.9705156465548435,1.0280593248363539
SB71113_component_638a,16.772343,8.859509,7.619999885559082,40.105262756347656,16.77237578688351,8.85954489581849,7.074517581708845,1.0168162996544603,1.0771052297983654
SB71113_component_642a,14.171086,8.518259,8.020999908447266,40.92346954345703,14.171084186762968,8.51831655398361,8.86016623784385,0.854615973365417,0.9052877443978072
SB71113_component_645a,18.198111,8.380668,8.331000328063965,39.861244201660156,18.198155616518527,8.380659864445821,7.289142256392119,1.078959368433814,1.1429328767398115
SB71113_component_647a,13.904132,10.990081,8.119000434875488,37.41474914550781,13.904186317811456,10.990062991993502,7.524868810036247,1.0185632360043824,1.0789557452545648
SB71113_component_648a,18.608108,10.015496,8.276000022888184,36.94642639160156,18.607891946877068,10.015468257520046,8.993660231658705,0.8686970996377553,0.9202037668440847
SB71113_component_649a,19.523073,11.456888,8.442999839782715,13.750813484191895,19.523002843070298,11.457040497917427,7.922260078621523,1.0060789215381682,1.0657312125571874
SB71113_component_650a,19.36536,9.857279,8.269000053405762,20.168292999267578,19.365314042697666,9.857124157461554,7.470497423301181,1.0449315429257415,1.106887478150247
SB71113_component_653a,15.124144,6.765093,8.387999534606934,18.0,15.124088210201673,6.765350094896663,6.758396480561236,1.1716532363569063,1.241122736544508
SB71113_component_654a,15.942079,9.453191,8.0,45.71428680419922,15.942065191967934,9.453318013751739,7.703030364194256,0.9804213093057066,1.0385523127607206
SB71113_component_655a,15.898881,6.729342,8.14900016784668,15.671154975891113,15.898625577357317,6.729569983755356,7.552026412908281,1.0186504733497597,1.0790481550644504
SB71113_component_660a,18.94966,9.645728,8.166000366210938,36.2933349609375,18.949602310533194,9.645706515026026,8.798711007816182,0.8761424165189644,0.9280905304148315
SB71113_component_662a,17.914112,10.211433,7.427000045776367,35.87922668457031,17.914162593855966,10.211488708580514,6.997214556783883,1.0020112566177148,1.061422368215907
SB71113_component_663a,14.497932,6.798538,7.8480000495910645,22.10704231262207,14.498025866098951,6.798970148437106,6.201072473778419,1.1947486674664796,1.2655875387324969
SB71113_component_664a,15.037787,9.108668,8.458000183105469,40.27619171142578,15.037794888217462,9.108696682332752,7.3709258928414165,1.0832532736824902,1.147481375619284
SB71113_component_667a,15.428893,10.412621,8.222999572753906,43.97325897216797,15.428884233174022,10.412788813479539,7.63527117894822,1.0166937789577046,1.0769754446215554
SB71113_component_668a,17.942656,10.09895,7.841000080108643,37.87922668457031,17.9426454925244,10.099161813935218,7.092639577178128,1.0436333095665875,1.1055122701199287
SB71113_component_673a,16.201741,10.63547,7.49399995803833,40.7282600402832,16.20147871164549,10.635441852977797,6.067757942760998,1.1659228229547864,1.2350525562706203
SB71113_component_674a,18.257621,11.433801,8.20199966430664,31.546154022216797,18.25766306123078,11.433667821667441,9.698857608158812,0.7983319832975889,0.8456665718452249
SB71113_component_675a,18.942939,6.92116,7.986000061035156,11.04564380645752,18.942991539305076,6.921504180525046,7.466615684203543,1.0096942330112983,1.069560882573671
SB71113_component_677a,14.90253,10.803897,7.044000148773193,32.01818084716797,14.902520843900474,10.80377431440391,4.618289590083765,1.4398676002761621,1.5252400291003474
SB71113_component_680a,14.875509,7.930556,7.36899995803833,39.40641403198242,14.875583421059183,7.930673286745286,7.617773511612139,0.9131978127007482,0.967343009976
SB71113_component_681a,16.235437,6.959464,7.7220001220703125,27.776979446411133,16.23539832413781,6.959440232153776,8.701729593141602,0.837738713578505,0.8874098004788062
SB71113_component_682a,14.061053,11.962982,7.394999980926514,15.40625,14.060937588634228,11.963008970474913,6.329407029816296,1.1029593761784438,1.1683558895944706
SB71113_component_685a,19.028387,8.783095,8.227999687194824,18.123348236083984,19.028596716402276,8.783113529117335,8.414394162244657,0.9231149386400975,0.9778481407626252
SB71113_component_689a,17.702867,10.425357,7.5229997634887695,37.427860260009766,17.702901616068665,10.425509076480807,6.465939723719486,1.0983576044964731,1.1634812703081026
SB71113_component_693a,17.674163,10.85513,7.521999835968018,37.6099967956543,17.674292972346123,10.855082170761136,7.045679817839174,1.0078474030734272,1.067604550652846
SB71113_component_695a,13.574017,10.438736,7.052999973297119,34.07246398925781,13.574023952604634,10.438705659150338,6.876436962678834,0.9682662201284877,1.0256765257322307
SB71113_component_696a,14.691128,10.38785,7.35699987411499,37.15656661987305,14.691192894865804,10.387883145245754,6.113360535866954,1.1360700331360656,1.2034297390038804
SB71113_component_697a,14.332751,7.336092,7.236999988555908,34.298580169677734,14.332720429623961,7.3363769172055875,6.841906622603625,0.9985407525572585,1.057746091513002
SB71113_component_698a,13.367877,8.501359,7.269999980926514,24.314382553100586,13.367919947328318,8.501529234546362,6.520709048934405,1.052504477121373,1.1149094257034142
SB71113_component_701a,15.340986,9.2998,7.406000137329102,41.37430191040039,15.340944832054719,9.299723559828271,6.842205177350579,1.021814326141652,1.0823995985745685
SB71113_component_704a,15.333979,9.160152,7.014999866485596,37.71505355834961,15.333989928246428,9.160005895475804,5.452947441438938,1.214453022754017,1.2864602019040292
SB71113_component_705a,19.10611,8.815039,7.793000221252441,14.458256721496582,19.10616144584647,8.814892139559179,8.13541455898643,0.9042934081237242,0.9579106466853917
SB71113_component_707a,18.432695,10.356096,7.0370001792907715,29.56722640991211,18.432765480231573,10.356006815110094,5.812534037208924,1.142895223926764,1.2106596080544956
SB71113_component_708a,15.73219,11.223024,7.406000137329102,37.593910217285156,15.73222274156298,11.222901675724898,6.81936046899758,1.0252373817753504,1.086025613545218
SB71113_component_709a,14.506184,8.829992,6.604000091552734,36.087432861328125,14.506209639573589,8.830053976571648,6.688759951860941,0.9320641956004789,0.987328015817846
SB71113_component_711a,14.066096,10.701694,7.283999919891357,36.6030158996582,14.066037764959356,10.701920272283841,7.415729166984674,0.9272576751394788,0.9822365078164149
SB71113_component_714a,17.557549,9.633134,7.205999851226807,38.7419319152832,17.557467006535106,9.633233741964583,5.883946896823564,1.1561385144926142,1.2246881179564946
SB71113_component_719a,15.845338,8.391399,6.96999979019165,37.67567443847656,15.845463688702209,8.391322566656614,8.520428208207127,0.7722460726550533,0.8180339790291222
SB71113_component_720a,14.258196,7.434247,7.043000221252441,36.68229293823242,14.2580688025694,7.434295960325461,7.364522268760903,0.9028123411603061,0.9563417645062592
SB71113_component_722a,18.339229,10.435111,6.994999885559082,32.235023498535156,18.339123202710713,10.435059908526021,6.574956789016002,1.0043363318255718,1.0638853014585277
SB71113_component_730a,17.825003,10.610421,6.895999908447266,35.364105224609375,17.825000925950675,10.610436424166114,6.0688489429263095,1.0726925985751017,1.1362945384371548
SB71113_component_731a,14.884903,10.825573,6.585999965667725,28.759824752807617,14.884908571492112,10.82566700718548,5.7777239455304805,1.0760917482146848,1.139895229982822
SB71113_component_738a,17.405833,8.736598,7.36899995803833,44.66060256958008,17.40578003622563,8.7366527070087,5.294048003604312,1.314029284154154,1.3919405250993837
SB71113_component_742a,15.841194,11.689969,7.060999870300293,29.057613372802734,15.841138009941337,11.68999549239593,7.386316963321529,0.9024489169350316,0.9559567921825352
SB71113_component_743a,15.697068,8.152222,6.614999771118164,34.633506774902344,15.69711903833627,8.152168151861131,5.514171479783487,1.1324888390351313,1.1996362092420638
SB71113_component_745a,13.603744,10.942863,6.199999809265137,24.701196670532227,13.603765707522676,10.942791663967144,5.509801582208634,1.0622826334048858,1.1252673470647618
SB71113_component_746a,18.005879,9.852119,7.369999885559082,38.78947448730469,18.005871181699177,9.852222635159753,6.787999606728516,1.0249673644683839,1.0857395864097672
SB71113_component_747a,16.878536,11.531427,6.566999912261963,29.71493148803711,16.878494201321267,11.531438522226694,5.53349499966997,1.1203451887644629,1.1867725393541755
SB71113_component_749a,13.284949,11.379084,7.454999923706055,12.529411315917969,13.285263805485052,11.379148758922314,8.040767440707391,0.8752548112389477,0.9271502973664162
SB71113_component_750a,17.551938,8.26995,7.209000110626221,39.60988998413086,17.551896661149687,8.269976704483733,5.9612499237672365,1.141621310501023,1.2093101619316882
SB71113_component_753a,18.155715,9.415125,6.823999881744385,36.49197769165039,18.15562454656345,9.415062211988788,3.9631867726977874,1.6254695403407413,1.7218466534947603
SB71113_component_755a,14.5325,11.433367,6.494999885559082,28.612335205078125,14.532470734689772,11.433365939482032,7.473176877486633,0.8204615840363708,0.8691082777828577
SB71113_component_759a,17.36849,7.888038,6.960999965667725,34.12255096435547,17.368433444097327,7.8878868259271,6.993529490129101,0.9396358668468867,0.9953486255391801
SB71113_component_763a,15.502699,7.439161,6.7779998779296875,36.053192138671875,15.502624998642998,7.439175988356341,5.749823140784636,1.112836688106261,1.1788188457227475
SB71113_component_766a,19.016683,11.026559,6.122000217437744,20.682432174682617,19.016611531984584,11.026414898047955,5.4535391977286,1.0597398519929915,1.1225737994122347
SB71113_component_767a,13.093343,10.891487,6.9120001792907715,17.108911514282227,13.093333549765042,10.891568917812618,5.95245883647888,1.096204813525661,1.161200836355468
SB71113_component_768a,16.104595,11.212008,6.308000087738037,31.07389259338379,16.1045091315934,11.21182369149328,6.4907296712007705,0.917450271831703,0.9718476053203231
SB71113_component_772a,15.017972,6.96283,6.120999813079834,19.9381103515625,15.017822917523189,6.963063290813607,4.80829792865457,1.2017534061666615,1.2730076014221892
SB71113_component_777a,14.693496,6.837385,7.041999816894531,19.08401107788086,14.693563383951824,6.837563929996368,5.113132536551177,1.3001495922218114,1.377237880409879
SB71113_component_780a,16.52764,6.82654,5.598999977111816,16.6636905670166,16.527656116985764,6.82658824464173,4.674164913492085,1.1308130179459364,1.197861025602707
SB71113_component_784a,19.45254,11.039488,6.757999897003174,10.659305572509766,19.45239575041291,11.039569168332315,5.35693099337974,1.1909307081404363,1.2615432054948845
SB71113_component_786a,14.012672,6.880068,7.070000171661377,17.5,14.01254649880612,6.880308111445716,5.072765665098524,1.315706403728862,1.3937170842138757
SB71113_component_789a,14.831058,10.879844,6.827000141143799,36.12169647216797,14.831109388037673,10.879822309772878,5.802328005615508,1.1107389484035495,1.176596727130319
SB71113_component_793a,14.188944,11.357674,5.749000072479248,29.182741165161133,14.189103546023983,11.357965370472051,6.148695519279675,0.8826604990646546,0.9349950822012322
SB71113_component_795a,18.569029,9.008096,6.620999813079834,30.511520385742188,18.568881255887625,9.00814799934966,7.155194977984795,0.8735473844614111,0.9253416340786547
SB71113_component_796a,13.300776,10.309557,6.111999988555908,24.546184539794922,13.30072939489032,10.309597484511475,4.038033148716144,1.4288868181056549,1.5136081759257383
SB71113_component_799a,16.6238,11.691605,6.420000076293945,23.77777671813965,16.62353009759095,11.691673925837572,6.56537476896743,0.9231236472115202,0.9778573656814493
SB71113_component_802a,13.937941,8.924063,6.209000110626221,33.744564056396484,13.937942456520503,8.924088354034874,5.7073475692819065,1.0270029973874784,1.087895915791831
SB71113_component_808a,13.889282,9.12403,6.105999946594238,30.378108978271484,13.889231118987052,9.124062042259185,5.652624565793052,1.0197436729138318,1.080206172464521
SB71113_component_815a,17.499521,7.980195,5.7870001792907715,28.092233657836914,17.499557783762363,7.980241916620954,5.502739243504019,0.9927935045666075,1.0516580784965093
SB71113_component_816a,17.227089,7.428537,6.066999912261963,31.273195266723633,17.226838860472277,7.428635865140419,4.7750122739938,1.1994547294507314,1.270572631887195
SB71113_component_817a,19.384072,10.033502,5.693999767303467,10.971097946166992,19.3841839530268,10.033063816258053,5.799508916574003,0.9268524224991918,0.9818072269931323
SB71113_component_818a,18.699797,11.081751,6.433000087738037,25.73200035095215,18.699990796185386,11.081616930608794,6.000570671149601,1.012057918358307,1.0720647152224256
SB71113_component_827a,18.748996,7.20674,5.494999885559082,14.38481616973877,18.748847406633967,7.2069185705138,4.885941929975032,1.0617047283045693,1.124655176895883
SB71113_component_831a,16.55459,8.741846,5.9720001220703125,29.860000610351562,16.55459015453825,8.741947673993211,5.476060779885372,1.0295226670066073,1.0905649813104015
SB71113_component_841a,14.081343,11.004956,5.843999862670898,28.096153259277344,14.081417231232614,11.00508327904061,3.899344520147563,1.414825744062367,1.498713394642478
SB71113_component_845a,14.963166,8.993127,5.572999954223633,30.620880126953125,14.96320377681234,8.99324897882546,4.000561178033218,1.3150809542319593,1.393054550652683
SB71113_component_848a,16.336396,8.633816,5.7220001220703125,33.46198654174805,16.336378780918626,8.633995962203208,4.71572588045374,1.1454698838274013,1.2133869243306716
SB71113_component_849a,15.2722,8.885121,5.9730000495910645,33.18333053588867,15.272383996950204,8.885046956822697,10.265153941733537,0.5493022987546825,0.5818714539981238
SB71113_component_850a,17.045654,11.424481,6.085000038146973,28.434579849243164,17.04565688921027,11.424666066078101,5.503009031765636,1.0438659331497215,1.1057586863880915
SB71113_component_854a,14.761389,7.028526,5.800000190734863,22.480621337890625,14.761331812306937,7.028866608537502,3.4764226558193516,1.57499725457,1.6683817719994325
SB71113_component_858a,15.631111,8.241958,5.315999984741211,29.370166778564453,15.631101231078427,8.24213323322884,5.041814169842863,0.9953653111055755,1.054382372229894
SB71113_component_860a,18.927937,10.074359,5.388999938964844,21.99591827392578,18.928055747443576,10.07443384153455,6.441121910901075,0.78982526953962,0.8366554792022177
SB71113_component_862a,13.711322,7.88451,5.888999938964844,23.27667999267578,13.711336185070781,7.884844546192991,5.60058077697947,0.9926424625409312,1.0514980809081242
SB71113_component_866a,18.304945,11.516916,5.410999774932861,21.136716842651367,18.304781266304293,11.516790659083536,5.842017871026668,0.8743775522264416,0.9262210240349606
SB71113_component_880a,17.531213,8.552542,5.072999954223633,26.28497314453125,17.531139530711858,8.55263815020131,5.339832410433853,0.8968536835366417,0.9500298069862945
SB71113_component_882a,15.705922,11.040445,5.752999782562256,28.480195999145508,15.705789941791872,11.040282909190495,4.555881715016891,1.192082417682364,1.2627632020382527
SB71113_component_883a,14.611629,10.919489,6.015999794006348,31.830686569213867,14.611629030625005,10.91962732239284,5.127024882229495,1.107711724184396,1.1733900131552082
SB71113_component_885a,15.755882,10.250148,5.868000030517578,28.076555252075195,15.755935035222114,10.2501510317848,5.411999060016557,1.0235681407997097,1.0842574001665894
SB71113_component_888a,19.050946,8.819598,5.331999778747559,10.579364776611328,19.050978916875675,8.819421074215006,6.120809139381264,0.8223669535916931,0.8711266202439627
SB71113_component_894a,14.734456,11.45925,5.355999946594238,23.699115753173828,14.734375670277542,11.459525119582336,5.269746601930238,0.9594783869521878,1.0163676455775705
SB71113_component_895a,14.7138,11.781287,5.839000225067139,16.58806800842285,14.713800203134921,11.7813815012464,5.627559465332271,0.9794962192216611,1.0375723723645065
SB71113_component_897a,16.418026,10.614832,5.046000003814697,26.145076751708984,16.41796167158921,10.6150130390684,5.158106372065314,0.9235093935567329,0.978265983645132
SB71113_component_898a,15.993024,9.327045,5.827000141143799,30.34895896911621,15.993170127335974,9.326969075403994,5.52064201909635,0.9964139675804635,1.0554932054981525
SB71113_component_902a,14.394964,7.360479,4.822000026702881,23.753694534301758,14.394973062177057,7.360462936412402,5.31925777376499,0.855776854507325,0.906517456342382
SB71113_component_904a,14.799282,10.365035,5.445000171661377,29.917583465576172,14.799284657099895,10.365130296025564,5.49939800830585,0.9346889545238201,0.9901084015809886
SB71113_component_905a,16.110104,7.661379,5.581999778747559,28.625640869140625,16.110080082397815,7.66128480762498,5.513833815323987,0.9556976260649568,1.0123627163434135
SB71113_component_906a,16.197447,10.175414,5.560999870300293,30.387977600097656,16.197541805112053,10.175410057675657,4.501147164303151,1.1663101022792663,1.235462798106763
SB71113_component_909a,16.482062,11.462019,5.078000068664551,22.469026565551758,16.481861423066967,11.461942664076581,3.752735437102797,1.27740649176943,1.3531462992192411
SB71113_component_910a,15.096263,9.93858,5.5329999923706055,30.401100158691406,15.096230713016881,9.938520739960513,4.474750730145362,1.1672830704777424,1.2364934553998868
SB71113_component_911a,14.796959,6.85213,4.853000164031982,14.357988357543945,14.796651730713968,6.8525319373118565,5.234193613554035,0.8752757325019113,0.9271724590899838
SB71113_component_912a,16.326818,11.371975,5.308000087738037,26.540000915527344,16.326723924105778,11.371953958550634,5.64610275795128,0.8874962122787967,0.9401175138484504
SB71113_component_914a,12.977625,7.19177,5.533999919891357,11.875536918640137,12.97775195014036,7.191753818879743,5.557130186019393,0.9400975963307077,0.9958377318231223
SB71113_component_918a,14.652195,8.841769,5.039000034332275,27.237836837768555,14.652196395831934,8.841681277722246,4.731501576614869,1.0053788318832255,1.0649896132841203
SB71113_component_922a,17.133327,6.844805,5.360000133514404,15.184137344360352,17.13322356463391,6.8452290630355686,4.238429779943259,1.1938346312180361,1.264619307574363
SB71113_component_925a,19.143753,9.526765,5.192999839782715,16.751611709594727,19.14352533652551,9.526651787176462,5.226189717157562,0.93803167331748,0.9936493163908908
SB71113_component_926a,16.846705,9.358923,5.488999843597412,30.494441986083984,16.84666823043786,9.358971468358078,4.855360477556217,1.067225280652015,1.1305030530627287
SB71113_component_928a,14.94512,8.865048,5.074999809265137,30.208332061767578,14.945099267723817,8.865126491423592,4.717258059297249,1.0156188666120538,1.0758367987231086
SB71113_component_929a,16.369343,10.518442,4.926000118255615,25.5233154296875,16.369433643849877,10.518248273275429,7.4064341212461,0.6278698348957701,0.6650974055281055
SB71113_component_930a,15.41264,8.051751,5.6620001792907715,31.455554962158203,15.412690048806324,8.051781201166223,5.171328539103045,1.0335990793625585,1.094883091738904
SB71113_component_933a,15.439789,7.628505,5.563000202178955,29.59042739868164,15.439789757226153,7.6285111176244556,4.685102469504298,1.1209192991694121,1.1873806898331387
SB71113_component_934a,18.422103,8.561502,5.2779998779296875,25.62135887145996,18.422128695824032,8.561513825273629,4.7173226838396785,1.0562291666288992,1.1188549589814458
SB71113_component_935a,16.755931,6.859762,5.265999794006348,14.232431411743164,16.755852471778148,6.859615879632917,2.0419752821558337,2.434527708839028,2.5788753860167795
SB71113_component_936a,19.325823,9.883533,5.3979997634887695,14.093995094299316,19.325981094713736,9.88332097686458,5.606243407367931,0.9089610556452821,0.9628550477124344
SB71113_component_937a,17.723827,7.661782,5.432000160217285,24.69091033935547,17.723905001151838,7.661893055436647,4.859706652956217,1.0551983032573602,1.1177629738027366
SB71113_component_939a,18.0882,11.521855,4.743000030517578,17.830827713012695,18.08817005636525,11.521576832009478,5.241649074669473,0.854219636129746,0.9048679075900672
SB71113_component_941a,15.749434,6.886534,4.940999984741211,14.447367668151855,15.74940475079783,6.886788710993621,4.994113965498493,0.9339868650169204,0.9893646838810214
SB71113_component_943a,18.890947,11.360437,5.5,24.553569793701172,18.890867908851234,11.360480822899756,4.863899164831069,1.0674867458809116,1.1307800210514898
SB71113_component_954a,13.639079,8.259741,4.702000141143799,18.01532554626465,13.638941378102523,8.259768801728448,4.734195008934574,0.9376070396076102,0.9931995053583523
SB71113_component_955a,16.652442,11.95493,4.510000228881836,10.180587768554688,16.652377389658454,11.95490991131059,4.0530383173978946,1.0504616916737932,1.112745519706144
SB71113_component_956a,14.940886,6.98966,5.158999919891357,17.13953399658203,14.940690286887195,6.9897853234124145,5.357062824428499,0.9091240492152027,0.9630277054743573
SB71113_component_957a,12.961387,7.555767,4.672999858856201,10.45413875579834,12.96171011168504,7.556219989138868,3.17997656674144,1.3872547260600512,1.4695076396882636
SB71113_component_958a,15.812504,7.325,5.551000118255615,26.94660186767578,15.812409157336411,7.3248985282917225,5.298004531212307,0.9891070013025682,1.0477529955953846
SB71113_component_960a,14.976069,10.550172,5.355999946594238,25.626792907714844,14.976150535264688,10.550207277846846,4.694048919619696,1.0771528068515406,1.1410192007603048
SB71113_component_961a,17.9223,8.508674,4.5980000495910645,23.459184646606445,17.92229475174708,8.508801117277986,3.2185051297666973,1.34864960884495,1.4286135532505315
SB71113_component_968a,18.924489,9.588887,5.410999774932861,23.424240112304688,18.924544217037685,9.588762284496603,4.0635178809536425,1.2570707046901513,1.3316047654902865
SB71113_component_978a,15.497642,9.356071,4.539000034332275,23.889474868774414,15.497670292201501,9.356400319221825,4.224405085545599,1.014329354470979,1.0744708290081146
SB71113_component_981a,13.655703,9.595329,5.0329999923706055,19.814960479736328,13.655762749301061,9.595371444038507,4.187089579044373,1.134746997289149,1.2020282579001562
SB71113_component_985a,15.335733,6.781709,4.505000114440918,11.82414722442627,15.335769282246694,6.781938402593057,4.673393918446939,0.9100112935148088,0.9639675561391621
SB71113_component_990a,18.598078,10.597127,4.863999843597412,18.42424201965332,18.598063420238052,10.59700719861733,5.556698145240398,0.8263444445651722,0.8753399440571883
SB71113_component_991a,17.895438,7.163309,5.425000190734863,21.963563919067383,17.89560493167281,7.163581163021317,4.962172073386147,1.032077481266521,1.0932712752608933
SB71113_component_993a,13.153944,7.656714,4.360000133514404,13.093092918395996,13.154048584757323,7.656815948549818,3.4222481060858434,1.2027057174937157,1.2740163770595534
SB71113_component_994a,15.958033,10.391673,4.927000045776367,24.270936965942383,15.9580839159293,10.391662097697392,4.758206523825491,0.9775154785843053,1.0354741899296902
SB71113_component_996a,18.128224,11.244395,4.40500020980835,20.206422805786133,18.128129271753032,11.244349600235882,4.331919918190716,0.9599527979398393,1.0168701852752984
SB71113_component_997a,16.459284,8.784981,4.875999927520752,26.21505355834961,16.459314665847103,8.785164180086602,4.01209166060881,1.1473005688123608,1.2153261540342897
SB71113_component_999a,15.335362,6.914211,4.556000232696533,15.391892433166504,15.335388286195103,6.914438160381373,4.441697289786996,0.9683205421756281,1.0257340686346095
SB71113_component_1001a,14.347677,8.270786,4.789999961853027,24.191919326782227,14.34775862702166,8.27080655951051,4.289271084692151,1.0542324499850626,1.1167398532930017
SB71113_component_1003a,17.026987,6.9318,4.877999782562256,15.436707496643066,17.02720029018302,6.931892487454797,4.287223373044121,1.0741131405075797,1.1377993069436587
SB71113_component_1004a,16.63611,11.500855,5.196000099182129,23.834863662719727,16.636252816836272,11.500866020013529,4.531502472910194,1.0824585974148226,1.14663958151725
SB71113_component_1009a,16.194986,7.120278,4.501999855041504,20.842592239379883,16.195147336533896,7.120211470276928,4.752715774328521,0.8942274524889596,0.9472478618138197
SB71113_component_1015a,17.487183,9.992158,4.982999801635742,26.93513298034668,17.48720310769439,9.992214863838871,4.6504945549130605,1.0115237738967442,1.0714989003419868
SB71113_component_1018a,16.23265,7.062662,5.010000228881836,22.070486068725586,16.232656703961634,7.062537478766774,3.1735409965583252,1.4903147421593055,1.5786782758802023
SB71113_component_1021a,17.697166,9.725594,4.544000148773193,22.49504852294922,17.6970906626473,9.725561079247084,4.153348379124609,1.0328192904520725,1.0940570676931562
SB71113_component_1028a,16.178239,6.788725,4.079999923706055,11.20879077911377,16.17792940318684,6.788666781825394,3.757563993532768,1.0250336769782014,1.0858098307116628
SB71113_component_1034a,17.607018,8.95612,4.073999881744385,22.14130401611328,17.606557444185828,8.95624250108072,4.485294995074662,0.8574609786080211,0.9083014352942396
SB71113_component_1037a,18.877882,9.131428,4.394000053405762,14.128618240356445,18.877828795587497,9.131402468842666,5.418862157797417,0.76548435477694,0.8108713463181675
SB71113_component_1041a,17.896898,8.805018,4.300000190734863,22.513090133666992,17.896839368051587,8.805084591703876,4.793234196229415,0.8468845122814465,0.8970978706021598
SB71113_component_1042a,16.197475,10.696436,4.440000057220459,23.492063522338867,16.19748714364045,10.695971948057526,4.633489452193344,0.9046053705845142,0.9582411059808729
SB71113_component_1044a,14.397239,8.739049,4.7220001220703125,25.803279876708984,14.397097928454851,8.738992643301454,5.174609794937826,0.861455310387932,0.9125325984366418
SB71113_component_1051a,16.084582,8.892779,4.802000045776367,28.754491806030273,16.084656441054697,8.892779515128861,4.407043353725396,1.0286300365826573,1.0896194251679197
SB71113_component_1056a,18.749377,10.017542,4.51800012588501,20.260089874267578,18.7494310820608,10.017445238845571,4.464035696784691,0.9554389558909754,1.0120887091335733
SB71113_component_1059a,18.675621,11.146839,4.2779998779296875,18.360515594482422,18.67554831890761,11.146635830279807,3.919996890264889,1.0302423779188425,1.0913273652216104
SB71113_component_1062a,15.084166,8.120041,4.589000225067139,24.940217971801758,15.084363863235527,8.120059230245365,4.387805361523104,0.9873135317175914,1.0458531878620512
SB71113_component_1063a,14.032365,11.88759,4.288000106811523,10.535626411437988,14.032332299035295,11.887366047406486,4.505214271758053,0.8985116264061844,0.9517860523730945
SB71113_component_1071a,16.447507,9.7392,4.394000053405762,22.7668399810791,16.44764486988118,9.739361611656252,3.369932184914168,1.2309013875875319,1.3038838208899082
SB71113_component_1072a,18.586363,8.616599,3.8940000534057617,17.078947067260742,18.586286278885993,8.616674895377551,4.716844209977634,0.7793432630243375,0.8255519750193797
SB71113_component_1077a,15.97741,8.286822,4.598999977111816,24.462766647338867,15.97741821880937,8.286651247860238,3.707339845942894,1.1710767890738574,1.2405121106295949
SB71113_component_1078a,13.66893,8.266796,3.9040000438690186,14.78787899017334,13.66886004022338,8.26695844697374,3.3001475767434796,1.1167624877276994,1.1829774133075008
SB71113_component_1080a,16.779614,7.142714,3.9030001163482666,15.865853309631348,16.779509498810782,7.142746147261087,3.437031569219069,1.07201141013747,1.135572961069738
SB71113_component_1083a,13.433903,9.131367,3.7170000076293945,18.1317081451416,13.43401963625114,9.131617351774429,3.8196959905423693,0.918645872297124,0.9731140951616957
SB71113_component_1084a,15.679811,7.541404,3.9159998893737793,19.678390502929688,15.679858272899157,7.541419883024426,5.053791042365264,0.7314922923223359,0.7748638312400471
SB71113_component_1086a,14.273156,10.935907,4.103000164031982,20.72222328186035,14.273263570025456,10.93623272498504,4.30310407999377,0.9001275381905187,0.9534977745734476
SB71113_component_1093a,17.375154,8.928386,3.8580000400543213,21.314918518066406,17.374944370437902,8.928440044059965,3.04672787240024,1.1953991067437466,1.2662765437646237
SB71113_component_1096a,13.914339,11.623099,4.172999858856201,15.010790824890137,13.914321836052252,11.623071772351175,4.417500250670632,0.8917767634917315,0.9446518669065581
SB71113_component_1105a,15.084574,11.429936,3.8429999351501465,19.21500015258789,15.084691457276232,11.429752762175783,3.4566105049874465,1.049552811793638,1.1117827506469675
SB71113_component_1107a,18.783031,11.413328,4.426000118255615,19.327510833740234,18.782964903447038,11.413059404427566,3.1166811473136486,1.3406129554732396,1.4201003917486086
SB71113_component_1108a,16.790858,10.495434,3.8949999809265137,19.282176971435547,16.790853211573246,10.49503233912759,4.45761910920408,0.824876380455263,0.8737848356949405
SB71113_component_1117a,13.799917,10.375455,4.072000026702881,21.098445892333984,13.79996378300367,10.375517732627442,2.8913704935585436,1.329500154840825,1.4083286924918714
SB71113_component_1119a,13.763739,10.079368,4.10099983215332,18.556560516357422,13.763674684335474,10.079472353149052,3.9701463632517524,0.9751414080991837,1.0329593563886628
SB71113_component_1125a,18.428894,11.507126,4.008999824523926,15.014981269836426,18.42901982873641,11.50721714149883,4.2004182292375,0.901006382566827,0.9544287272678744
SB71113_component_1132a,16.845377,9.294826,4.0929999351501465,21.656084060668945,16.845302619773907,9.294752675792818,4.302951884348861,0.897965420248327,0.9512074606359477
SB71113_component_1133a,15.287573,9.136264,4.353000164031982,24.183332443237305,15.287689663416632,9.136224448363974,4.6043148967056515,0.8924996001892114,0.9454175619366341
SB71113_component_1134a,14.943454,9.252241,3.815000057220459,20.73369598388672,14.943438488186205,9.252236539724572,3.2117228013996013,1.1213491511626468,1.187836028550771
SB71113_component_1136a,18.998713,11.376526,4.208000183105469,16.967742919921875,18.998558590142004,11.376256133826335,3.6549436578095733,1.0868745719262571,1.1513173873731737
SB71113_component_1137a,13.921965,7.411214,4.085000038146973,18.912036895751953,13.921862743441777,7.41106864760957,2.182775530221664,1.7667184856440676,1.8714705115519301
SB71113_component_1138a,14.563724,9.057863,3.6089999675750732,19.095237731933594,14.563661609114957,9.058148885497289,3.5487719228373322,0.9600484582703028,1.0169715174847267
SB71113_component_1139a,16.188878,10.753307,3.936000108718872,19.68000030517578,16.189315157385778,10.752770115966577,3.9409358095718994,0.9428445726847211,0.9987475815157812
SB71113_component_1143a,15.911196,6.939578,3.989000082015991,11.528902053833008,15.911077090522166,6.939512857809134,2.4166717610417208,1.558227062520489,1.6506172440631777
SB71113_component_1145a,16.477503,11.661058,3.809000015258789,13.952381134033203,16.477480368816646,11.66121165379673,3.0517673741195686,1.1782675398733944,1.2481292144220795
SB71113_component_1146a,16.026697,10.615413,4.177999973297119,20.99497413635254,16.0268300134247,10.615262693047864,4.368554708685181,0.9028487867870626,0.9563803710620317
SB71113_component_1148a,16.694969,10.075805,4.294000148773193,21.577890396118164,16.69498324126951,10.075855969792935,4.37067426823445,0.9274659594370958,0.9824571416775404
SB71113_component_1150a,18.10032,10.931778,4.21999979019165,19.357797622680664,18.100272631471718,10.931714689402417,3.9291003287069675,1.0139199669047692,1.0740371680914587
SB71113_component_1152a,13.723367,11.825621,4.465000152587891,10.056306838989258,13.723172186123307,11.825664964842083,3.8314120566468803,1.1001375323108358,1.1653667333540483
SB71113_component_1153a,13.886683,11.529501,3.7869999408721924,15.027777671813965,13.886808603843201,11.528880431740504,3.5048395230899936,1.0200266662217663,1.0805059449721783
SB71113_component_1154a,13.850913,10.371505,4.318999767303467,21.594999313354492,13.850918905896862,10.371249690944955,3.757965197259775,1.0849626597568593,1.1492921143742325
SB71113_component_1156a,14.627321,10.01628,4.048999786376953,20.044551849365234,14.627083697190091,10.016249556494142,3.386641392312978,1.1286594093587008,1.1955797255556495
SB71113_component_1162a,14.506869,9.506222,4.0320000648498535,21.221054077148438,14.506902110059496,9.506264048128722,3.8234617222117384,0.9955157801663039,1.0545417628811733
SB71113_component_1166a,17.704463,9.313947,4.190000057220459,23.0219783782959,17.70446253019594,9.314257629046791,3.787423275654731,1.0443703892494989,1.1062930526285406
SB71113_component_1170a,17.869124,8.572439,3.8329999446868896,18.97524642944336,17.86900150782552,8.572381285124111,3.7812694625585235,0.956941855301018,1.0136807182457088
SB71113_component_1171a,14.379127,8.891397,4.025000095367432,23.40116310119629,14.379207215649696,8.891451325999,3.528687671583088,1.0768049409718605,1.140650709265431
SB71113_component_1177a,16.983752,9.541363,3.437000036239624,18.988950729370117,16.98358387180513,9.541396164795348,3.324974394039168,0.9758332151165594,1.033692181931172
SB71113_component_1178a,18.772449,9.248722,3.6510000228881836,14.721774101257324,18.77246246973317,9.248914137027299,3.023598320636632,1.1399140458973143,1.2075016704333428
SB71113_component_1179a,13.623874,10.080267,3.736999988555908,16.986364364624023,13.623745296012185,10.080402646864247,3.762814150718067,0.9375505495669315,0.9931396659180649
SB71113_component_1180a,14.620334,8.886159,4.072000026702881,23.402299880981445,14.620311553977391,8.88602458971391,4.520602606678469,0.8503462598568751,0.900764871631749
SB71113_component_1184a,13.921871,8.051542,4.260000228881836,21.30000114440918,13.9219269007591,8.051723237094773,3.706167275234311,1.0850980180611496,1.1494354983242117
SB71113_component_1186a,18.233442,6.953709,4.0269999504089355,13.29042911529541,18.233455351087752,6.953721474351786,3.168622476606482,1.199763072094559,1.2708992567400315
SB71113_component_1188a,17.017076,8.716528,3.7850000858306885,22.134502410888672,17.017025100497776,8.716635334229395,3.3728653041699546,1.0593787581816883,1.1221912956770619
SB71113_component_1189a,18.350297,7.290451,4.123000144958496,20.410890579223633,18.349842477844778,7.290253358967317,4.021010532369343,0.9679713521146242,1.0253641744452375
SB71113_component_1191a,13.519024,7.983238,3.5260000228881836,12.116838455200195,13.519354280470314,7.983469051994488,4.038984797900638,0.8241275964690541,0.872991654913113
SB71113_component_1198a,14.855306,8.265438,4.130000114440918,21.96808624267578,14.85540351222376,8.265341814347611,3.9378154669564456,0.990100017133251,1.0488048891821264
SB71113_component_1202a,15.43212,7.69409,4.03000020980835,21.783784866333008,15.431835923961883,7.694173313460604,3.6221681228301494,1.0503180507858256,1.112593362082692
SB71113_component_1203a,17.625504,7.850885,4.2210001945495605,19.09954833984375,17.625604145162526,7.850936746425349,3.278986099078453,1.2152346986106872,1.2872882247765116
SB71113_component_1205a,18.507174,10.60153,3.7019999027252197,16.30837059020996,18.50708232192155,10.601509551139806,3.4107542385291136,1.024637721853342,1.0853903986707953
SB71113_component_1207a,14.330927,11.098028,4.039999961853027,18.703702926635742,14.330990841050397,11.097967106772165,4.0474920938678025,0.9422794433583637,0.9981489446202684
SB71113_component_1208a,14.634063,11.228704,3.681999921798706,18.785715103149414,14.633909451866039,11.228778465893297,3.0434222660970556,1.14210471931762,1.2098222329563801
SB71113_component_1210a,14.427008,8.00867,3.552000045776367,18.994651794433594,14.42705856572651,8.008620603151385,3.4323186156896814,0.9769441388898734,1.0348689744418256
SB71113_component_1212a,16.693265,9.121474,3.634999990463257,16.598173141479492,16.693272428427523,9.121670604077744,2.448756102556447,1.4013391249631628,1.4844271288056814
SB71113_component_1213a,13.767431,7.586504,3.9769999980926514,18.15981674194336,13.767213487077603,7.586535343032345,3.3953816169535425,1.105735779047428,1.1712969105549196
SB71113_component_1215a,13.79082,10.333848,3.388000011444092,17.925926208496094,13.790780492273278,10.333825187504296,2.610337244656795,1.225268159765013,1.2979165885094448
SB71113_component_1217a,14.810404,8.611897,3.5980000495910645,20.67816162109375,14.810367175332573,8.612032888606775,3.057022773247579,1.1110839031488047,1.176962134884192
SB71113_component_1219a,16.784315,10.791958,3.7130000591278076,22.503028869628906,16.784378220688524,10.792159240924574,3.4166266249960504,1.0259159928556485,1.0867444607389898
SB71113_component_1222a,15.256001,9.594312,3.802000045776367,21.60227394104004,15.255818821603542,9.594277646048868,3.338591828462718,1.0750611219239594,1.1388034959418891
SB71113_component_1233a,16.80462,11.902669,3.9159998893737793,10.1450777053833,16.804812030610478,11.90263391262645,2.8515729092405384,1.2964105467962341,1.3732771400247068
SB71113_component_1234a,15.479923,9.809145,3.803999900817871,19.30964469909668,15.47994964768663,9.809171915169266,3.4786934509829948,1.0323065956480424,1.0935139742603512
SB71113_component_1235a,14.290301,9.200592,3.7360000610351562,20.194595336914062,14.290572280231787,9.200616221289819,3.5371922411299987,0.9970859020459101,1.0562049802081568
SB71113_component_1240a,16.453319,7.595744,3.74399995803833,20.916200637817383,16.453370126001598,7.595627842043261,3.7332249549489744,0.9467515826108901,1.0028862453292753
SB71113_component_1242a,17.926395,10.781412,3.5269999504089355,16.481307983398438,17.926532597090524,10.78155481283646,3.1182302441898124,1.0677796478755708,1.1310902897503423
SB71113_component_1246a,17.630153,7.546801,3.1700000762939453,14.813084602355957,17.6299759846708,7.546941567213199,3.5187597706700546,0.8504602492046058,0.9008856196199784
SB71113_component_1247a,18.348719,11.102206,3.4609999656677246,15.660633087158203,18.348833231425434,11.102111199685451,3.0494274596155573,1.0714394997451313,1.1349671410462259
SB71113_component_1256a,13.690351,7.231132,3.299999952316284,14.864864349365234,13.690240542145931,7.231316227925341,2.849040632324216,1.0934518289052664,1.158284622155136
SB71113_component_1257a,15.027044,11.311109,3.2079999446868896,15.276190757751465,15.027120692740562,11.310883357542235,3.638333560579671,0.8323695886008043,0.8817223300921813
SB71113_component_1260a,18.266866,10.032852,3.878999948501587,16.93886375427246,18.267015912376703,10.03281627567698,3.7146461004394693,0.9857951892038047,1.0442448199958196
SB71113_component_1264a,18.975828,8.248564,3.5139999389648438,12.778181076049805,18.976114142526214,8.248323511614762,3.6255699397527588,0.9149762621863265,0.9692269070402973
SB71113_component_1267a,13.525508,11.363868,3.8889999389648438,11.82066822052002,13.525606362020756,11.364085680175776,4.00380729734733,0.9169573465065243,0.9713254535355509
SB71113_component_1268a,17.737245,11.567848,3.3469998836517334,15.495368957519531,17.737143854237686,11.567819883040745,3.1391111352851153,1.0065454050050593,1.0662253546967002
SB71113_component_1275a,16.291211,10.757002,3.0769999027252197,15.232672691345215,16.29112364807835,10.756793967330783,3.381475482735036,0.8590246067781634,0.909957773887644
SB71113_component_1279a,17.079552,8.287368,3.696000099182129,19.764705657958984,17.07959430166242,8.287588767496377,3.8193365966623003,0.9135417600903178,0.9677073506461948
SB71113_component_1281a,17.444631,9.420803,3.193000078201294,18.672513961791992,17.44446344776186,9.42084431779936,2.4628968666651114,1.2238750117838737,1.2964408381926198
SB71113_component_1283a,16.909396,11.329243,3.9159998893737793,20.829788208007812,16.909317549997414,11.329614592299944,2.647454786328667,1.3963634860123033,1.4791564749644905
SB71113_component_1285a,17.798104,8.903826,3.5969998836517334,18.44615364074707,17.798154566630124,8.90378132346099,3.457103274502794,0.982228282394159,1.040466424645373
SB71113_component_1287a,16.021604,11.538126,3.490999937057495,16.94660186767578,16.02152911337542,11.538192881768945,3.267617267371138,1.0085629808672252,1.068362556385336
SB71113_component_1290a,17.096126,8.130983,3.4719998836517334,17.447235107421875,17.095920728931056,8.130893542765694,3.206123337015496,1.0223129011776797,1.082927735052057
SB71113_component_1291a,14.34673,7.756104,3.203000068664551,14.967289924621582,14.346761028583433,7.756306210195512,3.0345184092378337,0.9964408791847952,1.0555217127415726
SB71113_component_1292a,18.864154,10.022066,3.7209999561309814,16.537778854370117,18.86390752192696,10.022025865719304,3.0164677006439353,1.1645157060138602,1.2335620087483938
SB71113_component_1293a,18.763106,8.94752,3.4110000133514404,11.762069702148438,18.763077297676624,8.947406950995505,2.893760531720759,1.112765101702779,1.17874301482822
SB71113_component_1295a,13.612767,11.317546,3.3489999771118164,11.352542877197266,13.61299665450735,11.317390009971756,3.504435284135934,0.9021556327037787,0.9556461185835703
SB71113_component_1296a,17.359867,9.545014,3.5269999504089355,21.375757217407227,17.35980996296026,9.545266154630575,3.5136808324144915,0.9476053605722543,1.0037906453743812
SB71113_component_1297a,16.12552,10.32249,3.059000015258789,15.449495315551758,16.12545352218062,10.322480848666203,3.4120377187081066,0.8463500427554427,0.8965317113836047
SB71113_component_1308a,13.663827,10.277956,3.0139999389648438,14.702439308166504,13.663726271360023,10.277769991618433,2.950446496836996,0.9643614924436198,1.0215402794783703
SB71113_component_1310a,15.772884,7.215479,3.5759999752044678,16.403669357299805,15.772927322898061,7.215233031207644,2.0954233557990207,1.6110539780814157,1.7065763657296251
SB71113_component_1312a,17.455255,9.949348,3.242000102996826,18.84883689880371,17.455310588973006,9.94938313379748,2.5657521123774942,1.1928413730759926,1.2635671573091691
SB71113_component_1314a,14.281991,7.477463,3.561000108718872,18.450777053833008,14.281909805005037,7.477369435764442,2.6320726389051634,1.2771987391742632,1.3529262285861934
SB71113_component_1320a,18.968193,10.00702,3.2009999752044678,13.738197326660156,18.968019177375783,10.006894317252076,2.010437903166434,1.5030705722551123,1.5921904228739927
SB71113_component_1322a,17.214819,9.724376,3.2860000133514404,20.537500381469727,17.21524873460317,9.72440094626787,2.391645528280735,1.2970452077977352,1.373949431257743
SB71113_component_1324a,14.418769,8.133556,2.9049999713897705,13.638497352600098,14.41887223303435,8.133462137263136,1.9889461970321858,1.3788196436993123,1.4605724256012949
SB71113_component_1327a,16.943131,10.013093,3.4619998931884766,19.0219783782959,16.943113096966314,10.013197242129822,3.1924226048755098,1.0237432178670018,1.084442857878924
SB71113_component_1329a,15.392117,7.231538,3.694999933242798,17.936893463134766,15.392014088590772,7.23174153552217,2.906061770390851,1.2003114761330411,1.2714801766742345
SB71113_component_1332a,14.114244,11.225458,3.578000068664551,18.63541603088379,14.114232411424483,11.225494730391565,2.1674185836961333,1.5584106828927715,1.6508117516289496
SB71113_component_1336a,14.186417,10.162513,3.1080000400543213,16.70967674255371,14.18643460938329,10.162492722941588,2.831392896221022,1.036251667515494,1.097692956778439
SB71113_component_1338a,15.714366,9.90538,3.1559998989105225,18.13793182373047,15.714477781377276,9.905293481987478,2.8034086534556835,1.0627593532880648,1.1257723325567286
SB71113_component_1350a,18.746757,10.24058,3.131999969482422,12.330708503723145,18.746693869841323,10.240393596649758,1.734747975827194,1.7043929320135272,1.8054495598929665
SB71113_component_1358a,15.385422,7.063101,3.565999984741211,14.09486198425293,15.385348029110878,7.063608321229757,3.2663758799801963,1.0306223156576726,1.0917298301758311
SB71113_component_1364a,14.462454,8.131879,2.9809999465942383,14.61274528503418,14.46250897547361,8.131975461951798,3.032074265110045,0.9281250592371103,0.983155320730921
SB71113_component_1369a,14.269244,7.282565,2.996999979019165,13.939534187316895,14.269307280679273,7.282620373860955,2.559068774694427,1.1055773864830911,1.1711291266007613
SB71113_component_1377a,18.579597,9.122617,3.36299991607666,15.86320686340332,18.579517702494396,9.122545191502114,2.243666730424318,1.4149883789833684,1.49888567249052
SB71113_component_1378a,16.412356,9.170548,3.3489999771118164,17.62631607055664,16.412474139022947,9.170829391814015,3.8189731961261577,0.8278523751452538,0.8769372826467945
SB71113_component_1382a,14.697123,10.807779,3.3389999866485596,15.602803230285645,14.697150437839277,10.807708107108382,3.04841121990686,1.0340159328091714,1.0953246612019025
SB71113_component_1383a,17.856999,11.078141,2.7639999389648438,13.099526405334473,17.85699175491113,11.077652945989739,1.8874691628799145,1.3824280237409792,1.4643947532088482
SB71113_component_1386a,14.920968,7.218886,2.8329999446868896,12.535398483276367,14.920951958996504,7.219038679249457,2.8719079770152462,0.9312374027606319,0.9864522008923163
SB71113_component_1390a,17.703553,11.052406,3.119999885559082,16.0,17.70346391272809,11.051698010054107,3.130732070522803,0.9407907545515313,0.9965719886844457
SB71113_component_1394a,16.957181,9.573155,3.0,16.66666603088379,16.95726879563797,9.573175445439052,2.973080900984333,0.9525743706786469,1.009054277334584
SB71113_component_1395a,16.03727,7.905819,2.871000051498413,15.60326099395752,16.03706539277416,7.906005578825444,2.2530729659829443,1.2029354082331523,1.2742596865902596
SB71113_component_1401a,16.308808,7.597455,3.181999921798706,16.402061462402344,16.308980701619138,7.59738708000439,2.8288845901535775,1.0618649833704898,1.124824933782809
SB71113_component_1402a,18.041732,8.902933,2.9690001010894775,17.56804847717285,18.042153553846934,8.903039827182981,2.5044111136503195,1.119151689918054,1.1855082757407163
SB71113_component_1415a,16.459451,9.360053,2.7669999599456787,14.189743995666504,16.45942162888983,9.360144147011786,1.9327946553045405,1.3514743317495599,1.4316057592314155
SB71113_component_1419a,14.910215,11.585485,2.8559999465942383,11.899999618530273,14.910212180261176,11.58548786650322,2.4702828718105714,1.0914299639555607,1.1561428770709805
SB71113_component_1425a,14.240271,9.141244,2.931999921798706,15.763440132141113,14.240145132395895,9.141412637158831,2.5457253002995155,1.0872684360728768,1.1517346044578116
SB71113_component_1426a,17.420145,9.272614,2.8589999675750732,15.708791732788086,17.42004082674919,9.272514549448534,3.1815221759790973,0.8483275290653475,0.8986264465358411
SB71113_component_1429a,16.675167,9.102744,3.249000072479248,15.325471878051758,16.675191089592037,9.102839888368539,2.4641039732091117,1.2447297133014164,1.3185320537622978
SB71113_component_1434a,16.427457,8.361148,2.743000030517578,15.071429252624512,16.427563974773587,8.361210592719022,2.4067991164777998,1.0758961014794879,1.1396879829887039
SB71113_component_1445a,17.269583,10.776294,2.864000082015991,14.762887001037598,17.269569305263545,10.776349043053813,2.2410964214646705,1.2064153343881168,1.2779459440411856
SB71113_component_1446a,14.524132,9.407982,2.8940000534057617,15.231579780578613,14.523450213185106,9.40808251307373,3.119427439151364,0.8758061925345009,0.9277343710848008
SB71113_component_1450a,17.653846,9.917811,3.2850000858306885,17.473405838012695,17.653749461604328,9.9178587298433,2.364061495277461,1.3117799257486709,1.3895577980492173
SB71113_component_1451a,13.519857,10.27554,3.049999952316284,14.18604564666748,13.519853906867528,10.275514154022558,2.4120202192689093,1.1937221523625516,1.2645001596382754
SB71113_component_1453a,16.70029,11.301834,2.5880000591278076,13.479166984558105,16.700570489032224,11.301760336112084,2.592873597909386,0.9422525060931651,0.9981204101945008
SB71113_component_1455a,15.80551,10.189659,3.063999891281128,15.63265323638916,15.805635382923075,10.189790070249018,2.429165888204813,1.1907372405341128,1.2613382668342448
SB71113_component_1456a,18.497998,8.561485,3.117000102996826,13.041841506958008,18.497997350141347,8.561633622866406,2.2942152584882005,1.2825875430118472,1.3586345446289156
SB71113_component_1457a,17.233122,9.245346,2.6570000648498535,13.218905448913574,17.23279318087202,9.245647675460674,2.51935832642224,0.9956025231020017,1.0546336489669097
SB71113_component_1460a,18.650184,10.954379,2.7709999084472656,11.791488647460938,18.650188753253108,10.954381385349238,2.1347581212739755,1.2253839899048944,1.2980392864338164
SB71113_component_1465a,15.255327,9.080273,2.865999937057495,16.192089080810547,15.255319514704052,9.080213865314965,3.2973663054765856,0.8205278864946621,0.8691785114372536
SB71113_component_1467a,16.395669,8.513815,3.1559998989105225,16.877004623413086,16.395771264833055,8.51409305961657,2.450398298222518,1.2158630577363285,1.2879538404837438
SB71113_component_1468a,16.591211,9.551818,2.888000011444092,16.693641662597656,16.590975115973052,9.551900404474171,2.7237416139638095,1.0009575260164973,1.0603061599669288
SB71113_component_1476a,16.67425,7.071437,2.7130000591278076,10.9395170211792,16.674474572343176,7.071574333394413,1.4160580702294305,1.8086440525523717,1.9158819233227107
SB71113_component_1485a,17.163366,8.537896,2.76200008392334,14.460733413696289,17.163258106336066,8.537856415897455,2.2752726556334424,1.1459735787367027,1.2139204842482454
SB71113_component_1494a,18.345282,7.555609,2.9600000381469727,13.039648056030273,18.345458100930006,7.555555678308175,2.3881054678552687,1.170098919951281,1.2394762618274628
SB71113_component_1496a,16.150698,7.692583,2.561000108718872,13.918478965759277,16.150550643240955,7.692399729356714,1.884508427039599,1.282909076831276,1.3589751427866965
SB71113_component_1498a,13.680645,10.722674,2.7200000286102295,14.702702522277832,13.680609819825268,10.722695742291743,2.8271519538962657,0.9082473132252177,0.9620989861764013
SB71113_component_1499a,16.593218,9.73607,2.7279999256134033,14.433862686157227,16.593177149294593,9.73602374970361,2.6635827398100282,0.9668576258580559,1.0241844132868834
SB71113_component_1505a,16.517541,7.877065,2.7090001106262207,14.722826957702637,16.517596316986783,7.876902939470885,2.4144044223001826,1.0592131642184075,1.1220158833396185
SB71113_component_1509a,15.549523,9.938967,2.622999906539917,14.903409004211426,15.549562754612401,9.939166860159737,2.936798840809996,0.8431569804121372,0.893149326433427
SB71113_component_1512a,14.515273,9.316619,2.828000068664551,15.711111068725586,14.51538999459784,9.316333476609378,2.2416121007783896,1.190976845256754,1.2615920781666643
SB71113_component_1518a,18.392607,8.905876,2.2890000343322754,11.560606002807617,18.392653476909825,8.905966114867619,2.794547407034977,0.7732477813157567,0.8190950808599491
SB71113_component_1522a,16.273072,11.256927,3.0789999961853027,15.953367233276367,16.27319367684549,11.25681892588258,3.138014822738936,0.9262731226862447,0.9811935794165166
SB71113_component_1534a,17.585502,10.080838,2.7290000915527344,14.139896392822266,17.585645096639706,10.080981434909901,1.694703631835087,1.5201769909704883,1.610311112980665
SB71113_component_1537a,17.050341,9.650594,2.76200008392334,15.604519844055176,17.050347227479108,9.650452975405953,2.2521678888386076,1.1577300079181025,1.2263739739880766
SB71113_component_1538a,17.462074,7.954361,2.7990000247955322,13.85643482208252,17.462081763196696,7.9542843982807065,2.2769014422433274,1.1604943621383108,1.2293022319129479
SB71113_component_1539a,14.440483,11.03644,2.8540000915527344,14.864583969116211,14.440726645063169,11.036580212642049,1.4957729253874805,1.801244549274216,1.9080436897287767
SB71113_component_1549a,16.969013,10.64513,2.8399999141693115,14.271356582641602,16.969221686998097,10.644971594479768,2.7845179816945733,0.9628367647559888,1.0199251478494578
SB71113_component_1556a,14.154758,10.188669,2.8529999256134033,14.556122779846191,14.154761519431336,10.188464231008393,2.2570260579527166,1.1932997564541057,1.2640527190905706
SB71113_component_1558a,13.990576,11.494192,2.7679998874664307,12.30222225189209,13.990501236552994,11.494177438997319,2.503098648361961,1.0439326174235597,1.1058293244965882
SB71113_component_1579a,17.268975,8.758934,2.2780001163482666,12.31351375579834,17.26902912865792,8.758653515991245,2.0230868687767036,1.0629762849548896,1.1260021265056706
SB71113_component_1581a,15.662591,11.414147,2.2990000247955322,11.160194396972656,15.662491943205925,11.414582736816142,3.130494218430515,0.6932828143828221,0.7343888422666196
SB71113_component_1584a,17.23549,9.406612,2.4509999752044678,13.393442153930664,17.235388278651936,9.40674862604182,1.8608932003915888,1.243386714536267,1.3171094261017786
SB71113_component_1587a,16.591147,7.604278,2.3550000190734863,13.771929740905762,16.59134017907118,7.604387739599549,2.3893862759235627,0.9304411618035973,0.9856087493275715
SB71113_component_1590a,13.294042,8.960136,2.6679999828338623,12.765549659729004,13.294281576049457,8.960162118338115,1.6072985668973077,1.5670167177490895,1.6599280543030088
SB71113_component_1595a,18.89031,9.554091,2.5989999771118164,11.20258617401123,18.890413143749324,9.554208365404959,2.371659262777854,1.0345187027825384,1.0958572413423693
SB71113_component_1612a,16.053987,7.135668,2.5929999351501465,11.840182304382324,16.054303551539547,7.135380059594895,1.9501691414948479,1.255204797849169,1.3296282255612735
SB71113_component_1615a,17.12112,10.860052,2.5220000743865967,13.20418930053711,17.121213177205494,10.860248441687055,1.6482311373787313,1.4444793762984576,1.5301252459029904
SB71113_component_1617a,18.870626,10.066527,2.4839999675750732,10.056680679321289,18.8709651145439,10.06653491081402,2.4062969912367733,0.9745109482436431,1.0322915153953471
SB71113_component_1619a,14.314701,7.103743,2.5820000171661377,10.848739624023438,14.315253544450728,7.104065728316106,2.8694474360457956,0.849458824038417,0.8998248180925833
SB71113_component_1621a,15.275647,10.145223,2.369999885559082,12.810810089111328,15.27549638038945,10.145494922478655,2.0936129233769902,1.0686519914383383,1.1320143561858993
SB71113_component_1622a,14.615872,8.587063,2.484999895095825,14.281608581542969,14.616100069900863,8.587410370271394,2.246376520001681,1.0443069985218993,1.1062259033467665
SB71113_component_1641a,18.17812,8.815963,2.3450000286102295,12.814208030700684,18.177862426136087,8.815939790404911,2.26445909501431,0.9776034760578161,1.0355674049371204
SB71113_component_1651a,16.304015,7.890611,2.197999954223633,12.418078422546387,16.304145052061905,7.890361932583985,2.57104803867844,0.8070526215359968,0.8549042729491123
SB71113_component_1656a,17.104644,10.674045,2.428999900817871,13.4944429397583,17.104554004132243,10.674249344683787,2.2153326439885643,1.0350776110170623,1.09644928828594
SB71113_component_1674a,13.926344,9.927056,2.437999963760376,12.697916030883789,13.926090007888657,9.926993951129958,1.6728592641912203,1.3758106084821402,1.4573849790879325
SB71113_component_1692a,14.212744,10.257094,2.196000099182129,11.55789566040039,14.212867754779573,10.257140176777185,2.4581747601825725,0.84334245732079,0.8933458006130648
SB71113_component_1694a,13.540531,8.625286,2.4830000400543213,11.65727710723877,13.540687786468077,8.625385630681066,2.497691198209497,0.9384742220732742,0.9941181046857566
SB71113_component_1707a,17.135954,8.07464,2.3399999141693115,12.513367652893066,17.135983020810055,8.074909571672597,2.2514682169020563,0.9811476900322001,1.039321761951884
SB71113_component_1721a,15.275367,8.833132,2.2100000381469727,13.076923370361328,15.275545200512116,8.83348396208641,2.3572074599868817,0.8850724838707431,0.9375500780738543
SB71113_component_1736a,16.904469,9.382083,2.2179999351501465,12.054347038269043,16.904477665957128,9.381691789789931,1.824639763593747,1.1475424471561273,1.2155823737950613
SB71113_component_1740a,15.677632,9.804175,2.252000093460083,12.581006050109863,15.67768685922196,9.8047187086717,2.0167621841028858,1.0541394815607512,1.1166413725978495
SB71113_component_1742a,18.37265,10.200588,2.2320001125335693,10.38139533996582,18.372616142183272,10.200405816621887,2.536284894577333,0.8307694959285536,0.880027364948498
SB71113_component_1752a,17.26176,8.5141,2.181999921798706,11.424083709716797,17.261594343354393,8.513914121854228,1.750281304346915,1.1768774503584418,1.2466567039135912
SB71113_component_1755a,15.226037,11.262386,2.2909998893737793,10.655813217163086,15.225926674630347,11.262114888352839,2.385861065089518,0.9064926415253992,0.9602402767270191
SB71113_component_1760a,14.167421,8.971884,2.325000047683716,12.845304489135742,14.167438947634844,8.971864600949555,1.9417885266371198,1.1303303798460296,1.1973497709919316
SB71113_component_1764a,13.934991,9.963752,2.388000011444092,13.04918098449707,13.935029480469714,9.964103464622536,2.3600393545073968,0.9552112842570065,1.0118475384248544
SB71113_component_1773a,16.15515,8.266094,2.2309999465942383,12.39444351196289,16.15479783180068,8.266150644113825,1.747617733875583,1.2051399451000047,1.2765949345493814
SB71113_component_1776a,17.103301,9.095845,2.2760000228881836,12.505495071411133,17.103442093984143,9.095909295633362,2.117073194407151,1.0148941602877872,1.075069123212595
SB71113_component_1784a,13.989345,10.0929,2.302999973297119,11.994791030883789,13.988912975714172,10.092362972938666,1.9006916395433955,1.1438435650859708,1.2116641781253747
SB71113_component_1796a,14.928914,9.878278,1.9859999418258667,10.735135078430176,14.928671908483906,9.878315765144256,2.1855441806234284,0.8578354828392182,0.9086981445780513
SB71113_component_1804a,17.649726,9.481122,2.2669999599456787,11.391959190368652,17.649475806131576,9.480948349815872,2.4105163717730838,0.887821773600871,0.9404623783070015
SB71113_component_1808a,14.17784,8.083542,1.975000023841858,10.733695983886719,14.177917380420102,8.083013360933908,1.9379146168830448,0.9620925054438804,1.0191367600180763
SB71113_component_1812a,14.811291,11.435703,2.3420000076293945,11.04716968536377,14.811308573958794,11.435662784013264,2.0691694167769237,1.0685016723501957,1.1318551243993593
SB71113_component_1824a,15.653971,9.919264,2.2639999389648438,12.937142372131348,15.654066628043378,9.919125870461265,2.220876472113641,0.9623573606382229,1.0194173189696414
SB71113_component_1834a,14.066782,7.587811,2.177999973297119,10.273585319519043,14.066700749138427,7.588295288948394,2.3493422594516264,0.8751770976137012,0.9270679759557463
SB71113_component_1837a,14.713321,8.676986,1.9739999771118164,10.72826099395752,14.713622294367891,8.677243354107533,1.6145008032656163,1.1542323511516501,1.2226689346447204
SB71113_component_1846a,18.965305,9.685274,2.250999927520752,10.668246269226074,18.965526342330325,9.68510614905801,1.8913317128230798,1.1235493198964412,1.1901666493820995
SB71113_component_1915a,16.282157,10.344333,2.1440000534057617,11.845304489135742,16.28218946713044,10.34409192200686,2.0513093491291423,0.9866837988975686,1.045186117011542
SB71113_component_1921a,15.732439,11.070112,2.072000026702881,11.322404861450195,15.732271691464751,11.070189470974391,1.8263740831718829,1.0709874598472138,1.1344882988617626
SB71113_component_2063a,15.667196,9.072154,1.8600000143051147,10.333333015441895,15.667392910199837,9.072216706649796,2.2280123392002555,0.7880970840755933,0.8348248264068238
