Component_ID,RA,DEC,RA_comp,DEC_comp
SB66903_component_4a,240.051434,-58.183993,240.051571,-58.184158
