Component_ID,RA,DEC,RA_comp,DEC_comp
SB67035_component_6a,134.238586,21.195466,134.23852,21.195461
