Component_ID,RA,DEC,ASKAP_flux,ASKAP_flux_SNR,RA_comp,DEC_comp,Comp_flux,Flux_Ratio_AlphaCorr,Flux_Ratio_NOAlphaCorr
SB67412_component_1a,227.333204,47.450043,1329.6719970703125,1831.504150390625,227.33270263671875,47.448944091796875,1621.020751953125,1.0420502424240112,0.8202683329582214
SB67412_component_3a,233.211463,46.081255,650.1820068359375,189.11634826660156,233.21109008789062,46.079856872558594,706.2975463867188,1.169445514678955,0.9205496907234192
SB67412_component_5a,223.962622,47.683051,468.61199951171875,410.702880859375,223.96206665039062,47.682315826416016,629.517333984375,0.9456674456596375,0.7443988919258118
SB67412_component_6a,229.687247,46.316584,453.8070068359375,1019.791015625,229.686767578125,46.31528091430664,611.139892578125,0.9433292150497437,0.7425583004951477
SB67412_component_7a,225.153296,46.828946,386.6090087890625,755.095703125,225.15284729003906,46.82795715332031,521.3157958984375,0.9421147704124451,0.7416023015975952
SB67412_component_10a,227.731711,47.269778,319.67999267578125,892.9608764648438,227.7311248779297,47.26862716674805,414.5827331542969,0.9795733094215393,0.7710885405540466
SB67412_component_11a,233.520648,48.395981,341.8280029296875,517.9212036132812,233.5202178955078,48.39458465576172,392.61163330078125,1.1060562133789062,0.8706517219543457
SB67412_component_15a,229.951147,47.533027,275.6470031738281,780.8697509765625,229.9505615234375,47.53166580200195,380.8229675292969,0.9195235967636108,0.7238192558288574
SB67412_component_16a,230.457041,43.61158,257.7250061035156,197.79356384277344,230.4567413330078,43.61085510253906,209.0281219482422,1.5663347244262695,1.2329680919647217
SB67412_component_17a,223.976023,44.527651,258.2300109863281,175.6666717529297,223.97555541992188,44.52705764770508,211.9318389892578,1.5479010343551636,1.218457818031311
SB67412_component_20a,230.996675,45.845972,222.41900634765625,772.2882690429688,230.9961395263672,45.84489059448242,304.54315185546875,0.9278029799461365,0.730336606502533
SB67412_component_22a,228.800777,47.920463,218.30499267578125,634.6075439453125,228.80027770996094,47.91928482055664,289.6624450683594,0.957423746585846,0.7536530494689941
SB67412_component_25a,228.491699,46.921541,198.61199951171875,628.5189819335938,228.4910125732422,46.92036437988281,265.4110107421875,0.9506469368934631,0.748318612575531
SB67412_component_26a,226.69524,45.680552,174.35699462890625,477.69036865234375,226.69485473632812,45.67948913574219,197.32571411132812,1.1225053071975708,0.8835999965667725
SB67412_component_27a,224.898137,44.702942,169.29100036621094,520.8953857421875,224.8977508544922,44.702171325683594,123.86563873291016,1.7362638711929321,1.3667309284210205
SB67412_component_29a,230.747753,48.527149,165.27000427246094,564.0614013671875,230.7475128173828,48.526206970214844,219.8016815185547,0.955203115940094,0.751905083656311
SB67412_component_30a,231.964834,43.868823,157.04100036621094,248.8763885498047,231.96470642089844,43.86796569824219,132.14224243164062,1.5097466707229614,1.1884238719940186
SB67412_component_31a,224.326501,46.535884,155.13299560546875,189.8812713623047,224.325927734375,46.53493118286133,245.1756134033203,0.8038215637207031,0.6327423453330994
SB67412_component_34a,232.093729,48.142229,150.27699279785156,486.3333435058594,232.0933380126953,48.14112091064453,200.97821044921875,0.9498963356018066,0.7477278113365173
SB67412_component_42a,225.537498,44.746588,130.74200439453125,441.6959533691406,225.5371551513672,44.74565887451172,175.31431579589844,0.9473936557769775,0.7457576990127563
SB67412_component_44a,228.524681,45.863657,129.9459991455078,607.2243041992188,228.5242156982422,45.862613677978516,168.1500701904297,0.9817447662353516,0.7727977633476257
SB67412_component_45a,228.195211,44.745089,124.30000305175781,485.546875,228.19496154785156,44.74441909790039,149.8013916015625,1.0541150569915771,0.8297653198242188
SB67412_component_46a,233.119966,46.66303,119.23799896240234,268.5540466308594,233.1195831298828,46.66155242919922,170.19000244140625,0.8900478482246399,0.7006169557571411
SB67412_component_47a,231.177572,44.258205,118.04199981689453,301.897705078125,231.17739868164062,44.257381439208984,139.0421600341797,1.0785064697265625,0.8489655256271362
SB67412_component_48a,226.628311,46.766329,115.01300048828125,442.3576965332031,226.62789916992188,46.76534652709961,111.01517486572266,1.316125512123108,1.0360115766525269
SB67412_component_53a,226.813398,46.982752,108.26100158691406,373.3138122558594,226.8129425048828,46.981746673583984,146.47914123535156,0.9389208555221558,0.7390881776809692
SB67412_component_54a,233.251668,45.078336,110.4260025024414,170.93807983398438,233.25119018554688,45.07685852050781,129.1321258544922,1.0863499641418457,0.8551396727561951
SB67412_component_56a,230.852191,45.098039,109.38099670410156,427.2695007324219,230.85182189941406,45.09714126586914,135.25033569335938,1.0273921489715576,0.8087299466133118
SB67412_component_58a,230.938708,48.97853,109.02400207519531,245.54954528808594,230.93853759765625,48.977447509765625,153.77020263671875,0.9007051587104797,0.7090060114860535
SB67412_component_63a,227.45095,44.172693,95.60600280761719,248.97396850585938,227.4507293701172,44.172149658203125,109.13993072509766,1.1128437519073486,0.8759947419166565
SB67412_component_64a,233.81152,48.618121,93.87300109863281,99.54718780517578,233.8111114501953,48.616600036621094,79.94921875,1.4916234016418457,1.1741578578948975
SB67412_component_66a,226.700359,46.369457,90.6969985961914,350.18145751953125,226.69993591308594,46.368370056152344,133.8892059326172,0.8605577945709229,0.6774033904075623
SB67412_component_67a,230.25849,44.526351,101.34500122070312,292.0605163574219,230.25827026367188,44.525299072265625,131.19493103027344,0.9813365936279297,0.7724764943122864
SB67412_component_68a,227.393663,47.878021,85.50800323486328,295.87542724609375,227.39317321777344,47.876922607421875,64.07274627685547,1.6953765153884888,1.334545612335205
SB67412_component_70a,229.652333,44.763962,89.93000030517578,361.1646728515625,229.652099609375,44.76313781738281,120.46562194824219,0.9483620524406433,0.7465200424194336
SB67412_component_71a,230.182264,47.548476,79.58399963378906,294.75555419921875,230.18173217773438,47.547054290771484,65.88742065429688,1.5344613790512085,1.2078784704208374
SB67412_component_73a,224.901313,47.940651,81.48200225830078,260.3258972167969,224.90086364746094,47.93968963623047,120.26106262207031,0.8607348203659058,0.6775426864624023
SB67412_component_74a,227.370939,46.425635,85.93699645996094,314.78753662109375,227.37054443359375,46.424644470214844,111.71116638183594,0.9772738814353943,0.7692784667015076
SB67412_component_75a,227.330722,45.39818,74.4540023803711,291.9764709472656,227.33041381835938,45.397212982177734,99.37474060058594,0.9517979621887207,0.7492246031761169
SB67412_component_78a,224.103674,46.271109,70.26799774169922,88.49873352050781,224.10299682617188,46.2702751159668,85.01117706298828,1.0500603914260864,0.8265736103057861
SB67412_component_79a,229.516581,49.019064,70.46800231933594,135.77650451660156,229.516357421875,49.017906188964844,103.70172882080078,0.863254189491272,0.6795257925987244
SB67412_component_80a,226.894659,47.669595,70.05999755859375,281.3654479980469,226.89422607421875,47.668601989746094,73.2277603149414,1.2154220342636108,0.9567409753799438
SB67412_component_82a,225.197379,43.843711,75.63800048828125,144.3473358154297,225.1970672607422,43.842987060546875,91.09259033203125,1.0548475980758667,0.8303419947624207
SB67412_component_85a,224.412911,47.270107,65.76300048828125,118.0664291381836,224.4123992919922,47.269287109375,93.4609375,0.8938902616500854,0.7036415934562683
SB67412_component_88a,232.323444,47.645446,62.944000244140625,197.93711853027344,232.32298278808594,47.64409637451172,64.1255874633789,1.2469691038131714,0.9815738797187805
SB67412_component_90a,227.581933,45.780637,61.369998931884766,223.16363525390625,227.5814971923828,45.779693603515625,60.171607971191406,1.2956783771514893,1.0199161767959595
SB67412_component_91a,225.43874,48.251666,62.03900146484375,195.09120178222656,225.43838500976562,48.25078582763672,85.42394256591797,0.9226094484329224,0.7262483835220337
SB67412_component_93a,226.993753,49.231268,67.83599853515625,85.97718811035156,226.99354553222656,49.23069763183594,100.03327941894531,0.8614863753318787,0.6781343221664429
SB67412_component_100a,229.205563,46.921897,62.32600021362305,215.66090393066406,229.20492553710938,46.92058563232422,80.66570281982422,0.981551468372345,0.7726455926895142
SB67412_component_101a,229.939887,46.671561,59.722999572753906,259.66522216796875,229.93927001953125,46.67024612426758,79.89775848388672,0.9495978951454163,0.747492790222168
SB67412_component_103a,232.096447,47.465285,59.42900085449219,198.7592010498047,232.09596252441406,47.46404266357422,62.897003173828125,1.200331449508667,0.9448621869087219
SB67412_component_104a,227.203046,47.332633,61.29100036621094,188.0092010498047,227.2025604248047,47.331539154052734,82.45680236816406,0.9442846775054932,0.7433103919029236
SB67412_component_105a,230.176644,44.222363,57.53099822998047,190.5,230.17633056640625,44.221588134765625,63.2840690612793,1.1548889875411987,0.9090913534164429
SB67412_component_109a,231.875423,43.895013,56.29399871826172,102.72628021240234,231.87530517578125,43.89411163330078,71.94534301757812,0.9940131306648254,0.7824550867080688
SB67412_component_111a,233.085287,48.117251,57.58700180053711,159.52078247070312,233.08485412597656,48.116085052490234,76.55917358398438,0.9555643796920776,0.7521894574165344
SB67412_component_113a,232.390027,45.942464,57.17499923706055,150.85751342773438,232.38955688476562,45.94105911254883,71.42706298828125,1.0168949365615845,0.8004668951034546
SB67412_component_114a,228.587042,47.568141,55.50699996948242,183.7980194091797,228.58648681640625,47.56692123413086,70.54856872558594,0.999521791934967,0.7867913246154785
SB67412_component_115a,228.254819,46.451114,59.54199981689453,250.1764678955078,228.25425720214844,46.45009231567383,75.29789733886719,1.004554033279419,0.7907524704933167
SB67412_component_121a,224.940148,48.37283,52.79100036621094,116.024169921875,224.9397430419922,48.37193298339844,88.41394805908203,0.7585284113883972,0.5970890522003174
SB67412_component_128a,232.760602,43.94459,52.39799880981445,44.51826477050781,232.76028442382812,43.94375228881836,55.0639533996582,1.2088712453842163,0.9515843987464905
SB67412_component_139a,232.49536,43.675491,44.7400016784668,20.513526916503906,232.4952392578125,43.6744384765625,55.22231674194336,1.0292339324951172,0.8101797103881836
SB67412_component_140a,226.835989,47.003691,48.44900131225586,183.51895141601562,226.83554077148438,47.002784729003906,65.96883392333984,0.9329937696456909,0.7344225645065308
SB67412_component_142a,230.935105,47.347182,47.20399856567383,196.68333435058594,230.93458557128906,47.345848083496094,60.3653678894043,0.9933988451957703,0.7819715142250061
SB67412_component_143a,225.006421,47.687228,45.37300109863281,167.4280548095703,225.00599670410156,47.68618392944336,57.628021240234375,1.0002222061157227,0.7873426675796509
SB67412_component_144a,229.431785,45.175129,50.512001037597656,207.01638793945312,229.43148803710938,45.17412567138672,71.70233917236328,0.8949400782585144,0.7044679522514343
SB67412_component_147a,232.402395,46.788861,44.349998474121094,167.35848999023438,232.4019317626953,46.787601470947266,50.77617263793945,1.1095998287200928,0.8734411597251892
SB67412_component_148a,231.760785,45.34408,44.19300079345703,164.8992462158203,231.76036071777344,45.34300994873047,53.0968017578125,1.0573477745056152,0.8323100209236145
SB67412_component_150a,224.571804,43.771509,46.178001403808594,53.50869369506836,224.57147216796875,43.77108383178711,60.881431579589844,0.9635694026947021,0.7584907412528992
SB67412_component_153a,230.415305,49.259739,43.75600051879883,42.03266143798828,230.4151153564453,49.25822830200195,69.83503723144531,0.7959704399108887,0.6265622973442078
SB67412_component_155a,224.279619,45.849045,42.56999969482422,80.47259521484375,224.27896118164062,45.848453521728516,57.00243377685547,0.9487307667732239,0.7468101978302002
SB67412_component_156a,228.652903,44.835188,43.33399963378906,173.33599853515625,228.6526336669922,44.83438491821289,31.165828704833984,1.7663747072219849,1.3904330730438232
SB67412_component_157a,231.879098,48.81566,43.02199935913086,105.44607543945312,231.87869262695312,48.8144645690918,57.49382019042969,0.9506095051765442,0.7482891082763672
SB67412_component_158a,225.128236,46.470415,41.3129997253418,133.69903564453125,225.12782287597656,46.46946716308594,58.25441360473633,0.9009290933609009,0.7091823220252991
SB67412_component_159a,229.023403,44.01682,40.40700149536133,108.91374969482422,229.02322387695312,44.01618576049805,56.60131072998047,0.9069072008132935,0.7138881087303162
SB67412_component_160a,231.174102,45.264417,43.698001861572266,154.409912109375,231.1737518310547,45.26338195800781,60.26930618286133,0.92108154296875,0.7250456809997559
SB67412_component_161a,226.797027,44.194879,41.29199981689453,145.3943634033203,226.7968292236328,44.19413757324219,48.02971649169922,1.0921659469604492,0.8597177267074585
SB67412_component_162a,228.236319,45.854223,46.89099884033203,219.1168212890625,228.23583984375,45.85322952270508,58.64432907104492,1.0157718658447266,0.799582839012146
SB67412_component_163a,229.380228,48.20624,40.47999954223633,176.7685546875,229.37985229492188,48.205265045166016,53.163665771484375,0.9672936201095581,0.7614222764968872
SB67412_component_164a,231.339244,47.68142,44.25,169.54022216796875,231.33876037597656,47.68014907836914,60.25178527832031,0.9329880475997925,0.7344180941581726
SB67412_component_165a,225.950467,47.992856,40.62200164794922,167.85951232910156,225.95021057128906,47.99189376831055,36.227474212646484,1.4244787693023682,1.121303677558899
SB67412_component_166a,228.567916,47.379692,39.733001708984375,133.33221435546875,228.5673065185547,47.378536224365234,46.209163665771484,1.0923353433609009,0.8598511219024658
SB67412_component_168a,226.524817,43.98468,42.02299880981445,91.15618133544922,226.52474975585938,43.98426055908203,54.41457748413086,0.9810801148414612,0.7722746729850769
SB67412_component_170a,229.501443,45.02285,39.145999908447266,178.7488555908203,229.50112915039062,45.02193832397461,51.86692428588867,0.9588035345077515,0.7547391653060913
SB67412_component_171a,225.003789,45.130941,37.85599899291992,84.49999237060547,225.00323486328125,45.13018798828125,47.16013717651367,1.0197467803955078,0.8027117848396301
SB67412_component_173a,232.848482,44.066788,40.854000091552734,35.402076721191406,232.84825134277344,44.0655517578125,51.49626922607422,1.0078399181365967,0.7933390140533447
SB67412_component_176a,225.433297,49.2309,34.2140007019043,38.74745178222656,225.4330291748047,49.229984283447266,47.3331184387207,0.9182723164558411,0.7228342890739441
SB67412_component_179a,228.185759,48.574971,35.36600112915039,129.54579162597656,228.1854248046875,48.57402420043945,49.305992126464844,0.9112110733985901,0.7172759175300598
SB67412_component_181a,224.115277,43.917115,36.92900085449219,25.806428909301758,224.1149444580078,43.916622161865234,40.600181579589844,1.1555062532424927,0.9095772504806519
SB67412_component_182a,229.875283,45.424805,37.172000885009766,157.50848388671875,229.8748779296875,45.42379379272461,47.40948486328125,0.9960551857948303,0.7840625643730164
SB67412_component_183a,228.886009,49.258461,35.19499969482422,46.18766403198242,228.8858642578125,49.25714111328125,45.748741149902344,0.9773149490356445,0.7693107724189758
SB67412_component_184a,229.021163,43.966352,34.446998596191406,85.47642517089844,229.0209503173828,43.96575164794922,37.153099060058594,1.1778475046157837,0.9271635413169861
SB67412_component_185a,224.791461,45.630701,34.439998626708984,81.61137390136719,224.79087829589844,45.629947662353516,29.758472442626953,1.4702297449111938,1.1573173999786377
SB67412_component_186a,229.256734,44.341234,35.39500045776367,141.5800018310547,229.25653076171875,44.34058380126953,17.71118927001953,2.538790702819824,1.998454213142395
SB67412_component_188a,233.249319,48.825577,34.61899948120117,68.96215057373047,233.2489471435547,48.824310302734375,38.84980773925781,1.1320310831069946,0.8910983204841614
SB67412_component_189a,231.400618,47.2018,34.71500015258789,144.04563903808594,231.40008544921875,47.20048904418945,40.6528205871582,1.0848238468170166,0.8539382815361023
SB67412_component_190a,232.439129,46.505064,35.5880012512207,116.68196868896484,232.43870544433594,46.503787994384766,44.303314208984375,1.0204696655273438,0.803280770778656
SB67412_component_195a,225.612417,48.620818,32.8489990234375,115.2596435546875,225.61215209960938,48.619972229003906,29.245317459106445,1.4269163608551025,1.1232224702835083
SB67412_component_198a,226.387769,48.150639,32.5989990234375,116.84228515625,226.38751220703125,48.14963912963867,39.49876403808594,1.0484639406204224,0.8253169655799866
SB67412_component_200a,224.134027,44.191572,33.61000061035156,39.72813415527344,224.13369750976562,44.19099044799805,43.369110107421875,0.9845113754272461,0.7749755382537842
SB67412_component_201a,229.219043,43.748433,30.565000534057617,45.348663330078125,229.2188720703125,43.74783706665039,40.35913848876953,0.9620890021324158,0.7573254108428955
SB67412_component_202a,227.306666,46.056569,30.700000762939453,137.6681671142578,227.3062286376953,46.05561065673828,40.01008224487305,0.974768877029419,0.7673066258430481
SB67412_component_203a,229.795693,48.355604,32.12099838256836,139.05194091796875,229.79542541503906,48.35481643676758,37.8956184387207,1.0767942667007446,0.8476177453994751
SB67412_component_205a,229.518374,43.808606,31.155000686645508,43.331016540527344,229.51824951171875,43.8078498840332,32.44615936279297,1.2198240756988525,0.9602060914039612
SB67412_component_207a,228.943386,46.011119,30.638999938964844,133.21304321289062,228.94284057617188,46.009918212890625,43.545440673828125,0.8938499689102173,0.703609824180603
SB67412_component_211a,226.114148,47.856202,33.20399856567383,131.24110412597656,226.11375427246094,47.85521697998047,45.36105728149414,0.9299079179763794,0.7319934964179993
SB67412_component_213a,232.822115,47.169676,33.6609992980957,102.00302124023438,232.8217010498047,47.168331146240234,45.74626922607422,0.9347684383392334,0.7358195781707764
SB67412_component_214a,225.447327,48.060909,28.927000045776367,95.46864318847656,225.44703674316406,48.059791564941406,27.412044525146484,1.3405860662460327,1.05526602268219
SB67412_component_220a,227.36059,49.17088,29.92099952697754,41.78910446166992,227.36045837402344,49.17008590698242,39.8396110534668,0.9540995955467224,0.7510364651679993
SB67412_component_228a,232.601067,48.239109,28.309999465942383,113.69477844238281,232.60057067871094,48.23796081542969,23.90752601623535,1.5043120384216309,1.1841459274291992
SB67412_component_231a,229.130953,43.830854,27.28499984741211,43.37837600708008,229.13075256347656,43.83041763305664,24.445079803466797,1.417963981628418,1.1161755323410034
SB67412_component_233a,231.043091,48.252889,28.999000549316406,124.459228515625,231.04283142089844,48.25198745727539,39.20549011230469,0.9396559000015259,0.7396668195724487
SB67412_component_238a,232.25901,46.779995,30.663000106811523,114.84270477294922,232.25857543945312,46.778785705566406,44.34959030151367,0.8783299922943115,0.6913930773735046
SB67412_component_239a,226.5736,43.570948,28.35700035095215,30.923664093017578,226.57345581054688,43.570377349853516,32.66727066040039,1.1027579307556152,0.8680554032325745
SB67412_component_240a,224.827867,45.819556,26.284000396728516,101.09231567382812,224.82733154296875,45.81873321533203,24.32771873474121,1.3725329637527466,1.0804136991500854
SB67412_component_242a,227.943125,47.239487,26.261999130249023,103.39369201660156,227.9424591064453,47.23835372924805,24.940053939819336,1.3377134799957275,1.0530048608779907
SB67412_component_243a,229.75672,46.716227,26.552000045776367,112.03375244140625,229.75599670410156,46.71485900878906,29.497447967529297,1.1435246467590332,0.9001456499099731
SB67412_component_244a,225.157261,46.626454,25.881000518798828,81.6435317993164,225.15673828125,46.625511169433594,37.63344192504883,0.8736547231674194,0.6877128481864929
SB67412_component_246a,227.124046,45.604815,27.875,100.63176727294922,227.1237030029297,45.60386657714844,39.63663101196289,0.8934101462364197,0.7032635807991028
SB67412_component_250a,232.433451,47.236147,24.80500030517578,81.32786560058594,232.43296813964844,47.23495101928711,28.656295776367188,1.0996434688568115,0.8656038641929626
SB67412_component_252a,229.672437,46.766005,27.733999252319336,112.28340148925781,229.6719512939453,46.764625549316406,41.28963851928711,0.8533047437667847,0.6716939210891724
SB67412_component_256a,233.702007,46.899922,26.764999389648438,28.966447830200195,233.7015380859375,46.89828109741211,30.952041625976562,1.0985268354415894,0.86472487449646
SB67412_component_257a,228.585213,45.995602,24.937000274658203,101.78367614746094,228.58470153808594,45.99462890625,28.9360294342041,1.0948081016540527,0.861797571182251
SB67412_component_259a,226.15983,44.404976,25.040000915527344,88.4805679321289,226.15940856933594,44.40425491333008,18.24285316467285,1.7437101602554321,1.3725923299789429
SB67412_component_260a,233.891115,47.035548,27.400999069213867,20.433258056640625,233.89047241210938,47.03388214111328,40.371829986572266,0.8622251152992249,0.6787158250808716
SB67412_component_262a,224.028869,44.375016,26.716999053955078,26.42630958557129,224.02862548828125,44.37412643432617,27.104040145874023,1.2522364854812622,0.985720157623291
SB67412_component_265a,230.775227,49.230418,25.304000854492188,24.590864181518555,230.7749786376953,49.229156494140625,32.47698974609375,0.9897969961166382,0.7791363000869751
SB67412_component_266a,230.816021,46.554241,24.006999969482422,111.66046142578125,230.8153839111328,46.552894592285156,33.47677993774414,0.9110179543495178,0.7171239256858826
SB67412_component_269a,228.317031,45.090955,27.187000274658203,119.24122619628906,228.31671142578125,45.09016036987305,30.302078247070312,1.1397814750671387,0.8971992135047913
SB67412_component_270a,226.006626,45.530715,24.385000228881836,88.35145568847656,226.0061492919922,45.52969741821289,29.19670295715332,1.0610153675079346,0.8351970314979553
SB67412_component_271a,231.016853,46.396485,23.718000411987305,111.35211181640625,231.01625061035156,46.395259857177734,35.37477111816406,0.8517597913742065,0.6704778671264648
SB67412_component_272a,224.208503,48.147093,25.16200065612793,31.374065399169922,224.20787048339844,48.146095275878906,34.86469650268555,0.916836678981781,0.7217043042182922
SB67412_component_273a,226.602953,46.925103,23.386999130249023,103.02642822265625,226.60252380371094,46.92404556274414,26.430221557617188,1.1241037845611572,0.884858250617981
SB67412_component_274a,229.634521,46.769481,24.95199966430664,100.20883178710938,229.6339569091797,46.76832962036133,29.698801040649414,1.067331075668335,0.8401685953140259
SB67412_component_279a,232.243767,48.706308,24.461000442504883,69.8885726928711,232.24342346191406,48.705177307128906,34.254947662353516,0.9071594476699829,0.714086651802063
SB67412_component_283a,227.934824,48.078277,23.207000732421875,93.2008056640625,227.934326171875,48.077396392822266,32.3978385925293,0.9099880456924438,0.7163132429122925
SB67412_component_285a,230.455914,45.622627,23.381999969482422,98.24369812011719,230.4553985595703,45.62140655517578,31.17380714416504,0.9528499841690063,0.7500527501106262
SB67412_component_286a,224.414259,44.861707,26.239999771118164,37.59312057495117,224.4137420654297,44.86080551147461,38.45431900024414,0.8668649196624756,0.6823680996894836
SB67412_component_287a,230.7798,45.637453,23.440000534057617,95.28455352783203,230.7793426513672,45.63649368286133,29.22515106201172,1.018904685974121,0.802048921585083
SB67412_component_290a,226.378133,47.409344,22.766000747680664,91.06400299072266,226.37770080566406,47.40830993652344,29.38076400756836,0.9843654632568359,0.7748607397079468
SB67412_component_292a,226.183173,48.908295,23.23699951171875,58.679290771484375,226.18284606933594,48.90732192993164,24.53314971923828,1.2032599449157715,0.9471673965454102
SB67412_component_293a,230.008191,45.805408,22.06599998474121,104.08490753173828,230.0077667236328,45.80428695678711,23.100757598876953,1.2134729623794556,0.9552067518234253
SB67412_component_297a,225.637258,47.885562,21.615999221801758,85.43873596191406,225.63682556152344,47.88462448120117,30.73701286315918,0.8934008479118347,0.703256368637085
SB67412_component_298a,233.590574,44.819771,23.636999130249023,16.025083541870117,233.59014892578125,44.818424224853516,19.125707626342773,1.57002854347229,1.2358758449554443
SB67412_component_303a,230.335887,43.781764,21.285999298095703,35.535892486572266,230.3356170654297,43.78076934814453,25.105566024780273,1.0771018266677856,0.8478597402572632
SB67412_component_312a,225.779923,47.239865,21.23900032043457,86.33739471435547,225.779541015625,47.23876953125,27.7170467376709,0.9734638929367065,0.7662793397903442
SB67412_component_313a,231.278251,44.345557,20.968000411987305,75.15412139892578,231.2780303955078,44.34471130371094,26.20783233642578,1.0163859128952026,0.8000661730766296
SB67412_component_315a,229.304126,45.768726,20.441999435424805,87.35897064208984,229.30368041992188,45.76774215698242,24.79711151123047,1.0472612380981445,0.8243702054023743
SB67412_component_317a,227.398074,45.347597,19.695999145507812,77.84980010986328,227.39767456054688,45.34660720825195,28.179828643798828,0.8879170417785645,0.6989396214485168
SB67412_component_318a,232.171903,46.665666,20.229999542236328,87.57575225830078,232.17140197753906,46.664512634277344,27.916738510131836,0.9205850958824158,0.7246548533439636
SB67412_component_319a,223.982968,47.962756,18.98699951171875,23.674562454223633,223.98243713378906,47.96149826049805,23.6531925201416,1.0197631120681763,0.8027245998382568
SB67412_component_321a,230.855577,44.29078,18.993999481201172,59.72956085205078,230.8553466796875,44.290061950683594,17.599374771118164,1.3710455894470215,1.0792428255081177
SB67412_component_328a,224.958213,46.271631,19.277000427246094,72.46992492675781,224.95774841308594,46.270633697509766,28.01896095275879,0.8740175366401672,0.6879984140396118
SB67412_component_334a,231.605125,45.548795,19.584999084472656,72.00366973876953,231.60438537597656,45.547508239746094,22.52427101135254,1.104601263999939,0.8695064783096313
SB67412_component_340a,232.641043,48.419091,17.69499969482422,68.3204574584961,232.6405792236328,48.417884826660156,26.4183292388916,0.8508988618850708,0.6698001027107239
SB67412_component_345a,229.5533,48.375977,18.618999481201172,78.23108673095703,229.5528106689453,48.374977111816406,18.41748809814453,1.2842768430709839,1.0109412670135498
SB67412_component_346a,227.526514,46.196779,19.152999877929688,79.47303009033203,227.52609252929688,46.195926666259766,29.42632293701172,0.8268629312515259,0.6508798003196716
SB67412_component_347a,224.530597,44.045287,18.40999984741211,31.52397346496582,224.5301055908203,44.04503631591797,20.771724700927734,1.1259366273880005,0.8863009810447693
SB67412_component_348a,229.695573,46.07067,17.68199920654297,73.06611633300781,229.6951141357422,46.0693244934082,24.36613655090332,0.9218863844871521,0.7256792187690735
SB67412_component_350a,233.071521,47.774206,18.979000091552734,35.27695083618164,233.07095336914062,47.77277374267578,21.69799041748047,1.1111854314804077,0.8746892809867859
SB67412_component_351a,226.108556,46.819106,17.833999633789062,73.39094543457031,226.1082763671875,46.81812286376953,19.67155647277832,1.151708960533142,0.9065881371498108
SB67412_component_353a,231.548856,46.073723,17.996999740600586,80.70403289794922,231.54855346679688,46.07271194458008,19.747276306152344,1.1577788591384888,0.9113661646842957
SB67412_component_355a,225.476103,45.215244,16.834999084472656,59.07017135620117,225.4755096435547,45.21415710449219,24.81580352783203,0.8618217706680298,0.6783983111381531
SB67412_component_357a,224.922342,45.211834,16.70199966430664,31.453859329223633,224.92173767089844,45.210880279541016,21.170757293701172,1.002224087715149,0.7889183759689331
SB67412_component_359a,225.13281,48.613784,19.091999053955078,53.93220138549805,225.13246154785156,48.61308670043945,23.386062622070312,1.037115216255188,0.8163836598396301
SB67412_component_361a,227.156648,44.18268,17.41699981689453,51.52958679199219,227.15640258789062,44.18206787109375,20.466215133666992,1.0811066627502441,0.8510122299194336
SB67412_component_362a,233.596704,48.540102,16.16200065612793,27.769760131835938,233.59619140625,48.538639068603516,22.28710174560547,0.9212430715560913,0.7251728177070618
SB67412_component_363a,230.975038,49.034081,15.800000190734863,29.64352798461914,230.974853515625,49.03291320800781,26.399524688720703,0.7603152990341187,0.598495602607727
SB67412_component_365a,224.414845,44.322744,17.888999938964844,35.21456527709961,224.41441345214844,44.322021484375,21.63141441345215,1.0505914688110352,0.8269916772842407
SB67412_component_367a,228.938319,48.914784,16.29199981689453,44.2717399597168,228.93797302246094,48.913856506347656,14.883790969848633,1.3905723094940186,1.0946135520935059
SB67412_component_368a,231.217961,43.913702,16.232999801635742,30.802656173706055,231.21774291992188,43.91314697265625,19.430479049682617,1.0613240003585815,0.8354400396347046
SB67412_component_372a,229.01172,47.535576,16.81399917602539,67.5261001586914,229.01097106933594,47.534278869628906,18.887540817260742,1.1309107542037964,0.8902164101600647
SB67412_component_374a,228.14239,44.16903,16.391000747680664,52.87419509887695,228.14218139648438,44.16853713989258,18.104162216186523,1.150164008140564,0.9053719639778137
SB67412_component_375a,226.294666,44.493414,16.530000686645508,68.87500762939453,226.2943878173828,44.492671966552734,21.25242042541504,0.9880915880203247,0.7777937650680542
SB67412_component_376a,225.958268,45.917991,16.12700080871582,65.02822875976562,225.95799255371094,45.917076110839844,22.64304542541504,0.9047976732254028,0.7122275233268738
SB67412_component_377a,224.558917,44.315725,15.914999961853027,39.8872184753418,224.5584259033203,44.31524658203125,20.80251121520996,0.9719045162200928,0.7650518417358398
SB67412_component_380a,226.938313,45.575917,15.991000175476074,65.2693862915039,226.9380340576172,45.575035095214844,15.941373825073242,1.274332046508789,1.003113031387329
SB67412_component_381a,224.554508,47.715204,15.949999809265137,50.63492202758789,224.553955078125,47.71438980102539,21.753864288330078,0.931444525718689,0.7332030534744263
SB67412_component_391a,228.137534,47.808154,15.656999588012695,61.39999771118164,228.13699340820312,47.80715560913086,20.685150146484375,0.9615737199783325,0.756919801235199
SB67412_component_394a,228.075749,45.738293,15.045000076293945,56.9886360168457,228.07516479492188,45.73702621459961,13.48047161102295,1.417815923690796,1.1160588264465332
SB67412_component_395a,224.137348,45.480963,15.72599983215332,13.686683654785156,224.13665771484375,45.48050308227539,18.031051635742188,1.107974886894226,0.8721621036529541
SB67412_component_399a,233.583287,45.314606,16.83099937438965,16.21483612060547,233.5828399658203,45.31281661987305,21.222503662109375,1.0075021982192993,0.7930732369422913
SB67412_component_403a,226.397622,46.84146,16.513999938964844,62.316986083984375,226.39715576171875,46.84049606323242,21.379796981811523,0.9812539219856262,0.7724114656448364
SB67412_component_409a,224.511487,46.963045,16.690000534057617,22.769441604614258,224.51087951660156,46.96220779418945,15.628437995910645,1.3566677570343018,1.0679250955581665
SB67412_component_411a,231.099531,46.587652,16.69499969482422,69.85355377197266,231.09901428222656,46.58644104003906,22.88620948791504,0.9267130494117737,0.7294785976409912
SB67412_component_412a,230.066349,44.775276,14.635000228881836,65.04444885253906,230.06614685058594,44.774688720703125,14.023374557495117,1.32578444480896,1.0436147451400757
SB67412_component_416a,230.468802,48.588081,14.48799991607666,51.928314208984375,230.468505859375,48.58711624145508,20.53801155090332,0.8961541652679443,0.7054237127304077
SB67412_component_418a,228.808044,44.894271,14.225000381469727,62.39035415649414,228.8077850341797,44.8935661315918,17.16436195373535,1.0528278350830078,0.8287520408630371
SB67412_component_421a,227.749997,47.876103,15.52299976348877,66.33760833740234,227.7496337890625,47.875083923339844,19.762561798095703,0.997849702835083,0.7854750752449036
SB67412_component_422a,233.561192,45.057727,14.385000228881836,14.385000228881836,233.56053161621094,45.05594253540039,16.095565795898438,1.1353671550750732,0.8937244415283203
SB67412_component_423a,225.149277,48.342572,14.088000297546387,47.275169372558594,225.14891052246094,48.34173583984375,15.989991188049316,1.1192673444747925,0.8810511827468872
SB67412_component_424a,231.109514,48.471334,14.102999687194824,57.79917907714844,231.10934448242188,48.470645904541016,15.31322956085205,1.1699773073196411,0.9209683537483215
SB67412_component_428a,232.516672,46.545087,14.324999809265137,56.62055587768555,232.51632690429688,46.54357147216797,10.658291816711426,1.707417607307434,1.3440239429473877
SB67412_component_430a,228.262723,44.439813,14.244999885559082,61.93478012084961,228.26251220703125,44.43924331665039,16.951791763305664,1.0675287246704102,0.8403241634368896
SB67412_component_433a,230.816171,46.994151,13.979999542236328,62.410709381103516,230.81561279296875,46.99298858642578,9.834365844726562,1.8058992624282837,1.4215456247329712
SB67412_component_434a,228.720832,45.923038,13.668999671936035,56.48347091674805,228.7203369140625,45.921844482421875,18.215341567993164,0.9533056020736694,0.7504113912582397
SB67412_component_435a,231.905816,45.268631,14.024999618530273,53.73563003540039,231.9055633544922,45.26759719848633,17.616132736206055,1.0114047527313232,0.7961452007293701
SB67412_component_437a,233.504193,48.736671,12.869999885559082,19.295352935791016,233.50384521484375,48.735076904296875,17.52707290649414,0.9328286051750183,0.7342926263809204
SB67412_component_438a,225.241472,45.885711,13.713000297546387,53.77647399902344,225.2409210205078,45.88483810424805,16.372344970703125,1.0640310049057007,0.8375709652900696
SB67412_component_439a,233.574635,48.275144,14.439000129699707,21.017467498779297,233.5741729736328,48.27301788330078,18.864057540893555,0.9723771214485168,0.7654238939285278
SB67412_component_440a,231.570643,45.477096,14.3100004196167,60.63559341430664,231.57012939453125,45.47598648071289,18.953107833862305,0.9591618776321411,0.755021333694458
SB67412_component_441a,226.483309,44.644261,13.991000175476074,61.634361267089844,226.48304748535156,44.64360046386719,20.862173080444336,0.8519653677940369,0.6706396341323853
SB67412_component_442a,229.66116,45.176134,13.718999862670898,59.647823333740234,229.66079711914062,45.17529296875,18.191734313964844,0.958034336566925,0.7541337013244629
SB67412_component_443a,228.651466,45.709092,14.291000366210938,65.85714721679688,228.65113830566406,45.70786666870117,17.90045166015625,1.0142180919647217,0.798359751701355
SB67412_component_444a,231.071785,49.160124,13.932000160217285,23.533782958984375,231.07150268554688,49.158294677734375,20.943889617919922,0.8450624942779541,0.6652059555053711
SB67412_component_446a,226.332612,48.696585,14.140000343322754,41.466278076171875,226.33226013183594,48.69569778442383,16.376663208007812,1.0968738794326782,0.863423764705658
SB67412_component_448a,227.003711,46.40705,13.930000305175781,60.30302810668945,227.0032196044922,46.406517028808594,19.2060546875,0.9213946461677551,0.7252921462059021
SB67412_component_449a,231.344279,48.691861,13.986000061035156,47.25,231.3440399169922,48.690948486328125,18.088274002075195,0.9822660088539124,0.7732080817222595
SB67412_component_450a,224.185029,48.086273,13.468999862670898,19.895126342773438,224.1844940185547,48.08538818359375,16.9682559967041,1.0083954334259033,0.7937763333320618
SB67412_component_454a,230.864155,47.609628,15.324999809265137,61.05577850341797,230.8636016845703,47.608306884765625,20.552248001098633,0.9472702145576477,0.7456605434417725
SB67412_component_458a,232.317267,44.082852,14.336999893188477,22.125,232.31704711914062,44.08180618286133,14.747862815856934,1.234985589981079,0.9721408486366272
SB67412_component_459a,232.129875,44.767557,12.666999816894531,43.52920913696289,232.12960815429688,44.766441345214844,10.729568481445312,1.4997683763504028,1.1805694103240967
SB67412_component_460a,226.313967,45.563915,12.894000053405762,54.63559341430664,226.31349182128906,45.562774658203125,18.72372817993164,0.8748388886451721,0.6886448860168457
SB67412_component_464a,226.346482,46.173324,12.843000411987305,52.85185241699219,226.34613037109375,46.17216491699219,17.612754821777344,0.9263432025909424,0.7291874885559082
SB67412_component_465a,229.52017,44.96865,13.618000030517578,58.69827651977539,229.52001953125,44.96794509887695,14.739278793334961,1.173734426498413,0.9239258170127869
SB67412_component_466a,231.446954,43.956447,13.24899959564209,29.840087890625,231.44677734375,43.95558166503906,14.781880378723145,1.138639211654663,0.8963000178337097
SB67412_component_470a,230.481041,44.091875,13.416000366210938,37.37047576904297,230.4809112548828,44.09231185913086,19.256866455078125,0.8850547671318054,0.6966865658760071
SB67412_component_471a,228.551073,46.879214,12.189000129699707,51.6483039855957,228.5504913330078,46.878231048583984,15.187504768371582,1.0195637941360474,0.8025676608085632
SB67412_component_472a,231.367976,45.45378,12.71500015258789,57.79545593261719,231.3675079345703,45.45292663574219,17.239423751831055,0.9369714260101318,0.7375536561012268
SB67412_component_475a,227.644396,46.367714,12.262999534606934,58.39523696899414,227.6438751220703,46.367000579833984,17.14869499206543,0.9084444046020508,0.7150981426239014
SB67412_component_476a,227.827597,44.155367,14.147000312805176,47.955936431884766,227.82737731933594,44.15475082397461,17.193817138671875,1.045261025428772,0.8227958083152771
SB67412_component_477a,227.791776,47.621361,12.692999839782715,50.56972122192383,227.79135131835938,47.62017059326172,17.95695686340332,0.8979750275611877,0.7068569660186768
SB67412_component_478a,226.170128,47.613551,13.293999671936035,55.16182327270508,226.16993713378906,47.6126594543457,17.99683380126953,0.9384092688560486,0.7386854887008667
SB67412_component_479a,225.293902,48.717394,13.788000106811523,36.1889762878418,225.2935791015625,48.7165641784668,16.63143539428711,1.0531840324401855,0.8290324807167053
SB67412_component_480a,233.133059,45.191377,11.805999755859375,22.27547264099121,233.1327362060547,45.19035339355469,15.998553276062012,0.9374643564224243,0.7379416823387146
SB67412_component_482a,225.970461,45.311089,12.142999649047852,51.0210075378418,225.97012329101562,45.30998992919922,13.220670700073242,1.1668236255645752,0.9184858798980713
SB67412_component_486a,228.854828,48.197288,12.21399974822998,48.27667999267578,228.85433959960938,48.19658279418945,17.013240814208984,0.912018358707428,0.717911422252655
SB67412_component_488a,225.691867,47.307514,13.527999877929688,52.843746185302734,225.69154357910156,47.306602478027344,15.853056907653809,1.0840599536895752,0.8533369898796082
SB67412_component_491a,233.815259,48.310967,11.513999938964844,14.338729858398438,233.8147430419922,48.30998611450195,14.641582489013672,0.9990125298500061,0.7863904237747192
SB67412_component_494a,225.887518,44.023205,12.168999671936035,25.194616317749023,225.8872528076172,44.022457122802734,13.000333786010742,1.1891403198242188,0.9360528588294983
SB67412_component_499a,233.624556,45.283114,12.875,11.205395698547363,233.623779296875,45.281532287597656,15.244207382202148,1.072939157485962,0.8445830941200256
SB67412_component_500a,230.766183,48.004774,11.86400032043457,56.76554870605469,230.765869140625,48.00376892089844,18.408037185668945,0.818759560585022,0.6445010900497437
SB67412_component_501a,229.086346,46.554992,11.850000381469727,48.367347717285156,229.085693359375,46.553653717041016,14.521028518676758,1.0367014408111572,0.8160579204559326
SB67412_component_503a,229.929294,48.611116,11.47700023651123,47.03688430786133,229.9290008544922,48.61022186279297,13.247308731079102,1.1006100177764893,0.8663646578788757
SB67412_component_506a,233.252574,46.760643,11.668000221252441,26.7614688873291,233.2520294189453,46.75937271118164,16.41581153869629,0.9029564261436462,0.7107781767845154
SB67412_component_509a,232.688755,44.35325,12.369000434875488,20.079545974731445,232.68846130371094,44.35206985473633,14.909954071044922,1.053879737854004,0.8295800685882568
SB67412_component_510a,232.206149,48.866446,11.684000015258789,30.26943016052246,232.2057647705078,48.86536407470703,15.841996192932129,0.9369455575942993,0.7375333309173584
SB67412_component_512a,233.218055,47.928807,11.329999923706055,21.914892196655273,233.21792602539062,47.92729568481445,9.460415840148926,1.5214314460754395,1.1976218223571777
SB67412_component_514a,230.049254,44.269443,12.663999557495117,44.27971649169922,230.04888916015625,44.26879119873047,15.262093544006348,1.0541186332702637,0.829768180847168
SB67412_component_515a,232.178909,48.011521,11.736000061035156,42.21582794189453,232.1786346435547,48.01054763793945,13.91919994354248,1.0711209774017334,0.8431519269943237
SB67412_component_516a,231.628353,46.642941,11.41100025177002,48.764957427978516,231.62783813476562,46.64156723022461,15.708765029907227,0.9228144884109497,0.7264097332954407
SB67412_component_519a,229.060435,44.733908,12.182999610900879,54.87837600708008,229.06027221679688,44.733116149902344,16.03223419189453,0.9653680324554443,0.759906530380249
SB67412_component_521a,230.543867,43.605956,12.022000312805176,10.527146339416504,230.54359436035156,43.6059684753418,12.1350736618042,1.2585400342941284,0.9906821250915527
SB67412_component_522a,224.319508,46.070583,10.62600040435791,19.973684310913086,224.31883239746094,46.06974411010742,12.728974342346191,1.0604963302612305,0.83478844165802
SB67412_component_523a,227.658975,46.458423,11.758999824523926,56.26315689086914,227.6584014892578,46.45742416381836,15.453886032104492,0.966641366481781,0.7609089016914368
SB67412_component_527a,230.626775,44.582366,12.050999641418457,48.78947448730469,230.62628173828125,44.58149337768555,16.488496780395508,0.9284846186637878,0.730873167514801
SB67412_component_528a,227.930385,44.756413,11.404999732971191,42.715354919433594,227.93017578125,44.75555419921875,17.05687713623047,0.8494316935539246,0.6686452627182007
SB67412_component_530a,226.683207,43.81853,11.895000457763672,18.160306930541992,226.6831512451172,43.817665100097656,14.211981773376465,1.063267469406128,0.8369698524475098
SB67412_component_535a,225.545014,46.485598,10.467000007629395,38.48161697387695,225.54470825195312,46.48444747924805,7.372028827667236,1.8037149906158447,1.4198262691497803
SB67412_component_536a,233.304444,45.608097,11.883999824523926,15.575360298156738,233.30430603027344,45.606544494628906,12.95567798614502,1.1652932167053223,0.9172812104225159
SB67412_component_538a,229.863823,47.573761,11.038999557495117,37.42033767700195,229.86318969726562,47.572410583496094,14.397847175598145,0.9740132689476013,0.7667118310928345
SB67412_component_540a,228.860058,44.401878,10.708000183105469,45.37288284301758,228.85995483398438,44.401329040527344,12.182613372802734,1.1166077852249146,0.8789575695991516
SB67412_component_542a,230.186806,45.769954,10.211000442504883,44.98237991333008,230.18630981445312,45.76895523071289,10.291049003601074,1.2604957818984985,0.9922215342521667
SB67412_component_544a,232.707393,44.166997,10.208000183105469,13.171613693237305,232.70730590820312,44.165870666503906,10.737523078918457,1.207728385925293,0.9506848454475403
SB67412_component_550a,231.325295,48.501326,10.486000061035156,41.776893615722656,231.324951171875,48.50049591064453,12.036355018615723,1.1067450046539307,0.8711940050125122
SB67412_component_552a,227.864012,46.361559,10.954000473022461,49.12107849121094,227.8637237548828,46.36088180541992,10.815719604492188,1.2866193056106567,1.0127851963043213
SB67412_component_557a,231.868918,48.336688,11.331999778747559,43.75289535522461,231.8684844970703,48.33570861816406,11.591272354125977,1.2419615983963013,0.9776321053504944
SB67412_component_558a,232.496645,44.27165,10.506999969482422,21.48670768737793,232.4962615966797,44.27029037475586,6.754698753356934,1.9760842323303223,1.5555098056793213
SB67412_component_561a,225.287306,48.387582,9.741999626159668,29.975383758544922,225.28695678710938,48.3865852355957,12.393681526184082,0.9985745549201965,0.7860456705093384
SB67412_component_565a,231.074203,43.864724,9.802000045776367,15.03374195098877,231.07403564453125,43.86372375488281,12.476924896240234,0.9980213642120361,0.7856102585792542
SB67412_component_569a,225.873063,46.225401,9.661999702453613,40.940677642822266,225.8726043701172,46.22422409057617,11.926702499389648,1.0291515588760376,0.8101149201393127
SB67412_component_570a,231.434798,46.752641,10.89900016784668,50.693023681640625,231.43443298339844,46.751434326171875,13.418899536132812,1.0318166017532349,0.8122126460075378
SB67412_component_571a,232.857785,47.794784,9.413000106811523,23.830379486083984,232.8573455810547,47.793521881103516,12.679676055908203,0.9430888891220093,0.7423691153526306
SB67412_component_573a,232.77324,47.371311,10.302000045776367,22.893333435058594,232.77281188964844,47.37031555175781,12.418407440185547,1.0538731813430786,0.8295750021934509
SB67412_component_574a,231.245242,47.555939,9.8149995803833,40.225406646728516,231.2446746826172,47.554866790771484,11.584606170654297,1.076320767402649,0.8472449779510498
SB67412_component_575a,227.155794,47.273233,9.107999801635742,27.938650131225586,227.15518188476562,47.27206802368164,14.963881492614746,0.7732349634170532,0.6086655855178833
SB67412_component_577a,231.317859,47.405842,9.545999526977539,39.122947692871094,231.31744384765625,47.40459060668945,12.414304733276367,0.9768586158752441,0.7689515948295593
SB67412_component_578a,230.979005,43.880527,10.498000144958496,17.976028442382812,230.97879028320312,43.879791259765625,10.748518943786621,1.240768313407898,0.9766927361488342
SB67412_component_580a,227.855355,46.763311,9.977999687194824,36.41605758666992,227.85476684570312,46.76266860961914,12.048701286315918,1.052048921585083,0.8281390070915222
SB67412_component_581a,224.726601,45.687145,9.307999610900879,23.866666793823242,224.72586059570312,45.686405181884766,12.494904518127441,0.9463594555854797,0.7449436187744141
SB67412_component_583a,232.271583,44.205884,9.621999740600586,21.62247085571289,232.2714080810547,44.204524993896484,13.350131034851074,0.9156142473220825,0.7207419872283936
SB67412_component_584a,225.672969,46.580619,9.758000373840332,38.72222137451172,225.67245483398438,46.579803466796875,12.346724510192871,1.0040186643600464,0.7903311252593994
SB67412_component_589a,226.570517,47.891053,10.845000267028809,39.293479919433594,226.56980895996094,47.889503479003906,13.83957290649414,0.9954962134361267,0.7836224436759949
SB67412_component_591a,229.938903,47.303429,9.484999656677246,37.19607925415039,229.93853759765625,47.30207061767578,12.678242683410645,0.950410008430481,0.748132050037384
SB67412_component_598a,224.369461,44.256209,9.536999702453613,15.138094902038574,224.36904907226562,44.255516052246094,11.805359840393066,1.0262786149978638,0.8078533411026001
SB67412_component_601a,231.260673,47.207757,9.89900016784668,38.66796875,231.2600555419922,47.20652770996094,12.283056259155273,1.023805856704712,0.8059069514274597
SB67412_component_603a,225.357507,45.633408,9.866999626159668,36.817161560058594,225.35707092285156,45.63218307495117,6.280011177062988,1.9959856271743774,1.571175456047058
SB67412_component_606a,230.88971,44.62187,9.98900032043457,39.63888931274414,230.88958740234375,44.62074661254883,10.558938026428223,1.2018064260482788,0.9460232257843018
SB67412_component_608a,224.535445,46.06485,8.826000213623047,25.289398193359375,224.53469848632812,46.064273834228516,11.208633422851562,1.0003316402435303,0.7874287366867065
SB67412_component_609a,228.343775,46.235844,9.607999801635742,43.47511291503906,228.34326171875,46.23505401611328,12.44343376159668,0.9809015989303589,0.7721341252326965
SB67412_component_610a,232.792698,47.124209,9.32800006866455,29.612699508666992,232.79220581054688,47.12290573120117,12.801849365234375,0.9256536960601807,0.7286447286605835
SB67412_component_613a,225.730571,47.098806,9.583000183105469,38.79757308959961,225.73036193847656,47.09783172607422,13.31640911102295,0.9142123460769653,0.719638466835022
SB67412_component_616a,232.526759,44.538076,9.293000221252441,22.392772674560547,232.52626037597656,44.536861419677734,8.351061820983887,1.4136664867401123,1.1127926111221313
SB67412_component_621a,230.319163,46.503977,9.190999984741211,38.78059005737305,230.3185577392578,46.50282287597656,8.902608871459961,1.3115298748016357,1.0323940515518188
SB67412_component_622a,230.333459,43.865186,8.91100025177002,15.912500381469727,230.33285522460938,43.864688873291016,9.711678504943848,1.165641188621521,0.9175550937652588
SB67412_component_623a,233.059537,45.586814,9.01099967956543,16.53394317626953,233.05917358398438,45.58537673950195,12.219390869140625,0.9368199110031128,0.737434446811676
SB67412_component_624a,226.461299,45.512659,9.842000007629395,41.35293960571289,226.46087646484375,45.51161575317383,12.65225601196289,0.9882073998451233,0.7778849601745605
SB67412_component_626a,226.729808,44.286362,9.279999732971191,40.0,226.72952270507812,44.285560607910156,11.849327087402344,0.9949173331260681,0.7831668257713318
SB67412_component_632a,231.332028,48.457472,8.57800006866455,37.955753326416016,231.33189392089844,48.456546783447266,8.759995460510254,1.243984341621399,0.9792242646217346
SB67412_component_633a,229.182511,43.796694,8.097999572753906,12.67292594909668,229.1822967529297,43.795928955078125,11.589310646057129,0.8876727223396301,0.6987472772598267
SB67412_component_635a,228.479164,46.020678,10.064000129699707,45.74545669555664,228.47854614257812,46.019596099853516,13.772903442382812,0.9282775521278381,0.7307101488113403
SB67412_component_637a,228.956571,48.610299,9.229000091552734,32.49647903442383,228.95606994628906,48.60938262939453,13.706511497497559,0.8553826212882996,0.6733295917510986
SB67412_component_638a,230.871665,45.550398,9.140000343322754,37.004051208496094,230.8712158203125,45.549930572509766,8.05348014831543,1.4417678117752075,1.1349130868911743
SB67412_component_639a,225.807811,47.309336,9.039999961853027,36.89795684814453,225.8072967529297,47.30842208862305,13.02165412902832,0.8819317817687988,0.6942282319068909
SB67412_component_640a,232.140441,45.721929,9.133000373840332,28.540626525878906,232.1399688720703,45.7209587097168,9.356874465942383,1.239982008934021,0.9760738611221313
SB67412_component_644a,233.182507,47.739669,9.281999588012695,12.101694107055664,233.18174743652344,47.73809814453125,9.35826587677002,1.2600241899490356,0.9918503761291504
SB67412_component_649a,231.63596,44.142532,8.880000114440918,26.66666603088379,231.6359405517578,44.14170455932617,10.40496826171875,1.0841888189315796,0.8534384369850159
SB67412_component_651a,223.859388,47.50432,9.333000183105469,10.177753448486328,223.85867309570312,47.503684997558594,9.33210277557373,1.2704994678497314,1.0000962018966675
SB67412_component_654a,228.222511,45.334145,8.939000129699707,49.386741638183594,228.2220458984375,45.332664489746094,4.644397735595703,2.445075511932373,1.9246844053268433
SB67412_component_655a,230.638735,44.008731,8.824999809265137,19.524335861206055,230.63868713378906,44.00847625732422,10.414998054504395,1.0764360427856445,0.847335696220398
SB67412_component_657a,228.754971,46.57013,9.5649995803833,39.2008171081543,228.7543182373047,46.56893539428711,11.370795249938965,1.0686287879943848,0.8411900401115417
SB67412_component_658a,227.106173,44.683249,8.640999794006348,34.98380661010742,227.10601806640625,44.682533264160156,10.568224906921387,1.0387108325958252,0.8176396489143372
SB67412_component_659a,228.047517,44.720984,9.131999969482422,43.69377899169922,228.0474090576172,44.720703125,7.1945013999938965,1.6124932765960693,1.2693027257919312
SB67412_component_661a,229.551215,48.895347,9.609000205993652,26.4710750579834,229.5513153076172,48.89459228515625,13.476433753967285,0.905807614326477,0.7130224704742432
SB67412_component_662a,231.812017,45.618594,8.765000343322754,35.060001373291016,231.81150817871094,45.61730194091797,12.026078224182129,0.9258926510810852,0.7288327813148499
SB67412_component_666a,229.891397,46.475304,8.168000221252441,37.12727355957031,229.89089965820312,46.47421646118164,10.196056365966797,1.017691731452942,0.8010940551757812
SB67412_component_667a,224.035351,47.68945,8.26200008392334,12.026201248168945,224.0345458984375,47.68841552734375,12.674437522888184,0.8281122446060181,0.6518632769584656
SB67412_component_669a,226.159066,46.524883,8.031999588012695,33.74789810180664,226.1586456298828,46.52384948730469,13.406593322753906,0.7610933780670166,0.5991081595420837
SB67412_component_670a,225.264315,45.792718,8.696000099182129,32.939395904541016,225.2635955810547,45.791744232177734,10.575278282165527,1.0446250438690186,0.8222951292991638
SB67412_component_672a,230.841412,46.114801,7.830999851226807,31.57661247253418,230.84072875976562,46.1133918762207,10.193469047546387,0.9759508371353149,0.7682369947433472
SB67412_component_673a,225.25465,44.865747,9.298999786376953,33.21071243286133,225.2540740966797,44.86471176147461,13.176202774047852,0.8965586423873901,0.7057420015335083
SB67412_component_677a,225.832733,45.831994,8.848999977111816,35.82591247558594,225.8322296142578,45.83077621459961,12.853745460510254,0.8745753169059753,0.6884374618530273
SB67412_component_680a,229.757965,45.706899,8.22700023651123,33.579593658447266,229.75767517089844,45.70608901977539,9.785118103027344,1.0680906772613525,0.8407665491104126
SB67412_component_681a,232.684696,47.149469,8.065999984741211,26.88666534423828,232.68450927734375,47.148075103759766,10.692951202392578,0.9582821130752563,0.754328727722168
SB67412_component_685a,224.470934,47.561518,9.0649995803833,24.972450256347656,224.4703826904297,47.56052780151367,11.701790809631348,0.98412024974823,0.7746677398681641
SB67412_component_689a,228.604828,46.601266,7.998000144958496,34.17948913574219,228.60406494140625,46.60013198852539,10.946894645690918,0.9281606674194336,0.7306181788444519
SB67412_component_690a,231.310844,44.111378,8.505999565124512,18.860309600830078,231.3106689453125,44.11078643798828,9.1965970993042,1.1749812364578247,0.9249072670936584
SB67412_component_695a,232.017422,48.16763,8.145000457763672,31.206897735595703,232.01708984375,48.16647720336914,10.920183181762695,0.947532057762146,0.7458666563034058
SB67412_component_696a,230.75767,47.619037,8.364999771118164,30.19855308532715,230.7574920654297,47.61838912963867,7.479000568389893,1.420872449874878,1.1184649467468262
SB67412_component_699a,227.115025,47.060654,8.857000350952148,34.32946014404297,227.1147918701172,47.059303283691406,10.440335273742676,1.0777175426483154,0.8483444452285767
SB67412_component_704a,230.931474,47.79422,8.322999954223633,39.25943374633789,230.93101501464844,47.7930793762207,12.990673065185547,0.8139185905456543,0.6406904458999634
SB67412_component_707a,231.47757,44.896055,7.709000110626221,28.34191131591797,231.47711181640625,44.89528274536133,9.914443016052246,0.9877851009368896,0.7775525450706482
SB67412_component_708a,228.111713,45.94915,7.716000080108643,36.05607604980469,228.11134338378906,45.948143005371094,9.217302322387695,1.063459873199463,0.837121307849884
SB67412_component_714a,230.706588,47.468812,7.326000213623047,34.39436721801758,230.70616149902344,47.466915130615234,6.973325252532959,1.3346264362335205,1.0505748987197876
SB67412_component_717a,225.174673,48.726505,7.705999851226807,19.963729858398438,225.17416381835938,48.72538375854492,8.135238647460938,1.2033485174179077,0.9472370743751526
SB67412_component_719a,229.613638,44.391773,7.531000137329102,29.303503036499023,229.61346435546875,44.39094161987305,4.144443511962891,2.3084428310394287,1.817131757736206
SB67412_component_722a,233.255291,45.177449,8.185999870300293,16.050979614257812,233.2548828125,45.17582321166992,11.130426406860352,0.9343135356903076,0.7354614734649658
SB67412_component_728a,230.808849,45.949259,7.517000198364258,32.123931884765625,230.8083038330078,45.94796371459961,3.5161726474761963,2.715857982635498,2.13783597946167
SB67412_component_730a,226.1314,47.377932,7.288000106811523,29.152000427246094,226.13101196289062,47.37681198120117,5.834530353546143,1.5868475437164307,1.2491151094436646
SB67412_component_731a,227.919137,47.970057,8.02400016784668,34.0,227.91883850097656,47.96890640258789,6.083709716796875,1.6755414009094238,1.3189321756362915
SB67412_component_732a,229.363054,48.974311,7.611999988555908,19.31979751586914,229.36289978027344,48.97309112548828,9.865696907043457,0.980175256729126,0.7715623378753662
SB67412_component_733a,227.448833,44.594443,8.0,33.19502258300781,227.44842529296875,44.59326171875,10.520477294921875,0.9660224914550781,0.7604217529296875
SB67412_component_736a,232.480374,46.009391,8.057000160217285,21.716981887817383,232.48023986816406,46.00920104980469,10.382549285888672,0.9858301281929016,0.7760136723518372
SB67412_component_737a,227.153474,47.160967,7.86299991607666,29.560150146484375,227.15322875976562,47.15964889526367,4.593122959136963,2.1747679710388184,1.711907148361206
SB67412_component_739a,224.586232,46.688824,8.17300033569336,15.023897171020508,224.5859375,46.687889099121094,4.62382173538208,2.2455005645751953,1.7675855159759521
SB67412_component_749a,229.185265,46.211549,7.184000015258789,28.507936477661133,229.18479919433594,46.21033477783203,9.91762638092041,0.9202191829681396,0.7243669033050537
SB67412_component_751a,227.225211,46.717176,7.163000106811523,29.23673439025879,227.22482299804688,46.71639633178711,7.302719593048096,1.2460718154907227,0.9808674454689026
SB67412_component_753a,230.644812,48.054365,6.96999979019165,31.53845977783203,230.64447021484375,48.05330276489258,8.275890350341797,1.0699186325073242,0.8422054052352905
SB67412_component_754a,230.309614,48.596636,6.919000148773193,24.277193069458008,230.30941772460938,48.59605026245117,4.213654518127441,2.0860135555267334,1.642042636871338
SB67412_component_755a,228.951589,47.389053,7.176000118255615,30.666667938232422,228.95114135742188,47.38800048828125,7.788191795349121,1.1705191135406494,0.9213948845863342
SB67412_component_756a,227.000747,46.858476,8.041999816894531,33.93248748779297,227.00027465820312,46.85768508911133,9.12826156616211,1.1192026138305664,0.8810001611709595
SB67412_component_757a,226.250291,46.310027,7.310999870300293,32.638389587402344,226.24990844726562,46.3094596862793,9.848939895629883,0.9430180788040161,0.7423133850097656
SB67412_component_760a,224.901795,47.248706,6.979000091552734,22.58576202392578,224.9015350341797,47.24770736694336,9.257609367370605,0.9576946496963501,0.7538663148880005
SB67412_component_762a,225.884949,47.640522,6.99399995803833,26.49242401123047,225.88453674316406,47.63959884643555,9.76791763305664,0.9096123576164246,0.716017484664917
SB67412_component_764a,226.545436,44.683552,6.6579999923706055,28.69827651977539,226.54519653320312,44.68282699584961,10.436396598815918,0.8104494214057922,0.6379596590995789
SB67412_component_767a,229.208387,47.542826,6.51200008392334,27.246862411499023,229.20774841308594,47.54129409790039,7.101285457611084,1.1649576425552368,0.9170171022415161
SB67412_component_768a,231.363625,46.31641,6.840000152587891,29.610389709472656,231.36300659179688,46.31504821777344,9.07569408416748,0.9574342966079712,0.7536613941192627
SB67412_component_769a,228.452965,45.248324,7.584000110626221,38.892311096191406,228.45260620117188,45.24732208251953,8.297508239746094,1.1611367464065552,0.9140093326568604
SB67412_component_770a,231.372627,44.601399,6.980999946594238,32.31944274902344,231.3723907470703,44.60047912597656,7.654607772827148,1.158583641052246,0.9119997024536133
SB67412_component_771a,229.090697,45.796474,7.543000221252441,35.748817443847656,229.0906982421875,45.795101165771484,7.837817192077637,1.2225924730300903,0.9623852968215942
SB67412_component_773a,227.312363,46.007242,7.708000183105469,36.358489990234375,227.31185913085938,46.00578689575195,10.141134262084961,0.9655792117118835,0.7600727677345276
SB67412_component_774a,227.054601,48.787318,6.4670000076293945,21.273027420043945,227.0547637939453,48.787166595458984,8.697708129882812,0.9445626139640808,0.743529200553894
SB67412_component_775a,230.910484,44.770732,7.382999897003174,29.414342880249023,230.91029357910156,44.77009963989258,8.781323432922363,1.068084478378296,0.840761661529541
SB67412_component_776a,231.477663,44.403261,6.408999919891357,19.842103958129883,231.47740173339844,44.40214157104492,7.9620537757873535,1.0225813388824463,0.8049430847167969
SB67412_component_777a,226.544781,46.748993,7.708000183105469,30.466405868530273,226.54444885253906,46.74833679199219,9.786745071411133,1.0005439519882202,0.7875958681106567
SB67412_component_780a,224.892021,45.370968,6.538000106811523,12.524904251098633,224.89151000976562,45.36952209472656,8.050257682800293,1.0317342281341553,0.8121479153633118
SB67412_component_781a,231.799449,48.740691,6.968999862670898,23.70408058166504,231.7993621826172,48.73966979980469,8.333208084106445,1.06240713596344,0.836292564868927
SB67412_component_787a,228.980067,46.876072,7.406000137329102,31.248945236206055,228.97930908203125,46.87454605102539,10.04860782623291,0.9362903237342834,0.7370175123214722
SB67412_component_792a,229.474847,45.304299,7.010000228881836,29.957265853881836,229.47447204589844,45.30295944213867,7.8922014236450195,1.1283727884292603,0.8882186412811279
SB67412_component_793a,225.934419,46.905373,6.815000057220459,32.298580169677734,225.93418884277344,46.90462875366211,8.520586013793945,1.0160828828811646,0.7998276352882385
SB67412_component_796a,224.094503,47.918239,7.453999996185303,12.591216087341309,224.0939483642578,47.91749572753906,8.983869552612305,1.0540438890457153,0.8297092914581299
SB67412_component_797a,226.60149,43.892165,6.7210001945495605,12.609756469726562,226.60098266601562,43.89155578613281,6.940642356872559,1.230175256729126,0.9683542251586914
SB67412_component_798a,225.705362,45.563732,6.2729997634887695,24.126922607421875,225.70489501953125,45.562660217285156,6.098762035369873,1.306671142578125,1.0285693407058716
SB67412_component_800a,226.669708,45.516955,6.605000019073486,26.526103973388672,226.66929626464844,45.515995025634766,8.14163589477539,1.030608892440796,0.8112620115280151
SB67412_component_801a,228.662485,46.529885,6.684000015258789,26.736000061035156,228.66201782226562,46.528831481933594,8.48902416229248,1.0002565383911133,0.7873696684837341
SB67412_component_802a,227.808119,49.100197,6.26800012588501,10.25859260559082,227.8077392578125,49.09904861450195,8.977668762207031,0.8869479298591614,0.6981768012046814
SB67412_component_807a,232.308079,46.596905,6.255000114440918,21.947368621826172,232.30776977539062,46.59588623046875,7.725580215454102,1.028558373451233,0.8096479177474976
SB67412_component_813a,226.86491,47.327787,7.0229997634887695,27.433591842651367,226.86428833007812,47.326541900634766,8.015667915344238,1.113052487373352,0.8761590123176575
SB67412_component_816a,226.728403,44.734078,6.49399995803833,34.17894744873047,226.7281951904297,44.73350143432617,7.913677215576172,1.0424773693084717,0.8206046223640442
SB67412_component_817a,229.113107,44.573535,6.281000137329102,28.040178298950195,229.11270141601562,44.572975158691406,8.716270446777344,0.9154419898986816,0.7206063866615295
SB67412_component_818a,231.640086,43.787012,6.691999912261963,10.170212745666504,231.64013671875,43.78609848022461,9.258158683776855,0.9182565808296204,0.7228218913078308
SB67412_component_820a,225.689362,48.449816,6.539000034332275,28.430435180664062,225.68911743164062,48.44856262207031,8.036637306213379,1.03364098072052,0.8136487603187561
SB67412_component_821a,227.558469,46.093688,6.189000129699707,27.87837791442871,227.55812072753906,46.092315673828125,7.5750555992126465,1.0379284620285034,0.8170236945152283
SB67412_component_825a,230.224802,45.322299,6.705999851226807,31.046295166015625,230.22413635253906,45.32142639160156,4.79066276550293,1.7782820463180542,1.399806261062622
SB67412_component_826a,232.629429,46.469611,6.645999908447266,24.079710006713867,232.62889099121094,46.46770095825195,8.145525932312012,1.036510944366455,0.8159080147743225
SB67412_component_828a,224.72625,47.78117,5.9679999351501465,18.767295837402344,224.72564697265625,47.7801399230957,7.757300853729248,0.977351725101471,0.7693397402763367
SB67412_component_832a,227.379404,44.22331,6.005000114440918,21.916059494018555,227.37908935546875,44.222373962402344,8.328344345092773,0.9159823060035706,0.721031665802002
SB67412_component_837a,224.535113,44.540945,6.1529998779296875,15.267990112304688,224.5346221923828,44.54043960571289,7.660958766937256,1.0203202962875366,0.8031631708145142
SB67412_component_838a,227.787341,44.422418,6.447000026702881,28.91031265258789,227.7870330810547,44.42170715332031,6.98735237121582,1.1721352338790894,0.9226670861244202
SB67412_component_840a,227.697149,48.507801,5.956999778747559,25.457263946533203,227.69677734375,48.50690841674805,9.005049705505371,0.8403770327568054,0.6615176796913147
SB67412_component_844a,228.826882,47.345569,6.138999938964844,20.463333129882812,228.82626342773438,47.34463119506836,10.131784439086914,0.769740641117096,0.6059149503707886
SB67412_component_849a,228.574596,45.509641,6.214000225067139,28.63594627380371,228.57435607910156,45.50932312011719,6.2823357582092285,1.256558895111084,0.9891225695610046
SB67412_component_851a,226.816063,46.954858,6.206999778747559,22.736263275146484,226.81561279296875,46.954124450683594,6.113062381744385,1.2898987531661987,1.0153666734695435
SB67412_component_852a,227.304751,48.211207,6.793000221252441,27.281126022338867,227.30422973632812,48.21030044555664,9.344457626342773,0.9235070943832397,0.726954996585846
SB67412_component_854a,232.12309,48.316084,5.960000038146973,22.490568161010742,232.12277221679688,48.31474304199219,5.8889360427856445,1.2857073545455933,1.0120673179626465
SB67412_component_855a,227.150675,48.18958,6.163000106811523,25.258197784423828,227.1506805419922,48.188392639160156,7.729990482330322,1.0128518342971802,0.7972843050956726
SB67412_component_856a,231.052094,45.634032,6.0929999351501465,23.525096893310547,231.05128479003906,45.632965087890625,6.323877811431885,1.2239972352981567,0.9634910821914673
SB67412_component_857a,226.966501,46.635636,6.421999931335449,25.184314727783203,226.96583557128906,46.634368896484375,7.084078788757324,1.151647686958313,0.9065398573875427
SB67412_component_859a,230.607691,46.331196,5.952000141143799,28.075471878051758,230.60687255859375,46.32950973510742,6.523708820343018,1.1590471267700195,0.9123644828796387
SB67412_component_865a,227.460654,46.953192,6.289999961853027,24.474708557128906,227.4603729248047,46.952335357666016,7.467661380767822,1.0700368881225586,0.8422985076904297
SB67412_component_866a,230.68646,47.294169,5.872000217437744,21.91044807434082,230.68576049804688,47.29288101196289,2.7575037479400635,2.7052204608917236,2.129462242126465
SB67412_component_868a,226.630412,46.480515,5.668000221252441,23.815126419067383,226.63018798828125,46.47952651977539,6.94384765625,1.0369609594345093,0.8162621855735779
SB67412_component_871a,230.637623,44.279813,6.486999988555908,23.84926414489746,230.6371307373047,44.279151916503906,5.942216396331787,1.3868457078933716,1.0916801691055298
SB67412_component_872a,227.57344,46.1831,6.395999908447266,26.539419174194336,227.57290649414062,46.18183517456055,8.154729843139648,0.9963951110839844,0.7843300700187683
SB67412_component_874a,227.609246,45.494769,6.4070000648498535,30.07981300354004,227.60865783691406,45.49365997314453,8.187504768371582,0.9941132664680481,0.7825338840484619
SB67412_component_876a,232.578746,47.029684,5.563000202178955,20.083032608032227,232.57867431640625,47.028228759765625,7.024621486663818,1.0060484409332275,0.7919288277626038
SB67412_component_887a,233.048683,48.341644,5.991000175476074,17.777448654174805,233.0482635498047,48.340248107910156,6.779325008392334,1.1226531267166138,0.883716344833374
SB67412_component_888a,228.230157,45.294292,5.828000068664551,26.733945846557617,228.22982788085938,45.29348373413086,6.2267231941223145,1.1890296936035156,0.9359658360481262
SB67412_component_890a,226.519793,46.020714,5.736000061035156,25.607141494750977,226.51943969726562,46.01973342895508,6.547474384307861,1.1129305362701416,0.8760629892349243
SB67412_component_891a,229.031831,44.481364,5.428999900817871,24.67727279663086,229.031494140625,44.48009490966797,7.4767656326293945,0.9224414229393005,0.7261161208152771
SB67412_component_893a,226.522418,47.961679,5.40500020980835,21.19607925415039,226.5218963623047,47.96049499511719,5.987046241760254,1.1468743085861206,0.9027824401855469
SB67412_component_895a,230.538261,48.594921,5.823999881744385,22.060606002807617,230.53829956054688,48.59436798095703,6.655794620513916,1.1116143465042114,0.8750270009040833
SB67412_component_898a,227.551598,45.030396,5.877999782562256,24.801687240600586,227.55149841308594,45.02964401245117,6.152912139892578,1.2136168479919434,0.9553199410438538
SB67412_component_901a,226.51053,44.114687,5.676000118255615,16.548105239868164,226.51039123535156,44.11415481567383,5.967898845672607,1.20824134349823,0.951088547706604
SB67412_component_902a,229.570063,47.015427,5.438000202178955,23.74672508239746,229.56935119628906,47.0145149230957,5.1381306648254395,1.3445186614990234,1.0583616495132446
SB67412_component_903a,227.008975,45.320069,5.692999839782715,24.64501953125,227.0084686279297,45.31901168823242,7.563797950744629,0.9561675190925598,0.7526642084121704
SB67412_component_907a,225.099384,48.831054,5.078999996185303,12.761306762695312,225.09878540039062,48.8310432434082,7.462823390960693,0.8645851612091064,0.6805735230445862
SB67412_component_911a,227.586907,49.096768,5.525000095367432,10.604605674743652,227.5861358642578,49.09414291381836,6.747067928314209,1.0402791500091553,0.8188742399215698
SB67412_component_912a,230.337464,48.095274,5.258999824523926,23.79637908935547,230.33717346191406,48.09410858154297,7.291064262390137,0.9163153171539307,0.7212938666343689
SB67412_component_913a,228.526356,45.501219,5.484000205993652,25.506977081298828,228.525634765625,45.50027084350586,5.707108974456787,1.2207142114639282,0.9609068632125854
SB67412_component_914a,230.315473,45.888836,6.136000156402588,27.515695571899414,230.31495666503906,45.88746643066406,8.136224746704102,0.958065390586853,0.7541581392288208
SB67412_component_915a,226.731799,46.916799,5.547999858856201,24.017314910888672,226.73202514648438,46.916297912597656,9.107122421264648,0.7739055752754211,0.6091935038566589
SB67412_component_916a,227.73964,46.255739,5.993000030517578,27.617511749267578,227.73907470703125,46.25474166870117,6.96522855758667,1.093053936958313,0.860416829586029
SB67412_component_917a,226.181447,47.808992,5.964000225067139,24.85000228881836,226.1810302734375,47.807926177978516,5.954714298248291,1.2723584175109863,1.0015593767166138
SB67412_component_918a,227.005383,44.139797,5.434999942779541,16.321321487426758,227.0050506591797,44.138824462890625,8.302165985107422,0.8316504955291748,0.6546484231948853
SB67412_component_919a,224.88326,47.111127,5.568999767303467,15.426591873168945,224.88250732421875,47.11082458496094,6.603420734405518,1.0713735818862915,0.8433507680892944
SB67412_component_920a,231.476417,46.090417,5.545000076293945,26.404762268066406,231.47604370117188,46.08927917480469,6.531842231750488,1.0784465074539185,0.8489182591438293
SB67412_component_922a,226.793549,46.21486,5.686999797821045,25.502241134643555,226.7932586669922,46.21280288696289,7.35978364944458,0.9816369414329529,0.7727128863334656
SB67412_component_923a,231.754179,44.92221,5.684000015258789,22.55555534362793,231.7538299560547,44.920597076416016,6.697268009185791,1.0781745910644531,0.8487042784690857
SB67412_component_926a,233.290637,48.777191,5.123000144958496,10.104536056518555,233.29022216796875,48.77570724487305,6.1316142082214355,1.0614078044891357,0.8355059623718262
SB67412_component_934a,229.643211,48.97795,5.939000129699707,14.592137336730957,229.64292907714844,48.97658157348633,8.453219413757324,0.892532229423523,0.7025725841522217
SB67412_component_936a,225.697556,44.576068,5.548999786376953,17.671974182128906,225.69744873046875,44.575286865234375,4.955915451049805,1.4224059581756592,1.1196720600128174
SB67412_component_939a,225.136208,44.161382,5.465000152587891,16.510574340820312,225.1356964111328,44.16056442260742,5.997459888458252,1.1575920581817627,0.9112191200256348
SB67412_component_941a,232.309873,46.761502,5.4770002365112305,21.99598503112793,232.3092803955078,46.76051712036133,7.114631175994873,0.9779645204544067,0.7698220610618591
SB67412_component_942a,225.034221,46.626394,5.747000217437744,17.415151596069336,225.03343200683594,46.62542724609375,8.292320251464844,0.8804361820220947,0.6930509209632874
SB67412_component_944a,229.146344,47.890624,6.065000057220459,26.25541114807129,229.14581298828125,47.88919448852539,3.052020311355591,2.5245041847229004,1.9872082471847534
SB67412_component_946a,228.066308,48.110623,4.954999923706055,20.99576187133789,228.06576538085938,48.10933303833008,6.112438678741455,1.0298212766647339,0.8106420636177063
SB67412_component_949a,229.209807,48.833818,4.929999828338623,13.926552772521973,229.20933532714844,48.833168029785156,8.797245025634766,0.7119228839874268,0.5604026913642883
SB67412_component_954a,224.606287,44.195939,5.229000091552734,13.511628150939941,224.6058349609375,44.195377349853516,5.836711883544922,1.1381069421768188,0.8958811163902283
SB67412_component_957a,229.071072,48.098454,5.249000072479248,21.78008270263672,229.0701446533203,48.09657287597656,2.626793384552002,2.538536310195923,1.9982538223266602
SB67412_component_964a,228.681809,44.612102,5.48799991607666,24.720720291137695,228.68173217773438,44.6113166809082,6.91753625869751,1.0078487396240234,0.7933460474014282
SB67412_component_965a,225.654607,44.763055,5.181000232696533,17.155630111694336,225.65419006347656,44.762569427490234,6.847649574279785,0.9611801505088806,0.7566100358963013
SB67412_component_967a,227.489678,45.19286,5.570000171661377,23.702129364013672,227.4893798828125,45.19258499145508,4.449299335479736,1.5903631448745728,1.251882553100586
SB67412_component_969a,227.108086,48.634538,5.705999851226807,20.525178909301758,227.10787963867188,48.633018493652344,8.486143112182617,0.8541892766952515,0.6723902225494385
SB67412_component_972a,233.016253,48.427666,5.25,18.292682647705078,233.01512145996094,48.4261474609375,7.047762393951416,0.9463260173797607,0.7449172735214233
SB67412_component_974a,230.703328,47.050895,5.551000118255615,28.76165771484375,230.70301818847656,47.050048828125,4.263560771942139,1.6539846658706665,1.301963448524475
SB67412_component_975a,226.031087,45.185074,4.849999904632568,20.550846099853516,226.03094482421875,45.184879302978516,6.765344142913818,0.9107193350791931,0.7168888449668884
SB67412_component_978a,229.728376,48.68858,4.86299991607666,20.012344360351562,229.72813415527344,48.68708038330078,6.453107833862305,0.957344114780426,0.7535903453826904
SB67412_component_984a,225.828119,46.064098,5.504000186920166,22.10441780090332,225.82766723632812,46.062679290771484,6.1480326652526855,1.13729989528656,0.8952457904815674
SB67412_component_994a,232.839658,47.024753,5.672999858856201,17.728124618530273,232.83958435058594,47.02370071411133,7.083360195159912,1.017433762550354,0.8008910417556763
SB67412_component_999a,233.284833,48.718028,5.860000133514404,13.409610748291016,233.28451538085938,48.716922760009766,7.286840438842773,1.021623969078064,0.8041894435882568
SB67412_component_1000a,229.979106,45.383576,5.388000011444092,25.177570343017578,229.9786834716797,45.382728576660156,3.9302754402160645,1.7415554523468018,1.370896339416504
SB67412_component_1002a,232.190169,48.496758,5.203000068664551,20.40392303466797,232.18994140625,48.49607849121094,6.113332271575928,1.0812063217163086,0.851090669631958
SB67412_component_1014a,231.177667,45.349193,5.0879998207092285,24.0,231.17718505859375,45.348388671875,7.383249282836914,0.8754518628120422,0.6891274452209473
SB67412_component_1021a,225.508828,47.902351,5.057000160217285,17.743860244750977,225.5083770751953,47.90177917480469,5.913705348968506,1.0863405466079712,0.8551322221755981
SB67412_component_1024a,225.658259,45.788586,4.561999797821045,18.103174209594727,225.65792846679688,45.78781509399414,6.740450382232666,0.8598032593727112,0.6768093705177307
SB67412_component_1025a,224.859981,44.682303,5.593999862670898,15.28415298461914,224.85955810546875,44.68164825439453,7.338642120361328,0.9683657884597778,0.7622663378715515
SB67412_component_1028a,225.272107,48.938737,4.794000148773193,10.77303409576416,225.27188110351562,48.938350677490234,3.4505763053894043,1.7649773359298706,1.3893331289291382
SB67412_component_1030a,230.291915,44.034077,4.909999847412109,12.244388580322266,230.2918701171875,44.03414535522461,6.068446636199951,1.0278663635253906,0.80910325050354
SB67412_component_1031a,226.257436,45.776429,4.877999782562256,18.9069766998291,226.2572021484375,45.775638580322266,6.527494430541992,0.9493535161018372,0.7473005056381226
SB67412_component_1032a,229.302606,47.327283,4.629000186920166,18.817073822021484,229.30197143554688,47.326263427734375,5.520260810852051,1.0652714967727661,0.8385473489761353
SB67412_component_1039a,224.60598,45.87132,4.915999889373779,15.126153945922852,224.60562133789062,45.8704833984375,7.218442916870117,0.8651691675186157,0.6810333132743835
SB67412_component_1041a,227.242929,47.425005,4.888999938964844,11.239080429077148,227.24261474609375,47.42417526245117,5.915830612182617,1.0498735904693604,0.82642662525177
SB67412_component_1044a,229.068599,46.423455,4.580999851226807,20.004365921020508,229.06768798828125,46.42235565185547,4.01625919342041,1.4490095376968384,1.1406135559082031
SB67412_component_1045a,227.260242,44.264176,5.013000011444092,16.709999084472656,227.2602081298828,44.264129638671875,6.093265533447266,1.045154094696045,0.8227115869522095
SB67412_component_1051a,232.215127,47.71733,4.614999771118164,17.887596130371094,232.2146453857422,47.715938568115234,5.355452537536621,1.0947329998016357,0.8617385029792786
SB67412_component_1053a,229.352942,43.971982,4.89300012588501,10.366525650024414,229.35205078125,43.97090530395508,2.793271780014038,2.2253317832946777,1.7517093420028687
SB67412_component_1056a,227.346244,46.045001,4.915999889373779,22.550458908081055,227.34547424316406,46.04385757446289,6.289382457733154,0.9929710030555725,0.7816347479820251
SB67412_component_1057a,229.481425,46.089601,4.723999977111816,20.45021629333496,229.48104858398438,46.088714599609375,7.002176284790039,0.857056736946106,0.6746473908424377
SB67412_component_1061a,227.700048,44.181885,4.823999881744385,17.22857093811035,227.70028686523438,44.18162536621094,5.346037864685059,1.1463255882263184,0.9023504853248596
SB67412_component_1063a,224.671311,44.317067,4.545000076293945,12.555249214172363,224.67098999023438,44.31626510620117,4.761455535888672,1.2126260995864868,0.9545400738716125
SB67412_component_1064a,225.744644,47.524575,4.814000129699707,19.33333396911621,225.74435424804688,47.522972106933594,5.81996488571167,1.0507961511611938,0.8271527886390686
SB67412_component_1066a,230.951503,48.736017,4.110000133514404,13.006328582763672,230.95172119140625,48.735294342041016,6.172192096710205,0.845931351184845,0.6658898591995239
SB67412_component_1069a,229.863938,45.586351,4.840000152587891,21.801801681518555,229.86334228515625,45.58489990234375,7.369563102722168,0.8343271017074585,0.6567553877830505
SB67412_component_1070a,226.69469,46.10235,4.961999893188477,22.45248794555664,226.69395446777344,46.10111618041992,6.759951114654541,0.9324937462806702,0.7340289354324341
SB67412_component_1071a,231.578275,45.986673,4.468999862670898,20.883176803588867,231.5776824951172,45.98542022705078,7.0895280838012695,0.8008030652999878,0.630366325378418
SB67412_component_1080a,226.489569,46.432289,4.614999771118164,19.22916603088379,226.48907470703125,46.43111801147461,7.267253875732422,0.8067408800125122,0.6350404024124146
SB67412_component_1084a,230.696034,44.385637,4.498000144958496,17.1026611328125,230.69546508789062,44.38457489013672,5.297079563140869,1.0787372589111328,0.8491472005844116
SB67412_component_1090a,231.620721,47.419804,4.745999813079834,19.69294548034668,231.6201934814453,47.41911697387695,2.7385947704315186,2.201570987701416,1.7330055236816406
SB67412_component_1092a,231.985588,46.449035,4.551000118255615,17.370229721069336,231.98489379882812,46.44742202758789,5.741342067718506,1.0069923400878906,0.792671799659729
SB67412_component_1093a,227.345419,46.11147,4.51200008392334,20.416290283203125,227.34487915039062,46.1108512878418,6.026409149169922,0.9511372447013855,0.7487045526504517
SB67412_component_1098a,226.17422,45.901512,4.703999996185303,18.66666603088379,226.1739959716797,45.900672912597656,7.3371405601501465,0.8144664168357849,0.6411216855049133
SB67412_component_1099a,231.507591,47.730789,4.9029998779296875,19.770160675048828,231.5070343017578,47.72955322265625,6.232186794281006,0.9994339942932129,0.7867222428321838
SB67412_component_1103a,228.274438,45.438263,4.156000137329102,17.610170364379883,228.27383422851562,45.4371452331543,3.9041597843170166,1.3523237705230713,1.064505696296692
SB67412_component_1105a,229.726145,44.156189,4.708000183105469,12.52127742767334,229.72547912597656,44.155582427978516,5.334770679473877,1.1211234331130981,0.8825122117996216
SB67412_component_1106a,232.269351,48.569042,4.5229997634887695,15.982331275939941,232.26910400390625,48.56766891479492,3.7606728076934814,1.5278958082199097,1.2027102708816528
SB67412_component_1107a,229.440732,44.328212,4.790999889373779,17.110713958740234,229.44068908691406,44.327430725097656,4.552064418792725,1.3370587825775146,1.0524895191192627
SB67412_component_1110a,228.958775,45.464032,4.239999771118164,18.844444274902344,228.958251953125,45.46326446533203,3.490476131439209,1.54317045211792,1.2147339582443237
SB67412_component_1112a,230.164028,46.784279,4.077000141143799,18.20089340209961,230.16310119628906,46.782386779785156,5.588065147399902,0.9268553853034973,0.729590654373169
SB67412_component_1114a,225.862772,45.919362,3.690999984741211,15.978354454040527,225.8623809814453,45.918548583984375,4.906607627868652,0.9556424021720886,0.7522509098052979
SB67412_component_1117a,225.336546,44.430338,4.4730000495910645,17.203847885131836,225.336181640625,44.42897415161133,6.041608810424805,0.9405437707901001,0.740365743637085
SB67412_component_1120a,228.236781,44.080896,4.870999813079834,12.954787254333496,228.2369842529297,44.07955551147461,4.100366592407227,1.5091352462768555,1.1879425048828125
SB67412_component_1124a,230.335623,46.57853,4.433000087738037,18.783899307250977,230.33485412597656,46.57694625854492,4.881608486175537,1.1536325216293335,0.9081023335456848
SB67412_component_1127a,232.996555,48.600087,4.742000102996826,16.02027130126953,232.99606323242188,48.598758697509766,6.251101016998291,0.9636909365653992,0.7585864067077637
SB67412_component_1132a,231.222382,44.093944,4.461999893188477,12.191256523132324,231.2223358154297,44.092567443847656,4.845205783843994,1.1699035167694092,0.9209102988243103
SB67412_component_1133a,231.561364,47.802759,4.196000099182129,17.338844299316406,231.5612030029297,47.80188751220703,4.330428123474121,1.2309414148330688,0.9689573645591736
SB67412_component_1137a,229.158541,48.885727,3.8529999256134033,12.429032325744629,229.15841674804688,48.88481903076172,5.060937404632568,0.9671654105186462,0.7613213658332825
SB67412_component_1146a,230.35719,45.636545,4.250999927520752,17.280487060546875,230.35690307617188,45.63587188720703,2.424673080444336,2.2272584438323975,1.7532260417938232
SB67412_component_1148a,227.852827,45.182668,3.765000104904175,19.307693481445312,227.85211181640625,45.181941986083984,5.778425693511963,0.8277290463447571,0.6515615582466125
SB67412_component_1149a,230.701758,44.673058,4.5929999351501465,17.011110305786133,230.700927734375,44.671390533447266,5.082180500030518,1.148098349571228,0.9037459492683411
SB67412_component_1150a,225.637464,44.250676,3.8399999141693115,13.812949180603027,225.63699340820312,44.249874114990234,3.685389280319214,1.3236725330352783,1.04195237159729
SB67412_component_1152a,226.957235,46.492032,4.033999919891357,17.46320343017578,226.95712280273438,46.49232482910156,3.162827730178833,1.6202911138534546,1.2754409313201904
SB67412_component_1154a,226.362438,45.92365,4.076000213623047,19.50239372253418,226.36224365234375,45.92350387573242,6.032042026519775,0.8584253787994385,0.6757247447967529
SB67412_component_1156a,230.128743,45.682911,3.98799991607666,16.686193466186523,230.1287078857422,45.681983947753906,4.985097885131836,1.0162818431854248,0.7999842762947083
SB67412_component_1157a,230.316601,46.110254,4.033999919891357,17.615720748901367,230.31564331054688,46.108558654785156,5.288496971130371,0.9690279960632324,0.7627875804901123
SB67412_component_1158a,229.759837,47.027894,4.434999942779541,19.282608032226562,229.759033203125,47.02696228027344,5.791291236877441,0.9728612899780273,0.7658050060272217
SB67412_component_1161a,229.902352,44.971358,4.534999847412109,19.717390060424805,229.9021759033203,44.97014617919922,3.5461137294769287,1.624640703201294,1.2788647413253784
SB67412_component_1164a,231.255693,45.255722,4.51200008392334,17.35384750366211,231.25531005859375,45.25529479980469,5.287628173828125,1.0840290784835815,0.8533126711845398
SB67412_component_1165a,229.441478,46.540108,3.9579999446868896,16.5606689453125,229.44058227539062,46.53770446777344,5.715769290924072,0.8796984553337097,0.6924701929092407
SB67412_component_1167a,233.066614,48.026572,3.757999897003174,10.798851013183594,233.066162109375,48.024906158447266,3.4770538806915283,1.3730238676071167,1.0808000564575195
SB67412_component_1168a,230.273315,48.584715,4.479000091552734,16.965909957885742,230.27328491210938,48.58341979980469,5.696200370788574,0.9989149570465088,0.7863136529922485
SB67412_component_1170a,230.158265,47.807695,3.7839999198913574,16.743362426757812,230.15792846679688,47.806270599365234,5.043381690979004,0.9531516432762146,0.7502902150154114
SB67412_component_1174a,231.711929,45.806073,4.177999973297119,17.931331634521484,231.7120361328125,45.806453704833984,3.388681411743164,1.5662835836410522,1.232927918434143
SB67412_component_1175a,229.380778,44.971679,4.515999794006348,17.99203109741211,229.38063049316406,44.9713249206543,3.4901607036590576,1.6437705755233765,1.2939231395721436
SB67412_component_1176a,231.518344,45.698148,3.615000009536743,13.903846740722656,231.51724243164062,45.69770050048828,2.5495216846466064,1.8012844324111938,1.4179130792617798
SB67412_component_1177a,228.072577,45.214465,4.133999824523926,19.685714721679688,228.07208251953125,45.21317672729492,4.381902694702148,1.1985065937042236,0.9434257745742798
SB67412_component_1178a,227.356878,45.468493,4.508999824523926,19.435344696044922,227.35679626464844,45.467369079589844,6.228610038757324,0.9196483492851257,0.7239174842834473
SB67412_component_1183a,225.813334,44.729722,3.9630000591278076,14.306859016418457,225.81283569335938,44.72779083251953,4.6115403175354,1.0917187929153442,0.8593658208847046
SB67412_component_1185a,228.13534,46.624916,3.9519999027252197,17.108224868774414,228.13491821289062,46.623897552490234,3.185736894607544,1.5759402513504028,1.2405292987823486
SB67412_component_1192a,225.003716,47.772638,3.9779999256134033,14.056537628173828,225.00311279296875,47.77118682861328,5.476944923400879,0.9226969480514526,0.726317286491394
SB67412_component_1194a,228.309449,45.383804,3.882999897003174,19.22277069091797,228.3088836669922,45.38157272338867,3.022016763687134,1.632312297821045,1.2849035263061523
SB67412_component_1195a,230.070887,47.391572,4.269999980926514,18.40517234802246,230.07003784179688,47.38986587524414,3.0552687644958496,1.7754610776901245,1.3975857496261597
SB67412_component_1199a,226.171797,48.397897,4.357999801635742,19.030567169189453,226.17189025878906,48.396636962890625,3.2169532775878906,1.7209774255752563,1.3546979427337646
SB67412_component_1201a,231.414538,47.441702,3.885999917984009,17.66363525390625,231.41372680664062,47.439918518066406,5.784691333770752,0.853405237197876,0.6717730760574341
SB67412_component_1202a,226.660972,45.619014,3.934000015258789,15.072796821594238,226.66017150878906,45.61800003051758,4.43951940536499,1.1257219314575195,0.8861319422721863
SB67412_component_1206a,231.943067,47.929849,3.9739999771118164,15.463034629821777,231.94235229492188,47.92852020263672,4.3466362953186035,1.1614680290222168,0.9142701625823975
SB67412_component_1207a,232.402488,45.604688,4.165999889373779,15.372693061828613,232.4022674560547,45.6031494140625,5.049715518951416,1.0480573177337646,0.8249969482421875
SB67412_component_1209a,232.180129,45.101746,3.808000087738037,12.778523445129395,232.17965698242188,45.10095977783203,5.550875663757324,0.8715015649795532,0.6860179305076599
SB67412_component_1210a,232.973037,47.921895,4.4039998054504395,10.51073932647705,232.97299194335938,47.920021057128906,4.766326427459717,1.1738057136535645,0.9239820241928101
SB67412_component_1214a,225.43656,47.822117,4.201000213623047,15.675373077392578,225.43589782714844,47.82111358642578,5.183867931365967,1.0295121669769287,0.8103987574577332
SB67412_component_1217a,225.593116,46.698896,3.9639999866485596,14.73606014251709,225.5929718017578,46.69860076904297,6.004636287689209,0.8386479020118713,0.6601565480232239
SB67412_component_1225a,231.217048,47.53376,4.059999942779541,16.239999771118164,231.2168426513672,47.53274917602539,3.908484697341919,1.319624423980713,1.0387656688690186
SB67412_component_1228a,231.439575,47.902984,4.133999824523926,16.9426212310791,231.43910217285156,47.90225601196289,5.524044036865234,0.9507055878639221,0.7483647465705872
SB67412_component_1234a,229.390447,44.997688,3.759999990463257,16.137338638305664,229.3905029296875,44.99709701538086,4.615762233734131,1.0348494052886963,0.8145999908447266
SB67412_component_1238a,225.956994,44.447433,3.5390000343322754,14.745833396911621,225.9565887451172,44.4461669921875,4.789412975311279,0.9387090802192688,0.7389214634895325
SB67412_component_1239a,232.916067,47.119861,3.921999931335449,12.142414093017578,232.9158935546875,47.11848449707031,3.393655776977539,1.4681570529937744,1.1556857824325562
SB67412_component_1240a,230.743535,45.291817,4.084000110626221,16.94605827331543,230.7430419921875,45.290626525878906,3.6486151218414307,1.421970009803772,1.1193288564682007
SB67412_component_1246a,227.180525,48.667402,4.311999797821045,16.521072387695312,227.18092346191406,48.66743469238281,4.253486156463623,1.2878533601760864,1.0137566328048706
SB67412_component_1249a,231.006914,45.728647,3.739000082015991,15.710083961486816,231.0062713623047,45.7265510559082,4.651843547821045,1.021087884902954,0.8037673830986023
SB67412_component_1250a,225.363329,44.34309,3.9820001125335693,14.639705657958984,225.36326599121094,44.342166900634766,4.731273174285889,1.06919264793396,0.8416339755058289
SB67412_component_1252a,225.444688,46.225661,3.4549999237060547,14.516805648803711,225.4445343017578,46.22446823120117,4.046727180480957,1.084618091583252,0.8537763357162476
SB67412_component_1254a,230.31551,44.620107,4.0879998207092285,17.77391242980957,230.31483459472656,44.618736267089844,5.081937789916992,1.0219136476516724,0.8044175505638123
SB67412_component_1256a,229.313852,46.66165,3.6510000228881836,14.374015808105469,229.3131561279297,46.66093826293945,7.184237480163574,0.6456004977226257,0.5081958770751953
SB67412_component_1258a,225.713607,44.743219,3.634000062942505,13.459259033203125,225.71292114257812,44.74334716796875,4.6695098876953125,0.988658607006073,0.7782401442527771
SB67412_component_1261a,230.176173,45.855564,3.5239999294281006,15.255410194396973,230.175537109375,45.854209899902344,3.879160165786743,1.1540666818618774,0.9084440469741821
SB67412_component_1262a,230.054351,46.186749,3.552999973297119,13.665385246276855,230.05361938476562,46.18583297729492,5.293922424316406,0.8526098728179932,0.6711469888687134
SB67412_component_1263a,231.317645,44.290542,3.265000104904175,10.532258033752441,231.31747436523438,44.28880310058594,3.508235216140747,1.1822987794876099,0.9306674003601074
SB67412_component_1269a,227.205908,48.352832,3.4070000648498535,13.25680923461914,227.20587158203125,48.35215759277344,4.21818208694458,1.0260759592056274,0.8076939582824707
SB67412_component_1271a,228.248655,47.924462,3.186000108718872,13.852173805236816,228.2483673095703,47.92292022705078,4.625972270965576,0.8749343752861023,0.6887201070785522
SB67412_component_1272a,225.370326,47.6931,3.7219998836517334,16.324560165405273,225.37022399902344,47.6920280456543,6.418890953063965,0.7366294264793396,0.5798509120941162
SB67412_component_1274a,232.106955,48.610243,3.638000011444092,10.924924850463867,232.10646057128906,48.60837173461914,3.1203384399414062,1.4811317920684814,1.1658991575241089
SB67412_component_1276a,229.747297,45.172225,3.5859999656677246,15.390558242797852,229.74697875976562,45.1712532043457,4.045070171356201,1.1262036561965942,0.8865112066268921
SB67412_component_1279a,230.823224,46.315089,3.7639999389648438,14.877470970153809,230.82261657714844,46.313507080078125,5.448861122131348,0.8775594830513,0.6907865405082703
SB67412_component_1281a,232.220584,45.641988,3.809999942779541,11.272189140319824,232.21994018554688,45.64178466796875,2.9643871784210205,1.6327615976333618,1.2852572202682495
SB67412_component_1287a,226.86368,46.553989,3.5360000133514404,13.547892570495605,226.8636016845703,46.552913665771484,3.903153657913208,1.1508780717849731,0.9059340953826904
SB67412_component_1296a,231.673802,45.490032,3.4749999046325684,13.574217796325684,231.67324829101562,45.4887809753418,3.5260791778564453,1.2519744634628296,0.9855138659477234
SB67412_component_1299a,227.698889,44.116486,3.7009999752044678,12.85069465637207,227.6987762451172,44.11565399169922,4.143761157989502,1.1346373558044434,0.8931499123573303
SB67412_component_1300a,226.184562,46.859885,3.4179999828338623,16.046947479248047,226.18394470214844,46.8592414855957,5.376245021820068,0.8076546788215637,0.635759711265564
SB67412_component_1305a,227.796191,45.620819,3.4609999656677246,15.660633087158203,227.7952423095703,45.619300842285156,3.6505987644195557,1.204398512840271,0.9480636715888977
SB67412_component_1310a,229.170104,46.595486,3.671999931335449,17.320755004882812,229.16970825195312,46.594173431396484,4.651428699493408,1.0028800964355469,0.7894348502159119
SB67412_component_1314a,229.263839,47.19422,3.7009999752044678,16.522321701049805,229.2634735107422,47.192508697509766,5.211811542510986,0.9021174311637878,0.710117757320404
SB67412_component_1315a,230.408426,47.411899,3.250999927520752,15.191588401794434,230.4083251953125,47.41079330444336,4.548923492431641,0.9079063534736633,0.7146745920181274
SB67412_component_1318a,224.725144,44.550269,3.7820000648498535,12.52318000793457,224.7245635986328,44.55051803588867,3.977998733520508,1.2077850103378296,0.9507293105125427
SB67412_component_1319a,227.771575,44.68277,3.255000114440918,14.213973999023438,227.77134704589844,44.68162536621094,5.191312313079834,0.7965381741523743,0.6270090937614441
SB67412_component_1323a,229.628346,44.733068,3.4149999618530273,12.02464771270752,229.6283416748047,44.7317008972168,3.85137677192688,1.1264382600784302,0.886695921421051
SB67412_component_1327a,231.482447,46.24183,2.9760000705718994,13.466063499450684,231.4822540283203,46.24067306518555,5.770064830780029,0.6552166938781738,0.5157654285430908
SB67412_component_1336a,226.018841,44.887178,3.4660000801086426,12.034723281860352,226.01919555664062,44.88629913330078,6.084598064422607,0.7236513495445251,0.5696350336074829
SB67412_component_1338a,230.014111,48.766268,3.740999937057495,12.346534729003906,230.01393127441406,48.764801025390625,4.458417892456055,1.065956950187683,0.8390868902206421
SB67412_component_1341a,225.515081,47.101007,3.61899995803833,15.666666030883789,225.5148468017578,47.09981918334961,3.790837049484253,1.2127916812896729,0.9546704292297363
SB67412_component_1347a,225.527018,45.999423,3.071000099182129,13.123931884765625,225.52671813964844,45.998504638671875,3.409351348876953,1.1443023681640625,0.900757908821106
SB67412_component_1348a,226.80834,48.620919,3.364000082015991,13.456000328063965,226.80812072753906,48.619625091552734,4.825107097625732,0.8856900334358215,0.6971865892410278
SB67412_component_1350a,231.73414,47.900301,3.0910000801086426,10.695502281188965,231.7340545654297,47.89854431152344,4.313758373260498,0.9102819561958313,0.7165445685386658
SB67412_component_1355a,231.59634,44.901477,3.7160000801086426,14.515625,231.59632873535156,44.900516510009766,5.400052070617676,0.874199390411377,0.6881415247917175
SB67412_component_1357a,230.851516,46.332654,3.322000026702881,13.182539939880371,230.8507537841797,46.33091354370117,4.639226913452148,0.9096760153770447,0.7160676121711731
SB67412_component_1359a,231.054826,47.957072,3.134999990463257,14.787735939025879,231.05453491210938,47.95557403564453,3.2044103145599365,1.2428597211837769,0.9783391356468201
SB67412_component_1360a,226.270023,45.596138,3.2039999961853027,13.634042739868164,226.2691650390625,45.59419631958008,4.629324913024902,0.8792402744293213,0.6921095252037048
SB67412_component_1376a,227.201092,45.239103,3.257999897003174,15.224298477172852,227.20144653320312,45.237815856933594,4.041794300079346,1.0240226984024048,0.8060775995254517
SB67412_component_1378a,228.299298,45.210623,3.2219998836517334,16.608245849609375,228.2982635498047,45.209434509277344,3.279151678085327,1.248236060142517,0.9825711846351624
SB67412_component_1379a,231.967021,45.013354,3.2720000743865967,13.576764106750488,231.96658325195312,45.01155471801758,4.234683990478516,0.9815784096717834,0.772666871547699
SB67412_component_1380a,227.87857,47.863054,2.928999900817871,11.955101013183594,227.87814331054688,47.861087799072266,4.322558403015137,0.8608177304267883,0.6776079535484314
SB67412_component_1381a,231.680192,46.602058,3.4000000953674316,14.71861457824707,231.67953491210938,46.60033416748047,4.930506229400635,0.876032292842865,0.6895843744277954
SB67412_component_1382a,230.102444,46.102146,3.1480000019073486,13.008264541625977,230.10231018066406,46.10126876831055,4.754969596862793,0.8410459160804749,0.6620441675186157
SB67412_component_1384a,230.511001,45.479192,3.2660000324249268,14.32456111907959,230.51040649414062,45.47804641723633,3.311793327331543,1.252811312675476,0.9861726760864258
SB67412_component_1385a,227.183703,47.200262,3.444000005722046,11.557046890258789,227.18284606933594,47.19812774658203,5.462446689605713,0.8009559512138367,0.6304867267608643
SB67412_component_1393a,228.966755,44.655712,3.433000087738037,15.463964462280273,228.96728515625,44.65520477294922,3.966141939163208,1.0996088981628418,0.8655766844749451
SB67412_component_1396a,225.68896,46.058554,3.2200000286102295,14.185022354125977,225.6886444091797,46.057029724121094,4.666988849639893,0.8764998316764832,0.6899523735046387
SB67412_component_1400a,229.892994,48.500332,3.1640000343322754,14.716279029846191,229.89218139648438,48.498573303222656,4.206735134124756,0.9554853439331055,0.7521272301673889
SB67412_component_1402a,228.976616,45.199497,3.2119998931884766,15.822660446166992,228.97637939453125,45.198848724365234,4.0656890869140625,1.0036309957504272,0.7900259494781494
SB67412_component_1407a,229.053477,47.77641,2.6480000019073486,11.563318252563477,229.05288696289062,47.77381134033203,4.1088151931762695,0.8187174797058105,0.6444680094718933
SB67412_component_1413a,225.827613,47.866725,3.385999917984009,13.87704849243164,225.8269500732422,47.865970611572266,3.6222054958343506,1.1875354051589966,0.9347895979881287
SB67412_component_1416a,228.044391,45.767337,2.759999990463257,10.337079048156738,228.0436553955078,45.76591873168945,3.2951362133026123,1.06406569480896,0.8375981450080872
SB67412_component_1417a,228.076236,46.20214,3.132999897003174,13.0,228.07559204101562,46.20085906982422,4.039196491241455,0.9853672385215759,0.7756493091583252
SB67412_component_1420a,225.584663,48.195665,2.999000072479248,10.131756782531738,225.5848388671875,48.19575881958008,3.4582560062408447,1.1016713380813599,0.8672001361846924
SB67412_component_1421a,226.860598,48.668535,3.3010001182556152,12.794574737548828,226.86009216308594,48.668235778808594,4.504983901977539,0.9308614134788513,0.732744038105011
SB67412_component_1422a,229.220467,44.920506,3.3489999771118164,12.222628593444824,229.2201385498047,44.919586181640625,4.249523162841797,1.0011695623397827,0.7880884408950806
SB67412_component_1426a,228.661102,44.663583,3.0789999961853027,14.802884101867676,228.66098022460938,44.66212463378906,3.2186601161956787,1.2152546644210815,0.9566092491149902
SB67412_component_1428a,227.271727,46.673942,2.9010000228881836,11.69758129119873,227.27174377441406,46.67290115356445,4.246066093444824,0.8679479956626892,0.683220624923706
SB67412_component_1431a,230.403461,47.203937,3.240999937057495,14.866972923278809,230.40296936035156,47.201656341552734,4.5836405754089355,0.8982582092285156,0.7070798873901367
SB67412_component_1433a,227.220968,48.248434,3.3350000381469727,13.895833969116211,227.22042846679688,48.24785614013672,4.504369735717773,0.9405773282051086,0.7403921484947205
SB67412_component_1436a,227.929138,45.849025,3.0,10.98901081085205,227.92872619628906,45.84854507446289,3.3399009704589844,1.1410913467407227,0.898230254650116
SB67412_component_1437a,225.717429,46.276441,3.1679999828338623,13.77391242980957,225.71656799316406,46.275047302246094,4.567917823791504,0.8810480833053589,0.6935325860977173
SB67412_component_1438a,225.773477,45.625004,3.0989999771118164,10.613014221191406,225.7726593017578,45.625179290771484,3.416994571685791,1.15215265750885,0.9069373607635498
SB67412_component_1442a,226.392282,47.311527,2.690999984741211,11.907079696655273,226.39169311523438,47.31135177612305,4.861558437347412,0.703187108039856,0.5535262227058411
SB67412_component_1450a,229.450507,44.692893,2.941999912261963,14.144229888916016,229.45045471191406,44.69313430786133,4.6383514404296875,0.8057711720466614,0.6342770457267761
SB67412_component_1451a,229.117776,47.781639,3.2149999141693115,12.707509994506836,229.11740112304688,47.78093338012695,3.923309087753296,1.041024923324585,0.8194612860679626
SB67412_component_1452a,231.004365,46.206728,2.8420000076293945,13.280373573303223,231.00376892089844,46.20673370361328,4.007997989654541,0.900801956653595,0.7090821862220764
SB67412_component_1453a,231.57156,45.819216,3.3480000495910645,12.876923561096191,231.57086181640625,45.81745529174805,4.3086161613464355,0.9871436357498169,0.7770476341247559
SB67412_component_1457a,230.574596,46.71633,3.234999895095825,15.404762268066406,230.57408142089844,46.714569091796875,3.4867444038391113,1.1786553859710693,0.9277995228767395
SB67412_component_1458a,232.268843,48.166871,3.0239999294281006,13.147825241088867,232.26829528808594,48.16608428955078,4.655330181121826,0.8252090811729431,0.6495779752731323
SB67412_component_1461a,232.155254,47.474189,3.135999917984009,10.739726066589355,232.1552276611328,47.473079681396484,3.5811612606048584,1.1124612092971802,0.8756935596466064
SB67412_component_1468a,232.42844,46.87461,3.0859999656677246,11.778626441955566,232.42791748046875,46.87348937988281,2.9841716289520264,1.3137261867523193,1.0341228246688843
SB67412_component_1469a,227.951894,46.254961,3.255000114440918,12.916666984558105,227.95132446289062,46.25345230102539,4.149473190307617,0.9965308904647827,0.7844369411468506
SB67412_component_1471a,229.250765,45.754152,2.7909998893737793,11.075396537780762,229.25013732910156,45.752193450927734,4.078726291656494,0.8692966103553772,0.6842822432518005
SB67412_component_1472a,229.404886,48.592089,2.7720000743865967,10.228782653808594,229.4048614501953,48.59113693237305,4.3110504150390625,0.816851019859314,0.6429987549781799
SB67412_component_1478a,230.404312,44.535431,2.946000099182129,12.643777847290039,230.40362548828125,44.53489303588867,3.3794703483581543,1.107431411743164,0.8717342615127563
SB67412_component_1489a,227.243079,47.955199,2.631999969482422,10.007603645324707,227.24307250976562,47.95338821411133,3.4155972003936768,0.978930652141571,0.7705826759338379
SB67412_component_1490a,226.926613,45.027401,2.5869998931884766,11.296942710876465,226.92567443847656,45.025997161865234,2.243354558944702,1.4649783372879028,1.1531836986541748
SB67412_component_1494a,225.674322,46.097513,3.0980000495910645,13.892376899719238,225.6741485595703,46.09566879272461,3.4628756046295166,1.1365203857421875,0.8946322202682495
SB67412_component_1495a,231.646319,46.082835,2.7139999866485596,13.502487182617188,231.64524841308594,46.08135223388672,2.5080270767211914,1.374707579612732,1.0821254253387451
SB67412_component_1496a,228.846168,46.665895,2.9600000381469727,11.983805656433105,228.84518432617188,46.66593551635742,5.3133320808410645,0.7077134847640991,0.5570892095565796
SB67412_component_1500a,227.414502,45.438026,3.0230000019073486,14.192488670349121,227.4141845703125,45.4365234375,2.4551315307617188,1.564213752746582,1.231298565864563
SB67412_component_1505a,231.430234,46.685341,2.752000093460083,10.83464527130127,231.42945861816406,46.684410095214844,4.185103893280029,0.8353623747825623,0.6575703024864197
SB67412_component_1507a,227.904526,44.922635,2.8010001182556152,12.9675931930542,227.904541015625,44.9221305847168,4.021087169647217,0.8849166035652161,0.696577787399292
SB67412_component_1510a,231.759577,47.782019,3.0280001163482666,12.160643577575684,231.75930786132812,47.781002044677734,3.643575668334961,1.0557492971420288,0.8310518264770508
SB67412_component_1512a,225.689743,46.710119,3.1489999294281006,11.794007301330566,225.68951416015625,46.709571838378906,3.9036712646484375,1.0247834920883179,0.8066765069961548
SB67412_component_1514a,225.85861,47.22901,2.868000030517578,11.030769348144531,225.85821533203125,47.22797775268555,4.54888391494751,0.8009529709815979,0.6304843425750732
SB67412_component_1517a,225.35879,46.810873,2.565999984741211,10.305220603942871,225.35775756835938,46.80892562866211,4.583575248718262,0.7111889719963074,0.5598250031471252
SB67412_component_1519a,228.054199,47.276252,2.88100004196167,10.95437240600586,228.0540313720703,47.27516174316406,3.6072895526885986,1.0146002769470215,0.7986605763435364
SB67412_component_1522a,227.619228,48.227294,2.552000045776367,10.813559532165527,227.61874389648438,48.227413177490234,3.329577922821045,0.97369784116745,0.7664635181427002
SB67412_component_1534a,226.638514,46.191901,2.759000062942505,12.892523765563965,226.63803100585938,46.19105911254883,3.944301128387451,0.8886164426803589,0.6994902491569519
SB67412_component_1536a,230.694822,48.447418,2.5209999084472656,10.124497413635254,230.69451904296875,48.44733810424805,2.82592511177063,1.1333000659942627,0.8920972347259521
SB67412_component_1540a,230.128053,48.303574,2.553999900817871,10.467212677001953,230.1278076171875,48.30244445800781,2.4057188034057617,1.3486794233322144,1.0616369247436523
SB67412_component_1544a,226.638649,46.818232,2.757999897003174,11.16599178314209,226.63839721679688,46.81652069091797,2.8423633575439453,1.2326714992523193,0.9703192710876465
SB67412_component_1545a,231.725656,47.467805,2.5380001068115234,10.152000427246094,231.72532653808594,47.467594146728516,3.211174249649048,1.0040618181228638,0.7903650999069214
SB67412_component_1561a,225.142903,47.452097,2.5169999599456787,10.400826454162598,225.14254760742188,47.45088577270508,3.4505505561828613,0.9266752004623413,0.7294487953186035
SB67412_component_1564a,227.164955,44.601235,2.63700008392334,10.42292594909668,227.1648406982422,44.60080337524414,2.5345675945281982,1.3217185735702515,1.0404142141342163
SB67412_component_1567a,229.551623,47.393341,2.9019999504089355,11.470355987548828,229.54953002929688,47.392127990722656,2.5093698501586914,1.4691476821899414,1.1564656496047974
SB67412_component_1570a,228.620692,45.076784,2.796999931335449,12.056034088134766,228.61988830566406,45.07638168334961,3.4152514934539795,1.0404051542282104,0.8189733624458313
SB67412_component_1572a,225.752796,48.077932,2.687000036239624,10.334615707397461,225.75254821777344,48.076393127441406,2.5218493938446045,1.3535716533660889,1.0654878616333008
SB67412_component_1573a,227.434883,46.122016,2.6480000019073486,12.49056625366211,227.4340362548828,46.12089538574219,2.3872592449188232,1.4091302156448364,1.1092218160629272
SB67412_component_1581a,229.906393,47.647385,2.9119999408721924,10.825279235839844,229.9055938720703,47.64728546142578,3.648097276687622,1.0140459537506104,0.7982243299484253
SB67412_component_1586a,231.936221,45.361576,2.763000011444092,11.186235427856445,231.9349365234375,45.3603401184082,2.869281768798828,1.2233209609985352,0.9629587531089783
SB67412_component_1590a,231.337382,47.837058,2.6440000534057617,11.545851707458496,231.33758544921875,47.8364143371582,2.9442970752716064,1.1408079862594604,0.8980072140693665
SB67412_component_1594a,229.115208,47.559894,2.888000011444092,13.687204360961914,229.11489868164062,47.55875015258789,2.6763405799865723,1.3708455562591553,1.079085350036621
SB67412_component_1597a,227.607181,45.751242,2.7100000381469727,10.5859375,227.60693359375,45.74925231933594,2.538235664367676,1.3563446998596191,1.0676708221435547
SB67412_component_1608a,227.445991,44.70264,2.4189999103546143,10.563318252563477,227.44618225097656,44.70264434814453,2.836060047149658,1.0835604667663574,0.8529438376426697
SB67412_component_1617a,230.22919,48.112871,2.6010000705718994,11.931193351745605,230.22865295410156,48.112300872802734,2.7385785579681396,1.206557035446167,0.9497628211975098
SB67412_component_1625a,229.007581,44.801227,2.632999897003174,11.968181610107422,229.0078125,44.80019760131836,3.5358574390411377,0.9459949731826782,0.7446566820144653
SB67412_component_1640a,228.18027,45.572176,2.319999933242798,10.357142448425293,228.18003845214844,45.57109451293945,2.980567216873169,0.9888302683830261,0.7783753275871277
SB67412_component_1653a,226.668483,45.915602,2.3510000705718994,11.037559509277344,226.66770935058594,45.91446304321289,2.5482077598571777,1.172061800956726,0.922609269618988
SB67412_component_1664a,227.460222,45.483507,2.496999979019165,11.197309494018555,227.4597930908203,45.48133087158203,3.1715126037597656,1.0001952648162842,0.7873214483261108
SB67412_component_1678a,228.622499,45.636439,2.552999973297119,10.253011703491211,228.62142944335938,45.63389205932617,2.855177164077759,1.1359270811080933,0.8941651582717896
SB67412_component_1689a,231.302161,45.167788,2.4739999771118164,10.94690227508545,231.30113220214844,45.16587448120117,3.3481557369232178,0.9386998414993286,0.7389142513275146
SB67412_component_1696a,226.756147,44.440757,2.61299991607666,12.502391815185547,226.75599670410156,44.44025421142578,2.023493528366089,1.6404776573181152,1.2913310527801514
SB67412_component_1706a,229.117123,44.851424,2.5350000858306885,11.682028770446777,229.1172637939453,44.85050964355469,3.613197088241577,0.891290009021759,0.7015947699546814
SB67412_component_1716a,227.94569,48.286192,2.380000114440918,10.577778816223145,227.94580078125,48.284915924072266,3.063129186630249,0.9870618581771851,0.7769832611083984
SB67412_component_1728a,227.151081,45.668347,2.4690001010894775,10.118852615356445,227.15158081054688,45.66761016845703,3.4669687747955322,0.9046985507011414,0.7121495008468628
SB67412_component_1732a,229.978411,45.353482,2.299999952316284,11.219511985778809,229.97857666015625,45.353294372558594,3.1471023559570312,0.9284311532974243,0.7308309674263
SB67412_component_1742a,229.718591,48.310907,2.257999897003174,10.908211708068848,229.71810913085938,48.3100700378418,2.215614080429077,1.2946802377700806,1.0191304683685303
SB67412_component_1748a,229.327157,48.033008,2.494999885559082,10.225409507751465,229.3262939453125,48.032081604003906,2.7137510776519775,1.1679741144180298,0.9193915724754333
SB67412_component_1764a,228.516773,45.337408,2.303999900817871,11.02392292022705,228.5159454345703,45.33746337890625,2.4913392066955566,1.1748496294021606,0.9248037934303284
SB67412_component_1819a,228.999594,44.902434,2.1579999923706055,10.22748851776123,228.99923706054688,44.90275573730469,2.802673816680908,0.9781638383865356,0.7699790000915527
SB67412_component_1862a,228.527895,45.570525,2.0510001182556152,10.004878997802734,228.5271453857422,45.568824768066406,3.370410203933716,0.773064374923706,0.6085312962532043
