Component_ID,RA,DEC,RA_comp,DEC_comp
SB67046_component_4a,177.157597,18.669069,177.157403,18.669158
SB67046_component_7a,175.858767,18.577245,175.858624,18.577322
