Component_ID,RA,DEC,ASKAP_flux,ASKAP_flux_SNR,RA_comp,DEC_comp,Comp_flux,Flux_Ratio_AlphaCorr,Flux_Ratio_NOAlphaCorr
SB67040_component_2a,154.184744,20.629759,732.1640014648438,853.3380126953125,154.18467712402344,20.629802703857422,798.5845336914062,1.164716362953186,0.9168272018432617
SB67040_component_5a,153.256802,24.810275,575.2310180664062,1686.89453125,153.2567138671875,24.810312271118164,816.7448120117188,0.8947230577468872,0.7042971253395081
SB67040_component_7a,153.472689,24.821216,549.7869873046875,1681.3057861328125,153.4726104736328,24.821245193481445,489.62603759765625,1.4264700412750244,1.1228712797164917
SB67040_component_8a,152.136172,24.02219,440.38800048828125,1513.36083984375,152.13609313964844,24.022125244140625,644.3192749023438,0.8682945370674133,0.683493435382843
SB67040_component_9a,157.697019,23.994052,387.843994140625,701.3453979492188,157.6970977783203,23.9938907623291,526.3531494140625,0.9360791444778442,0.7368512749671936
SB67040_component_10a,151.82537,22.857478,366.2130126953125,1387.1705322265625,151.82528686523438,22.857473373413086,445.8812255859375,1.0433915853500366,0.8213241100311279
SB67040_component_12a,156.752103,22.813002,301.4159851074219,1150.4427490234375,156.7521209716797,22.812908172607422,386.42926025390625,0.9908981323242188,0.780003011226654
SB67040_component_16a,151.282876,24.060627,241.4720001220703,617.575439453125,151.2827911376953,24.060558319091797,198.17318725585938,1.5479416847229004,1.2184897661209106
SB67040_component_17a,157.088609,24.022788,244.32899475097656,780.6038208007812,157.08865356445312,24.02263832092285,271.769287109375,1.14210844039917,0.8990309238433838
SB67040_component_19a,156.598477,25.716509,230.89599609375,589.0203857421875,156.5984649658203,25.716520309448242,287.85894775390625,1.0189887285232544,0.8021150827407837
SB67040_component_23a,152.408724,25.451658,193.33399963378906,737.916015625,152.40863037109375,25.451629638671875,258.6607360839844,0.9495338201522827,0.747442364692688
SB67040_component_24a,152.995694,25.249512,175.73500061035156,757.4784545898438,152.99560546875,25.249547958374023,213.80738830566406,1.0441629886627197,0.8219313621520996
SB67040_component_26a,154.013841,25.230576,185.32899475097656,858.0045776367188,154.01380920410156,25.230628967285156,257.0460510253906,0.9159359931945801,0.720995306968689
SB67040_component_27a,157.771877,23.605943,180.04400634765625,392.25274658203125,157.77194213867188,23.605756759643555,236.58743286132812,0.9667623043060303,0.7610040903091431
SB67040_component_28a,152.585439,25.661859,165.04200744628906,438.9415283203125,152.5853729248047,25.66192054748535,242.03176879882812,0.8662731647491455,0.6819022297859192
SB67040_component_29a,153.17251,24.656495,154.83200073242188,653.299560546875,153.1724090576172,24.656524658203125,162.56979370117188,1.2099114656448364,0.9524032473564148
SB67040_component_30a,155.281825,22.156097,160.2469940185547,718.5963745117188,155.28160095214844,22.155946731567383,185.15426635742188,1.099483847618103,0.8654782772064209
SB67040_component_32a,152.182665,23.053434,163.27000427246094,770.1415405273438,152.18255615234375,23.053455352783203,187.0203399658203,1.1090478897094727,0.8730066418647766
SB67040_component_33a,154.098951,25.426882,152.64999389648438,681.47314453125,154.09893798828125,25.426952362060547,214.8702392578125,0.9025125503540039,0.7104287147521973
SB67040_component_35a,157.162926,26.137343,156.98500061035156,172.70077514648438,157.16293334960938,26.13737678527832,229.06060791015625,0.8706437349319458,0.6853426098823547
SB67040_component_37a,152.769026,22.134969,159.1179962158203,736.6573486328125,152.76890563964844,22.134971618652344,211.10693359375,0.9575237035751343,0.7537317276000977
SB67040_component_38a,155.080332,23.945568,145.75100708007812,650.6741333007812,155.08030700683594,23.945463180541992,214.001708984375,0.8652209639549255,0.6810740232467651
SB67040_component_39a,156.056297,22.718519,140.98599243164062,708.4722900390625,156.05618286132812,22.718400955200195,172.01571655273438,1.0412153005599976,0.819611132144928
SB67040_component_40a,157.875578,21.534072,135.16400146484375,155.71890258789062,157.87559509277344,21.533824920654297,137.5419158935547,1.248414158821106,0.9827113747596741
SB67040_component_44a,150.71409,22.988477,113.95600128173828,177.7784881591797,150.71392822265625,22.988506317138672,155.41770935058594,0.9314711689949036,0.7332240343093872
SB67040_component_45a,151.888005,20.566374,114.33200073242188,148.09844970703125,151.88796997070312,20.566303253173828,141.8129425048828,1.0241997241973877,0.8062169551849365
SB67040_component_46a,155.462219,21.604568,122.7020034790039,540.5374755859375,155.4620361328125,21.604408264160156,167.37527465820312,0.9313074350357056,0.7330951690673828
SB67040_component_49a,151.61532,21.720455,105.79399871826172,433.58197021484375,151.61526489257812,21.7204532623291,140.92825317382812,0.9536646604537964,0.7506940364837646
SB67040_component_53a,151.000144,22.878584,111.41899871826172,293.2078857421875,151.0,22.878570556640625,156.1531982421875,0.9064441919326782,0.7135236263275146
SB67040_component_55a,155.192757,25.973448,93.68499755859375,199.75479125976562,155.1926727294922,25.97355079650879,149.21705627441406,0.7975984215736389,0.6278437376022339
SB67040_component_59a,154.582457,23.151592,88.51100158691406,460.9947814941406,154.58241271972656,23.151567459106445,125.98158264160156,0.8925301432609558,0.7025709748268127
SB67040_component_61a,157.289806,25.813912,89.03500366210938,217.15855407714844,157.28982543945312,25.81390380859375,115.34485626220703,0.9806076288223267,0.7719026803970337
SB67040_component_62a,151.750426,24.097278,83.75599670410156,359.4678039550781,151.75035095214844,24.097192764282227,91.32793426513672,1.1650511026382446,0.917090654373169
SB67040_component_64a,152.244972,21.444149,82.1719970703125,336.7704772949219,152.24490356445312,21.44411277770996,108.88202667236328,0.9587389230728149,0.7546883225440979
SB67040_component_68a,158.01623,21.836512,81.22200012207031,82.4588851928711,158.01629638671875,21.836374282836914,79.82775115966797,1.2925653457641602,1.0174657106399536
SB67040_component_69a,152.222632,24.675281,83.92900085449219,373.0177917480469,152.22256469726562,24.675189971923828,108.7139663696289,0.9807525277137756,0.772016704082489
SB67040_component_70a,155.873663,21.28272,76.95800018310547,334.6000061035156,155.8734893798828,21.28250503540039,111.1212158203125,0.8798112273216248,0.692559003829956
SB67040_component_72a,150.769586,24.80039,74.01799774169922,120.55048370361328,150.76947021484375,24.800395965576172,88.74381256103516,1.0595756769180298,0.8340637683868408
SB67040_component_82a,152.657471,24.475835,70.75299835205078,346.82843017578125,152.6573486328125,24.475818634033203,107.19176483154297,0.8385252356529236,0.6600600481033325
SB67040_component_83a,156.736024,22.186021,72.68599700927734,328.8959045410156,156.7359619140625,22.185890197753906,113.01660919189453,0.8170360326766968,0.6431443691253662
SB67040_component_84a,156.790486,24.229988,71.21099853515625,285.9879455566406,156.79052734375,24.229888916015625,67.06512451171875,1.3489103317260742,1.0618185997009277
SB67040_component_87a,154.292198,25.506783,74.77200317382812,351.0422668457031,154.2921905517578,25.506820678710938,107.86992645263672,0.8805851340293884,0.6931682229042053
SB67040_component_89a,152.131985,20.7087,67.25299835205078,125.47200775146484,152.13194274902344,20.708621978759766,78.62447357177734,1.0866423845291138,0.8553697466850281
SB67040_component_90a,150.957816,20.670316,71.0250015258789,85.26410675048828,150.9577178955078,20.670238494873047,75.99470520019531,1.187300443649292,0.9346045851707458
SB67040_component_91a,156.972217,22.78297,66.08300018310547,243.8487091064453,156.97225952148438,22.782886505126953,90.43194580078125,0.9283261299133301,0.7307484149932861
SB67040_component_93a,151.661881,25.912462,68.26499938964844,107.33490753173828,151.66175842285156,25.912494659423828,123.50485229492188,0.7021773457527161,0.5527313351631165
SB67040_component_97a,157.134133,24.147521,63.03099822998047,198.83595275878906,157.13417053222656,24.14740562438965,102.41204833984375,0.7818723320960999,0.6154646873474121
SB67040_component_98a,157.144022,25.580407,64.52400207519531,234.6327362060547,157.14404296875,25.580360412597656,86.29180908203125,0.9499143958091736,0.7477419376373291
SB67040_component_99a,152.086732,24.216633,65.61599731445312,316.9855041503906,152.086669921875,24.216583251953125,98.1639175415039,0.8491620421409607,0.6684329509735107
SB67040_component_104a,151.536347,25.965329,62.250999450683594,79.6048583984375,151.53622436523438,25.965328216552734,98.72301483154297,0.8010518550872803,0.6305621862411499
SB67040_component_105a,153.222573,23.905008,60.57899856567383,305.95452880859375,153.22244262695312,23.90503692626953,91.69707489013672,0.8392654061317444,0.6606426239013672
SB67040_component_106a,155.690094,21.555363,58.847999572753906,266.2805480957031,155.68991088867188,21.55516815185547,85.08374786376953,0.8786538243293762,0.6916479468345642
SB67040_component_109a,153.337223,21.573874,57.97200012207031,295.7755126953125,153.337158203125,21.573902130126953,59.96422576904297,1.2281707525253296,0.966776430606842
SB67040_component_110a,152.086561,25.560987,57.448001861572266,231.64517211914062,152.08653259277344,25.56096839904785,31.092857360839844,2.3471832275390625,1.8476269245147705
SB67040_component_112a,151.142881,24.744242,53.084999084472656,183.68511962890625,151.14280700683594,24.74420928955078,81.48094177246094,0.8276534080505371,0.6515020132064819
SB67040_component_123a,151.138382,22.528898,52.33399963378906,141.82656860351562,151.1382598876953,22.52886199951172,69.72807312011719,0.9534742832183838,0.7505441904067993
SB67040_component_124a,154.776815,26.16506,51.86899948120117,51.10246276855469,154.77670288085938,26.165246963500977,84.0445556640625,0.7840269207954407,0.6171607375144958
SB67040_component_125a,155.718954,23.265572,52.060001373291016,269.7409362792969,155.71884155273438,23.26544189453125,71.66077423095703,0.9229015707969666,0.7264783382415771
SB67040_component_127a,154.198576,24.640264,52.132999420166016,250.63941955566406,154.19854736328125,24.640268325805664,100.30304718017578,0.6602848172187805,0.5197548866271973
SB67040_component_129a,156.847124,26.134411,52.027000427246094,52.81929016113281,156.84706115722656,26.134422302246094,81.6016616821289,0.8099580407142639,0.6375728249549866
SB67040_component_130a,151.530301,25.609341,48.95500183105469,111.51480865478516,151.53018188476562,25.6093692779541,75.11013793945312,0.8280017375946045,0.6517761945724487
SB67040_component_132a,151.693286,24.514814,50.82500076293945,232.07763671875,151.69322204589844,24.514728546142578,72.82199096679688,0.8866404891014099,0.6979348063468933
SB67040_component_136a,153.298207,21.824007,49.183998107910156,245.91998291015625,153.29812622070312,21.824045181274414,57.474246978759766,1.0871344804763794,0.8557571768760681
SB67040_component_137a,152.610302,21.659093,46.60100173950195,230.69801330566406,152.61024475097656,21.659088134765625,53.546409606933594,1.1055989265441895,0.8702918291091919
SB67040_component_138a,155.228012,23.291948,45.67399978637695,244.24598693847656,155.22793579101562,23.291831970214844,65.33928680419922,0.8880294561386108,0.6990281343460083
SB67040_component_141a,153.253862,23.430682,44.71500015258789,205.11468505859375,153.2537384033203,23.43071174621582,49.881107330322266,1.1388063430786133,0.896431565284729
SB67040_component_145a,156.144073,22.280737,44.06399917602539,216.0,156.1439208984375,22.28058624267578,51.258060455322266,1.092079997062683,0.8596501350402832
SB67040_component_146a,154.996226,25.382299,44.68299865722656,207.82789611816406,154.9961395263672,25.38235092163086,46.33333206176758,1.2251280546188354,0.9643812775611877
SB67040_component_147a,153.054026,24.200087,43.7859992980957,234.14971923828125,153.0538787841797,24.200071334838867,63.057498931884766,0.8821272253990173,0.6943821310997009
SB67040_component_148a,155.877349,23.763796,47.1609992980957,254.92431640625,155.87734985351562,23.76361083984375,63.10810852050781,0.9493591785430908,0.7473049163818359
SB67040_component_150a,157.766124,21.70939,41.67399978637695,62.95166015625,157.7661895751953,21.709157943725586,40.37115478515625,1.311374545097351,1.0322716236114502
SB67040_component_151a,158.013131,23.659658,47.68000030517578,65.13661193847656,158.01341247558594,23.65915870666504,72.28866577148438,0.8379126787185669,0.6595777869224548
SB67040_component_154a,155.501263,24.801853,43.96099853515625,205.42523193359375,155.50119018554688,24.801822662353516,59.729244232177734,0.9350035190582275,0.7360045909881592
SB67040_component_155a,155.184023,26.051941,43.084999084472656,72.16917419433594,155.1839141845703,26.05206871032715,74.04750061035156,0.7391769289970398,0.5818562507629395
SB67040_component_156a,154.999103,24.302652,43.49300003051758,198.59817504882812,154.9990692138672,24.30258560180664,56.38052749633789,0.9799929261207581,0.7714188098907471
SB67040_component_158a,155.604161,21.390296,46.02199935913086,209.19090270996094,155.60397338867188,21.390085220336914,60.379024505615234,0.9683048725128174,0.7622183561325073
SB67040_component_159a,155.792085,25.231231,44.83300018310547,216.58453369140625,155.7919921875,25.23118019104004,60.94978332519531,0.9344549179077148,0.7355727553367615
SB67040_component_161a,155.128148,22.037452,41.1619987487793,205.80999755859375,155.12791442871094,22.03736114501953,53.00637435913086,0.9865090847015381,0.7765480875968933
SB67040_component_164a,152.074689,22.330273,40.58599853515625,209.2061767578125,152.0745849609375,22.330263137817383,54.28584671020508,0.9497784972190857,0.747635006904602
SB67040_component_167a,155.531236,22.868985,42.606998443603516,224.2473602294922,155.5310821533203,22.86888313293457,63.07098388671875,0.858191192150116,0.6755403876304626
SB67040_component_168a,156.166271,24.238793,37.665000915527344,187.3880615234375,156.166259765625,24.238723754882812,48.18414306640625,0.993039608001709,0.7816886901855469
SB67040_component_171a,154.952485,25.370501,37.4900016784668,173.5648193359375,154.95237731933594,25.370529174804688,42.28557586669922,1.1263048648834229,0.8865907788276672
SB67040_component_172a,154.12137,25.904563,35.48400115966797,88.48878479003906,154.1213836669922,25.904705047607422,52.158241271972656,0.8642559051513672,0.6803143620491028
SB67040_component_175a,151.819388,23.000432,36.395999908447266,177.5414581298828,151.8192901611328,23.000385284423828,36.2729377746582,1.2746871709823608,1.0033926963806152
SB67040_component_176a,154.450155,22.009238,37.40800094604492,218.76023864746094,154.45001220703125,22.009252548217773,53.96542739868164,0.880605936050415,0.6931845545768738
SB67040_component_179a,151.605273,23.253052,35.73899841308594,155.38694763183594,151.6051483154297,23.25303840637207,52.01883316040039,0.8727994561195374,0.6870396137237549
SB67040_component_180a,153.56195,25.866635,36.20199966430664,80.44889068603516,153.56182861328125,25.866722106933594,55.42909240722656,0.8297122716903687,0.6531227231025696
SB67040_component_181a,151.050089,23.930168,35.132999420166016,61.96296691894531,151.04995727539062,23.930086135864258,42.884517669677734,1.0407524108886719,0.8192467093467712
SB67040_component_182a,151.322603,23.837577,36.09700012207031,95.24274444580078,151.32244873046875,23.83749771118164,51.69670104980469,0.8870355486869812,0.6982457041740417
SB67040_component_185a,152.69717,25.983743,37.66699981689453,57.7714729309082,152.69708251953125,25.983917236328125,55.96388244628906,0.8550389409065247,0.6730591058731079
SB67040_component_188a,154.97771,23.487187,33.0620002746582,177.752685546875,154.9776611328125,23.48707389831543,46.514854431152344,0.902963399887085,0.7107837200164795
SB67040_component_196a,152.153623,25.239416,33.0359992980957,165.17999267578125,152.15353393554688,25.239381790161133,30.70330047607422,1.3668948411941528,1.0759755373001099
SB67040_component_197a,153.931952,24.649691,32.176998138427734,161.69345092773438,153.93191528320312,24.649717330932617,40.78123474121094,1.002346396446228,0.7890148162841797
SB67040_component_199a,152.573011,21.384323,31.53700065612793,159.2777862548828,152.5729217529297,21.384279251098633,45.70752716064453,0.8765271306037903,0.6899738907814026
SB67040_component_200a,154.490835,21.606963,35.42499923706055,188.43084716796875,154.49072265625,21.607067108154297,48.16603469848633,0.9343329668045044,0.7354767322540283
SB67040_component_205a,151.915596,23.481999,31.054000854492188,150.74757385253906,151.91549682617188,23.48200225830078,41.67353057861328,0.9466512203216553,0.7451732754707336
SB67040_component_207a,156.981672,23.449416,30.472000122070312,140.42396545410156,156.98167419433594,23.449308395385742,26.37204933166504,1.4678775072097778,1.1554657220840454
SB67040_component_208a,155.831641,21.282935,30.576000213623047,132.9391326904297,155.83151245117188,21.28270149230957,40.21819305419922,0.9658080339431763,0.7602529525756836
SB67040_component_211a,153.169399,22.866731,30.652999877929688,154.81312561035156,153.16929626464844,22.866777420043945,50.033817291259766,0.7782911062240601,0.6126456260681152
SB67040_component_212a,152.380246,22.135566,33.21500015258789,187.65536499023438,152.38018798828125,22.135534286499023,45.433101654052734,0.9287409782409668,0.731074869632721
SB67040_component_213a,152.64023,25.754345,29.29800033569336,79.18378448486328,152.64013671875,25.75443458557129,26.247373580932617,1.4180281162261963,1.1162259578704834
SB67040_component_214a,156.52397,23.109225,30.246999740600586,149.73760986328125,156.5238494873047,23.109460830688477,22.80011558532715,1.6853028535842896,1.3266160488128662
SB67040_component_217a,157.212447,24.043194,28.799999237060547,107.06319427490234,157.21250915527344,24.04305648803711,41.95856475830078,0.8719760775566101,0.6863914132118225
SB67040_component_218a,150.598269,24.414772,29.400999069213867,36.119163513183594,150.59814453125,24.41475486755371,31.319852828979492,1.192545771598816,0.9387336373329163
SB67040_component_222a,152.51848,23.278477,27.924999237060547,141.0353546142578,152.51832580566406,23.278505325317383,21.111759185791016,1.6803566217422485,1.3227225542068481
SB67040_component_223a,155.94647,24.552352,28.165000915527344,154.7527618408203,155.94642639160156,24.55232810974121,24.987525939941406,1.4319214820861816,1.1271624565124512
SB67040_component_225a,156.3492,25.699464,27.634000778198242,84.25,156.3491668701172,25.69951820373535,18.45240020751953,1.9024953842163086,1.497583031654358
SB67040_component_232a,150.8638,20.645198,26.83099937438965,26.049514770507812,150.86370849609375,20.645055770874023,31.146684646606445,1.0943537950515747,0.8614400029182434
SB67040_component_233a,156.979162,24.366999,27.420000076293945,107.10936737060547,156.97918701171875,24.366886138916016,29.16143798828125,1.1945140361785889,0.9402828812599182
SB67040_component_235a,151.340755,22.194945,29.152000427246094,70.75728607177734,151.34066772460938,22.19487190246582,38.11252212524414,0.9717026352882385,0.7648929953575134
SB67040_component_241a,152.89273,24.613441,29.952999114990234,164.57691955566406,152.8927764892578,24.61346435546875,35.0370979309082,1.0860377550125122,0.8548938632011414
SB67040_component_243a,150.878847,22.895195,28.150999069213867,65.16434478759766,150.878662109375,22.895221710205078,36.6632080078125,0.975429892539978,0.7678269743919373
SB67040_component_249a,158.214609,25.192986,27.916000366210938,25.14954948425293,158.21458435058594,25.19290542602539,30.79746437072754,1.1515185832977295,0.9064382910728455
SB67040_component_250a,155.161907,22.540637,26.992000579833984,126.13084411621094,155.16171264648438,22.540538787841797,36.43080520629883,0.9412370324134827,0.7409114241600037
SB67040_component_251a,155.368661,25.53663,26.98200035095215,93.0413818359375,155.3686065673828,25.536672592163086,39.32611846923828,0.8716171979904175,0.6861088871955872
SB67040_component_252a,156.705674,20.968231,24.797000885009766,85.80277252197266,156.7056121826172,20.96805191040039,30.64881134033203,1.027822732925415,0.8090689182281494
SB67040_component_258a,155.504319,21.75067,25.808000564575195,113.69163513183594,155.504150390625,21.750452041625977,35.58195877075195,0.9214191436767578,0.7253113985061646
SB67040_component_259a,152.668063,24.414161,26.18400001525879,140.02139282226562,152.6679229736328,24.414119720458984,35.305606842041016,0.9421607851982117,0.7416386008262634
SB67040_component_261a,152.096422,25.327344,26.214000701904297,110.60759735107422,152.0963134765625,25.327314376831055,36.68429946899414,0.9077908396720886,0.7145836353302002
SB67040_component_264a,151.729852,21.370479,24.322999954223633,119.23039245605469,151.7298126220703,21.370471954345703,32.817745208740234,0.9415450692176819,0.74115389585495
SB67040_component_267a,156.910189,24.7965,22.64299964904785,97.59913635253906,156.91021728515625,24.796459197998047,38.68798065185547,0.7435165047645569,0.5852721929550171
SB67040_component_268a,156.23103,23.047925,23.96500015258789,124.17098236083984,156.23098754882812,23.047828674316406,29.636472702026367,1.0272676944732666,0.8086320161819458
SB67040_component_275a,155.286328,21.895175,23.163999557495117,106.74654388427734,155.2861328125,21.894981384277344,31.865068435668945,0.9234883785247803,0.7269402146339417
SB67040_component_276a,152.23605,24.805453,25.23200035095215,121.30769348144531,152.2359161376953,24.805423736572266,33.201602935791016,0.9654400944709778,0.75996333360672
SB67040_component_279a,156.241853,20.657806,23.174999237060547,40.44502258300781,156.2418212890625,20.657665252685547,25.592844009399414,1.150360345840454,0.9055265188217163
SB67040_component_287a,152.972644,21.189298,23.981000900268555,106.58222961425781,152.97256469726562,21.189212799072266,21.049785614013672,1.4472793340682983,1.1392515897750854
SB67040_component_290a,154.331462,24.176203,21.4950008392334,104.34466552734375,154.33132934570312,24.176210403442383,17.898344039916992,1.5256584882736206,1.2009491920471191
SB67040_component_293a,153.875497,21.131615,22.08799934387207,99.9457015991211,153.87548828125,21.13166046142578,32.10009002685547,0.8741437792778015,0.6880977153778076
SB67040_component_294a,154.858104,21.7621,22.261999130249023,100.2792739868164,154.85787963867188,21.762107849121094,27.84787368774414,1.0155582427978516,0.7994146943092346
SB67040_component_295a,157.045123,21.375598,23.259000778198242,69.22322082519531,157.04507446289062,21.3753719329834,29.793363571166992,0.9917546510696411,0.7806772589683533
SB67040_component_300a,154.486684,24.83338,23.726999282836914,122.30411529541016,154.48663330078125,24.83342933654785,32.623023986816406,0.923956036567688,0.7273083925247192
SB67040_component_302a,157.975873,23.662303,22.04599952697754,33.86482238769531,157.97593688964844,23.661930084228516,27.296401977539062,1.026023030281067,0.8076522350311279
SB67040_component_303a,151.740592,23.225697,21.496000289916992,105.37255096435547,151.74050903320312,23.225664138793945,31.451053619384766,0.8682708144187927,0.6834747195243835
SB67040_component_307a,152.757672,23.353417,20.18000030517578,107.91443634033203,152.75755310058594,23.353435516357422,29.546550750732422,0.8676550388336182,0.6829900741577148
SB67040_component_309a,154.602837,25.151972,20.902999877929688,111.78074645996094,154.60279846191406,25.15201759338379,33.315555572509766,0.7970659732818604,0.6274245977401733
SB67040_component_310a,154.107146,22.366984,21.124000549316406,118.67415618896484,154.1070098876953,22.366952896118164,31.142974853515625,0.8616855144500732,0.6782910227775574
SB67040_component_313a,152.883035,25.660448,21.32699966430664,76.71582794189453,152.88296508789062,25.66054344177246,24.31386947631836,1.1143161058425903,0.8771536350250244
SB67040_component_314a,151.830793,23.627573,21.636999130249023,101.5821533203125,151.83067321777344,23.62755012512207,29.33438491821289,0.9370284080505371,0.7375985383987427
SB67040_component_315a,151.396365,21.857318,21.101999282836914,72.51545715332031,151.3963165283203,21.85731315612793,31.700458526611328,0.8456501960754395,0.6656686067581177
SB67040_component_316a,155.360085,23.441856,22.56599998474121,106.94786834716797,155.36001586914062,23.441740036010742,31.75187110900879,0.9028549194335938,0.7106982469558716
SB67040_component_318a,154.351714,25.665479,20.66200065612793,78.86260223388672,154.35174560546875,25.665557861328125,29.60909080505371,0.8865025639533997,0.6978262662887573
SB67040_component_319a,156.07929,22.589947,20.658000946044922,103.29000091552734,156.07916259765625,22.589815139770508,30.409000396728516,0.8630160689353943,0.6793383955955505
SB67040_component_321a,154.821633,20.791505,20.27199935913086,59.27484893798828,154.821533203125,20.791536331176758,18.939712524414062,1.359740138053894,1.0703436136245728
SB67040_component_322a,157.368163,20.991824,21.652999877929688,27.16813087463379,157.3681640625,20.99161148071289,27.362730026245117,1.0052900314331055,0.7913318276405334
SB67040_component_324a,152.216866,25.910333,19.780000686645508,38.860511779785156,152.2168731689453,25.910341262817383,27.187416076660156,0.9242534637451172,0.727542519569397
SB67040_component_325a,157.072506,23.00076,21.73200035095215,75.45833587646484,157.0725555419922,23.000682830810547,31.726966857910156,0.870169460773468,0.6849693655967712
SB67040_component_326a,151.329167,24.476939,19.87299919128418,94.18482971191406,151.32908630371094,24.47687530517578,25.243745803833008,1.0000975131988525,0.787244439125061
SB67040_component_330a,156.383344,22.846465,19.61199951171875,99.55329895019531,156.38327026367188,22.84640121459961,27.34201431274414,0.9112218022346497,0.7172843813896179
SB67040_component_331a,156.94845,22.655873,21.707000732421875,82.53611755371094,156.9484405517578,22.655746459960938,27.58698081970215,0.9996048212051392,0.7868567109107971
SB67040_component_334a,154.882629,23.031523,20.17799949645996,114.0,154.88255310058594,23.03158187866211,16.590599060058594,1.545072078704834,1.216230869293213
SB67040_component_335a,153.037599,23.757991,19.136999130249023,111.91226959228516,153.03750610351562,23.758045196533203,24.90505027770996,0.9761557579040527,0.7683983445167542
SB67040_component_336a,157.803915,23.296845,19.71299934387207,29.599098205566406,157.8040771484375,23.296628952026367,22.92152976989746,1.0925512313842773,0.8600211143493652
SB67040_component_343a,157.08358,23.596244,18.983999252319336,96.85713958740234,157.08358764648438,23.596141815185547,24.073766708374023,1.0017893314361572,0.7885761857032776
SB67040_component_344a,156.260623,20.990298,20.121999740600586,75.36329650878906,156.26055908203125,20.990135192871094,24.51327896118164,1.042803406715393,0.8208612203598022
SB67040_component_345a,151.394024,21.045573,19.298999786376953,67.9542236328125,151.39401245117188,21.045507431030273,26.36355209350586,0.9299585819244385,0.732033371925354
SB67040_component_350a,153.759973,23.000023,18.18400001525879,71.03125,153.7598114013672,22.999998092651367,21.25726318359375,1.0867128372192383,0.855425238609314
SB67040_component_351a,153.57136,21.297008,19.29199981689453,108.99434661865234,153.5712890625,21.297069549560547,25.58972930908203,0.9577325582504272,0.753896176815033
SB67040_component_353a,152.216667,23.581745,19.00200080871582,98.96875,152.216552734375,23.581684112548828,20.837759017944336,1.158460021018982,0.9119023084640503
SB67040_component_357a,154.509144,25.624319,19.56800079345703,77.34387969970703,154.50909423828125,25.6243896484375,27.694442749023438,0.897607684135437,0.7065677642822266
SB67040_component_361a,156.647804,20.584475,19.506999969482422,31.718698501586914,156.64773559570312,20.584182739257812,24.564210891723633,1.0088355541229248,0.7941228151321411
SB67040_component_364a,153.311868,21.127917,19.871000289916992,95.07655334472656,153.31182861328125,21.127887725830078,22.815338134765625,1.1064341068267822,0.8709492087364197
SB67040_component_365a,151.319598,21.647452,17.843000411987305,66.57836151123047,151.31954956054688,21.64748764038086,22.692808151245117,0.998877763748169,0.7862843871116638
SB67040_component_366a,153.3265,25.456962,18.70599937438965,81.68558502197266,153.32644653320312,25.457075119018555,22.59232521057129,1.0518473386764526,0.8279802799224854
SB67040_component_367a,155.95653,24.00421,17.55900001525879,99.76704406738281,155.95648193359375,24.004072189331055,23.70481300354004,0.9410136938095093,0.740735650062561
SB67040_component_370a,157.923381,25.988142,18.950000762939453,17.810150146484375,157.92344665527344,25.98826026916504,26.485780715942383,0.9089273810386658,0.7154783010482788
SB67040_component_371a,157.153493,21.72714,18.06399917602539,66.65682220458984,157.15350341796875,21.726964950561523,23.58054542541504,0.9731791615486145,0.766055166721344
SB67040_component_374a,151.497547,23.349692,17.836999893188477,71.06375122070312,151.4974365234375,23.349689483642578,20.251585006713867,1.1189109086990356,0.8807705640792847
SB67040_component_377a,154.38931,21.167862,19.141000747680664,96.1859359741211,154.3892364501953,21.168012619018555,20.156526565551758,1.2063730955123901,0.9496180415153503
SB67040_component_379a,152.220422,21.102267,19.697999954223633,73.22676849365234,152.22042846679688,21.102155685424805,27.859392166137695,0.8982210755348206,0.707050621509552
SB67040_component_387a,156.693219,22.659966,16.759000778198242,76.52511596679688,156.6931610107422,22.659908294677734,24.22607421875,0.8788156509399414,0.6917753219604492
SB67040_component_390a,150.711097,21.707165,18.108999252319336,18.25503921508789,150.7108917236328,21.70719337463379,17.767047882080078,1.2948274612426758,1.0192463397979736
SB67040_component_392a,153.859217,23.908737,16.650999069213867,88.10052490234375,153.85906982421875,23.908784866333008,19.05967140197754,1.1098328828811646,0.8736246824264526
SB67040_component_394a,152.068143,20.754648,16.26099967956543,34.451271057128906,152.06814575195312,20.754541397094727,19.61137580871582,1.0533480644226074,0.8291615843772888
SB67040_component_395a,152.795344,24.973005,16.823999404907227,75.78378295898438,152.79525756835938,24.973003387451172,21.462236404418945,0.9958340525627136,0.7838884592056274
SB67040_component_396a,154.501105,22.223035,18.354000091552734,100.84615325927734,154.50099182128906,22.22308349609375,23.959867477416992,0.9731483459472656,0.7660309672355652
SB67040_component_398a,154.201067,22.293469,16.58300018310547,92.12777709960938,154.20095825195312,22.29342269897461,19.060461044311523,1.105254888534546,0.8700209259986877
SB67040_component_403a,156.33577,22.606077,16.14900016784668,86.35828399658203,156.33572387695312,22.605976104736328,23.09393310546875,0.888342559337616,0.6992745995521545
SB67040_component_404a,153.063947,24.540891,16.91699981689453,93.98332977294922,153.0638427734375,24.540847778320312,25.85881233215332,0.8310889005661011,0.654206395149231
SB67040_component_406a,153.350108,24.132563,16.062000274658203,83.65625,153.35000610351562,24.13262939453125,21.657257080078125,0.942169189453125,0.7416451573371887
SB67040_component_408a,153.01522,23.08571,17.91699981689453,91.41326904296875,153.01512145996094,23.08576774597168,21.31363296508789,1.0679243803024292,0.8406356573104858
SB67040_component_409a,151.271643,25.065556,14.914999961853027,38.74026107788086,151.27151489257812,25.065540313720703,23.773284912109375,0.7970155477523804,0.6273849010467529
SB67040_component_410a,151.916112,23.622482,16.216999053955078,84.90575408935547,151.91604614257812,23.6224308013916,13.356915473937988,1.5424001216888428,1.214127540588379
SB67040_component_411a,156.60957,25.286696,15.444999694824219,68.95088958740234,156.60952758789062,25.286745071411133,19.69049835205078,0.996469259262085,0.7843884825706482
SB67040_component_412a,154.162225,24.913264,15.690999984741211,84.81621551513672,154.16221618652344,24.913251876831055,21.911849975585938,0.9097127914428711,0.7160965204238892
SB67040_component_413a,151.17879,24.373951,15.838000297546387,62.35432815551758,151.17872619628906,24.3738956451416,11.404178619384766,1.7642862796783447,1.388789176940918
SB67040_component_417a,153.81103,21.609214,15.67300033569336,86.5911636352539,153.8111114501953,21.609228134155273,14.553301811218262,1.3681172132492065,1.0769377946853638
SB67040_component_419a,152.036273,21.466775,14.98900032043457,71.3761978149414,152.03622436523438,21.46668815612793,22.51387596130371,0.8457755446434021,0.6657671928405762
SB67040_component_420a,156.117258,23.056064,15.543000221252441,84.01622009277344,156.11715698242188,23.0560302734375,17.244033813476562,1.1450612545013428,0.9013552665710449
SB67040_component_421a,154.454451,25.858362,14.657999992370605,36.82914733886719,154.4543914794922,25.858510971069336,24.981548309326172,0.7453977465629578,0.5867530703544617
SB67040_component_424a,153.005272,24.634436,15.46399974822998,76.17733764648438,153.0052032470703,24.634374618530273,19.186920166015625,1.0238804817199707,0.8059657216072083
SB67040_component_425a,152.398865,21.197442,15.402000427246094,70.32877349853516,152.3987579345703,21.197349548339844,18.474044799804688,1.059126615524292,0.833710253238678
SB67040_component_434a,153.673349,25.451984,14.560999870300293,66.48858642578125,153.6732635498047,25.45203399658203,13.330677032470703,1.38762366771698,1.0922925472259521
SB67040_component_435a,156.280928,25.041207,14.63599967956543,70.02870178222656,156.28085327148438,25.041208267211914,15.854497909545898,1.1727423667907715,0.9231449365615845
SB67040_component_437a,152.689422,23.113838,14.25100040435791,75.4021224975586,152.68930053710938,23.113868713378906,22.265625,0.8130985498428345,0.6400449275970459
SB67040_component_438a,151.411502,21.654819,14.743000030517578,58.50396728515625,151.41148376464844,21.654775619506836,19.459800720214844,0.9624544382095337,0.7576131224632263
SB67040_component_440a,157.824117,22.518617,15.899999618530273,17.785234451293945,157.82406616210938,22.51840591430664,22.657230377197266,0.8915033936500549,0.7017627358436584
SB67040_component_441a,154.712223,22.791018,14.53499984741211,80.74999237060547,154.712158203125,22.790966033935547,20.441457748413086,0.9033080339431763,0.7110549807548523
SB67040_component_442a,152.612722,22.201979,14.897000312805176,78.40526580810547,152.61264038085938,22.201984405517578,20.35368537902832,0.9297977089881897,0.7319067716598511
SB67040_component_443a,155.116702,25.476509,15.345999717712402,71.37673950195312,155.11672973632812,25.47659683227539,22.651872634887695,0.8606444597244263,0.6774715781211853
SB67040_component_445a,154.397551,21.571959,14.414999961853027,76.26984405517578,154.3974609375,21.572010040283203,17.257150650024414,1.0611536502838135,0.83530592918396
SB67040_component_448a,156.946696,23.57195,14.506999969482422,77.99462127685547,156.94674682617188,23.57181167602539,20.492942810058594,0.8993028998374939,0.7079022526741028
SB67040_component_449a,154.750634,24.963137,14.550000190734863,71.32353210449219,154.75054931640625,24.963218688964844,18.633939743041992,0.9919528365135193,0.7808333039283752
SB67040_component_451a,152.933613,25.990259,15.609000205993652,29.674903869628906,152.9334716796875,25.990291595458984,18.923084259033203,1.0478904247283936,0.8248655200004578
SB67040_component_454a,157.844424,25.973016,12.781999588012695,13.923747062683105,157.8445281982422,25.972888946533203,22.872432708740234,0.7099359631538391,0.5588386654853821
SB67040_component_458a,151.092915,20.598555,13.878999710083008,16.802663803100586,151.09286499023438,20.598419189453125,18.46318817138672,0.9549578428268433,0.7517119646072388
SB67040_component_460a,155.836209,24.375943,13.838000297546387,70.24365997314453,155.83615112304688,24.375850677490234,19.596986770629883,0.8970502018928528,0.7061289548873901
SB67040_component_461a,156.594014,24.499747,14.440999984741211,68.11792755126953,156.593994140625,24.49966812133789,21.405433654785156,0.8570495843887329,0.6746417880058289
SB67040_component_463a,151.512526,24.469279,13.680999755859375,70.15897369384766,151.5124969482422,24.469194412231445,17.37198829650879,1.0004630088806152,0.7875321507453918
SB67040_component_466a,155.572384,23.661137,14.295999526977539,83.60233306884766,155.5723114013672,23.660947799682617,18.742279052734375,0.9690024256706238,0.7627673745155334
SB67040_component_469a,152.984343,22.987197,15.13599967956543,73.83414459228516,152.98416137695312,22.98725128173828,20.39580535888672,0.9427639245986938,0.7421133518218994
SB67040_component_474a,151.80263,22.088585,14.164999961853027,62.6769905090332,151.80247497558594,22.088642120361328,17.50747299194336,1.0278407335281372,0.8090830445289612
SB67040_component_476a,157.37999,25.824631,14.272000312805176,34.725059509277344,157.380126953125,25.8245906829834,19.3215389251709,0.9383737444877625,0.738657534122467
SB67040_component_477a,151.256001,25.948941,13.756999969482422,16.797313690185547,151.2557830810547,25.949127197265625,18.38433837890625,0.9506233334541321,0.7482999563217163
SB67040_component_478a,151.472985,23.529562,13.85200023651123,46.327762603759766,151.47286987304688,23.52947235107422,11.47646427154541,1.5333352088928223,1.2069920301437378
SB67040_component_480a,155.928127,25.483207,13.512999534606934,57.99570846557617,155.9280242919922,25.48328971862793,19.79438018798828,0.8672465682029724,0.6826685070991516
SB67040_component_481a,150.899423,23.149768,12.149999618530273,27.4266357421875,150.89920043945312,23.149816513061523,16.103363037109375,0.9585006237030029,0.7545007467269897
SB67040_component_482a,157.784065,25.905877,13.954999923706055,18.96059799194336,157.78408813476562,25.9060001373291,21.371440887451172,0.8295236229896545,0.6529742479324341
SB67040_component_483a,156.058285,20.509551,14.42199993133545,20.6915340423584,156.05813598632812,20.509719848632812,15.82531452178955,1.1577261686325073,0.911324679851532
SB67040_component_484a,151.814182,25.057785,13.00100040435791,57.02193069458008,151.81414794921875,25.057722091674805,10.52899169921875,1.5686379671096802,1.2347811460494995
SB67040_component_486a,157.932731,22.462114,15.0649995803833,15.546955108642578,157.9326629638672,22.462106704711914,15.90358829498291,1.2033909559249878,0.9472704529762268
SB67040_component_489a,153.766223,21.022736,12.652000427246094,50.00790786743164,153.76612854003906,21.022754669189453,11.332148551940918,1.4183378219604492,1.1164697408676147
SB67040_component_490a,156.919857,24.021011,12.937000274658203,58.01345443725586,156.919921875,24.020858764648438,16.60446548461914,0.9897862076759338,0.7791277766227722
SB67040_component_491a,153.663227,24.871859,13.350000381469727,66.41790771484375,153.6632080078125,24.8719482421875,18.189105987548828,0.9324007630348206,0.7339558005332947
SB67040_component_492a,157.382435,22.107086,12.6899995803833,47.52809143066406,157.38247680664062,22.106874465942383,11.535331726074219,1.3975399732589722,1.1000983715057373
SB67040_component_494a,155.026445,21.189747,13.26200008392334,66.97979736328125,155.02635192871094,21.18974494934082,17.281349182128906,0.9749090671539307,0.7674169540405273
SB67040_component_496a,154.653222,23.169497,12.317000389099121,65.16931915283203,154.6532440185547,23.169448852539062,17.858013153076172,0.8762025833129883,0.6897184252738953
SB67040_component_498a,154.372959,21.2184,13.067999839782715,71.80220031738281,154.37289428710938,21.21851348876953,15.833878517150879,1.048466444015503,0.8253189325332642
SB67040_component_501a,156.681781,25.013482,12.359999656677246,60.29268264770508,156.68173217773438,25.013452529907227,18.980947494506836,0.8272433280944824,0.6511792540550232
SB67040_component_502a,155.525355,21.065057,13.717000007629395,54.21739196777344,155.52516174316406,21.064838409423828,16.663799285888672,1.0457258224487305,0.8231616020202637
SB67040_component_504a,151.888581,23.027419,12.751999855041504,62.81773376464844,151.88845825195312,23.027372360229492,15.814112663269043,1.024392008781433,0.806368350982666
SB67040_component_506a,157.083236,20.769142,13.98799991607666,23.91111183166504,157.0831756591797,20.768951416015625,20.273775100708008,0.8765036463737488,0.6899553537368774
SB67040_component_507a,152.249409,23.934531,12.583000183105469,61.380489349365234,152.249267578125,23.93454933166504,19.1572208404541,0.8344194293022156,0.6568280458450317
SB67040_component_510a,156.120177,24.126029,13.083999633789062,65.41999816894531,156.1201171875,24.125944137573242,16.492361068725586,1.0078372955322266,0.7933369874954224
SB67040_component_512a,151.24293,20.414086,13.838000297546387,12.75391674041748,151.24301147460938,20.413793563842773,10.481735229492188,1.6771537065505981,1.3202012777328491
SB67040_component_514a,151.219329,22.643623,12.607000350952148,40.53697967529297,151.2192840576172,22.643461227416992,11.981091499328613,1.3367435932159424,1.0522414445877075
SB67040_component_515a,153.853992,24.955444,12.04699993133545,59.93532180786133,153.85398864746094,24.955577850341797,11.727845191955566,1.3049485683441162,1.027213454246521
SB67040_component_517a,158.129409,23.554439,13.616999626159668,12.201611518859863,158.12950134277344,23.55435562133789,14.474235534667969,1.1951392889022827,0.9407750368118286
SB67040_component_518a,154.387568,23.823044,12.746999740600586,70.4254150390625,154.3875274658203,23.822967529296875,14.056456565856934,1.1520328521728516,0.9068430066108704
SB67040_component_520a,152.023283,24.31462,12.015000343322754,55.114681243896484,152.02317810058594,24.314502716064453,20.048341751098633,0.7613389492034912,0.5993014574050903
SB67040_component_524a,153.381711,24.83524,13.152000427246094,56.446353912353516,153.38168334960938,24.835203170776367,17.04790687561035,0.9800618290901184,0.7714730501174927
SB67040_component_525a,153.751752,24.82023,12.178999900817871,54.37053298950195,153.7515869140625,24.820281982421875,16.61383628845215,0.9312674403190613,0.7330636978149414
SB67040_component_526a,157.571334,22.671872,11.357999801635742,20.03174591064453,157.57135009765625,22.67180824279785,18.66594123840332,0.7730092406272888,0.6084879040718079
SB67040_component_528a,151.278073,25.511936,12.338000297546387,21.309154510498047,151.27793884277344,25.512100219726562,19.522035598754883,0.8028832077980042,0.6320037841796875
SB67040_component_530a,150.426945,24.638774,12.654000282287598,38.345455169677734,150.42672729492188,24.638826370239258,12.163742065429688,1.3215796947479248,1.0403048992156982
SB67040_component_531a,157.64884,25.019303,12.234000205993652,37.52760696411133,157.6489715576172,25.019166946411133,14.088584899902344,1.103148102760315,0.8683626055717468
SB67040_component_534a,151.068839,25.009906,11.23799991607666,25.197309494018555,151.0686798095703,25.009931564331055,13.941113471984863,1.024057388305664,0.8061048984527588
SB67040_component_535a,153.60762,21.393139,11.89799976348877,69.57894134521484,153.60757446289062,21.393115997314453,16.810535430908203,0.8991354703903198,0.7077704071998596
SB67040_component_536a,156.736815,24.204148,11.954999923706055,54.83945083618164,156.73690795898438,24.204030990600586,16.328590393066406,0.9301084876060486,0.7321513891220093
SB67040_component_538a,154.338734,20.990572,12.043000221252441,48.75708770751953,154.33865356445312,20.990659713745117,15.687936782836914,0.9752177596092224,0.7676599025726318
SB67040_component_540a,157.360553,21.967283,11.119999885559082,41.80451202392578,157.36058044433594,21.96714973449707,9.127595901489258,1.5476797819137573,1.2182835340499878
SB67040_component_542a,152.907419,23.072986,11.47599983215332,53.1296272277832,152.90716552734375,23.07301902770996,9.694681167602539,1.5037987232208252,1.183741807937622
SB67040_component_545a,154.317145,21.10159,11.289999961853027,51.78899002075195,154.3170623779297,21.101659774780273,11.10362434387207,1.2917007207870483,1.0167851448059082
SB67040_component_546a,156.99329,20.655705,12.359999656677246,19.103553771972656,156.9933624267578,20.65546226501465,14.468450546264648,1.0852484703063965,0.8542725443840027
SB67040_component_549a,157.919212,23.791651,11.803000450134277,19.28594970703125,157.919189453125,23.791431427001953,10.599384307861328,1.4146353006362915,1.1135553121566772
SB67040_component_550a,155.321103,20.442021,11.295000076293945,31.727527618408203,155.3208770751953,20.441627502441406,11.366851806640625,1.2623471021652222,0.9936788082122803
SB67040_component_552a,156.027124,25.746257,12.104000091552734,39.298702239990234,156.0270233154297,25.746231079101562,17.954320907592773,0.8564315438270569,0.6741552948951721
SB67040_component_553a,155.142828,23.116306,11.102999687194824,63.81034469604492,155.14280700683594,23.116127014160156,13.81318187713623,1.0211259126663208,0.8037974238395691
SB67040_component_555a,157.706044,22.350786,11.423999786376953,24.727272033691406,157.7061309814453,22.350597381591797,13.995705604553223,1.0369459390640259,0.8162503838539124
SB67040_component_556a,156.464601,20.603607,11.847999572753906,20.822494506835938,156.4645538330078,20.603445053100586,14.137840270996094,1.0646201372146606,0.8380346298217773
SB67040_component_564a,155.04762,23.409903,11.123000144958496,67.82317352294922,155.04754638671875,23.409841537475586,13.325532913208008,1.0604008436203003,0.834713339805603
SB67040_component_565a,157.355933,23.995166,11.430999755859375,43.29924011230469,157.35594177246094,23.995098114013672,11.195384979248047,1.297113299369812,1.0210456848144531
SB67040_component_566a,150.904213,21.727335,11.350000381469727,17.679128646850586,150.9040985107422,21.72758674621582,15.91871452331543,0.9057755470275879,0.712997317314148
SB67040_component_568a,157.063138,24.817792,10.227999687194824,42.974788665771484,157.06314086914062,24.81772804260254,13.11794376373291,0.9905072450637817,0.7796953320503235
SB67040_component_575a,152.020436,25.594043,11.152999877929688,40.409420013427734,152.02040100097656,25.594165802001953,15.181853294372559,0.9332534670829773,0.7346270084381104
SB67040_component_576a,156.420928,23.369785,10.28499984741211,49.21052551269531,156.42092895507812,23.369583129882812,13.773117065429688,0.9486473202705383,0.7467445135116577
SB67040_component_578a,152.58844,24.027041,9.954999923706055,50.79081726074219,152.5883331298828,24.02704429626465,12.157076835632324,1.040266990661621,0.8188645839691162
SB67040_component_584a,150.847611,25.12449,9.845000267028809,11.734208106994629,150.8475341796875,25.1245059967041,14.15516185760498,0.8835550546646118,0.6955060362815857
SB67040_component_588a,154.865121,21.617704,11.039999961853027,59.67567443847656,154.86492919921875,21.61769676208496,14.777650833129883,0.9490659236907959,0.7470740675926208
SB67040_component_589a,157.718736,25.793025,11.237000465393066,20.430910110473633,157.7187042236328,25.79315948486328,14.067776679992676,1.0147466659545898,0.798775851726532
SB67040_component_594a,151.578856,24.351526,10.309000015258789,48.627357482910156,151.5788116455078,24.351428985595703,12.55932903289795,1.0427563190460205,0.8208240866661072
SB67040_component_595a,155.435551,24.792325,10.052000045776367,49.03414535522461,155.4354248046875,24.79241180419922,15.618988990783691,0.8175837993621826,0.6435756087303162
SB67040_component_596a,152.455534,24.917436,10.628999710083008,54.788658142089844,152.4553985595703,24.917484283447266,15.858365058898926,0.8514648079872131,0.6702456474304199
SB67040_component_597a,155.229019,25.222663,10.550999641418457,57.03242874145508,155.22897338867188,25.222585678100586,13.172929763793945,1.0175223350524902,0.8009607195854187
SB67040_component_598a,153.567774,20.567214,10.59000015258789,18.944543838500977,153.56800842285156,20.567182540893555,5.5704522132873535,2.4151175022125244,1.9011024236679077
SB67040_component_599a,154.039044,24.648649,10.326000213623047,56.11956787109375,154.03904724121094,24.64863395690918,14.746732711791992,0.8895472884178162,0.700222909450531
SB67040_component_601a,151.463077,24.652724,10.854999542236328,45.6092414855957,151.4630584716797,24.652576446533203,14.371854782104492,0.9595103859901428,0.7552956342697144
SB67040_component_602a,154.59433,24.482378,10.010000228881836,52.13541793823242,154.59425354003906,24.482433319091797,12.446914672851562,1.0216569900512695,0.8042153716087341
SB67040_component_604a,155.150905,24.268816,10.746999740600586,55.97395706176758,155.1508026123047,24.268798828125,15.501069068908691,0.880761444568634,0.6933069825172424
SB67040_component_605a,153.97737,22.372298,10.340999603271484,57.13259506225586,153.97731018066406,22.372220993041992,13.417062759399414,0.9791242480278015,0.770734965801239
SB67040_component_606a,153.796494,23.93,10.019000053405762,53.29255676269531,153.79638671875,23.930124282836914,9.549583435058594,1.332823634147644,1.0491557121276855
SB67040_component_607a,156.713855,24.698761,11.289999961853027,49.301307678222656,156.71385192871094,24.698644638061523,16.508420944213867,0.8688026666641235,0.6838933825492859
SB67040_component_608a,155.49185,25.144978,10.095000267028809,51.505104064941406,155.4917449951172,25.145002365112305,17.089092254638672,0.7504470944404602,0.590727686882019
SB67040_component_611a,151.708375,24.660371,9.970999717712402,48.87744903564453,151.7083282470703,24.66029167175293,13.486539840698242,0.9392277002334595,0.7393296957015991
SB67040_component_613a,152.184933,22.212934,9.210000038146973,49.783782958984375,152.18490600585938,22.21286964416504,10.02835750579834,1.1667089462280273,0.9183956384658813
SB67040_component_615a,155.687457,20.716004,9.901000022888184,22.708715438842773,155.6871337890625,20.715787887573242,13.089113235473633,0.9609516859054565,0.7564301490783691
SB67040_component_617a,153.957524,22.707833,9.57699966430664,52.048912048339844,153.95736694335938,22.707876205444336,12.352546691894531,0.9849307537078857,0.7753056883811951
SB67040_component_621a,154.792549,21.215642,9.947999954223633,50.24242401123047,154.7923583984375,21.215682983398438,11.66361141204834,1.0835163593292236,0.8529090881347656
SB67040_component_626a,154.299368,24.164532,10.104000091552734,52.9005241394043,154.29920959472656,24.164653778076172,11.257363319396973,1.1402219533920288,0.8975458741188049
SB67040_component_627a,157.634913,23.765095,10.151000022888184,32.0220832824707,157.63504028320312,23.7647647857666,14.30204963684082,0.9016609787940979,0.7097584009170532
SB67040_component_628a,152.106359,23.46688,9.894000053405762,51.26424789428711,152.10626220703125,23.466793060302734,11.579652786254883,1.085448145866394,0.8544297814369202
SB67040_component_637a,155.557255,24.421794,9.11400032043457,48.222225189208984,155.5572509765625,24.42171287536621,11.824305534362793,0.979188084602356,0.7707852721214294
SB67040_component_639a,156.431837,25.700604,9.982999801635742,29.104955673217773,156.4318084716797,25.70064926147461,12.96500301361084,0.9781853556632996,0.769995927810669
SB67040_component_643a,151.855715,26.044718,9.920999526977539,13.914444923400879,151.85548400878906,26.044527053833008,10.151050567626953,1.2415869235992432,0.9773372411727905
SB67040_component_644a,156.26448,24.150515,9.788000106811523,47.2850227355957,156.26443481445312,24.150449752807617,8.917546272277832,1.3943805694580078,1.0976113080978394
SB67040_component_645a,153.003929,21.889518,10.154999732971191,60.0887565612793,153.00387573242188,21.889591217041016,11.525015830993652,1.1193634271621704,0.8811267614364624
SB67040_component_647a,154.657059,23.771753,9.156000137329102,45.779998779296875,154.6570281982422,23.771528244018555,7.2747721672058105,1.5988919734954834,1.2585961818695068
SB67040_component_650a,152.328224,23.215139,10.586000442504883,53.46464920043945,152.32810974121094,23.215246200561523,15.410825729370117,0.872647225856781,0.6869197487831116
SB67040_component_651a,153.06561,25.997242,10.439000129699707,19.014572143554688,153.0655975341797,25.997133255004883,15.916138648986816,0.8332089185714722,0.6558751463890076
SB67040_component_654a,156.601178,22.042176,9.026000022888184,44.24509811401367,156.60107421875,22.041963577270508,9.493667602539062,1.2077971696853638,0.9507390260696411
SB67040_component_655a,155.378895,23.82453,9.248000144958496,50.26087188720703,155.37892150878906,23.82436752319336,12.148935317993164,0.9670352935791016,0.7612189650535583
SB67040_component_657a,157.746552,25.228988,9.664999961853027,23.982629776000977,157.74667358398438,25.228994369506836,8.748562812805176,1.40345299243927,1.1047528982162476
SB67040_component_661a,155.769127,22.67953,9.63599967956543,48.4221076965332,155.76898193359375,22.679393768310547,12.37221908569336,0.9894227385520935,0.7788416743278503
SB67040_component_662a,153.286603,21.565622,9.600000381469727,53.03867721557617,153.2864532470703,21.565662384033203,13.348541259765625,0.9136295914649963,0.7191797494888306
SB67040_component_663a,152.911449,21.221173,10.22700023651123,43.892704010009766,152.91143798828125,21.221261978149414,13.318395614624023,0.9755040407180786,0.7678853273391724
SB67040_component_668a,157.932595,22.084942,9.038000106811523,11.860892295837402,157.93275451660156,22.084800720214844,10.693131446838379,1.0737425088882446,0.8452154397964478
SB67040_component_669a,152.47521,23.169492,9.036999702453613,49.382511138916016,152.47508239746094,23.16946029663086,9.016616821289062,1.2732490301132202,1.0022605657577515
SB67040_component_674a,152.332075,20.534121,9.767000198364258,12.734028816223145,152.33204650878906,20.534116744995117,14.246575355529785,0.8709303736686707,0.6855682730674744
SB67040_component_675a,152.793196,25.91181,8.791999816894531,19.537776947021484,152.79315185546875,25.912076950073242,12.9541015625,0.8622100353240967,0.6787039637565613
SB67040_component_681a,151.168654,23.721729,8.326000213623047,14.4298095703125,151.1686248779297,23.721633911132812,14.183839797973633,0.7457191944122314,0.5870060920715332
SB67040_component_686a,150.997815,22.825826,8.918999671936035,25.927324295043945,150.99755859375,22.825910568237305,11.990001678466797,0.9449952244758606,0.7438697814941406
SB67040_component_687a,151.153048,23.66896,9.390000343322754,17.356746673583984,151.1529083251953,23.66919708251953,13.582681655883789,0.8782391548156738,0.6913215517997742
SB67040_component_688a,152.44093,23.182693,8.342000007629395,43.44791793823242,152.4407501220703,23.182714462280273,10.633472442626953,0.9966158866882324,0.7845038175582886
SB67040_component_691a,152.13615,20.959162,8.345000267028809,27.816665649414062,152.13604736328125,20.958965301513672,9.287593841552734,1.1414473056793213,0.8985104560852051
SB67040_component_692a,152.652721,23.031561,8.012999534606934,44.027469635009766,152.65249633789062,23.031536102294922,10.194784164428711,0.9985039234161377,0.7859901189804077
SB67040_component_697a,156.397848,21.63406,8.234000205993652,40.76237487792969,156.397705078125,21.633888244628906,11.454852104187012,0.9131752252578735,0.7188220620155334
SB67040_component_698a,156.647296,23.568801,9.163000106811523,44.05288314819336,156.64743041992188,23.568525314331055,11.661206245422363,0.9982215762138367,0.7857677936553955
SB67040_component_699a,153.997862,24.175758,8.079999923706055,40.39999771118164,153.99774169921875,24.17578125,11.330276489257812,0.9059486389160156,0.7131335139274597
SB67040_component_702a,150.852437,22.434422,8.232999801635742,12.607962608337402,150.85255432128906,22.434240341186523,9.524007797241211,1.0981738567352295,0.8644469976425171
SB67040_component_704a,151.53084,25.520068,7.73199987411499,19.927833557128906,151.53073120117188,25.520238876342773,11.01664924621582,0.8916102647781372,0.7018467783927917
SB67040_component_708a,157.508778,24.056753,8.687999725341797,26.16867446899414,157.50901794433594,24.056615829467773,12.403465270996094,0.8898349404335022,0.7004494071006775
SB67040_component_709a,153.748833,24.368115,8.557999610900879,46.510868072509766,153.7487335205078,24.368072509765625,11.555489540100098,0.9408418536186218,0.7406003475189209
SB67040_component_710a,152.401892,25.349906,7.9770002365112305,35.14097213745117,152.40182495117188,25.350027084350586,7.013362884521484,1.4449273347854614,1.1374001502990723
SB67040_component_711a,152.479599,25.023025,8.373000144958496,38.232879638671875,152.47958374023438,25.0229434967041,11.185276985168457,0.9509705305099487,0.748573362827301
SB67040_component_714a,155.567165,21.05393,8.336999893188477,37.0533332824707,155.5670166015625,21.053756713867188,10.833212852478027,0.9776541590690613,0.7695778012275696
SB67040_component_715a,153.292491,22.66386,8.404000282287598,41.399017333984375,153.2924041748047,22.663854598999023,5.076289176940918,2.1031603813171387,1.655540108680725
SB67040_component_718a,154.454778,22.857056,8.142000198364258,45.48603439331055,154.4547576904297,22.857023239135742,12.057908058166504,0.857811450958252,0.6752415299415588
SB67040_component_719a,156.762631,23.611094,8.526000022888184,43.06060791015625,156.76278686523438,23.61110496520996,6.408766269683838,1.6900657415390015,1.3303653001785278
SB67040_component_721a,157.089442,25.561484,7.677999973297119,30.711999893188477,157.08950805664062,25.561338424682617,10.267809867858887,0.9499548673629761,0.7477738857269287
SB67040_component_724a,156.363466,21.682439,7.570000171661377,38.62245178222656,156.3633575439453,21.68219566345215,4.781484603881836,2.01124906539917,1.5831903219223022
SB67040_component_725a,155.964416,23.690587,7.553999900817871,43.413795471191406,155.96437072753906,23.690452575683594,11.272873878479004,0.8512850999832153,0.6701042056083679
SB67040_component_726a,154.116296,25.660098,8.062999725341797,33.73640060424805,154.11618041992188,25.660310745239258,6.343643665313721,1.6146953105926514,1.2710360288619995
SB67040_component_727a,157.476643,23.272021,7.927000045776367,22.142457962036133,157.47665405273438,23.271791458129883,9.87343978881836,1.019936442375183,0.8028610348701477
SB67040_component_728a,150.977153,24.374728,8.12399959564209,25.467082977294922,150.97714233398438,24.374637603759766,10.370348930358887,0.9951974153518677,0.783387303352356
SB67040_component_730a,155.251728,24.032344,8.151000022888184,44.540985107421875,155.2516326904297,24.032365798950195,9.672386169433594,1.0705574750900269,0.8427082896232605
SB67040_component_731a,157.333966,25.073012,8.85099983215332,37.1890754699707,157.3339385986328,25.072837829589844,10.202210426330566,1.102124810218811,0.8675570487976074
SB67040_component_734a,153.29238,25.228226,7.809999942779541,37.54807662963867,153.29226684570312,25.22821044921875,11.460611343383789,0.8657170534133911,0.6814644932746887
SB67040_component_741a,153.904931,20.596381,8.76099967956543,12.97925853729248,153.90481567382812,20.59638786315918,11.18730354309082,0.9948577284812927,0.7831198573112488
SB67040_component_747a,155.740789,23.822375,7.682000160217285,42.67777633666992,155.74082946777344,23.822229385375977,8.724852561950684,1.1185333728790283,0.8804733753204346
SB67040_component_748a,157.09718,25.758264,7.843999862670898,25.633987426757812,157.0972137451172,25.758258819580078,10.814878463745117,0.9214009046554565,0.7252970933914185
SB67040_component_756a,152.321955,20.967949,7.053999900817871,25.10320281982422,152.3219451904297,20.967819213867188,9.479297637939453,0.9453486204147339,0.7441479563713074
SB67040_component_759a,154.776936,21.003007,7.491000175476074,28.701148986816406,154.77694702148438,21.003021240234375,10.14531421661377,0.9380090236663818,0.738370418548584
SB67040_component_762a,156.868766,25.047513,7.681000232696533,38.02475357055664,156.8686981201172,25.04743766784668,9.399057388305664,1.038164496421814,0.8172096610069275
SB67040_component_765a,157.111882,24.568509,7.484000205993652,27.115943908691406,157.11195373535156,24.568283081054688,9.896539688110352,0.9606897234916687,0.7562239170074463
SB67040_component_766a,154.040342,20.987965,6.916999816894531,25.906368255615234,154.04026794433594,20.987957000732422,6.9340105056762695,1.2672606706619263,0.9975467920303345
SB67040_component_774a,154.369568,24.223882,7.2779998779296875,38.712764739990234,154.36952209472656,24.223909378051758,11.268027305603027,0.8205345869064331,0.6458983421325684
SB67040_component_775a,156.090154,25.392735,7.585000038146973,38.115577697753906,156.090087890625,25.392780303955078,9.77871322631836,0.9853864908218384,0.7756644487380981
SB67040_component_778a,151.941319,20.626387,7.044000148773193,11.435065269470215,151.94126892089844,20.626237869262695,9.336503028869629,0.9584463834762573,0.7544580698013306
SB67040_component_781a,152.637051,23.138071,7.419000148773193,38.640625,152.6368865966797,23.138103485107422,7.7223381996154785,1.2204761505126953,0.9607194066047668
SB67040_component_782a,156.378946,24.082927,7.175000190734863,35.17156982421875,156.37892150878906,24.08269500732422,9.116628646850586,0.9998166561126709,0.7870234251022339
SB67040_component_785a,153.990293,25.961544,7.2820000648498535,16.740230560302734,153.9901885986328,25.96152114868164,8.179420471191406,1.130995512008667,0.8902831077575684
SB67040_component_792a,157.157315,21.105734,6.973999977111816,16.764423370361328,157.15728759765625,21.105541229248047,9.964701652526855,0.8890994787216187,0.6998704075813293
SB67040_component_800a,157.741077,23.74692,7.310999870300293,19.0390625,157.7410430908203,23.746746063232422,8.37630558013916,1.1088095903396606,0.8728191256523132
SB67040_component_805a,155.916331,24.304632,7.051000118255615,35.61111068725586,155.91629028320312,24.304553985595703,9.849568367004395,0.9094236493110657,0.7158689498901367
SB67040_component_806a,153.64994,24.229022,7.513000011444092,39.9627685546875,153.64974975585938,24.22936248779297,4.931250095367432,1.9354816675186157,1.5235487222671509
SB67040_component_807a,156.030023,23.834864,6.7870001792907715,40.39881134033203,156.02996826171875,23.834819793701172,8.594808578491211,1.0031696557998657,0.789662778377533
SB67040_component_809a,151.626272,24.291536,6.918000221252441,28.58677864074707,151.62623596191406,24.291574478149414,8.216320991516113,1.0696357488632202,0.8419827222824097
SB67040_component_813a,155.550811,22.92902,6.910999774932861,36.957218170166016,155.5506591796875,22.929140090942383,8.719979286193848,1.006834626197815,0.7925477027893066
SB67040_component_815a,153.959254,24.121663,7.48799991607666,39.20418930053711,153.95924377441406,24.12167739868164,9.502408027648926,1.0010709762573242,0.7880107760429382
SB67040_component_818a,155.386873,22.675871,6.686999797821045,35.19473648071289,155.3866729736328,22.675857543945312,7.7064714431762695,1.102321982383728,0.8677122592926025
SB67040_component_819a,151.321903,24.503473,6.418000221252441,30.13145637512207,151.32186889648438,24.503244400024414,9.3043851852417,0.8762837648391724,0.6897823214530945
SB67040_component_822a,153.560662,21.143628,6.386000156402588,33.08808135986328,153.56068420410156,21.1436767578125,6.848687171936035,1.1845524311065674,0.9324414730072021
SB67040_component_823a,154.056427,22.870898,6.802000045776367,34.35353469848633,154.0563201904297,22.870960235595703,7.344458103179932,1.1765477657318115,0.9261404871940613
SB67040_component_827a,151.491912,22.187004,7.060999870300293,22.204402923583984,151.491943359375,22.186914443969727,8.936081886291504,1.0038106441497803,0.7901673316955566
SB67040_component_830a,155.631783,20.803039,7.131999969482422,19.81110954284668,155.63168334960938,20.80265998840332,7.085189342498779,1.2787704467773438,1.0066068172454834
SB67040_component_831a,152.520319,21.469066,6.703999996185303,34.91666793823242,152.52020263671875,21.468969345092773,10.381745338439941,0.8203446865081787,0.6457488536834717
SB67040_component_832a,155.868413,20.72421,5.888000011444092,11.729084014892578,155.8684844970703,20.724000930786133,8.718938827514648,0.8579004406929016,0.6753115653991699
SB67040_component_833a,153.405735,22.804098,6.7210001945495605,34.64432907104492,153.405517578125,22.804073333740234,9.491090774536133,0.8996021747589111,0.7081378102302551
SB67040_component_834a,154.153293,24.294972,6.986000061035156,37.159576416015625,154.1532440185547,24.295005798339844,10.797906875610352,0.821905255317688,0.6469772458076477
SB67040_component_837a,155.808758,24.835616,6.619999885559082,32.45098114013672,155.8087615966797,24.83563804626465,8.679290771484375,0.9689613580703735,0.76273512840271
SB67040_component_838a,155.778184,22.748805,7.1519999504089355,40.6363639831543,155.77804565429688,22.74863624572754,12.276996612548828,0.7400619387626648,0.5825529098510742
SB67040_component_842a,151.391132,24.9562,6.589000225067139,23.20070457458496,151.39111328125,24.956201553344727,8.741634368896484,0.9575458765029907,0.7537492513656616
SB67040_component_843a,152.596845,21.428508,7.228000164031982,35.431373596191406,152.59674072265625,21.4285945892334,10.3734130859375,0.8851751089096069,0.6967812776565552
SB67040_component_844a,150.885714,24.264936,7.0269999504089355,15.580930709838867,150.88560485839844,24.264862060546875,8.664416313171387,1.030299186706543,0.8110182881355286
SB67040_component_845a,150.897612,24.459055,6.034999847412109,16.22311782836914,150.89759826660156,24.45908546447754,9.12497615814209,0.8401914238929749,0.6613715887069702
SB67040_component_846a,152.613242,21.219106,6.048999786376953,28.004627227783203,152.61314392089844,21.21906852722168,8.724811553955078,0.8807653784751892,0.6933100819587708
SB67040_component_847a,155.803658,22.535921,6.752999782562256,37.10439682006836,155.8036346435547,22.53563117980957,8.322418212890625,1.0308130979537964,0.8114227652549744
SB67040_component_848a,156.971644,22.026882,6.330999851226807,29.310184478759766,156.9715576171875,22.026622772216797,5.754793167114258,1.3975756168365479,1.1001263856887817
SB67040_component_850a,153.626211,25.644825,6.834000110626221,23.404109954833984,153.6262969970703,25.644933700561523,9.871956825256348,0.8794364333152771,0.6922639608383179
SB67040_component_854a,156.991596,21.142084,6.5329999923706055,18.88150405883789,156.9915771484375,21.141857147216797,8.012922286987305,1.035748839378357,0.8153080344200134
SB67040_component_856a,156.001084,22.401169,7.288000106811523,33.74074172973633,156.00091552734375,22.400970458984375,8.177281379699707,1.1322234869003296,0.8912497758865356
SB67040_component_857a,152.573923,23.814541,6.520999908447266,36.634830474853516,152.57394409179688,23.814332962036133,8.975641250610352,0.9229568839073181,0.726521909236908
SB67040_component_858a,155.950146,23.891288,6.445000171661377,33.92105484008789,155.9501495361328,23.891143798828125,8.449158668518066,0.9690410494804382,0.7627978920936584
SB67040_component_860a,154.560301,22.032023,6.964000225067139,35.71282196044922,154.56005859375,22.03212547302246,10.482105255126953,0.844001054763794,0.6643703579902649
SB67040_component_861a,157.185729,25.099349,6.2179999351501465,28.009008407592773,157.18572998046875,25.099275588989258,5.688943386077881,1.3885189294815063,1.0929973125457764
SB67040_component_863a,150.855465,22.810592,6.135000228881836,13.724832534790039,150.85537719726562,22.810543060302734,6.673079490661621,1.1679412126541138,0.9193657040596008
SB67040_component_864a,154.268135,21.578575,6.785999774932861,39.0,154.26792907714844,21.57879066467285,9.183680534362793,0.9387064576148987,0.7389193773269653
SB67040_component_865a,155.236287,21.390683,6.492000102996826,32.62311553955078,155.236083984375,21.390560150146484,7.8848114013671875,1.0459716320037842,0.8233551383018494
SB67040_component_866a,157.743534,23.428001,6.525000095367432,14.277899742126465,157.7436981201172,23.42798614501953,8.003959655761719,1.0356388092041016,0.8152214884757996
SB67040_component_869a,154.734549,23.423667,6.565000057220459,34.735450744628906,154.734619140625,23.423730850219727,7.369582653045654,1.1316823959350586,0.8908238410949707
SB67040_component_871a,151.934709,24.579018,6.718999862670898,34.28061294555664,151.93467712402344,24.57897186279297,9.45368480682373,0.9028928875923157,0.7107281684875488
SB67040_component_872a,154.279337,25.633448,6.840000152587891,26.929134368896484,154.27928161621094,25.633398056030273,9.158459663391113,0.9487819075584412,0.7468504905700684
SB67040_component_873a,157.106097,22.55826,6.933000087738037,26.06390953063965,157.10621643066406,22.55799674987793,8.176125526428223,1.077224850654602,0.847956657409668
SB67040_component_875a,156.103734,21.605408,5.883999824523926,27.240739822387695,156.1036376953125,21.60492515563965,6.548562049865723,1.1414567232131958,0.8985178470611572
SB67040_component_877a,155.575216,25.209968,6.5879998207092285,30.785045623779297,155.57510375976562,25.210159301757812,8.471968650817871,0.9878749251365662,0.7776232361793518
SB67040_component_878a,156.812933,20.886479,6.539999961853027,19.580839157104492,156.81300354003906,20.88623809814453,7.294699192047119,1.1389458179473877,0.89654141664505
SB67040_component_882a,157.614324,24.762079,6.554999828338623,14.76351261138916,157.61427307128906,24.761966705322266,7.721473217010498,1.0784629583358765,0.8489312529563904
SB67040_component_888a,157.068988,23.508105,6.257999897003174,32.424869537353516,157.06900024414062,23.507966995239258,7.039213180541992,1.1293905973434448,0.889019787311554
SB67040_component_891a,154.475055,20.699987,6.418000221252441,16.978836059570312,154.47499084472656,20.700010299682617,6.832363128662109,1.193332552909851,0.9393529295921326
SB67040_component_896a,152.347186,21.617321,6.296999931335449,29.985713958740234,152.3471221923828,21.6173152923584,5.87867546081543,1.3607769012451172,1.0711596012115479
SB67040_component_898a,151.737836,25.397214,5.828999996185303,22.248092651367188,151.73773193359375,25.39728355407715,7.690124034881592,0.9629271030426025,0.7579851746559143
SB67040_component_900a,154.900656,21.180181,6.046000003814697,31.164947509765625,154.90052795410156,21.180084228515625,8.636649131774902,0.8893149495124817,0.7000400424003601
SB67040_component_901a,157.129431,25.07675,6.195000171661377,30.36764907836914,157.12939453125,25.07666778564453,9.006659507751465,0.8737964630126953,0.6878244280815125
SB67040_component_903a,157.218653,21.031843,6.39300012588501,11.539710998535156,157.21856689453125,21.031814575195312,5.285898208618164,1.5364506244659424,1.2094444036483765
SB67040_component_909a,157.152609,24.104036,6.111000061035156,21.98201560974121,157.15267944335938,24.103830337524414,8.782472610473633,0.8839510083198547,0.6958177089691162
SB67040_component_911a,155.281646,25.372922,6.493000030517578,30.060184478759766,155.2812957763672,25.37325668334961,3.643759250640869,2.263749837875366,1.781950831413269
SB67040_component_912a,155.883889,21.849381,6.659999847412109,32.97029495239258,155.88369750976562,21.84917449951172,8.414459228515625,1.005496859550476,0.7914946675300598
SB67040_component_916a,155.41692,20.962194,5.815000057220459,22.893699645996094,155.416748046875,20.961915969848633,7.786650657653809,0.9487062096595764,0.7467909455299377
SB67040_component_918a,153.401813,20.773009,5.973999977111816,15.35732650756836,153.4016571044922,20.7730712890625,6.737761974334717,1.1263731718063354,0.8866445422172546
SB67040_component_919a,157.312909,21.784837,6.861000061035156,23.023488998413086,157.31280517578125,21.78485107421875,10.191485404968262,0.8552294373512268,0.673209011554718
SB67040_component_924a,151.335469,24.084965,6.236999988555908,21.65625,151.33534240722656,24.084558486938477,7.303265571594238,1.0849040746688843,0.854001522064209
SB67040_component_928a,153.204051,24.246551,6.071000099182129,31.45595932006836,153.2039794921875,24.24640655517578,7.193959712982178,1.07207453250885,0.8439024090766907
SB67040_component_930a,152.260692,22.350018,5.855000019073486,34.04069519042969,152.26065063476562,22.34996795654297,8.005234718322754,0.9291493892669678,0.7313964366912842
SB67040_component_934a,151.946201,23.204509,5.815000057220459,29.51776695251465,151.94607543945312,23.20449447631836,7.732934474945068,0.9552962779998779,0.7519784569740295
SB67040_component_936a,153.212501,20.917147,6.239999771118164,22.049468994140625,153.21241760253906,20.91689109802246,7.696181297302246,1.0300112962722778,0.8107916712760925
SB67040_component_937a,157.213823,23.655501,5.645999908447266,28.371858596801758,157.2138214111328,23.655418395996094,7.4197282791137695,0.9666863679885864,0.7609443068504333
SB67040_component_939a,153.808724,21.263683,5.557000160217285,29.55851173400879,153.80862426757812,21.2637996673584,3.60575270652771,1.9578399658203125,1.5411484241485596
SB67040_component_948a,155.843121,25.256449,5.375999927520752,28.146596908569336,155.8430633544922,25.25642967224121,7.559565544128418,0.9034312963485718,0.7111519575119019
SB67040_component_949a,153.183605,22.205359,5.672999858856201,30.831520080566406,153.18350219726562,22.20555877685547,7.634619235992432,0.9439697861671448,0.7430625557899475
SB67040_component_951a,151.889888,21.595351,5.693999767303467,26.858489990234375,151.88995361328125,21.595361709594727,6.294775485992432,1.1491320133209229,0.9045596122741699
SB67040_component_956a,155.494121,24.985825,5.919000148773193,31.317461013793945,155.49391174316406,24.985898971557617,8.335238456726074,0.9021173715591431,0.7101176977157593
SB67040_component_958a,155.678924,23.332858,5.513999938964844,27.84848403930664,155.67893981933594,23.33262062072754,6.663100719451904,1.0512913465499878,0.8275426626205444
SB67040_component_960a,155.770283,23.943556,5.835999965667725,32.24309539794922,155.77024841308594,23.943450927734375,7.775996685028076,0.9534368515014648,0.7505147457122803
SB67040_component_961a,155.161671,21.468541,5.839000225067139,31.058513641357422,155.1614532470703,21.468408584594727,7.70882511138916,0.9622390866279602,0.7574436068534851
SB67040_component_965a,153.059812,25.595714,5.815999984741211,24.85470199584961,153.05975341796875,25.5955810546875,5.293315410614014,1.3958197832107544,1.09874427318573
SB67040_component_966a,154.174138,21.342176,6.0,31.578947067260742,154.17391967773438,21.342206954956055,8.756453514099121,0.8704738616943359,0.6852089166641235
SB67040_component_967a,153.762063,23.330209,5.993000030517578,29.668315887451172,153.7619171142578,23.330400466918945,9.021990776062012,0.8438681960105896,0.6642658114433289
SB67040_component_971a,150.774801,24.555373,5.702000141143799,11.426854133605957,150.7745361328125,24.555065155029297,4.224786281585693,1.7145699262619019,1.3496540784835815
SB67040_component_973a,153.167287,21.41496,5.556000232696533,29.396827697753906,153.16708374023438,21.41497039794922,6.951993942260742,1.0152794122695923,0.7991952300071716
SB67040_component_974a,151.793294,25.840364,5.479000091552734,11.136178970336914,151.79296875,25.840429306030273,8.637407302856445,0.8058433532714844,0.6343339085578918
SB67040_component_975a,152.060333,21.285951,5.375,23.67841339111328,152.06036376953125,21.285890579223633,4.524220943450928,1.509271502494812,1.1880497932434082
SB67040_component_976a,154.226765,25.123031,5.420000076293945,31.14942741394043,154.2267608642578,25.122940063476562,6.817111968994141,1.0100237131118774,0.7950580716133118
SB67040_component_981a,153.926057,21.147618,5.275000095367432,25.119049072265625,153.92617797851562,21.147756576538086,6.94691276550293,0.9646357297897339,0.7593300938606262
SB67040_component_986a,154.416806,25.337733,5.198999881744385,24.069442749023438,154.41661071777344,25.33795738220215,6.885077953338623,0.9592761993408203,0.7551112771034241
SB67040_component_988a,152.987009,24.370846,5.119999885559082,27.675674438476562,152.98678588867188,24.37080192565918,5.487428665161133,1.1853150129318237,0.9330416917800903
SB67040_component_989a,157.158865,24.599024,5.324999809265137,19.08601951599121,157.15892028808594,24.5990047454834,3.3760616779327393,2.0037426948547363,1.5772815942764282
SB67040_component_990a,157.678611,25.294435,5.5289998054504395,17.27812385559082,157.67849731445312,25.294654846191406,7.035322666168213,0.998378574848175,0.7858914136886597
SB67040_component_992a,152.562267,21.559833,5.809999942779541,29.343433380126953,152.56211853027344,21.559757232666016,8.673476219177246,0.8509727120399475,0.6698582768440247
SB67040_component_994a,151.439391,20.967059,5.014999866485596,16.022363662719727,151.4393310546875,20.96717071533203,5.621883392333984,1.1332398653030396,0.8920497894287109
SB67040_component_998a,153.052057,21.368566,5.578999996185303,28.035175323486328,153.05213928222656,21.368444442749023,6.13123893737793,1.1559547185897827,0.9099302887916565
SB67040_component_999a,154.452718,23.752501,5.270999908447266,28.037235260009766,154.4527587890625,23.752365112304688,7.896970748901367,0.8479401469230652,0.6674711108207703
SB67040_component_1001a,157.594801,25.755196,4.945000171661377,10.432489395141602,157.59498596191406,25.75511360168457,5.445625305175781,1.1535893678665161,0.9080683588981628
SB67040_component_1002a,151.789054,23.779588,5.056000232696533,21.60683822631836,151.78924560546875,23.779037475585938,2.7778215408325195,2.312253713607788,1.8201314210891724
SB67040_component_1005a,155.650007,25.857885,5.177999973297119,11.741496086120605,155.64988708496094,25.858081817626953,6.4661545753479,1.0172991752624512,0.8007850646972656
SB67040_component_1007a,156.116256,23.944633,4.867000102996826,27.811429977416992,156.1162872314453,23.944259643554688,5.7954840660095215,1.0668524503707886,0.8397918343544006
SB67040_component_1008a,157.295889,24.660263,5.619999885559082,16.776119232177734,157.29583740234375,24.660181045532227,5.615900039672852,1.271304726600647,1.000730037689209
SB67040_component_1020a,154.426056,25.018884,5.005000114440918,29.791667938232422,154.4261474609375,25.018798828125,3.2643356323242188,1.9477894306182861,1.5332369804382324
SB67040_component_1023a,157.173732,25.26463,4.625,22.560976028442383,157.17361450195312,25.26449203491211,7.3107147216796875,0.8036826848983765,0.6326330900192261
SB67040_component_1024a,153.453678,24.115615,5.171000003814697,24.741626739501953,153.45361328125,24.115596771240234,5.162219524383545,1.2725380659103394,1.0017008781433105
SB67040_component_1026a,151.564833,22.635563,5.060999870300293,22.295154571533203,151.56463623046875,22.635648727416992,6.263427257537842,1.026495337486267,0.8080240488052368
SB67040_component_1027a,154.792675,25.980973,5.611000061035156,11.33535385131836,154.79254150390625,25.980932235717773,8.589158058166504,0.8298935890197754,0.6532654166221619
SB67040_component_1028a,157.048243,21.94472,5.033999919891357,23.09174346923828,157.04820251464844,21.944625854492188,7.095253944396973,0.901317834854126,0.7094883322715759
SB67040_component_1034a,157.230143,22.707289,5.002999782562256,15.683384895324707,157.23020935058594,22.707326889038086,6.297454833984375,1.0092484951019287,0.7944478988647461
SB67040_component_1035a,151.420051,22.278434,5.136000156402588,15.610942840576172,151.42007446289062,22.27866554260254,4.824446201324463,1.352415919303894,1.0645781755447388
SB67040_component_1037a,151.491502,22.124805,5.354000091552734,16.627328872680664,151.4913330078125,22.125022888183594,6.697754383087158,1.0155045986175537,0.7993724346160889
SB67040_component_1039a,156.931972,20.883588,4.4070000648498535,11.128787994384766,156.93190002441406,20.883562088012695,4.191575527191162,1.3356678485870361,1.0513947010040283
SB67040_component_1040a,154.393102,20.950912,5.179999828338623,19.621212005615234,154.3931427001953,20.95099639892578,9.022744178771973,0.729329526424408,0.5741047263145447
SB67040_component_1043a,151.649004,22.487588,5.083000183105469,20.25099754333496,151.64898681640625,22.48733139038086,5.622127532958984,1.1485559940338135,0.9041061401367188
SB67040_component_1048a,152.793297,21.896015,4.816999912261963,26.17934799194336,152.79318237304688,21.895906448364258,4.786056995391846,1.2785905599594116,1.006465196609497
SB67040_component_1049a,155.941346,21.528664,4.86299991607666,23.83823585510254,155.941162109375,21.52850341796875,4.869075298309326,1.2687921524047852,0.998752236366272
SB67040_component_1050a,152.21728,24.74184,5.109000205993652,24.099058151245117,152.2172393798828,24.74180793762207,7.675594329833984,0.8455837368965149,0.6656162142753601
SB67040_component_1051a,156.80337,23.268179,4.408999919891357,19.771299362182617,156.80332946777344,23.2681884765625,6.624827861785889,0.8454700112342834,0.6655266880989075
SB67040_component_1052a,155.595999,22.198876,5.460999965667725,25.050458908081055,155.59567260742188,22.199016571044922,5.781336784362793,1.1999871730804443,0.944591224193573
SB67040_component_1053a,152.826607,21.215539,4.553999900817871,14.980263710021973,152.82659912109375,21.215349197387695,5.4604105949401855,1.0594987869262695,0.834003210067749
SB67040_component_1055a,155.347051,22.827535,4.941999912261963,27.153846740722656,155.3470458984375,22.827434539794922,5.479986190795898,1.145660638809204,0.9018270969390869
SB67040_component_1057a,155.859061,24.709723,4.800000190734863,23.076923370361328,155.85891723632812,24.70953369140625,6.565842151641846,0.928717315196991,0.731056272983551
SB67040_component_1058a,154.893466,23.398826,4.949999809265137,27.653629302978516,154.8933868408203,23.39900016784668,6.346462726593018,0.9908459782600403,0.7799620032310486
SB67040_component_1059a,156.932539,23.857537,4.835000038146973,24.29648208618164,156.93238830566406,23.857349395751953,5.331136226654053,1.152151107788086,0.9069361090660095
SB67040_component_1061a,151.454801,21.458183,4.958000183105469,23.609525680541992,151.45494079589844,21.458250045776367,6.217144966125488,1.0130906105041504,0.7974721789360046
SB67040_component_1063a,153.327812,21.528664,5.429999828338623,26.617647171020508,153.32777404785156,21.528738021850586,7.299948215484619,0.9449585676193237,0.7438408732414246
SB67040_component_1064a,153.602379,20.626987,4.910999774932861,10.04294490814209,153.60255432128906,20.627017974853516,5.09126091003418,1.2253984212875366,0.9645940065383911
SB67040_component_1079a,156.770107,25.115067,4.6479997634887695,22.67317008972168,156.77020263671875,25.114788055419922,3.580622911453247,1.6490743160247803,1.298098087310791
SB67040_component_1084a,155.67477,22.999382,4.559999942779541,27.636362075805664,155.674560546875,22.999181747436523,6.124838829040527,0.9458077549934387,0.7445093989372253
SB67040_component_1085a,155.550078,23.037641,4.416999816894531,26.136093139648438,155.54983520507812,23.037519454956055,5.980398178100586,0.9382747411727905,0.7385795712471008
SB67040_component_1086a,151.711379,22.402137,4.736000061035156,21.824886322021484,151.71131896972656,22.402315139770508,7.844071865081787,0.7670132517814636,0.6037680506706238
SB67040_component_1087a,157.225458,23.487485,4.318999767303467,19.811925888061523,157.22544860839844,23.487274169921875,5.36886739730835,1.0219584703445435,0.804452657699585
SB67040_component_1088a,157.57599,24.818871,4.841000080108643,12.606770515441895,157.5760040283203,24.81890106201172,7.662980079650879,0.8025463223457336,0.631738543510437
SB67040_component_1095a,154.85197,22.117004,5.039000034332275,29.81656837463379,154.85177612304688,22.11701202392578,5.470127105712891,1.1702526807785034,0.9211851954460144
SB67040_component_1096a,153.821849,22.952512,4.3480000495910645,19.67420768737793,153.8217315673828,22.952512741088867,3.691210985183716,1.4964195489883423,1.1779332160949707
SB67040_component_1102a,155.229381,22.075046,4.4029998779296875,19.923076629638672,155.2291259765625,22.074644088745117,6.025448322296143,0.928307831287384,0.7307339906692505
SB67040_component_1104a,152.187742,23.982448,4.744999885559082,20.630434036254883,152.18740844726562,23.9825439453125,5.947392463684082,1.0135433673858643,0.7978286147117615
SB67040_component_1106a,151.088498,22.522806,4.2270002365112305,10.593985557556152,151.08839416503906,22.523052215576172,5.296904563903809,1.0137779712677002,0.7980132699012756
SB67040_component_1107a,157.773247,25.491756,4.690000057220459,11.383495330810547,157.77346801757812,25.49160385131836,1.6118760108947754,3.696357011795044,2.9096531867980957
SB67040_component_1108a,152.440239,20.811262,4.040999889373779,11.645532608032227,152.44029235839844,20.81085205078125,3.1369102001190186,1.6365129947662354,1.2882102727890015
SB67040_component_1109a,154.127219,24.686329,4.663000106811523,25.620880126953125,154.1272430419922,24.686359405517578,6.693233966827393,0.885038435459137,0.6966736912727356
SB67040_component_1112a,156.787053,23.142127,4.776000022888184,23.297561645507812,156.78692626953125,23.141983032226562,7.015191555023193,0.864883303642273,0.6808081865310669
SB67040_component_1113a,155.552642,24.200914,4.683000087738037,22.955883026123047,155.55255126953125,24.200563430786133,6.541211128234863,0.9094916582107544,0.715922474861145
SB67040_component_1114a,155.502656,22.968238,4.894000053405762,28.958580017089844,155.50267028808594,22.9681396484375,6.06502103805542,1.0250955820083618,0.806922197341919
SB67040_component_1117a,151.675305,21.467828,4.323999881744385,20.78845977783203,151.67518615722656,21.467510223388672,4.765883445739746,1.152590274810791,0.9072819352149963
SB67040_component_1124a,155.569706,22.60832,4.7870001792907715,23.815919876098633,155.56935119628906,22.60799789428711,5.370136737823486,1.1324286460876465,0.8914112448692322
SB67040_component_1127a,156.15781,25.036466,4.28000020980835,22.40837860107422,156.15794372558594,25.036569595336914,3.908595085144043,1.3910918235778809,1.0950226783752441
SB67040_component_1128a,153.781209,21.367142,4.206999778747559,23.502790451049805,153.78106689453125,21.36714744567871,4.383520126342773,1.2192203998565674,0.9597309231758118
SB67040_component_1129a,154.553511,21.24767,4.947999954223633,26.89130401611328,154.5533447265625,21.24798583984375,5.902279376983643,1.0649828910827637,0.8383201956748962
SB67040_component_1131a,157.446893,25.765568,4.432000160217285,11.422680854797363,157.44686889648438,25.7654972076416,7.075819492340088,0.7957116961479187,0.6263585686683655
SB67040_component_1134a,153.949364,20.976269,4.75,18.129772186279297,153.94924926757812,20.97657012939453,5.607995986938477,1.0760157108306885,0.8470048904418945
SB67040_component_1135a,150.985733,23.286954,4.635000228881836,10.905882835388184,150.98577880859375,23.286706924438477,6.712690830230713,0.8771741390228271,0.6904832124710083
SB67040_component_1136a,153.631236,24.325097,4.26800012588501,22.702129364013672,153.63134765625,24.324962615966797,5.155833721160889,1.0516185760498047,0.8278002142906189
SB67040_component_1138a,153.446715,22.3645,4.5370001792907715,25.925716400146484,153.44668579101562,22.36460304260254,4.494918346405029,1.2822706699371338,1.0093621015548706
SB67040_component_1141a,153.470253,25.385166,4.510000228881836,20.22421646118164,153.47023010253906,25.385244369506836,6.327282428741455,0.905507504940033,0.7127863168716431
SB67040_component_1143a,152.520704,21.576494,4.480999946594238,21.236967086791992,152.52078247070312,21.576435089111328,7.615804195404053,0.7474667429924011,0.5883817076683044
SB67040_component_1145a,153.084076,25.678012,4.311999797821045,14.71672248840332,153.08412170410156,25.677854537963867,5.497962474822998,0.996344804763794,0.7842904925346375
SB67040_component_1149a,157.381326,22.331087,4.863999843597412,16.71477508544922,157.38137817382812,22.33074951171875,4.445342540740967,1.3900200128555298,1.0941789150238037
SB67040_component_1151a,156.143126,23.887909,4.426000118255615,25.29142951965332,156.14306640625,23.88767433166504,6.054351806640625,0.9287022352218628,0.7310444116592407
SB67040_component_1160a,153.051572,22.90128,4.479000091552734,22.064041137695312,153.05133056640625,22.901527404785156,6.117236614227295,0.9301617741584778,0.7321933507919312
SB67040_component_1171a,156.053654,24.97091,4.388999938964844,23.596773147583008,156.05349731445312,24.970905303955078,5.368600368499756,1.0385735034942627,0.8175315260887146
SB67040_component_1173a,152.598839,24.502885,4.425000190734863,23.537235260009766,152.5986785888672,24.503026962280273,5.545092582702637,1.0137648582458496,0.7980029582977295
SB67040_component_1174a,155.934594,22.095687,4.302000045776367,21.297029495239258,155.93421936035156,22.095584869384766,4.180545806884766,1.3072845935821533,1.0290522575378418
SB67040_component_1176a,155.040759,20.872661,3.631999969482422,10.527536392211914,155.04074096679688,20.872392654418945,5.6635332107543945,0.8146876096725464,0.6412957906723022
SB67040_component_1178a,157.410606,24.597104,3.9149999618530273,10.090206146240234,157.41091918945312,24.59695816040039,6.53896951675415,0.7605979442596436,0.5987181663513184
SB67040_component_1180a,157.263363,22.336396,4.673999786376953,16.996362686157227,157.26341247558594,22.336137771606445,6.470019340515137,0.9177318811416626,0.7224089503288269
SB67040_component_1181a,152.650679,23.114026,4.209000110626221,22.036649703979492,152.65061950683594,23.11406707763672,3.8044049739837646,1.4054808616638184,1.1063491106033325
SB67040_component_1182a,152.579404,23.174876,3.938999891281128,21.177417755126953,152.57936096191406,23.174901962280273,5.751684188842773,0.8700088262557983,0.6848428845405579
SB67040_component_1183a,153.092827,24.082872,4.199999809265137,22.22222137451172,153.09262084960938,24.082799911499023,6.472999095916748,0.8242831826210022,0.6488491296768188
SB67040_component_1185a,153.355881,25.128993,3.822000026702881,17.452054977416992,153.35586547851562,25.129056930541992,5.733808994293213,0.8467987179756165,0.666572630405426
SB67040_component_1190a,151.75614,21.573282,4.414000034332275,20.24770736694336,151.75601196289062,21.573400497436523,6.503086090087891,0.8622745275497437,0.6787546873092651
SB67040_component_1196a,153.003997,24.027047,3.9779999256134033,22.099998474121094,153.00392150878906,24.027265548706055,5.0623369216918945,0.998266339302063,0.7858030796051025
SB67040_component_1202a,155.933648,21.287984,4.500999927520752,20.93488311767578,155.93360900878906,21.287742614746094,6.580657958984375,0.868905246257782,0.6839741468429565
SB67040_component_1205a,154.209531,23.409815,4.434000015258789,24.229509353637695,154.2094268798828,23.409835815429688,5.871250629425049,0.9593957662582397,0.7552053928375244
SB67040_component_1207a,155.242383,25.410891,4.348999977111816,21.21463394165039,155.242431640625,25.410884857177734,4.876966953277588,1.1328498125076294,0.8917427659034729
SB67040_component_1211a,155.041816,21.484953,4.454999923706055,24.081079483032227,155.04151916503906,21.48511505126953,6.13446569442749,0.9225792288780212,0.7262246012687683
SB67040_component_1212a,155.153445,24.462203,4.085000038146973,19.830097198486328,155.15335083007812,24.462446212768555,5.509544372558594,0.9419093132019043,0.7414406538009644
SB67040_component_1213a,156.404855,23.303454,3.815999984741211,18.798030853271484,156.40480041503906,23.30327606201172,5.095291614532471,0.9514195322990417,0.7489266991615295
SB67040_component_1220a,152.64236,24.965354,3.7190001010894775,19.47120475769043,152.64219665527344,24.965412139892578,6.205546855926514,0.7613403797149658,0.5993025302886963
SB67040_component_1221a,151.815494,23.296943,4.257999897003174,20.669902801513672,151.8154296875,23.297014236450195,6.640504360198975,0.8145866394042969,0.6412163376808167
SB67040_component_1222a,154.231611,23.199023,4.548999786376953,21.66190528869629,154.2316131591797,23.19911766052246,4.4283576011657715,1.3049863576889038,1.0272431373596191
SB67040_component_1223a,151.983869,25.008274,3.88700008392334,17.748859405517578,151.98374938964844,25.008636474609375,4.96425724029541,0.9947019815444946,0.7829973101615906
SB67040_component_1225a,152.401093,22.016816,4.289999961853027,23.833332061767578,152.40109252929688,22.01656150817871,4.1269354820251465,1.3205727338790894,1.039512276649475
SB67040_component_1226a,152.879441,21.11111,3.859999895095825,15.502007484436035,152.87942504882812,21.111032485961914,4.991678714752197,0.982366144657135,0.7732869386672974
SB67040_component_1227a,157.342256,25.602157,3.9630000591278076,14.623616218566895,157.34226989746094,25.601940155029297,6.22811222076416,0.8083517551422119,0.6363083720207214
SB67040_component_1228a,154.535632,23.695442,3.9560000896453857,20.7120418548584,154.53541564941406,23.695186614990234,4.906895637512207,1.0241938829421997,0.8062124252319336
SB67040_component_1232a,153.999565,23.281076,4.060999870300293,22.814605712890625,153.99940490722656,23.281225204467773,4.081086158752441,1.2641247510910034,0.9950782060623169
SB67040_component_1235a,155.985572,24.736268,3.8399999141693115,19.492385864257812,155.9855194091797,24.735998153686523,4.152871131896973,1.1746689081192017,0.9246614575386047
SB67040_component_1238a,153.41245,23.789677,3.8429999351501465,21.711864471435547,153.41226196289062,23.78972625732422,5.363986015319824,0.910155177116394,0.7164447903633118
SB67040_component_1239a,154.390034,23.381041,3.7929999828338623,17.807512283325195,154.39010620117188,23.380849838256836,5.334558010101318,0.9032689929008484,0.7110242247581482
SB67040_component_1240a,153.515185,21.246347,3.877000093460083,22.154287338256836,153.51524353027344,21.246421813964844,4.052262306213379,1.21543288230896,0.9567495584487915
SB67040_component_1241a,154.190242,22.382205,3.7160000801086426,20.53038787841797,154.18994140625,22.382347106933594,4.832030296325684,0.9769644737243652,0.7690349221229553
SB67040_component_1243a,157.294282,22.048668,4.238999843597412,17.961864471435547,157.2943572998047,22.04844093322754,5.433984756469727,0.9910092949867249,0.7800905108451843
SB67040_component_1246a,155.469779,23.434745,4.105999946594238,21.724868774414062,155.46969604492188,23.434452056884766,5.41551399230957,0.9631900191307068,0.7581921219825745
SB67040_component_1248a,157.330356,24.775663,3.7100000381469727,12.576272010803223,157.33038330078125,24.77564239501953,5.04587459564209,0.9340501427650452,0.7352541089057922
SB67040_component_1252a,152.68917,23.955223,4.031000137329102,22.148353576660156,152.68902587890625,23.955242156982422,6.098989009857178,0.8396295309066772,0.660929262638092
SB67040_component_1253a,151.224136,23.390796,3.8320000171661377,11.172012329101562,151.22396850585938,23.390607833862305,5.043731212615967,0.965175449848175,0.75975501537323
SB67040_component_1257a,153.006949,24.099905,4.224999904632568,20.91584014892578,153.0067138671875,24.099964141845703,5.007558345794678,1.0718485116958618,0.8437245488166809
SB67040_component_1258a,155.759869,24.690148,4.357999801635742,21.89949607849121,155.7598114013672,24.68998146057129,3.978792667388916,1.3914532661437988,1.0953071117401123
SB67040_component_1263a,152.804684,23.540561,3.9809999465942383,20.41538429260254,152.8045196533203,23.54061508178711,4.487913131713867,1.1268872022628784,0.8870492577552795
SB67040_component_1269a,154.954923,24.49923,3.940000057220459,20.846561431884766,154.95494079589844,24.499237060546875,5.584720134735107,0.896246612071991,0.7054964303970337
SB67040_component_1270a,156.585429,21.136206,3.9679999351501465,17.177488327026367,156.58518981933594,21.13640022277832,5.28837776184082,0.953195333480835,0.7503246068954468
SB67040_component_1273a,152.235075,23.613991,3.9240000247955322,20.87234115600586,152.23483276367188,23.614057540893555,4.454953193664551,1.118970274925232,0.8808173537254333
SB67040_component_1274a,152.516384,23.739692,3.4130001068115234,18.15425682067871,152.5163116455078,23.739656448364258,4.745325565338135,0.9136987328529358,0.7192341089248657
SB67040_component_1279a,151.238193,24.366812,4.28000020980835,18.528139114379883,151.238037109375,24.366779327392578,5.484547138214111,0.9913699626922607,0.7803744077682495
SB67040_component_1280a,152.147038,21.845961,3.5940001010894775,18.243656158447266,152.14703369140625,21.84619903564453,4.7104716300964355,0.9692736268043518,0.7629809379577637
SB67040_component_1282a,155.73166,21.964241,3.930000066757202,20.257732391357422,155.73167419433594,21.964019775390625,5.160950183868408,0.967376708984375,0.7614877223968506
SB67040_component_1283a,151.269014,23.313533,4.242000102996826,14.527398109436035,151.2689971923828,23.313508987426758,5.233855247497559,1.0296311378479004,0.8104924559593201
SB67040_component_1284a,151.973177,24.579663,4.13100004196167,21.184616088867188,151.97323608398438,24.579574584960938,5.404293060302734,0.9710666537284851,0.7643923163414001
SB67040_component_1285a,155.842941,22.321369,3.9649999141693115,18.356481552124023,155.84283447265625,22.321258544921875,3.8513336181640625,1.3078705072402954,1.0295134782791138
SB67040_component_1287a,154.338564,21.151787,3.621000051498413,17.1611385345459,154.3385009765625,21.151838302612305,4.337255477905273,1.0605868101119995,0.8348597288131714
SB67040_component_1294a,151.652063,22.642103,3.9040000438690186,17.122806549072266,151.65208435058594,22.642436981201172,3.242009401321411,1.5297774076461792,1.2041914463043213
SB67040_component_1300a,154.410943,23.502841,3.513000011444092,17.477611541748047,154.4106903076172,23.502599716186523,3.757915735244751,1.1875826120376587,0.9348267316818237
SB67040_component_1302a,156.638449,20.888342,3.234999895095825,10.14106559753418,156.6385955810547,20.88831901550293,4.443134784698486,0.9249483942985535,0.7280895113945007
SB67040_component_1308a,156.237926,21.740089,3.7880001068115234,17.376148223876953,156.23806762695312,21.739866256713867,4.7687907218933105,1.0091005563735962,0.7943313717842102
SB67040_component_1309a,152.981798,23.936198,3.490999937057495,19.948572158813477,152.98178100585938,23.936431884765625,4.273140907287598,1.0378518104553223,0.8169634342193604
SB67040_component_1310a,155.906342,25.068587,3.7899999618530273,19.336734771728516,155.906494140625,25.068431854248047,3.095276355743408,1.5555088520050049,1.224446415901184
SB67040_component_1311a,154.432679,20.719158,4.010000228881836,10.837838172912598,154.4325714111328,20.71913719177246,4.476667881011963,1.1379475593566895,0.8957555890083313
SB67040_component_1314a,155.769103,21.515842,4.127999782562256,19.111108779907227,155.76873779296875,21.515687942504883,5.026620864868164,1.0432689189910889,0.8212276101112366
SB67040_component_1319a,153.102357,21.079481,3.8310000896453857,14.622138023376465,153.10231018066406,21.07911491394043,4.943357467651367,0.9845161437988281,0.7749793529510498
SB67040_component_1321a,152.838863,21.768214,3.5759999752044678,17.275362014770508,152.8389892578125,21.768001556396484,6.241581916809082,0.7278394103050232,0.5729316473007202
SB67040_component_1324a,151.69584,23.648645,3.38700008392334,14.855263710021973,151.6955108642578,23.648807525634766,5.307343482971191,0.8107196688652039,0.6381723880767822
SB67040_component_1325a,155.427628,23.080218,3.746999979019165,21.169490814208984,155.427490234375,23.079940795898438,4.792417526245117,0.9932572841644287,0.7818601131439209
SB67040_component_1328a,151.764542,24.870203,4.0329999923706055,18.248868942260742,151.76446533203125,24.870128631591797,6.590749740600586,0.7773670554161072,0.6119182705879211
SB67040_component_1330a,156.10246,23.918746,3.5350000858306885,19.85955047607422,156.10238647460938,23.918420791625977,4.129403591156006,1.0875139236450195,0.8560558557510376
SB67040_component_1336a,151.511231,23.320644,3.6519999504089355,16.159292221069336,151.5111541748047,23.320907592773438,3.9518802165985107,1.173977255821228,0.9241170883178711
SB67040_component_1337a,156.782483,25.602028,3.9179999828338623,14.351648330688477,156.782470703125,25.601966857910156,5.4744062423706055,0.909201443195343,0.7156940698623657
SB67040_component_1342a,155.986066,23.1076,3.311000108718872,19.591716766357422,155.98594665527344,23.10756492614746,5.218553066253662,0.8060125112533569,0.6344670653343201
SB67040_component_1345a,151.406467,22.202872,3.9630000591278076,10.681941032409668,151.40626525878906,22.202510833740234,4.125357151031494,1.220380425453186,0.9606441259384155
SB67040_component_1350a,157.190965,22.280858,3.8970000743865967,15.464285850524902,157.19110107421875,22.28070068359375,4.665225028991699,1.0611835718154907,0.8353294730186462
SB67040_component_1351a,152.329559,21.697276,3.765000104904175,18.188405990600586,152.32952880859375,21.697063446044922,4.07098913192749,1.1748915910720825,0.9248366951942444
SB67040_component_1352a,156.72248,22.280193,3.515000104904175,15.977272987365723,156.72250366210938,22.280349731445312,5.519940376281738,0.8089537024497986,0.6367822885513306
SB67040_component_1353a,154.008684,21.359593,3.671999931335449,17.912195205688477,154.00860595703125,21.359697341918945,4.960320472717285,0.9404281973838806,0.7402747273445129
SB67040_component_1354a,153.290013,22.81183,3.3289999961853027,16.239025115966797,153.2899627685547,22.81191635131836,3.5013680458068848,1.2078381776809692,0.9507712125778198
SB67040_component_1357a,154.683645,22.95163,3.752000093460083,21.31818199157715,154.68373107910156,22.95160675048828,3.08526611328125,1.5449090003967285,1.2161026000976562
SB67040_component_1358a,152.640489,21.602056,3.864000082015991,19.614213943481445,152.64027404785156,21.60161590576172,5.2981181144714355,0.926505982875824,0.7293155789375305
SB67040_component_1361a,155.000064,22.097598,3.4800000190734863,18.913043975830078,154.99998474121094,22.09730339050293,5.519772529602051,0.8009229898452759,0.6304607391357422
SB67040_component_1364a,153.675252,25.040232,3.4600000381469727,17.299999237060547,153.67530822753906,25.03999137878418,4.628997802734375,0.9495587944984436,0.7474620342254639
SB67040_component_1366a,154.376507,24.848713,3.8910000324249268,20.587303161621094,154.3765411376953,24.848556518554688,5.176914215087891,0.9548231959342957,0.7516060471534729
SB67040_component_1368a,155.116758,23.960973,3.4769999980926514,17.472362518310547,155.11660766601562,23.96099853515625,4.862953186035156,0.9083167314529419,0.7149976491928101
SB67040_component_1369a,153.604854,21.104597,3.828000068664551,18.492753982543945,153.60482788085938,21.104915618896484,5.184000492095947,0.9380794167518616,0.7384258508682251
SB67040_component_1371a,153.455861,25.60186,3.871999979019165,14.611321449279785,153.45579528808594,25.601778030395508,5.342713356018066,0.9206746220588684,0.7247253656387329
SB67040_component_1376a,153.782332,23.734569,3.671999931335449,20.629213333129883,153.7822723388672,23.7347354888916,4.387092113494873,1.0633069276809692,0.837000846862793
SB67040_component_1381a,151.902839,22.851885,3.880000114440918,17.716896057128906,151.90269470214844,22.851791381835938,5.5219197273254395,0.8926360011100769,0.7026541829109192
SB67040_component_1382a,151.386295,22.689007,3.5220000743865967,15.793722152709961,151.3861541748047,22.689165115356445,3.762969970703125,1.18902587890625,0.9359628558158875
SB67040_component_1384a,152.284436,23.849845,3.1470000743865967,16.4764404296875,152.28427124023438,23.849899291992188,4.693203926086426,0.8518439531326294,0.6705440878868103
SB67040_component_1390a,154.004202,24.939665,3.427000045776367,17.94240951538086,154.0043487548828,24.939964294433594,3.85408091545105,1.129603385925293,0.8891873359680176
SB67040_component_1392a,157.272117,21.91709,3.3499999046325684,13.346613883972168,157.2720184326172,21.916772842407227,5.406770706176758,0.7871174812316895,0.6195935010910034
SB67040_component_1395a,156.557311,25.31644,3.0209999084472656,14.454545021057129,156.55706787109375,25.316619873046875,3.5086803436279297,1.0938042402267456,0.8610074520111084
SB67040_component_1396a,153.926203,24.022108,3.3380000591278076,17.206186294555664,153.92608642578125,24.02195167541504,5.253231525421143,0.8072211146354675,0.6354184150695801
SB67040_component_1401a,152.232829,22.975217,3.6510000228881836,19.317461013793945,152.23269653320312,22.975114822387695,4.991868019104004,0.9291406273841858,0.7313895225524902
SB67040_component_1405a,152.530406,21.373155,3.3550000190734863,15.825471878051758,152.5302276611328,21.372848510742188,4.598878383636475,0.9267728924751282,0.7295256853103638
SB67040_component_1406a,151.455685,21.029534,3.4749999046325684,12.728937149047852,151.45553588867188,21.02977752685547,3.009995937347412,1.4666335582733154,1.1544865369796753
SB67040_component_1413a,154.35385,24.901263,3.384999990463257,18.598901748657227,154.3538055419922,24.901153564453125,4.602187156677246,0.9343876838684082,0.7355198264122009
SB67040_component_1414a,156.051032,23.592454,3.614000082015991,19.53513526916504,156.05108642578125,23.592193603515625,4.7978668212890625,0.9569134712219238,0.7532514333724976
SB67040_component_1416a,154.680387,24.896996,3.437000036239624,18.47849464416504,154.6802978515625,24.89700698852539,2.6828346252441406,1.6274900436401367,1.2811076641082764
SB67040_component_1428a,154.748313,21.725637,3.367000102996826,17.26666831970215,154.74835205078125,21.725393295288086,5.486242294311523,0.7796521186828613,0.6137169599533081
SB67040_component_1431a,152.098202,24.637669,3.4730000495910645,16.382076263427734,152.09808349609375,24.637773513793945,3.787693977355957,1.164830207824707,0.9169167280197144
SB67040_component_1434a,155.240966,21.018087,3.249000072479248,12.642024040222168,155.24085998535156,21.017887115478516,5.232734203338623,0.788776159286499,0.6208991408348083
SB67040_component_1435a,154.791563,22.578566,3.437000036239624,18.37967872619629,154.79150390625,22.57878303527832,3.061574935913086,1.4261571168899536,1.1226248741149902
SB67040_component_1438a,152.455022,21.552699,3.555999994277954,17.262136459350586,152.45497131347656,21.55231285095215,4.278770446777344,1.055785059928894,0.83107990026474
SB67040_component_1441a,156.984696,22.537661,3.3570001125335693,14.224576950073242,156.98501586914062,22.537561416625977,4.411808490753174,0.9666458964347839,0.7609124779701233
SB67040_component_1443a,155.270951,23.376928,3.6429998874664307,20.93678092956543,155.2710418701172,23.37656021118164,4.296689510345459,1.0771046876907349,0.8478620052337646
SB67040_component_1444a,152.378423,25.287611,3.503999948501587,14.600000381469727,152.37826538085938,25.287654876708984,4.629701614379883,0.961487889289856,0.7568522095680237
SB67040_component_1447a,152.307569,22.068828,3.1110000610351562,16.54787254333496,152.30714416503906,22.068864822387695,4.267371654510498,0.9261306524276733,0.7290201783180237
SB67040_component_1449a,151.272473,22.566636,3.4670000076293945,11.220065116882324,151.27239990234375,22.566696166992188,4.508151054382324,0.9769854545593262,0.7690514326095581
SB67040_component_1451a,156.79845,22.17873,3.4070000648498535,16.538835525512695,156.798583984375,22.178653717041016,4.319026470184326,1.0021183490753174,0.7888351678848267
SB67040_component_1455a,151.998818,23.341323,3.247999906539917,16.656410217285156,151.99879455566406,23.3411808013916,4.359320640563965,0.946520209312439,0.745070219039917
SB67040_component_1460a,152.884199,22.921453,3.2960000038146973,16.73096466064453,152.88421630859375,22.92154312133789,5.028320789337158,0.8327161073684692,0.6554872393608093
SB67040_component_1465a,153.375663,23.014024,3.5510001182556152,19.618785858154297,153.37539672851562,23.014219284057617,4.670677661895752,0.9658362865447998,0.76027512550354
SB67040_component_1466a,156.741659,21.07836,3.2160000801086426,12.369231224060059,156.7415008544922,21.077903747558594,3.6550405025482178,1.1177805662155151,0.8798808455467224
SB67040_component_1471a,154.46626,20.968456,3.0769999027252197,12.928570747375488,154.4659423828125,20.96868133544922,4.008450984954834,0.9751774072647095,0.7676281929016113
SB67040_component_1475a,153.259722,23.463997,3.1410000324249268,14.541666030883789,153.25961303710938,23.46367073059082,4.884602069854736,0.8169048428535461,0.6430411338806152
SB67040_component_1477a,153.776285,20.950052,3.572999954223633,13.957030296325684,153.77584838867188,20.95012092590332,2.6537082195281982,1.7104586362838745,1.346417784690857
SB67040_component_1482a,153.001576,22.856743,3.48799991607666,17.439998626708984,153.0012969970703,22.85720443725586,4.213710308074951,1.05158531665802,0.8277740478515625
SB67040_component_1485a,153.497887,20.993735,3.492000102996826,14.796610832214355,153.49769592285156,20.99394416809082,3.290083646774292,1.348341941833496,1.0613712072372437
SB67040_component_1493a,154.39626,22.453823,3.190999984741211,17.7277774810791,154.39613342285156,22.453596115112305,2.9095308780670166,1.393273949623108,1.0967403650283813
SB67040_component_1495a,153.147467,21.39562,3.4539999961853027,17.804122924804688,153.1473846435547,21.39542579650879,3.2348036766052246,1.356460452079773,1.0677618980407715
SB67040_component_1499a,156.852602,22.063217,3.1700000762939453,13.722943305969238,156.8525848388672,22.063339233398438,4.628176212310791,0.8701258897781372,0.6849350333213806
SB67040_component_1502a,154.715177,25.41593,3.115999937057495,15.979487419128418,154.715087890625,25.415996551513672,3.881234884262085,1.0199061632156372,0.8028372526168823
SB67040_component_1504a,155.413693,23.806101,2.8420000076293945,16.239999771118164,155.413818359375,23.80607032775879,3.915210247039795,0.9221503138542175,0.7258869409561157
SB67040_component_1514a,155.961757,23.529408,3.253000020980835,19.24852180480957,155.96157836914062,23.52923011779785,4.2420573234558105,0.9741823077201843,0.7668449282646179
SB67040_component_1515a,151.408045,24.649506,3.063999891281128,15.553298950195312,151.4080810546875,24.649120330810547,4.721346378326416,0.824433445930481,0.6489673852920532
SB67040_component_1517a,156.021639,23.339999,2.930000066757202,16.368715286254883,156.0214080810547,23.340322494506836,4.257571220397949,0.8742555975914001,0.6881858110427856
SB67040_component_1518a,154.34776,21.478988,3.2320001125335693,20.45569610595703,154.3477020263672,21.47866439819336,4.256892204284668,0.9645203948020935,0.7592393755912781
SB67040_component_1519a,151.348013,20.933662,3.507999897003174,11.577557563781738,151.34825134277344,20.933311462402344,3.6872575283050537,1.2086173295974731,0.9513845443725586
SB67040_component_1526a,151.708587,23.016879,2.940000057220459,15.076924324035645,151.70823669433594,23.016902923583984,4.095852375030518,0.9118759632110596,0.7177993059158325
SB67040_component_1531a,154.113259,23.523391,3.127000093460083,18.180233001708984,154.1129608154297,23.523284912109375,3.6674880981445312,1.083158254623413,0.8526272177696228
SB67040_component_1534a,155.641406,22.971921,3.3440001010894775,20.515336990356445,155.6415557861328,22.971837997436523,4.751350402832031,0.8940914273262024,0.7037999629974365
SB67040_component_1536a,156.387005,22.95897,3.052000045776367,16.677595138549805,156.3871612548828,22.958740234375,4.087975978851318,0.9484379887580872,0.7465797662734985
SB67040_component_1537a,151.185929,22.865893,3.119999885559082,13.805309295654297,151.1859893798828,22.865692138671875,5.441113471984863,0.7284495830535889,0.5734120011329651
SB67040_component_1548a,154.186157,25.189616,2.796999931335449,13.84653377532959,154.1863250732422,25.189496994018555,2.692697763442993,1.3195855617523193,1.0387351512908936
SB67040_component_1549a,156.037004,24.663363,3.4210000038146973,16.13679313659668,156.03717041015625,24.66341209411621,3.659059524536133,1.1877261400222778,0.9349396824836731
SB67040_component_1558a,155.902103,23.619458,3.1050000190734863,17.34636878967285,155.90213012695312,23.619403839111328,3.5473244190216064,1.1119709014892578,0.8753076195716858
SB67040_component_1561a,155.613937,21.193552,3.2170000076293945,15.925742149353027,155.61387634277344,21.19305419921875,4.756670951843262,0.859173059463501,0.6763133406639099
SB67040_component_1562a,151.998528,22.543979,2.4030001163482666,11.608695983886719,151.9983367919922,22.543703079223633,3.889172077178955,0.7849271893501282,0.6178693175315857
SB67040_component_1567a,156.372871,24.758761,2.506999969482422,11.769952774047852,156.3727264404297,24.758516311645508,3.032607078552246,1.0501973628997803,0.8266814351081848
SB67040_component_1568a,156.434256,21.807283,2.6760001182556152,12.163637161254883,156.434326171875,21.807157516479492,3.3498311042785645,1.0148361921310425,0.7988463044166565
SB67040_component_1569a,154.445919,23.02824,2.619999885559082,16.073617935180664,154.44580078125,23.028343200683594,3.802644729614258,0.8752824664115906,0.6889941096305847
SB67040_component_1571a,154.070911,22.180478,3.0280001163482666,16.10638427734375,154.07066345214844,22.180557250976562,3.1848981380462646,1.2077945470809937,0.9507368803024292
SB67040_component_1589a,156.746169,21.275968,3.2039999961853027,13.185185432434082,156.74610900878906,21.275850296020508,4.1265788078308105,0.986359179019928,0.776430070400238
SB67040_component_1594a,155.098093,23.322279,2.6410000324249268,14.920904159545898,155.09788513183594,23.32207679748535,2.421264886856079,1.385666847229004,1.0907522439956665
SB67040_component_1603a,156.544264,23.828629,3.25600004196167,15.214953422546387,156.54409790039062,23.82848358154297,3.375211715698242,1.2255078554153442,0.9646802544593811
SB67040_component_1604a,151.762019,21.773304,3.059999942779541,13.480175971984863,151.7618865966797,21.77303695678711,3.006527900695801,1.2929713726043701,1.0177853107452393
SB67040_component_1617a,156.246294,23.424362,2.9059998989105225,16.325841903686523,156.24656677246094,23.42414665222168,4.510204792022705,0.8185251951217651,0.6443166136741638
SB67040_component_1623a,152.788283,21.740182,2.8480000495910645,14.60512924194336,152.78831481933594,21.740310668945312,3.8190033435821533,0.9473766088485718,0.7457443475723267
SB67040_component_1625a,152.824103,24.380048,2.421999931335449,13.021504402160645,152.82411193847656,24.379926681518555,2.1439208984375,1.435152530670166,1.129705786705017
SB67040_component_1627a,153.119697,24.159295,3.0420000553131104,15.286432266235352,153.11959838867188,24.159400939941406,4.110466480255127,0.9401580095291138,0.7400619983673096
SB67040_component_1629a,152.755078,22.587248,2.5280001163482666,11.703703880310059,152.75485229492188,22.58737564086914,3.718109130859375,0.8637492656707764,0.6799155473709106
SB67040_component_1630a,156.686114,23.02123,3.2200000286102295,16.512821197509766,156.68600463867188,23.02092170715332,4.09090518951416,0.9999290108680725,0.7871118783950806
SB67040_component_1631a,154.759807,21.234456,3.009999990463257,15.677083015441895,154.759765625,21.234317779541016,4.398865222930908,0.8692777156829834,0.6842674016952515
SB67040_component_1632a,153.375082,23.394706,2.890000104904175,14.306930541992188,153.37489318847656,23.394704818725586,4.511971473693848,0.8136998414993286,0.6405182480812073
SB67040_component_1636a,151.614141,24.768682,2.799999952316284,12.727272987365723,151.61412048339844,24.768531799316406,3.916367530822754,0.9082539677619934,0.7149482369422913
SB67040_component_1638a,154.424991,25.630684,2.680999994277954,10.723999977111816,154.4247589111328,25.630596160888672,2.1196277141571045,1.6068300008773804,1.2648447751998901
SB67040_component_1648a,156.011772,23.96133,2.565000057220459,15.177515029907227,156.01173400878906,23.961286544799805,3.2010674476623535,1.0179471969604492,0.8012952208518982
SB67040_component_1659a,153.210204,25.001661,2.736999988555908,12.730232238769531,153.2100830078125,25.00152587890625,1.8114548921585083,1.919464111328125,1.5109401941299438
SB67040_component_1660a,154.865304,21.213309,2.6559998989105225,13.346733093261719,154.86512756347656,21.213409423828125,4.168659210205078,0.8094021677970886,0.6371352672576904
SB67040_component_1670a,152.075918,24.924116,2.875,12.72123908996582,152.07591247558594,24.92403221130371,2.769660711288452,1.318693995475769,1.0380332469940186
SB67040_component_1672a,153.086423,21.48088,2.8980000019073486,14.562813758850098,153.08651733398438,21.480804443359375,3.502380609512329,1.0511573553085327,0.8274372220039368
SB67040_component_1677a,153.771385,22.927078,2.640000104904175,11.7333345413208,153.77134704589844,22.927202224731445,3.564779281616211,0.9408145546913147,0.740578830242157
SB67040_component_1678a,156.607597,22.726907,2.944999933242798,14.158653259277344,156.60740661621094,22.727109909057617,3.3643014430999756,1.1120468378067017,0.8753674626350403
SB67040_component_1679a,153.744748,21.704164,2.8480000495910645,16.55813980102539,153.74490356445312,21.704099655151367,3.6807329654693604,0.9829658269882202,0.7737589478492737
SB67040_component_1680a,155.618753,21.707155,2.6640000343322754,12.932039260864258,155.61859130859375,21.706741333007812,3.0760762691497803,1.1001955270767212,0.8660383820533752
SB67040_component_1683a,154.096763,22.928537,2.6530001163482666,13.96315860748291,154.09686279296875,22.928205490112305,3.173283338546753,1.0620895624160767,0.8360426425933838
SB67040_component_1686a,154.274278,22.582492,2.757999897003174,14.515789031982422,154.2740478515625,22.582494735717773,3.1760776042938232,1.1031532287597656,0.8683666586875916
SB67040_component_1695a,154.249902,22.643773,2.743000030517578,14.668448448181152,154.2500457763672,22.64369773864746,4.581485748291016,0.7605928182601929,0.5987140536308289
SB67040_component_1697a,156.295991,21.400876,2.3429999351501465,10.649999618530273,156.29576110839844,21.400876998901367,3.4854819774627686,0.8539690971374512,0.6722168922424316
SB67040_component_1708a,155.371982,24.983835,2.4649999141693115,12.386934280395508,155.37200927734375,24.984066009521484,2.0565237998962402,1.5227054357528687,1.1986244916915894
SB67040_component_1711a,154.691629,23.409419,2.627000093460083,13.471796035766602,154.6914825439453,23.409563064575195,2.0049264430999756,1.664540410041809,1.3102725744247437
SB67040_component_1714a,151.741199,24.168274,2.50600004196167,11.99043083190918,151.740966796875,24.168380737304688,3.624763011932373,0.878282368183136,0.6913555264472961
SB67040_component_1715a,154.861601,21.42201,2.378000020980835,12.010101318359375,154.8611602783203,21.4224910736084,3.3372697830200195,0.9052181839942932,0.7125585079193115
SB67040_component_1719a,152.084623,22.494575,2.825000047683716,14.267677307128906,152.08436584472656,22.494365692138672,3.823085069656372,0.9387224912643433,0.7389320135116577
SB67040_component_1731a,154.706626,22.147756,2.5239999294281006,13.284210205078125,154.706298828125,22.14767837524414,3.6835434436798096,0.8704748749732971,0.6852097511291504
SB67040_component_1737a,152.385884,21.336205,2.696000099182129,13.024154663085938,152.3858642578125,21.33603286743164,3.4807538986206055,0.9839642643928528,0.774544894695282
SB67040_component_1740a,152.882602,23.294919,2.9679999351501465,15.703703880310059,152.8826141357422,23.294633865356445,4.57352352142334,0.8244146108627319,0.6489526033401489
SB67040_component_1746a,157.383442,25.136546,2.4089999198913574,10.164556503295898,157.38330078125,25.136465072631836,3.702512264251709,0.8265573978424072,0.6506392955780029
SB67040_component_1752a,153.418312,21.967622,2.7730000019073486,14.076142311096191,153.4185333251953,21.967819213867188,3.590033769607544,0.9812598824501038,0.7724161148071289
SB67040_component_1753a,154.245882,22.981498,2.871000051498413,16.220338821411133,154.2457275390625,22.981050491333008,2.997037172317505,1.216952919960022,0.9579461216926575
SB67040_component_1755a,153.57619,24.988429,2.2750000953674316,10.06637191772461,153.57608032226562,24.988319396972656,2.7795660495758057,1.0397696495056152,0.8184731006622314
SB67040_component_1762a,154.544207,24.900422,2.5450000762939453,13.537235260009766,154.54432678222656,24.90053367614746,2.2432518005371094,1.441260576248169,1.1345137357711792
SB67040_component_1768a,156.533375,21.70133,2.555000066757202,12.904040336608887,156.53309631347656,21.70131492614746,2.939297676086426,1.104282259941101,0.8692553043365479
SB67040_component_1769a,152.893907,25.111162,2.4590001106262207,11.936893463134766,152.8940887451172,25.111120223999023,2.9000306129455566,1.0771809816360474,0.847922146320343
SB67040_component_1772a,153.213031,22.73728,2.48799991607666,13.977527618408203,153.2129669189453,22.737409591674805,3.120434522628784,1.0129033327102661,0.7973248362541199
SB67040_component_1773a,152.572815,21.88816,2.6419999599456787,13.479592323303223,152.5728302001953,21.888383865356445,3.1446125507354736,1.0673291683197021,0.8401671051979065
SB67040_component_1775a,153.745323,23.396991,2.4800000190734863,12.338308334350586,153.74533081054688,23.396921157836914,3.8108816146850586,0.8267209529876709,0.6507680416107178
SB67040_component_1778a,153.879928,23.780214,2.5390000343322754,13.950550079345703,153.8798370361328,23.78047752380371,1.7851698398590088,1.8068240880966187,1.4222736358642578
SB67040_component_1779a,156.428328,22.944622,2.76200008392334,15.430167198181152,156.42835998535156,22.94450569152832,3.1520488262176514,1.1131750345230103,0.8762555122375488
SB67040_component_1781a,156.454971,24.135175,2.367000102996826,11.218009948730469,156.45510864257812,24.13486099243164,3.0642895698547363,0.9812986254692078,0.7724466323852539
SB67040_component_1783a,156.923897,24.70647,2.674999952316284,11.630434036254883,156.92376708984375,24.70621681213379,2.4272208213806152,1.400061845779419,1.102083444595337
SB67040_component_1784a,151.866498,24.727045,2.421999931335449,11.700482368469238,151.86634826660156,24.72726058959961,1.9856265783309937,1.5495630502700806,1.2197660207748413
SB67040_component_1788a,154.80256,21.065778,2.575000047683716,11.495535850524902,154.8024444580078,21.06609535217285,4.084053039550781,0.8009743094444275,0.6305011510848999
SB67040_component_1790a,153.9317,24.127621,2.296999931335449,11.427860260009766,153.9314422607422,24.12760353088379,3.2195379734039307,0.9063588380813599,0.713456392288208
SB67040_component_1791a,156.03502,22.453615,2.5829999446868896,12.979899406433105,156.0350799560547,22.453168869018555,2.7585837841033936,1.1895177364349365,0.9363499879837036
SB67040_component_1795a,154.974465,22.999904,2.7639999389648438,15.704545021057129,154.97425842285156,23.000137329101562,4.303203582763672,0.8159787654876709,0.6423121690750122
SB67040_component_1798a,155.72641,23.888808,2.2839999198913574,11.895833015441895,155.72669982910156,23.88844108581543,2.428612232208252,1.1947323083877563,0.9404547810554504
SB67040_component_1800a,151.823642,21.846461,2.4609999656677246,11.446511268615723,151.82354736328125,21.846296310424805,3.5313262939453125,0.8853326439857483,0.6969053149223328
SB67040_component_1801a,154.099606,22.206838,2.565000057220459,14.491525650024414,154.09967041015625,22.206790924072266,2.685133218765259,1.2135404348373413,0.9552598595619202
SB67040_component_1804a,155.934797,22.81969,2.180999994277954,11.983516693115234,155.93482971191406,22.819639205932617,3.1241371631622314,0.886866569519043,0.6981127262115479
SB67040_component_1806a,153.230008,24.23018,2.3480000495910645,11.566502571105957,153.2300567626953,24.229934692382812,4.699225425720215,0.6347526907920837,0.4996568262577057
SB67040_component_1807a,153.114079,21.343704,2.628000020980835,14.282608985900879,153.11415100097656,21.343568801879883,3.2767233848571777,1.0188689231872559,0.8020207285881042
SB67040_component_1810a,153.03252,25.535566,2.5269999504089355,11.33183765411377,153.03244018554688,25.535171508789062,3.5705487728118896,0.8990896344184875,0.7077343463897705
SB67040_component_1811a,157.36286,23.668811,2.4110000133514404,10.5283842086792,157.363037109375,23.668453216552734,2.868577241897583,1.0677348375320435,0.8404863476753235
SB67040_component_1815a,156.026062,22.7757,2.1459999084472656,10.623761177062988,156.0259246826172,22.775358200073242,2.654850482940674,1.0268863439559937,0.8083317279815674
SB67040_component_1819a,155.122537,21.777658,2.5899999141693115,12.634145736694336,155.12222290039062,21.7774715423584,3.638380289077759,0.9043246507644653,0.7118551731109619
SB67040_component_1821a,155.870624,25.587044,2.809000015258789,11.465306282043457,155.870361328125,25.587305068969727,4.373810768127441,0.8158766031265259,0.6422317028045654
SB67040_component_1822a,153.515765,21.786214,2.316999912261963,12.456988334655762,153.51560974121094,21.78615951538086,3.317640781402588,0.8872159719467163,0.6983878016471863
SB67040_component_1827a,155.31211,21.424402,2.5490000247955322,12.873737335205078,155.31187438964844,21.42403221130371,3.3244733810424805,0.974046528339386,0.7667379975318909
SB67040_component_1834a,156.476399,24.316912,2.4590001106262207,12.610257148742676,156.47650146484375,24.316770553588867,2.8035476207733154,1.114251732826233,0.8771030306816101
SB67040_component_1835a,156.96351,23.637403,2.444000005722046,12.729166984558105,156.96340942382812,23.637229919433594,3.2295289039611816,0.9613792300224304,0.7567667365074158
SB67040_component_1838a,155.039516,22.21067,2.450000047683716,13.387978553771973,155.0394744873047,22.21010971069336,2.703183174133301,1.1513923406600952,0.9063388705253601
SB67040_component_1839a,154.066152,22.226044,2.4860000610351562,14.71005916595459,154.065673828125,22.226276397705078,1.8622949123382568,1.6958420276641846,1.3349121809005737
SB67040_component_1840a,155.0343,22.610312,2.2360000610351562,11.466667175292969,155.0342254638672,22.610116958618164,3.8275582790374756,0.7421346306800842,0.584184467792511
SB67040_component_1848a,154.602636,24.1262,2.140000104904175,12.228571891784668,154.60256958007812,24.126232147216797,2.871445894241333,0.9467730522155762,0.7452691793441772
SB67040_component_1849a,155.824452,25.077968,2.3919999599456787,11.783251762390137,155.82431030273438,25.078149795532227,3.2410356998443604,0.9375837445259094,0.7380356788635254
SB67040_component_1851a,154.076207,21.656839,2.3580000400543213,12.03061294555664,154.07598876953125,21.657062530517578,3.112809658050537,0.9623298645019531,0.757515013217926
SB67040_component_1858a,152.738802,23.630162,2.4059998989105225,12.596858024597168,152.73899841308594,23.629966735839844,2.699028730392456,1.1324546337127686,0.8914317488670349
SB67040_component_1860a,152.582578,21.784767,2.444000005722046,13.282608985900879,152.58250427246094,21.78439712524414,1.6839096546173096,1.8438056707382202,1.4513843059539795
SB67040_component_1861a,155.72059,23.034319,2.3499999046325684,13.505746841430664,155.7204132080078,23.0339412689209,3.3664729595184326,0.8867995142936707,0.6980599164962769
SB67040_component_1865a,151.798576,24.10695,2.2739999294281006,10.626168251037598,151.798583984375,24.106966018676758,3.0137689113616943,0.9585465788841248,0.7545369267463684
SB67040_component_1866a,154.125371,24.234654,2.321000099182129,13.039325714111328,154.12521362304688,24.234872817993164,2.748581647872925,1.072751760482788,0.8444355726242065
SB67040_component_1869a,156.062685,24.788116,2.6410000324249268,13.406091690063477,156.06236267089844,24.788034439086914,3.89078426361084,0.8623111248016357,0.6787834763526917
SB67040_component_1879a,155.974423,22.76635,2.5369999408721924,13.494681358337402,155.97421264648438,22.766342163085938,3.9179282188415527,0.8226151466369629,0.6475360989570618
SB67040_component_1885a,153.876617,21.347248,2.2820000648498535,11.823834419250488,153.87677001953125,21.347431182861328,2.8201589584350586,1.0279566049575806,0.8091742396354675
SB67040_component_1889a,153.803448,22.691683,2.3329999446868896,12.74863338470459,153.80320739746094,22.6919002532959,2.7637975215911865,1.0723615884780884,0.8441283702850342
SB67040_component_1891a,156.284486,23.478893,2.5169999599456787,12.841836929321289,156.2845916748047,23.47873878479004,2.3047499656677246,1.3873693943023682,1.0920923948287964
SB67040_component_1894a,154.718411,23.951809,2.2279999256134033,11.788359642028809,154.71893310546875,23.95188331604004,2.1182010173797607,1.3362284898757935,1.0518358945846558
SB67040_component_1897a,155.023482,23.9244,2.4579999446868896,13.887004852294922,155.0236358642578,23.92435073852539,3.2612411975860596,0.9574843049049377,0.7537007331848145
SB67040_component_1901a,155.385617,21.104618,2.1010000705718994,10.052631378173828,155.38491821289062,21.104385375976562,3.2722718715667725,0.8156604170799255,0.6420615911483765
SB67040_component_1902a,153.020302,21.696647,2.0230000019073486,10.760638236999512,153.020263671875,21.69680404663086,3.4396517276763916,0.7471608519554138,0.5881409645080566
SB67040_component_1915a,155.411002,22.535169,2.313999891281128,10.966824531555176,155.410888671875,22.535442352294922,3.0817341804504395,0.953895628452301,0.7508758902549744
SB67040_component_1923a,155.140034,22.853132,2.007999897003174,11.217876434326172,155.13990783691406,22.85322380065918,2.972055196762085,0.8583008646965027,0.6756266951560974
SB67040_component_1924a,154.021845,25.491708,2.177999973297119,10.782177925109863,154.0216522216797,25.491914749145508,2.5250449180603027,1.0957752466201782,0.862558901309967
SB67040_component_1930a,156.048582,22.790966,2.1050000190734863,10.524999618530273,156.04818725585938,22.790695190429688,2.4986791610717773,1.070223093032837,0.8424450755119324
SB67040_component_1931a,153.773247,21.522507,2.3550000190734863,13.305085182189941,153.7733612060547,21.5223331451416,3.238517999649048,0.923798680305481,0.7271844744682312
SB67040_component_1937a,152.087764,25.2292,2.322000026702881,10.800000190734863,152.0875701904297,25.229066848754883,2.6660256385803223,1.1064469814300537,0.8709594011306763
SB67040_component_1945a,151.91559,24.350611,2.190999984741211,11.178571701049805,151.9154815673828,24.350425720214844,1.9247479438781738,1.446109652519226,1.1383308172225952
SB67040_component_1947a,153.788811,24.539346,2.0460000038146973,10.65625,153.78884887695312,24.5391902923584,2.6741714477539062,0.9719615578651428,0.7650967836380005
SB67040_component_1949a,152.332263,24.595682,2.4549999237060547,13.715083122253418,152.3321075439453,24.595565795898438,2.7713091373443604,1.125380039215088,0.8858628869056702
SB67040_component_1954a,156.123046,24.430736,2.240000009536743,12.108107566833496,156.12278747558594,24.430805206298828,1.4348416328430176,1.9832468032836914,1.561147928237915
SB67040_component_1960a,152.495813,23.030463,2.071000099182129,10.730569839477539,152.49583435058594,23.029926300048828,2.385563611984253,1.1028636693954468,0.8681387305259705
SB67040_component_1964a,155.053245,21.255282,2.247999906539917,11.019607543945312,155.05322265625,21.255266189575195,2.7664406299591064,1.032304048538208,0.8125964999198914
SB67040_component_1969a,154.826697,21.767072,2.2799999713897705,11.067960739135742,154.82679748535156,21.767480850219727,2.5674827098846436,1.1281323432922363,0.8880293369293213
SB67040_component_1972a,152.086443,22.375304,2.058000087738037,10.663212776184082,152.0866241455078,22.375192642211914,2.507429838180542,1.0426758527755737,0.8207607865333557
SB67040_component_1984a,154.256369,23.836056,1.8140000104904175,10.306818008422852,154.25619506835938,23.835996627807617,2.600969076156616,0.8860021829605103,0.6974323391914368
SB67040_component_1986a,153.713091,21.381399,2.069000005722046,11.822856903076172,153.7124786376953,21.381549835205078,3.30167293548584,0.796084463596344,0.6266520023345947
SB67040_component_1990a,153.346011,23.443387,2.371999979019165,11.295238494873047,153.3458251953125,23.4434871673584,3.1296024322509766,0.9628491401672363,0.7579237222671509
SB67040_component_1995a,151.364904,24.406599,2.299999952316284,10.599078178405762,151.36488342285156,24.406763076782227,3.191218376159668,0.9155962467193604,0.7207278609275818
SB67040_component_2013a,154.274037,23.975972,2.0390000343322754,12.1369047164917,154.27415466308594,23.975852966308594,3.244919776916504,0.7982629537582397,0.6283668279647827
SB67040_component_2024a,151.994746,24.167539,2.2730000019073486,10.671361923217773,151.9947967529297,24.167247772216797,2.2633631229400635,1.275786280632019,1.0042577981948853
SB67040_component_2026a,156.56323,23.088694,2.253999948501587,10.995121955871582,156.563232421875,23.088632583618164,3.941824197769165,0.7264226078987122,0.5718164443969727
SB67040_component_2028a,153.860037,22.450225,1.9210000038146973,11.040229797363281,153.85972595214844,22.450462341308594,2.0599124431610107,1.1847079992294312,0.9325639009475708
SB67040_component_2036a,155.540426,21.169019,2.114000082015991,10.517413139343262,155.5406494140625,21.168128967285156,2.341317892074585,1.1470366716384888,0.9029102921485901
SB67040_component_2038a,155.080034,24.30797,2.188999891281128,11.460732460021973,155.079833984375,24.30767822265625,3.6739392280578613,0.7569139003753662,0.5958182215690613
SB67040_component_2044a,154.874252,24.228231,1.9910000562667847,10.879781723022461,154.8742218017578,24.228273391723633,2.163304567337036,1.1691932678222656,0.9203512668609619
SB67040_component_2052a,152.713889,21.693084,2.194000005722046,10.59903335571289,152.71401977539062,21.693355560302734,3.16975736618042,0.8793126344680786,0.6921665668487549
SB67040_component_2055a,154.058109,23.86603,1.9329999685287476,11.173410415649414,154.05810546875,23.866058349609375,2.3455777168273926,1.046923041343689,0.8241040110588074
SB67040_component_2059a,156.409421,23.877706,2.1110000610351562,11.410811424255371,156.40919494628906,23.877656936645508,1.8549500703811646,1.445735216140747,1.1380360126495361
SB67040_component_2062a,154.241032,21.330331,2.115000009536743,11.131579399108887,154.24098205566406,21.330678939819336,3.086738348007202,0.8704489469528198,0.6851892471313477
SB67040_component_2065a,155.261415,23.846476,1.9839999675750732,11.272727012634277,155.2613067626953,23.845975875854492,2.1284244060516357,1.184175729751587,0.9321448802947998
SB67040_component_2068a,152.234219,23.547767,2.2160000801086426,12.809249877929688,152.2342987060547,23.547365188598633,2.569422483444214,1.0956376791000366,0.8624506592750549
SB67040_component_2095a,153.893062,21.991409,2.1610000133514404,12.419540405273438,153.8928985595703,21.991378784179688,2.555299758911133,1.0743496417999268,0.8456933498382568
SB67040_component_2099a,154.795513,22.869408,1.7979999780654907,10.044692039489746,154.79600524902344,22.86864471435547,2.640658378601074,0.8649881482124329,0.6808907985687256
SB67040_component_2103a,156.45271,22.155207,2.1570000648498535,10.731343269348145,156.45265197753906,22.15465545654297,3.039525032043457,0.9015237092971802,0.7096503973007202
SB67040_component_2105a,155.273208,24.431579,1.9320000410079956,10.615385055541992,155.27279663085938,24.43177032470703,3.1526286602020264,0.778515100479126,0.6128219366073608
SB67040_component_2147a,153.602448,21.869901,1.7990000247955322,10.582352638244629,153.60205078125,21.87017059326172,3.0070321559906006,0.7600213885307312,0.5982643365859985
SB67040_component_2184a,153.480482,22.67117,1.9019999504089355,10.393442153930664,153.48020935058594,22.671836853027344,2.22442364692688,1.0862398147583008,0.8550529479980469
SB67040_component_2195a,154.616394,23.836777,1.871999979019165,10.064516067504883,154.6165008544922,23.836732864379883,2.1999804973602295,1.0809850692749023,0.8509166240692139
SB67040_component_2203a,155.075865,24.608316,1.9700000286102295,10.260416984558105,155.07569885253906,24.608171463012695,2.5950047969818115,0.9644079208374023,0.7591508030891418
SB67040_component_2242a,155.041727,23.513603,1.8220000267028809,10.471264839172363,155.0421600341797,23.51321029663086,1.8456143140792847,1.2541230916976929,0.9872052073478699
SB67040_component_2270a,152.52719,24.006462,1.9229999780654907,10.338708877563477,152.52716064453125,24.006807327270508,2.7870125770568848,0.8765426278114319,0.6899861097335815
