Component_ID,RA,DEC,RA_comp,DEC_comp
SB67358_component_12a,300.875932,30.575322,300.876017,30.575219
SB67358_component_56a,299.39349,34.465009,299.393562,34.465175
