Component_ID,RA,DEC,RA_comp,DEC_comp
SB66767_component_3a,16.458349,48.317613,16.458034,48.317554
SB66767_component_17a,22.034102,49.018641,22.033597,49.018329
