Component_ID,RA,DEC,RA_comp,DEC_comp
SB66915_component_5a,292.785787,31.376223,292.786141,31.375944
