Component_ID,RA,DEC,RA_comp,DEC_comp
SB66856_component_4a,197.747907,32.559812,197.747511,32.559569
SB66856_component_156a,198.074224,35.25574,198.073969,35.255857
