Component_ID,RA,DEC,RA_comp,DEC_comp
SB67353_component_15a,279.65699,-18.565235,279.657048,-18.56535
SB67353_component_342a,281.849736,-16.383725,281.8497,-16.383984
