Component_ID,RA,DEC,RA_comp,DEC_comp
SB67352_component_6a,273.167421,-28.607548,273.167468,-28.607484
SB67352_component_30a,271.919487,-25.107244,271.919532,-25.107207
