Component_ID,RA,DEC,RA_comp,DEC_comp
SB66787_component_16a,95.717633,33.435868,95.717592,33.436225
SB66787_component_77a,98.128156,32.014629,98.128262,32.014898
