Component_ID,RA,DEC,RA_comp,DEC_comp
SB66789_component_3a,108.603304,35.577263,108.603406,35.577721
SB66789_component_20a,107.101823,34.928117,107.101866,34.928365
