Component_ID,RA,DEC,ASKAP_flux,ASKAP_flux_SNR,RA_comp,DEC_comp,Comp_flux,Flux_Ratio_AlphaCorr,Flux_Ratio_NOAlphaCorr
SB67799_component_7a,134.025639,-54.463239,488.9580078125,635.836181640625,134.02557373046875,-54.463279724121094,635.5018310546875,0.9774340987205505,0.7694045901298523
SB67799_component_9a,135.438917,-57.218944,335.8739929199219,1062.892333984375,135.4387969970703,-57.21942138671875,398.45880126953125,1.0708427429199219,0.8429328203201294
SB67799_component_17a,135.804262,-53.873109,193.70599365234375,800.43798828125,135.80433654785156,-53.8731803894043,273.1258239746094,0.9009755849838257,0.7092189192771912
SB67799_component_20a,143.586483,-53.658711,192.75599670410156,820.23828125,143.58639526367188,-53.65863800048828,229.5122833251953,1.0669269561767578,0.8398504853248596
SB67799_component_22a,141.434897,-52.886388,187.85699462890625,36.71232986450195,141.43478393554688,-52.886268615722656,215.5599365234375,1.107113242149353,0.8714838027954102
SB67799_component_24a,141.651853,-54.369333,170.81399536132812,825.1883544921875,141.65176391601562,-54.36928176879883,245.23350524902344,0.8848636746406555,0.696536123752594
SB67799_component_25a,140.633852,-54.307663,166.84500122070312,825.96533203125,140.6337890625,-54.30760192871094,199.90911865234375,1.0602622032165527,0.8346042633056641
SB67799_component_26a,143.9965,-56.748583,167.57000732421875,751.4349975585938,143.996337890625,-56.74861526489258,237.36813354492188,0.8968226909637451,0.7059499025344849
SB67799_component_28a,141.875608,-56.718958,151.26499938964844,737.8780517578125,141.8754425048828,-56.718910217285156,223.716796875,0.8589592576026917,0.6761450171470642
SB67799_component_40a,140.966757,-52.889435,104.22799682617188,120.91415405273438,140.96658325195312,-52.889286041259766,163.61485290527344,0.8092718124389648,0.6370326280593872
SB67799_component_42a,139.966841,-56.51751,105.98200225830078,527.2736206054688,139.9666748046875,-56.51748275756836,119.59754943847656,1.1257514953613281,0.8861553072929382
SB67799_component_47a,143.648361,-58.351021,95.5510025024414,167.92794799804688,143.6484375,-58.351112365722656,70.48971557617188,1.7220360040664673,1.355531096458435
SB67799_component_49a,141.305599,-53.840276,92.21600341796875,465.7373962402344,141.3054962158203,-53.84016799926758,139.8556671142578,0.8376429677009583,0.6593655347824097
SB67799_component_53a,138.839263,-55.824851,84.14700317382812,429.3214416503906,138.83912658691406,-55.82484817504883,117.10395812988281,0.9128507971763611,0.7185667157173157
SB67799_component_55a,141.431746,-57.134123,81.58000183105469,433.9361877441406,141.43157958984375,-57.134132385253906,113.20376586914062,0.9154940843582153,0.720647394657135
SB67799_component_56a,134.426138,-55.069171,83.59700012207031,126.27945709228516,134.42605590820312,-55.069190979003906,94.8364486694336,1.1198197603225708,0.8814859986305237
SB67799_component_57a,143.971008,-56.6151,77.62100219726562,333.1373596191406,143.97085571289062,-56.615142822265625,109.6985092163086,0.8988996744155884,0.7075848579406738
SB67799_component_58a,136.54497,-55.272361,72.69599914550781,417.7931213378906,136.54476928710938,-55.27239227294922,97.29093170166016,0.9492287039756775,0.7472022175788879
SB67799_component_59a,135.251324,-56.928223,73.73899841308594,303.4526672363281,135.25115966796875,-56.928672790527344,88.09075164794922,1.063407301902771,0.8370798826217651
SB67799_component_61a,145.394833,-53.427279,65.65499877929688,64.24168395996094,145.3948974609375,-53.42729568481445,91.12250518798828,0.9153239727020264,0.7205135226249695
SB67799_component_62a,135.610654,-55.857592,66.5989990234375,318.6554870605469,135.61024475097656,-55.857608795166016,81.24983978271484,1.0413048267364502,0.8196815848350525
SB67799_component_63a,141.657895,-55.227076,67.89700317382812,375.12158203125,141.65774536132812,-55.22702407836914,79.32421112060547,1.08737051486969,0.8559430241584778
SB67799_component_64a,139.044128,-57.601658,65.6500015258789,336.66668701171875,139.0443115234375,-57.60190200805664,83.6332015991211,0.9972148537635803,0.7849753499031067
SB67799_component_65a,144.786723,-54.765392,65.55999755859375,127.05426788330078,144.78665161132812,-54.76546096801758,96.21913146972656,0.86558598279953,0.6813613772392273
SB67799_component_69a,139.554972,-53.559257,57.63199996948242,243.17298889160156,139.55487060546875,-53.5592041015625,67.8854751586914,1.0784984827041626,0.84895920753479
SB67799_component_70a,142.997841,-54.087079,59.74300003051758,280.48358154296875,142.9977264404297,-54.087039947509766,61.511016845703125,1.2338627576828003,0.9712569117546082
SB67799_component_72a,142.158514,-57.487932,61.077999114990234,319.78009033203125,142.15846252441406,-57.4880485534668,76.37501525878906,1.0159356594085693,0.7997117638587952
SB67799_component_78a,138.474679,-56.8188,55.25699996948242,297.08062744140625,138.47474670410156,-56.81896209716797,69.79988098144531,1.0056928396224976,0.7916489243507385
SB67799_component_79a,133.611666,-54.464856,56.137001037597656,54.1340446472168,133.61155700683594,-54.464900970458984,64.30266571044922,1.1090545654296875,0.8730120062828064
SB67799_component_80a,135.464302,-56.29388,53.382999420166016,265.5870666503906,135.46389770507812,-56.2939453125,68.65877532958984,0.9877331852912903,0.7775116562843323
SB67799_component_82a,139.271511,-53.505874,52.2239990234375,221.2881317138672,139.27142333984375,-53.505821228027344,70.09281921386719,0.9465189576148987,0.745069146156311
SB67799_component_83a,139.464189,-53.342363,51.349998474121094,174.6598663330078,139.46405029296875,-53.342315673828125,56.1070671081543,1.1626676321029663,0.9152144193649292
SB67799_component_85a,141.622464,-55.939419,48.64799880981445,277.9885559082031,141.622314453125,-55.93936538696289,63.23091125488281,0.9773907661437988,0.7693704962730408
SB67799_component_89a,142.776965,-53.746025,51.893001556396484,247.1095428466797,142.77687072753906,-53.74591827392578,67.41460418701172,0.9778844118118286,0.7697590589523315
SB67799_component_91a,141.375493,-54.709433,50.90999984741211,278.19671630859375,141.37535095214844,-54.70939636230469,70.62289428710938,0.9157782196998596,0.7208710312843323
SB67799_component_93a,137.929938,-58.437361,44.66699981689453,77.81707000732422,137.9301300048828,-58.4376220703125,66.30225372314453,0.8558372855186462,0.6736875176429749
SB67799_component_97a,136.022489,-54.543482,44.667999267578125,220.03941345214844,136.0224151611328,-54.543521881103516,60.675418853759766,0.9352257251739502,0.7361794710159302
SB67799_component_98a,135.508825,-54.463765,44.6510009765625,211.61611938476562,135.50880432128906,-54.463829040527344,58.20584487915039,0.9745346903800964,0.7671222686767578
SB67799_component_100a,140.657771,-55.990366,47.98099899291992,263.6318664550781,140.65756225585938,-55.990318298339844,63.85005187988281,0.9546424746513367,0.751463770866394
SB67799_component_101a,143.827485,-54.830996,44.917999267578125,171.4427490234375,143.8273162841797,-54.83103942871094,59.37710952758789,0.9610236287117004,0.7564867734909058
SB67799_component_103a,137.615297,-53.908594,45.88800048828125,234.12245178222656,137.61538696289062,-53.908634185791016,60.964454650878906,0.9562141299247742,0.752700924873352
SB67799_component_105a,141.839704,-52.840144,43.85100173950195,42.164424896240234,141.83944702148438,-52.84012222290039,56.182212829589844,0.991547167301178,0.7805139422416687
SB67799_component_106a,133.743966,-56.930189,40.12799835205078,36.71363067626953,133.7436981201172,-56.930721282958984,57.41786575317383,0.8878368735313416,0.6988765001296997
SB67799_component_107a,136.656679,-55.789347,42.24100112915039,218.8652801513672,136.65623474121094,-55.789268493652344,37.62052917480469,1.42640221118927,1.122817873954773
SB67799_component_108a,133.908267,-54.214031,42.21900177001953,64.35823059082031,133.90817260742188,-54.214054107666016,28.250904083251953,1.898490071296692,1.4944300651550293
SB67799_component_109a,136.153081,-54.503594,41.448001861572266,207.24000549316406,136.1530303955078,-54.50366973876953,43.65869903564453,1.2060506343841553,0.9493641257286072
SB67799_component_110a,141.4046,-57.288778,42.409000396728516,239.598876953125,141.4044647216797,-57.288814544677734,54.17965316772461,0.9943848848342896,0.782747745513916
SB67799_component_113a,134.072979,-56.112694,42.09400177001953,130.3219757080078,134.07252502441406,-56.112640380859375,48.663272857666016,1.0988833904266357,0.8650055527687073
SB67799_component_114a,143.098368,-54.048769,38.25199890136719,173.08596801757812,143.0982666015625,-54.0487060546875,39.170188903808594,1.2405983209609985,0.9765589833259583
SB67799_component_116a,141.787867,-57.78051,43.38800048828125,224.80828857421875,141.78785705566406,-57.780643463134766,59.78450012207031,0.9219635725021362,0.7257399559020996
SB67799_component_118a,135.831234,-55.646096,38.909000396728516,205.86773681640625,135.8308868408203,-55.646114349365234,50.71004867553711,0.9747399687767029,0.7672838568687439
SB67799_component_120a,140.311825,-56.012299,36.987998962402344,229.73912048339844,140.3115997314453,-56.0122184753418,47.239070892333984,0.9947001338005066,0.782995879650116
SB67799_component_122a,134.622503,-56.652417,40.31100082397461,113.55211639404297,134.62222290039062,-56.652687072753906,51.35797119140625,0.9971223473548889,0.7849025130271912
SB67799_component_127a,137.788101,-56.772908,37.27000045776367,180.04830932617188,137.7880859375,-56.77311325073242,45.12856674194336,1.0491572618484497,0.82586270570755
SB67799_component_130a,138.020219,-52.826136,36.007999420166016,108.45783233642578,138.02041625976562,-52.82622146606445,48.44115447998047,0.9443157315254211,0.7433348894119263
SB67799_component_133a,143.728937,-54.152091,36.89799880981445,166.9592742919922,143.72889709472656,-54.15205764770508,33.12545394897461,1.4150562286376953,1.1138865947723389
SB67799_component_134a,140.809627,-56.795943,33.80799865722656,185.75823974609375,140.80943298339844,-56.79587936401367,47.3937873840332,0.9062139391899109,0.7133424282073975
SB67799_component_135a,144.569837,-54.478264,33.01300048828125,55.113525390625,144.5697479248047,-54.47832107543945,42.509735107421875,0.9865732192993164,0.7765985727310181
SB67799_component_137a,142.494068,-53.069222,34.777000427246094,75.76688385009766,142.49380493164062,-53.069129943847656,42.405921936035156,1.041833519935608,0.8200977444648743
SB67799_component_138a,140.488261,-55.341155,34.96699905395508,200.95977783203125,140.48817443847656,-55.34110641479492,51.20603561401367,0.867500901222229,0.6828687191009521
SB67799_component_139a,136.928259,-54.707572,34.91999816894531,201.84971618652344,136.92816162109375,-54.707618713378906,45.040443420410156,0.9849275350570679,0.7753031849861145
SB67799_component_140a,137.907297,-56.971515,33.82400131225586,184.8306121826172,137.9073486328125,-56.971744537353516,41.09698486328125,1.0455570220947266,0.8230288028717041
SB67799_component_141a,143.842103,-58.157607,34.53799819946289,85.4900894165039,143.84213256835938,-58.157737731933594,27.492128372192383,1.5959582328796387,1.256286859512329
SB67799_component_143a,139.73143,-58.525691,36.19499969482422,48.583892822265625,139.7317352294922,-58.525630950927734,34.547210693359375,1.330970048904419,1.0476967096328735
SB67799_component_144a,144.778804,-58.201762,33.68600082397461,34.164302825927734,144.7789306640625,-58.201847076416016,48.3601188659668,0.8849012851715088,0.6965656876564026
SB67799_component_152a,142.619719,-55.229382,29.663999557495117,162.09835815429688,142.6195526123047,-55.2293586730957,31.355384826660156,1.2018500566482544,0.9460575580596924
SB67799_component_153a,143.383781,-55.466127,30.724000930786133,152.85572814941406,143.3836669921875,-55.46615219116211,23.11040687561035,1.6888959407806396,1.329444408416748
SB67799_component_154a,143.709459,-53.368774,34.215999603271484,133.1361846923828,143.7093505859375,-53.36865234375,46.424991607666016,0.9362894296646118,0.7370167970657349
SB67799_component_157a,138.404012,-57.758013,29.23699951171875,156.3475799560547,138.40423583984375,-57.75834655761719,26.78367805480957,1.3867409229278564,1.0915976762771606
SB67799_component_159a,135.282103,-56.299913,29.385000228881836,159.70108032226562,135.28164672851562,-56.29999923706055,35.7921142578125,1.0429682731628418,0.8209909200668335
SB67799_component_162a,137.728575,-54.879779,28.135000228881836,156.30555725097656,137.72848510742188,-54.879756927490234,38.75731658935547,0.9222017526626587,0.725927472114563
SB67799_component_163a,134.87126,-58.02906,27.916000366210938,93.05332946777344,134.87100219726562,-58.02952194213867,39.72911071777344,0.8926414847373962,0.7026585936546326
SB67799_component_164a,142.219249,-56.184731,27.8700008392334,155.6983184814453,142.2191162109375,-56.18474578857422,20.819734573364258,1.7005701065063477,1.3386337757110596
SB67799_component_167a,142.802407,-56.935654,28.11400032043457,152.79347229003906,142.8022003173828,-56.93567657470703,39.44611358642578,0.9054222106933594,0.7127191424369812
SB67799_component_168a,142.272982,-56.437638,27.570999145507812,153.17221069335938,142.27285766601562,-56.437625885009766,31.20063591003418,1.1225916147232056,0.8836678862571716
SB67799_component_170a,143.685597,-53.618814,27.270999908447266,125.67281341552734,143.68556213378906,-53.618743896484375,34.34497833251953,1.008719801902771,0.7940316796302795
SB67799_component_171a,143.303308,-55.825158,26.606000900268555,146.99449157714844,143.30313110351562,-55.82523727416992,34.91400146484375,0.9680832028388977,0.7620438933372498
SB67799_component_175a,135.376849,-53.278379,25.981000900268555,56.97587966918945,135.37684631347656,-53.278472900390625,37.668392181396484,0.8762167096138,0.6897295117378235
SB67799_component_180a,139.263765,-55.427486,24.57200050354004,136.5111083984375,139.26370239257812,-55.42749786376953,35.70975112915039,0.8741508722305298,0.6881033778190613
SB67799_component_185a,137.130579,-57.536515,25.038000106811523,131.77894592285156,137.13058471679688,-57.536983489990234,35.83658218383789,0.8875764608383179,0.6986715197563171
SB67799_component_186a,141.217724,-54.311946,26.82900047302246,149.0500030517578,141.2176513671875,-54.31188201904297,34.18599319458008,0.996985912322998,0.7847951054573059
SB67799_component_188a,139.97739,-53.81566,24.04199981689453,98.13060760498047,139.97727966308594,-53.81563186645508,27.105758666992188,1.126786708831787,0.8869701623916626
SB67799_component_192a,143.778065,-54.049895,23.7189998626709,109.30415344238281,143.7779541015625,-54.049896240234375,17.64397430419922,1.7077829837799072,1.3443115949630737
SB67799_component_197a,138.293495,-56.77064,22.552000045776367,126.69662475585938,138.2935333251953,-56.770809173583984,35.503753662109375,0.8069442510604858,0.6352004408836365
SB67799_component_198a,136.1155,-53.245327,22.974000930786133,76.58000183105469,136.11553955078125,-53.245418548583984,31.181198120117188,0.9360015392303467,0.7367901802062988
SB67799_component_201a,143.783984,-57.850927,23.91699981689453,89.2425308227539,143.78396606445312,-57.851043701171875,33.93094253540039,0.895454466342926,0.7048728466033936
SB67799_component_202a,143.413009,-53.232677,23.44300079345703,67.75434112548828,143.4128875732422,-53.23259353637695,12.589642524719238,2.3655521869659424,1.862086296081543
SB67799_component_203a,133.602887,-58.077071,22.118999481201172,33.564491271972656,133.60264587402344,-58.07758331298828,28.303813934326172,0.9927805066108704,0.7814847826957703
SB67799_component_204a,139.931075,-58.101507,22.13599967956543,84.16729736328125,139.93136596679688,-58.101593017578125,21.520532608032227,1.306708812713623,1.0285990238189697
SB67799_component_206a,142.278617,-53.142627,23.625999450683594,66.55211639404297,142.27838134765625,-53.14247131347656,31.3565731048584,0.9571815729141235,0.7534624338150024
SB67799_component_207a,134.55414,-55.412567,21.386999130249023,55.40673065185547,134.5538330078125,-55.4126091003418,27.446258544921875,0.9899184703826904,0.77923184633255
SB67799_component_208a,136.027415,-58.159945,24.160999298095703,64.08753204345703,136.0272674560547,-58.16044616699219,29.02512550354004,1.057483196258545,0.8324167132377625
SB67799_component_209a,140.21374,-55.801371,22.45800018310547,130.56976318359375,140.2135467529297,-55.80128860473633,35.251670837402344,0.8093271255493164,0.637076199054718
SB67799_component_212a,145.011256,-53.698849,20.30299949645996,37.737918853759766,145.01129150390625,-53.698856353759766,26.278034210205078,0.9815220236778259,0.7726224660873413
SB67799_component_215a,140.700357,-57.338119,21.584999084472656,116.04837799072266,140.70025634765625,-57.338157653808594,15.249813079833984,1.798126459121704,1.4154270887374878
SB67799_component_218a,137.583748,-54.62076,21.725000381469727,116.17646789550781,137.5836181640625,-54.62071228027344,17.014564514160156,1.6220777034759521,1.276847243309021
SB67799_component_219a,137.888968,-55.278885,22.231000900268555,130.77059936523438,137.8888702392578,-55.278865814208984,31.63517189025879,0.8927328586578369,0.7027305364608765
SB67799_component_221a,137.41485,-54.455553,22.641000747680664,137.2181854248047,137.4146728515625,-54.4555778503418,28.810861587524414,0.9983253479003906,0.7858495116233826
SB67799_component_223a,134.180194,-54.80967,21.34600067138672,41.20849609375,134.1802215576172,-54.80967330932617,27.2357177734375,0.9956585764884949,0.7837502360343933
SB67799_component_227a,142.287004,-52.919541,21.89299964904785,34.10124588012695,142.2867889404297,-52.91947937011719,27.82526397705078,0.9995365738868713,0.7868029475212097
SB67799_component_231a,141.824608,-54.148899,20.325000762939453,112.2928237915039,141.8245849609375,-54.148826599121094,25.35717010498047,1.0182689428329468,0.8015484809875488
SB67799_component_232a,136.402729,-58.297223,21.905000686645508,50.125858306884766,136.40264892578125,-58.29768753051758,26.19455909729004,1.0623432397842407,0.8362423777580261
SB67799_component_237a,136.862979,-56.737802,21.381000518798828,113.12699127197266,136.86288452148438,-56.73805236816406,28.92017364501953,0.9392037987709045,0.7393109202384949
SB67799_component_239a,138.697172,-54.886655,19.507999420166016,95.62744903564453,138.6970977783203,-54.88664627075195,25.800790786743164,0.9605333209037781,0.7561008334159851
SB67799_component_242a,143.052265,-57.140575,18.756999969482422,94.7323226928711,143.05221557617188,-57.14063262939453,24.942325592041016,0.9553425908088684,0.7520148754119873
SB67799_component_244a,143.549877,-54.924977,21.358999252319336,97.52967834472656,143.5496826171875,-54.9250373840332,15.76125431060791,1.7215627431869507,1.3551585674285889
SB67799_component_245a,138.250563,-56.786513,19.224000930786133,105.04918670654297,138.25059509277344,-56.786685943603516,26.14129638671875,0.9342204332351685,0.7353882193565369
SB67799_component_247a,143.015526,-58.331186,19.06100082397461,36.168880462646484,143.01551818847656,-58.33127975463867,25.423845291137695,0.95243901014328,0.7497292757034302
SB67799_component_250a,142.958258,-55.830356,18.305999755859375,100.5824203491211,142.9581298828125,-55.830379486083984,19.20429801940918,1.2109543085098267,0.9532241225242615
SB67799_component_251a,138.341839,-53.192268,18.687999725341797,46.37220764160156,138.3418426513672,-53.19225311279297,24.247562408447266,0.9791008830070496,0.7707166075706482
SB67799_component_252a,142.612813,-53.57629,18.55699920654297,77.0,142.6126708984375,-53.57621383666992,24.19053077697754,0.9745296835899353,0.7671183347702026
SB67799_component_254a,134.066967,-57.42318,20.240999221801758,65.93159484863281,134.066650390625,-57.42368698120117,27.94119644165039,0.920279324054718,0.7244141697883606
SB67799_component_255a,141.162995,-55.285586,18.535999298095703,104.13482666015625,141.1629180908203,-55.2855339050293,24.934064865112305,0.9443992972373962,0.7434006333351135
SB67799_component_262a,134.944529,-58.234189,18.613000869750977,41.17920684814453,134.94435119628906,-58.2346076965332,20.776491165161133,1.13809072971344,0.8958683609962463
SB67799_component_266a,143.322214,-53.755998,18.31999969482422,80.0,143.32212829589844,-53.75593948364258,26.988388061523438,0.8623453378677368,0.6788104176521301
SB67799_component_269a,135.608233,-56.741804,19.795000076293945,100.48223876953125,135.60809326171875,-56.74223327636719,24.887170791625977,1.01044499874115,0.795389711856842
SB67799_component_271a,137.490972,-53.676271,17.37700080871582,89.11283111572266,137.4910888671875,-53.676307678222656,21.25819969177246,1.038439154624939,0.8174257874488831
SB67799_component_272a,144.757621,-57.559305,19.514999389648438,39.74541473388672,144.75759887695312,-57.559410095214844,25.270421981811523,0.981044590473175,0.7722466588020325
SB67799_component_279a,134.149108,-54.624622,17.10099983215332,36.61884307861328,134.14918518066406,-54.62472152709961,21.915395736694336,0.9912995100021362,0.7803190350532532
SB67799_component_281a,144.955497,-55.083312,17.783000946044922,48.19241714477539,144.9554443359375,-55.08326721191406,26.58022117614746,0.849922239780426,0.6690313220024109
SB67799_component_285a,139.638042,-55.079151,16.507999420166016,74.02690124511719,139.63803100585938,-55.07910919189453,23.421384811401367,0.8953948616981506,0.7048259377479553
SB67799_component_288a,142.295067,-57.373082,16.35700035095215,88.41621398925781,142.29501342773438,-57.373172760009766,21.953065872192383,0.946544885635376,0.745089590549469
SB67799_component_291a,133.901184,-54.083302,15.76099967956543,22.074230194091797,133.90115356445312,-54.08341598510742,21.038888931274414,0.9516860246658325,0.7491365075111389
SB67799_component_293a,141.379391,-53.906637,18.503000259399414,101.10929107666016,141.3793487548828,-53.90650177001953,25.210683822631836,0.9323741793632507,0.7339348793029785
SB67799_component_298a,136.077317,-53.216872,15.927000045776367,48.85582733154297,136.07740783691406,-53.21697235107422,20.162433624267578,1.0035147666931152,0.7899343967437744
SB67799_component_300a,139.761687,-54.30458,15.399999618530273,83.69564819335938,139.76170349121094,-54.30454635620117,17.62519073486328,1.1099913120269775,0.8737493753433228
SB67799_component_302a,136.615831,-56.585914,15.913000106811523,92.51744079589844,136.61566162109375,-56.58615493774414,21.096860885620117,0.958223819732666,0.7542828321456909
SB67799_component_309a,134.696233,-58.359583,15.892999649047852,27.44904899597168,134.69601440429688,-58.359989166259766,22.002120971679688,0.917643666267395,0.7223394513130188
SB67799_component_311a,134.795617,-58.065451,15.303999900817871,47.23456573486328,134.7953643798828,-58.06585693359375,17.363170623779297,1.1197179555892944,0.8814058303833008
SB67799_component_312a,136.357431,-53.287878,15.42199993133545,48.344825744628906,136.35752868652344,-53.28797149658203,17.247323989868164,1.1359302997589111,0.8941677212715149
SB67799_component_314a,140.651373,-56.464169,15.595000267028809,87.1229019165039,140.65109252929688,-56.4640998840332,21.77927589416504,0.9096506834030151,0.7160477042198181
SB67799_component_318a,140.149104,-57.525434,15.225000381469727,87.50000762939453,140.1492156982422,-57.525516510009766,18.924640655517578,1.0220270156860352,0.8045067191123962
SB67799_component_320a,139.325353,-55.196277,16.28700065612793,87.56451416015625,139.32533264160156,-55.196266174316406,22.04787826538086,0.9384410977363586,0.7387105822563171
SB67799_component_328a,138.140382,-54.816187,15.152999877929688,89.6627197265625,138.14028930664062,-54.81620788574219,19.999330520629883,0.9625335931777954,0.7576753497123718
SB67799_component_329a,144.470171,-53.830466,14.50100040435791,52.73091125488281,144.47015380859375,-53.830448150634766,19.247602462768555,0.9570927619934082,0.7533925771713257
SB67799_component_332a,139.21019,-56.883142,15.74899959564209,91.03468322753906,139.21017456054688,-56.88324737548828,23.687467575073242,0.8446311354637146,0.6648663282394409
SB67799_component_334a,137.927341,-57.21148,14.098999977111816,79.2078628540039,137.92735290527344,-57.211822509765625,17.26921272277832,1.0371664762496948,0.8164240121841431
SB67799_component_336a,135.533462,-55.112429,14.980999946594238,76.04568481445312,135.5334014892578,-55.11249923706055,20.054468154907227,0.948991596698761,0.7470155954360962
SB67799_component_340a,142.349103,-56.920588,14.210000038146973,78.94444274902344,142.3489532470703,-56.92061996459961,22.594667434692383,0.7989522814750671,0.6289094686508179
SB67799_component_343a,142.833882,-56.65939,14.621999740600586,76.95789337158203,142.83364868164062,-56.65938949584961,20.708044052124023,0.8970164060592651,0.7061024308204651
SB67799_component_347a,145.152406,-55.652045,14.564000129699707,19.86903190612793,145.15243530273438,-55.65192413330078,13.454676628112793,1.3751184940338135,1.082448959350586
SB67799_component_351a,133.63909,-55.521961,14.491999626159668,67.09259033203125,133.63865661621094,-55.521968841552734,17.268619537353516,1.0661134719848633,0.8392100930213928
SB67799_component_355a,143.989799,-56.430718,13.4350004196167,61.3470344543457,143.98959350585938,-56.430782318115234,17.982051849365234,0.9491419196128845,0.7471339106559753
SB67799_component_358a,144.12408,-54.571355,13.5600004196167,42.50783920288086,144.1239471435547,-54.571407318115234,15.934969902038574,1.081038475036621,0.8509586453437805
SB67799_component_359a,145.168551,-55.694506,14.522000312805176,19.107894897460938,145.16854858398438,-55.69432067871094,17.183757781982422,1.0735963582992554,0.8451004028320312
SB67799_component_360a,134.05862,-56.968103,12.180000305175781,20.50505256652832,134.0583038330078,-56.96866226196289,18.014970779418945,0.8589076399803162,0.6761043667793274
SB67799_component_361a,135.396236,-52.832735,12.906999588012695,11.6805419921875,135.39633178710938,-52.832950592041016,18.787944793701172,0.8727276921272278,0.686983048915863
SB67799_component_362a,135.770944,-53.684446,13.152999877929688,64.79310607910156,135.77101135253906,-53.684532165527344,16.459381103515625,1.0151822566986084,0.7991187572479248
SB67799_component_364a,136.046429,-55.392786,12.711999893188477,66.55496978759766,136.04624938964844,-55.39280700683594,13.06283187866211,1.2362583875656128,0.9731427431106567
SB67799_component_365a,142.574544,-53.742867,13.215999603271484,60.07272720336914,142.57443237304688,-53.74275588989258,17.536869049072266,0.9573718905448914,0.7536122798919678
SB67799_component_369a,142.669818,-53.8389,12.187999725341797,60.03940963745117,142.66969299316406,-53.83884811401367,13.299516677856445,1.1642045974731445,0.9164242744445801
SB67799_component_374a,137.635927,-55.95627,12.473999977111816,75.5999984741211,137.63565063476562,-55.956268310546875,16.852521896362305,0.9403154253959656,0.7401859760284424
SB67799_component_380a,144.302143,-53.743878,12.100000381469727,48.79032516479492,144.3022003173828,-53.74391555786133,16.289949417114258,0.9436226487159729,0.7427893280982971
SB67799_component_384a,137.281869,-54.041498,12.378000259399414,68.3867416381836,137.28192138671875,-54.04153823852539,16.785451889038086,0.9368070960044861,0.7374243140220642
SB67799_component_386a,142.215408,-54.619055,12.140999794006348,68.59321594238281,142.21531677246094,-54.6190185546875,16.999462127685547,0.9073022603988647,0.7141990661621094
SB67799_component_389a,139.456861,-53.84735,12.354000091552734,71.41040802001953,139.45687866210938,-53.847286224365234,17.78297233581543,0.88254314661026,0.6947095394134521
SB67799_component_390a,139.342912,-53.084463,12.430000305175781,30.615764617919922,139.3427276611328,-53.084381103515625,19.49298095703125,0.8100757002830505,0.6376654505729675
SB67799_component_393a,136.272922,-54.421359,12.630999565124512,66.13088989257812,136.27272033691406,-54.421382904052734,14.641514778137207,1.0959341526031494,0.8626839518547058
SB67799_component_394a,137.790346,-56.180635,12.590999603271484,74.94642639160156,137.79010009765625,-56.18061447143555,17.044605255126953,0.9384388327598572,0.7387087941169739
SB67799_component_398a,137.511933,-54.940031,12.994000434875488,72.18888854980469,137.5118408203125,-54.94001007080078,16.352041244506836,1.0094937086105347,0.7946408987045288
SB67799_component_400a,145.515225,-55.272982,13.677000045776367,16.61846923828125,145.51515197753906,-55.272945404052734,14.961183547973633,1.1613352298736572,0.9141656756401062
SB67799_component_402a,140.870689,-56.324412,11.937999725341797,69.40697479248047,140.87051391601562,-56.32432174682617,15.198746681213379,0.9978299140930176,0.7854594588279724
SB67799_component_406a,136.249648,-56.640738,12.359000205993652,72.27485656738281,136.24951171875,-56.64109802246094,14.982885360717773,1.0479018688201904,0.8248745203018188
SB67799_component_407a,135.487212,-58.009712,11.892000198364258,36.4785270690918,135.487060546875,-58.01015090942383,14.491918563842773,1.0424655675888062,0.8205953240394592
SB67799_component_410a,141.43478,-55.946611,12.027999877929688,72.02395629882812,141.4346160888672,-55.94662094116211,15.461980819702148,0.9882367849349976,0.7779080867767334
SB67799_component_414a,144.365155,-55.60667,11.288000106811523,42.11940383911133,144.36508178710938,-55.60668182373047,10.302664756774902,1.3918747901916504,1.0956388711929321
SB67799_component_415a,137.066063,-56.865155,12.022000312805176,69.09195709228516,137.06602478027344,-56.8654670715332,16.255470275878906,0.9395283460617065,0.739566445350647
SB67799_component_416a,144.284652,-52.703694,11.973999977111816,36.175228118896484,144.28492736816406,-52.70340347290039,9.206502914428711,1.6522557735443115,1.3006024360656738
SB67799_component_421a,143.50708,-55.932547,11.614999771118164,63.125,143.50685119628906,-55.93257522583008,12.700157165527344,1.1618306636810303,0.9145556092262268
SB67799_component_424a,140.468818,-57.743487,11.543999671936035,60.124996185302734,140.4689483642578,-57.743587493896484,16.59315299987793,0.883812427520752,0.6957086324691772
SB67799_component_426a,143.509199,-57.862614,11.098999977111816,50.221717834472656,143.5092315673828,-57.86275100708008,12.034491539001465,1.1716254949569702,0.9222658276557922
SB67799_component_430a,142.481751,-55.399415,11.027000427246094,60.256832122802734,142.48162841796875,-55.39939498901367,10.18198013305664,1.3758081197738647,1.0829917192459106
SB67799_component_431a,136.067327,-57.021796,11.727999687194824,63.05376052856445,136.06719970703125,-57.02227020263672,15.600663185119629,0.9550225138664246,0.751762866973877
SB67799_component_432a,142.935297,-52.924016,12.555000305175781,15.25516414642334,142.93496704101562,-52.923824310302734,10.477524757385254,1.5222667455673218,1.1982792615890503
SB67799_component_435a,136.191882,-56.551624,12.12399959564209,62.494842529296875,136.19171142578125,-56.55193328857422,14.511707305908203,1.0613535642623901,0.8354633450508118
SB67799_component_436a,138.470338,-55.471389,12.006999969482422,64.90270233154297,138.47018432617188,-55.47141647338867,11.369024276733398,1.3416647911071777,1.0561152696609497
SB67799_component_440a,133.013648,-57.616901,12.038999557495117,11.261926651000977,133.01296997070312,-57.617427825927734,14.095499038696289,1.085032343864441,0.854102373123169
SB67799_component_442a,134.840873,-54.315196,10.98799991607666,46.7574462890625,134.8408966064453,-54.315250396728516,14.26938533782959,0.978241503238678,0.7700401544570923
SB67799_component_447a,141.386526,-53.147659,10.593000411987305,23.59242820739746,141.3863983154297,-53.14754867553711,14.910211563110352,0.9025430083274841,0.7104527354240417
SB67799_component_449a,138.065466,-55.677345,11.227999687194824,64.52873229980469,138.06539916992188,-55.67732620239258,14.473982810974121,0.9854782223701477,0.7757366895675659
SB67799_component_460a,138.347582,-55.223066,10.503999710083008,58.03314971923828,138.34742736816406,-55.22303771972656,10.447444915771484,1.2772542238235474,1.005413293838501
SB67799_component_466a,135.026534,-56.499563,10.48799991607666,47.672725677490234,135.02621459960938,-56.49972915649414,16.142650604248047,0.8253735303878784,0.6497074365615845
SB67799_component_467a,136.863813,-57.090815,11.151000022888184,60.27567672729492,136.86373901367188,-57.09121322631836,12.859768867492676,1.1015732288360596,0.8671228885650635
SB67799_component_469a,145.543759,-57.391445,10.894000053405762,10.200374603271484,145.54360961914062,-57.39153289794922,14.000222206115723,0.9885193109512329,0.7781305313110352
SB67799_component_472a,135.715667,-53.860733,10.331000328063965,43.04583740234375,135.71572875976562,-53.860801696777344,12.918944358825684,1.0158932209014893,0.799678385257721
SB67799_component_473a,142.587031,-56.149559,10.5649995803833,62.88690185546875,142.5869140625,-56.1495246887207,14.932648658752441,0.8988047242164612,0.7075101137161255
SB67799_component_474a,133.476453,-57.654535,11.361000061035156,20.037038803100586,133.47601318359375,-57.65499496459961,18.28468132019043,0.7893359661102295,0.6213397979736328
SB67799_component_478a,135.040545,-58.216839,10.638999938964844,24.401376724243164,135.0401153564453,-58.21723937988281,14.990808486938477,0.9015887379646301,0.7097015380859375
SB67799_component_481a,136.504015,-53.253955,10.00100040435791,31.648733139038086,136.50418090820312,-53.25401306152344,12.7633638381958,0.9954306483268738,0.7835708856582642
SB67799_component_483a,137.055355,-53.591647,10.015999794006348,43.17241287231445,137.055419921875,-53.591800689697266,13.583312034606934,0.9367449283599854,0.7373753786087036
SB67799_component_488a,137.621664,-53.008954,10.472999572753906,20.024856567382812,137.6217803955078,-53.0090217590332,10.826553344726562,1.2288916110992432,0.967343807220459
SB67799_component_489a,138.307068,-54.013252,10.178999900817871,56.54999542236328,138.30715942382812,-54.01323318481445,12.840047836303711,1.007096767425537,0.792754054069519
SB67799_component_490a,138.101315,-56.606115,9.8149995803833,50.59278106689453,138.10122680664062,-56.60631561279297,12.276561737060547,1.0156550407409668,0.7994909286499023
SB67799_component_492a,143.301916,-55.00595,10.012999534606934,50.82740783691406,143.3017120361328,-55.00605392456055,11.520371437072754,1.1041560173034668,0.8691559433937073
SB67799_component_494a,142.184823,-56.476023,9.614999771118164,50.605262756347656,142.18463134765625,-56.47602462768555,13.748419761657715,0.8884422779083252,0.6993530988693237
SB67799_component_495a,142.58697,-58.431372,10.5600004196167,13.283019065856934,142.58702087402344,-58.43136978149414,15.843422889709473,0.8467352986335754,0.6665226817131042
SB67799_component_496a,135.969654,-53.957633,10.097000122070312,46.3165168762207,135.96971130371094,-53.95770263671875,9.171330451965332,1.3985974788665771,1.1009308099746704
SB67799_component_497a,140.768133,-54.603956,10.255000114440918,56.97222137451172,140.76797485351562,-54.60389709472656,13.03991985321045,0.9990643262863159,0.7864311933517456
SB67799_component_504a,140.054945,-55.168105,10.475000381469727,56.92934799194336,140.05491638183594,-55.168052673339844,14.264097213745117,0.9329158663749695,0.7343612313270569
SB67799_component_506a,139.785461,-53.640354,9.704000473022461,26.955554962158203,139.78530883789062,-53.64046859741211,12.349475860595703,0.9982401132583618,0.7857823967933655
SB67799_component_508a,136.44117,-54.88055,9.194999694824219,50.521976470947266,136.4411163330078,-54.880577087402344,7.632558822631836,1.530432939529419,1.204707384109497
SB67799_component_509a,137.411741,-53.206624,10.104999542236328,30.16417694091797,137.41175842285156,-53.20668411254883,15.149118423461914,0.8473867177963257,0.6670354604721069
SB67799_component_515a,136.078665,-55.157521,9.611000061035156,53.6927375793457,136.07843017578125,-55.157569885253906,12.690971374511719,0.9620694518089294,0.7573100328445435
SB67799_component_518a,140.499308,-57.08812,9.52299976348877,53.499996185302734,140.49917602539062,-57.08805465698242,10.965270042419434,1.1032835245132446,0.86846923828125
SB67799_component_520a,139.200399,-53.228262,9.277000427246094,32.66549301147461,139.20030212402344,-53.22820281982422,12.951595306396484,0.9099489450454712,0.7162824273109436
SB67799_component_524a,142.330852,-53.41388,8.621999740600586,36.689361572265625,142.33062744140625,-53.41373062133789,10.56287670135498,1.0369516611099243,0.8162549138069153
SB67799_component_525a,142.72977,-54.019945,8.868000030517578,42.840579986572266,142.72976684570312,-54.01993942260742,11.715617179870605,0.9615973234176636,0.7569383382797241
SB67799_component_528a,136.15608,-53.405555,9.225000381469727,36.31889724731445,136.15625,-53.40562057495117,11.572281837463379,1.0126984119415283,0.7971634864807129
SB67799_component_531a,136.952813,-56.413716,9.730999946594238,50.9476432800293,136.95265197753906,-56.41378402709961,10.549029350280762,1.1718652248382568,0.9224545359611511
SB67799_component_533a,142.468104,-55.60191,9.10099983215332,46.91236877441406,142.46788024902344,-55.60193634033203,12.651434898376465,0.9138649702072144,0.7193650007247925
SB67799_component_535a,139.713961,-52.909794,9.414999961853027,11.248506546020508,139.713623046875,-52.909671783447266,15.794042587280273,0.7572856545448303,0.5961108207702637
SB67799_component_536a,136.984151,-55.82505,9.034000396728516,50.18888854980469,136.9835968017578,-55.8250732421875,9.135672569274902,1.2562390565872192,0.9888708591461182
SB67799_component_537a,136.462423,-56.029089,9.319000244140625,53.8670539855957,136.46182250976562,-56.02900695800781,11.00675106048584,1.0755804777145386,0.8466622233390808
SB67799_component_542a,135.137334,-56.78745,9.319000244140625,39.82478713989258,135.1370849609375,-56.78792190551758,6.3246846199035645,1.8718160390853882,1.4734331369400024
SB67799_component_545a,143.610957,-54.693385,8.831999778747559,39.42856979370117,143.6110076904297,-54.69337844848633,11.645587921142578,0.9634525775909424,0.7583987712860107
SB67799_component_549a,142.97778,-57.068771,8.477999687194824,43.0355339050293,142.97769165039062,-57.06880569458008,12.895087242126465,0.8352218270301819,0.6574596762657166
SB67799_component_552a,136.023,-57.600702,8.170999526977539,29.605072021484375,136.0230255126953,-57.601219177246094,15.101800918579102,0.6873519420623779,0.541061282157898
SB67799_component_553a,144.941536,-55.249146,8.873000144958496,22.927648544311523,144.94137573242188,-55.24919128417969,9.482932090759277,1.1886680126190186,0.9356811046600342
SB67799_component_557a,139.505089,-54.179931,8.701000213623047,43.28855895996094,139.50502014160156,-54.179874420166016,11.481926918029785,0.9626914858818054,0.7577996253967285
SB67799_component_559a,144.052461,-53.315708,9.607000350952148,31.090618133544922,144.05221557617188,-53.315650939941406,11.60456371307373,1.0516996383666992,0.8278639912605286
SB67799_component_560a,138.98627,-55.2513,8.569999694824219,47.87709045410156,138.98614501953125,-55.25128173828125,11.477644920349121,0.9485510587692261,0.746668815612793
SB67799_component_561a,134.016126,-55.607723,8.430999755859375,15.441390991210938,134.01580810546875,-55.60783004760742,12.257441520690918,0.8737998604774475,0.6878270506858826
SB67799_component_562a,138.124215,-54.29808,8.71500015258789,52.818180084228516,138.1240692138672,-54.29800796508789,9.308311462402344,1.1894035339355469,0.9362600445747375
SB67799_component_565a,142.752999,-53.45795,9.043999671936035,35.19065856933594,142.75283813476562,-53.45783996582031,11.825048446655273,0.9716063737869263,0.7648171186447144
SB67799_component_566a,141.319317,-58.118215,8.753000259399414,28.98344612121582,141.31930541992188,-58.118309020996094,12.827336311340332,0.8668684363365173,0.6823708415031433
SB67799_component_567a,135.669557,-53.540043,8.88599967956543,36.269386291503906,135.6697235107422,-53.540157318115234,9.287498474121094,1.215458869934082,0.9567700028419495
SB67799_component_571a,144.617569,-56.681113,8.59000015258789,36.8669548034668,144.6174774169922,-56.68119430541992,10.102953910827637,1.0801336765289307,0.8502463698387146
SB67799_component_583a,140.276079,-53.712675,9.118000030517578,37.065040588378906,140.2760772705078,-53.712669372558594,11.896766662597656,0.973651111125946,0.7664267420768738
SB67799_component_584a,144.00661,-53.38524,8.107999801635742,29.918819427490234,144.0066680908203,-53.38507843017578,9.916996955871582,1.0386428833007812,0.8175861835479736
SB67799_component_586a,141.566759,-54.907996,8.46399974822998,48.92485427856445,141.56661987304688,-54.90796661376953,12.35743522644043,0.8701217770576477,0.684931755065918
SB67799_component_591a,137.191998,-53.512801,8.194000244140625,35.47186279296875,137.1920928955078,-53.51289749145508,10.409782409667969,0.9999701976776123,0.7871442437171936
SB67799_component_592a,140.417,-58.535276,8.618000030517578,10.652657508850098,140.41758728027344,-58.53513717651367,14.344656944274902,0.7632187604904175,0.6007812023162842
SB67799_component_597a,134.710588,-54.992592,7.5879998207092285,20.452829360961914,134.710693359375,-54.99267578125,7.755650997161865,1.2429159879684448,0.9783833622932434
SB67799_component_599a,135.809301,-57.045371,7.515999794006348,38.9430046081543,135.80906677246094,-57.04582595825195,7.996875762939453,1.1939857006072998,0.9398670196533203
SB67799_component_604a,136.268699,-53.324626,7.998000144958496,28.873645782470703,136.2688446044922,-53.324703216552734,10.382041931152344,0.97865891456604,0.7703686952590942
SB67799_component_605a,134.157606,-56.387825,8.317999839782715,23.234636306762695,134.15704345703125,-56.38776779174805,13.327250480651855,0.7928865551948547,0.6241347193717957
SB67799_component_612a,143.040183,-53.294554,7.8480000495910645,22.88046646118164,143.04002380371094,-53.29438781738281,8.927696228027344,1.1167405843734741,0.8790621757507324
SB67799_component_616a,141.523363,-56.191769,7.4120001792907715,45.47239303588867,141.52317810058594,-56.19164276123047,10.395176887512207,0.9058082103729248,0.7130230069160461
SB67799_component_618a,143.342199,-57.524447,7.90500020980835,40.74742126464844,143.3421630859375,-57.524574279785156,9.744647979736328,1.0305485725402832,0.8112145662307739
SB67799_component_623a,144.091452,-56.179818,7.135000228881836,27.87109375,144.0913543701172,-56.17982864379883,9.985994338989258,0.9076855182647705,0.7145007252693176
SB67799_component_624a,140.372545,-53.518654,8.026000022888184,33.8649787902832,140.37245178222656,-53.51853942871094,11.478779792785645,0.8882519602775574,0.6992032527923584
SB67799_component_625a,142.851601,-53.501278,7.834000110626221,30.01532554626465,142.8513946533203,-53.50116729736328,10.923678398132324,0.9110608100891113,0.7171577215194702
SB67799_component_626a,140.671861,-54.00597,7.671000003814697,40.16230392456055,140.67190551757812,-54.0059928894043,10.179194450378418,0.9573512077331543,0.7535960078239441
SB67799_component_627a,133.655586,-57.459706,6.65500020980835,14.562363624572754,133.655029296875,-57.460243225097656,9.698951721191406,0.871677815914154,0.6861566305160522
SB67799_component_629a,144.069389,-54.346675,8.125,25.311525344848633,144.06915283203125,-54.34677505493164,4.758241653442383,2.169250011444092,1.7075635194778442
SB67799_component_634a,143.894695,-54.089965,7.578999996185303,32.66810607910156,143.89459228515625,-54.090003967285156,9.45563793182373,1.0182485580444336,0.8015323877334595
SB67799_component_637a,138.517343,-55.006032,7.420000076293945,39.25926208496094,138.5172882080078,-55.00599670410156,9.769055366516113,0.9649038910865784,0.7595412135124207
SB67799_component_641a,139.035267,-54.519103,8.071000099182129,42.478946685791016,139.0351104736328,-54.5190315246582,11.802008628845215,0.8687686920166016,0.6838666200637817
SB67799_component_645a,140.596237,-57.499893,7.51200008392334,42.440677642822266,140.59619140625,-57.50001525878906,6.419834136962891,1.4864985942840576,1.1701236963272095
SB67799_component_652a,141.456262,-54.668919,7.065999984741211,39.920902252197266,141.45616149902344,-54.66893005371094,7.527571201324463,1.1924810409545898,0.9386825561523438
SB67799_component_653a,139.296317,-53.52841,7.367000102996826,33.03587341308594,139.29641723632812,-53.52833938598633,10.804590225219727,0.8661938309669495,0.6818398237228394
SB67799_component_655a,135.786242,-55.594622,7.269000053405762,39.08064270019531,135.78599548339844,-55.594608306884766,11.982870101928711,0.7706311345100403,0.6066159605979919
SB67799_component_659a,142.077796,-52.950902,7.456999778747559,11.912140846252441,142.07766723632812,-52.95066833496094,7.450829029083252,1.271429419517517,1.0008281469345093
SB67799_component_660a,141.207103,-57.75701,7.651000022888184,39.03571701049805,141.20704650878906,-57.75709533691406,9.807184219360352,0.9910750985145569,0.7801423668861389
SB67799_component_662a,141.267293,-53.243739,6.828000068664551,19.288135528564453,141.26718139648438,-53.243595123291016,9.306194305419922,0.9320819973945618,0.7337048649787903
SB67799_component_665a,140.59976,-55.921559,6.910999774932861,40.41520309448242,140.59950256347656,-55.921470642089844,7.773698329925537,1.1293951272964478,0.8890234231948853
SB67799_component_668a,140.087906,-56.817296,7.192999839782715,40.86931610107422,140.08778381347656,-56.81725311279297,9.479387283325195,0.9639677405357361,0.7588043212890625
SB67799_component_673a,139.656498,-54.368045,7.070000171661377,35.88832473754883,139.65663146972656,-54.36794662475586,7.972599983215332,1.1265543699264526,0.8867872953414917
SB67799_component_674a,142.741284,-54.107387,7.505000114440918,38.29081726074219,142.74124145507812,-54.10734558105469,6.976201057434082,1.366672396659851,1.0758004188537598
SB67799_component_675a,137.876281,-56.030076,7.361999988555908,41.82954406738281,137.87600708007812,-56.03004455566406,8.95793342590332,1.044048547744751,0.8218413591384888
SB67799_component_678a,141.57459,-55.957857,7.078999996185303,39.76966094970703,141.5742950439453,-55.95783996582031,11.396470069885254,0.7891040444374084,0.6211572289466858
SB67799_component_680a,139.853568,-53.542001,7.36299991607666,25.926055908203125,139.85354614257812,-53.54188537597656,6.791501522064209,1.3772783279418945,1.0841490030288696
SB67799_component_682a,136.486842,-56.386474,7.322000026702881,40.010929107666016,136.4865264892578,-56.38656997680664,11.797576904296875,0.7884417772293091,0.6206359267234802
SB67799_component_688a,143.607461,-53.078504,7.408999919891357,17.983009338378906,143.607177734375,-53.07811737060547,10.52673053741455,0.8941261768341064,0.7038272619247437
SB67799_component_689a,140.349857,-53.7806,7.13700008392334,33.19534683227539,140.349853515625,-53.78049087524414,6.22485876083374,1.4565283060073853,1.1465320587158203
SB67799_component_690a,142.993769,-54.762936,6.611999988555908,33.05999755859375,142.9935760498047,-54.762935638427734,8.664190292358398,0.9694771766662598,0.7631411552429199
SB67799_component_695a,140.192213,-55.658177,7.11899995803833,39.994380950927734,140.1920166015625,-55.65816879272461,7.811997890472412,1.1576828956604004,0.9112905859947205
SB67799_component_697a,142.753976,-53.781275,6.995999813079834,32.53953170776367,142.7539520263672,-53.78120422363281,4.428065299987793,2.0070977210998535,1.5799224376678467
SB67799_component_706a,142.096835,-53.91207,6.553999900817871,35.619564056396484,142.0966796875,-53.91193771362305,8.688426971435547,0.9582923054695129,0.7543367743492126
SB67799_component_707a,136.339945,-52.97877,6.622000217437744,11.597198486328125,136.34024047851562,-52.97869873046875,9.65843677520752,0.8709937930107117,0.6856182217597961
SB67799_component_710a,136.444894,-55.628406,7.241000175476074,37.71354293823242,136.44447326660156,-55.62843704223633,9.799874305725098,0.9386653304100037,0.7388870716094971
SB67799_component_711a,143.046634,-53.732351,6.335000038146973,29.328702926635742,143.04635620117188,-53.73225784301758,8.442296981811523,0.9532760977745056,0.7503882050514221
SB67799_component_712a,143.972433,-55.492415,6.23799991607666,28.099098205566406,143.972412109375,-55.49245071411133,8.609482765197754,0.9204517006874084,0.7245498895645142
SB67799_component_715a,135.464988,-56.091199,6.88100004196167,38.22777557373047,135.46458435058594,-56.09120178222656,8.812237739562988,0.9919689297676086,0.7808459401130676
SB67799_component_717a,136.783449,-54.554666,7.172999858856201,42.44378662109375,136.7833709716797,-54.55466842651367,9.150455474853516,0.9958428740501404,0.7838953733444214
SB67799_component_719a,138.964103,-53.400671,6.150000095367432,25.732219696044922,138.96412658691406,-53.40060806274414,8.658926963806152,0.9022850394248962,0.710249662399292
SB67799_component_721a,144.484767,-53.935541,6.968999862670898,22.336538314819336,144.4846649169922,-53.935428619384766,9.354010581970215,0.9464666247367859,0.745028018951416
SB67799_component_722a,141.832773,-57.797538,7.0970001220703125,34.12019348144531,141.83273315429688,-57.7977180480957,9.054819107055664,0.9956982731819153,0.7837815284729004
SB67799_component_726a,141.727951,-56.322473,6.813000202178955,39.61046600341797,141.72772216796875,-56.322547912597656,9.026057243347168,0.9588993787765503,0.754814624786377
SB67799_component_727a,144.307345,-55.437369,6.329999923706055,28.00885009765625,144.30726623535156,-55.43727111816406,3.7367002964019775,2.152029275894165,1.6940078735351562
SB67799_component_730a,141.57197,-55.792359,6.2129998207092285,35.91329574584961,141.57177734375,-55.79240417480469,9.20620059967041,0.8573410511016846,0.6748712062835693
SB67799_component_736a,142.49582,-54.347126,6.425000190734863,34.3582878112793,142.49571228027344,-54.34701156616211,8.721478462219238,0.9358704686164856,0.7366870641708374
SB67799_component_739a,135.30634,-58.209751,6.59499979019165,14.305856704711914,135.30616760253906,-58.21028518676758,8.329917907714844,1.005788803100586,0.791724443435669
SB67799_component_740a,134.784284,-57.811101,6.0960001945495605,23.446155548095703,134.78392028808594,-57.811580657958984,8.922346115112305,0.8679578304290771,0.6832283735275269
SB67799_component_741a,135.055949,-57.825646,6.866000175476074,28.371902465820312,135.055908203125,-57.82600021362305,4.787935256958008,1.821747899055481,1.4340211153030396
SB67799_component_745a,138.492406,-53.220374,6.616000175476074,18.742210388183594,138.49227905273438,-53.220489501953125,9.218174934387207,0.9117657542228699,0.7177125811576843
SB67799_component_746a,136.571417,-55.144663,6.811999797821045,40.79042053222656,136.57113647460938,-55.14458465576172,10.090446472167969,0.8576240539550781,0.6750940084457397
SB67799_component_747a,142.492785,-56.022761,6.020999908447266,35.627220153808594,142.49258422851562,-56.02281188964844,7.538814067840576,1.0146080255508423,0.7986667156219482
SB67799_component_753a,134.961246,-56.560086,6.433000087738037,25.426877975463867,134.96092224121094,-56.560302734375,7.770877361297607,1.0516620874404907,0.8278344869613647
SB67799_component_755a,137.796314,-56.632974,6.494999885559082,20.684711456298828,137.79641723632812,-56.632957458496094,11.923141479492188,0.6920239925384521,0.5447389483451843
SB67799_component_757a,143.030653,-53.820602,6.5279998779296875,29.94495391845703,143.03067016601562,-53.82052230834961,8.427677154541016,0.9840223789215088,0.7745906710624695
SB67799_component_759a,141.132307,-57.468178,5.980999946594238,33.98295593261719,141.13217163085938,-57.46829605102539,8.976634979248047,0.846433699131012,0.6662852764129639
SB67799_component_765a,142.285625,-55.324948,6.919000148773193,38.43888854980469,142.28553771972656,-55.3249397277832,9.579237937927246,0.9175824522972107,0.7222912907600403
SB67799_component_766a,139.920609,-55.08254,6.10699987411499,32.657752990722656,139.9204559326172,-55.08256149291992,10.372750282287598,0.7479398846626282,0.5887541770935059
SB67799_component_768a,142.082242,-54.096521,6.11899995803833,32.205265045166016,142.08177185058594,-54.09654235839844,4.852126121520996,1.602068543434143,1.2610965967178345
SB67799_component_772a,139.980575,-54.809377,6.243000030517578,33.74594497680664,139.9803924560547,-54.8093147277832,7.785341739654541,1.018704891204834,0.801891565322876
SB67799_component_775a,136.405111,-57.434641,5.677000045776367,25.231111526489258,136.4049072265625,-57.43506622314453,7.416459560394287,0.9724224805831909,0.7654595971107483
SB67799_component_779a,141.019783,-54.333337,6.486000061035156,37.06285858154297,141.01968383789062,-54.33313751220703,6.595509052276611,1.2492845058441162,0.9833964109420776
SB67799_component_782a,139.487437,-57.399814,6.063000202178955,34.061798095703125,139.48764038085938,-57.399906158447266,7.219795227050781,1.0668305158615112,0.8397745490074158
SB67799_component_786a,138.873734,-56.567217,6.563000202178955,33.829898834228516,138.8736572265625,-56.56712341308594,8.703822135925293,0.9579108953475952,0.754036545753479
SB67799_component_787a,137.160188,-53.168861,6.705999851226807,16.47665786743164,137.16049194335938,-53.16901779174805,9.467671394348145,0.8998147249221802,0.7083051204681396
SB67799_component_790a,136.626292,-56.877107,6.068999767303467,35.69999694824219,136.62619018554688,-56.877506256103516,8.844182968139648,0.8717503547668457,0.6862137317657471
SB67799_component_792a,141.651793,-56.377233,6.126999855041504,37.133331298828125,141.65167236328125,-56.377262115478516,8.043852806091309,0.9676458835601807,0.7616996765136719
SB67799_component_796a,143.93458,-54.074575,6.333000183105469,25.848979949951172,143.93463134765625,-54.07463455200195,8.459208488464355,0.9510700106620789,0.7486516237258911
SB67799_component_801a,134.441017,-54.043187,5.4070000648498535,12.904534339904785,134.44090270996094,-54.04319763183594,7.8714752197265625,0.8726356625556946,0.6869106292724609
SB67799_component_802a,133.884581,-55.861751,5.460999965667725,12.699999809265137,133.8841094970703,-55.861915588378906,4.697214603424072,1.4769456386566162,1.1626038551330566
SB67799_component_803a,142.248722,-57.406366,6.048999786376953,33.05464553833008,142.2487030029297,-57.40635681152344,9.948182106018066,0.7724539041519165,0.6080507636070251
SB67799_component_804a,141.419427,-53.264546,6.436999797821045,18.33902931213379,141.4192352294922,-53.26439666748047,8.585653305053711,0.9524514675140381,0.7497390508651733
SB67799_component_806a,142.438619,-56.189307,5.872000217437744,33.55428695678711,142.43853759765625,-56.18923568725586,4.65698766708374,1.6018199920654297,1.2609009742736816
SB67799_component_807a,142.905056,-53.59843,5.8379998207092285,24.737287521362305,142.9049835205078,-53.598392486572266,6.432096004486084,1.1530396938323975,0.9076356887817383
SB67799_component_808a,138.16058,-55.620356,6.291999816894531,35.95428466796875,138.1604766845703,-55.62031173706055,9.418777465820312,0.8486465811729431,0.6680272221565247
SB67799_component_809a,138.144203,-53.160526,5.177000045776367,13.173027992248535,138.144287109375,-53.1606330871582,8.865906715393066,0.7418015003204346,0.5839222073554993
SB67799_component_810a,137.977488,-54.317808,5.548999786376953,29.205263137817383,137.97752380371094,-54.31778335571289,5.174664497375488,1.362276315689087,1.0723400115966797
SB67799_component_816a,144.216179,-56.940844,6.51200008392334,29.33333396911621,144.21607971191406,-56.940738677978516,7.9296770095825195,1.043257713317871,0.8212188482284546
SB67799_component_821a,135.91358,-57.912686,6.125999927520752,21.344947814941406,135.9132843017578,-57.913082122802734,7.665775299072266,1.0152047872543335,0.7991364002227783
SB67799_component_823a,138.865309,-57.508848,6.360000133514404,36.342857360839844,138.86558532714844,-57.509037017822266,8.663835525512695,0.9325661063194275,0.7340859770774841
SB67799_component_824a,140.781857,-55.25178,6.388000011444092,38.71514892578125,140.78182983398438,-55.25182342529297,8.858922004699707,0.9160448908805847,0.7210809588432312
SB67799_component_826a,142.903223,-54.810871,5.7729997634887695,27.888887405395508,142.90296936035156,-54.81086730957031,7.413463592529297,0.9892659783363342,0.7787182927131653
SB67799_component_830a,143.73836,-54.88659,6.423999786376953,28.936935424804688,143.73818969726562,-54.88664245605469,8.909220695495605,0.9160064458847046,0.7210506796836853
SB67799_component_834a,142.8771,-56.591974,5.585000038146973,29.866310119628906,142.87693786621094,-56.59206771850586,5.089300155639648,1.394112467765808,1.097400426864624
SB67799_component_836a,137.31981,-55.035064,5.507999897003174,30.098360061645508,137.3195343017578,-55.03516387939453,7.382155895233154,0.9478582739830017,0.7461234927177429
SB67799_component_844a,134.92997,-57.997789,5.697999954223633,20.570396423339844,134.92971801757812,-57.99824142456055,7.671175003051758,0.9436116218566895,0.7427806258201599
SB67799_component_845a,144.16573,-53.221919,6.156000137329102,18.768293380737305,144.16598510742188,-53.2218017578125,5.618391036987305,1.3919364213943481,1.0956873893737793
SB67799_component_847a,142.700983,-53.544342,5.355000019073486,23.18181800842285,142.7008514404297,-53.54420471191406,5.560074806213379,1.22352135181427,0.9631165266036987
SB67799_component_850a,137.671346,-55.708004,5.293000221252441,31.694612503051758,137.6710205078125,-55.70798110961914,7.319931507110596,0.918602466583252,0.7230942249298096
SB67799_component_855a,138.387246,-55.464733,5.715000152587891,31.574586868286133,138.386962890625,-55.46470642089844,6.802276611328125,1.0673201084136963,0.8401598930358887
SB67799_component_856a,136.369789,-57.992184,5.46999979019165,21.450979232788086,136.36988830566406,-57.992557525634766,5.607796669006348,1.2391611337661743,0.9754276275634766
SB67799_component_858a,136.952882,-55.511347,5.611999988555908,31.886363983154297,136.9525604248047,-55.5113410949707,6.723771572113037,1.0603210926055908,0.8346505761146545
SB67799_component_859a,138.748977,-57.564346,5.835000038146973,32.59776306152344,138.7492218017578,-57.56464767456055,7.861317157745361,0.9429274201393127,0.7422420382499695
SB67799_component_860a,141.128419,-58.234613,5.8429999351501465,14.39162540435791,141.1285400390625,-58.234832763671875,12.226216316223145,0.6071227788925171,0.4779074490070343
SB67799_component_866a,135.986182,-58.132373,5.7179999351501465,14.968585968017578,135.98614501953125,-58.13296890258789,7.487465858459473,0.9701570272445679,0.7636762857437134
SB67799_component_872a,134.260268,-56.369563,5.724999904632568,17.507644653320312,134.25942993164062,-56.36943054199219,7.901193618774414,0.9204824566841125,0.7245740294456482
SB67799_component_874a,139.425422,-55.926325,5.14300012588501,29.388572692871094,139.42532348632812,-55.9263916015625,5.77977180480957,1.130416750907898,0.88982754945755
SB67799_component_876a,137.15739,-53.591188,5.538000106811523,26.883495330810547,137.1576385498047,-53.59133529663086,4.903788089752197,1.4346764087677002,1.1293309926986694
SB67799_component_880a,142.027543,-53.514714,5.802999973297119,28.30731773376465,142.02745056152344,-53.51455307006836,8.88769817352295,0.8294610381126404,0.6529249548912048
SB67799_component_883a,141.981892,-58.125049,6.114999771118164,21.086206436157227,141.9820098876953,-58.12519073486328,7.613184928894043,1.0203819274902344,0.8032117486000061
SB67799_component_886a,141.014578,-57.158799,5.13100004196167,30.005847930908203,141.0147705078125,-57.158817291259766,5.536240577697754,1.1773885488510132,0.9268022179603577
SB67799_component_888a,144.307853,-57.15881,5.580999851226807,22.413654327392578,144.3079833984375,-57.15871047973633,2.9622068405151367,2.393477439880371,1.884068250656128
SB67799_component_890a,142.736392,-56.341138,5.328999996185303,30.803468704223633,142.7364959716797,-56.34119415283203,7.032181739807129,0.9626941680908203,0.7578018307685852
SB67799_component_891a,143.542316,-56.154216,5.431000232696533,29.198925018310547,143.54220581054688,-56.15427017211914,6.857218265533447,1.0061542987823486,0.7920121550559998
SB67799_component_894a,140.420108,-53.108247,5.257999897003174,12.669879913330078,140.41983032226562,-53.108299255371094,4.858389377593994,1.3748679161071777,1.0822516679763794
SB67799_component_897a,141.879587,-53.037955,5.7779998779296875,10.699999809265137,141.87913513183594,-53.037696838378906,6.722638130187988,1.0918688774108887,0.8594840168952942
SB67799_component_899a,139.932354,-54.955279,5.066999912261963,26.52879524230957,139.932373046875,-54.955238342285156,6.886691093444824,0.934701681137085,0.7357670068740845
SB67799_component_910a,136.895369,-54.946771,5.061999797821045,28.59886932373047,136.89537048339844,-54.94697570800781,6.32615327835083,1.0165181159973145,0.8001703023910522
SB67799_component_911a,135.257018,-54.011472,4.974999904632568,19.820716857910156,135.2569122314453,-54.01158142089844,5.848865032196045,1.0805732011795044,0.8505923748016357
SB67799_component_913a,142.162812,-56.673534,5.284999847412109,27.52604103088379,142.16282653808594,-56.67353820800781,7.7113566398620605,0.8706566095352173,0.6853528022766113
SB67799_component_916a,137.57738,-55.636223,5.390999794006348,30.11731719970703,137.5769500732422,-55.63618087768555,8.137694358825684,0.8415902256965637,0.6624726057052612
SB67799_component_923a,134.136739,-54.567047,4.965000152587891,10.677419662475586,134.13662719726562,-54.567298889160156,6.526123523712158,0.9664885401725769,0.7607885599136353
SB67799_component_928a,139.516762,-53.310235,4.485000133514404,15.359589576721191,139.51678466796875,-53.31006622314453,6.081925392150879,0.9368155002593994,0.737430989742279
SB67799_component_934a,142.278726,-54.117269,5.25,25.11961555480957,142.2783966064453,-54.11720657348633,4.6695780754089355,1.4282833337783813,1.1242985725402832
SB67799_component_936a,138.077361,-56.230594,5.242000102996826,31.389223098754883,138.07716369628906,-56.2304801940918,3.662123203277588,1.8184309005737305,1.4314100742340088
SB67799_component_937a,135.745281,-54.967978,5.294000148773193,28.159576416015625,135.7452850341797,-54.967987060546875,6.842563629150391,0.9828739762306213,0.7736866474151611
SB67799_component_941a,139.827705,-54.125265,5.501999855041504,29.74053955078125,139.8278045654297,-54.125179290771484,6.223250389099121,1.123145580291748,0.8841038942337036
SB67799_component_946a,144.316321,-53.718626,4.745999813079834,19.371427536010742,144.31639099121094,-53.71854782104492,5.897874355316162,1.0222684144973755,0.8046966791152954
SB67799_component_947a,135.973132,-55.066709,5.192999839782715,28.070268630981445,135.97279357910156,-55.066829681396484,6.580963134765625,1.0024473667144775,0.7890942096710205
SB67799_component_950a,137.7953,-57.565842,5.302999973297119,29.13736343383789,137.79541015625,-57.56611633300781,7.565075874328613,0.890514612197876,0.7009843587875366
SB67799_component_952a,142.384268,-54.986259,5.104000091552734,28.198896408081055,142.3841552734375,-54.986236572265625,7.7580766677856445,0.835774838924408,0.657895028591156
SB67799_component_963a,134.254463,-57.272908,4.73799991607666,16.861209869384766,134.25450134277344,-57.27348327636719,5.8280744552612305,1.0327677726745605,0.8129614591598511
SB67799_component_967a,143.923928,-57.350024,4.922999858856201,20.598325729370117,143.9241180419922,-57.35014343261719,6.463417053222656,0.9676100015640259,0.7616713643074036
SB67799_component_969a,137.904211,-54.260712,5.176000118255615,26.141414642333984,137.90403747558594,-54.2607307434082,6.6788010597229,0.9845289587974548,0.7749894261360168
SB67799_component_977a,142.927659,-53.935326,4.617000102996826,23.08500099182129,142.9275665283203,-53.93526840209961,5.209684371948242,1.1258517503738403,0.8862341046333313
SB67799_component_980a,141.415861,-57.710296,4.702000141143799,27.988096237182617,141.41598510742188,-57.71043395996094,5.400329113006592,1.1061018705368042,0.87068772315979
SB67799_component_982a,142.234764,-55.577737,4.324999809265137,17.72540855407715,142.23471069335938,-55.57765579223633,6.423686504364014,0.855331540107727,0.6732893586158752
SB67799_component_984a,144.379204,-54.569494,4.558000087738037,10.800948143005371,144.3791046142578,-54.56951904296875,4.956697463989258,1.1681931018829346,0.919563889503479
SB67799_component_987a,135.937461,-54.882657,4.7779998779296875,25.147367477416992,135.9373321533203,-54.88269805908203,4.518691062927246,1.3432790040969849,1.057385802268982
SB67799_component_989a,142.542721,-56.684605,4.438000202178955,23.481483459472656,142.54257202148438,-56.68452835083008,6.458098411560059,0.873002290725708,0.6871992349624634
SB67799_component_994a,140.307208,-56.184109,4.684999942779541,25.461956024169922,140.30685424804688,-56.18422317504883,4.439030170440674,1.3407697677612305,1.0554107427597046
SB67799_component_997a,135.315593,-58.119859,4.877999782562256,11.92664909362793,135.31533813476562,-58.12030792236328,7.046082973480225,0.8794815540313721,0.692299485206604
SB67799_component_1003a,139.192864,-57.226532,4.414999961853027,23.994564056396484,139.19277954101562,-57.22671127319336,7.403688907623291,0.7575568556785583,0.5963243246078491
SB67799_component_1004a,135.067484,-58.029538,4.561999797821045,15.257524490356445,135.06729125976562,-58.029911041259766,5.270307540893555,1.0996438264846802,0.8656041026115417
SB67799_component_1005a,144.401921,-55.167154,4.765999794006348,20.109703063964844,144.40171813964844,-55.16719055175781,6.059802532196045,0.999144434928894,0.786494255065918
SB67799_component_1006a,139.948686,-56.210333,4.451000213623047,25.434288024902344,139.94866943359375,-56.21018600463867,5.670912265777588,0.9970969557762146,0.7848825454711914
SB67799_component_1008a,143.450983,-53.761854,4.636000156402588,22.396135330200195,143.45079040527344,-53.76176452636719,6.929567337036133,0.8499042987823486,0.6690172553062439
SB67799_component_1011a,140.325242,-57.530317,4.590000152587891,26.842105865478516,140.3251190185547,-57.530357360839844,6.377686977386475,0.9142863154411316,0.7196967005729675
SB67799_component_1012a,135.865507,-57.041802,4.39900016784668,23.031414031982422,135.8654327392578,-57.04222869873047,5.456028461456299,1.0242596864700317,0.8062641620635986
SB67799_component_1014a,136.441647,-56.086915,4.631999969482422,26.774566650390625,136.44140625,-56.08683395385742,2.1056952476501465,2.79451060295105,2.1997485160827637
SB67799_component_1019a,137.345295,-56.944659,4.432000160217285,25.325716018676758,137.34518432617188,-56.9449348449707,2.5536465644836426,2.204812526702881,1.7355574369430542
SB67799_component_1023a,135.288329,-54.592925,4.0289998054504395,19.8472900390625,135.28822326660156,-54.5930290222168,4.630916595458984,1.1052563190460205,0.8700221180915833
SB67799_component_1028a,135.026738,-57.636636,4.414999961853027,21.965173721313477,135.02659606933594,-57.63715744018555,5.0109734535217285,1.1192866563796997,0.8810663223266602
SB67799_component_1029a,137.169976,-58.092696,3.7070000171661377,11.805731773376465,137.1701202392578,-58.09304428100586,4.943971633911133,0.9525315165519714,0.7498020529747009
SB67799_component_1030a,135.323009,-57.781676,3.809000015258789,16.928890228271484,135.32289123535156,-57.78218460083008,5.296199798583984,0.9136488437652588,0.7191949486732483
SB67799_component_1032a,136.901692,-55.587048,4.959000110626221,28.016948699951172,136.90158081054688,-55.58695602416992,3.3949203491210938,1.8556549549102783,1.4607117176055908
SB67799_component_1033a,145.095411,-56.938703,4.359000205993652,12.745614051818848,145.0952911376953,-56.9384765625,2.0600337982177734,2.688098907470703,2.1159849166870117
SB67799_component_1035a,142.964456,-56.855837,4.458000183105469,22.402009963989258,142.9642333984375,-56.85569763183594,4.7989606857299805,1.180118441581726,0.9289512038230896
SB67799_component_1036a,135.965126,-53.874262,4.241000175476074,21.204999923706055,135.96522521972656,-53.87430191040039,5.512331485748291,0.9773850440979004,0.7693659663200378
SB67799_component_1041a,143.603771,-57.50787,4.918000221252441,23.30805778503418,143.60350036621094,-57.50813674926758,2.9032833576202393,2.1519482135772705,1.6939442157745361
SB67799_component_1042a,141.38745,-57.145124,4.586999893188477,25.203296661376953,141.38726806640625,-57.14517593383789,5.773388385772705,1.0093241930007935,0.7945074439048767
SB67799_component_1044a,138.071593,-54.576129,4.429999828338623,25.028247833251953,138.0714874267578,-54.57612228393555,5.176795482635498,1.0871148109436035,0.8557417392730713
SB67799_component_1045a,143.998021,-55.748712,4.570000171661377,18.962656021118164,143.9983367919922,-55.748687744140625,6.730785369873047,0.8625478744506836,0.6789698004722595
SB67799_component_1049a,139.061657,-55.707218,4.610000133514404,26.64739990234375,139.0616912841797,-55.70718002319336,6.390125274658203,0.9164827466011047,0.7214256525039673
SB67799_component_1051a,139.019585,-57.402414,4.045000076293945,20.74359130859375,139.01995849609375,-57.40266799926758,5.4227294921875,0.9476180076599121,0.7459343075752258
SB67799_component_1059a,141.292728,-57.65539,4.104000091552734,22.799999237060547,141.29254150390625,-57.655452728271484,5.312652111053467,0.9813607931137085,0.7724955677986145
SB67799_component_1062a,139.451036,-57.418779,4.804999828338623,25.558509826660156,139.4511260986328,-57.41903305053711,6.315739154815674,0.9665001034736633,0.7607976794242859
SB67799_component_1068a,142.805118,-57.133153,3.996999979019165,18.94312858581543,142.8052978515625,-57.1331672668457,3.732632875442505,1.360352873802185,1.0708259344100952
SB67799_component_1069a,138.914622,-53.120626,4.4770002365112305,10.86650562286377,138.91444396972656,-53.12071990966797,5.136261940002441,1.1073187589645386,0.8716456294059753
SB67799_component_1071a,136.386499,-53.50459,4.214000225067139,19.600000381469727,136.38671875,-53.50467300415039,5.117655277252197,1.046059250831604,0.8234239816665649
SB67799_component_1075a,139.48866,-55.12486,4.15500020980835,19.691944122314453,139.48834228515625,-55.12469482421875,4.291060924530029,1.2300962209701538,0.9682920575141907
SB67799_component_1076a,142.229596,-53.619622,4.197999954223633,21.30964469909668,142.22915649414062,-53.61952209472656,5.64300012588501,0.9450724124908447,0.7439305186271667
SB67799_component_1085a,136.440143,-58.026672,4.323999881744385,16.255638122558594,136.44029235839844,-58.027320861816406,6.609452247619629,0.8310993313789368,0.6542145609855652
SB67799_component_1086a,140.29866,-57.702056,4.370999813079834,25.711763381958008,140.2991485595703,-57.70216369628906,4.151117324829102,1.337668538093567,1.0529694557189941
SB67799_component_1089a,138.753048,-53.571384,3.9260001182556152,18.518869400024414,138.75299072265625,-53.571407318115234,4.720377445220947,1.0565894842147827,0.8317131996154785
SB67799_component_1098a,139.607211,-53.659692,3.9600000381469727,16.56903839111328,139.60714721679688,-53.65949249267578,3.7654757499694824,1.3360048532485962,1.0516599416732788
SB67799_component_1100a,144.016837,-55.907346,4.401000022888184,17.464284896850586,144.01611328125,-55.90737533569336,6.736789226531982,0.8299102187156677,0.6532785892486572
SB67799_component_1104a,135.112718,-55.938138,4.36299991607666,23.3315486907959,135.1123809814453,-55.93817138671875,4.179863452911377,1.3260375261306763,1.043813943862915
SB67799_component_1105a,141.259049,-55.597853,3.7890000343322754,20.704917907714844,141.25917053222656,-55.59800338745117,2.7293148040771484,1.7636147737503052,1.3882604837417603
SB67799_component_1111a,144.174811,-54.917961,4.285999774932861,17.933053970336914,144.1743621826172,-54.917930603027344,3.957256317138672,1.375912070274353,1.083073616027832
SB67799_component_1114a,143.497314,-54.726449,3.877000093460083,17.949073791503906,143.4973907470703,-54.726409912109375,5.428145885467529,0.907354474067688,0.7142401933670044
SB67799_component_1117a,143.94165,-53.39534,4.580999851226807,17.029739379882812,143.94155883789062,-53.395286560058594,4.964725494384766,1.1721892356872559,0.922709584236145
SB67799_component_1118a,144.447361,-56.788517,4.5320000648498535,21.6842098236084,144.44725036621094,-56.788597106933594,7.939152240753174,0.725184440612793,0.5708417892456055
SB67799_component_1121a,134.923295,-56.242763,4.382999897003174,21.69801902770996,134.9227294921875,-56.24264907836914,2.636352777481079,2.112032890319824,1.6625241041183472
SB67799_component_1123a,136.903418,-54.480769,4.36299991607666,24.374300003051758,136.90325927734375,-54.4808235168457,6.045553684234619,0.9168152809143066,0.721687376499176
SB67799_component_1132a,134.395166,-57.437695,3.924999952316284,18.08755874633789,134.39524841308594,-57.43787384033203,2.6339075565338135,1.8930925130844116,1.49018132686615
SB67799_component_1134a,137.544146,-53.683587,4.0960001945495605,20.078432083129883,137.54429626464844,-53.683677673339844,4.52014684677124,1.1511718034744263,0.9061653017997742
SB67799_component_1137a,134.774172,-57.104304,3.9600000381469727,16.56903839111328,134.77413940429688,-57.104705810546875,5.242681980133057,0.9595649838447571,0.7553386092185974
SB67799_component_1138a,138.930887,-53.917574,4.109000205993652,23.889535903930664,138.93092346191406,-53.91762161254883,3.467755079269409,1.5052909851074219,1.1849164962768555
SB67799_component_1140a,135.966422,-53.680054,4.401000022888184,21.89552116394043,135.96673583984375,-53.67998123168945,5.614226818084717,0.9958504438400269,0.7839013338088989
SB67799_component_1143a,141.120222,-55.634827,4.0279998779296875,22.377777099609375,141.1201629638672,-55.634681701660156,3.609300374984741,1.4177483320236206,1.116005778312683
SB67799_component_1145a,136.788383,-55.946051,3.8610000610351562,21.331493377685547,136.7882080078125,-55.946136474609375,3.6785898208618164,1.3333714008331299,1.0495870113372803
SB67799_component_1149a,143.490339,-56.215729,3.9549999237060547,19.482759475708008,143.4901885986328,-56.215797424316406,5.053720951080322,0.9941866993904114,0.782591700553894
SB67799_component_1150a,135.028698,-53.949347,4.377999782562256,14.032050132751465,135.0286865234375,-53.94950485229492,4.817694187164307,1.154434323310852,0.9087334275245667
SB67799_component_1153a,141.643745,-53.764441,3.9200000762939453,19.89847755432129,141.6437530517578,-53.7642822265625,3.754737138748169,1.3262922763824463,1.044014573097229
SB67799_component_1159a,137.913881,-58.212858,4.355000019073486,12.808823585510254,137.91421508789062,-58.21311569213867,4.94858980178833,1.1179938316345215,0.8800486922264099
SB67799_component_1160a,142.266117,-56.340133,3.9059998989105225,21.344261169433594,142.26588439941406,-56.340248107910156,5.23376989364624,0.9480916261672974,0.7463071346282959
SB67799_component_1161a,138.897472,-56.31923,4.144999980926514,22.04787254333496,138.89732360839844,-56.31922912597656,5.550283432006836,0.9487287402153015,0.7468087077140808
SB67799_component_1166a,140.558797,-57.51874,3.694999933242798,20.758426666259766,140.5588836669922,-57.51877212524414,5.4520416259765625,0.8609699606895447,0.6777277588844299
SB67799_component_1167a,136.741126,-55.444503,4.010000228881836,22.27777862548828,136.740966796875,-55.444637298583984,4.969248294830322,1.0251476764678955,0.8069631457328796
SB67799_component_1171a,143.632561,-53.274767,3.808000087738037,12.952381134033203,143.63238525390625,-53.27457046508789,3.2615461349487305,1.4832220077514648,1.1675444841384888
SB67799_component_1175a,144.142008,-57.668275,3.628000020980835,12.597223281860352,144.1422576904297,-57.66832733154297,4.6201372146606445,0.9975740313529968,0.7852580547332764
SB67799_component_1181a,141.221444,-56.327173,3.5220000743865967,19.67597770690918,141.2212677001953,-56.32697677612305,3.002258539199829,1.4903010129928589,1.1731168031692505
SB67799_component_1184a,140.811403,-56.895088,3.8499999046325684,22.0,140.8114013671875,-56.894989013671875,3.592073917388916,1.361595630645752,1.071804165840149
SB67799_component_1189a,141.712979,-56.557867,4.110000133514404,22.707183837890625,141.71298217773438,-56.55799102783203,4.748614311218262,1.0995314121246338,0.8655156493186951
SB67799_component_1190a,137.986605,-56.244286,4.090000152587891,23.238637924194336,137.98641967773438,-56.24425506591797,5.693751335144043,0.9125518202781677,0.7183313369750977
SB67799_component_1191a,142.952219,-54.29516,3.921999931335449,20.53403091430664,142.9520721435547,-54.295162200927734,4.900577068328857,1.0167006254196167,0.8003138899803162
SB67799_component_1196a,139.48488,-57.26174,3.7209999561309814,21.142045974731445,139.4848175048828,-57.26179504394531,5.398085117340088,0.8756945729255676,0.6893184781074524
SB67799_component_1199a,142.858574,-54.808421,3.8940000534057617,19.37313461303711,142.85867309570312,-54.80845642089844,5.841335296630859,0.8468695878982544,0.6666284203529358
SB67799_component_1200a,136.059655,-57.056354,3.63100004196167,19.417112350463867,136.05975341796875,-57.05668640136719,5.333611488342285,0.8648436665534973,0.6807770133018494
SB67799_component_1201a,143.187012,-55.26941,3.8320000171661377,20.062828063964844,143.18682861328125,-55.26932144165039,4.747670650482178,1.0253629684448242,0.8071326613426208
SB67799_component_1207a,138.182436,-58.101812,3.9210000038146973,15.498023986816406,138.1829376220703,-58.10210037231445,5.761862754821777,0.8645032644271851,0.680509090423584
SB67799_component_1209a,137.157153,-53.663935,3.6050000190734863,17.93532371520996,137.15701293945312,-53.664093017578125,5.6656880378723145,0.8083236813545227,0.6362863779067993
SB67799_component_1213a,136.602863,-54.071612,3.8519999980926514,21.04918098449707,136.60264587402344,-54.07177734375,4.322448253631592,1.1321114301681519,0.8911616206169128
SB67799_component_1219a,144.336477,-57.073286,3.4749999046325684,15.108695030212402,144.33628845214844,-57.073387145996094,4.75846004486084,0.9277289509773254,0.7302782535552979
SB67799_component_1227a,137.843272,-57.247885,3.8919999599456787,21.15217399597168,137.84349060058594,-57.247947692871094,4.102631092071533,1.2051554918289185,0.9486594796180725
SB67799_component_1229a,137.913076,-53.782612,3.5269999504089355,18.760639190673828,137.91331481933594,-53.782501220703125,4.111812591552734,1.0896947383880615,0.8577725291252136
SB67799_component_1237a,144.343695,-57.365572,3.368000030517578,12.158843994140625,144.34364318847656,-57.36600112915039,4.638034343719482,0.9225095510482788,0.7261697053909302
SB67799_component_1238a,139.575533,-56.307782,4.071000099182129,23.947059631347656,139.57528686523438,-56.307640075683594,5.001703262329102,1.0339889526367188,0.8139227628707886
SB67799_component_1242a,139.05019,-53.78133,3.2880001068115234,17.489362716674805,139.0501251220703,-53.7813720703125,4.056888580322266,1.0296069383621216,0.8104733824729919
SB67799_component_1243a,135.519735,-55.997532,3.3610000610351562,18.569061279296875,135.5192108154297,-55.997467041015625,3.7734978199005127,1.1315066814422607,0.8906855583190918
SB67799_component_1247a,138.262758,-56.332773,3.944999933242798,23.205881118774414,138.26283264160156,-56.33286666870117,3.8980045318603516,1.2856932878494263,1.0120562314987183
SB67799_component_1251a,136.64696,-53.703849,3.6489999294281006,19.205263137817383,136.6472625732422,-53.70397186279297,4.745561599731445,0.9768298864364624,0.7689290046691895
SB67799_component_1253a,137.727077,-54.538305,3.510999917984009,19.614524841308594,137.7272186279297,-54.53827667236328,5.471136569976807,0.8152409195899963,0.6417313814163208
SB67799_component_1257a,142.551791,-55.857138,3.867000102996826,23.155689239501953,142.551513671875,-55.85703659057617,4.99562406539917,0.9833704829216003,0.7740774750709534
SB67799_component_1259a,137.522222,-54.004305,3.428999900817871,20.41071319580078,137.5220947265625,-54.00429916381836,4.036586284637451,1.0791603326797485,0.849480152130127
SB67799_component_1262a,142.983155,-55.71716,3.3989999294281006,18.274192810058594,142.98284912109375,-55.717342376708984,3.89607572555542,1.1082978248596191,0.8724163174629211
SB67799_component_1265a,138.312103,-58.045361,3.5220000743865967,14.375510215759277,138.31248474121094,-58.04554748535156,7.367630481719971,0.6072873473167419,0.4780369997024536
SB67799_component_1266a,136.917774,-53.534374,3.8259999752044678,16.70742416381836,136.91766357421875,-53.53448486328125,2.607412338256836,1.864094614982605,1.4673551321029663
SB67799_component_1273a,141.313119,-57.628976,3.2090001106262207,17.535520553588867,141.31309509277344,-57.62905502319336,5.203361988067627,0.7834628224372864,0.6167166829109192
SB67799_component_1278a,134.760396,-57.894977,3.5179998874664307,13.635659217834473,134.7605743408203,-57.895450592041016,1.5878968238830566,2.814532518386841,2.2155091762542725
SB67799_component_1280a,141.802279,-58.179645,3.803999900817871,12.596026420593262,141.8023223876953,-58.17957305908203,2.5142955780029297,1.9220154285430908,1.5129485130310059
SB67799_component_1290a,142.146126,-57.557561,3.2360000610351562,17.212766647338867,142.14617919921875,-57.557586669921875,4.288806438446045,0.9585279822349548,0.7545222640037537
SB67799_component_1296a,138.488743,-55.383273,3.312999963760376,19.488235473632812,138.48828125,-55.383358001708984,3.527923583984375,1.192984938621521,0.9390792846679688
SB67799_component_1300a,135.483703,-53.919422,3.749000072479248,14.587549209594727,135.48330688476562,-53.91958999633789,4.548663139343262,1.047042727470398,0.8241982460021973
SB67799_component_1301a,142.581421,-56.836613,3.5490000247955322,17.569307327270508,142.58099365234375,-56.83668518066406,3.3542113304138184,1.3441517353057861,1.0580729246139526
SB67799_component_1302a,138.05552,-57.256288,3.5789999961853027,21.177515029907227,138.05584716796875,-57.256534576416016,4.352480888366699,1.0446181297302246,0.8222896456718445
SB67799_component_1303a,143.206916,-56.627873,3.2339999675750732,17.021053314208984,143.20668029785156,-56.627960205078125,1.7516311407089233,2.345471143722534,1.8462791442871094
SB67799_component_1313a,138.154323,-53.867146,3.436000108718872,17.98952865600586,138.1547393798828,-53.867130279541016,4.69420862197876,0.9298726916313171,0.7319657802581787
SB67799_component_1315a,139.482117,-56.673056,3.312000036239624,18.502792358398438,139.4818572998047,-56.67300033569336,4.44310998916626,0.9469695091247559,0.7454237937927246
SB67799_component_1316a,142.888918,-53.632827,2.9800000190734863,12.844827651977539,142.88885498046875,-53.63270568847656,3.976104259490967,0.952118992805481,0.7494773268699646
SB67799_component_1318a,143.581028,-55.024103,3.5179998874664307,18.13401985168457,143.5808563232422,-55.023956298828125,4.502359867095947,0.9926321506500244,0.7813680171966553
SB67799_component_1319a,140.086557,-54.973902,3.453000068664551,19.183332443237305,140.086669921875,-54.973777770996094,5.848306179046631,0.7500655055046082,0.5904273986816406
SB67799_component_1322a,138.593653,-56.141534,3.2809998989105225,19.1871337890625,138.5934600830078,-56.14176559448242,2.361218214035034,1.7652361392974854,1.38953697681427
SB67799_component_1323a,139.819129,-54.970611,3.0429999828338623,14.843902587890625,139.81878662109375,-54.97063446044922,4.62610387802124,0.8356401324272156,0.6577889323234558
SB67799_component_1324a,135.69266,-57.545908,3.318000078201294,15.013574600219727,135.6922149658203,-57.54631042480469,4.017800331115723,1.0491093397140503,0.825825035572052
SB67799_component_1326a,140.100621,-57.646182,3.3459999561309814,19.68235206604004,140.10096740722656,-57.646358489990234,4.988774299621582,0.8520494103431702,0.6707057952880859
SB67799_component_1327a,141.502936,-56.087278,3.2130000591278076,18.360000610351562,141.50289916992188,-56.08725357055664,4.226933479309082,0.9656462073326111,0.7601255178451538
SB67799_component_1331a,139.901831,-54.344434,3.388000011444092,17.11111068725586,139.90171813964844,-54.344444274902344,3.4976699352264404,1.2305444478988647,0.9686448574066162
SB67799_component_1332a,139.070712,-54.080997,3.4200000762939453,19.213483810424805,139.0707244873047,-54.08112335205078,3.466522216796875,1.2533283233642578,0.9865795969963074
SB67799_component_1334a,140.518648,-55.361817,3.3550000190734863,20.582822799682617,140.51876831054688,-55.36176681518555,4.588161468505859,0.9289376139640808,0.7312297224998474
SB67799_component_1335a,135.368312,-56.297862,3.236999988555908,17.68852424621582,135.36805725097656,-56.297943115234375,4.003620147705078,1.027123212814331,0.8085182309150696
SB67799_component_1336a,136.310823,-55.49665,2.9700000286102295,16.685392379760742,136.31031799316406,-55.49660873413086,4.651733875274658,0.8110998272895813,0.6384716033935547
SB67799_component_1339a,139.170287,-54.287344,3.11299991607666,15.88265323638916,139.170166015625,-54.28736114501953,4.382554531097412,0.9023696780204773,0.7103163003921509
SB67799_component_1340a,136.70672,-56.097375,2.997999906539917,18.06024169921875,136.7061004638672,-56.09742736816406,3.2651026248931885,1.1664535999298096,0.9181947112083435
SB67799_component_1341a,141.778797,-57.62237,3.1110000610351562,16.907609939575195,141.77903747558594,-57.62250518798828,3.512943744659424,1.125023365020752,0.8855820894241333
SB67799_component_1346a,144.027135,-54.48658,3.556999921798706,11.29206371307373,144.0269317626953,-54.48697280883789,4.402106285095215,1.0264930725097656,0.8080222606658936
SB67799_component_1353a,134.547358,-54.286904,2.88100004196167,10.108772277832031,134.54745483398438,-54.2871208190918,1.5905531644821167,2.3010592460632324,1.8113195896148682
SB67799_component_1355a,141.057231,-53.7627,3.1630001068115234,16.735450744628906,141.05702209472656,-53.76249694824219,2.2177047729492188,1.8118748664855957,1.426249384880066
SB67799_component_1356a,140.277014,-56.701656,3.3970000743865967,18.76795768737793,140.2771453857422,-56.70149230957031,2.393341541290283,1.803115725517273,1.4193544387817383
SB67799_component_1357a,134.70411,-56.345437,3.2909998893737793,14.561946868896484,134.70376586914062,-56.34560775756836,4.522745132446289,0.9243968725204468,0.7276554107666016
SB67799_component_1361a,143.250467,-53.974961,2.7019999027252197,13.376236915588379,143.2501678466797,-53.97515869140625,4.256190776824951,0.8064862489700317,0.6348399519920349
SB67799_component_1362a,134.892121,-57.319748,3.305999994277954,16.126829147338867,134.891845703125,-57.32014083862305,3.5910394191741943,1.1695408821105957,0.9206247925758362
SB67799_component_1364a,134.77465,-55.820423,3.063999891281128,14.590476036071777,134.7744140625,-55.82051086425781,5.949085235595703,0.6542914509773254,0.5150371193885803
SB67799_component_1365a,136.471667,-55.910692,3.2170000076293945,18.92352867126465,136.47113037109375,-55.91059494018555,3.0614664554595947,1.3349170684814453,1.0508036613464355
SB67799_component_1366a,141.425284,-57.798328,3.3239998817443848,17.494735717773438,141.42510986328125,-57.79848861694336,4.761791706085205,0.8867952227592468,0.6980565190315247
SB67799_component_1368a,140.731588,-54.700245,3.3329999446868896,18.6201114654541,140.73123168945312,-54.700138092041016,4.4008097648620605,0.9621337056159973,0.757360577583313
SB67799_component_1369a,136.879956,-54.971197,3.062000036239624,17.802324295043945,136.8795623779297,-54.97126007080078,3.9166085720062256,0.9931795001029968,0.7817988395690918
SB67799_component_1374a,136.457796,-56.899515,3.2679998874664307,19.337278366088867,136.45767211914062,-56.9000358581543,5.991824150085449,0.6928762197494507,0.5454098582267761
SB67799_component_1376a,136.281452,-53.373489,3.193000078201294,12.772000312805176,136.2815399169922,-53.373565673828125,4.310901165008545,0.9409435391426086,0.7406803965568542
SB67799_component_1379a,139.109275,-53.968462,3.3929998874664307,18.955307006835938,139.10943603515625,-53.96842575073242,3.8618898391723633,1.1161348819732666,0.8785853385925293
SB67799_component_1385a,141.821167,-54.903117,2.880000114440918,16.0,141.82127380371094,-54.90313720703125,2.2543416023254395,1.6229513883590698,1.2775349617004395
SB67799_component_1388a,140.208264,-57.857081,3.308000087738037,16.540000915527344,140.20848083496094,-57.85720443725586,5.029996395111084,0.8354693651199341,0.6576545834541321
SB67799_component_1389a,139.581594,-57.103772,3.115999937057495,17.60451889038086,139.58181762695312,-57.103702545166016,3.891082763671875,1.0173249244689941,0.800805389881134
SB67799_component_1393a,140.739105,-57.106229,3.0799999237060547,17.90697479248047,140.73886108398438,-57.10629653930664,3.677724838256836,1.0639082193374634,0.8374742865562439
SB67799_component_1394a,139.900438,-54.492691,3.2139999866485596,16.314720153808594,139.90065002441406,-54.49275588989258,2.0400397777557373,2.0014278888702393,1.5754594802856445
SB67799_component_1396a,144.475276,-57.057601,3.2230000495910645,12.739130973815918,144.47518920898438,-57.05754852294922,4.298153877258301,0.9526010751724243,0.7498568296432495
SB67799_component_1401a,135.484662,-57.610895,2.691999912261963,12.180994987487793,135.484375,-57.61140441894531,4.929492950439453,0.6937540173530579,0.5461007952690125
SB67799_component_1402a,137.513058,-54.816179,3.428999900817871,19.156423568725586,137.5127410888672,-54.816097259521484,5.130053997039795,0.8491380214691162,0.6684139966964722
SB67799_component_1403a,137.594332,-53.866942,3.302999973297119,18.248619079589844,137.5943603515625,-53.86704635620117,5.174074649810791,0.8109771013259888,0.6383749842643738
SB67799_component_1405a,134.649839,-57.61736,2.697000026702881,12.428571701049805,134.64967346191406,-57.61774826049805,3.8343989849090576,0.8935449123382568,0.703369677066803
SB67799_component_1408a,140.515849,-57.703233,3.447999954223633,17.682052612304688,140.51605224609375,-57.70343017578125,4.292562007904053,1.0204304456710815,0.8032498955726624
SB67799_component_1412a,135.565606,-57.750974,3.3450000286102295,13.653060913085938,135.56556701660156,-57.75170135498047,3.710099220275879,1.145363450050354,0.9015931487083435
SB67799_component_1415a,137.75355,-53.997229,3.0989999771118164,16.66128921508789,137.7534637451172,-53.997100830078125,4.3282928466796875,0.9095731377601624,0.7159866690635681
SB67799_component_1417a,134.920846,-55.186894,3.3299999237060547,10.30959701538086,134.92054748535156,-55.18679428100586,4.30080509185791,0.9836196303367615,0.7742736339569092
SB67799_component_1418a,137.248867,-54.646285,2.877000093460083,16.726743698120117,137.2486114501953,-54.6461296081543,3.889000415802002,0.9397981762886047,0.7397788166999817
SB67799_component_1423a,142.074673,-56.638254,2.7699999809265137,15.474860191345215,142.07440185546875,-56.63816452026367,2.47959303855896,1.4191622734069824,1.1171188354492188
SB67799_component_1427a,142.293248,-55.110436,2.818000078201294,16.874252319335938,142.29287719726562,-55.110347747802734,4.290884971618652,0.8343088626861572,0.6567410230636597
SB67799_component_1428a,135.642328,-54.153098,3.23799991607666,15.273584365844727,135.6426239013672,-54.1528434753418,3.7482495307922363,1.0974407196044922,0.8638699054718018
SB67799_component_1429a,140.825069,-55.754901,3.1510000228881836,17.903409957885742,140.82508850097656,-55.75471496582031,3.5227279663085938,1.1363235712051392,0.8944772481918335
SB67799_component_1434a,137.306051,-53.540922,3.0369999408721924,14.531099319458008,137.30621337890625,-53.541133880615234,3.1874840259552,1.2104016542434692,0.9527890682220459
SB67799_component_1436a,138.978695,-56.828089,3.0929999351501465,18.194116592407227,138.97889709472656,-56.82831573486328,3.821718215942383,1.028144121170044,0.8093218207359314
SB67799_component_1438a,138.523229,-54.608342,2.8399999141693115,16.045196533203125,138.5231170654297,-54.60832977294922,3.3361663818359375,1.0814422369003296,0.8512764573097229
SB67799_component_1441a,138.507574,-54.371429,3.188999891281128,18.016948699951172,138.50718688964844,-54.3713493347168,3.5385138988494873,1.1448967456817627,0.901225745677948
SB67799_component_1445a,142.369847,-56.894921,3.2190001010894775,17.12234115600586,142.37001037597656,-56.894588470458984,4.339169979095459,0.9424254894256592,0.7418469786643982
SB67799_component_1447a,139.409739,-55.525222,2.7690000534057617,16.48214340209961,139.40939331054688,-55.52518844604492,3.272933006286621,1.0747774839401245,0.8460301756858826
SB67799_component_1453a,138.132647,-54.039239,3.2190001010894775,17.494565963745117,138.13217163085938,-54.03900909423828,3.5571343898773193,1.1496176719665527,0.9049419164657593
SB67799_component_1454a,138.49601,-54.275405,2.806999921798706,15.50828742980957,138.49595642089844,-54.275489807128906,3.2904577255249023,1.0837242603302002,0.8530727624893188
SB67799_component_1455a,142.412107,-53.282346,3.0239999294281006,10.147650718688965,142.4125518798828,-53.28215408325195,2.768325090408325,1.3877058029174805,1.0923572778701782
SB67799_component_1456a,140.76946,-57.469076,2.938999891281128,16.23756980895996,140.76931762695312,-57.469200134277344,4.0015435218811035,0.9330496191978455,0.734466552734375
SB67799_component_1463a,141.144496,-53.65465,3.002000093460083,15.394872665405273,141.1444854736328,-53.6545295715332,4.3773088455200195,0.8712368011474609,0.6858095526695251
SB67799_component_1464a,139.357923,-53.842065,2.822000026702881,15.505495071411133,139.3579559326172,-53.84223556518555,2.1102731227874756,1.6988345384597778,1.3372676372528076
SB67799_component_1467a,144.640663,-56.540587,3.131999969482422,11.686566352844238,144.6404571533203,-56.540679931640625,4.981108665466309,0.7987823486328125,0.6287756562232971
SB67799_component_1469a,135.88785,-53.863366,2.865000009536743,13.450704574584961,135.88772583007812,-53.863346099853516,3.466541051864624,1.049931526184082,0.826472282409668
SB67799_component_1473a,135.275073,-56.207982,3.193000078201294,17.16666603088379,135.27476501464844,-56.20808410644531,4.275663375854492,0.9486983418464661,0.7467847466468811
SB67799_component_1474a,135.663652,-55.908712,3.0250000953674316,16.620880126953125,135.66310119628906,-55.90864562988281,3.7937581539154053,1.0129510164260864,0.7973623871803284
SB67799_component_1475a,140.040474,-54.742337,2.8589999675750732,16.24431800842285,140.04043579101562,-54.742244720458984,5.2184038162231445,0.6959999203681946,0.5478686690330505
SB67799_component_1478a,136.548792,-57.624803,2.634000062942505,11.353448867797852,136.54885864257812,-57.6252326965332,3.494419813156128,0.9575763940811157,0.7537732124328613
SB67799_component_1479a,140.149266,-53.461624,2.8359999656677246,10.661653518676758,140.1492462158203,-53.461360931396484,3.7491724491119385,0.9609560370445251,0.7564336061477661
SB67799_component_1480a,140.015274,-56.022392,2.7330000400543213,16.365270614624023,140.01553344726562,-56.02217483520508,2.921055555343628,1.1885912418365479,0.9356207251548767
SB67799_component_1484a,140.600205,-54.762201,3.125,16.02564239501953,140.5999298095703,-54.76226043701172,3.8775081634521484,1.0238351821899414,0.805929958820343
SB67799_component_1485a,135.663568,-57.656426,2.8980000019073486,13.479069709777832,135.66346740722656,-57.656951904296875,4.3085150718688965,0.8544831275939941,0.6726215481758118
SB67799_component_1488a,143.567736,-57.065915,2.5309998989105225,11.717592239379883,143.5674285888672,-57.065792083740234,4.128250598907471,0.7788589000701904,0.6130926012992859
SB67799_component_1492a,142.344937,-56.555105,2.7929999828338623,14.777777671813965,142.34487915039062,-56.55510711669922,3.712968111038208,0.9556137919425964,0.7522283792495728
SB67799_component_1493a,136.986821,-55.140515,2.9639999866485596,17.13294792175293,136.98660278320312,-55.14043426513672,4.33270788192749,0.8690634965896606,0.6840987205505371
SB67799_component_1495a,142.810979,-55.461378,2.809000015258789,14.479381561279297,142.8108367919922,-55.46114730834961,3.182114601135254,1.1214208602905273,0.8827463388442993
SB67799_component_1502a,142.949452,-57.872852,2.941999912261963,12.309623718261719,142.94911193847656,-57.872989654541016,3.588418960571289,1.0415310859680176,0.8198596239089966
SB67799_component_1505a,140.841817,-56.227537,2.822999954223633,16.31791877746582,140.841796875,-56.22736358642578,4.2618632316589355,0.841480553150177,0.6623863577842712
SB67799_component_1507a,140.147296,-54.190737,2.5789999961853027,12.959798812866211,140.14723205566406,-54.19071578979492,2.938711166381836,1.114877462387085,0.8775956034660339
SB67799_component_1512a,140.84927,-53.464657,3.0320000648498535,13.182608604431152,140.84933471679688,-53.46448516845703,3.9761011600494385,0.9687339067459106,0.7625560760498047
SB67799_component_1517a,137.635005,-57.680063,3.065999984741211,17.620689392089844,137.63528442382812,-57.6804313659668,2.193389415740967,1.7757798433303833,1.3978365659713745
SB67799_component_1523a,136.199586,-56.200406,2.759999990463257,17.358491897583008,136.198974609375,-56.200531005859375,3.4124433994293213,1.02748703956604,0.8088046312332153
SB67799_component_1525a,140.056084,-53.848494,2.9619998931884766,12.550847053527832,140.055908203125,-53.84834289550781,4.847631931304932,0.7762258648872375,0.6110199689865112
SB67799_component_1528a,144.147674,-56.162668,2.996000051498413,10.855072975158691,144.1468505859375,-56.162410736083984,3.4950497150421143,1.088983178138733,0.8572124242782593
SB67799_component_1532a,139.347991,-55.146854,2.6670000553131104,13.747422218322754,139.34817504882812,-55.14679718017578,3.112208604812622,1.0886468887329102,0.8569477200508118
SB67799_component_1533a,139.630311,-53.496712,2.9800000190734863,12.113821029663086,139.63015747070312,-53.49659729003906,4.402280807495117,0.8599461317062378,0.6769218444824219
SB67799_component_1535a,135.819022,-53.530547,2.5179998874664307,11.497716903686523,135.81918334960938,-53.53047561645508,3.1482059955596924,1.0160739421844482,0.7998205423355103
SB67799_component_1540a,141.977898,-55.79101,2.7290000915527344,15.594286918640137,141.9776153564453,-55.79120635986328,2.7867462635040283,1.2440528869628906,0.9792782664299011
SB67799_component_1543a,137.194134,-55.960329,2.7960000038146973,16.54437828063965,137.19369506835938,-55.96043395996094,2.5356712341308594,1.4008026123046875,1.1026666164398193
SB67799_component_1544a,142.328676,-53.729311,2.683000087738037,13.21674919128418,142.32838439941406,-53.7292366027832,3.4454216957092285,0.989261269569397,0.7787145972251892
SB67799_component_1548a,141.573482,-56.753915,2.5980000495910645,14.845714569091797,141.57310485839844,-56.75390625,2.744478225708008,1.2025748491287231,0.9466280341148376
SB67799_component_1550a,142.820473,-56.099294,2.6459999084472656,15.294797897338867,142.820068359375,-56.09943771362305,2.7910826206207275,1.2043421268463135,0.9480192065238953
SB67799_component_1552a,136.226636,-55.659877,2.822000026702881,15.336956977844238,136.22634887695312,-55.659873962402344,2.231243848800659,1.60672926902771,1.2647653818130493
SB67799_component_1553a,142.206093,-56.421358,2.921999931335449,16.79310417175293,142.20570373535156,-56.42152786254883,3.3855810165405273,1.0964269638061523,0.8630719184875488
SB67799_component_1555a,143.870407,-54.554334,2.819000005722046,11.054902076721191,143.87020874023438,-54.55443572998047,4.252422332763672,0.842153787612915,0.6629163026809692
SB67799_component_1557a,139.961731,-54.728338,2.822000026702881,15.090909004211426,139.96148681640625,-54.728363037109375,3.6983911991119385,0.9693416953086853,0.763034462928772
SB67799_component_1561a,141.847624,-56.274098,2.880000114440918,16.842105865478516,141.84747314453125,-56.27402877807617,3.322547674179077,1.1011691093444824,0.8668047785758972
SB67799_component_1563a,137.372161,-56.785339,2.6570000648498535,14.519125938415527,137.3722381591797,-56.78555679321289,3.5697691440582275,0.9455492496490479,0.7443058490753174
SB67799_component_1565a,141.099937,-55.327528,2.494999885559082,14.176136016845703,141.099853515625,-55.327693939208984,3.781309127807617,0.8382258415222168,0.6598243713378906
SB67799_component_1567a,144.528773,-55.27854,2.505000114440918,10.308642387390137,144.52845764160156,-55.27846908569336,3.6810476779937744,0.8645080327987671,0.6805127859115601
SB67799_component_1568a,142.717286,-53.578918,2.3389999866485596,10.39555549621582,142.7171630859375,-53.57870101928711,3.1033051013946533,0.9574992656707764,0.75371253490448
SB67799_component_1571a,140.368294,-53.654727,2.556999921798706,11.26431655883789,140.36814880371094,-53.65453338623047,2.409606456756592,1.3480851650238037,1.061169147491455
SB67799_component_1581a,141.426399,-54.084765,2.746000051498413,14.684492111206055,141.42626953125,-54.0847282409668,2.6284339427948,1.3271994590759277,1.0447285175323486
SB67799_component_1585a,139.242648,-56.654767,2.880000114440918,16.941177368164062,139.24273681640625,-56.65497589111328,5.124241828918457,0.7139956951141357,0.5620343685150146
SB67799_component_1586a,141.736183,-54.605139,2.4260001182556152,13.78409194946289,141.7358856201172,-54.605140686035156,3.10799503326416,0.9916152954101562,0.7805675864219666
SB67799_component_1587a,136.742747,-53.908421,2.5329999923706055,13.473404884338379,136.74256896972656,-53.90837097167969,3.8157835006713867,0.8433040380477905,0.6638216972351074
SB67799_component_1589a,135.203803,-55.434177,2.615000009536743,12.334905624389648,135.2036895751953,-55.434288024902344,2.9999306201934814,1.107371211051941,0.8716868162155151
SB67799_component_1599a,137.547582,-54.721,2.4739999771118164,13.519125938415527,137.5477294921875,-54.72096252441406,3.0336623191833496,1.036012887954712,0.81551593542099
SB67799_component_1604a,139.873347,-57.396611,2.63700008392334,14.101604461669922,139.87350463867188,-57.39699935913086,2.2216720581054688,1.507866621017456,1.1869438886642456
SB67799_component_1606a,137.277547,-56.634093,2.5409998893737793,13.73513412475586,137.2774658203125,-56.63425827026367,2.4860098361968994,1.2984777688980103,1.0221197605133057
SB67799_component_1607a,138.028576,-54.837545,2.615999937057495,13.841269493103027,138.02854919433594,-54.837677001953125,3.266310453414917,1.0174498558044434,0.8009036183357239
SB67799_component_1609a,140.002703,-57.418549,2.609999895095825,15.086705207824707,140.00270080566406,-57.41865539550781,3.2663257122039795,1.0151114463806152,0.799062967300415
SB67799_component_1615a,138.430458,-55.869764,2.234999895095825,13.628047943115234,138.43026733398438,-55.86983108520508,3.127917528152466,0.9077263474464417,0.7145328521728516
SB67799_component_1618a,140.05183,-53.975109,2.3919999599456787,13.215469360351562,140.05194091796875,-53.97514343261719,2.8485584259033203,1.0667649507522583,0.8397229909896851
SB67799_component_1619a,135.284895,-55.833281,2.5380001068115234,13.945055961608887,135.28431701660156,-55.83323669433594,3.2024853229522705,1.0067861080169678,0.7925094962120056
SB67799_component_1622a,143.545756,-57.917451,2.6760001182556152,11.15000057220459,143.5455322265625,-57.91758346557617,4.0395612716674805,0.8415591716766357,0.6624482274055481
SB67799_component_1632a,137.354795,-54.94098,2.428999900817871,13.801136016845703,137.3547821044922,-54.94099426269531,3.6200428009033203,0.8524060845375061,0.670986533164978
SB67799_component_1633a,140.928818,-54.374835,2.674999952316284,15.112994194030762,140.9290008544922,-54.374691009521484,3.3622162342071533,1.0107200145721436,0.7956061363220215
SB67799_component_1637a,143.642877,-57.350949,2.3399999141693115,11.304347038269043,143.64251708984375,-57.35123825073242,3.699153423309326,0.8036116361618042,0.632577121257782
SB67799_component_1638a,140.786362,-54.157954,2.3919999599456787,12.860214233398438,140.7860870361328,-54.157955169677734,3.758497953414917,0.8084991574287415,0.6364244222640991
SB67799_component_1640a,136.992441,-56.93342,2.4739999771118164,14.467835426330566,136.99244689941406,-56.93363952636719,2.64353346824646,1.188906192779541,0.9358686208724976
SB67799_component_1641a,135.470207,-57.315572,2.321000099182129,10.598174095153809,135.47003173828125,-57.31613540649414,3.165163278579712,0.9315619468688965,0.7332955598831177
SB67799_component_1642a,141.597563,-56.486925,2.611999988555908,14.430939674377441,141.59747314453125,-56.48700714111328,2.8427696228027344,1.1672509908676147,0.9188222289085388
SB67799_component_1645a,139.301962,-56.178255,2.49399995803833,15.115150451660156,139.3014678955078,-56.17819595336914,2.9890036582946777,1.0599923133850098,0.834391713142395
SB67799_component_1653a,137.123825,-54.717981,2.569999933242798,15.0292387008667,137.12347412109375,-54.71784973144531,2.6081337928771973,1.251802921295166,0.9853788614273071
SB67799_component_1657a,136.291408,-54.884077,2.2860000133514404,12.62983512878418,136.29159545898438,-54.88398742675781,2.6372601985931396,1.101173996925354,0.8668086528778076
SB67799_component_1658a,144.324639,-57.017398,2.5139999389648438,11.747663497924805,144.3242950439453,-57.01744079589844,4.001473426818848,0.7981380820274353,0.6282685399055481
SB67799_component_1668a,143.127479,-54.218933,2.3989999294281006,11.759803771972656,143.127197265625,-54.21855926513672,3.5359606742858887,0.861897349357605,0.6784577369689941
SB67799_component_1674a,142.550361,-57.273679,2.2679998874664307,11.117647171020508,142.55038452148438,-57.27372741699219,3.337847948074341,0.863195538520813,0.679479718208313
SB67799_component_1699a,136.62648,-54.725745,2.4590001106262207,13.364130973815918,136.62635803222656,-54.72593688964844,2.7910122871398926,1.1192562580108643,0.8810423612594604
SB67799_component_1707a,141.400813,-55.5469,2.4260001182556152,14.614459037780762,141.4004364013672,-55.54689407348633,2.4047937393188477,1.2815799713134766,1.0088183879852295
SB67799_component_1710a,141.292679,-55.238868,2.3940000534057617,14.0,141.2927703857422,-55.238731384277344,2.3904216289520264,1.2722790241241455,1.0014970302581787
SB67799_component_1711a,142.62964,-53.920297,2.4579999446868896,12.414141654968262,142.6299591064453,-53.920204162597656,3.429736852645874,0.9104451537132263,0.7166730165481567
SB67799_component_1712a,141.655426,-54.039683,2.618000030517578,13.925532341003418,141.65550231933594,-54.03916549682617,3.9580674171447754,0.8402705788612366,0.6614339351654053
SB67799_component_1716a,136.775382,-55.297373,2.3259999752044678,12.641304016113281,136.77536010742188,-55.29743576049805,3.238469123840332,0.9124365448951721,0.7182406187057495
SB67799_component_1717a,138.354182,-56.107324,2.0759999752044678,11.931035041809082,138.3541717529297,-56.1073112487793,4.4295973777771,0.5953821539878845,0.46866559982299805
SB67799_component_1718a,136.983496,-55.958628,2.4149999618530273,14.122806549072266,136.98297119140625,-55.95843505859375,2.175666332244873,1.4101248979568481,1.1100047826766968
SB67799_component_1733a,137.03412,-54.758662,2.313999891281128,12.855554580688477,137.033935546875,-54.75874710083008,3.7043159008026123,0.7935751080513,0.6246767044067383
SB67799_component_1734a,141.31402,-56.574851,2.4119999408721924,13.325966835021973,141.3130645751953,-56.57474899291992,3.466202735900879,0.8840076923370361,0.695862352848053
SB67799_component_1738a,138.803533,-56.24446,2.252000093460083,12.51111125946045,138.80389404296875,-56.244205474853516,2.6460468769073486,1.0811939239501953,0.8510809540748596
SB67799_component_1741a,141.440686,-53.615568,2.1449999809265137,10.214285850524902,141.44061279296875,-53.6156005859375,2.4965455532073975,1.091491937637329,0.8591871857643127
SB67799_component_1743a,138.808137,-56.161712,2.377000093460083,12.848649024963379,138.80799865722656,-56.16176986694336,2.8425583839416504,1.0623130798339844,0.836218535900116
SB67799_component_1744a,136.18097,-54.400173,2.2909998893737793,12.451086044311523,136.18124389648438,-54.400238037109375,3.42429780960083,0.8499360680580139,0.6690422296524048
SB67799_component_1747a,141.158056,-55.834098,1.930999994277954,11.77439022064209,141.15745544433594,-55.834014892578125,2.1303207874298096,1.1515159606933594,0.9064362645149231
SB67799_component_1750a,137.728077,-55.852567,2.492000102996826,14.079096794128418,137.7281036376953,-55.85243606567383,3.517268657684326,0.9000678062438965,0.708504319190979
SB67799_component_1751a,142.210404,-54.469025,2.183000087738037,12.841176986694336,142.2103271484375,-54.468807220458984,2.1353039741516113,1.2987536191940308,1.0223369598388672
SB67799_component_1752a,135.81871,-56.314554,2.3949999809265137,13.531073570251465,135.81857299804688,-56.314605712890625,3.1771433353424072,0.957638144493103,0.753821849822998
SB67799_component_1753a,138.731126,-57.237631,2.2330000400543213,11.941176414489746,138.73190307617188,-57.23773193359375,2.833772659301758,1.0010515451431274,0.787995457649231
SB67799_component_1754a,141.655194,-54.55394,1.9809999465942383,11.450867652893066,141.65542602539062,-54.55402374267578,2.3900375366210938,1.0529614686965942,0.8288572430610657
SB67799_component_1760a,140.960415,-53.980827,2.1549999713897705,11.648648262023926,140.960693359375,-53.98053741455078,2.26735258102417,1.2074271440505981,0.950447678565979
SB67799_component_1765a,139.864049,-55.229635,1.9869999885559082,10.977900505065918,139.8643341064453,-55.22968673706055,3.626316547393799,0.6960891485214233,0.5479389429092407
SB67799_component_1775a,136.490802,-54.790099,2.2920000553131104,12.524590492248535,136.4910888671875,-54.78989791870117,2.222437858581543,1.3101400136947632,1.0312999486923218
SB67799_component_1787a,141.062066,-57.545311,2.367000102996826,13.223464012145996,141.06190490722656,-57.54528045654297,3.6071343421936035,0.8336210250854492,0.65619957447052
SB67799_component_1789a,141.447553,-55.478444,2.11899995803833,12.039772987365723,141.4475555419922,-55.478363037109375,2.574659585952759,1.045547604560852,0.823021411895752
SB67799_component_1791a,142.058118,-56.577123,2.197000026702881,12.342696189880371,142.05796813964844,-56.57708740234375,2.0563652515411377,1.3572584390640259,1.0683900117874146
SB67799_component_1797a,139.207484,-55.265159,2.181999921798706,12.612716674804688,139.20724487304688,-55.2646484375,3.1492409706115723,0.8802004456520081,0.6928653120994568
SB67799_component_1804a,139.136867,-55.166792,2.365000009536743,13.591954231262207,139.13677978515625,-55.16701126098633,3.9746482372283936,0.7559014558792114,0.5950211882591248
SB67799_component_1805a,141.447499,-54.884441,1.8279999494552612,10.445713996887207,141.44705200195312,-54.88425064086914,2.335114002227783,0.9944908618927002,0.7828311324119568
SB67799_component_1811a,143.310071,-57.645544,2.1389999389648438,10.4341459274292,143.3100128173828,-57.64553451538086,3.5326623916625977,0.7692036628723145,0.6054922938346863
SB67799_component_1818a,138.253881,-57.079503,2.1519999504089355,12.658823013305664,138.2545166015625,-57.07988357543945,2.0052833557128906,1.363324522972107,1.0731650590896606
SB67799_component_1827a,136.870616,-55.952357,2.0510001182556152,11.787357330322266,136.8699188232422,-55.95208740234375,1.8352835178375244,1.4196956157684326,1.117538571357727
SB67799_component_1831a,139.888735,-54.236916,1.972000002861023,10.324606895446777,139.8885040283203,-54.236663818359375,2.358259677886963,1.0623019933700562,0.8362098336219788
SB67799_component_1835a,140.234714,-56.738223,2.2119998931884766,12.497174263000488,140.2345733642578,-56.73807144165039,2.512585401535034,1.1183996200561523,0.8803680539131165
SB67799_component_1838a,135.089149,-55.799906,2.2009999752044678,10.950248718261719,135.08900451660156,-55.79985427856445,3.346447467803955,0.8355429172515869,0.6577123999595642
SB67799_component_1841a,138.525633,-56.349919,2.187000036239624,13.335365295410156,138.52549743652344,-56.349918365478516,3.050157308578491,0.9108759760856628,0.7170122265815735
SB67799_component_1842a,139.960904,-55.844701,1.8609999418258667,10.281767845153809,139.9607391357422,-55.844478607177734,2.944608449935913,0.80288165807724,0.6320025324821472
SB67799_component_1844a,140.898826,-53.9421,2.00600004196167,11.800000190734863,140.8984832763672,-53.94213104248047,1.8992687463760376,1.341767430305481,1.0561959743499756
SB67799_component_1847a,137.358716,-55.490483,1.8960000276565552,10.772727012634277,137.35845947265625,-55.490360260009766,1.922912359237671,1.2525975704193115,0.9860044121742249
SB67799_component_1858a,137.893352,-53.865431,2.1050000190734863,12.097702026367188,137.8938751220703,-53.86562728881836,2.37174391746521,1.1275012493133545,0.8875325918197632
SB67799_component_1863a,138.416114,-57.177251,2.312999963760376,12.173684120178223,138.4163055419922,-57.17707824707031,1.9898524284362793,1.4766837358474731,1.1623977422714233
SB67799_component_1865a,140.845807,-54.585086,2.0769999027252197,11.412087440490723,140.84568786621094,-54.584842681884766,2.920762062072754,0.9033852815628052,0.7111157774925232
SB67799_component_1866a,140.65621,-55.823399,1.850000023841858,10.511363983154297,140.6558837890625,-55.82339859008789,2.888313055038452,0.8136922717094421,0.6405122876167297
SB67799_component_1867a,135.515478,-55.223,2.1640000343322754,11.097436904907227,135.5154571533203,-55.22316360473633,2.5100696086883545,1.0952271223068237,0.8621274828910828
SB67799_component_1869a,139.336388,-57.011144,2.3369998931884766,13.35428524017334,139.33680725097656,-57.01117706298828,1.6461069583892822,1.8035714626312256,1.4197132587432861
SB67799_component_1872a,135.919118,-55.984127,1.996000051498413,11.088889122009277,135.9186553955078,-55.98438262939453,2.196425437927246,1.1544544696807861,0.9087492823600769
SB67799_component_1875a,141.545726,-57.596117,2.131999969482422,11.104166030883789,141.54583740234375,-57.59624099731445,2.406208038330078,1.125606894493103,0.8860414028167725
SB67799_component_1877a,141.226565,-56.655737,2.0429999828338623,11.741379737854004,141.2265625,-56.65584945678711,2.4517881870269775,1.0585664510726929,0.8332693576812744
SB67799_component_1881a,136.805964,-56.959724,1.8609999418258667,11.417177200317383,136.80563354492188,-56.960166931152344,3.242326021194458,0.7291592359542847,0.5739706158638
SB67799_component_1883a,136.52912,-55.51318,2.002000093460083,10.93989086151123,136.52877807617188,-55.513092041015625,2.7313809394836426,0.9311390519142151,0.7329626083374023
SB67799_component_1885a,141.268379,-55.473483,2.23799991607666,12.573033332824707,141.26820373535156,-55.47354507446289,2.4760868549346924,1.1482247114181519,0.903845489025116
SB67799_component_1886a,141.259538,-57.161921,2.2290000915527344,12.664772987365723,141.259765625,-57.16196823120117,2.55049991607666,1.1102416515350342,0.8739463686943054
SB67799_component_1898a,135.95818,-55.037356,1.9570000171661377,10.693988800048828,135.95814514160156,-55.037025451660156,2.387260675430298,1.041414737701416,0.8197680711746216
SB67799_component_1903a,138.893202,-53.579805,2.2799999713897705,11.69230842590332,138.89340209960938,-53.57996368408203,2.826234817504883,1.0248476266860962,0.8067269921302795
SB67799_component_1904a,136.994691,-57.129231,2.1110000610351562,11.859550476074219,136.99472045898438,-57.12967300415039,2.133769989013672,1.256820797920227,0.9893288016319275
SB67799_component_1907a,142.790775,-53.834766,2.177999973297119,10.729063987731934,142.7910614013672,-53.834632873535156,3.2546730041503906,0.8501258492469788,0.6691916584968567
SB67799_component_1910a,139.966192,-54.103503,2.24399995803833,11.810525894165039,139.9658966064453,-54.103271484375,3.4539170265197754,0.8253604769706726,0.6496971249580383
SB67799_component_1916a,135.602726,-56.971383,2.0339999198913574,10.819149017333984,135.6025390625,-56.97228240966797,2.5369279384613037,1.0185339450836182,0.8017570972442627
SB67799_component_1922a,143.643172,-53.895437,2.190000057220459,10.788177490234375,143.64297485351562,-53.89554977416992,2.1346986293792725,1.3032876253128052,1.025905966758728
SB67799_component_1926a,135.516831,-55.418749,2.0899999141693115,10.096617698669434,135.5167236328125,-55.41840744018555,1.4344626665115356,1.8509290218353271,1.4569915533065796
SB67799_component_1931a,139.822275,-56.08407,2.0850000381469727,12.410715103149414,139.8218994140625,-56.08385467529297,2.88360595703125,0.9185501933097839,0.7230530381202698
SB67799_component_1942a,138.75215,-56.944459,1.8769999742507935,11.041175842285156,138.7522735595703,-56.94457244873047,3.404985189437866,0.70029616355896,0.5512505769729614
SB67799_component_1945a,137.099955,-56.201523,2.053999900817871,12.29940128326416,137.09971618652344,-56.20130157470703,3.058974027633667,0.8530163168907166,0.6714669466018677
SB67799_component_1946a,141.771395,-54.27997,1.8240000009536743,10.604650497436523,141.7711181640625,-54.279884338378906,2.4872078895568848,0.9316343069076538,0.7333524227142334
SB67799_component_1953a,142.158152,-56.329417,1.9529999494552612,11.488234519958496,142.1580047607422,-56.329627990722656,2.6722922325134277,0.928433895111084,0.7308332324028015
SB67799_component_1958a,141.984071,-56.196784,2.1640000343322754,12.508670806884766,141.98435974121094,-56.1966552734375,2.450655460357666,1.1217800378799438,0.8830291032791138
SB67799_component_1966a,136.75112,-57.41214,1.8109999895095825,10.117318153381348,136.7512969970703,-57.41283416748047,1.7857452630996704,1.2883435487747192,1.014142394065857
SB67799_component_1967a,140.651879,-57.622976,1.9570000171661377,10.635869979858398,140.6520538330078,-57.62320327758789,2.5881032943725586,0.9605985283851624,0.7561522126197815
SB67799_component_1970a,137.529172,-56.189311,2.1549999713897705,11.648648262023926,137.52896118164062,-56.189231872558594,2.5744805335998535,1.0633846521377563,0.8370620608329773
SB67799_component_1972a,140.354658,-55.596506,1.930999994277954,11.034285545349121,140.35484313964844,-55.59635543823242,4.728097438812256,0.5188341736793518,0.4084095060825348
SB67799_component_1990a,140.044384,-54.676305,2.130000114440918,12.603550910949707,140.04531860351562,-54.6759147644043,2.435228109359741,1.1111500263214111,0.8746614456176758
SB67799_component_2003a,141.106928,-54.416427,2.0490000247955322,11.775862693786621,141.1064453125,-54.41655349731445,2.032970905303955,1.2803936004638672,1.0078846216201782
SB67799_component_2008a,136.872514,-54.275284,2.0799999237060547,11.428571701049805,136.87229919433594,-54.27532196044922,2.431058645248413,1.0869275331497192,0.855594277381897
SB67799_component_2016a,140.446857,-57.65493,1.9850000143051147,10.502645492553711,140.4469757080078,-57.65510559082031,3.217801570892334,0.7836713790893555,0.6168807744979858
SB67799_component_2020a,135.849726,-55.303635,2.00600004196167,10.613757133483887,135.8497314453125,-55.30372619628906,1.8720475435256958,1.3612778186798096,1.0715539455413818
SB67799_component_2029a,139.196205,-55.865745,1.8009999990463257,10.175141334533691,139.1963653564453,-55.86570739746094,2.3565616607666016,0.9708846211433411,0.7642490267753601
SB67799_component_2030a,139.315525,-57.309102,1.840999960899353,10.460227012634277,139.31564331054688,-57.30931091308594,2.729585647583008,0.856820285320282,0.674461305141449
SB67799_component_2038a,138.256415,-55.702069,1.8930000066757202,11.005813598632812,138.25633239746094,-55.70213317871094,3.318147659301758,0.7247490286827087,0.5704990029335022
SB67799_component_2065a,141.954878,-56.849211,1.871000051498413,10.877906799316406,141.95472717285156,-56.849327087402344,2.6069984436035156,0.9117289781570435,0.7176836133003235
SB67799_component_2075a,141.051434,-57.289848,1.9780000448226929,11.05027961730957,141.05162048339844,-57.29001235961914,1.9751367568969727,1.272218942642212,1.001449704170227
SB67799_component_2229a,141.777385,-56.396487,1.715000033378601,10.33132553100586,141.77728271484375,-56.39615249633789,1.5640333890914917,1.3929990530014038,1.0965238809585571
