Component_ID,RA,DEC,RA_comp,DEC_comp
SB66816_component_27a,259.810488,48.979716,259.810386,48.980396
SB66816_component_31a,258.396359,49.274948,258.396448,49.275705
