Component_ID,RA,DEC,RA_comp,DEC_comp
SB66839_component_36a,120.053214,-23.047435,120.053295,-23.047371
