Component_ID,RA,DEC,RA_comp,DEC_comp
SB67033_component_14a,121.285395,11.366002,121.28544,11.365886
