Component_ID,RA,DEC,RA_comp,DEC_comp
SB67309_component_31a,288.514999,-29.795746,288.515142,-29.79577
