Component_ID,RA,DEC,RA_comp,DEC_comp
SB67040_component_2a,154.184744,20.629759,154.184675,20.629807
SB67040_component_7a,153.472689,24.821216,153.47262,24.821234
SB67040_component_17a,157.088609,24.022788,157.088583,24.022715
