Component_ID,RA,DEC,RA_comp,DEC_comp
SB66878_component_5a,104.763594,-6.352919,104.76355,-6.352943
SB66878_component_11a,107.437912,-2.921654,107.437728,-2.921527
