Component_ID,RA,DEC,RA_comp,DEC_comp
SB66386_component_6a,174.761363,40.548099,174.761393,40.548567
SB66386_component_41a,176.358261,41.939272,176.358325,41.939752
