Component_ID,RA,DEC,RA_comp,DEC_comp
SB66782_component_8a,90.74548,42.202216,90.7456,42.20278
SB66782_component_32a,85.184966,39.269207,85.18516,39.270065
