Component_ID,RA,DEC,ASKAP_flux,ASKAP_flux_SNR,RA_comp,DEC_comp,Comp_flux,Flux_Ratio_AlphaCorr,Flux_Ratio_NOAlphaCorr
SB67961_component_7a,134.707032,-59.685178,462.4440002441406,1336.54345703125,134.70716857910156,-59.685218811035156,596.03759765625,0.9856398105621338,0.7758638262748718
SB67961_component_9a,135.629351,-59.224007,330.968994140625,1350.893798828125,135.62945556640625,-59.22406005859375,352.8031311035156,1.1917567253112793,0.9381123781204224
SB67961_component_15a,130.599743,-58.776186,231.42100524902344,914.7075805664062,130.59994506835938,-58.7762336730957,307.8511657714844,0.9549809098243713,0.7517301440238953
SB67961_component_16a,129.974915,-57.75206,222.0800018310547,458.8429870605469,129.97500610351562,-57.75214767456055,304.2319030761719,0.9273366332054138,0.7299695014953613
SB67961_component_19a,136.740158,-57.680945,216.3679962158203,370.4931640625,136.74014282226562,-57.68144607543945,284.8481140136719,0.964966893196106,0.759590744972229
SB67961_component_28a,140.14087,-61.424383,150.56900024414062,347.7344055175781,140.14064025878906,-61.4243278503418,178.2513427734375,1.07308828830719,0.8447005152702332
SB67961_component_31a,139.47257,-60.784821,139.01800537109375,298.96343994140625,139.47235107421875,-60.784759521484375,205.3238525390625,0.8601305484771729,0.67706698179245
SB67961_component_42a,132.078342,-61.308069,119.80699920654297,557.2418212890625,132.07862854003906,-61.30815505981445,118.89217376708984,1.2801523208618164,1.0076946020126343
SB67961_component_45a,128.238138,-61.323751,114.46099853515625,287.5904541015625,128.2383270263672,-61.323814392089844,178.43267822265625,0.8149216175079346,0.641480028629303
SB67961_component_46a,127.755069,-59.560123,119.65699768066406,162.5774383544922,127.7552490234375,-59.56005859375,152.88204956054688,0.9942928552627563,0.7826752662658691
SB67961_component_48a,138.781642,-59.797537,106.23200225830078,455.93133544921875,138.78175354003906,-59.797481536865234,113.02864074707031,1.1939870119094849,0.9398679733276367
SB67961_component_49a,126.916233,-62.805064,117.60900115966797,122.38188934326172,126.91642761230469,-62.805030822753906,141.7715606689453,1.0538629293441772,0.8295669555664062
SB67961_component_50a,138.719889,-60.169603,108.44100189208984,415.4827575683594,138.719970703125,-60.169559478759766,121.50035858154297,1.1338319778442383,0.8925158977508545
SB67961_component_51a,137.107609,-58.554483,112.50399780273438,497.8052978515625,137.10763549804688,-58.55478286743164,161.15443420410156,0.8868668675422668,0.698112964630127
SB67961_component_52a,128.271332,-59.231815,100.78700256347656,339.3501892089844,128.2715301513672,-59.23177719116211,84.2353286743164,1.5199978351593018,1.1964932680130005
SB67961_component_55a,133.584254,-60.634897,86.91200256347656,430.2574157714844,133.58441162109375,-60.63496398925781,97.1492919921875,1.1365089416503906,0.8946231007575989
SB67961_component_57a,132.035434,-60.991653,87.23300170898438,405.7348937988281,132.03567504882812,-60.99173355102539,109.55614471435547,1.0115253925323486,0.7962401509284973
SB67961_component_58a,133.926763,-60.186757,89.08200073242188,466.3979187011719,133.92686462402344,-60.18682098388672,100.57759857177734,1.1251784563064575,0.8857042193412781
SB67961_component_63a,138.087402,-62.69515,86.57499694824219,235.899169921875,138.0878143310547,-62.69526672363281,125.8478775024414,0.8739354014396667,0.6879336833953857
SB67961_component_64a,131.541844,-58.028145,82.83000183105469,295.8214416503906,131.54202270507812,-58.028221130371094,101.0314712524414,1.0415105819702148,0.819843590259552
SB67961_component_65a,138.522383,-59.345533,83.65799713134766,309.84442138671875,138.52249145507812,-59.345497131347656,95.23426055908203,1.1159557104110718,0.8784443140029907
SB67961_component_66a,127.128104,-62.021091,82.89600372314453,162.2230987548828,127.1282730102539,-62.02111053466797,108.61296081542969,0.9695822596549988,0.7632238864898682
SB67961_component_67a,131.906693,-61.674958,85.96900177001953,450.0994873046875,131.90692138671875,-61.67506790161133,106.8802490234375,1.0218265056610107,0.8043488264083862
SB67961_component_70a,131.430164,-57.718794,79.09100341796875,184.7920684814453,131.43031311035156,-57.7188606262207,96.30537414550781,1.0433002710342407,0.8212522268295288
SB67961_component_71a,139.044101,-57.601801,73.36199951171875,132.42237854003906,139.0443115234375,-57.60190200805664,83.6332015991211,1.1143590211868286,0.8771874904632568
SB67961_component_76a,136.786472,-59.253365,66.83999633789062,339.2893371582031,136.78662109375,-59.25338363647461,57.09176254272461,1.4872901439666748,1.1707468032836914
SB67961_component_77a,137.502196,-60.362656,70.1729965209961,345.6798095703125,137.50209045410156,-60.36260986328125,88.46973419189453,1.007646083831787,0.7931864857673645
SB67961_component_81a,136.358574,-61.066967,66.15499877929688,350.0264587402344,136.3586883544922,-61.0670051574707,68.59573364257812,1.225175380706787,0.9644185900688171
SB67961_component_88a,134.681845,-58.600086,60.04800033569336,295.802978515625,134.6817626953125,-58.600379943847656,62.337867736816406,1.2237123250961304,0.9632668495178223
SB67961_component_89a,127.379914,-58.933473,58.73099899291992,96.91584014892578,127.3800048828125,-58.933433532714844,36.25886535644531,2.057718276977539,1.6197693347930908
SB67961_component_91a,129.694925,-57.511519,58.79199981689453,84.10872650146484,129.6950225830078,-57.51163864135742,82.20838928222656,0.9085206389427185,0.7151581645011902
SB67961_component_93a,138.081298,-57.67293,61.25400161743164,114.70787048339844,138.08148193359375,-57.67306900024414,76.09856414794922,1.0225645303726196,0.804929792881012
SB67961_component_94a,127.599173,-58.782628,56.481998443603516,112.06745910644531,127.59925842285156,-58.782623291015625,77.74633026123047,0.9229174852371216,0.72649085521698
SB67961_component_95a,128.870783,-59.886389,53.45100021362305,185.59376525878906,128.87100219726562,-59.886356353759766,25.804471969604492,2.6314406394958496,2.071385145187378
SB67961_component_96a,128.662354,-58.388133,59.24700164794922,143.80340576171875,128.6625518798828,-58.388160705566406,71.34815216064453,1.0549123287200928,0.8303929567337036
SB67961_component_99a,128.823205,-61.475246,52.981998443603516,220.75833129882812,128.8233184814453,-61.475337982177734,68.68894958496094,0.9798828959465027,0.7713322043418884
SB67961_component_100a,133.845386,-62.929858,54.698001861572266,111.85685729980469,133.84571838378906,-62.929935455322266,61.2451171875,1.1345736980438232,0.8930997848510742
SB67961_component_105a,127.431308,-61.532242,53.428001403808594,74.82913208007812,127.43152618408203,-61.53229522705078,73.40413665771484,0.924657940864563,0.7278609275817871
SB67961_component_108a,137.930003,-58.437515,49.15399932861328,207.4008331298828,137.9301300048828,-58.4376220703125,66.30225372314453,0.9418099522590637,0.7413623929023743
SB67961_component_109a,136.762052,-62.480604,49.64699935913086,201.8170623779297,136.7623291015625,-62.480735778808594,56.685672760009766,1.112634301185608,0.8758297562599182
SB67961_component_110a,134.4199,-59.019213,49.07400131225586,247.84849548339844,134.4199676513672,-59.01932144165039,55.452938079833984,1.1242414712905884,0.8849666714668274
SB67961_component_111a,131.051923,-60.17442,47.8849983215332,254.7074432373047,131.05210876464844,-60.17445373535156,51.29840087890625,1.185846209526062,0.9334598779678345
SB67961_component_113a,136.721192,-59.373104,46.7859992980957,198.24575805664062,136.7213592529297,-59.37308883666992,63.92081832885742,0.929835855960846,0.7319368124008179
SB67961_component_115a,137.882479,-62.613433,47.55500030517578,146.77468872070312,137.8827667236328,-62.61360549926758,38.84225082397461,1.5553370714187622,1.224311113357544
SB67961_component_120a,139.731539,-58.525528,42.49399948120117,84.31349182128906,139.7317352294922,-58.525630950927734,34.547210693359375,1.5625982284545898,1.2300269603729248
SB67961_component_121a,138.268125,-59.414542,44.39699935913086,185.76150512695312,138.26821899414062,-59.41452407836914,66.4892349243164,0.8482717275619507,0.6677321195602417
SB67961_component_124a,134.688441,-61.299404,44.111000061035156,209.05686950683594,134.68878173828125,-61.299468994140625,57.25674819946289,0.9787076115608215,0.7704070210456848
SB67961_component_127a,127.01798,-62.501422,48.24700164794922,91.89905548095703,127.0181655883789,-62.50141525268555,58.25629425048828,1.0521076917648315,0.8281852006912231
SB67961_component_130a,136.665158,-63.02897,45.75400161743164,67.68343353271484,136.66522216796875,-63.029056549072266,70.40628814697266,0.8255632519721985,0.6498567461967468
SB67961_component_131a,132.123265,-58.550756,43.125999450683594,192.5267791748047,132.12347412109375,-58.55081558227539,51.46205139160156,1.0645959377288818,0.8380155563354492
SB67961_component_132a,132.295971,-62.687336,46.92599868774414,175.7528076171875,132.2963409423828,-62.68745422363281,50.712398529052734,1.1755256652832031,0.9253358244895935
SB67961_component_136a,138.751157,-60.195386,46.255001068115234,177.2222137451172,138.75119018554688,-60.1953239440918,53.39628982543945,1.1004753112792969,0.8662586808204651
SB67961_component_138a,139.179381,-61.255241,44.448001861572266,179.95143127441406,139.17913818359375,-61.255165100097656,54.385650634765625,1.0382468700408936,0.8172744512557983
SB67961_component_139a,132.888047,-61.851373,43.70800018310547,217.45272827148438,132.8882598876953,-61.85154724121094,37.43867111206055,1.483109474182129,1.167456030845642
SB67961_component_140a,132.480226,-61.497709,41.465999603271484,234.27117919921875,132.48049926757812,-61.49782180786133,51.045982360839844,1.0319609642028809,0.8123264312744141
SB67961_component_142a,131.858355,-58.486653,40.00400161743164,204.10205078125,131.85858154296875,-58.486732482910156,29.676570892333984,1.712467908859253,1.3479994535446167
SB67961_component_143a,136.734871,-62.063258,40.055999755859375,189.8388671875,136.73512268066406,-62.063392639160156,50.68491744995117,1.0039719343185425,0.7902942895889282
SB67961_component_145a,129.022122,-62.520625,42.941001892089844,144.09732055664062,129.02230834960938,-62.52064895629883,55.97807693481445,0.9745113849639893,0.767103910446167
SB67961_component_147a,132.381302,-59.063311,37.84700012207031,113.99699401855469,132.3816375732422,-59.06332778930664,47.0056037902832,1.0228561162948608,0.805159330368042
SB67961_component_153a,136.78092,-62.449088,33.814998626708984,143.2838897705078,136.7811737060547,-62.44922637939453,43.99628448486328,0.9763962626457214,0.768587589263916
SB67961_component_157a,139.488761,-58.773608,32.4010009765625,61.95220184326172,139.48895263671875,-58.773712158203125,42.73228073120117,0.9632412195205688,0.7582324147224426
SB67961_component_165a,138.404001,-57.758248,32.875,85.16838836669922,138.40423583984375,-57.75834655761719,26.78367805480957,1.5592949390411377,1.2274266481399536
SB67961_component_166a,138.890334,-62.883674,34.40599822998047,55.9447135925293,138.89080810546875,-62.88381576538086,47.49229049682617,0.9203303456306458,0.724454402923584
SB67961_component_167a,134.070965,-58.743244,31.5939998626709,157.18408203125,134.0709991455078,-58.74339294433594,29.536701202392578,1.358862042427063,1.0696523189544678
SB67961_component_172a,128.401624,-61.903286,30.790000915527344,126.70782470703125,128.4017791748047,-61.90334701538086,38.01483154296875,1.0289382934570312,0.8099470734596252
SB67961_component_174a,138.575436,-60.039204,33.25199890136719,163.0,138.57542419433594,-60.0390739440918,42.89008331298828,0.9849033355712891,0.7752841114997864
SB67961_component_176a,137.274895,-61.676887,29.266000747680664,131.82882690429688,137.27511596679688,-61.6770133972168,27.35675048828125,1.35903799533844,1.0697908401489258
SB67961_component_182a,133.492082,-61.120894,28.79199981689453,151.53684997558594,133.4922637939453,-61.1209602355957,14.116070747375488,2.591139078140259,2.039661169052124
SB67961_component_183a,134.871182,-58.029093,29.391000747680664,106.10469055175781,134.87100219726562,-58.02952194213867,39.72911071777344,0.9398061037063599,0.7397850155830383
SB67961_component_186a,128.036775,-60.31158,29.92300033569336,102.47602844238281,128.0369873046875,-60.31161117553711,43.86989974975586,0.8665052652359009,0.6820849776268005
SB67961_component_187a,138.859767,-60.687475,31.211999893188477,111.47142791748047,138.85960388183594,-60.68739700317383,41.43487548828125,0.956947922706604,0.7532784938812256
SB67961_component_188a,139.864445,-59.200082,27.09600067138672,35.46596908569336,139.86459350585938,-59.200035095214844,18.34284782409668,1.87659752368927,1.4771970510482788
SB67961_component_189a,134.424627,-59.664773,28.121999740600586,130.8000030517578,134.42474365234375,-59.66482925415039,33.48732376098633,1.066838026046753,0.8397804498672485
SB67961_component_192a,132.867419,-58.200758,28.312999725341797,131.07870483398438,132.86752319335938,-58.2008171081543,35.95591354370117,1.0003414154052734,0.7874365448951721
SB67961_component_195a,131.729314,-60.952647,29.57900047302246,160.75543212890625,131.72958374023438,-60.952720642089844,38.37257766723633,0.9792537689208984,0.7708369493484497
SB67961_component_196a,139.362865,-62.26248,28.226999282836914,66.57311248779297,139.36325073242188,-62.26264572143555,37.97168731689453,0.9443598985671997,0.7433696389198303
SB67961_component_199a,138.431351,-59.136995,26.424999237060547,106.12449645996094,138.4314727783203,-59.13701629638672,31.573850631713867,1.0632127523422241,0.8369266986846924
SB67961_component_201a,133.80258,-60.085473,27.861000061035156,148.9893035888672,133.80287170410156,-60.08564758300781,25.442180633544922,1.3911535739898682,1.0950711965560913
SB67961_component_205a,135.535463,-61.030802,29.534000396728516,141.31100463867188,135.53567504882812,-61.03090286254883,38.97733688354492,0.9625933170318604,0.7577223777770996
SB67961_component_206a,137.130507,-57.53644,25.829999923706055,37.272727966308594,137.13058471679688,-57.536983489990234,35.83658218383789,0.9156522154808044,0.720771849155426
SB67961_component_207a,131.514605,-57.747888,26.632999420166016,69.35676574707031,131.51475524902344,-57.74799728393555,23.84393310546875,1.4189754724502563,1.116971731185913
SB67961_component_208a,134.948753,-60.435537,25.416000366210938,142.78651428222656,134.9490509033203,-60.43555450439453,34.71305847167969,0.9301372766494751,0.7321740388870239
SB67961_component_210a,136.027412,-58.159976,25.30299949645996,105.42916870117188,136.0272674560547,-58.16044616699219,29.02512550354004,1.107466459274292,0.8717619180679321
SB67961_component_213a,129.085062,-58.637066,25.670000076293945,98.73077392578125,129.08518981933594,-58.63706588745117,36.65538787841797,0.889653205871582,0.7003063559532166
SB67961_component_215a,135.726818,-58.294804,27.520000457763672,135.56651306152344,135.7267303466797,-58.29521179199219,35.58436965942383,0.9824758172035217,0.7733732461929321
SB67961_component_218a,139.931176,-58.101534,25.454999923706055,42.99831008911133,139.93136596679688,-58.101593017578125,21.520532608032227,1.50263249874115,1.182823896408081
SB67961_component_219a,129.251961,-60.004031,25.35300064086914,114.7194595336914,129.252197265625,-60.004032135009766,25.605554580688477,1.2578471899032593,0.9901367425918579
SB67961_component_220a,133.425577,-60.965125,25.02400016784668,133.81817626953125,133.42576599121094,-60.96518325805664,28.666275024414062,1.1089658737182617,0.8729421496391296
SB67961_component_226a,139.321377,-62.237596,25.851999282836914,63.36274337768555,139.32174682617188,-62.237735748291016,32.91091537475586,0.9978997111320496,0.7855144143104553
SB67961_component_228a,133.561641,-58.875884,23.090999603271484,107.90186309814453,133.56173706054688,-58.875938415527344,23.49795913696289,1.248375654220581,0.9826810956001282
SB67961_component_233a,137.53246,-61.411582,22.757999420166016,98.94782257080078,137.5324249267578,-61.41157531738281,29.889352798461914,0.9672757387161255,0.7614082098007202
SB67961_component_235a,139.751922,-58.807909,23.58799934387207,27.5239200592041,139.7520751953125,-58.80801010131836,32.01655197143555,0.9359427094459534,0.7367439270019531
SB67961_component_236a,135.619374,-59.308744,22.336000442504883,113.3807144165039,135.6194305419922,-59.308780670166016,20.28278160095215,1.3989771604537964,1.1012296676635742
SB67961_component_237a,132.830746,-58.432208,24.642000198364258,122.59701538085938,132.83102416992188,-58.43220901489258,23.836841583251953,1.3132879734039307,1.0337779521942139
SB67961_component_238a,136.402655,-58.29722,23.04400062561035,116.97462463378906,136.40264892578125,-58.29768753051758,26.19455909729004,1.1175822019577026,0.8797246813774109
SB67961_component_239a,133.602542,-58.077474,23.599000930786133,104.42035675048828,133.60264587402344,-58.07758331298828,28.303813934326172,1.0592083930969238,0.8337745666503906
SB67961_component_241a,138.488588,-60.194834,22.87700080871582,105.91204071044922,138.48863220214844,-60.194759368896484,27.749818801879883,1.0473012924194336,0.8244017958641052
SB67961_component_243a,136.152105,-60.635446,22.80500030517578,126.69444274902344,136.15234375,-60.63544845581055,29.761451721191406,0.9734389185905457,0.7662596702575684
SB67961_component_244a,129.036335,-62.140403,24.06599998474121,103.28755187988281,129.0364990234375,-62.14046096801758,31.953092575073242,0.9568056464195251,0.7531665563583374
SB67961_component_247a,135.198436,-60.934979,22.547000885009766,116.22164916992188,135.1988067626953,-60.93500518798828,29.25248908996582,0.9791713356971741,0.7707720398902893
SB67961_component_250a,139.888382,-61.386372,21.63800048828125,67.40809631347656,139.8881378173828,-61.386287689208984,25.621376037597656,1.0728707313537598,0.8445292115211487
SB67961_component_251a,132.930524,-58.700638,21.231000900268555,99.21028137207031,132.9307403564453,-58.70071029663086,28.891664505004883,0.9335350394248962,0.73484867811203
SB67961_component_255a,129.907852,-61.672817,21.64299964904785,110.42346954345703,129.9080352783203,-61.67291259765625,28.182147979736328,0.9756096005439758,0.7679684162139893
SB67961_component_261a,130.779488,-62.596779,19.993999481201172,74.60447692871094,130.77980041503906,-62.59687423706055,22.447080612182617,1.1315468549728394,0.8907171487808228
SB67961_component_264a,129.592251,-59.829027,20.9689998626709,105.37185668945312,129.59246826171875,-59.82902526855469,11.742474555969238,2.2685627937316895,1.7857394218444824
SB67961_component_265a,137.532407,-61.366732,20.16699981689453,92.93548583984375,137.53253173828125,-61.36676788330078,18.247894287109375,1.40398108959198,1.1051685810089111
SB67961_component_271a,130.268027,-60.608073,21.31100082397461,117.74034118652344,130.2682647705078,-60.60810470581055,24.550798416137695,1.1027344465255737,0.8680369853973389
SB67961_component_276a,134.94453,-58.234234,20.31999969482422,91.9457015991211,134.94435119628906,-58.2346076965332,20.776491165161133,1.2424651384353638,0.9780284762382507
SB67961_component_277a,131.833044,-59.517817,22.54599952697754,114.44670104980469,131.8332977294922,-59.51786422729492,30.76287269592285,0.9310550093650818,0.7328964471817017
SB67961_component_278a,140.62356,-59.758537,19.924999237060547,20.885744094848633,140.62379455566406,-59.758506774902344,27.956451416015625,0.9054177403450012,0.7127156257629395
SB67961_component_281a,138.482485,-62.819965,20.481000900268555,46.65375900268555,138.48294067382812,-62.82014846801758,24.56789207458496,1.0590488910675049,0.8336490988731384
SB67961_component_282a,131.513719,-57.878014,19.988000869750977,61.31288528442383,131.51390075683594,-57.87810516357422,20.78900718688965,1.2214293479919434,0.9614697098731995
SB67961_component_286a,135.614436,-61.014877,21.320999145507812,104.00487518310547,135.6147003173828,-61.01491165161133,28.05289649963379,0.9655228853225708,0.7600284218788147
SB67961_component_290a,130.043,-61.126161,19.207000732421875,95.08415985107422,130.04319763183594,-61.1262321472168,22.221405029296875,1.0980465412139893,0.8643468022346497
SB67961_component_295a,131.260705,-62.696123,18.905000686645508,57.99079895019531,131.26089477539062,-62.69621276855469,18.27781105041504,1.313969373703003,1.0343142747879028
SB67961_component_296a,130.449474,-61.020433,18.94499969482422,85.33783721923828,130.44961547851562,-61.02045822143555,27.618074417114258,0.8714328408241272,0.6859638094902039
SB67961_component_297a,131.146281,-57.898524,19.95199966430664,62.9400634765625,131.14645385742188,-57.898563385009766,26.494487762451172,0.9566732048988342,0.7530623078346252
SB67961_component_300a,137.103962,-61.004238,19.32699966430664,92.03333282470703,137.10397338867188,-61.004268646240234,24.28934097290039,1.0108376741409302,0.7956988215446472
SB67961_component_303a,131.974124,-61.124066,18.62700080871582,101.23370361328125,131.97445678710938,-61.1241340637207,23.433683395385742,1.0097993612289429,0.7948814630508423
SB67961_component_305a,128.112237,-58.858485,19.134000778198242,65.75257873535156,128.11245727539062,-58.85847091674805,15.213373184204102,1.597765326499939,1.257709264755249
SB67961_component_307a,128.261696,-60.898704,19.30900001525879,74.26538848876953,128.2619171142578,-60.89870071411133,18.646167755126953,1.3155364990234375,1.0355478525161743
SB67961_component_309a,131.941687,-63.041269,17.899999618530273,29.4407901763916,131.94215393066406,-63.041324615478516,22.31281280517578,1.019134283065796,0.802229642868042
SB67961_component_310a,128.723752,-60.811152,18.871000289916992,87.7720947265625,128.7239990234375,-60.81119155883789,19.663164138793945,1.2191979885101318,0.9597132802009583
SB67961_component_316a,139.510692,-62.068517,18.520999908447266,43.37471008300781,139.5108184814453,-62.06856918334961,27.154407501220703,0.8664765954017639,0.6820623874664307
SB67961_component_317a,135.019007,-59.318552,18.132999420166016,93.95336151123047,135.01913452148438,-59.318599700927734,22.469894409179688,1.025182843208313,0.8069908618927002
SB67961_component_318a,134.696136,-58.359628,17.833999633789062,87.42156982421875,134.69601440429688,-58.359989166259766,22.002120971679688,1.029714822769165,0.8105581998825073
SB67961_component_328a,128.379466,-60.148495,18.492000579833984,64.43206024169922,128.3795928955078,-60.14848709106445,31.83770179748535,0.7378615736961365,0.5808208584785461
SB67961_component_331a,128.798461,-59.913469,17.577999114990234,63.45847702026367,128.79859924316406,-59.91347122192383,22.807329177856445,0.9791015386581421,0.7707171440124512
SB67961_component_332a,127.846718,-61.332416,17.31999969482422,33.4362907409668,127.84689331054688,-61.33246994018555,26.672958374023438,0.8249154090881348,0.6493467688560486
SB67961_component_333a,129.589188,-62.78965,17.23699951171875,38.734832763671875,129.58937072753906,-62.78972244262695,23.119380950927734,0.9471486806869507,0.7455649375915527
SB67961_component_334a,135.337841,-59.296988,16.600000381469727,84.69387817382812,135.33792114257812,-59.296993255615234,19.980960845947266,1.0554178953170776,0.8307908773422241
SB67961_component_336a,138.365974,-59.792101,15.862000465393066,77.7549057006836,138.3660888671875,-59.79205322265625,19.249629974365234,1.0468109846115112,0.8240158557891846
SB67961_component_337a,128.697409,-58.36898,15.654000282287598,39.03740692138672,128.6974334716797,-58.369041442871094,20.57037353515625,0.9667537212371826,0.7609973549842834
SB67961_component_340a,137.035884,-63.138408,16.87299919128418,61.35635757446289,137.03614807128906,-63.13859939575195,24.023754119873047,0.8922449946403503,0.7023465037345886
SB67961_component_342a,131.074681,-58.922072,17.211000442504883,86.48744201660156,131.07498168945312,-58.922080993652344,25.33024787902832,0.8631760478019714,0.6794643402099609
SB67961_component_343a,133.455905,-61.204567,16.1200008392334,85.29100799560547,133.45596313476562,-61.20462417602539,21.152462005615234,0.9681370854377747,0.7620862722396851
SB67961_component_345a,132.162457,-62.045303,16.48699951171875,90.0928955078125,132.16278076171875,-62.0455322265625,20.06416893005371,1.0438861846923828,0.8217135667800903
SB67961_component_347a,128.947396,-58.508992,16.2549991607666,56.83565902709961,128.94778442382812,-58.508872985839844,13.35770034790039,1.5459234714508057,1.2169010639190674
SB67961_component_349a,129.594379,-62.928793,16.386999130249023,26.17731475830078,129.5943145751953,-62.92881393432617,21.951278686523438,0.9483579993247986,0.7465168237686157
SB67961_component_352a,128.500336,-60.062314,15.954999923706055,51.634307861328125,128.50051879882812,-60.062347412109375,21.580482482910156,0.9392222762107849,0.7393254637718201
SB67961_component_353a,129.604323,-62.532289,16.941999435424805,57.62584686279297,129.60433959960938,-62.5324592590332,21.696727752685547,0.9919804930686951,0.7808550596237183
SB67961_component_354a,133.293242,-62.620133,16.54400062561035,59.94203186035156,133.2935791015625,-62.62028884887695,18.06625747680664,1.1633356809616089,0.9157403111457825
SB67961_component_362a,130.090314,-58.591286,16.910999298095703,80.52857208251953,130.090576171875,-58.591346740722656,23.61277961730957,0.9098187685012817,0.7161799669265747
SB67961_component_363a,127.302943,-58.726557,15.104000091552734,19.118986129760742,127.30303192138672,-58.726505279541016,17.884239196777344,1.0728875398635864,0.8445425033569336
SB67961_component_364a,132.895004,-61.201958,17.322999954223633,92.14362335205078,132.89517211914062,-61.20207214355469,21.231813430786133,1.0364985466003418,0.8158982992172241
SB67961_component_365a,137.142348,-61.903699,14.937999725341797,71.13333129882812,137.14259338378906,-61.903724670410156,13.479491233825684,1.4078346490859985,1.1082020998001099
SB67961_component_366a,134.795344,-58.065492,15.35200023651123,59.04615783691406,134.7953643798828,-58.06585693359375,17.363170623779297,1.1232298612594604,0.8841703534126282
SB67961_component_369a,131.307381,-60.507494,15.197999954223633,78.34020233154297,131.30760192871094,-60.50751495361328,17.8316707611084,1.0827473402023315,0.8523037433624268
SB67961_component_370a,127.7064,-62.094654,14.586000442504883,56.10000228881836,127.7065200805664,-62.09469985961914,15.827073097229004,1.170761227607727,0.9215854406356812
SB67961_component_371a,130.268959,-62.540832,14.838000297546387,58.417320251464844,130.26927185058594,-62.54087448120117,12.406513214111328,1.519351840019226,1.1959847211837769
SB67961_component_375a,130.859485,-62.772195,15.60200023651123,42.862640380859375,130.85972595214844,-62.77226257324219,14.93604564666748,1.3270196914672852,1.0445870161056519
SB67961_component_381a,130.430237,-62.442561,14.45199966430664,65.0990982055664,130.43052673339844,-62.44266891479492,19.38727569580078,0.9469866752624512,0.7454373836517334
SB67961_component_384a,134.10737,-61.729182,14.656999588012695,76.33853912353516,134.10763549804688,-61.729278564453125,16.528886795043945,1.1265077590942383,0.8867505788803101
SB67961_component_385a,126.744443,-62.660566,16.08300018310547,17.712554931640625,126.7445068359375,-62.66044235229492,17.695775985717773,1.1545963287353516,0.908860981464386
SB67961_component_387a,139.219623,-60.823191,15.302000045776367,46.51063919067383,139.2193145751953,-60.82319641113281,19.504716873168945,0.9966467618942261,0.7845281958580017
SB67961_component_390a,129.520309,-62.839843,14.99899959564209,28.353496551513672,129.52052307128906,-62.83984375,18.503028869628906,1.0297983884811401,0.8106240034103394
SB67961_component_391a,129.090628,-62.699912,13.970999717712402,35.280303955078125,129.09075927734375,-62.69993209838867,13.862560272216797,1.2803148031234741,1.0078225135803223
SB67961_component_392a,129.854781,-62.226711,14.454999923706055,64.53125,129.8549346923828,-62.22681427001953,20.156675338745117,0.9110283851623535,0.7171321511268616
SB67961_component_393a,126.711851,-61.665166,14.013999938964844,28.483739852905273,126.7114028930664,-61.66521453857422,15.495589256286621,1.148911952972412,0.9043864011764526
SB67961_component_396a,139.611813,-61.781961,15.510000228881836,43.44538116455078,139.61170959472656,-61.78194046020508,20.836828231811523,0.9456118941307068,0.7443551421165466
SB67961_component_397a,130.056403,-61.099685,14.465999603271484,68.23584747314453,130.056640625,-61.099727630615234,19.110231399536133,0.9616460204124451,0.7569766640663147
SB67961_component_401a,139.501546,-60.831004,13.40999984741211,29.47252655029297,139.5012664794922,-60.83087158203125,15.339521408081055,1.110579490661621,0.874212384223938
SB67961_component_402a,132.884914,-62.334289,13.96500015258789,73.8888931274414,132.88511657714844,-62.33454132080078,15.547978401184082,1.1410369873046875,0.898187518119812
SB67961_component_404a,132.607989,-57.629127,14.663000106811523,24.07717514038086,132.60804748535156,-57.62925338745117,11.883037567138672,1.567574143409729,1.2339438199996948
SB67961_component_405a,135.566689,-61.167602,13.939000129699707,69.00495147705078,135.56703186035156,-61.16765594482422,17.168560028076172,1.0314079523086548,0.8118910193443298
SB67961_component_409a,131.513013,-57.629039,13.192999839782715,23.601072311401367,131.51312255859375,-57.629180908203125,20.10708236694336,0.8335415124893188,0.6561369299888611
SB67961_component_412a,128.088614,-62.203564,14.29800033569336,63.26548767089844,128.08872985839844,-62.20366668701172,17.043651580810547,1.065725564956665,0.8389047384262085
SB67961_component_414a,131.080798,-58.087967,13.605999946594238,55.08502197265625,131.08102416992188,-58.08802032470703,18.18461799621582,0.9505150318145752,0.7482147812843323
SB67961_component_416a,132.723803,-59.823415,13.420999526977539,75.39887237548828,132.7240447998047,-59.82355880737305,13.744768142700195,1.240452527999878,0.9764442443847656
SB67961_component_422a,133.987921,-58.505203,13.411999702453613,67.73737335205078,133.988037109375,-58.50540542602539,11.141995429992676,1.5291963815689087,1.203734040260315
SB67961_component_426a,139.686233,-61.809292,13.305000305175781,35.9594612121582,139.68614196777344,-61.809234619140625,15.28726577758789,1.1056503057479858,0.8703322410583496
SB67961_component_429a,135.777044,-59.417003,13.248000144958496,66.90909576416016,135.7772979736328,-59.41698455810547,17.213661193847656,0.9777094125747681,0.7696213126182556
SB67961_component_432a,130.264123,-59.156793,12.753999710083008,66.77486419677734,130.2642059326172,-59.15679931640625,12.452585220336914,1.3011268377304077,1.024204969406128
SB67961_component_434a,129.600805,-60.389072,12.916000366210938,64.25870513916016,129.60098266601562,-60.38905334472656,7.863609313964844,2.0865981578826904,1.642502784729004
SB67961_component_435a,133.005008,-62.584049,12.95300006866455,50.01158142089844,133.00538635253906,-62.5842399597168,15.845513343811035,1.0384767055511475,0.8174553513526917
SB67961_component_437a,128.816669,-59.076908,12.902999877929688,65.16666412353516,128.8168487548828,-59.07682418823242,12.777226448059082,1.2828823328018188,1.0098435878753662
SB67961_component_438a,132.309494,-57.594395,12.133000373840332,16.75828742980957,132.30953979492188,-57.594482421875,13.422163963317871,1.1483608484268188,0.9039525985717773
SB67961_component_439a,135.487173,-58.009703,12.258000373840332,48.45059585571289,135.487060546875,-58.01015090942383,14.491918563842773,1.0745495557785034,0.8458507657051086
SB67961_component_441a,135.3354,-60.010081,13.006999969482422,73.48587799072266,135.33566284179688,-60.01011657714844,16.38317108154297,1.008583664894104,0.7939244508743286
SB67961_component_442a,132.426397,-58.619377,12.010000228881836,58.87255096435547,132.42652893066406,-58.61946105957031,10.942121505737305,1.394357681274414,1.0975934267044067
SB67961_component_443a,128.05554,-63.10755,13.074000358581543,11.757194519042969,128.0557098388672,-63.10759353637695,16.23569107055664,1.022987723350525,0.8052629232406616
SB67961_component_448a,130.172911,-58.957839,12.156999588012695,59.30243682861328,130.173095703125,-58.957889556884766,23.325143814086914,0.6621171236038208,0.5211971998214722
SB67961_component_450a,133.475964,-57.654981,12.048999786376953,22.606002807617188,133.47601318359375,-57.65499496459961,18.28468132019043,0.8371365666389465,0.6589668989181519
SB67961_component_451a,133.413073,-60.472336,11.972000122070312,63.34391784667969,133.41322326660156,-60.472354888916016,13.265462875366211,1.1465078592300415,0.902493953704834
SB67961_component_461a,135.040288,-58.216774,11.458999633789062,52.32419967651367,135.0401153564453,-58.21723937988281,14.990808486938477,0.9710785746574402,0.7644017338752747
SB67961_component_463a,127.209843,-58.809353,11.961000442504883,13.364246368408203,127.20994567871094,-58.809326171875,6.48289155960083,2.3438589572906494,1.8450101613998413
SB67961_component_467a,135.699244,-60.568015,11.288000106811523,60.04255676269531,135.69956970214844,-60.56800842285156,14.213887214660645,1.0088738203048706,0.7941529154777527
SB67961_component_470a,133.013097,-57.617321,11.694999694824219,21.41941261291504,133.01296997070312,-57.617427825927734,14.095499038696289,1.0540287494659424,0.8296974301338196
SB67961_component_471a,130.695129,-59.340039,11.237000465393066,58.22279739379883,130.69534301757812,-59.340084075927734,16.553728103637695,0.8623574376106262,0.6788199543952942
SB67961_component_475a,131.960774,-62.451935,12.479999542236328,59.712913513183594,131.96087646484375,-62.4521484375,16.69547462463379,0.9496170878410339,0.7475079298019409
SB67961_component_478a,137.401578,-61.121264,11.934000015258789,57.375,137.40164184570312,-61.121219635009766,15.305578231811523,0.9905331134796143,0.7797157168388367
SB67961_component_479a,130.227713,-61.52974,11.331000328063965,58.107696533203125,130.22784423828125,-61.52986526489258,12.545759201049805,1.1473714113235474,0.9031737446784973
SB67961_component_483a,132.670378,-57.935083,12.170000076293945,38.15047073364258,132.67031860351562,-57.93503952026367,14.111345291137695,1.0956071615219116,0.8624266386032104
SB67961_component_494a,132.0968,-60.757617,10.862000465393066,55.41836929321289,132.0970916748047,-60.7577018737793,5.116605758666992,2.696873426437378,2.122891902923584
SB67961_component_498a,127.862846,-59.417864,11.194000244140625,23.61603355407715,127.86316680908203,-59.417945861816406,13.536705017089844,1.050521731376648,0.8269368410110474
SB67961_component_501a,132.502461,-57.673972,11.196000099182129,20.35636329650879,132.5024871826172,-57.67404556274414,11.247562408447266,1.2645535469055176,0.9954156875610352
SB67961_component_504a,129.137593,-58.303851,10.086000442504883,35.89324188232422,129.13772583007812,-58.30388641357422,14.18970012664795,0.9029807448387146,0.7107973098754883
SB67961_component_505a,136.577112,-59.557116,10.866000175476074,57.189476013183594,136.5771942138672,-59.557029724121094,8.828763961791992,1.5635167360305786,1.2307498455047607
SB67961_component_508a,130.901295,-62.152329,10.680000305175781,54.48979949951172,130.90147399902344,-62.152584075927734,11.410380363464355,1.1890603303909302,0.9359898567199707
SB67961_component_514a,135.024491,-61.970355,10.36400032043457,48.65727996826172,135.02474975585938,-61.97052764892578,15.342259407043457,0.8581650257110596,0.6755198240280151
SB67961_component_521a,134.624168,-61.984319,10.753000259399414,56.005210876464844,134.62448120117188,-61.98436737060547,10.509177207946777,1.2998512983322144,1.0232009887695312
SB67961_component_522a,140.226475,-60.786504,11.604000091552734,11.913758277893066,140.2260284423828,-60.7863883972168,13.111384391784668,1.1243250370025635,0.8850324153900146
SB67961_component_527a,136.696767,-62.64592,10.633999824523926,35.92567443847656,136.6971435546875,-62.64602279663086,14.522043228149414,0.9302542209625244,0.7322660684585571
SB67961_component_530a,135.788868,-62.993622,9.982999801635742,16.61064910888672,135.78890991210938,-62.99363708496094,11.591852188110352,1.0940594673156738,0.8612083196640015
SB67961_component_532a,129.233363,-59.602531,9.711999893188477,43.55156707763672,129.2335205078125,-59.602500915527344,13.116796493530273,0.9406186938285828,0.7404246926307678
SB67961_component_533a,130.019522,-59.759748,9.67300033569336,50.91053009033203,130.01968383789062,-59.75974655151367,10.977601051330566,1.1194030046463013,0.8811579346656799
SB67961_component_534a,132.983364,-60.039111,9.902000427246094,50.52041244506836,132.98362731933594,-60.03911590576172,7.56355094909668,1.6631443500518799,1.3091734647750854
SB67961_component_535a,135.541077,-58.762456,9.90999984741211,48.10679626464844,135.5410919189453,-58.762603759765625,7.596953392028809,1.6571693420410156,1.3044703006744385
SB67961_component_536a,139.1144,-59.643137,9.807000160217285,39.86585235595703,139.11453247070312,-59.64302062988281,12.275213241577148,1.0149387121200562,0.7989270687103271
SB67961_component_538a,136.534384,-60.188896,10.12600040435791,55.333335876464844,136.53453063964844,-60.188941955566406,10.062535285949707,1.278389573097229,1.0063071250915527
SB67961_component_539a,139.152505,-61.928616,10.52299976348877,33.619808197021484,139.15281677246094,-61.9287223815918,12.949729919433594,1.0323134660720825,0.8126038312911987
SB67961_component_546a,133.1912,-60.058337,8.821000099182129,50.40571594238281,133.1912384033203,-60.05841827392578,9.17347526550293,1.2215652465820312,0.9615767002105713
SB67961_component_549a,132.121113,-60.029991,10.050000190734863,54.32432556152344,132.12130737304688,-60.029991149902344,12.783825874328613,0.9987066984176636,0.7861496210098267
SB67961_component_552a,131.979227,-62.562537,8.706999778747559,35.684425354003906,131.97947692871094,-62.56277084350586,12.057942390441895,0.9173352122306824,0.7220966219902039
SB67961_component_558a,137.707918,-60.929183,8.711999893188477,46.588233947753906,137.70785522460938,-60.9290657043457,5.04890775680542,2.192063570022583,1.7255216836929321
SB67961_component_562a,129.761885,-60.494135,9.857000350952148,52.1534423828125,129.76219177246094,-60.49410629272461,12.711104393005371,0.9851314425468445,0.7754637002944946
SB67961_component_567a,132.963482,-62.104313,9.381999969482422,52.41340637207031,132.96363830566406,-62.10444259643555,11.350351333618164,1.050071358680725,0.8265823125839233
SB67961_component_569a,132.396651,-59.534837,9.432999610900879,47.64141082763672,132.3968963623047,-59.53493881225586,12.470446586608887,0.9609494209289551,0.7564283609390259
SB67961_component_570a,136.102212,-61.394068,8.657999992370605,41.826087951660156,136.10250854492188,-61.39418029785156,10.850972175598145,1.0136350393295288,0.7979008555412292
SB67961_component_572a,135.210788,-62.18037,8.631999969482422,43.37688446044922,135.21107482910156,-62.18047332763672,3.91681170463562,2.7996997833251953,2.2038333415985107
SB67961_component_573a,132.813612,-60.48432,8.944000244140625,48.60869598388672,132.81373596191406,-60.484344482421875,9.986997604370117,1.1377047300338745,0.8955644965171814
SB67961_component_575a,129.000105,-60.410741,9.196999549865723,42.97663497924805,129.0003204345703,-60.41072463989258,11.41234302520752,1.0237739086151123,0.8058817982673645
SB67961_component_576a,132.774198,-58.631966,8.536999702453613,44.233158111572266,132.7745361328125,-58.631961822509766,8.524609565734863,1.272223711013794,1.0014533996582031
SB67961_component_581a,132.375643,-61.524976,9.14799976348877,49.18279266357422,132.3759307861328,-61.52497100830078,11.07614803314209,1.049228549003601,0.8259188532829285
SB67961_component_582a,140.083571,-59.509062,9.609000205993652,17.470909118652344,140.0836181640625,-59.50882339477539,9.133492469787598,1.3365156650543213,1.0520620346069336
SB67961_component_587a,128.924268,-62.8828,9.767999649047852,15.704179763793945,128.92405700683594,-62.882835388183594,7.622048854827881,1.628045916557312,1.2815451622009277
SB67961_component_588a,132.697604,-58.825033,9.322999954223633,43.16203689575195,132.6977081298828,-58.82506561279297,9.715633392333984,1.2190381288528442,0.9595874547958374
SB67961_component_590a,128.320569,-59.242184,8.692000389099121,30.285715103149414,128.32070922851562,-59.242088317871094,11.517297744750977,0.9587422609329224,0.754690945148468
SB67961_component_592a,139.90716,-62.587795,9.600000381469727,11.52461051940918,139.90806579589844,-62.58784484863281,17.501047134399414,0.6968510150909424,0.5485386252403259
SB67961_component_597a,134.737364,-60.778461,8.859999656677246,49.22221755981445,134.73751831054688,-60.778526306152344,10.995723724365234,1.023629069328308,0.8057677745819092
SB67961_component_601a,131.244697,-62.506737,9.456000328063965,37.22834777832031,131.2451171875,-62.50681686401367,9.371098518371582,1.2818868160247803,1.0090599060058594
SB67961_component_604a,128.217015,-59.029306,8.60200023651123,34.82591247558594,128.21722412109375,-59.029300689697266,10.376648902893066,1.0531131029129028,0.8289766907691956
SB67961_component_606a,131.742151,-61.151723,9.119999885559082,46.29441452026367,131.74229431152344,-61.15179443359375,11.731343269348145,0.9875970482826233,0.7774045467376709
SB67961_component_616a,134.256818,-62.066329,8.506999969482422,45.73655700683594,134.25706481933594,-62.06639862060547,12.792555809020996,0.8447959423065186,0.6649961471557617
SB67961_component_619a,138.534085,-60.234511,8.592000007629395,38.87782669067383,138.53387451171875,-60.23443603515625,9.972036361694336,1.0945689678192139,0.8616093993186951
SB67961_component_620a,131.907863,-60.841414,8.102999687194824,44.2786865234375,131.90817260742188,-60.84144973754883,10.952692985534668,0.9398479461669922,0.7398180365562439
SB67961_component_622a,139.020413,-62.115888,9.333000183105469,31.214048385620117,139.02090454101562,-62.115848541259766,9.526789665222168,1.2445359230041504,0.9796584844589233
SB67961_component_623a,136.657248,-61.290238,8.149999618530273,41.16161346435547,136.65753173828125,-61.29030227661133,7.472146034240723,1.3856226205825806,1.0907174348831177
SB67961_component_625a,131.797428,-57.82035,7.979000091552734,23.12753677368164,131.79757690429688,-57.82038497924805,11.54799747467041,0.8777574300765991,0.6909422874450684
SB67961_component_629a,132.508801,-61.155689,8.069999694824219,43.38709259033203,132.5092010498047,-61.155765533447266,7.084612846374512,1.44707190990448,1.1390882730484009
SB67961_component_632a,131.1387,-59.635826,8.137999534606934,42.16579818725586,131.13882446289062,-59.6358642578125,8.963857650756836,1.1533348560333252,0.9078680276870728
SB67961_component_637a,136.275606,-61.132787,7.335999965667725,34.93333435058594,136.27597045898438,-61.13285446166992,6.726986885070801,1.3853881359100342,1.0905327796936035
SB67961_component_639a,131.833447,-60.548816,7.986000061035156,43.63934326171875,131.83372497558594,-60.548805236816406,10.792057037353516,0.9400647878646851,0.7399886846542358
SB67961_component_640a,132.31716,-59.187123,8.1850004196167,34.246864318847656,132.3175811767578,-59.187034606933594,9.984526634216309,1.0414153337478638,0.819768488407135
SB67961_component_641a,128.49359,-62.225658,7.410999774932861,35.62980651855469,128.49388122558594,-62.2257080078125,8.70149040222168,1.0819716453552246,0.8516931533813477
SB67961_component_643a,133.478161,-62.670369,7.9039998054504395,28.02836799621582,133.47860717773438,-62.670440673828125,5.619512557983398,1.786820650100708,1.4065276384353638
SB67961_component_646a,129.105165,-58.742998,7.710000038146973,33.5217399597168,129.10533142089844,-58.74306106567383,11.127894401550293,0.8801852464675903,0.6928534507751465
SB67961_component_647a,133.668278,-62.031448,7.827000141143799,39.93367385864258,133.66854858398438,-62.03152847290039,9.787899017333984,1.0158710479736328,0.7996609210968018
SB67961_component_648a,132.137181,-62.240387,7.517000198364258,42.23033905029297,132.13751220703125,-62.24055862426758,9.95215892791748,0.959533154964447,0.755313515663147
SB67961_component_651a,130.311976,-61.38278,8.869999885559082,49.553070068359375,130.3119659423828,-61.38289260864258,10.636014938354492,1.0594425201416016,0.8339589238166809
SB67961_component_656a,133.941825,-58.567961,8.274999618530273,40.9653434753418,133.9417724609375,-58.568084716796875,9.568531036376953,1.0986400842666626,0.8648139834403992
SB67961_component_657a,126.861554,-61.03267,7.7829999923706055,58.962120056152344,126.86140441894531,-61.03240966796875,7.206599235534668,1.3719850778579712,1.0799823999404907
SB67961_component_659a,140.032354,-61.790456,7.4679999351501465,16.41318702697754,140.03228759765625,-61.79030227661133,8.243623733520508,1.1508502960205078,0.9059122800827026
SB67961_component_661a,127.967433,-62.355595,8.472000122070312,33.09375,127.96733856201172,-62.35575485229492,10.02607250213623,1.0734648704528809,0.8449968695640564
SB67961_component_663a,130.807701,-59.810853,7.695000171661377,42.51381301879883,130.8079376220703,-59.810909271240234,8.85560131072998,1.1038836240768433,0.868941605091095
SB67961_component_669a,132.341132,-57.988189,8.067999839782715,28.01388931274414,132.34127807617188,-57.9882698059082,10.69727897644043,0.9581317901611328,0.7542104721069336
SB67961_component_671a,131.726368,-58.770325,7.406000137329102,37.4040412902832,131.72662353515625,-58.770416259765625,9.223105430603027,1.0200917720794678,0.8029833436012268
SB67961_component_673a,139.790624,-59.249737,7.03000020980835,11.01880931854248,139.79092407226562,-59.249725341796875,8.767210006713867,1.0186538696289062,0.8018514513969421
SB67961_component_679a,137.806846,-60.795672,7.2170000076293945,36.26633071899414,137.80679321289062,-60.79563522338867,11.014002799987793,0.8324233293533325,0.6552568078041077
SB67961_component_685a,132.391545,-62.975197,8.434000015258789,17.318275451660156,132.39208984375,-62.975341796875,9.628081321716309,1.1128242015838623,0.8759793043136597
SB67961_component_689a,138.934047,-59.30973,6.910999774932861,22.438310623168945,138.9341278076172,-59.30976104736328,10.16710376739502,0.8635278344154358,0.6797412633895874
SB67961_component_693a,136.970996,-58.482074,6.959000110626221,34.11274719238281,136.97103881835938,-58.48240280151367,7.898230075836182,1.1193084716796875,0.8810834884643555
SB67961_component_699a,131.36856,-62.314982,7.327000141143799,35.39613723754883,131.368896484375,-62.31507873535156,9.27331829071045,1.0037457942962646,0.7901163101196289
SB67961_component_701a,131.339163,-58.135818,7.8480000495910645,35.6727294921875,131.33908081054688,-58.13612747192383,11.273138999938965,0.8843961954116821,0.6961681246757507
SB67961_component_704a,131.072874,-62.826186,7.956999778747559,18.504650115966797,131.07305908203125,-62.82611846923828,9.7783203125,1.0337554216384888,0.8137389421463013
SB67961_component_706a,134.487916,-60.251452,6.888999938964844,36.449737548828125,134.48812866210938,-60.251441955566406,7.838578701019287,1.1164816617965698,0.8788583278656006
SB67961_component_708a,128.5931,-62.812208,7.953000068664551,16.164634704589844,128.59315490722656,-62.812137603759766,9.180811882019043,1.1004811525344849,0.8662632703781128
SB67961_component_713a,135.913466,-57.912682,6.260000228881836,19.20245361328125,135.9132843017578,-57.913082122802734,7.665775299072266,1.0374113321304321,0.8166167140007019
SB67961_component_714a,131.808857,-62.735853,6.76800012588501,20.634145736694336,131.80934143066406,-62.73593521118164,8.433263778686523,1.0195238590240479,0.8025362491607666
SB67961_component_718a,135.05619,-57.825629,7.188000202178955,21.716012954711914,135.055908203125,-57.82600021362305,4.787935256958008,1.9071837663650513,1.501273512840271
SB67961_component_719a,132.853983,-61.330735,7.4720001220703125,41.281768798828125,132.85391235351562,-61.3308219909668,8.568147659301758,1.1078542470932007,0.8720671534538269
SB67961_component_721a,136.690874,-61.382878,7.008999824523926,35.94358825683594,136.69125366210938,-61.38273620605469,3.5389418601989746,2.5160272121429443,1.9805355072021484
SB67961_component_723a,133.623178,-61.247563,7.36299991607666,38.1502571105957,133.62332153320312,-61.2476806640625,9.443977355957031,0.9904500246047974,0.7796503305435181
SB67961_component_724a,138.657678,-61.549686,6.822000026702881,30.72972869873047,138.6577606201172,-61.549678802490234,10.062154769897461,0.8612979650497437,0.6779860258102417
SB67961_component_730a,128.270805,-61.846088,7.738999843597412,31.587753295898438,128.2708740234375,-61.84626770019531,8.548130989074707,1.1501286029815674,0.9053440690040588
SB67961_component_733a,138.749183,-57.564451,6.5929999351501465,12.277467727661133,138.7492218017578,-57.56464767456055,7.861317157745361,1.06541907787323,0.8386635184288025
SB67961_component_734a,138.898076,-58.774888,6.499000072479248,19.935583114624023,138.89820861816406,-58.774925231933594,9.33811092376709,0.8841384053230286,0.6959651708602905
SB67961_component_736a,132.778528,-61.245361,6.835000038146973,34.17499923706055,132.77882385253906,-61.24545669555664,7.0845842361450195,1.2256228923797607,0.9647707939147949
SB67961_component_737a,133.195537,-62.356677,6.638999938964844,32.228153228759766,133.1959991455078,-62.35686492919922,7.665491580963135,1.1002601385116577,0.8660892844200134
SB67961_component_741a,134.759262,-58.675218,6.936999797821045,35.57435989379883,134.75914001464844,-58.67533493041992,10.412431716918945,0.8463543653488159,0.6662228107452393
SB67961_component_745a,131.332038,-59.335528,6.769000053405762,35.43979263305664,131.33209228515625,-59.33553695678711,5.872318744659424,1.464359164237976,1.1526962518692017
SB67961_component_749a,134.841498,-61.052378,7.456999778747559,38.63730239868164,134.8416748046875,-61.05247116088867,8.599213600158691,1.1016359329223633,0.8671723008155823
SB67961_component_754a,133.682136,-58.60545,6.5920000076293945,32.0,133.68218994140625,-58.60554504394531,7.734182834625244,1.082768201828003,0.8523201942443848
SB67961_component_755a,133.504191,-62.387041,6.943999767303467,31.13901138305664,133.50442504882812,-62.387210845947266,5.952226161956787,1.4820504188537598,1.166622281074524
SB67961_component_756a,136.735625,-61.622514,6.817999839782715,32.31279754638672,136.73565673828125,-61.62264633178711,7.411726951599121,1.1686118841171265,0.9198935627937317
SB67961_component_757a,134.784216,-57.811313,6.495999813079834,17.895315170288086,134.78392028808594,-57.811580657958984,8.922346115112305,0.9249103665351868,0.7280595898628235
SB67961_component_759a,132.515803,-60.419099,6.414000034332275,35.24176025390625,132.51593017578125,-60.41929626464844,5.872626304626465,1.3874882459640503,1.0921859741210938
SB67961_component_760a,134.782022,-62.964101,6.765999794006348,12.235081672668457,134.7823486328125,-62.9641227722168,4.564568996429443,1.8830633163452148,1.4822866916656494
SB67961_component_766a,134.598556,-60.675746,7.23199987411499,39.09189224243164,134.59878540039062,-60.67578125,8.979697227478027,1.0231267213821411,0.8053723573684692
SB67961_component_768a,133.691906,-60.873141,6.556000232696533,31.98048973083496,133.69204711914062,-60.873291015625,6.337583065032959,1.3141592741012573,1.0344637632369995
SB67961_component_770a,127.996475,-61.75457,6.35099983215332,20.68729591369629,127.9964599609375,-61.75465774536133,8.580061912536621,0.9403389096260071,0.7402044534683228
SB67961_component_771a,134.466683,-61.786049,6.51800012588501,32.919193267822266,134.4669952392578,-61.786109924316406,8.76611042022705,0.9445830583572388,0.7435452938079834
SB67961_component_772a,136.907195,-60.178889,6.821000099182129,33.60098648071289,136.90713500976562,-60.178924560546875,8.611635208129883,1.0062251091003418,0.7920679450035095
SB67961_component_774a,128.828683,-60.554751,6.554999828338623,32.45049285888672,128.82876586914062,-60.55475616455078,6.0550642013549805,1.3752658367156982,1.0825648307800293
SB67961_component_776a,129.509246,-57.567905,6.461999893188477,10.306220054626465,129.5096893310547,-57.56795883178711,7.532890796661377,1.089777946472168,0.857837975025177
SB67961_component_777a,135.900386,-58.233445,5.919000148773193,26.782806396484375,135.90057373046875,-58.233856201171875,7.026344299316406,1.0701671838760376,0.8424010872840881
SB67961_component_782a,129.964281,-58.783152,6.4730000495910645,32.2039794921875,129.9644317626953,-58.783226013183594,8.233528137207031,0.9987397789955139,0.7861757278442383
SB67961_component_783a,134.878442,-58.330815,6.5229997634887695,32.778892517089844,134.87818908691406,-58.33110427856445,8.972299575805664,0.9235838055610657,0.7270153760910034
SB67961_component_784a,134.203198,-60.676496,6.506999969482422,35.95027542114258,134.2034149169922,-60.67654037475586,7.713550090789795,1.0716654062271118,0.843580424785614
SB67961_component_785a,134.577812,-59.896128,6.026000022888184,31.715789794921875,134.57791137695312,-59.896183013916016,9.091655731201172,0.8420131206512451,0.6628055572509766
SB67961_component_791a,134.052774,-60.361917,6.581999778747559,34.64210510253906,134.0529022216797,-60.36180877685547,7.699349880218506,1.0860167741775513,0.8548773527145386
SB67961_component_792a,139.737205,-62.033125,6.211999893188477,12.448897361755371,139.7372283935547,-62.03316116333008,6.644069194793701,1.1877636909484863,0.9349691867828369
SB67961_component_795a,127.629114,-60.329605,6.881999969482422,17.162094116210938,127.6295394897461,-60.32965087890625,7.4459662437438965,1.1741573810577393,0.924258828163147
SB67961_component_798a,132.59088,-57.858019,5.849999904632568,16.11570167541504,132.59115600585938,-57.85810470581055,8.039839744567871,0.9243600964546204,0.7276264429092407
SB67961_component_800a,131.168054,-59.12344,5.993000030517578,31.376962661743164,131.16835021972656,-59.12350082397461,7.849024772644043,0.9699766635894775,0.7635343670845032
SB67961_component_804a,128.18455,-58.477993,6.6539998054504395,14.18763256072998,128.184814453125,-58.47800064086914,8.336801528930664,1.0139487981796265,0.7981477975845337
SB67961_component_810a,134.4781,-58.829764,5.914999961853027,30.647666931152344,134.47825622558594,-58.82986068725586,7.142963409423828,1.0519838333129883,0.8280876874923706
SB67961_component_811a,136.718475,-60.649591,6.080999851226807,33.97206497192383,136.71832275390625,-60.64964294433594,8.87753677368164,0.870192289352417,0.6849873065948486
SB67961_component_814a,128.900295,-62.826793,6.035999774932861,10.683185577392578,128.90040588378906,-62.82677459716797,5.243524551391602,1.4623745679855347,1.1511340141296387
SB67961_component_816a,137.34068,-60.601468,6.682000160217285,36.71428680419922,137.34022521972656,-60.60148239135742,9.228074073791504,0.9198735952377319,0.7240947484970093
SB67961_component_818a,132.669945,-58.489,6.203999996185303,30.116504669189453,132.6700439453125,-58.4890022277832,8.396902084350586,0.9386105537414551,0.7388439178466797
SB67961_component_825a,138.890347,-61.031553,6.697999954223633,28.746782302856445,138.8900909423828,-61.03139877319336,6.435449123382568,1.322205662727356,1.0407975912094116
SB67961_component_828a,137.547694,-60.048256,5.9730000495910645,32.46195602416992,137.54783630371094,-60.04822540283203,6.231436252593994,1.2176909446716309,0.9585270285606384
SB67961_component_829a,140.080327,-61.151517,6.315999984741211,14.931441307067871,140.08006286621094,-61.151519775390625,7.44728422164917,1.0773998498916626,0.8480944037437439
SB67961_component_830a,134.929827,-57.997867,5.614999771118164,21.188678741455078,134.92971801757812,-57.99824142456055,7.671175003051758,0.9298664331436157,0.7319608330726624
SB67961_component_831a,128.73691,-62.32962,6.038000106811523,24.6448974609375,128.7370147705078,-62.329566955566406,7.1613311767578125,1.0711050033569336,0.8431393504142761
SB67961_component_832a,139.848918,-61.920063,5.936999797821045,12.368749618530273,139.84898376464844,-61.92007827758789,6.592272758483887,1.144101619720459,0.9005998373031616
SB67961_component_836a,135.30615,-58.209961,6.185999870300293,28.24657440185547,135.30616760253906,-58.21028518676758,8.329917907714844,0.9434130787849426,0.7426243424415588
SB67961_component_840a,133.033228,-62.106852,6.232999801635742,33.331546783447266,133.0333251953125,-62.107093811035156,8.52988052368164,0.9282968640327454,0.7307253479957581
SB67961_component_842a,138.574656,-59.398908,5.638000011444092,23.106557846069336,138.57452392578125,-59.3989143371582,8.159335136413574,0.8778150677680969,0.6909876465797424
SB67961_component_850a,128.38075,-61.976093,6.013000011444092,27.456621170043945,128.3809356689453,-61.97612762451172,7.878916263580322,0.9695214629173279,0.7631760239601135
SB67961_component_851a,134.658984,-60.681605,6.4079999923706055,35.599998474121094,134.65907287597656,-60.68164825439453,7.245072841644287,1.1236019134521484,0.8844631314277649
SB67961_component_852a,135.985533,-59.645364,5.855999946594238,33.08474349975586,135.98558044433594,-59.64533996582031,5.254549503326416,1.415788173675537,1.1144628524780273
SB67961_component_854a,135.302118,-61.371891,5.670000076293945,27.658536911010742,135.3025665283203,-61.371986389160156,6.25156831741333,1.1521971225738525,0.9069724082946777
SB67961_component_856a,130.148809,-61.29246,5.696000099182129,31.82122802734375,130.14874267578125,-61.292545318603516,6.507108211517334,1.112025260925293,0.8753504753112793
SB67961_component_857a,131.262551,-58.563518,5.668000221252441,28.482412338256836,131.2630157470703,-58.56358337402344,7.2162885665893555,0.9978119134902954,0.7854453325271606
SB67961_component_859a,128.066678,-62.412025,5.7870001792907715,21.593284606933594,128.06680297851562,-62.41212463378906,5.874742031097412,1.2514036893844604,0.9850645661354065
SB67961_component_864a,134.346993,-61.325577,5.711999893188477,31.04347801208496,134.34730529785156,-61.32560729980469,8.100515365600586,0.8957942128181458,0.7051402926445007
SB67961_component_867a,139.787107,-61.078539,5.7870001792907715,16.393768310546875,139.7870635986328,-61.078487396240234,7.895174503326416,0.9311603903770447,0.732979416847229
SB67961_component_869a,138.911156,-62.175217,6.0920000076293945,22.152727127075195,138.9111785888672,-62.17549514770508,4.069546699523926,1.9017200469970703,1.496972680091858
SB67961_component_870a,128.366409,-59.871335,6.190999984741211,16.12239646911621,128.36671447753906,-59.87133026123047,8.158212661743164,0.9640476703643799,0.7588672041893005
SB67961_component_871a,131.316945,-59.617905,5.577000141143799,28.896373748779297,131.31712341308594,-59.61793899536133,7.210463523864746,0.9825851321220398,0.7734593152999878
SB67961_component_873a,135.015463,-60.259167,5.464000225067139,30.696630477905273,135.0157470703125,-60.25926971435547,7.142387390136719,0.9718517661094666,0.7650103569030762
SB67961_component_877a,136.370044,-57.992328,5.390999794006348,18.58965492248535,136.36988830566406,-57.992557525634766,5.607796669006348,1.2212646007537842,0.961340069770813
SB67961_component_878a,127.677149,-58.97627,5.7129998207092285,14.426767349243164,127.6775131225586,-58.97636032104492,4.464017868041992,1.6258145570755005,1.2797887325286865
SB67961_component_881a,136.434453,-62.099168,5.804999828338623,30.552631378173828,136.43475341796875,-62.099082946777344,3.9111599922180176,1.8855122327804565,1.4842143058776855
SB67961_component_882a,138.88464,-60.211081,5.164000034332275,22.951112747192383,138.88475036621094,-60.21101379394531,3.665404796600342,1.7897690534591675,1.408848524093628
SB67961_component_887a,129.785736,-58.562506,5.7769999504089355,28.043689727783203,129.7857666015625,-58.56258773803711,6.520812511444092,1.1254686117172241,0.8859325051307678
SB67961_component_894a,138.39073,-59.904881,5.425000190734863,27.125,138.39112854003906,-59.90495300292969,7.000705242156982,0.9844432473182678,0.7749219536781311
SB67961_component_895a,131.77611,-62.807729,5.461999893188477,14.604277610778809,131.77655029296875,-62.8078727722168,8.658907890319824,0.8013482093811035,0.6307954788208008
SB67961_component_896a,130.296664,-62.343352,5.445000171661377,26.691177368164062,130.2967529296875,-62.34347915649414,5.314482688903809,1.3015762567520142,1.0245587825775146
SB67961_component_897a,136.020659,-58.809747,5.7179999351501465,29.025381088256836,136.02078247070312,-58.80995178222656,6.7853875160217285,1.0705382823944092,0.8426932096481323
SB67961_component_899a,130.335975,-60.723335,5.377999782562256,28.157066345214844,130.33633422851562,-60.72345733642578,6.649384498596191,1.0274769067764282,0.8087966442108154
SB67961_component_900a,135.986056,-58.132575,5.684000015258789,23.01214599609375,135.98614501953125,-58.13296890258789,7.487465858459473,0.9643883109092712,0.759135365486145
SB67961_component_903a,129.379249,-58.482376,5.590000152587891,23.991416931152344,129.37936401367188,-58.482425689697266,6.069910526275635,1.1699364185333252,0.9209361672401428
SB67961_component_905a,135.639548,-62.583649,5.380000114440918,20.534351348876953,135.63963317871094,-62.583770751953125,6.811832427978516,1.0033466815948486,0.7898021936416626
SB67961_component_906a,130.514899,-61.191254,5.728000164031982,26.518518447875977,130.51531982421875,-61.19157028198242,7.030848979949951,1.0349705219268799,0.8146953582763672
SB67961_component_907a,132.2278,-62.22838,5.605999946594238,32.404624938964844,132.22801208496094,-62.22859191894531,6.650622367858887,1.070837378501892,0.8429286479949951
SB67961_component_910a,138.235108,-61.609272,5.616000175476074,24.524017333984375,138.235107421875,-61.60935974121094,5.11154317855835,1.3957504034042358,1.0986897945404053
SB67961_component_911a,135.067428,-58.029569,5.468999862670898,21.115829467773438,135.06729125976562,-58.029911041259766,5.270307540893555,1.3182709217071533,1.0377002954483032
SB67961_component_912a,128.26668,-60.640542,5.2270002365112305,23.334821701049805,128.26708984375,-60.640621185302734,6.327780723571777,1.0493825674057007,0.8260400295257568
SB67961_component_916a,133.866734,-62.329881,5.059000015258789,25.81122589111328,133.8670654296875,-62.33009719848633,6.933353900909424,0.9269450902938843,0.7296612858772278
SB67961_component_921a,128.670839,-60.289215,5.11899995803833,23.481651306152344,128.67123413085938,-60.28915786743164,6.87746000289917,0.9455615282058716,0.744315505027771
SB67961_component_922a,138.773418,-60.917431,4.5929999351501465,16.521583557128906,138.77316284179688,-60.91737747192383,5.825865268707275,1.0015408992767334,0.7883807420730591
SB67961_component_924a,127.648452,-58.784693,5.681000232696533,11.810811042785645,127.6487808227539,-58.78473663330078,6.476530075073242,1.1143333911895752,0.877167284488678
SB67961_component_928a,138.389915,-59.385065,5.2769999504089355,22.455318450927734,138.38998413085938,-59.38483810424805,5.694271087646484,1.1772851943969727,0.9267208576202393
SB67961_component_930a,133.633146,-59.32811,4.758999824523926,25.58601951599121,133.63357543945312,-59.32817459106445,6.543962478637695,0.9238631129264832,0.7272351980209351
SB67961_component_931a,138.489497,-58.467591,4.988999843597412,20.962182998657227,138.48973083496094,-58.46748352050781,6.561733245849609,0.9658899307250977,0.7603173851966858
SB67961_component_933a,137.432952,-62.388069,5.307000160217285,22.020748138427734,137.43325805664062,-62.38835144042969,2.6335792541503906,2.5599732398986816,2.0151283740997314
SB67961_component_936a,137.008713,-61.542381,4.811999797821045,23.70443344116211,137.00881958007812,-61.5424919128418,7.661660194396973,0.7978760600090027,0.6280623078346252
SB67961_component_938a,136.432359,-58.499516,5.558000087738037,27.929649353027344,136.43223571777344,-58.499969482421875,6.55355978012085,1.077392578125,0.8480887413024902
SB67961_component_942a,137.373084,-59.237165,4.736999988555908,24.54404067993164,137.37294006347656,-59.237361907958984,5.9411797523498535,1.0128926038742065,0.7973163723945618
SB67961_component_943a,128.685248,-61.622458,4.9730000495910645,20.54958724975586,128.6851806640625,-61.62247085571289,5.342351913452148,1.1825478076934814,0.9308634400367737
SB67961_component_944a,131.468953,-60.624195,4.760000228881836,24.410259246826172,131.46939086914062,-60.62409973144531,5.882490634918213,1.0279651880264282,0.8091810941696167
SB67961_component_948a,127.927122,-61.315534,4.76200008392334,10.153517723083496,127.92723846435547,-61.3156623840332,7.9445319175720215,0.7614717483520508,0.5994060039520264
SB67961_component_949a,136.046521,-61.315535,5.506999969482422,26.22381019592285,136.04689025878906,-61.31553268432617,5.931482791900635,1.1794636249542236,0.9284356236457825
SB67961_component_950a,133.780978,-59.204316,5.001999855041504,24.519607543945312,133.7811737060547,-59.204341888427734,6.743991851806641,0.9422352313995361,0.7416971921920776
SB67961_component_955a,135.507654,-60.412845,4.986000061035156,25.834196090698242,135.50775146484375,-60.41288757324219,7.295637130737305,0.8682039380073547,0.6834221482276917
SB67961_component_961a,129.940572,-60.447232,4.873000144958496,24.611112594604492,129.94094848632812,-60.44730758666992,6.297251224517822,0.9830556511878967,0.7738296985626221
SB67961_component_964a,132.190946,-60.575229,4.460000038146973,26.235294342041016,132.1914520263672,-60.57527542114258,4.992288112640381,1.1349270343780518,0.893377959728241
SB67961_component_966a,133.742594,-62.102936,4.6620001792907715,24.28125,133.74253845214844,-62.10319900512695,6.089829921722412,0.9725229740142822,0.7655386328697205
SB67961_component_968a,133.848675,-62.637663,4.513000011444092,17.698040008544922,133.8488006591797,-62.63776397705078,6.575692176818848,0.8718796968460083,0.6863155961036682
SB67961_component_969a,132.776354,-58.797316,4.997000217437744,22.509010314941406,132.776611328125,-58.797462463378906,3.5993404388427734,1.7636774778366089,1.3883099555969238
SB67961_component_974a,130.797926,-61.00544,4.815999984741211,22.933334350585938,130.79808044433594,-61.00537109375,5.743259429931641,1.0652726888656616,0.8385482430458069
SB67961_component_977a,139.183424,-60.324284,4.985000133514404,16.344263076782227,139.18344116210938,-60.32416534423828,7.7163262367248535,0.8207054734230042,0.6460328102111816
SB67961_component_978a,131.679202,-62.366539,4.986999988555908,22.9815673828125,131.67959594726562,-62.366668701171875,5.705787658691406,1.110341191291809,0.8740248084068298
SB67961_component_983a,131.493674,-58.922258,4.854000091552734,25.5473690032959,131.4937744140625,-58.92250442504883,6.145927429199219,1.0033329725265503,0.7897912859916687
SB67961_component_987a,134.98071,-62.420548,4.769000053405762,21.385650634765625,134.98092651367188,-62.42060470581055,6.290025234222412,0.963180422782898,0.758184552192688
SB67961_component_988a,136.439943,-58.026855,4.339000225067139,15.83576774597168,136.44029235839844,-58.027320861816406,6.609452247619629,0.833982527256012,0.656484067440033
SB67961_component_989a,136.227137,-59.51226,4.4710001945495605,24.43169593811035,136.22731018066406,-59.512306213378906,6.311892986297607,0.8998659253120422,0.708345353603363
SB67961_component_991a,128.957379,-58.78834,4.580999851226807,21.013761520385742,128.95773315429688,-58.78853988647461,2.752427339553833,2.114351272583008,1.66434907913208
SB67961_component_1000a,134.547114,-61.10471,4.3470001220703125,23.000001907348633,134.54745483398438,-61.104671478271484,2.7647597789764404,1.9973996877670288,1.5722885131835938
SB67961_component_1003a,131.560233,-57.928973,3.7360000610351562,13.108772277832031,131.5604705810547,-57.92925262451172,5.166792869567871,0.918583333492279,0.7230791449546814
SB67961_component_1004a,138.427363,-59.229248,4.514999866485596,18.50409698486328,138.42738342285156,-59.22914123535156,6.1287150382995605,0.9358819127082825,0.7366960048675537
SB67961_component_1006a,127.720995,-61.927362,4.901000022888184,17.0766544342041,127.72096252441406,-61.92753982543945,5.400313377380371,1.1529181003570557,0.9075399041175842
SB67961_component_1008a,130.11935,-61.504747,4.492000102996826,23.274612426757812,130.11952209472656,-61.50480651855469,6.031255722045898,0.9461602568626404,0.7447868585586548
SB67961_component_1013a,136.008091,-58.330588,4.446000099182129,22.34170913696289,136.00796508789062,-58.330963134765625,4.643913745880127,1.2162364721298218,0.9573821425437927
SB67961_component_1015a,137.006767,-61.051025,4.383999824523926,21.810943603515625,137.00686645507812,-61.050907135009766,4.528482913970947,1.229845404624939,0.9680945873260498
SB67961_component_1016a,138.131481,-61.404479,4.545000076293945,20.9447021484375,138.1309814453125,-61.404380798339844,5.1953349113464355,1.1113556623458862,0.8748233318328857
SB67961_component_1017a,129.10334,-61.054744,4.533999919891357,20.703195571899414,129.10360717773438,-61.054901123046875,5.409539222717285,1.064765453338623,0.8381490111351013
SB67961_component_1020a,129.13121,-60.639196,5.103000164031982,25.388059616088867,129.13145446777344,-60.6392707824707,6.016445159912109,1.0775026082992554,0.8481752872467041
SB67961_component_1022a,130.368258,-58.981834,4.370999813079834,20.91387367248535,130.36878967285156,-58.98197937011719,5.722109317779541,0.9704146981239319,0.763879120349884
SB67961_component_1023a,130.741736,-61.170442,4.561999797821045,22.696516036987305,130.74203491210938,-61.170440673828125,5.787540435791016,1.001368522644043,0.7882450222969055
SB67961_component_1024a,134.465178,-62.361014,4.839000225067139,25.072540283203125,134.4655303955078,-62.361087799072266,4.032711029052734,1.5243730545043945,1.1999372243881226
SB67961_component_1026a,133.723156,-62.286543,5.071000099182129,24.26315689086914,133.72337341308594,-62.28681564331055,5.819365978240967,1.1070077419281006,0.871400773525238
SB67961_component_1027a,130.929865,-62.483989,4.614999771118164,21.169723510742188,130.93023681640625,-62.48415756225586,5.442221164703369,1.0772790908813477,0.8479993343353271
SB67961_component_1030a,138.182747,-58.101969,4.550000190734863,19.117647171020508,138.1829376220703,-58.10210037231445,5.761862754821777,1.0031853914260864,0.789675235748291
SB67961_component_1031a,136.029856,-61.527987,4.758999824523926,24.405128479003906,136.03024291992188,-61.528045654296875,5.659848213195801,1.0681780576705933,0.8408352136611938
SB67961_component_1034a,128.197623,-60.412942,3.9570000171661377,16.556486129760742,128.19789123535156,-60.41318130493164,4.929299354553223,1.01979660987854,0.8027510046958923
SB67961_component_1035a,135.783005,-60.932444,4.046000003814697,21.521276473999023,135.7834014892578,-60.93248748779297,2.662351608276367,1.9306039810180664,1.5197091102600098
SB67961_component_1036a,139.906491,-59.837216,4.9679999351501465,14.234956741333008,139.90655517578125,-59.837181091308594,5.504770278930664,1.1465027332305908,0.902489960193634
SB67961_component_1037a,133.760737,-58.94207,4.763000011444092,23.579206466674805,133.7610626220703,-58.94224548339844,4.396425247192383,1.3763015270233154,1.0833802223205566
SB67961_component_1039a,134.740197,-59.771,4.9710001945495605,22.493213653564453,134.7401123046875,-59.770999908447266,5.720602989196777,1.103912591934204,0.8689643740653992
SB67961_component_1044a,134.121921,-60.333395,4.464000225067139,23.250001907348633,134.1219940185547,-60.333553314208984,5.438735008239746,1.0426992177963257,0.8207791447639465
SB67961_component_1045a,135.804944,-60.704293,3.8929998874664307,21.74860191345215,135.8048858642578,-60.704193115234375,5.162123680114746,0.9580512046813965,0.754146933555603
SB67961_component_1048a,131.200867,-60.557376,4.308000087738037,22.914894104003906,131.2010498046875,-60.557411193847656,5.086210250854492,1.0760045051574707,0.8469960689544678
SB67961_component_1053a,132.077823,-62.219657,4.506999969482422,24.494564056396484,132.07827758789062,-62.219764709472656,3.75102162361145,1.5264081954956055,1.2015392780303955
SB67961_component_1058a,132.364117,-60.034536,4.39900016784668,22.443878173828125,132.36459350585938,-60.034690856933594,7.102289199829102,0.786843478679657,0.6193777918815613
SB67961_component_1061a,138.083185,-62.200465,4.7870001792907715,21.660634994506836,138.08349609375,-62.20060729980469,4.3926682472229,1.3844196796417236,1.0897704362869263
SB67961_component_1063a,137.819645,-61.113998,4.363999843597412,19.309734344482422,137.819580078125,-61.11384201049805,3.993345022201538,1.388291358947754,1.0928181409835815
SB67961_component_1065a,133.166197,-62.513587,4.394000053405762,19.271930694580078,133.16641235351562,-62.513484954833984,4.320504188537598,1.291987657546997,1.0170109272003174
SB67961_component_1066a,130.55987,-57.937227,4.254000186920166,13.678457260131836,130.5601043701172,-57.93722915649414,4.535440444946289,1.191545844078064,0.9379464387893677
SB67961_component_1069a,132.096942,-61.238826,4.413000106811523,21.955223083496094,132.0974578857422,-61.23902893066406,3.057713270187378,1.8334534168243408,1.4432353973388672
SB67961_component_1070a,136.074859,-58.748453,4.565000057220459,22.599008560180664,136.0747833251953,-58.748531341552734,6.98645544052124,0.8300736546516418,0.6534071564674377
SB67961_component_1076a,137.419311,-60.563136,4.633999824523926,24.648935317993164,137.41876220703125,-60.563114166259766,6.244916915893555,0.9426751136779785,0.7420434951782227
SB67961_component_1078a,133.644138,-61.613529,4.426000118255615,23.92432403564453,133.6445770263672,-61.61353302001953,5.2311482429504395,1.0748481750488281,0.846085786819458
SB67961_component_1079a,138.293282,-60.524678,4.5229997634887695,21.85024070739746,138.29302978515625,-60.52482223510742,2.6394920349121094,2.1769020557403564,1.7135871648788452
SB67961_component_1082a,131.930105,-58.166711,4.581999778747559,21.511735916137695,131.9300079345703,-58.166831970214844,6.935482978820801,0.8392881155014038,0.6606605052947998
SB67961_component_1083a,130.507378,-60.354763,4.2210001945495605,22.215791702270508,130.50767517089844,-60.354854583740234,5.018274784088135,1.068547010421753,0.8411257863044739
SB67961_component_1084a,130.850714,-61.898072,4.468999862670898,23.6455020904541,130.8507537841797,-61.8982048034668,6.0868000984191895,0.9327258467674255,0.7342116832733154
SB67961_component_1085a,136.213531,-62.840452,3.859999895095825,10.184696197509766,136.21400451660156,-62.84063720703125,4.442144393920898,1.1038938760757446,0.8689496517181396
SB67961_component_1087a,130.583759,-60.484063,4.076000213623047,22.032432556152344,130.58383178710938,-60.48405075073242,5.477477073669434,0.9453363418579102,0.744138240814209
SB67961_component_1088a,132.99712,-58.314997,4.294000148773193,22.600000381469727,132.9972686767578,-58.315006256103516,4.897563934326172,1.1138191223144531,0.8767624497413635
SB67961_component_1092a,127.834804,-60.804236,4.584000110626221,14.931595802307129,127.83502960205078,-60.804325103759766,5.28776741027832,1.101298451423645,0.8669065237045288
SB67961_component_1094a,139.182937,-60.612563,4.513999938964844,12.538887977600098,139.18287658691406,-60.612457275390625,4.957793235778809,1.1566603183746338,0.9104857444763184
SB67961_component_1095a,131.272083,-60.993852,4.473999977111816,23.424083709716797,131.27210998535156,-60.99386215209961,3.4180750846862793,1.6628270149230957,1.3089238405227661
SB67961_component_1096a,131.138563,-59.852994,4.318999767303467,23.220428466796875,131.13839721679688,-59.85317611694336,5.16687536239624,1.0619105100631714,0.83590167760849
SB67961_component_1103a,135.390968,-58.346976,4.3379998207092285,18.779218673706055,135.39076232910156,-58.34745407104492,3.781593084335327,1.4572949409484863,1.1471354961395264
SB67961_component_1105a,138.330989,-61.266954,4.035999774932861,17.321887969970703,138.33074951171875,-61.266876220703125,6.538872241973877,0.7841172218322754,0.6172317862510681
SB67961_component_1109a,136.126636,-62.472229,3.937999963760376,18.1474666595459,136.1269989013672,-62.47245788574219,4.735126972198486,1.0565177202224731,0.8316566944122314
SB67961_component_1112a,129.395175,-61.869499,4.01200008392334,19.014219284057617,129.3958282470703,-61.86936950683594,4.901028156280518,1.03993558883667,0.8186037540435791
SB67961_component_1113a,129.121565,-61.539936,3.8340001106262207,17.348417282104492,129.1221160888672,-61.54007339477539,5.514418125152588,0.8832530379295349,0.6952682733535767
SB67961_component_1114a,138.580961,-58.749768,4.0370001792907715,13.684746742248535,138.58119201660156,-58.74974060058594,6.336885929107666,0.8093112707138062,0.63706374168396
SB67961_component_1117a,135.304888,-60.933604,3.941999912261963,22.27118492126465,135.30514526367188,-60.93352508544922,3.9852490425109863,1.256590723991394,0.9891477227210999
SB67961_component_1123a,129.223241,-58.344784,3.9579999446868896,15.521568298339844,129.2232666015625,-58.34489822387695,4.696021556854248,1.0707261562347412,0.8428410887718201
SB67961_component_1127a,128.548191,-61.977765,3.9820001125335693,18.100000381469727,128.54818725585938,-61.9776725769043,5.931161403656006,0.8528923988342285,0.6713693737983704
SB67961_component_1128a,133.272533,-59.855181,4.052999973297119,22.642457962036133,133.27259826660156,-59.85529708862305,3.75127911567688,1.3725556135177612,1.0804314613342285
SB67961_component_1130a,131.756568,-60.4002,4.013999938964844,20.06999969482422,131.7569122314453,-60.400306701660156,6.658504486083984,0.7658318281173706,0.6028380393981934
SB67961_component_1132a,130.229762,-58.574361,4.193999767303467,20.260868072509766,130.23069763183594,-58.5742073059082,3.007634401321411,1.7714793682098389,1.394451379776001
SB67961_component_1141a,137.756225,-58.596483,3.9040000438690186,17.274335861206055,137.75637817382812,-58.59652328491211,4.006072044372559,1.2380088567733765,0.9745206832885742
SB67961_component_1142a,134.326285,-62.651539,3.8570001125335693,15.12549114227295,134.32664489746094,-62.651607513427734,5.331543445587158,0.9190294742584229,0.723430335521698
SB67961_component_1145a,134.433101,-62.696859,4.104000091552734,14.40000057220459,134.43313598632812,-62.69723892211914,2.0626587867736816,2.527625322341919,1.9896650314331055
SB67961_component_1146a,138.899249,-61.668189,4.14900016784668,17.287500381469727,138.8990478515625,-61.66814422607422,4.878091335296631,1.0805035829544067,0.8505375981330872
SB67961_component_1162a,139.274016,-61.450469,4.011000156402588,16.506174087524414,139.27357482910156,-61.45036315917969,4.292469024658203,1.187075138092041,0.9344272613525391
SB67961_component_1163a,136.008763,-60.453625,3.631999969482422,19.846994400024414,136.00936889648438,-60.45354080200195,3.2277326583862305,1.4294896125793457,1.1252480745315552
SB67961_component_1166a,138.444348,-61.053175,3.5950000286102295,16.121076583862305,138.44403076171875,-61.053192138671875,4.491822242736816,1.016737937927246,0.8003433346748352
SB67961_component_1168a,137.505248,-62.310823,3.938999891281128,17.429203033447266,137.50596618652344,-62.31095504760742,4.440330982208252,1.1269465684890747,0.8870959877967834
SB67961_component_1171a,130.571948,-60.358115,4.144999980926514,22.405405044555664,130.5720977783203,-60.358280181884766,3.4152793884277344,1.5418106317520142,1.2136634588241577
SB67961_component_1176a,131.77697,-60.871103,3.6429998874664307,19.173683166503906,131.77719116210938,-60.87107467651367,5.21618127822876,0.8872361183166504,0.6984035968780518
SB67961_component_1177a,139.958861,-61.184155,3.7279999256134033,10.185791969299316,139.95932006835938,-61.18389892578125,4.557817459106445,1.0390864610671997,0.8179353475570679
SB67961_component_1186a,132.159577,-62.536247,3.9679999351501465,18.11872100830078,132.15968322753906,-62.536407470703125,5.42534875869751,0.929130494594574,0.7313815355300903
SB67961_component_1189a,137.953316,-60.24677,4.059999942779541,19.42583656311035,137.9532012939453,-60.246681213378906,6.405214309692383,0.8052395582199097,0.6338585615158081
SB67961_component_1192a,127.749949,-60.947875,4.015999794006348,10.972677230834961,127.74981689453125,-60.94774627685547,3.887441635131836,1.3123887777328491,1.0330700874328613
SB67961_component_1193a,135.693209,-59.026693,3.4830000400543213,18.526596069335938,135.6937255859375,-59.02680206298828,4.688884735107422,0.9436624050140381,0.7428205609321594
SB67961_component_1194a,138.12932,-61.836073,3.6089999675750732,14.975103378295898,138.12982177734375,-61.83599090576172,3.7904956340789795,1.2095493078231812,0.9521182179450989
SB67961_component_1198a,138.312231,-58.045534,4.059999942779541,15.263157844543457,138.31248474121094,-58.04554748535156,7.367630481719971,0.7000529766082764,0.5510591268539429
SB67961_component_1200a,136.035192,-60.229065,3.568000078201294,19.286487579345703,136.0355224609375,-60.229095458984375,2.5271522998809814,1.7936023473739624,1.4118658304214478
SB67961_component_1204a,133.52168,-62.24159,3.9609999656677246,20.209184646606445,133.52218627929688,-62.24170684814453,5.48165225982666,0.9179649353027344,0.7225923538208008
SB67961_component_1205a,136.417891,-62.786514,3.8959999084472656,11.325580596923828,136.4182586669922,-62.78650665283203,5.355752944946289,0.9241257905960083,0.7274420261383057
SB67961_component_1209a,136.175989,-62.756302,3.3919999599456787,11.084967613220215,136.17616271972656,-62.75639724731445,3.7208456993103027,1.15810227394104,0.9116206765174866
SB67961_component_1217a,129.051345,-59.914927,3.244999885559082,14.358407020568848,129.05142211914062,-59.91490936279297,5.689826011657715,0.7245166897773743,0.5703161954879761
SB67961_component_1218a,132.437422,-59.818737,3.5959999561309814,19.22994613647461,132.43785095214844,-59.818878173828125,5.184952259063721,0.8810643553733826,0.6935454607009888
SB67961_component_1228a,134.7601,-57.894847,3.696000099182129,13.24731159210205,134.7605743408203,-57.895450592041016,1.5878968238830566,2.956939458847046,2.3276071548461914
SB67961_component_1231a,135.02093,-62.032427,3.184999942779541,17.309782028198242,135.0209503173828,-62.032569885253906,4.311886787414551,0.938371479511261,0.7386557459831238
SB67961_component_1235a,134.811626,-60.705792,3.632999897003174,21.370588302612305,134.81210327148438,-60.70563507080078,3.2840473651885986,1.4053635597229004,1.1062568426132202
SB67961_component_1248a,131.408461,-61.827259,3.638000011444092,18.75257682800293,131.40859985351562,-61.82730484008789,4.505336284637451,1.0258129835128784,0.807486891746521
SB67961_component_1250a,139.368204,-60.010532,2.757999897003174,10.60769271850586,139.36900329589844,-60.01070785522461,3.7043004035949707,0.9458467364311218,0.7445400357246399
SB67961_component_1251a,135.58931,-58.73849,3.3529999256134033,16.849245071411133,135.58937072753906,-58.7386474609375,3.909543991088867,1.0895323753356934,0.8576447367668152
SB67961_component_1253a,131.261468,-59.169485,3.632999897003174,19.22222137451172,131.26162719726562,-59.16952133178711,4.575820446014404,1.0086236000061035,0.7939559817314148
SB67961_component_1254a,137.60149,-61.197525,3.515000104904175,17.230392456054688,137.60162353515625,-61.19750213623047,3.636420249938965,1.2279592752456665,0.9666099548339844
SB67961_component_1255a,130.386646,-57.843832,3.506999969482422,10.194766998291016,130.3869171142578,-57.84395980834961,4.8090338706970215,0.9264258146286011,0.7292525172233582
SB67961_component_1256a,134.756455,-59.739066,3.502000093460083,13.018588066101074,134.75625610351562,-59.739044189453125,3.356334686279297,1.3255118131637573,1.0434001684188843
SB67961_component_1260a,134.340003,-62.223831,3.2820000648498535,17.00518226623535,134.3404541015625,-62.22395706176758,3.3924314975738525,1.2290235757827759,0.9674476981163025
SB67961_component_1261a,135.705079,-61.710017,3.5439999103546143,17.120771408081055,135.70550537109375,-61.709930419921875,4.221352577209473,1.0665342807769775,0.8395413160324097
SB67961_component_1265a,136.875313,-58.422398,3.135999917984009,14.792452812194824,136.87503051757812,-58.423004150390625,3.4352216720581055,1.1597223281860352,0.912895917892456
SB67961_component_1266a,137.914036,-58.213164,3.6089999675750732,15.828947067260742,137.91421508789062,-58.21311569213867,4.94858980178833,0.9264844655990601,0.7292986512184143
SB67961_component_1270a,135.668629,-59.603976,3.7639999389648438,20.345945358276367,135.6686553955078,-59.60401916503906,4.6735920906066895,1.0231316089630127,0.8053762316703796
SB67961_component_1271a,129.593842,-59.329796,3.6500000953674316,18.62244987487793,129.593505859375,-59.33021926879883,2.3473713397979736,1.9753488302230835,1.5549308061599731
SB67961_component_1273a,128.904014,-62.465107,3.4579999446868896,13.0,128.9043731689453,-62.46494674682617,4.299588203430176,1.0217174291610718,0.8042630553245544
SB67961_component_1281a,135.630266,-58.543003,3.2939999103546143,15.760765075683594,135.6308135986328,-58.54357147216797,2.392253875732422,1.7492384910583496,1.3769440650939941
SB67961_component_1283a,129.945478,-58.884717,3.244999885559082,16.90104103088379,129.94552612304688,-58.884803771972656,3.119997262954712,1.3212748765945435,1.0400649309158325
SB67961_component_1285a,132.601322,-58.225071,3.3529999256134033,15.2409086227417,132.60169982910156,-58.225006103515625,5.4193549156188965,0.7859930396080017,0.6187083125114441
SB67961_component_1289a,129.37871,-59.971446,3.688999891281128,17.238317489624023,129.37887573242188,-59.97142028808594,4.719789505004883,0.9929302334785461,0.7816026210784912
SB67961_component_1291a,134.52425,-59.827662,2.7950000762939453,14.40721607208252,134.5240936279297,-59.82778549194336,2.4301373958587646,1.4611127376556396,1.1501407623291016
SB67961_component_1297a,136.690266,-61.778763,3.1480000019073486,14.990476608276367,136.6905517578125,-61.77854919433594,4.767922878265381,0.8387609720230103,0.6602455973625183
SB67961_component_1305a,134.165815,-59.480567,3.36299991607666,16.984848022460938,134.165771484375,-59.480613708496094,3.9854297637939453,1.0719743967056274,0.8438236713409424
SB67961_component_1306a,130.769895,-58.76402,3.0160000324249268,14.85714340209961,130.7699737548828,-58.7641716003418,4.649348735809326,0.8240848779678345,0.6486930251121521
SB67961_component_1311a,139.563349,-59.983206,3.134999990463257,11.117020606994629,139.5635223388672,-59.983001708984375,3.5423836708068848,1.1242804527282715,0.8849973082542419
SB67961_component_1313a,130.548388,-59.159608,3.5360000133514404,19.217391967773438,130.5484619140625,-59.15965270996094,4.424368381500244,1.0152983665466309,0.7992101311683655
SB67961_component_1317a,137.037099,-58.698489,3.121999979019165,15.847716331481934,137.037109375,-58.69868087768555,3.0960848331451416,1.2810107469558716,1.008370280265808
SB67961_component_1322a,131.480825,-60.0533,3.305999994277954,18.366666793823242,131.4810333251953,-60.05347442626953,1.687211036682129,2.48923659324646,1.959446668624878
SB67961_component_1325a,129.702995,-61.90177,2.694000005722046,12.647887229919434,129.703369140625,-61.9017448425293,3.6275672912597656,0.9434412121772766,0.7426464557647705
SB67961_component_1330a,138.413759,-60.715298,3.111999988555908,13.831110954284668,138.41326904296875,-60.71524429321289,3.9462101459503174,1.0018255710601807,0.788604736328125
SB67961_component_1332a,135.319924,-62.461661,3.0190000534057617,13.126087188720703,135.3204345703125,-62.4617919921875,3.9531359672546387,0.9701839089393616,0.7636975049972534
SB67961_component_1336a,132.129613,-61.636678,3.0910000801086426,17.077348709106445,132.1299591064453,-61.63676452636719,3.8385729789733887,1.0229676961898804,0.8052471876144409
SB67961_component_1337a,136.741503,-60.196342,3.246999979019165,17.646738052368164,136.7415771484375,-60.1964225769043,3.496309518814087,1.1797910928726196,0.9286935329437256
SB67961_component_1340a,135.278098,-58.845442,3.3410000801086426,17.677249908447266,135.27809143066406,-58.845523834228516,4.74236536026001,0.8949818015098572,0.7045007944107056
SB67961_component_1341a,134.708962,-60.490661,3.11299991607666,17.010929107666016,134.7092742919922,-60.490596771240234,4.516516208648682,0.875605046749115,0.6892480254173279
SB67961_component_1342a,131.602924,-61.659548,3.3570001125335693,17.484375,131.60321044921875,-61.65974044799805,4.088565826416016,1.0430691242218018,0.8210703134536743
SB67961_component_1344a,133.175097,-58.787926,3.2920000553131104,14.828828811645508,133.17564392089844,-58.78813934326172,1.9994009733200073,2.091667413711548,1.6464931964874268
SB67961_component_1345a,137.118021,-59.972729,3.236999988555908,17.497297286987305,137.11798095703125,-59.972740173339844,4.062619209289551,1.0122069120407104,0.7967765927314758
SB67961_component_1348a,136.287349,-58.808316,3.0329999923706055,15.47449016571045,136.2874298095703,-58.80889892578125,4.4495415687561035,0.8659440875053406,0.6816432476043701
SB67961_component_1349a,133.860245,-60.830591,3.1540000438690186,18.022857666015625,133.86036682128906,-60.830692291259766,4.304248332977295,0.9308872222900391,0.7327644228935242
SB67961_component_1352a,133.344913,-59.928671,3.13700008392334,16.956756591796875,133.34466552734375,-59.92886734008789,2.8288533687591553,1.408759355545044,1.1089298725128174
SB67961_component_1359a,133.783879,-59.650256,2.996000051498413,16.282608032226562,133.7840576171875,-59.65003204345703,3.570610761642456,1.065938115119934,0.8390721678733826
SB67961_component_1362a,137.923364,-58.655616,3.249000072479248,14.504464149475098,137.92369079589844,-58.65574264526367,3.966395378112793,1.0406062602996826,0.8191316723823547
SB67961_component_1364a,130.771237,-58.32323,3.2079999446868896,14.851851463317871,130.77174377441406,-58.323429107666016,3.316460609436035,1.228831171989441,0.9672962427139282
SB67961_component_1365a,135.153606,-61.764141,3.0799999237060547,16.4705867767334,135.15420532226562,-61.76408004760742,4.3973002433776855,0.8898100256919861,0.7004297375679016
SB67961_component_1366a,137.641549,-60.679222,3.0239999294281006,16.52458953857422,137.64108276367188,-60.67937469482422,3.8793444633483887,0.9902758002281189,0.7795131206512451
SB67961_component_1368a,131.68366,-59.901626,2.9809999465942383,16.379121780395508,131.68385314941406,-59.901798248291016,3.161072015762329,1.1980096101760864,0.9430344700813293
SB67961_component_1383a,131.468798,-58.529562,3.188999891281128,16.270408630371094,131.4690704345703,-58.52960205078125,4.027676582336426,1.0058486461639404,0.7917715907096863
SB67961_component_1387a,133.203924,-60.97639,3.1489999294281006,16.839570999145508,133.2039031982422,-60.97648620605469,4.303977012634277,0.9294701218605042,0.731648862361908
SB67961_component_1395a,130.64908,-60.669745,2.734999895095825,14.547872543334961,130.64910888671875,-60.66963195800781,4.237432956695557,0.8199496269226074,0.6454378962516785
SB67961_component_1399a,135.074867,-58.292618,2.4149999618530273,11.391509056091309,135.0746612548828,-58.29309844970703,3.733051061630249,0.8218374252319336,0.6469238996505737
SB67961_component_1400a,130.549696,-60.951349,3.0399999618530273,11.782946586608887,130.5496368408203,-60.95143508911133,3.268186330795288,1.1816788911819458,0.9301795363426208
SB67961_component_1402a,137.027228,-58.122931,3.056999921798706,13.770269393920898,137.02728271484375,-58.12338638305664,4.042908668518066,0.9605814814567566,0.7561387419700623
SB67961_component_1406a,131.024986,-60.04379,2.9519999027252197,15.455496788024902,131.02503967285156,-60.04368209838867,3.370756149291992,1.1125556230545044,0.8757678866386414
SB67961_component_1410a,128.566146,-61.251118,2.9140000343322754,10.635037422180176,128.5665740966797,-61.250797271728516,3.4406039714813232,1.0759388208389282,0.8469443321228027
SB67961_component_1418a,130.074407,-61.582578,2.890000104904175,15.454545021057129,130.0746307373047,-61.58287811279297,4.449157238006592,0.8251878619194031,0.6495612263679504
SB67961_component_1419a,128.866013,-59.129427,2.696000099182129,12.777252197265625,128.86618041992188,-59.12934112548828,4.567438125610352,0.7498595714569092,0.5902652740478516
SB67961_component_1420a,131.87957,-60.119633,3.135999917984009,17.42222023010254,131.8800811767578,-60.119651794433594,4.026200294494629,0.9894945621490479,0.7788981199264526
SB67961_component_1426a,135.144228,-60.000385,2.944999933242798,16.0928955078125,135.14483642578125,-60.000465393066406,2.52123761177063,1.483898639678955,1.1680771112442017
SB67961_component_1427a,134.747287,-58.398752,2.73799991607666,14.113401412963867,134.7469024658203,-58.399139404296875,3.7843306064605713,0.919130265712738,0.7235097289085388
SB67961_component_1433a,130.114741,-59.236272,2.559999942779541,13.128205299377441,130.11463928222656,-59.23614501953125,3.4453799724578857,0.9439207911491394,0.7430239915847778
SB67961_component_1439a,138.603698,-61.549888,2.8329999446868896,12.158798217773438,138.6042938232422,-61.5498046875,3.4989852905273438,1.0285779237747192,0.8096632957458496
SB67961_component_1448a,135.197094,-62.535065,2.5999999046325684,10.74380111694336,135.19732666015625,-62.53533935546875,1.7427414655685425,1.8952786922454834,1.491902232170105
SB67961_component_1450a,138.510672,-61.183666,3.0439999103546143,13.836362838745117,138.5100860595703,-61.18364715576172,2.8379805088043213,1.3625986576080322,1.0725936889648438
SB67961_component_1456a,129.527703,-59.877627,2.941999912261963,15.484210014343262,129.52749633789062,-59.87736511230469,3.8916828632354736,0.9603685736656189,0.7559711337089539
SB67961_component_1460a,135.896628,-60.488699,2.9100000858306885,17.117647171020508,135.89707946777344,-60.48905563354492,2.464987277984619,1.499722957611084,1.180533528327942
SB67961_component_1466a,128.569306,-61.735853,3.063999891281128,13.379912376403809,128.57015991210938,-61.73542785644531,4.063645362854004,0.9578679800033569,0.7540027499198914
SB67961_component_1471a,133.230671,-62.498018,2.677999973297119,11.797356605529785,133.23109436035156,-62.49818420410156,2.9373977184295654,1.1581919193267822,0.9116913080215454
SB67961_component_1473a,137.220309,-59.024579,2.9749999046325684,14.655172348022461,137.22012329101562,-59.024436950683594,2.965179204940796,1.2745847702026367,1.0033119916915894
SB67961_component_1475a,133.761406,-59.519901,2.5409998893737793,13.444443702697754,133.76104736328125,-59.52007293701172,1.9532153606414795,1.6526740789413452,1.3009318113327026
SB67961_component_1477a,128.675475,-58.929598,2.690999984741211,12.287671089172363,128.67599487304688,-58.92966842651367,2.411592960357666,1.4175630807876587,1.1158599853515625
SB67961_component_1479a,138.158367,-59.53658,3.11299991607666,14.546728134155273,138.15835571289062,-59.53663635253906,3.8221938610076904,1.034663438796997,0.8144537210464478
SB67961_component_1482a,134.296935,-60.331382,2.8469998836517334,15.90502643585205,134.2970733642578,-60.33125686645508,3.367884874343872,1.0738977193832397,0.8453376293182373
SB67961_component_1484a,130.409782,-62.250493,2.546999931335449,13.842391014099121,130.4102783203125,-62.25059509277344,2.8454816341400146,1.137118935585022,0.8951032757759094
SB67961_component_1498a,132.50435,-60.094163,2.6760001182556152,13.447237014770508,132.5047149658203,-60.09434509277344,2.845676898956299,1.1946295499801636,0.9403738379478455
SB67961_component_1503a,129.775933,-62.30969,2.875,11.880165100097656,129.7762908935547,-62.309871673583984,3.89457368850708,0.937800943851471,0.7382066249847412
SB67961_component_1535a,131.9103,-59.935431,2.696000099182129,15.405714988708496,131.9108123779297,-59.935333251953125,3.0685501098632812,1.1161417961120605,0.8785908818244934
SB67961_component_1541a,133.598842,-61.917581,2.7039999961853027,14.083333015441895,133.59837341308594,-61.917598724365234,2.883493423461914,1.191298007965088,0.9377514123916626
SB67961_component_1543a,136.314377,-61.027019,2.515000104904175,12.638191223144531,136.3142852783203,-61.0270881652832,3.5903477668762207,0.889885663986206,0.7004892826080322
SB67961_component_1546a,137.66737,-61.996271,2.371999979019165,10.449338912963867,137.6674346923828,-61.996559143066406,2.2555272579193115,1.3359780311584473,1.0516388416290283
SB67961_component_1552a,131.470596,-60.247256,2.5899999141693115,13.35051441192627,131.4704132080078,-60.247337341308594,3.3868112564086914,0.9714970588684082,0.7647311091423035
SB67961_component_1553a,131.647543,-62.11577,2.5490000247955322,12.55665111541748,131.64776611328125,-62.115726470947266,3.0771164894104004,1.052346110343933,0.8283729553222656
SB67961_component_1557a,137.375551,-61.852446,2.375,11.04651165008545,137.3759765625,-61.852359771728516,3.276977300643921,0.9207100868225098,0.7247532606124878
SB67961_component_1563a,135.422248,-61.265438,2.3450000286102295,12.025641441345215,135.42233276367188,-61.26551055908203,2.4127085208892822,1.2347263097763062,0.9719367027282715
SB67961_component_1566a,130.748742,-61.875292,2.496000051498413,13.491891860961914,130.7488555908203,-61.87528610229492,3.0289595127105713,1.0468484163284302,0.8240453600883484
SB67961_component_1570a,135.010436,-58.721263,2.2309999465942383,11.93048095703125,135.01028442382812,-58.72161102294922,3.5936126708984375,0.788680374622345,0.6208236813545227
SB67961_component_1587a,136.749863,-59.685665,2.621999979019165,13.72774887084961,136.74998474121094,-59.685829162597656,3.033005952835083,1.0982271432876587,0.8644888997077942
SB67961_component_1589a,129.88751,-62.101827,2.4779999256134033,11.85645866394043,129.88726806640625,-62.10214614868164,2.649752140045166,1.1880336999893188,0.9351817965507507
SB67961_component_1591a,135.064084,-61.994805,2.6440000534057617,13.08910846710205,135.06434631347656,-61.99461364746094,3.3984034061431885,0.988369345664978,0.7780123949050903
SB67961_component_1592a,130.605799,-58.390072,2.5969998836517334,13.455957412719727,130.60572814941406,-58.389915466308594,3.1805591583251953,1.0372923612594604,0.8165230751037598
SB67961_component_1594a,131.156149,-61.285219,2.6459999084472656,14.0,131.15660095214844,-61.285400390625,3.4684290885925293,0.9691472053527832,0.762881338596344
SB67961_component_1595a,136.349856,-62.589763,2.5769999027252197,10.349397659301758,136.34991455078125,-62.58971405029297,2.6436100006103516,1.238368034362793,0.9748033285140991
SB67961_component_1606a,136.21443,-62.288299,2.359999895095825,12.421051979064941,136.21493530273438,-62.288604736328125,2.561663866043091,1.1703683137893677,0.9212761521339417
SB67961_component_1609a,137.299145,-59.99446,2.486999988555908,13.089473724365234,137.29978942871094,-59.994327545166016,2.955695867538452,1.0689287185668945,0.8414261937141418
SB67961_component_1615a,135.619934,-61.084273,2.3340001106262207,11.78787899017334,135.62005615234375,-61.0844612121582,2.1208853721618652,1.3980296850204468,1.1004838943481445
SB67961_component_1628a,135.847626,-59.922101,2.3450000286102295,13.40000057220459,135.8480224609375,-59.9217529296875,2.4931704998016357,1.194878101348877,0.9405694603919983
SB67961_component_1632a,132.231197,-60.343752,2.627000093460083,14.27717399597168,132.2310791015625,-60.34414291381836,2.977973461151123,1.1206551790237427,0.8821435570716858
SB67961_component_1635a,136.687731,-61.564083,2.365999937057495,11.374999046325684,136.6875762939453,-61.564109802246094,1.3738008737564087,2.187880754470825,1.7222291231155396
SB67961_component_1636a,132.250853,-59.429555,2.2360000610351562,11.525773048400879,132.25135803222656,-59.42927932739258,2.9157233238220215,0.9742226004600525,0.7668766379356384
SB67961_component_1639a,136.981525,-61.290139,2.4649999141693115,12.386934280395508,136.98121643066406,-61.29015350341797,4.688704967498779,0.6678773164749146,0.5257315039634705
SB67961_component_1644a,138.961995,-58.402338,2.38700008392334,10.288793563842773,138.9618377685547,-58.40262985229492,2.7959465980529785,1.0845668315887451,0.8537359237670898
SB67961_component_1647a,135.988083,-61.984006,2.115999937057495,11.020833015441895,135.9886932373047,-61.984317779541016,2.5744597911834717,1.0441484451293945,0.8219199776649475
SB67961_component_1648a,132.674912,-59.580087,2.5759999752044678,13.486910820007324,132.67527770996094,-59.580589294433594,2.171083450317383,1.5073082447052002,1.1865043640136719
SB67961_component_1650a,137.640224,-60.430552,2.250999927520752,11.48469352722168,137.6400604248047,-60.43043899536133,2.734893798828125,1.045605182647705,0.8230666518211365
SB67961_component_1670a,131.857901,-62.258286,2.3329999446868896,12.610810279846191,131.8583526611328,-62.25860595703125,3.369952440261841,0.8794753551483154,0.6922945976257324
SB67961_component_1671a,130.347625,-59.67939,2.049999952316284,11.20218563079834,130.347900390625,-59.679203033447266,2.9204907417297363,0.8917245864868164,0.7019367814064026
SB67961_component_1674a,129.777201,-61.149586,2.1059999465942383,11.44565200805664,129.7775421142578,-61.14975357055664,2.928351640701294,0.9136247038841248,0.7191759347915649
SB67961_component_1679a,135.783963,-62.493515,2.499000072479248,11.90000057220459,135.783935546875,-62.49331283569336,2.129420757293701,1.4908621311187744,1.1735585927963257
SB67961_component_1683a,138.842637,-59.886333,2.25600004196167,11.113301277160645,138.84268188476562,-59.8861083984375,3.2550301551818848,0.8804745674133301,0.6930811405181885
SB67961_component_1684a,136.730123,-61.229516,2.242000102996826,11.099010467529297,136.72982788085938,-61.229801177978516,3.3215432167053223,0.857488751411438,0.6749874949455261
SB67961_component_1685a,138.423843,-58.908949,2.5380001068115234,11.23008918762207,138.42379760742188,-58.908775329589844,2.4849443435668945,1.2975009679794312,1.0213508605957031
SB67961_component_1686a,136.724344,-61.543424,2.187000036239624,10.565217018127441,136.7246551513672,-61.54349899291992,2.0851056575775146,1.3324577808380127,1.0488677024841309
SB67961_component_1692a,135.465455,-59.896892,2.3519999980926514,13.066666603088379,135.46542358398438,-59.89700698852539,2.9295883178710938,1.019913673400879,0.8028431534767151
SB67961_component_1698a,138.837918,-61.033963,2.4010000228881836,10.217020988464355,138.83749389648438,-61.033897399902344,2.6853959560394287,1.1358383893966675,0.8940953612327576
SB67961_component_1699a,129.417892,-59.535413,2.558000087738037,12.298076629638672,129.41827392578125,-59.535614013671875,2.1957108974456787,1.4799877405166626,1.1649985313415527
SB67961_component_1700a,131.474791,-61.429101,2.390000104904175,12.447916984558105,131.47483825683594,-61.4290771484375,3.4018263816833496,0.89252108335495,0.7025638222694397
SB67961_component_1702a,133.812717,-61.116521,2.4059998989105225,12.338461875915527,133.81246948242188,-61.11684799194336,2.1966869831085205,1.3914260864257812,1.0952857732772827
SB67961_component_1704a,136.368969,-59.937359,2.255000114440918,12.812500953674316,136.368896484375,-59.93746566772461,2.4938271045684814,1.148716688156128,0.9042327404022217
SB67961_component_1710a,135.192085,-59.546934,2.2820000648498535,11.642857551574707,135.1927032470703,-59.54737091064453,2.9497432708740234,0.9827976822853088,0.7736266851425171
SB67961_component_1717a,130.703266,-58.950243,2.384999990463257,13.104395866394043,130.70315551757812,-58.950321197509766,3.124209403991699,0.9697972536087036,0.7633931040763855
SB67961_component_1719a,132.867746,-59.062926,2.13700008392334,10.738694190979004,132.868408203125,-59.06270217895508,2.300001621246338,1.1803454160690308,0.9291298389434814
SB67961_component_1722a,138.277327,-60.279488,2.1610000133514404,10.645320892333984,138.27703857421875,-60.279239654541016,3.298656940460205,0.8322433829307556,0.6551151275634766
SB67961_component_1727a,135.958547,-62.144115,2.3459999561309814,12.155440330505371,135.95899963378906,-62.14441680908203,2.383704423904419,1.2502830028533936,0.9841824173927307
SB67961_component_1728a,137.641919,-60.52682,2.234999895095825,11.763157844543457,137.6416015625,-60.52674865722656,2.9483487606048584,0.9630113244056702,0.7580513954162598
SB67961_component_1737a,134.456518,-61.452242,2.0869998931884766,10.869791030883789,134.45668029785156,-61.45220947265625,2.962127447128296,0.8950585126876831,0.7045611143112183
SB67961_component_1738a,135.829488,-60.193433,1.8919999599456787,10.063830375671387,135.8295135498047,-60.19348907470703,2.760324478149414,0.8707504272460938,0.685426652431488
SB67961_component_1742a,132.742645,-59.365579,2.1489999294281006,11.49197769165039,132.7425537109375,-59.365745544433594,3.109440326690674,0.8779845833778381,0.6911211609840393
SB67961_component_1743a,133.199117,-60.459613,2.4019999504089355,13.197802543640137,133.19920349121094,-60.45976638793945,2.7555761337280273,1.10737144947052,0.8716869950294495
SB67961_component_1749a,132.621186,-61.212819,2.2809998989105225,11.880208015441895,132.62130737304688,-61.21332931518555,2.1076197624206543,1.3748829364776611,1.082263469696045
SB67961_component_1751a,136.107576,-59.86872,1.940999984741211,10.056994438171387,136.10792541503906,-59.868492126464844,2.382105588912964,1.0351355075836182,0.8148253560066223
SB67961_component_1755a,134.155121,-59.840313,2.1089999675750732,11.041884422302246,134.15530395507812,-59.840667724609375,2.0413312911987305,1.31248939037323,1.033149242401123
SB67961_component_1760a,137.850013,-60.781941,2.0980000495910645,10.649746894836426,137.8495635986328,-60.78180694580078,2.989104747772217,0.8916555047035217,0.7018824219703674
SB67961_component_1766a,134.712238,-60.188645,2.0799999237060547,11.366120338439941,134.71237182617188,-60.18846130371094,2.830084800720215,0.9336768388748169,0.7349602580070496
SB67961_component_1779a,133.853859,-58.940677,2.4100000858306885,12.887700080871582,133.853515625,-58.94089126586914,2.5800654888153076,1.1866401433944702,0.9340848326683044
SB67961_component_1780a,129.589101,-61.20896,2.1549999713897705,11.586021423339844,129.5892333984375,-61.209022521972656,2.8200204372406006,0.9707954525947571,0.7641788721084595
SB67961_component_1801a,135.828379,-60.321582,1.9589999914169312,10.310526847839355,135.8287353515625,-60.321353912353516,1.9100065231323242,1.3029637336730957,1.025650978088379
SB67961_component_1803a,131.490997,-59.093851,2.118000030517578,11.20634937286377,131.49090576171875,-59.09391403198242,2.820605993270874,0.9539294838905334,0.7509024739265442
SB67961_component_1804a,133.864972,-60.350193,1.9019999504089355,10.063491821289062,133.86517333984375,-60.35020446777344,2.5046801567077637,0.9646970629692078,0.7593783736228943
SB67961_component_1807a,129.600656,-60.879979,2.255000114440918,11.564103126525879,129.60108947753906,-60.88020324707031,2.8590621948242188,1.0019721984863281,0.7887201905250549
SB67961_component_1811a,134.689753,-58.955582,2.190999984741211,11.972677230834961,134.689697265625,-58.955631256103516,2.464999198913574,1.1291673183441162,0.8888440728187561
SB67961_component_1815a,137.626906,-60.139177,2.2739999294281006,12.22580623626709,137.62709045410156,-60.13945770263672,3.1672897338867188,0.9120850563049316,0.7179639935493469
SB67961_component_1817a,131.322557,-62.162843,2.256999969482422,12.199999809265137,131.3226776123047,-62.16305160522461,3.0421884059906006,0.9424930810928345,0.7419001460075378
SB67961_component_1822a,134.227538,-59.033818,2.1440000534057617,11.166666984558105,134.22726440429688,-59.033687591552734,2.0822412967681885,1.308056354522705,1.0296597480773926
SB67961_component_1832a,132.059636,-59.833028,2.135999917984009,11.242104530334473,132.05958557128906,-59.83295822143555,2.6640055179595947,1.018588662147522,0.8018001317977905
SB67961_component_1837a,136.507464,-61.161827,1.8559999465942383,10.368714332580566,136.50753784179688,-61.1617546081543,2.9371871948242188,0.8027476668357849,0.6318970322608948
SB67961_component_1854a,130.986702,-60.207899,2.0799999237060547,11.06382942199707,130.98704528808594,-60.20794677734375,2.6063473224639893,1.013826847076416,0.7980517148971558
SB67961_component_1866a,133.838133,-60.538355,1.871000051498413,10.570621490478516,133.83853149414062,-60.53843307495117,2.754883050918579,0.8627865314483643,0.6791577339172363
SB67961_component_1879a,136.959023,-62.322229,2.244999885559082,10.639810562133789,136.9590301513672,-62.32217025756836,2.0788512229919434,1.3719099760055542,1.0799232721328735
SB67961_component_1890a,134.020732,-61.0757,2.1429998874664307,11.046390533447266,134.02093505859375,-61.07563781738281,2.62968111038208,1.035265564918518,0.8149276375770569
SB67961_component_1894a,135.145074,-58.855635,2.055000066757202,10.647668838500977,135.14439392089844,-58.85578536987305,2.5368247032165527,1.029091715812683,0.8100678324699402
SB67961_component_1908a,135.971282,-61.59508,2.009000062942505,10.197970390319824,135.971435546875,-61.594818115234375,2.2574267387390137,1.1305739879608154,0.8899514079093933
SB67961_component_1909a,135.930192,-61.7199,2.0269999504089355,10.341836929321289,135.93075561523438,-61.72013473510742,2.439117670059204,1.055732011795044,0.8310381770133972
SB67961_component_1924a,131.634466,-61.873627,1.9889999628067017,11.11173152923584,131.63504028320312,-61.87382507324219,2.2047319412231445,1.146071434020996,0.9021504521369934
SB67961_component_1934a,130.981438,-59.155595,1.8760000467300415,10.19565200805664,130.981689453125,-59.15581130981445,2.1766457557678223,1.0949084758758545,0.8618766069412231
SB67961_component_1938a,136.264366,-61.44263,1.9630000591278076,10.066667556762695,136.26458740234375,-61.44269561767578,2.7609124183654785,0.9032342433929443,0.7109968662261963
SB67961_component_1957a,134.200621,-60.014131,1.972000002861023,10.545454025268555,134.2003936767578,-60.01435470581055,2.297764539718628,1.0902701616287231,0.8582254648208618
SB67961_component_1987a,132.066916,-60.46216,2.00600004196167,10.393782615661621,132.0675506591797,-60.46243667602539,2.4069924354553223,1.0587390661239624,0.8334051966667175
SB67961_component_2014a,136.067504,-60.532089,1.7869999408721924,10.21142864227295,136.06773376464844,-60.53175354003906,1.8753677606582642,1.2105168104171753,0.9528797268867493
SB67961_component_2077a,134.360594,-60.469158,1.8109999895095825,10.005525588989258,134.3603973388672,-60.46905517578125,2.275646924972534,1.010988712310791,0.7958176732063293
