Component_ID,RA,DEC,RA_comp,DEC_comp
SB66801_component_7a,167.098247,43.514267,167.097821,43.514905
SB66801_component_20a,167.69354,44.056579,167.693107,44.057202
