Component_ID,RA,DEC,RA_comp,DEC_comp
SB67373_component_7a,143.754462,7.321777,143.754483,7.321836
SB67373_component_43a,147.514362,6.251066,147.514448,6.25106
