Component_ID,RA,DEC,RA_comp,DEC_comp
SB67283_component_3a,117.012838,-16.663895,117.012849,-16.663959
SB67283_component_26a,117.202787,-16.840772,117.202827,-16.840944
