Component_ID,RA,DEC,ASKAP_flux,ASKAP_flux_SNR,RA_comp,DEC_comp,Comp_flux,Flux_Ratio_AlphaCorr,Flux_Ratio_NOAlphaCorr
SB66814_component_3a,247.804478,43.811581,894.9210205078125,641.0609130859375,247.80441284179688,43.81119155883789,1147.423583984375,0.9908174276351929,0.7799395322799683
SB66814_component_4a,254.512085,47.630926,776.3469848632812,1702.5152587890625,254.51168823242188,47.63030242919922,776.5338134765625,1.2700716257095337,0.9997594356536865
SB66814_component_6a,254.445881,48.142971,766.3350219726562,1424.41455078125,254.4455108642578,48.14242935180664,1015.976318359375,0.958225667476654,0.7542843222618103
SB66814_component_10a,249.088766,46.853609,514.3189697265625,1122.9671630859375,249.0884552001953,46.85271072387695,734.912841796875,0.8890566229820251,0.6998366713523865
SB66814_component_15a,256.263051,48.10531,271.739990234375,239.8411102294922,256.2626037597656,48.104305267333984,335.8133850097656,1.0279885530471802,0.8091993927955627
SB66814_component_17a,247.156687,47.570516,235.19200134277344,670.0626831054688,247.15631103515625,47.569679260253906,254.54055786132812,1.1738111972808838,0.9239863753318787
SB66814_component_18a,255.572915,47.251591,209.9720001220703,403.7923278808594,255.57254028320312,47.250797271728516,304.0911560058594,0.877183198928833,0.6904903054237366
SB66814_component_19a,251.475247,44.869414,205.26300048828125,851.7136840820312,251.47499084472656,44.86880111694336,301.5379943847656,0.8647714853286743,0.6807202100753784
SB66814_component_20a,247.127424,47.033752,192.50900268554688,329.0752258300781,247.1271514892578,47.033023834228516,271.5668640136719,0.9005482196807861,0.7088825106620789
SB66814_component_25a,249.734484,46.110296,166.16299438476562,539.490234375,249.7342987060547,46.109527587890625,244.40957641601562,0.8636719584465027,0.679854691028595
SB66814_component_29a,256.407879,46.755557,156.14700317382812,119.01448059082031,256.4074401855469,46.75459671020508,203.356201171875,0.9754588603973389,0.7678497433662415
SB66814_component_31a,247.885046,44.980758,139.93800354003906,427.9449768066406,247.88499450683594,44.98025131225586,172.84046936035156,1.0285441875457764,0.8096367716789246
SB66814_component_32a,247.023398,47.246927,143.28399658203125,308.8017272949219,247.02308654785156,47.24615478515625,202.17845153808594,0.9003171920776367,0.7087006568908691
SB66814_component_33a,253.427548,43.669445,131.1739959716797,232.99110412597656,253.4271240234375,43.66889190673828,168.4268798828125,0.9893935322761536,0.778818666934967
SB66814_component_37a,254.727746,44.530813,124.08300018310547,344.67498779296875,254.72735595703125,44.5300178527832,167.18984985351562,0.942833662033081,0.7421682476997375
SB66814_component_38a,255.279004,49.034934,118.2239990234375,193.4926300048828,255.27857971191406,49.03438949584961,190.101806640625,0.7900454998016357,0.621898353099823
SB66814_component_39a,251.979086,46.706062,107.74299621582031,470.4934387207031,251.9784393310547,46.704795837402344,153.48779296875,0.8917598724365234,0.7019646167755127
SB66814_component_40a,253.005892,47.084729,106.28700256347656,460.11688232421875,253.0054168701172,47.08393859863281,153.66058349609375,0.8787198066711426,0.6916998624801636
SB66814_component_41a,250.844392,45.302416,107.85700225830078,564.6963500976562,250.84425354003906,45.30177688598633,143.0502471923828,0.9578388333320618,0.7539798617362976
SB66814_component_44a,251.761328,48.941607,105.77799987792969,232.99119567871094,251.7610321044922,48.94129180908203,159.83453369140625,0.8407317399978638,0.6617969274520874
SB66814_component_51a,251.868676,46.154898,86.43199920654297,427.88116455078125,251.8681640625,46.1538200378418,90.08131408691406,1.2189126014709473,0.9594886302947998
SB66814_component_54a,252.461686,46.82939,77.6050033569336,386.09454345703125,252.46102905273438,46.82822036743164,53.187103271484375,1.853600263595581,1.4590944051742554
SB66814_component_55a,254.840166,45.747739,79.64900207519531,277.52264404296875,254.83978271484375,45.746986389160156,111.92823791503906,0.9040102958679199,0.7116077542304993
SB66814_component_56a,248.209992,48.307085,79.8290023803711,338.25848388671875,248.20970153808594,48.30681228637695,114.07421112060547,0.8890085220336914,0.6997988820075989
SB66814_component_57a,251.398838,46.663758,75.45600128173828,294.75,251.39825439453125,46.66258239746094,93.37371826171875,1.0266014337539673,0.8081074953079224
SB66814_component_58a,247.159981,45.97773,76.91699981689453,252.18687438964844,247.15968322753906,45.977195739746094,104.25177764892578,0.9372848272323608,0.7378003597259521
SB66814_component_62a,247.044574,45.926244,75.54199981689453,231.7239227294922,247.04428100585938,45.92566680908203,105.44143676757812,0.9101434946060181,0.7164356112480164
SB66814_component_64a,254.595047,46.581906,78.25900268554688,282.5234680175781,254.59474182128906,46.58126449584961,103.14047241210938,0.9639132022857666,0.7587613463401794
SB66814_component_65a,247.536791,47.045362,71.9489974975586,219.356689453125,247.53656005859375,47.044639587402344,118.43598175048828,0.771744966506958,0.6074927449226379
SB66814_component_67a,255.489339,44.551275,74.36900329589844,85.87644958496094,255.4888916015625,44.550296783447266,99.53585815429688,0.9491723775863647,0.7471579313278198
SB66814_component_72a,254.283134,46.950636,68.26200103759766,242.92527770996094,254.28280639648438,46.95009994506836,104.41952514648438,0.8304816484451294,0.6537283062934875
SB66814_component_73a,251.452194,44.260864,64.05799865722656,271.43218994140625,251.45184326171875,44.26030731201172,92.13783264160156,0.8832183480262756,0.6952409744262695
SB66814_component_74a,249.124133,43.83782,67.2750015258789,128.6328887939453,249.12408447265625,43.837528228759766,90.49048614501953,0.944459855556488,0.7434483170509338
SB66814_component_76a,254.423364,46.141611,65.11799621582031,289.413330078125,254.42303466796875,46.141048431396484,89.7408676147461,0.9218143820762634,0.7256225347518921
SB66814_component_80a,252.215677,46.595499,64.89099884033203,274.96185302734375,252.21505737304688,46.59416580200195,99.33173370361328,0.8299065232276917,0.6532756090164185
SB66814_component_81a,250.691189,46.687786,61.05500030517578,289.3601989746094,250.6907501220703,46.68671417236328,82.29814910888672,0.9424620866775513,0.7418757677078247
SB66814_component_83a,249.525378,43.773882,60.24399948120117,77.33504486083984,249.52528381347656,43.77353286743164,79.38296508789062,0.9640935659408569,0.7589033842086792
SB66814_component_84a,246.471491,44.04432,59.779998779296875,23.3515625,246.47132873535156,44.044090270996094,67.08934783935547,1.1319702863693237,0.8910505175590515
SB66814_component_86a,255.207794,43.969466,58.05099868774414,49.071006774902344,255.20741271972656,43.96844482421875,84.40107727050781,0.8737645745277405,0.6877992749214172
SB66814_component_89a,250.101698,49.010088,56.89099884033203,143.30226135253906,250.10169982910156,49.01021957397461,75.77080535888672,0.9538374543190002,0.7508300542831421
SB66814_component_92a,246.519393,44.297633,58.11899948120117,54.06418228149414,246.5192413330078,44.29739761352539,41.77323532104492,1.7674728631973267,1.3912975788116455
SB66814_component_93a,251.46257,47.183774,55.472999572753906,217.5411834716797,251.46197509765625,47.18268966674805,88.46858978271484,0.7965724468231201,0.6270360946655273
SB66814_component_94a,253.679252,45.258858,54.016998291015625,222.29217529296875,253.67880249023438,45.25798416137695,74.93304443359375,0.9157770872116089,0.7208701968193054
SB66814_component_96a,251.267461,48.805881,54.9379997253418,178.37013244628906,251.2671661376953,48.80573272705078,91.08421325683594,0.7662358283996582,0.6031560897827148
SB66814_component_98a,254.115087,49.198808,56.882999420166016,78.67634582519531,254.11463928222656,49.19834518432617,69.8741226196289,1.0341864824295044,0.8140782117843628
SB66814_component_100a,246.995497,43.784673,53.17900085449219,54.264286041259766,246.9951934814453,43.78431701660156,44.9251823425293,1.5037755966186523,1.1837236881256104
SB66814_component_101a,249.960753,43.668107,47.62699890136719,45.83926773071289,249.9604949951172,43.66770935058594,45.30485534667969,1.33549165725708,1.0512559413909912
SB66814_component_105a,254.207581,44.178313,46.137001037597656,153.27906799316406,254.20721435546875,44.177574157714844,58.120609283447266,1.0084443092346191,0.7938148379325867
SB66814_component_108a,254.164372,48.984058,48.957000732421875,103.06736755371094,254.1640625,48.98371887207031,77.30006408691406,0.8045770525932312,0.633337140083313
SB66814_component_111a,256.279461,48.510613,44.310001373291016,54.5689697265625,256.279052734375,48.50975799560547,59.45684814453125,0.9467440843582153,0.745246410369873
SB66814_component_113a,254.853477,49.325821,45.25699996948242,40.22844314575195,254.85308837890625,49.325626373291016,67.66667175292969,0.8496569991111755,0.6688225865364075
SB66814_component_116a,250.4314,47.850461,44.32500076293945,198.76681518554688,250.43109130859375,47.849849700927734,68.33318328857422,0.8240429162979126,0.6486599445343018
SB66814_component_117a,253.480141,44.173563,44.21900177001953,136.4783935546875,253.4798126220703,44.17300796508789,49.60073471069336,1.132539987564087,0.8914989233016968
SB66814_component_118a,248.284965,44.685717,44.53300094604492,174.63922119140625,248.284912109375,44.68531799316406,57.957557678222656,0.9761231541633606,0.768372654914856
SB66814_component_121a,249.569193,45.550732,45.066001892089844,165.68382263183594,249.5690460205078,45.55003356933594,58.972869873046875,0.9707993865013123,0.764181911945343
SB66814_component_122a,253.071923,46.011163,43.1150016784668,246.37144470214844,253.07147216796875,46.0102653503418,53.9825439453125,1.0146301984786987,0.7986841201782227
SB66814_component_124a,249.844084,43.694252,42.707000732421875,40.251651763916016,249.8438720703125,43.69405746459961,60.34521484375,0.8990606069564819,0.7077114582061768
SB66814_component_125a,251.214139,48.287727,44.93199920654297,207.05990600585938,251.21385192871094,48.28727722167969,76.10585021972656,0.7500157952308655,0.5903882384300232
SB66814_component_126a,253.502709,46.050408,43.577999114990234,198.08181762695312,253.50233459472656,46.04969024658203,62.981048583984375,0.8790025115013123,0.6919224262237549
SB66814_component_127a,246.942964,48.057722,40.24100112915039,88.24781036376953,246.94256591796875,48.05706787109375,57.000343322753906,0.8968586921691895,0.7059782147407532
SB66814_component_129a,252.104248,44.81135,40.56999969482422,195.04806518554688,252.10389709472656,44.81071472167969,48.0500602722168,1.0726147890090942,0.8443277478218079
SB66814_component_130a,250.609634,44.195149,42.08700180053711,147.1573486328125,250.60943603515625,44.19465255737305,48.65788269042969,1.0988223552703857,0.8649575114250183
SB66814_component_131a,247.265026,48.112737,40.33000183105469,117.23837280273438,247.26470947265625,48.11215591430664,64.25054931640625,0.7974144816398621,0.6276989579200745
SB66814_component_133a,252.29812,45.89819,40.41600036621094,199.09359741210938,252.2976531982422,45.89720916748047,41.85234451293945,1.2267787456512451,0.9656806588172913
SB66814_component_137a,252.057789,48.27778,39.09199905395508,192.57142639160156,252.0574188232422,48.27714157104492,53.65913391113281,0.9255011081695557,0.7285246253013611
SB66814_component_139a,248.881665,46.638857,39.61600112915039,187.75357055664062,248.8813934326172,46.63804244995117,57.03089904785156,0.8824561834335327,0.6946409940719604
SB66814_component_142a,251.822552,45.853381,38.755001068115234,188.13107299804688,251.82217407226562,45.852298736572266,48.79959487915039,1.008890986442566,0.7941664457321167
SB66814_component_146a,250.660426,45.400936,38.196998596191406,199.98428344726562,250.6602325439453,45.400245666503906,51.353885650634766,0.9449060559272766,0.7437995672225952
SB66814_component_149a,253.757718,47.928224,37.928001403808594,181.4736785888672,253.7573699951172,47.927757263183594,42.570926666259766,1.1318258047103882,0.8909367322921753
SB66814_component_150a,253.188265,45.876344,36.946998596191406,174.27828979492188,253.18788146972656,45.875675201416016,56.8409538269043,0.8257536888122559,0.6500066518783569
SB66814_component_151a,247.248855,48.839579,37.297000885009766,60.15645217895508,247.24868774414062,48.83946990966797,57.67613220214844,0.8215055465698242,0.6466626524925232
SB66814_component_152a,248.417177,44.526278,39.16299819946289,145.5873565673828,248.41717529296875,44.52597427368164,55.194759368896484,0.901386022567749,0.7095419764518738
SB66814_component_154a,254.422577,45.358754,40.5369987487793,140.75347900390625,254.4219970703125,45.35786056518555,55.69178009033203,0.9246837496757507,0.7278811931610107
SB66814_component_155a,248.348577,47.317338,35.77899932861328,140.30979919433594,248.3482208251953,47.316490173339844,40.804107666015625,1.1139277219772339,0.8768479824066162
SB66814_component_156a,252.227686,46.058566,36.41299819946289,173.39523315429688,252.2272186279297,46.05760955810547,52.85506057739258,0.8751904964447021,0.6889216899871826
SB66814_component_159a,253.947758,44.791038,35.42900085449219,170.33172607421875,253.9474334716797,44.79026794433594,35.966346740722656,1.2513974905014038,0.9850597381591797
SB66814_component_161a,251.559523,48.046668,36.638999938964844,174.471435546875,251.55909729003906,48.04610061645508,49.7774772644043,0.9350685477256775,0.7360557913780212
SB66814_component_165a,252.492258,48.955039,34.305999755859375,86.19597625732422,252.49200439453125,48.9543571472168,45.39326477050781,0.9600887298583984,0.7557508945465088
SB66814_component_166a,247.995288,49.245078,35.03300094604492,41.070343017578125,247.9951629638672,49.24496078491211,42.15073013305664,1.0558565855026245,0.8311362862586975
SB66814_component_167a,253.957301,47.587408,35.16899871826172,144.13523864746094,253.95687866210938,47.586673736572266,49.965667724609375,0.894171953201294,0.703863263130188
SB66814_component_169a,250.358152,47.545327,34.641998291015625,151.93858337402344,250.3577880859375,47.544437408447266,46.86537170410156,0.9390389323234558,0.7391811013221741
SB66814_component_172a,250.154577,44.701401,34.57600021362305,150.33042907714844,250.15451049804688,44.70095443725586,48.51336669921875,0.9054116010665894,0.7127107977867126
SB66814_component_175a,247.321646,44.947632,33.72100067138672,80.86570739746094,247.321533203125,44.94724655151367,37.013519287109375,1.1573715209960938,0.911045491695404
SB66814_component_178a,248.904611,46.255995,33.30500030517578,157.84361267089844,248.90435791015625,46.25537109375,46.18626022338867,0.9160714745521545,0.7211018800735474
SB66814_component_180a,251.884654,47.144252,31.6200008392334,152.75363159179688,251.88404846191406,47.14319610595703,38.508296966552734,1.0431344509124756,0.8211217522621155
SB66814_component_182a,246.632967,44.476532,32.641998291015625,38.85952377319336,246.6327667236328,44.47621154785156,40.08024597167969,1.0346157550811768,0.8144161105155945
SB66814_component_185a,255.356815,46.503156,32.09700012207031,92.76589965820312,255.35653686523438,46.50251007080078,49.087249755859375,0.8306698799133301,0.653876543045044
SB66814_component_187a,248.00761,45.459264,32.87300109863281,136.97084045410156,248.00743103027344,45.4586181640625,44.53173828125,0.9377831220626831,0.738192617893219
SB66814_component_188a,253.2859,48.988711,31.615999221801758,66.420166015625,253.28553771972656,48.98851776123047,46.53804016113281,0.8630412220954895,0.679358184337616
SB66814_component_193a,247.642359,46.436738,30.243999481201172,124.46089935302734,247.6421356201172,46.43618392944336,45.60945129394531,0.8423975706100464,0.6631081700325012
SB66814_component_194a,248.820816,46.303901,32.768001556396484,148.94546508789062,248.8205108642578,46.30310821533203,46.35578918457031,0.8980048894882202,0.7068804502487183
SB66814_component_197a,249.908496,47.053617,32.2859992980957,140.9868927001953,249.90806579589844,47.05255889892578,48.201385498046875,0.8509174585342407,0.6698147654533386
SB66814_component_200a,255.192574,47.9274,33.244998931884766,110.0827865600586,255.19219970703125,47.92659378051758,49.93307876586914,0.845805823802948,0.6657910943031311
SB66814_component_201a,250.369377,48.273691,28.649999618530273,130.22726440429688,250.36920166015625,48.27342987060547,37.87431335449219,0.9609760642051697,0.7564493417739868
SB66814_component_202a,249.913296,46.107675,28.56399917602539,137.99032592773438,249.91311645507812,46.10686492919922,35.21260452270508,1.0305132865905762,0.8111867904663086
SB66814_component_204a,248.353579,44.102502,29.163999557495117,65.09821319580078,248.35362243652344,44.10234832763672,32.820125579833984,1.1288586854934692,0.8886011242866516
SB66814_component_205a,247.704554,44.683105,28.75200080871582,93.35065460205078,247.7045135498047,44.68267822265625,41.94260787963867,0.8708539605140686,0.6855081915855408
SB66814_component_207a,255.160974,46.882357,31.604000091552734,123.937255859375,255.16075134277344,46.88179397583008,46.17511749267578,0.8694943785667419,0.6844378709793091
SB66814_component_210a,254.611064,47.447679,26.38800048828125,73.29999542236328,254.61068725585938,47.44715881347656,30.208791732788086,1.1097006797790527,0.87352055311203
SB66814_component_212a,253.438854,45.116737,28.089000701904297,114.64897918701172,253.43850708007812,45.11587905883789,46.323455810546875,0.7703145146369934,0.6063666939735413
SB66814_component_214a,254.696023,45.180044,27.14900016784668,102.44906616210938,254.69561767578125,45.17927932739258,36.111671447753906,0.9550782442092896,0.7518067955970764
SB66814_component_215a,252.319497,47.284313,27.490999221801758,123.83332824707031,252.31893920898438,47.283294677734375,38.73088073730469,0.9017078876495361,0.709795355796814
SB66814_component_217a,253.083315,47.258062,27.110000610351562,140.46632385253906,253.0829620361328,47.2574348449707,32.36473846435547,1.0641188621520996,0.8376400470733643
SB66814_component_218a,246.830073,48.524527,27.378999710083008,25.397960662841797,246.82992553710938,48.52436828613281,17.606552124023438,1.9754951000213623,1.5550460815429688
SB66814_component_223a,249.35754,45.244606,25.160999298095703,125.1791000366211,249.35733032226562,45.24398422241211,36.02281188964844,0.8873255848884583,0.6984740495681763
SB66814_component_224a,255.441102,48.509374,24.50200080871582,87.82078552246094,255.4408416748047,48.508705139160156,22.9741153717041,1.3548632860183716,1.0665045976638794
SB66814_component_225a,248.760434,45.73161,25.062000274658203,121.66019439697266,248.76022338867188,45.73093032836914,24.971698760986328,1.2749711275100708,1.003616213798523
SB66814_component_226a,253.371616,44.573511,24.929000854492188,109.33772277832031,253.37127685546875,44.573123931884766,25.867982864379883,1.2242637872695923,0.9637010097503662
SB66814_component_227a,251.152372,47.56218,27.047000885009766,135.23500061035156,251.1519012451172,47.561241149902344,40.22107696533203,0.8542758822441101,0.6724584102630615
SB66814_component_228a,247.920614,47.046129,24.857999801635742,87.52816772460938,247.92037963867188,47.04518127441406,21.70876693725586,1.454667568206787,1.1450673341751099
SB66814_component_230a,251.466255,44.486788,25.726999282836914,122.509521484375,251.46604919433594,44.486297607421875,34.326725006103516,0.9521151185035706,0.7494743466377258
SB66814_component_231a,251.479133,44.401589,24.238000869750977,112.21296691894531,251.4788818359375,44.400970458984375,33.886085510253906,0.9086740612983704,0.7152788639068604
SB66814_component_233a,256.139374,45.434461,23.82699966430664,17.781343460083008,256.13922119140625,45.433658599853516,33.646568298339844,0.8996245861053467,0.7081553936004639
SB66814_component_235a,254.767382,43.771559,24.405000686645508,29.08820152282715,254.76699829101562,43.77077102661133,30.169509887695312,1.027645468711853,0.8089293241500854
SB66814_component_236a,247.032702,44.508579,23.702999114990234,38.41653060913086,247.03257751464844,44.508209228515625,24.089221954345703,1.250009298324585,0.9839670062065125
SB66814_component_237a,253.006755,44.986097,23.466999053955078,110.1737060546875,253.0063018798828,44.98535919189453,31.148996353149414,0.9570755362510681,0.7533789873123169
SB66814_component_238a,250.685904,46.098809,23.32200050354004,114.32353210449219,250.68568420410156,46.097900390625,28.439523696899414,1.0417804718017578,0.8200559616088867
SB66814_component_240a,255.44696,45.383994,23.191999435424805,65.69971466064453,255.44644165039062,45.38280487060547,36.383262634277344,0.8097841143608093,0.6374359726905823
SB66814_component_241a,256.361479,46.79887,26.048999786376953,24.879653930664062,256.3609313964844,46.7977409362793,25.443866729736328,1.3005907535552979,1.0237830877304077
SB66814_component_243a,252.968458,47.750664,25.10700035095215,128.75384521484375,252.96795654296875,47.749942779541016,34.90934753417969,0.9136625528335571,0.7192056775093079
SB66814_component_244a,250.976591,45.75876,23.658000946044922,120.09137725830078,250.976318359375,45.75782012939453,34.343536376953125,0.875116229057312,0.6888632774353027
SB66814_component_247a,249.647885,47.350311,25.69499969482422,91.11701965332031,249.647705078125,47.34943771362305,35.97684860229492,0.9073152542114258,0.7142093181610107
SB66814_component_248a,253.101134,48.316235,23.090999603271484,100.39564514160156,253.10073852539062,48.31558609008789,16.77822494506836,1.7483543157577515,1.3762481212615967
SB66814_component_250a,252.70548,49.20782,24.084999084472656,31.401561737060547,252.705322265625,49.20720291137695,40.9266357421875,0.7476069331169128,0.5884920358657837
SB66814_component_251a,248.483019,47.394744,22.479999542236328,110.19607543945312,248.48268127441406,47.394073486328125,24.566410064697266,1.162484884262085,0.9150705933570862
SB66814_component_254a,249.252108,49.016522,22.424999237060547,50.16778564453125,249.2521209716797,49.016963958740234,39.61221694946289,0.7191773653030396,0.5661132335662842
SB66814_component_257a,254.216024,49.247036,24.408000946044922,27.180402755737305,254.2156524658203,49.246707916259766,40.34458541870117,0.7685633301734924,0.6049882769584656
SB66814_component_258a,254.070883,45.537878,24.266000747680664,94.05426788330078,254.07046508789062,45.53705596923828,34.515377044677734,0.8931374549865723,0.7030490040779114
SB66814_component_259a,249.062132,48.326404,22.863000869750977,101.61334228515625,249.06192016601562,48.32622528076172,35.12501525878906,0.8268932104110718,0.6509036421775818
SB66814_component_261a,249.453274,47.332833,21.177000045776367,41.85177993774414,249.45286560058594,47.33213424682617,36.9540901184082,0.7280054688453674,0.5730624198913574
SB66814_component_265a,251.64226,49.158351,22.426000595092773,37.12914276123047,251.64207458496094,49.15825271606445,36.99527359008789,0.7700843811035156,0.6061855554580688
SB66814_component_270a,248.123745,43.989613,21.121999740600586,44.75,248.1236572265625,43.98896789550781,20.314287185668945,1.3208885192871094,1.0397608280181885
SB66814_component_272a,246.495915,47.395494,22.10300064086914,33.79663848876953,246.49542236328125,47.394771575927734,22.6561222076416,1.2393625974655151,0.9755862355232239
SB66814_component_273a,253.443618,45.457053,20.895000457763672,99.0284423828125,253.44322204589844,45.456146240234375,26.8918514251709,0.9870846271514893,0.7770012021064758
SB66814_component_274a,253.294818,47.271188,20.871000289916992,90.35064697265625,253.2946319580078,47.27086639404297,23.33776092529297,1.1361005306243896,0.8943017721176147
SB66814_component_276a,247.775758,48.384983,19.722999572753906,72.77859497070312,247.77548217773438,48.384788513183594,27.501386642456055,0.9110686182975769,0.7171638011932373
SB66814_component_277a,247.567203,48.455487,20.2189998626709,59.81952667236328,247.56700134277344,48.45516586303711,29.590322494506836,0.8680458664894104,0.6832976937294006
SB66814_component_278a,254.023585,44.681414,20.19700050354004,96.17619323730469,254.02317810058594,44.68086624145508,23.777631759643555,1.079073429107666,0.8494117856025696
SB66814_component_280a,251.399,44.228874,20.08799934387207,83.69999694824219,251.3987579345703,44.228416442871094,33.1346321105957,0.7701711654663086,0.6062538623809814
SB66814_component_282a,250.063928,48.535566,20.447999954223633,80.82213592529297,250.06390380859375,48.53563690185547,30.37278938293457,0.8552613854408264,0.6732341647148132
SB66814_component_287a,250.482315,46.759468,19.79199981689453,87.96444702148438,250.4818878173828,46.75861740112305,26.583393096923828,0.9458276033401489,0.7445249557495117
SB66814_component_288a,251.043202,48.595419,19.610000610351562,87.15556335449219,251.0428924560547,48.595184326171875,29.634485244750977,0.8406456112861633,0.661729097366333
SB66814_component_290a,250.433257,47.514385,19.490999221801758,90.2361068725586,250.43287658691406,47.51347351074219,26.65186882019043,0.9290502071380615,0.7313182950019836
SB66814_component_291a,255.194518,49.032942,19.85300064086914,43.4420166015625,255.19412231445312,49.03257369995117,29.47892189025879,0.8555536866188049,0.673464298248291
SB66814_component_294a,251.03347,46.506204,21.351999282836914,101.67619323730469,251.0330352783203,46.505123138427734,29.79293441772461,0.9104539752006531,0.7166799902915955
SB66814_component_296a,249.118307,46.328151,19.336999893188477,78.2874526977539,249.1181640625,46.327545166015625,27.50553321838379,0.8931034207344055,0.7030221819877625
SB66814_component_297a,254.549921,44.176562,19.96500015258789,62.00310516357422,254.54954528808594,44.1755485534668,23.85331153869629,1.0632939338684082,0.8369907140731812
SB66814_component_298a,250.014357,45.665639,19.1200008392334,82.06008911132812,250.01425170898438,45.664974212646484,17.365476608276367,1.3987300395965576,1.101035237312317
SB66814_component_299a,250.277821,46.946232,20.302000045776367,97.60576629638672,250.27743530273438,46.9452018737793,24.39723777770996,1.057136058807373,0.8321433663368225
SB66814_component_300a,248.556258,44.699348,18.367000579833984,83.48636627197266,248.55628967285156,44.699066162109375,16.94649314880371,1.3768643140792847,1.0838230848312378
SB66814_component_301a,253.553312,48.990372,18.648000717163086,40.276458740234375,253.55303955078125,48.99031066894531,32.989234924316406,0.7181129455566406,0.5652753114700317
SB66814_component_302a,247.26761,47.979486,18.856000900268555,56.62462615966797,247.2672119140625,47.9788703918457,25.925132751464844,0.9239773154258728,0.7273251414299011
SB66814_component_307a,249.317196,44.766306,19.13599967956543,85.04888916015625,249.3170166015625,44.765838623046875,21.806825637817383,1.1147856712341309,0.8775234222412109
SB66814_component_309a,247.544016,45.974096,18.58799934387207,80.12068939208984,247.54383850097656,45.97346496582031,26.025346755981445,0.907337486743927,0.7142267823219299
SB66814_component_312a,248.838269,48.578113,18.941999435424805,73.99217987060547,248.83807373046875,48.578006744384766,23.00946807861328,1.045807957649231,0.8232263326644897
SB66814_component_314a,255.911472,48.138493,17.66900062561035,37.83511734008789,255.91114807128906,48.13739013671875,14.125345230102539,1.5890796184539795,1.2508721351623535
SB66814_component_316a,246.416513,47.834287,18.524999618530273,27.48516082763672,246.416259765625,47.83354568481445,23.15335464477539,1.016428828239441,0.8001000285148621
SB66814_component_319a,256.425785,48.272307,17.85300064086914,18.9925537109375,256.42547607421875,48.27149963378906,23.437986373901367,0.9676618576049805,0.7617121934890747
SB66814_component_320a,252.704668,48.01625,17.39900016784668,83.64904022216797,252.7042999267578,48.015716552734375,28.83761978149414,0.7664742469787598,0.6033438444137573
SB66814_component_321a,254.247386,46.604662,18.54599952697754,71.6061782836914,254.24697875976562,46.604042053222656,27.930753707885742,0.8435295224189758,0.6639992594718933
SB66814_component_326a,247.184781,46.383412,17.00200080871582,54.66881561279297,247.18450927734375,46.38288116455078,24.612459182739258,0.8775618672370911,0.6907883882522583
SB66814_component_327a,250.052045,44.907415,18.992000579833984,89.58490753173828,250.05201721191406,44.90692138671875,24.321348190307617,0.9920093417167664,0.7808777689933777
SB66814_component_329a,254.334313,45.074592,17.30900001525879,57.88963317871094,254.3338623046875,45.07366180419922,27.40778923034668,0.8022887110710144,0.6315357685089111
SB66814_component_330a,254.812656,48.65556,17.655000686645508,67.12928009033203,254.81240844726562,48.6551628112793,24.742969512939453,0.9064599871635437,0.7135360240936279
SB66814_component_336a,251.928076,47.944272,16.7450008392334,85.8718032836914,251.9275665283203,47.943477630615234,24.238069534301758,0.8776469826698303,0.6908553838729858
SB66814_component_338a,253.123859,47.680937,16.979000091552734,77.88532257080078,253.12335205078125,47.68014144897461,27.964427947998047,0.7713276147842407,0.607164204120636
SB66814_component_339a,249.415676,44.830974,16.530000686645508,83.0653305053711,249.41555786132812,44.8306770324707,19.299461364746094,1.0880788564682007,0.8565006256103516
SB66814_component_340a,251.321315,47.241252,16.878999710083008,75.35267639160156,251.32058715820312,47.239906311035156,14.816875457763672,1.4471807479858398,1.139173984527588
SB66814_component_341a,250.931698,47.953181,16.371999740600586,79.47572326660156,250.93141174316406,47.95260238647461,22.735910415649414,0.914791464805603,0.7200943231582642
SB66814_component_342a,254.335201,44.045073,16.45400047302246,43.30000305175781,254.33485412597656,44.044342041015625,20.205551147460938,1.034507155418396,0.8143306970596313
SB66814_component_344a,252.122831,47.244455,16.364999771118164,72.09251403808594,252.1221923828125,47.24324035644531,25.6723690032959,0.8098093271255493,0.6374557614326477
SB66814_component_345a,254.683849,48.507191,17.62700080871582,67.27863311767578,254.68338012695312,48.50662612915039,24.730098724365234,0.9054933786392212,0.7127751708030701
SB66814_component_346a,249.115537,45.757541,15.550000190734863,66.73819732666016,249.11537170410156,45.756866455078125,19.53537940979004,1.0112097263336182,0.7959917187690735
SB66814_component_347a,251.753506,46.112628,15.6899995803833,82.14659118652344,251.75296020507812,46.11156463623047,22.017452239990234,0.9052917957305908,0.712616503238678
SB66814_component_348a,249.700102,48.166549,18.17099952697754,78.6623306274414,249.70008850097656,48.16640090942383,22.92814064025879,1.0067988634109497,0.7925195693969727
SB66814_component_349a,253.412261,43.847297,16.663999557495117,27.498348236083984,253.4119873046875,43.8466796875,18.27639389038086,1.1583011150360107,0.9117771983146667
SB66814_component_351a,252.762032,49.021502,16.249000549316406,33.85208511352539,252.7617645263672,49.02103042602539,28.779245376586914,0.7172655463218689,0.5646082758903503
SB66814_component_352a,247.323165,48.228798,15.77400016784668,44.68555450439453,247.32301330566406,48.22844696044922,23.746213912963867,0.8438790440559387,0.6642743349075317
SB66814_component_353a,253.570779,46.520112,17.724000930786133,83.6037826538086,253.57037353515625,46.51932144165039,27.758787155151367,0.8111365437507629,0.6385005712509155
SB66814_component_354a,247.317856,48.773656,15.36299991607666,26.85839080810547,247.31768798828125,48.77352523803711,19.25428009033203,1.0136346817016602,0.7979004979133606
SB66814_component_356a,253.803352,43.788887,16.858999252319336,23.094518661499023,253.80294799804688,43.78829574584961,22.080259323120117,0.9699745774269104,0.7635326385498047
SB66814_component_357a,248.619577,47.199321,16.222000122070312,77.61722564697266,248.6192169189453,47.1984977722168,24.686113357543945,0.8348037600517273,0.6571305990219116
SB66814_component_359a,255.30255,45.081546,15.310999870300293,46.8226318359375,255.30198669433594,45.08053207397461,18.530582427978516,1.0496565103530884,0.826255738735199
SB66814_component_360a,249.704601,43.88319,15.923999786376953,29.005462646484375,249.70428466796875,43.8829460144043,17.92848777770996,1.1283432245254517,0.8881953954696655
SB66814_component_361a,251.836308,44.448556,16.951000213623047,85.61111450195312,251.8358917236328,44.447940826416016,26.2756404876709,0.8195486664772034,0.645122230052948
SB66814_component_362a,253.054681,44.866654,15.722999572753906,64.70370483398438,253.0543975830078,44.86619186401367,18.431385040283203,1.0837026834487915,0.8530557751655579
SB66814_component_364a,247.14762,45.947063,14.230999946594238,48.24068069458008,247.14756774902344,45.946598052978516,19.392648696899414,0.9322470426559448,0.7338347434997559
SB66814_component_366a,246.875721,43.758827,14.243000030517578,10.930929183959961,246.87579345703125,43.75798416137695,21.14134979248047,0.8558575510978699,0.6737034320831299
SB66814_component_371a,248.888723,45.188604,14.482999801635742,77.4491958618164,248.8885498046875,45.187965393066406,19.289941787719727,0.9538066387176514,0.7508057951927185
SB66814_component_372a,254.723594,44.455986,14.40999984741211,44.20245361328125,254.72308349609375,44.4548454284668,15.778517723083496,1.160193681716919,0.9132670164108276
SB66814_component_373a,256.459541,48.832202,16.408000946044922,14.781982421875,256.4590759277344,48.831214904785156,21.20351219177246,0.9830611944198608,0.7738341093063354
SB66814_component_376a,247.615763,49.169653,12.652000427246094,15.15209674835205,247.61590576171875,49.16887664794922,24.223703384399414,0.6635159850120544,0.5222983360290527
SB66814_component_378a,253.602666,44.589301,13.781999588012695,51.81202697753906,253.60227966308594,44.588687896728516,19.59515953063965,0.8935033082962036,0.7033369541168213
SB66814_component_381a,248.084607,46.788065,14.789999961853027,69.11215209960938,248.08447265625,46.78732681274414,21.651708602905273,0.8677781820297241,0.6830869913101196
SB66814_component_383a,251.606549,47.385538,14.406000137329102,72.75757598876953,251.6060028076172,47.38445281982422,19.14327621459961,0.9560043215751648,0.7525357604026794
SB66814_component_384a,251.577485,47.218164,14.465999603271484,64.00885009765625,251.57687377929688,47.217308044433594,17.143903732299805,1.0719424486160278,0.8437984585762024
SB66814_component_387a,253.473077,48.068227,14.670999526977539,56.42692184448242,253.47254943847656,48.06754684448242,21.844886779785156,0.8531838655471802,0.6715987920761108
SB66814_component_396a,253.981709,48.462912,14.041999816894531,52.78947067260742,253.9813690185547,48.4626350402832,18.752588272094727,0.9512626528739929,0.7488033175468445
SB66814_component_400a,254.389684,47.391153,14.491000175476074,52.12590026855469,254.38922119140625,47.39044189453125,14.782835960388184,1.2452980279922485,0.9802584648132324
SB66814_component_402a,250.719782,45.037671,13.779000282287598,71.39378356933594,250.71961975097656,45.037109375,18.113571166992188,0.9663764238357544,0.7607003450393677
SB66814_component_403a,250.428365,47.764071,13.246999740600586,68.28350067138672,250.4280242919922,47.763126373291016,19.01729965209961,0.8849146366119385,0.6965762972831726
SB66814_component_405a,252.829687,46.323702,13.293000221252441,68.87564849853516,252.8291778564453,46.32282257080078,14.66004467010498,1.1519149541854858,0.9067503213882446
SB66814_component_406a,250.510455,43.760191,14.121000289916992,23.379140853881836,250.5103302001953,43.759952545166016,16.712169647216797,1.0734091997146606,0.8449531197547913
SB66814_component_408a,253.926089,48.030035,13.623000144958496,56.29338836669922,253.9255828857422,48.029483795166016,19.440759658813477,0.8902095556259155,0.7007442116737366
SB66814_component_409a,255.420155,45.063747,13.432999610900879,40.58308029174805,255.41964721679688,45.062522888183594,18.553361892700195,0.9197781682014465,0.7240197062492371
SB66814_component_413a,248.913731,46.289208,12.857999801635742,56.64317321777344,248.91357421875,46.2881965637207,17.204626083374023,0.949425458908081,0.7473571300506592
SB66814_component_415a,249.007722,46.147124,13.98799991607666,65.06046295166016,249.0075225830078,46.146575927734375,18.08945655822754,0.9823422431945801,0.7732681035995483
SB66814_component_418a,249.889441,44.762762,13.732000350952148,67.64532470703125,249.88938903808594,44.762657165527344,18.998741149902344,0.9182093143463135,0.7227847576141357
SB66814_component_419a,255.444671,44.511369,14.277999877929688,18.51880645751953,255.44415283203125,44.51000213623047,15.402429580688477,1.1776354312896729,0.9269965887069702
SB66814_component_421a,250.526047,48.283367,13.336000442504883,60.343894958496094,250.5257110595703,48.283050537109375,18.072216033935547,0.9374473690986633,0.7379283308982849
SB66814_component_424a,254.61476,48.240507,13.468999862670898,45.96928024291992,254.6143035888672,48.23957061767578,14.056550025939941,1.2172768115997314,0.958200991153717
SB66814_component_426a,255.24614,48.781766,12.97599983215332,42.1298713684082,255.24562072753906,48.780845642089844,15.7069673538208,1.0494970083236694,0.826130211353302
SB66814_component_427a,252.383011,45.041743,13.217000007629395,60.628440856933594,252.3826446533203,45.04085922241211,17.30473518371582,0.9702879786491394,0.7637794017791748
SB66814_component_429a,250.120411,48.276379,13.369999885559082,54.34959030151367,250.12042236328125,48.27629089355469,19.02969741821289,0.8925493359565735,0.7025860548019409
SB66814_component_435a,249.29995,45.181225,12.64799976348877,65.19586944580078,249.2997589111328,45.180152893066406,17.498022079467773,0.918259859085083,0.7228245139122009
SB66814_component_437a,249.388143,44.100941,13.35099983215332,39.617210388183594,249.38829040527344,44.100154876708984,15.947953224182129,1.0635099411010742,0.8371607065200806
SB66814_component_438a,252.277428,47.960791,12.473999977111816,66.35106658935547,252.2769775390625,47.96015167236328,16.469518661499023,0.9621827006340027,0.7573992013931274
SB66814_component_440a,254.684787,47.862622,13.128000259399414,43.4702033996582,254.68453979492188,47.862186431884766,19.014617919921875,0.8770890831947327,0.6904162168502808
SB66814_component_442a,253.503859,47.788284,12.324000358581543,56.53211212158203,253.50344848632812,47.787654876708984,17.504697799682617,0.8943959474563599,0.7040395736694336
SB66814_component_443a,246.946128,46.192326,12.815999984741211,33.994693756103516,246.94586181640625,46.191795349121094,18.155105590820312,0.8967810869216919,0.7059171199798584
SB66814_component_445a,253.945146,44.356998,12.149999618530273,49.190284729003906,253.94485473632812,44.3566780090332,13.156981468200684,1.1731477975845337,0.9234640598297119
SB66814_component_447a,250.827757,46.913639,11.86299991607666,59.0198974609375,250.82720947265625,46.912471771240234,16.637195587158203,0.9058308601379395,0.713040828704834
SB66814_component_449a,249.506217,47.790447,12.244000434875488,58.865386962890625,249.50604248046875,47.78994369506836,18.25031089782715,0.8522868752479553,0.6708927154541016
SB66814_component_450a,249.781187,47.133598,11.48799991607666,43.18796920776367,249.7808837890625,47.132694244384766,14.67093276977539,0.9947625398635864,0.7830449342727661
SB66814_component_452a,254.287315,46.3241,11.22700023651123,51.97685241699219,254.28689575195312,46.323394775390625,15.58754825592041,0.9149948358535767,0.7202544212341309
SB66814_component_453a,252.197525,49.190176,11.029999732971191,20.091073989868164,252.19747924804688,49.19013214111328,18.43589973449707,0.7600530385971069,0.5982891917228699
SB66814_component_455a,253.16867,47.698389,11.559000015258789,52.303165435791016,253.16831970214844,47.69780731201172,16.583955764770508,0.8854516744613647,0.6969989538192749
SB66814_component_459a,253.731902,48.921103,11.937000274658203,36.063446044921875,253.7315673828125,48.920780181884766,18.449743270874023,0.82193523645401,0.6470009088516235
SB66814_component_463a,252.597081,45.457832,11.847999572753906,56.68899154663086,252.59661865234375,45.45682907104492,14.119494438171387,1.066003441810608,0.8391234874725342
SB66814_component_464a,251.583379,43.942486,10.5,29.829545974731445,251.58303833007812,43.942283630371094,8.626627922058105,1.5462543964385986,1.2171615362167358
SB66814_component_465a,249.300437,48.458352,11.434000015258789,48.24472427368164,249.3002471923828,48.45842742919922,17.757631301879883,0.817986011505127,0.6438921689987183
SB66814_component_469a,247.181253,46.063405,11.508999824523926,45.67063522338867,247.18116760253906,46.0629997253418,10.399361610412598,1.4059298038482666,1.1067025661468506
SB66814_component_471a,253.907836,44.935079,11.710000038146973,57.121952056884766,253.9075164794922,44.9343376159668,13.617698669433594,1.0924105644226074,0.8599103689193726
SB66814_component_472a,253.045591,44.100386,12.206999778747559,42.38541793823242,253.045166015625,44.099979400634766,13.553020477294922,1.144209623336792,0.9006848335266113
SB66814_component_473a,248.039751,44.917691,10.869999885559082,46.853450775146484,248.03955078125,44.9168701171875,15.122998237609863,0.9131126403808594,0.718772828578949
SB66814_component_476a,251.662968,47.164345,11.272000312805176,53.16981506347656,251.662353515625,47.16339874267578,16.229707717895508,0.8823136687278748,0.6945288777351379
SB66814_component_477a,247.404672,46.119886,11.21500015258789,51.21004867553711,247.4044189453125,46.119300842285156,14.398261070251465,0.9895140528678894,0.7789134979248047
SB66814_component_480a,248.955414,46.877594,11.133999824523926,39.764286041259766,248.95497131347656,46.87694549560547,13.56908893585205,1.0423972606658936,0.8205414414405823
SB66814_component_485a,256.176174,45.183381,11.015999794006348,11.082494735717773,256.1759338378906,45.182525634765625,13.083937644958496,1.0695921182632446,0.8419483304023743
SB66814_component_486a,252.947594,46.536649,11.093000411987305,53.58937454223633,252.9471435546875,46.53589630126953,14.386496543884277,0.9795501828193665,0.7710703015327454
SB66814_component_488a,250.959727,43.844496,10.5,17.355371475219727,250.95950317382812,43.84410095214844,13.22468376159668,1.008641242980957,0.7939698100090027
SB66814_component_492a,252.580834,45.831807,10.982000350952148,56.608245849609375,252.58013916015625,45.830806732177734,12.332423210144043,1.1312686204910278,0.890498161315918
SB66814_component_493a,246.867302,47.334677,11.887999534606934,27.971763610839844,246.86720275878906,47.3343620300293,12.546377182006836,1.2037135362625122,0.9475244879722595
SB66814_component_495a,254.974511,43.984712,10.562999725341797,16.79332160949707,254.97430419921875,43.98392105102539,14.638731002807617,0.9166774153709412,0.7215788960456848
SB66814_component_496a,253.402107,43.803427,11.913000106811523,19.561574935913086,253.40151977539062,43.803096771240234,15.999958038330078,0.9458777904510498,0.7445644736289978
SB66814_component_497a,251.941434,47.724168,11.031000137329102,53.548545837402344,251.94093322753906,47.72317886352539,10.930113792419434,1.2821029424667358,1.009230136871338
SB66814_component_500a,250.28674,43.603934,12.232999801635742,13.729517936706543,250.28628540039062,43.60359573364258,10.042187690734863,1.547523856163025,1.21816086769104
SB66814_component_502a,251.533824,45.689234,11.75,61.19791793823242,251.533447265625,45.68830871582031,15.453680038452148,0.9659144282341003,0.760336697101593
SB66814_component_506a,249.353844,45.072312,10.595000267028809,55.763160705566406,249.35372924804688,45.0722770690918,12.5787992477417,1.0700263977050781,0.8422902822494507
SB66814_component_507a,252.690762,46.272791,10.694000244140625,60.7613639831543,252.6900634765625,46.2719612121582,9.288686752319336,1.4625765085220337,1.1512930393218994
SB66814_component_511a,252.824283,43.855223,10.91100025177002,26.483009338378906,252.82394409179688,43.85441970825195,13.447602272033691,1.0307477712631226,0.8113714456558228
SB66814_component_517a,253.430888,45.686888,10.876999855041504,48.55803298950195,253.4303436279297,45.685829162597656,14.394165992736816,0.9599648714065552,0.7556533813476562
SB66814_component_519a,247.851143,48.069288,10.114999771118164,40.138885498046875,247.85086059570312,48.06853103637695,14.621030807495117,0.8788617849349976,0.6918116807937622
SB66814_component_522a,251.278323,49.231481,10.59000015258789,16.46967315673828,251.2781524658203,49.23128890991211,15.301673889160156,0.8792041540145874,0.6920811533927917
SB66814_component_524a,251.224318,49.189245,10.47700023651123,17.9400691986084,251.22406005859375,49.18946838378906,16.28774070739746,0.8171632289886475,0.6432445645332336
SB66814_component_537a,251.804792,44.236981,10.357999801635742,51.02463150024414,251.80442810058594,44.23615264892578,13.957712173461914,0.9427453279495239,0.7420986890792847
SB66814_component_539a,246.841718,48.472363,9.821000099182129,11.54054069519043,246.84153747558594,48.471893310546875,18.341278076171875,0.6802347898483276,0.5354588627815247
SB66814_component_541a,252.12095,43.889383,10.675000190734863,21.43574333190918,252.12059020996094,43.888938903808594,20.031755447387695,0.676988959312439,0.5329038500785828
SB66814_component_543a,247.047335,44.848723,10.211999893188477,18.567272186279297,247.04718017578125,44.84888458251953,15.358572959899902,0.8446808457374573,0.6649054884910583
SB66814_component_544a,253.710028,46.205435,10.180999755859375,49.906864166259766,253.70970153808594,46.20463180541992,14.224992752075195,0.9092243909835815,0.7157121300697327
SB66814_component_548a,254.90393,47.412831,10.17199993133545,26.83905029296875,254.9032745361328,47.41240692138672,13.33386516571045,0.969132125377655,0.7628695368766785
SB66814_component_551a,254.390287,47.319868,9.493000030517578,30.721683502197266,254.389892578125,47.319339752197266,13.00614070892334,0.9272305965423584,0.729885995388031
SB66814_component_553a,247.886663,45.371495,10.399999618530273,35.98615646362305,247.88645935058594,45.37058639526367,14.140422821044922,0.9343372583389282,0.7354801297187805
SB66814_component_554a,247.337006,47.081888,9.826000213623047,28.235633850097656,247.33685302734375,47.08131408691406,11.403229713439941,1.0946660041809082,0.8616856932640076
SB66814_component_556a,251.953563,47.570495,10.446000099182129,48.13825225830078,251.95327758789062,47.569786071777344,15.955118179321289,0.8317307233810425,0.6547115445137024
SB66814_component_557a,253.542473,44.302651,9.559000015258789,38.54435729980469,253.54226684570312,44.30232238769531,11.812851905822754,1.0279936790466309,0.8092033863067627
SB66814_component_558a,250.889351,45.718635,10.298999786376953,49.51441955566406,250.88880920410156,45.717872619628906,12.587722778320312,1.0393948554992676,0.8181781768798828
SB66814_component_561a,248.922506,49.260241,10.210000038146973,10.0,248.923095703125,49.25987243652344,14.55020809173584,0.8914341330528259,0.701708197593689
SB66814_component_563a,255.450317,47.953479,10.696000099182129,30.647563934326172,255.44985961914062,47.95259475708008,14.011284828186035,0.9697865843772888,0.7633846998214722
SB66814_component_567a,251.092177,44.773695,9.642000198364258,49.95854949951172,251.09194946289062,44.772953033447266,13.295141220092773,0.9213123321533203,0.7252273559570312
SB66814_component_570a,253.092762,46.497759,9.355999946594238,40.50216293334961,253.0921630859375,46.49678421020508,15.543571472167969,0.7646665573120117,0.6019208431243896
SB66814_component_571a,249.84893,47.0867,9.927000045776367,36.098182678222656,249.84849548339844,47.085838317871094,12.264067649841309,1.0282914638519287,0.8094378113746643
SB66814_component_574a,248.718403,46.415191,9.425999641418457,44.88571548461914,248.7181854248047,46.414852142333984,12.030083656311035,0.9953859448432922,0.7835356593132019
SB66814_component_577a,252.425689,48.29688,10.053999900817871,46.546295166015625,252.42532348632812,48.29634094238281,12.810043334960938,0.9970593452453613,0.784852921962738
SB66814_component_580a,254.701652,44.779849,9.300000190734863,32.978721618652344,254.70118713378906,44.77921676635742,13.830000877380371,0.8542666435241699,0.6724511384963989
SB66814_component_594a,250.58087,48.673335,9.241000175476074,38.344398498535156,250.5806121826172,48.673309326171875,11.145009994506836,1.0533465147018433,0.8291603326797485
SB66814_component_595a,247.183506,47.775925,9.973999977111816,37.780303955078125,247.1831512451172,47.774845123291016,15.542290687561035,0.8152430057525635,0.641732931137085
SB66814_component_598a,251.688744,45.643674,9.479000091552734,50.42021560668945,251.6884307861328,45.64277648925781,11.723182678222656,1.027187466621399,0.8085688352584839
SB66814_component_599a,255.873636,47.88054,10.131999969482422,15.077381134033203,255.87344360351562,47.879920959472656,14.297948837280273,0.9002314209938049,0.7086331248283386
SB66814_component_600a,248.56332,46.514191,9.130000114440918,44.32038879394531,248.5634002685547,46.513572692871094,13.114903450012207,0.884378969669342,0.6961545944213867
SB66814_component_603a,255.149275,48.10729,8.883999824523926,31.72857093811035,255.14854431152344,48.10615921020508,9.778855323791504,1.1541260480880737,0.908490777015686
SB66814_component_611a,251.795117,45.39428,8.590999603271484,48.812496185302734,251.7946014404297,45.39336395263672,11.912956237792969,0.916129469871521,0.7211475968360901
SB66814_component_617a,253.627775,45.662888,9.222000122070312,43.09346008300781,253.62733459472656,45.66205978393555,10.188580513000488,1.1498578786849976,0.9051309823989868
SB66814_component_619a,248.452614,46.49877,9.336000442504883,37.95122146606445,248.45220947265625,46.49749755859375,13.404864311218262,0.8847715258598328,0.6964636445045471
SB66814_component_621a,249.121637,49.120744,8.755999565124512,15.691754341125488,249.12193298339844,49.120487213134766,14.233567237854004,0.781492292881012,0.6151655316352844
SB66814_component_622a,254.353872,46.914761,8.27299976348877,34.045265197753906,254.35354614257812,46.91455841064453,11.1646089553833,0.941352367401123,0.7410022020339966
SB66814_component_623a,253.684918,44.854842,9.239999771118164,40.52631378173828,253.68478393554688,44.85382843017578,11.00942325592041,1.0662034749984741,0.8392810225486755
SB66814_component_627a,248.207117,44.72953,8.619999885559082,35.0406494140625,248.20669555664062,44.72863006591797,11.723212242126465,0.9340999722480774,0.7352933287620544
SB66814_component_629a,250.006483,45.691064,8.529000282287598,36.4487190246582,250.00665283203125,45.6909294128418,7.420056343078613,1.460237979888916,1.1494522094726562
SB66814_component_633a,252.593537,48.622837,8.77400016784668,34.140079498291016,252.59332275390625,48.622222900390625,11.167642593383789,0.9980880618095398,0.7856627106666565
SB66814_component_634a,254.139887,44.002076,8.517000198364258,21.34586524963379,254.1392364501953,44.001564025878906,10.766378402709961,1.0049622058868408,0.7910738587379456
SB66814_component_635a,255.439947,45.702953,8.607999801635742,18.432546615600586,255.4398651123047,45.70246505737305,11.567713737487793,0.9453386664390564,0.744140088558197
SB66814_component_637a,252.118037,46.42155,8.279999732971191,40.99009704589844,252.11758422851562,46.42033767700195,10.46784782409668,1.0048601627349854,0.7909935116767883
SB66814_component_638a,247.984316,46.175261,8.866000175476074,43.89108657836914,247.9839324951172,46.17439270019531,11.008285522460938,1.0231534242630005,0.805393397808075
SB66814_component_640a,248.396743,45.992567,8.430000305175781,38.144798278808594,248.39659118652344,45.991966247558594,10.011129379272461,1.0697375535964966,0.8420628905296326
SB66814_component_641a,249.265459,49.377551,8.723999977111816,12.534482955932617,249.2649688720703,49.37557601928711,6.689481258392334,1.6567460298538208,1.3041369915008545
SB66814_component_642a,254.052503,48.798453,8.531000137329102,30.144878387451172,254.0519561767578,48.79789352416992,12.064234733581543,0.8983237743377686,0.7071315050125122
SB66814_component_643a,254.085397,45.273949,8.550999641418457,36.38723373413086,254.08493041992188,45.27332305908203,11.412507057189941,0.9518500566482544,0.7492656707763672
SB66814_component_644a,250.341979,49.204439,8.854999542236328,12.964859962463379,250.3419952392578,49.20518493652344,11.404790878295898,0.9863564968109131,0.7764280438423157
SB66814_component_649a,249.396736,45.27465,8.213000297546387,42.554405212402344,249.3966522216797,45.27422332763672,9.926321029663086,1.051105260848999,0.8273962140083313
SB66814_component_650a,247.882141,48.105883,7.599999904632568,29.687498092651367,247.88186645507812,48.10533905029297,9.60786247253418,1.004892349243164,0.7910187840461731
SB66814_component_652a,247.645718,48.529762,8.069999694824219,24.754600524902344,247.64553833007812,48.53019332885742,9.233983039855957,1.1102406978607178,0.8739457130432129
SB66814_component_656a,255.60645,48.788208,7.591000080108643,18.78960418701172,255.60614013671875,48.78742599487305,7.819634914398193,1.2332333326339722,0.9707614183425903
SB66814_component_658a,250.059598,46.854954,8.137999534606934,35.229434967041016,250.0588836669922,46.853492736816406,12.590656280517578,0.821111261844635,0.6463522911071777
SB66814_component_662a,251.672718,45.110888,8.309000015258789,38.29032516479492,251.6723175048828,45.10968780517578,9.815232276916504,1.0754269361495972,0.8465413451194763
SB66814_component_664a,254.340483,46.314369,9.065999984741211,38.90987014770508,254.3396759033203,46.31354522705078,12.10356616973877,0.9515576362609863,0.7490354180335999
SB66814_component_671a,252.727855,47.545247,8.663000106811523,40.86320877075195,252.7273712158203,47.5449104309082,12.33846664428711,0.8919486999511719,0.7021132111549377
SB66814_component_676a,247.519697,46.926635,8.395000457763672,20.626537322998047,247.51966857910156,46.92552185058594,11.9627685546875,0.8915008306503296,0.7017606496810913
SB66814_component_685a,248.271849,44.228848,8.25100040435791,21.885942459106445,248.27195739746094,44.22830581665039,9.586438179016113,1.0934075117111206,0.8606951236724854
SB66814_component_686a,252.905969,46.757329,7.36899995803833,35.59903335571289,252.90536499023438,46.75627517700195,4.748481750488281,1.971453309059143,1.5518643856048584
SB66814_component_687a,248.617559,48.325834,8.085000038146973,38.5,248.61729431152344,48.32543182373047,10.00398063659668,1.0266913175582886,0.8081783056259155
SB66814_component_691a,247.552315,46.737303,7.011000156402588,21.375,247.55206298828125,46.73695373535156,8.865018844604492,1.0046921968460083,0.7908613085746765
SB66814_component_692a,252.016301,44.965087,7.748000144958496,32.830509185791016,252.01609802246094,44.96424865722656,9.08211898803711,1.0837651491165161,0.8531048893928528
SB66814_component_697a,247.002606,46.868262,7.48199987411499,10.93859577178955,247.0024871826172,46.866634368896484,11.87934398651123,0.800125241279602,0.6298327445983887
SB66814_component_699a,251.217493,44.980028,7.636000156402588,40.834224700927734,251.2171630859375,44.979583740234375,8.092979431152344,1.1986440420150757,0.9435338377952576
SB66814_component_703a,250.269786,43.861427,7.6620001792907715,14.877670288085938,250.2702178955078,43.86165237426758,9.0979642868042,1.069869041442871,0.8421664237976074
SB66814_component_705a,255.936195,48.945102,8.145000457763672,12.746479988098145,255.93563842773438,48.94401168823242,11.068456649780273,0.9348388314247131,0.7358750104904175
SB66814_component_707a,253.149811,46.823608,7.4019999504089355,35.5865364074707,253.1494903564453,46.822818756103516,12.26379680633545,0.7667554020881653,0.6035650968551636
SB66814_component_708a,247.103657,45.823962,7.560999870300293,24.87171173095703,247.1031951904297,45.82373046875,8.701059341430664,1.1039255857467651,0.8689746260643005
SB66814_component_713a,251.18231,48.981089,7.357999801635742,20.962961196899414,251.18243408203125,48.98093795776367,9.698284149169922,0.963823676109314,0.7586908936500549
SB66814_component_717a,248.240885,44.260682,7.9679999351501465,23.6439151763916,248.2409210205078,44.2612190246582,7.8626322746276855,1.2874016761779785,1.0134010314941406
SB66814_component_720a,247.97145,44.024036,7.538000106811523,13.882137298583984,247.9710235595703,44.02363967895508,9.201766967773438,1.040681004524231,0.819190502166748
SB66814_component_721a,252.659887,44.416468,7.315000057220459,37.32143020629883,252.6596221923828,44.4167594909668,9.377283096313477,0.9909917116165161,0.7800766825675964
SB66814_component_722a,248.917166,45.874584,7.110000133514404,34.682926177978516,248.9170684814453,45.87388229370117,9.616307258605957,0.9392776489257812,0.7393690943717957
SB66814_component_723a,252.35594,45.191289,7.414000034332275,34.324073791503906,252.3555450439453,45.19085693359375,9.733975410461426,0.9675981998443604,0.7616620659828186
SB66814_component_725a,251.620919,49.064047,7.8480000495910645,17.210525512695312,251.62063598632812,49.0646858215332,7.745753765106201,1.2871465682983398,1.013200283050537
SB66814_component_726a,248.673782,48.30505,7.320000171661377,35.70731735229492,248.67356872558594,48.304771423339844,4.945857048034668,1.8801922798156738,1.4800266027450562
SB66814_component_729a,252.391177,48.248862,6.943999767303467,29.42372703552246,252.3909454345703,48.248130798339844,7.845982074737549,1.124333381652832,0.8850389719009399
SB66814_component_732a,251.336986,46.289036,7.116000175476074,35.758792877197266,251.33657836914062,46.288150787353516,10.567068099975586,0.8554884791374207,0.6734129190444946
SB66814_component_734a,248.864979,45.001208,7.196000099182129,28.899599075317383,248.86477661132812,45.00187301635742,7.830691337585449,1.167410969734192,0.918948233127594
SB66814_component_735a,251.4882,44.350062,7.373000144958496,36.68159103393555,251.4876251220703,44.34922409057617,10.223675727844238,0.9161570072174072,0.7211692333221436
SB66814_component_736a,253.163542,45.110559,7.136000156402588,35.50248718261719,253.16317749023438,45.10993194580078,9.905550003051758,0.9151851534843445,0.7204042077064514
SB66814_component_741a,248.396992,45.800241,7.105000019073486,32.893516540527344,248.3971405029297,45.800209045410156,7.563175678253174,1.193418025970459,0.939420223236084
SB66814_component_742a,252.943292,44.259586,7.107999801635742,30.77056121826172,252.94313049316406,44.25889587402344,9.426072120666504,0.9579643607139587,0.7540786862373352
SB66814_component_746a,249.721194,44.441698,7.276000022888184,30.830509185791016,249.7212371826172,44.441558837890625,9.950061798095703,0.9289656281471252,0.7312517166137695
SB66814_component_747a,253.008239,48.397826,6.730000019073486,31.157405853271484,253.00791931152344,48.39741134643555,8.834507942199707,0.9677550196647644,0.7617855072021484
SB66814_component_749a,249.328428,46.404785,6.934999942779541,31.66666603088379,249.32818603515625,46.404476165771484,10.465786933898926,0.8417968153953552,0.662635326385498
SB66814_component_752a,247.819606,47.783006,7.085000038146973,28.115079879760742,247.81903076171875,47.781578063964844,11.251708030700684,0.7999339699745178,0.629682183265686
SB66814_component_753a,255.988962,48.496734,7.1529998779296875,15.686403274536133,255.98863220214844,48.495323181152344,9.321946144104004,0.9747973680496216,0.7673290371894836
SB66814_component_756a,248.36589,46.673415,6.960999965667725,35.51530838012695,248.3654327392578,46.672359466552734,7.783493518829346,1.1361346244812012,0.8943284749984741
SB66814_component_759a,252.816941,46.134867,6.557000160217285,34.15104293823242,252.81610107421875,46.134002685546875,4.068178653717041,2.0475659370422363,1.6117777824401855
SB66814_component_761a,247.367271,45.366088,6.38700008392334,14.037362098693848,247.36685180664062,45.36538314819336,7.894950866699219,1.0277327299118042,0.8089981079101562
SB66814_component_765a,248.908283,48.296962,7.181000232696533,32.2017936706543,248.9081573486328,48.296913146972656,7.316648960113525,1.246824860572815,0.9814602732658386
SB66814_component_767a,254.280746,48.025162,6.831999778747559,24.313167572021484,254.28041076660156,48.02387237548828,9.760205268859863,0.8892453908920288,0.6999852657318115
SB66814_component_771a,254.270876,44.137044,6.301000118255615,19.752351760864258,254.27044677734375,44.136173248291016,2.760568380355835,2.899637460708618,2.282500982284546
SB66814_component_781a,249.146957,47.896227,7.193999767303467,29.604936599731445,249.1470184326172,47.895965576171875,11.60627269744873,0.7874270677566528,0.61983722448349
SB66814_component_784a,250.566458,46.572231,6.144999980926514,30.5721378326416,250.56602478027344,46.571533203125,8.00949764251709,0.9746513962745667,0.7672141790390015
SB66814_component_788a,246.791744,44.476036,6.781000137329102,11.339465141296387,246.79165649414062,44.475921630859375,11.458373069763184,0.7518020272254944,0.5917943120002747
SB66814_component_789a,251.897169,48.209575,6.822000026702881,34.11000061035156,251.89686584472656,48.209228515625,10.16296672821045,0.8527542948722839,0.6712607145309448
SB66814_component_791a,253.924531,46.350114,6.126999855041504,27.599098205566406,253.92396545410156,46.3493537902832,9.319944381713867,0.8351553678512573,0.6574073433876038
SB66814_component_792a,247.995034,48.290087,6.9730000495910645,31.269058227539062,247.99461364746094,48.289695739746094,9.32981014251709,0.9494664072990417,0.7473892569541931
SB66814_component_800a,247.999264,46.008363,6.413000106811523,32.719390869140625,247.99905395507812,46.00728988647461,8.328689575195312,0.9781766533851624,0.7699890732765198
SB66814_component_804a,252.387808,44.106906,6.499000072479248,19.399999618530273,252.38739013671875,44.106536865234375,7.259670257568359,1.137266755104065,0.8952197432518005
SB66814_component_805a,249.727319,47.841208,6.500999927520752,29.549999237060547,249.72703552246094,47.84010314941406,8.779459953308105,0.940686821937561,0.7404783368110657
SB66814_component_806a,249.985795,45.576738,6.5269999504089355,29.803653717041016,249.9859161376953,45.57652282714844,6.219740390777588,1.3331347703933716,1.0494006872177124
SB66814_component_811a,250.198888,48.483017,5.8470001220703125,23.4819278717041,250.19891357421875,48.48199462890625,7.983930587768555,0.9303557872772217,0.7323460578918457
SB66814_component_813a,255.788638,44.98937,5.867000102996826,10.533214569091797,255.7880096435547,44.98805236816406,5.47277307510376,1.3618879318237305,1.072034239768982
SB66814_component_820a,252.445804,47.527993,6.514999866485596,35.026878356933594,252.4452362060547,47.52753448486328,8.864848136901855,0.9336322546005249,0.7349251508712769
SB66814_component_822a,248.583503,44.926222,6.269000053405762,25.278226852416992,248.58338928222656,44.92607879638672,7.764451503753662,1.0256996154785156,0.8073976635932922
SB66814_component_831a,251.622439,44.500199,6.4019999504089355,33.873016357421875,251.62200927734375,44.49966049194336,8.276960372924805,0.9826017022132874,0.7734723687171936
SB66814_component_832a,251.311123,48.381022,6.416999816894531,32.40909194946289,251.31065368652344,48.38058853149414,11.416584014892578,0.7140498757362366,0.5620770454406738
SB66814_component_833a,251.190837,44.039498,6.52400016784668,19.59159278869629,251.19082641601562,44.03887176513672,9.74860668182373,0.8501667976379395,0.6692238450050354
SB66814_component_838a,251.74585,45.807814,6.452000141143799,28.675556182861328,251.74563598632812,45.806739807128906,7.204201698303223,1.1377352476119995,0.8955885171890259
SB66814_component_839a,252.175121,45.020801,6.23799991607666,27.00432777404785,252.1747589111328,45.02001190185547,8.072437286376953,0.9816878437995911,0.7727530002593994
SB66814_component_841a,248.961063,47.866992,6.626999855041504,33.30150604248047,248.9608154296875,47.8661994934082,7.458292007446289,1.1287825107574463,0.8885412216186523
SB66814_component_853a,249.573063,44.132068,6.388000011444092,21.876712799072266,249.5731964111328,44.13179397583008,8.541498184204102,0.9500874280929565,0.7478781938552856
SB66814_component_854a,251.913397,47.684818,6.521999835968018,30.764150619506836,251.91281127929688,47.683719635009766,7.601798057556152,1.0899263620376587,0.8579549193382263
SB66814_component_855a,254.731233,48.73852,6.01200008392334,19.45631217956543,254.73141479492188,48.738304138183594,7.784965515136719,0.9810587167739868,0.7722577452659607
SB66814_component_857a,251.486577,44.515889,6.23199987411499,31.15999984741211,251.4866180419922,44.515350341796875,9.135899543762207,0.8665803670883179,0.6821441054344177
SB66814_component_859a,254.05189,46.264826,6.038000106811523,26.366811752319336,254.0516815185547,46.26506042480469,8.24239444732666,0.9306201338768005,0.7325541377067566
SB66814_component_864a,250.82162,46.887215,5.486000061035156,26.760976791381836,250.82098388671875,46.886478424072266,8.157753944396973,0.8543148040771484,0.6724890470504761
SB66814_component_865a,254.340998,45.771029,6.120999813079834,24.483999252319336,254.34033203125,45.77068328857422,7.24911642074585,1.0726795196533203,0.8443787693977356
SB66814_component_870a,255.315494,46.678058,5.770999908447266,20.75899314880371,255.3144073486328,46.6770133972168,5.408615589141846,1.3554941415786743,1.0670013427734375
SB66814_component_875a,250.906582,45.831122,6.132999897003174,30.974746704101562,250.9061279296875,45.830413818359375,8.120357513427734,0.9594681262969971,0.7552623152732849
SB66814_component_876a,253.460101,45.992724,5.921999931335449,27.29032325744629,253.4593963623047,45.99162292480469,9.18056869506836,0.8194671273231506,0.6450580954551697
SB66814_component_877a,252.564457,48.421727,5.440999984741211,23.452587127685547,252.5643310546875,48.42072296142578,8.919795036315918,0.7749194502830505,0.6099916100502014
SB66814_component_878a,249.917892,47.253489,5.60699987411499,23.558822631835938,249.9176483154297,47.25299835205078,7.451200485229492,0.9559540748596191,0.7524961829185486
SB66814_component_879a,251.660313,48.420219,5.686999797821045,23.995779037475586,251.65994262695312,48.41994094848633,9.393017768859863,0.7691495418548584,0.6054496765136719
SB66814_component_881a,248.172112,43.993315,5.873000144958496,13.257336616516113,248.17205810546875,43.99271774291992,7.365279674530029,1.0129860639572144,0.7973899841308594
SB66814_component_888a,252.85916,44.911087,5.7179999351501465,26.350231170654297,252.85873413085938,44.91095733642578,7.60788631439209,0.9548009634017944,0.7515885233879089
SB66814_component_895a,247.881396,44.650456,6.144999980926514,20.34768295288086,247.88125610351562,44.649925231933594,7.1609673500061035,1.0901416540145874,0.8581242561340332
SB66814_component_896a,250.313404,44.994791,5.348999977111816,28.00523567199707,250.31346130371094,44.99457931518555,6.940269470214844,0.9791043400764465,0.7707193493843079
SB66814_component_897a,249.017485,45.012398,5.936999797821045,29.834169387817383,249.01698303222656,45.011775970458984,8.139595985412598,0.9266098141670227,0.7293973565101624
SB66814_component_901a,247.526983,47.56076,5.544000148773193,25.200000762939453,247.52667236328125,47.560035705566406,7.604365348815918,0.9261748790740967,0.7290549278259277
SB66814_component_902a,247.185516,45.680928,5.556000232696533,16.63473129272461,247.18515014648438,45.67958068847656,9.178144454956055,0.7690243721008301,0.6053511500358582
SB66814_component_904a,247.172701,47.210084,5.313000202178955,15.580646514892578,247.17236328125,47.20872497558594,7.753791332244873,0.8704792857170105,0.6852132081985474
SB66814_component_905a,250.649852,46.860316,5.322999954223633,26.221675872802734,250.64903259277344,46.85977554321289,3.6661126613616943,1.8445199728012085,1.4519466161727905
SB66814_component_906a,255.422893,48.598836,5.668000221252441,19.213560104370117,255.4227294921875,48.59812545776367,8.4852294921875,0.8485921025276184,0.6679843068122864
SB66814_component_908a,251.803471,49.021271,5.890999794006348,11.573673248291016,251.8031005859375,49.02074432373047,9.378108024597168,0.7980066537857056,0.628165066242218
SB66814_component_910a,253.114324,47.732821,5.63700008392334,30.47027015686035,253.11444091796875,47.7321891784668,8.637271881103516,0.8290947675704956,0.6526366472244263
SB66814_component_915a,249.272464,46.404243,5.948999881744385,25.31489372253418,249.27207946777344,46.40281295776367,8.2609224319458,0.9148462414741516,0.7201374769210815
SB66814_component_919a,249.079414,47.90156,6.086999893188477,27.17410659790039,249.07928466796875,47.90070343017578,9.019552230834961,0.8573359847068787,0.6748672127723694
SB66814_component_922a,247.174051,46.157142,5.875,21.363636016845703,247.1737060546875,46.15646743774414,7.8237104415893555,0.9539548754692078,0.7509225010871887
SB66814_component_924a,253.284443,45.175339,5.254000186920166,24.21198272705078,253.2841033935547,45.174041748046875,7.221626281738281,0.9242464303970337,0.7275369763374329
SB66814_component_926a,252.900111,45.434881,6.039999961853027,28.899520874023438,252.89956665039062,45.43492126464844,5.250197410583496,1.4614839553833008,1.1504329442977905
SB66814_component_927a,248.101458,48.119006,5.061999797821045,21.72532081604004,248.10121154785156,48.118507385253906,8.137829780578613,0.7902167439460754,0.6220331192016602
SB66814_component_933a,254.469659,46.552353,5.572000026702881,22.558704376220703,254.4693603515625,46.5518798828125,5.340329170227051,1.3254879713058472,1.0433813333511353
SB66814_component_938a,253.65277,45.437542,5.206999778747559,24.10647964477539,253.65219116210938,45.43647003173828,6.713303565979004,0.9853352308273315,0.7756240367889404
SB66814_component_939a,247.388856,44.313905,5.442999839782715,11.705375671386719,247.3887939453125,44.31324768066406,8.095999717712402,0.8540839552879333,0.6723073124885559
SB66814_component_945a,247.001384,46.215705,5.580999851226807,16.037355422973633,247.00086975097656,46.21559143066406,7.689142227172852,0.9220762252807617,0.7258286476135254
SB66814_component_947a,251.076539,48.803342,5.300000190734863,21.721311569213867,251.07666015625,48.80323028564453,6.551689147949219,1.0276739597320557,0.808951735496521
SB66814_component_953a,252.617371,48.837044,5.38700008392334,17.101587295532227,252.6173858642578,48.83704376220703,5.6560797691345215,1.209941029548645,0.9524264931678772
SB66814_component_954a,249.120222,44.111014,4.8379998207092285,17.15602684020996,249.11990356445312,44.1107063293457,9.119915962219238,0.6739190220832825,0.5304872989654541
SB66814_component_955a,248.364853,44.440238,5.65500020980835,21.91860580444336,248.36488342285156,44.439247131347656,7.490034580230713,0.9591389298439026,0.7550032138824463
SB66814_component_958a,249.299195,44.99986,5.6570000648498535,28.00494956970215,249.29922485351562,44.998226165771484,7.307037353515625,0.9835072755813599,0.7741851806640625
SB66814_component_960a,254.799009,44.997397,5.521999835968018,20.837736129760742,254.7991485595703,44.996273040771484,8.659636497497559,0.8100828528404236,0.6376711130142212
SB66814_component_961a,249.821124,48.001648,5.38100004196167,25.382076263427734,249.8214111328125,48.00117492675781,9.617060661315918,0.7108097076416016,0.5595265030860901
SB66814_component_963a,253.619923,44.17432,5.552000045776367,16.87537956237793,253.61965942382812,44.17383575439453,7.456973075866699,0.9458441734313965,0.7445380091667175
SB66814_component_966a,250.446719,46.458293,4.925000190734863,24.024391174316406,250.4462432861328,46.45737838745117,6.576339244842529,0.9513816237449646,0.7488968968391418
SB66814_component_970a,250.066357,48.375129,5.431000232696533,25.49765396118164,250.06655883789062,48.375160217285156,7.201968193054199,0.9579907655715942,0.754099428653717
SB66814_component_972a,250.667561,47.841297,5.36899995803833,26.318628311157227,250.66732788085938,47.84046936035156,8.180098533630371,0.8338109254837036,0.6563490629196167
SB66814_component_976a,248.034027,45.872355,5.465000152587891,24.617116928100586,248.0338592529297,45.87154769897461,7.8393120765686035,0.8856149315834045,0.6971275210380554
SB66814_component_977a,249.429637,45.649345,4.982999801635742,21.759824752807617,249.42947387695312,45.64801788330078,6.989436626434326,0.9056938290596008,0.7129329442977905
SB66814_component_979a,251.238343,47.449567,5.0320000648498535,20.70781898498535,251.23780822753906,47.448760986328125,4.719019412994385,1.35463285446167,1.0663232803344727
SB66814_component_980a,251.200725,46.717992,5.291999816894531,27.852630615234375,251.20018005371094,46.71686935424805,7.254122257232666,0.9267608523368835,0.7295162081718445
SB66814_component_981a,248.125997,44.784358,5.2769999504089355,21.192771911621094,248.12594604492188,44.783809661865234,2.850680351257324,2.351642608642578,1.8511370420455933
SB66814_component_982a,254.274867,45.817723,4.743000030517578,19.928571701049805,254.27455139160156,45.81679153442383,5.774557113647461,1.043439269065857,0.8213617205619812
SB66814_component_983a,249.059495,44.203517,5.040999889373779,19.84645652770996,249.05979919433594,44.2037353515625,6.057528018951416,1.057192325592041,0.8321876525878906
SB66814_component_985a,251.336082,48.053536,4.995999813079834,25.886009216308594,251.3354949951172,48.05205535888672,6.1508026123046875,1.0318660736083984,0.8122516870498657
SB66814_component_987a,249.133533,46.796197,5.586999893188477,14.108585357666016,249.1327667236328,46.795833587646484,4.9072089195251465,1.4463614225387573,1.1385290622711182
SB66814_component_989a,250.553544,46.405063,5.104000091552734,27.005292892456055,250.5530242919922,46.404144287109375,7.82474422454834,0.8286539912223816,0.6522896885871887
SB66814_component_993a,251.010058,46.025226,5.125999927520752,25.251232147216797,251.00955200195312,46.02386474609375,7.640141487121582,0.852334201335907,0.6709299683570862
SB66814_component_994a,247.270709,47.103074,5.15500020980835,14.279778480529785,247.2706298828125,47.10289001464844,7.36845064163208,0.8887614607810974,0.699604332447052
SB66814_component_999a,248.250612,46.008871,5.288000106811523,26.30845832824707,248.25013732910156,46.0079231262207,5.891130447387695,1.1403168439865112,0.8976206183433533
SB66814_component_1007a,253.05874,44.592578,5.326000213623047,24.09954833984375,253.05807495117188,44.59125900268555,5.503507137298584,1.2294032573699951,0.9677465558052063
SB66814_component_1009a,254.688357,48.481064,5.0279998779296875,20.863069534301758,254.68789672851562,48.48089599609375,6.117480278015137,1.0441319942474365,0.8219069838523865
SB66814_component_1013a,255.078752,46.228307,5.425000190734863,14.986188888549805,255.0784149169922,46.227474212646484,7.18416166305542,0.9593042731285095,0.7551333904266357
SB66814_component_1015a,254.951728,49.060241,5.139999866485596,10.73068904876709,254.95101928710938,49.06098556518555,9.894790649414062,0.659916877746582,0.5194652676582336
SB66814_component_1019a,250.576404,44.316672,5.203999996185303,25.14009666442871,250.57611083984375,44.31555938720703,6.311427593231201,1.0474720001220703,0.824536144733429
SB66814_component_1020a,254.229656,44.946058,4.581999778747559,18.182538986206055,254.2291259765625,44.944637298583984,4.194438934326172,1.387758493423462,1.092398762702942
SB66814_component_1023a,248.504057,47.833891,5.416999816894531,19.27758026123047,248.50379943847656,47.833370208740234,6.097215175628662,1.1286518573760986,0.88843834400177
SB66814_component_1028a,250.205762,48.060792,4.52400016784668,20.84792709350586,250.20556640625,48.060115814208984,7.081411838531494,0.8115877509117126,0.6388556957244873
SB66814_component_1029a,253.85028,48.77145,4.501999855041504,16.078571319580078,253.8498992919922,48.77120590209961,7.339942932128906,0.7791938185691833,0.6133562326431274
SB66814_component_1030a,249.23748,44.033873,4.5980000495910645,14.2352933883667,249.23793029785156,44.033817291259766,5.55645751953125,1.0512443780899048,0.8275056481361389
SB66814_component_1033a,250.915488,47.59343,5.056000232696533,24.191387176513672,250.91537475585938,47.59233856201172,7.819851875305176,0.8213745951652527,0.6465595960617065
SB66814_component_1036a,249.371405,48.768351,4.646999835968018,17.73664093017578,249.3715362548828,48.768253326416016,6.055616855621338,0.9748706221580505,0.7673866748809814
SB66814_component_1041a,253.771964,46.631187,5.164000034332275,25.438425064086914,253.77145385742188,46.63042068481445,5.745499134063721,1.1418030261993408,0.8987904787063599
SB66814_component_1044a,252.82284,44.240732,4.118000030517578,18.803653717041016,252.8227081298828,44.241512298583984,5.198436260223389,1.0063437223434448,0.7921612858772278
SB66814_component_1046a,253.150431,48.028383,5.051000118255615,25.38191032409668,253.15013122558594,48.02768325805664,7.564167022705078,0.8482990860939026,0.6677536368370056
SB66814_component_1048a,247.512749,44.921478,4.761000156402588,12.59523868560791,247.51316833496094,44.92097091674805,5.970217704772949,1.0130730867385864,0.7974584102630615
SB66814_component_1049a,250.273485,44.565303,4.245999813079834,24.976469039916992,250.27310180664062,44.564659118652344,5.400269985198975,0.9988429546356201,0.7862569689750671
SB66814_component_1050a,254.520961,44.682693,4.75,17.08633041381836,254.5206298828125,44.68119430541992,7.036390781402588,0.8575834035873413,0.6750620007514954
SB66814_component_1055a,248.706007,44.990596,4.886000156402588,21.15151596069336,248.70596313476562,44.990238189697266,6.44714879989624,0.9627610445022583,0.7578544020652771
SB66814_component_1057a,249.730514,45.963814,4.5279998779296875,19.517240524291992,249.73049926757812,45.96358108520508,7.700805187225342,0.7469696998596191,0.5879904627799988
SB66814_component_1060a,248.899871,47.838351,4.984000205993652,25.04522705078125,248.89952087402344,47.83778381347656,5.927798748016357,1.0681132078170776,0.8407843112945557
SB66814_component_1065a,254.486733,48.839501,4.551000118255615,12.03968334197998,254.48597717285156,48.83784484863281,2.9508185386657715,1.9592825174331665,1.5422840118408203
SB66814_component_1066a,251.606245,45.916422,4.49399995803833,21.399999618530273,251.60595703125,45.91562271118164,5.704758167266846,1.0007567405700684,0.7877634763717651
SB66814_component_1068a,248.634384,44.734517,4.806000232696533,19.941909790039062,248.63453674316406,44.734588623046875,5.755914688110352,1.0607234239578247,0.8349672555923462
SB66814_component_1073a,253.308081,49.077762,4.736000061035156,10.295652389526367,253.30810546875,49.07783508300781,5.561590194702148,1.0817961692810059,0.8515550494194031
SB66814_component_1074a,249.80049,48.590096,4.561999797821045,20.549549102783203,249.8001708984375,48.58995819091797,5.757568359375,1.0065813064575195,0.792348325252533
SB66814_component_1076a,249.60731,45.972846,4.72599983215332,15.649006843566895,249.60740661621094,45.97303771972656,6.307839870452881,0.9518001079559326,0.7492263317108154
SB66814_component_1077a,253.855699,48.927786,5.0289998054504395,13.815934181213379,253.85519409179688,48.92724609375,5.927763938903809,1.0777634382247925,0.8483805656433105
SB66814_component_1080a,248.165319,48.132069,4.458000183105469,18.652721405029297,248.16505432128906,48.13139343261719,4.801681995391846,1.1794496774673462,0.9284247159957886
SB66814_component_1086a,255.495132,45.170149,4.150000095367432,12.278106689453125,255.49485778808594,45.16948318481445,4.136050224304199,1.2746620178222656,1.0033727884292603
SB66814_component_1089a,250.60024,47.486807,4.709000110626221,23.427860260009766,250.59974670410156,47.48556137084961,7.24974250793457,0.8251612782478333,0.6495403051376343
SB66814_component_1091a,248.829992,44.533805,4.025000095367432,18.54838752746582,248.8304443359375,44.534217834472656,4.73248815536499,1.0804609060287476,0.8505039811134338
SB66814_component_1093a,252.009196,47.777559,4.1579999923706055,19.706161499023438,252.00851440429688,47.77603530883789,4.157796859741211,1.2704393863677979,1.0000488758087158
SB66814_component_1097a,254.118819,48.670505,3.821000099182129,12.822147369384766,254.11846923828125,48.669925689697266,5.459059238433838,0.8891845941543579,0.6999374628067017
SB66814_component_1098a,252.530708,49.004219,3.9159998893737793,10.583783149719238,252.5301513671875,49.00334930419922,5.905440807342529,0.8424091339111328,0.6631172895431519
SB66814_component_1103a,249.45247,46.013618,4.048999786376953,18.238737106323242,249.4521942138672,46.01292419433594,7.132839202880859,0.7211374044418335,0.5676560997962952
SB66814_component_1109a,246.878838,46.16214,4.059000015258789,10.709762573242188,246.8785858154297,46.16099166870117,5.717842102050781,0.9018194675445557,0.7098832130432129
SB66814_component_1110a,247.585929,45.386716,4.409999847412109,12.115384101867676,247.58551025390625,45.38627243041992,6.798241138458252,0.8240901827812195,0.6486971974372864
SB66814_component_1111a,253.60887,46.785576,4.669000148773193,22.887256622314453,253.6085662841797,46.784759521484375,7.51138973236084,0.7896530628204346,0.6215893626213074
SB66814_component_1112a,250.842264,48.86114,4.019999980926514,13.581080436706543,250.84217834472656,48.862308502197266,5.004714012145996,1.0204212665557861,0.8032426834106445
SB66814_component_1114a,253.766225,45.518496,4.429999828338623,17.935222625732422,253.7661590576172,45.51804733276367,6.748059272766113,0.8339836597442627,0.6564850211143494
SB66814_component_1115a,249.165597,46.540282,4.085999965667725,17.38723373413086,249.16549682617188,46.539520263671875,5.707113265991211,0.9095248579978943,0.7159486413002014
SB66814_component_1116a,248.611872,48.740797,4.65500020980835,16.27622413635254,248.61172485351562,48.74040222167969,5.060679912567139,1.1685398817062378,0.9198369383811951
SB66814_component_1117a,247.943425,46.678881,3.625999927520752,14.921810150146484,247.94308471679688,46.6779899597168,5.816214084625244,0.7919907569885254,0.6234295964241028
SB66814_component_1119a,248.151469,45.354285,4.199999809265137,19.266054153442383,248.151123046875,45.354347229003906,3.367344856262207,1.5845078229904175,1.2472734451293945
SB66814_component_1128a,253.260949,46.334341,3.5820000171661377,17.90999984741211,253.26084899902344,46.33389663696289,4.662560939788818,0.9759639501571655,0.7682473063468933
SB66814_component_1131a,255.45742,47.051123,4.197000026702881,14.27550983428955,255.4569091796875,47.051517486572266,4.638940334320068,1.1493515968322754,0.9047324657440186
SB66814_component_1134a,249.270534,48.025219,4.465000152587891,20.112613677978516,249.2705535888672,48.02491760253906,7.418858051300049,0.7645697593688965,0.6018446683883667
SB66814_component_1135a,255.512101,48.705979,4.163000106811523,14.65845012664795,255.5115509033203,48.70534133911133,3.089261054992676,1.7119243144989014,1.3475714921951294
SB66814_component_1137a,253.131655,45.930746,4.309999942779541,25.20467758178711,253.13136291503906,45.930301666259766,5.0856242179870605,1.0766280889511108,0.8474869132041931
SB66814_component_1141a,252.744672,47.926653,4.144999980926514,19.738096237182617,252.74400329589844,47.9254264831543,6.05784797668457,0.8692383766174316,0.6842364072799683
SB66814_component_1142a,247.756589,46.373359,3.9110000133514404,19.752525329589844,247.7561798095703,46.37285232543945,4.234795570373535,1.1732432842254639,0.9235392808914185
SB66814_component_1146a,249.797726,48.111955,3.9809999465942383,16.382715225219727,249.79763793945312,48.111995697021484,5.738961696624756,0.8812345862388611,0.6936794519424438
SB66814_component_1148a,250.093877,44.465072,4.09499979019165,20.89285659790039,250.09352111816406,44.464385986328125,5.3556108474731445,0.9713541269302368,0.7646186351776123
SB66814_component_1150a,250.234671,46.332367,3.8420000076293945,20.767566680908203,250.23391723632812,46.331382751464844,5.492974281311035,0.8885512948036194,0.6994389295578003
SB66814_component_1151a,250.986265,47.596552,3.7009999752044678,19.79144287109375,250.98597717285156,47.596290588378906,4.69994592666626,1.0003660917282104,0.7874558568000793
SB66814_component_1152a,247.822312,46.756645,4.244999885559082,17.83613395690918,247.82186889648438,46.756160736083984,5.452455520629883,0.9890500903129578,0.7785483002662659
SB66814_component_1153a,253.737764,45.970763,3.680000066757202,15.726495742797852,253.7371368408203,45.97053527832031,5.833157539367676,0.8014507293701172,0.6308761835098267
SB66814_component_1154a,254.351461,47.002036,3.690000057220459,15.63559341430664,254.3505859375,47.002655029296875,4.9205803871154785,0.9526706337928772,0.7499115467071533
SB66814_component_1156a,251.583809,45.714812,4.164999961853027,22.392473220825195,251.58287048339844,45.71413803100586,4.292541980743408,1.2326312065124512,0.9702875018119812
SB66814_component_1161a,249.811006,48.355335,3.984999895095825,20.02512550354004,249.81106567382812,48.355045318603516,5.514575004577637,0.9180132746696472,0.7226304411888123
SB66814_component_1162a,252.208843,44.557104,4.375999927520752,21.242717742919922,252.2084197998047,44.55653762817383,5.838866710662842,0.9520975351333618,0.7494605183601379
SB66814_component_1167a,249.35871,48.228243,4.388999938964844,20.702829360961914,249.35858154296875,48.22829055786133,8.965749740600586,0.6218872666358948,0.4895296096801758
SB66814_component_1169a,253.48064,48.42982,3.818000078201294,14.741312980651855,253.48036193847656,48.429054260253906,3.643690586090088,1.3311505317687988,1.0478386878967285
SB66814_component_1171a,251.066271,46.020965,4.185999870300293,20.825868606567383,251.0662078857422,46.02006149291992,5.15563440322876,1.0314538478851318,0.8119271993637085
SB66814_component_1178a,255.426412,45.164429,4.281000137329102,12.591176986694336,255.42555236816406,45.16381072998047,3.6382367610931396,1.4948134422302246,1.1766688823699951
SB66814_component_1179a,253.515764,48.468935,3.9639999866485596,15.30501937866211,253.5151824951172,48.46870803833008,5.263197898864746,0.956790030002594,0.7531542778015137
SB66814_component_1181a,252.204298,44.300512,4.196000099182129,18.08620834350586,252.2035675048828,44.299034118652344,3.6905744075775146,1.4443559646606445,1.1369503736495972
SB66814_component_1182a,249.473969,46.800592,4.033999919891357,19.87192153930664,249.47372436523438,46.799930572509766,5.066240310668945,1.0115394592285156,0.7962511777877808
SB66814_component_1191a,247.196038,45.798699,4.156000137329102,14.842857360839844,247.19532775878906,45.798980712890625,3.9967200756073,1.3210052251815796,1.0398527383804321
SB66814_component_1199a,251.058103,48.560258,4.005000114440918,17.042552947998047,251.05780029296875,48.559410095214844,5.5631208419799805,0.9145695567131042,0.7199196815490723
SB66814_component_1203a,254.832536,48.228422,3.625,14.917695045471191,254.8322296142578,48.22846221923828,3.019120693206787,1.5253174304962158,1.2006807327270508
SB66814_component_1205a,249.327403,47.273221,3.509999990463257,11.322580337524414,249.32711791992188,47.270713806152344,3.591184616088867,1.241658329963684,0.9773933291435242
SB66814_component_1208a,255.09134,47.986473,3.6059999465942383,13.556390762329102,255.09095764160156,47.98611068725586,2.7635011672973633,1.657672643661499,1.3048664331436157
SB66814_component_1221a,250.651953,44.568498,3.99399995803833,18.576744079589844,250.6516571044922,44.56831359863281,5.457342147827148,0.9297358989715576,0.7318580746650696
SB66814_component_1223a,249.82208,46.713855,3.8519999980926514,20.82162094116211,249.82180786132812,46.712425231933594,5.1742963790893555,0.9457311630249023,0.7444490194320679
SB66814_component_1226a,249.049358,46.198762,3.6530001163482666,16.912036895751953,249.04869079589844,46.19770431518555,4.269273281097412,1.0869972705841064,0.8556491732597351
SB66814_component_1229a,249.936565,46.342322,3.759000062942505,18.426471710205078,249.93589782714844,46.34087371826172,2.6792614459991455,1.7823375463485718,1.4029985666275024
SB66814_component_1234a,252.666978,46.35327,3.3970000743865967,18.664836883544922,252.6665802001953,46.35187911987305,5.538945198059082,0.7791143655776978,0.6132937073707581
SB66814_component_1235a,254.981122,45.393585,3.680000066757202,14.959349632263184,254.98094177246094,45.391475677490234,4.955259323120117,0.9434397220611572,0.7426453232765198
SB66814_component_1237a,252.164256,47.216443,3.7320001125335693,18.38423728942871,252.16355895996094,47.21564865112305,4.846197605133057,0.9783026576042175,0.7700883150100708
SB66814_component_1241a,252.621671,48.93017,3.4790000915527344,10.172514915466309,252.6214141845703,48.929847717285156,5.042276859283447,0.8765172362327576,0.689966082572937
SB66814_component_1244a,252.010023,47.471912,3.6630001068115234,19.58823585510254,252.00901794433594,47.47036361694336,3.377901554107666,1.377598524093628,1.0844011306762695
SB66814_component_1245a,254.187345,47.4768,3.7279999256134033,13.173145294189453,254.18629455566406,47.47621536254883,5.88643217086792,0.8045563697814941,0.6333208084106445
SB66814_component_1246a,253.52287,48.643724,3.437000036239624,13.858871459960938,253.5221710205078,48.6423454284668,5.350971698760986,0.8159801363945007,0.6423132419586182
SB66814_component_1248a,250.09571,48.462404,3.437999963760376,14.755365371704102,250.09564208984375,48.46322250366211,4.139525413513184,1.055086374282837,0.8305299878120422
SB66814_component_1249a,248.824045,44.579036,3.571000099182129,16.609302520751953,248.82398986816406,44.57936477661133,5.262936592102051,0.8619745969772339,0.678518533706665
SB66814_component_1252a,247.925948,44.66914,3.7790000438690186,11.809375762939453,247.92535400390625,44.66802215576172,5.551911354064941,0.8647032380104065,0.6806665062904358
SB66814_component_1254a,252.841054,44.178994,3.6710000038146973,14.509881973266602,252.8408966064453,44.178218841552734,4.1632890701293945,1.1201611757278442,0.8817547559738159
SB66814_component_1257a,249.923905,47.868325,3.628999948501587,17.199052810668945,249.9233856201172,47.866851806640625,4.610441207885742,0.9999474883079529,0.787126362323761
SB66814_component_1261a,252.922221,44.52494,3.9839999675750732,18.88151741027832,252.92141723632812,44.52393341064453,3.6365468502044678,1.391755223274231,1.0955448150634766
SB66814_component_1265a,252.672824,44.814129,3.440000057220459,19.435028076171875,252.6728515625,44.814231872558594,4.54367733001709,0.9617975950241089,0.7570960521697998
SB66814_component_1266a,250.694236,44.606633,3.9019999504089355,16.394956588745117,250.69393920898438,44.60622787475586,4.372869491577148,1.1335833072662354,0.8923202157020569
SB66814_component_1269a,252.242437,44.666487,3.7090001106262207,19.21761703491211,252.24183654785156,44.66570281982422,5.485208034515381,0.8590065836906433,0.676182210445404
SB66814_component_1271a,254.176281,45.5502,3.9769999980926514,14.951128005981445,254.17599487304688,45.54938888549805,3.4700822830200195,1.4559569358825684,1.1460822820663452
SB66814_component_1278a,253.122651,48.534911,3.7249999046325684,15.204080581665039,253.1222381591797,48.5350341796875,5.440364837646484,0.8698230981826782,0.6846967339515686
SB66814_component_1284a,252.220934,46.701602,3.5969998836517334,18.734375,252.22059631347656,46.70068359375,5.135930061340332,0.8897213935852051,0.7003600001335144
SB66814_component_1288a,248.078888,45.364897,3.8529999256134033,17.755760192871094,248.07876586914062,45.364295959472656,4.710266590118408,1.0391690731048584,0.8180003762245178
SB66814_component_1290a,253.938533,48.283694,3.936000108718872,16.131147384643555,253.93846130371094,48.283573150634766,5.7807230949401855,0.8649791479110718,0.6808837056159973
SB66814_component_1293a,250.455997,48.199625,3.430000066757202,15.043859481811523,250.45591735839844,48.19877243041992,3.741516351699829,1.1646064519882202,0.9167406558990479
SB66814_component_1294a,251.563431,45.421898,3.6530001163482666,18.35678482055664,251.563232421875,45.42123794555664,4.235185623168945,1.0957461595535278,0.8625360131263733
SB66814_component_1300a,249.968349,48.389567,3.6659998893737793,16.513513565063477,249.96861267089844,48.3896598815918,4.861021041870117,0.9580709338188171,0.7541625499725342
SB66814_component_1302a,252.813542,44.106539,3.515000104904175,12.03767204284668,252.8133087158203,44.106998443603516,4.096778392791748,1.0899726152420044,0.8579912781715393
SB66814_component_1312a,254.808228,45.59168,3.4030001163482666,12.329710960388184,254.80760192871094,45.58958053588867,4.307423114776611,1.0036381483078003,0.7900315523147583
SB66814_component_1316a,252.402496,48.214645,3.4189999103546143,16.28095245361328,252.40248107910156,48.21505355834961,5.604297637939453,0.7750158905982971,0.6100674867630005
SB66814_component_1317a,248.301401,48.51746,3.2730000019073486,13.810126304626465,248.30137634277344,48.51821517944336,5.234830379486084,0.7942845821380615,0.6252351403236389
SB66814_component_1320a,254.826057,46.165781,3.799999952316284,12.459015846252441,254.8259735107422,46.16472244262695,3.6189398765563965,1.3339358568191528,1.050031304359436
SB66814_component_1321a,255.076343,45.252175,2.6640000343322754,10.167939186096191,255.07598876953125,45.25133514404297,4.241928577423096,0.797817587852478,0.6280162334442139
SB66814_component_1326a,250.637346,45.653238,3.6010000705718994,18.853403091430664,250.63787841796875,45.652984619140625,5.051222324371338,0.9056478142738342,0.7128967642784119
SB66814_component_1327a,247.072182,46.091346,3.4519999027252197,12.598540306091309,247.0721435546875,46.091670989990234,4.889720439910889,0.8968492746353149,0.705970823764801
SB66814_component_1334a,251.827908,46.310003,3.502000093460083,16.13825035095215,251.82699584960938,46.309818267822266,4.522443771362305,0.9837295413017273,0.7743601202964783
SB66814_component_1337a,252.677073,46.029717,3.4210000038146973,17.365482330322266,252.67694091796875,46.029144287109375,2.378957748413086,1.8268338441848755,1.4380247592926025
SB66814_component_1338a,248.300048,47.930985,3.3269999027252197,14.340517044067383,248.2998809814453,47.93076705932617,4.862803936004639,0.8691580295562744,0.6841731667518616
SB66814_component_1339a,248.296093,47.77104,3.430999994277954,15.811059951782227,248.29598999023438,47.77009963989258,2.7537951469421387,1.582784652709961,1.2459169626235962
SB66814_component_1349a,252.458221,44.660605,3.240000009536743,15.576922416687012,252.45822143554688,44.659332275390625,4.27815055847168,0.9621031880378723,0.7573366165161133
SB66814_component_1351a,249.224424,46.770449,3.4049999713897705,13.619999885559082,249.22386169433594,46.76858901977539,4.607621192932129,0.9387999773025513,0.7389930486679077
SB66814_component_1364a,250.731488,45.603026,3.319000005722046,16.594999313354492,250.73135375976562,45.6015510559082,2.720649480819702,1.549770474433899,1.2199293375015259
SB66814_component_1365a,252.406226,47.557308,2.931999921798706,15.113401412963867,252.40573120117188,47.55691909790039,3.712527275085449,1.0032912492752075,0.7897585034370422
SB66814_component_1366a,249.852247,47.71108,3.187000036239624,15.104266166687012,249.8517303466797,47.709754943847656,3.881911516189575,1.0429636240005493,0.8209872841835022
SB66814_component_1368a,251.401586,45.014771,3.5920000076293945,15.893805503845215,251.40147399902344,45.01462936401367,4.21537971496582,1.082511067390442,0.8521177768707275
SB66814_component_1369a,252.824523,45.59985,3.061000108718872,15.078818321228027,252.8243408203125,45.597957611083984,2.7275516986846924,1.4256833791732788,1.1222518682479858
SB66814_component_1373a,252.452115,46.048312,3.4260001182556152,17.75129508972168,252.45140075683594,46.04677963256836,4.492373943328857,0.9688224792480469,0.7626257538795471
SB66814_component_1375a,253.969191,45.564079,2.9670000076293945,13.425339698791504,253.9685516357422,45.563575744628906,4.077456951141357,0.9244019985198975,0.7276594042778015
SB66814_component_1378a,251.925131,46.705671,3.4600000381469727,15.727272987365723,251.92526245117188,46.704925537109375,4.313618183135986,1.0189834833145142,0.8021108508110046
SB66814_component_1380a,250.616039,45.952267,3.5399999618530273,14.75,250.61549377441406,45.952301025390625,4.946682453155518,0.909121572971344,0.7156311273574829
SB66814_component_1387a,252.979088,45.587036,3.3429999351501465,17.321243286132812,252.9788055419922,45.586856842041016,4.433822154998779,0.9578352570533752,0.7539770007133484
SB66814_component_1389a,247.725286,47.773773,3.005000114440918,12.020000457763672,247.7247314453125,47.77250289916992,3.4333043098449707,1.1118978261947632,0.8752501606941223
SB66814_component_1390a,247.324061,47.529115,3.0510001182556152,12.659751892089844,247.32342529296875,47.52786636352539,3.7325384616851807,1.0384143590927124,0.8174062371253967
SB66814_component_1391a,253.358175,46.579804,3.2769999504089355,16.385000228881836,253.35818481445312,46.57914733886719,4.439385890960693,0.9377481937408447,0.7381651401519775
SB66814_component_1392a,248.202698,47.384392,3.0230000019073486,14.192488670349121,248.20205688476562,47.38411331176758,4.52597188949585,0.8485139608383179,0.667922854423523
SB66814_component_1395a,250.40378,44.517068,3.252000093460083,15.786408424377441,250.40377807617188,44.51579284667969,4.990153789520264,0.8278837203979492,0.6516833305358887
SB66814_component_1398a,251.257606,46.87218,3.556999921798706,17.266990661621094,251.25735473632812,46.87019348144531,5.193121910095215,0.8701378107070923,0.6849444508552551
SB66814_component_1408a,250.375911,46.51991,3.3540000915527344,15.108108520507812,250.3758087158203,46.51861572265625,4.316492080688477,0.9871083498001099,0.7770198583602905
SB66814_component_1409a,249.032417,46.561161,3.3910000324249268,13.092663764953613,249.0318603515625,46.56169891357422,4.024556636810303,1.070391058921814,0.8425772786140442
SB66814_component_1412a,251.506215,47.247897,2.74399995803833,12.088105201721191,251.50547790527344,47.24662780761719,4.178903579711914,0.8341698050498962,0.6566315293312073
SB66814_component_1419a,253.999664,45.248012,2.8580000400543213,11.85892105102539,253.9996795654297,45.248321533203125,4.414544582366943,0.8224491477012634,0.6474053859710693
SB66814_component_1421a,247.106636,46.178012,3.052999973297119,12.563785552978516,247.10621643066406,46.177120208740234,4.240222454071045,0.9146835803985596,0.7200093865394592
SB66814_component_1422a,254.276511,44.781322,3.0360000133514404,11.905882835388184,254.27650451660156,44.78032684326172,3.425477981567383,1.1259349584579468,0.8862996697425842
SB66814_component_1425a,255.058261,45.531615,3.1059999465942383,10.217105865478516,255.05804443359375,45.53036117553711,3.7510955333709717,1.0519038438796997,0.8280247449874878
SB66814_component_1426a,251.673523,47.059425,3.132999897003174,15.743718147277832,251.6727294921875,47.057682037353516,4.385533809661865,0.9075501561164856,0.714394211769104
SB66814_component_1428a,251.787979,48.20339,3.2320001125335693,14.825689315795898,251.78802490234375,48.20258331298828,5.76344108581543,0.7123972773551941,0.5607761144638062
SB66814_component_1429a,253.041489,46.062727,2.994999885559082,17.827381134033203,253.04115295410156,46.062225341796875,3.273000955581665,1.1624743938446045,0.9150623083114624
SB66814_component_1432a,253.853504,47.516299,3.390000104904175,13.669355392456055,253.8535614013672,47.51542282104492,3.840576410293579,1.1213366985321045,0.8826800584793091
SB66814_component_1436a,248.540649,45.226279,3.187999963760376,16.957447052001953,248.54103088378906,45.22748565673828,4.146233558654785,0.9767811298370361,0.7688905596733093
SB66814_component_1443a,248.925575,48.503076,3.1589999198913574,13.27310848236084,248.92588806152344,48.502967834472656,4.56096887588501,0.8798835873603821,0.6926159858703613
SB66814_component_1446a,251.103224,46.029675,3.2100000381469727,15.658536911010742,251.1030731201172,46.02791213989258,4.471785068511963,0.9119202494621277,0.7178341746330261
SB66814_component_1450a,251.79719,46.325275,3.2660000324249268,15.478673934936523,251.79693603515625,46.32374572753906,4.295685768127441,0.9658649563789368,0.7602977156639099
SB66814_component_1452a,252.913208,48.203517,3.062000036239624,13.141631126403809,252.91302490234375,48.2021598815918,3.391597032546997,1.1469213962554932,0.9028195142745972
SB66814_component_1453a,252.871183,47.023391,2.937999963760376,16.322221755981445,252.8702392578125,47.02238082885742,3.639504909515381,1.0255154371261597,0.8072526454925537
SB66814_component_1454a,252.581279,48.131514,2.736999988555908,13.823232650756836,252.58111572265625,48.130836486816406,4.3318047523498535,0.8026729226112366,0.6318382620811462
SB66814_component_1456a,250.042431,47.450093,3.3389999866485596,14.454545021057129,250.0417022705078,47.44871139526367,4.931621551513672,0.8601207137107849,0.6770592331886292
SB66814_component_1465a,249.755458,48.355906,2.940000057220459,15.000000953674316,249.75564575195312,48.35580825805664,4.23088264465332,0.8827731013298035,0.6948904991149902
SB66814_component_1469a,248.567002,45.990993,2.9200000762939453,14.243903160095215,248.56683349609375,45.99037170410156,3.486171007156372,1.0640618801116943,0.8375951647758484
SB66814_component_1474a,249.761452,48.079953,2.813999891281128,12.675675392150879,249.76171875,48.08045959472656,3.828362464904785,0.9337782263755798,0.7350400686264038
SB66814_component_1481a,252.243586,45.852022,3.072000026702881,15.59390926361084,252.2431640625,45.85110855102539,4.283827304840088,0.9110075831413269,0.7171157598495483
SB66814_component_1486a,251.698185,44.773504,2.8429999351501465,14.88481616973877,251.69793701171875,44.774269104003906,3.7041103839874268,0.9750471711158752,0.7675257325172424
SB66814_component_1488a,251.148207,44.966008,2.74399995803833,13.651741027832031,251.1474609375,44.965728759765625,5.162489414215088,0.6752392053604126,0.531526505947113
SB66814_component_1489a,252.278298,46.904899,2.921999931335449,15.06185531616211,252.27798461914062,46.90354537963867,3.590869188308716,1.0337448120117188,0.8137305378913879
SB66814_component_1492a,249.404906,45.156151,2.76200008392334,14.385416984558105,249.4055938720703,45.15503692626953,4.215583324432373,0.8323361277580261,0.6551880836486816
SB66814_component_1497a,251.270932,45.526271,2.8440001010894775,15.800000190734863,251.27061462402344,45.52549743652344,3.661235809326172,0.9868124723434448,0.7767869234085083
SB66814_component_1499a,252.343462,48.240542,2.6659998893737793,12.229357719421387,252.34352111816406,48.24115753173828,5.30048131942749,0.6389656662940979,0.502973198890686
SB66814_component_1500a,251.70108,46.211291,2.684999942779541,14.057591438293457,251.70050048828125,46.209651947021484,2.418184757232666,1.410546898841858,1.1103370189666748
SB66814_component_1503a,248.914399,45.473932,2.609999895095825,12.139533996582031,248.914306640625,45.47334671020508,3.69545316696167,0.8972335457801819,0.7062733173370361
SB66814_component_1505a,252.506886,48.24612,2.796999931335449,13.84653377532959,252.5066375732422,48.24577331542969,4.261753559112549,0.833751916885376,0.6563025712966919
SB66814_component_1507a,249.827595,47.323895,2.6600000858306885,11.981982231140137,249.82716369628906,47.32351303100586,3.2226908206939697,1.0485658645629883,0.825397253036499
SB66814_component_1510a,248.036226,45.116027,2.7880001068115234,11.10757064819336,248.0360870361328,45.11574172973633,3.976602554321289,0.8906627893447876,0.7011010050773621
SB66814_component_1515a,249.516735,46.118251,2.75600004196167,12.759259223937988,249.5162811279297,46.117408752441406,3.674870252609253,0.9527301788330078,0.7499584555625916
SB66814_component_1516a,251.306024,46.861153,2.7899999618530273,14.607329368591309,251.3056640625,46.86081314086914,3.0601840019226074,1.1582155227661133,0.9117098450660706
SB66814_component_1520a,250.612127,45.567551,2.888000011444092,14.297029495239258,250.61236572265625,45.566707611083984,4.741964817047119,0.7736981511116028,0.6090302467346191
SB66814_component_1524a,253.63003,44.929796,2.734999895095825,10.725489616394043,253.629638671875,44.92934036254883,4.28855037689209,0.8101762533187866,0.6377446055412292
SB66814_component_1530a,251.352047,44.492668,2.513000011444092,11.688371658325195,251.3520965576172,44.49177169799805,3.5142228603363037,0.9084392786026001,0.7150940895080566
SB66814_component_1531a,249.972458,44.740582,2.7730000019073486,13.142180442810059,249.9727020263672,44.74018096923828,4.10122537612915,0.8589521050453186,0.6761394143104553
SB66814_component_1532a,251.397085,48.45104,2.9140000343322754,13.305936813354492,251.39683532714844,48.45048141479492,4.665724277496338,0.793420135974884,0.6245546936988831
SB66814_component_1535a,251.751082,45.548612,2.7690000534057617,13.3125,251.7511444091797,45.54840087890625,3.666647434234619,0.9593709111213684,0.7551857829093933
SB66814_component_1536a,253.846776,45.171634,2.9240000247955322,11.696000099182129,253.8463134765625,45.170284271240234,3.536078453063965,1.0504809617996216,0.8269047141075134
SB66814_component_1539a,249.849321,46.787866,2.805999994277954,12.696832656860352,249.84976196289062,46.78664016723633,2.930341958999634,1.2164719104766846,0.9575673937797546
SB66814_component_1540a,250.630447,44.469744,2.752000093460083,14.185566902160645,250.6304931640625,44.47010803222656,2.573421001434326,1.3585333824157715,1.0693936347961426
SB66814_component_1548a,249.394032,46.240288,2.4240000247955322,11.274418830871582,249.3936767578125,46.240474700927734,3.569145441055298,0.8627820014953613,0.6791541576385498
SB66814_component_1549a,253.460695,46.976674,2.680999994277954,12.298165321350098,253.46022033691406,46.975982666015625,3.893639326095581,0.8747296333312988,0.6885588765144348
SB66814_component_1554a,248.108732,48.248852,2.3980000019073486,11.311321258544922,248.10861206054688,48.249351501464844,3.3697562217712402,0.9040312170982361,0.7116242051124573
SB66814_component_1555a,250.907229,45.242144,3.0,16.483516693115234,250.9066619873047,45.24169921875,3.190960168838501,1.1943527460098267,0.9401558637619019
SB66814_component_1561a,252.557083,44.33302,2.6600000858306885,11.319149017333984,252.55641174316406,44.33213424682617,3.0991463661193848,1.090366005897522,0.8583008646965027
SB66814_component_1565a,248.109782,45.891412,2.7920000553131104,13.423076629638672,248.10943603515625,45.890724182128906,4.387860298156738,0.8083423376083374,0.6363010406494141
SB66814_component_1568a,252.529964,47.705597,2.9749999046325684,14.72772216796875,252.52963256835938,47.704917907714844,4.058599472045898,0.9312011003494263,0.7330114841461182
SB66814_component_1570a,250.669808,46.431735,2.8269999027252197,13.027649879455566,250.6696319580078,46.43059158325195,3.657745361328125,0.9818497896194458,0.7728804349899292
SB66814_component_1572a,248.017917,46.317583,2.5209999084472656,12.357842445373535,248.01731872558594,46.31590270996094,4.415557861328125,0.7253038287162781,0.5709357857704163
SB66814_component_1573a,254.236655,44.757536,2.690999984741211,11.259414672851562,254.23684692382812,44.75642776489258,3.6448862552642822,0.9379127621650696,0.7382946610450745
SB66814_component_1575a,249.371378,46.945677,2.736999988555908,11.95196533203125,249.3711395263672,46.94506072998047,3.2350680828094482,1.0747911930084229,0.8460409045219421
SB66814_component_1578a,250.852839,45.574331,2.811000108718872,12.549107551574707,250.85247802734375,45.573326110839844,3.052539110183716,1.1698557138442993,0.9208727478981018
SB66814_component_1582a,252.242647,45.722801,2.760999917984009,12.962440490722656,252.24171447753906,45.72216796875,3.8579721450805664,0.9091593623161316,0.7156609296798706
SB66814_component_1584a,252.898758,48.05195,2.430999994277954,12.094527244567871,252.89833068847656,48.05036163330078,3.5496959686279297,0.8700145483016968,0.684847354888916
SB66814_component_1586a,252.86271,45.974648,2.7109999656677246,14.575268745422363,252.86209106445312,45.973785400390625,3.16344952583313,1.0886826515197754,0.8569759130477905
SB66814_component_1591a,248.548491,48.048242,2.3259999752044678,10.818604469299316,248.5485076904297,48.047393798828125,4.590712547302246,0.6436685919761658,0.506675124168396
SB66814_component_1606a,253.22772,47.413707,2.490000009536743,12.146341323852539,253.22747802734375,47.41346740722656,2.971874475479126,1.06439208984375,0.8378550410270691
SB66814_component_1610a,251.246755,46.102399,2.36299991607666,12.63636302947998,251.24627685546875,46.10139465332031,4.216952323913574,0.7118651866912842,0.5603572726249695
SB66814_component_1613a,248.148392,47.497598,2.309000015258789,10.64055347442627,248.14859008789062,47.49809265136719,3.767587184906006,0.7785622477531433,0.6128590703010559
SB66814_component_1615a,253.230562,46.820321,2.5850000381469727,13.121828079223633,253.2301025390625,46.819602966308594,3.2506840229034424,1.0102258920669556,0.7952172756195068
SB66814_component_1621a,253.54847,45.810527,2.7309999465942383,10.344696998596191,253.5485076904297,45.81077194213867,3.4363324642181396,1.0096229314804077,0.7947426438331604
SB66814_component_1627a,253.040342,46.57661,2.25,10.97560977935791,253.03948974609375,46.57529830932617,4.158290863037109,0.6873855590820312,0.5410876870155334
SB66814_component_1629a,252.561673,46.425224,2.687000036239624,14.446236610412598,252.56077575683594,46.424896240234375,3.6038565635681152,0.9471808075904846,0.7455901503562927
SB66814_component_1632a,252.76851,44.450943,2.611999988555908,13.747368812561035,252.76841735839844,44.45085906982422,3.5755598545074463,0.9280295968055725,0.7305149435997009
SB66814_component_1636a,249.001618,45.093877,2.7690000534057617,12.30666732788086,249.0018310546875,45.092628479003906,2.9690752029418945,1.184771180152893,0.9326136708259583
SB66814_component_1637a,249.886315,47.518464,2.38700008392334,10.65625,249.88583374023438,47.5166130065918,2.780238628387451,1.0906943082809448,0.8585594296455383
SB66814_component_1638a,252.625631,46.698229,2.437999963760376,12.1899995803833,252.62550354003906,46.69699478149414,4.3110151290893555,0.7184339761734009,0.5655280351638794
SB66814_component_1643a,252.895347,45.775729,2.63700008392334,12.497631072998047,252.89547729492188,45.77497482299805,4.1643829345703125,0.8044373393058777,0.6332271099090576
SB66814_component_1662a,251.637968,44.247921,2.3399999141693115,10.7339448928833,251.63796997070312,44.24789047241211,2.8559601306915283,1.0408698320388794,0.8193391561508179
SB66814_component_1664a,254.954137,47.982639,2.552000045776367,10.126984596252441,254.9540252685547,47.98259735107422,3.0006723403930664,1.080425500869751,0.850476086139679
SB66814_component_1665a,251.175487,47.821369,2.250999927520752,10.770334243774414,251.17538452148438,47.82009506225586,3.1563796997070312,0.9059807062149048,0.7131587862968445
SB66814_component_1667a,248.037914,45.170637,2.4660000801086426,11.913043975830078,248.03836059570312,45.17007827758789,2.8707103729248047,1.0912805795669556,0.8590208292007446
SB66814_component_1671a,249.489081,45.948364,2.7170000076293945,12.075555801391602,249.48870849609375,45.9481315612793,3.408679723739624,1.0125958919525146,0.797082781791687
SB66814_component_1674a,253.297799,46.143324,2.315999984741211,12.866665840148926,253.29795837402344,46.14252853393555,2.2895026206970215,1.285079836845398,1.0115734338760376
SB66814_component_1686a,251.535998,47.642987,2.619999885559082,11.592920303344727,251.5343017578125,47.64120101928711,3.5767438411712646,0.930563747882843,0.7325097918510437
SB66814_component_1690a,253.167219,46.676833,2.1549999713897705,11.282722473144531,253.1663055419922,46.67599868774414,3.5495455265045166,0.7712714076042175,0.6071199774742126
SB66814_component_1699a,252.943987,46.067923,2.3380000591278076,11.460784912109375,252.94326782226562,46.065399169921875,2.9322423934936523,1.0129252672195435,0.7973420023918152
SB66814_component_1705a,250.220027,44.880734,2.2750000953674316,14.30817699432373,250.2194061279297,44.87978744506836,3.191505193710327,0.9055628180503845,0.7128298282623291
SB66814_component_1713a,251.542844,46.826754,2.2869999408721924,11.492462158203125,251.54298400878906,46.82634735107422,3.8967223167419434,0.7455888986587524,0.5869035124778748
SB66814_component_1739a,250.606432,46.366074,2.3970000743865967,12.956756591796875,250.6065673828125,46.36491394042969,3.4427385330200195,0.8844977617263794,0.6962480545043945
SB66814_component_1741a,250.978795,47.385747,2.424999952316284,13.037633895874023,250.97837829589844,47.3845329284668,3.4552114009857178,0.8915994763374329,0.7018383741378784
SB66814_component_1747a,248.713781,48.273912,2.502000093460083,11.63720989227295,248.7131805419922,48.27326202392578,4.107175350189209,0.7738856673240662,0.609177827835083
SB66814_component_1782a,247.516549,47.448514,2.3359999656677246,10.814814567565918,247.51551818847656,47.44674301147461,4.028597831726074,0.7366337776184082,0.5798543691635132
SB66814_component_1804a,253.381956,45.803166,2.312000036239624,10.803738594055176,253.38108825683594,45.80356979370117,3.6296026706695557,0.8092104196548462,0.6369843482971191
SB66814_component_1812a,252.648434,47.922851,1.9579999446868896,10.359787940979004,252.64773559570312,47.92198944091797,3.2527174949645996,0.7647140026092529,0.6019582152366638
SB66814_component_1828a,250.106325,45.515375,2.2980000972747803,11.432835578918457,250.1068115234375,45.51604461669922,4.087652206420898,0.7141819000244141,0.5621809363365173
SB66814_component_1831a,251.701818,46.615451,2.063999891281128,10.530611991882324,251.70108032226562,46.6151123046875,3.101821184158325,0.8453287482261658,0.6654155254364014
SB66814_component_1839a,248.000052,47.560145,2.3369998931884766,12.235601425170898,247.9997100830078,47.55922317504883,2.5535097122192383,1.1626631021499634,0.9152109026908875
SB66814_component_1871a,252.8794,47.993587,2.1549999713897705,10.563725471496582,252.87869262695312,47.993404388427734,3.539717197418213,0.7734128832817078,0.6088057160377502
SB66814_component_1900a,249.418096,44.742289,2.2249999046325684,11.528496742248535,249.41786193847656,44.74166488647461,2.4097437858581543,1.1729834079742432,0.9233346581459045
SB66814_component_1927a,251.763448,48.092927,1.9559999704360962,10.516128540039062,251.7628631591797,48.092926025390625,1.8108580112457275,1.3721991777420044,1.0801509618759155
