Component_ID,RA,DEC,RA_comp,DEC_comp
SB66899_component_5a,198.059527,25.520453,198.059537,25.520327
