Component_ID,RA,DEC,RA_comp,DEC_comp
SB66857_component_37a,200.731863,39.201889,200.731935,39.202209
