Component_ID,RA,DEC,RA_comp,DEC_comp
SB67363_component_14a,78.175674,29.450345,78.175858,29.451003
SB67363_component_22a,83.957995,25.537069,83.958113,25.537369
