Component_ID,RA,DEC,RA_comp,DEC_comp
SB66894_component_11a,172.148133,21.04344,172.148089,21.04371
