Component_ID,RA,DEC,RA_comp,DEC_comp
SB66854_component_5a,187.10433,31.476977,187.104025,31.477119
