Component_ID,RA,DEC,RA_comp,DEC_comp
SB66764_component_5a,359.749128,39.374512,359.749397,39.374529
