Component_ID,RA,DEC,RA_comp,DEC_comp
SB66906_component_8a,248.370285,-25.959852,248.370378,-25.959855
SB66906_component_16a,248.626204,-20.973882,248.626349,-20.973872
