Component_ID,RA,DEC,RA_comp,DEC_comp
SB66855_component_5a,187.558778,25.301685,187.558706,25.301982
