Component_ID,RA,DEC,RA_comp,DEC_comp
SB66369_component_5a,101.224075,39.2461,101.22379,39.246537
SB66369_component_16a,103.791979,41.002862,103.79177,41.002822
