Component_ID,RA,DEC,RA_comp,DEC_comp
SB66777_component_15a,57.187962,41.820198,57.18801,41.820743
SB66777_component_49a,55.567497,38.984577,55.567787,38.985077
