Component_ID,RA,DEC,RA_comp,DEC_comp
SB67318_component_67a,85.454973,33.024215,85.455979,33.025529
SB67318_component_88a,87.475404,30.912702,87.475754,30.913222
