Component_ID,RA,DEC,ASKAP_flux,ASKAP_flux_SNR,RA_comp,DEC_comp,Comp_flux,Flux_Ratio_AlphaCorr,Flux_Ratio_NOAlphaCorr
SB72231_component_9a,52.428621,-42.545415,395.82598876953125,1728.497802734375,52.42863156003189,-42.545538519903886,338.61848961869623,0.9577172678378431,1.1689438140700878
SB72231_component_12a,47.712253,-40.833828,229.21099853515625,453.8831787109375,47.712183591407324,-40.8339728160773,186.9436311710423,1.0045428338365368,1.2260968565729946
SB72231_component_17a,49.289605,-41.179201,189.6020050048828,915.9517211914062,49.28963286089461,-41.1793874783669,151.70671077189203,1.023957223688736,1.249793130707122
SB72231_component_28a,55.025057,-44.536121,122.81600189208984,207.81048583984375,55.02474623071308,-44.536099519251515,106.6273111616883,0.943691793979514,1.151824992621761
SB72231_component_30a,48.630374,-43.581672,113.2030029296875,524.0879516601562,48.630232813744364,-43.58180296146632,92.05402878387848,1.0075319523429054,1.229745231416888
SB72231_component_33a,51.968382,-43.060972,110.71900177001953,605.0218505859375,51.96833635644185,-43.060946249304074,109.70853085423384,0.8268475485284357,1.0092105044878257
SB72231_component_34a,49.578156,-43.217555,110.41999816894531,590.4812622070312,49.578013185964636,-43.21753098956844,93.99624033882361,0.9624561089199429,1.1747278164628692
SB72231_component_35a,50.184987,-39.89077,104.58499908447266,550.4473876953125,50.18483750352226,-39.890717873129866,103.65809120511699,0.826627540522673,1.0089419732563039
SB72231_component_37a,50.57891,-41.511816,107.93800354003906,642.4880981445312,50.57881047215578,-41.51193557426479,97.18263885839873,0.9099748182357051,1.1106716673675796
SB72231_component_45a,51.988182,-44.090561,84.7959976196289,396.24298095703125,51.98800454478096,-44.09051094266658,71.40753178644954,0.972915254836453,1.1874937488837836
SB72231_component_51a,55.990248,-41.979794,78.66100311279297,119.54560089111328,55.990395894037796,-41.97982218182781,79.10407005587612,0.8147124103459337,0.9943989362017632
SB72231_component_54a,54.751946,-42.111843,72.94499969482422,416.8285827636719,54.75205195758658,-42.111967970671735,64.02474446670865,0.9334506315064897,1.1393251203486472
SB72231_component_55a,50.177372,-40.443483,71.5250015258789,397.3611145019531,50.17734744880117,-40.44352893287579,69.80034396327405,0.8395450277536743,1.024708439309587
SB72231_component_57a,47.422224,-41.001547,68.48400115966797,48.570213317871094,47.42210015616984,-41.001703403436814,49.019748828024184,1.1446210412411324,1.397069605556939
SB72231_component_60a,51.760269,-40.587514,72.62200164794922,414.9828796386719,51.760188516096136,-40.5877339199758,53.41052612070886,1.1139996126951193,1.3596945569085397
SB72231_component_62a,55.012424,-39.548331,64.69100189208984,249.77220153808594,55.012427665114245,-39.54841399678929,54.361517814104566,0.9749806219794511,1.1900146370693352
SB72231_component_69a,54.831893,-39.737619,62.270999908447266,268.40948486328125,54.83195333091196,-39.73757616885894,58.92449605415436,0.865832021094462,1.0567930840039312
SB72231_component_75a,54.757275,-41.362638,58.09400177001953,307.37567138671875,54.757183408941444,-41.3627434679675,54.11730396610355,0.879506030913461,1.0734829252840605
SB72231_component_80a,55.464897,-40.796209,56.512001037597656,174.4197540283203,55.46471940568016,-40.796350581274794,47.453240387182696,0.975704914362605,1.1908986736522584
SB72231_component_81a,51.435875,-39.733895,51.7130012512207,279.52972412109375,51.43570050017394,-39.733990395491176,42.45168206094407,0.9980413188281508,1.2181614188333216
SB72231_component_83a,48.613033,-39.173637,49.797000885009766,78.29717254638672,48.613121374065344,-39.17385481004489,48.23106945741232,0.8459018530044666,1.0324672756630486
SB72231_component_84a,49.662475,-40.249236,49.72700119018555,276.2611083984375,49.66241570820452,-40.24931228303522,45.80568280580451,0.8894398617153525,1.0856076832432706
SB72231_component_93a,53.208386,-41.421044,45.37099838256836,273.31927490234375,53.20837897108848,-41.42120441639108,37.52809744116196,0.9905250638577442,1.2089874381109462
SB72231_component_98a,50.875108,-42.894218,43.31100082397461,244.69491577148438,50.87515310452963,-42.894183970372886,45.0496784026149,0.7876807016496972,0.9614053276229522
SB72231_component_102a,49.948538,-44.342969,46.481998443603516,146.6309051513672,49.94834249680778,-44.34295023758954,45.10934232836819,0.8442323257290002,1.0304295306556064
SB72231_component_103a,53.433598,-44.345467,44.880001068115234,137.66871643066406,53.43337393075109,-44.3454081414943,41.38254755269593,0.8885447735026205,1.084515181453382
SB72231_component_104a,53.063449,-42.026943,45.16600036621094,270.4551086425781,53.06341649625096,-42.02710373037311,50.42565459621106,0.733844037427386,0.8956948745213645
SB72231_component_106a,48.237254,-41.312803,44.59400177001953,136.3730926513672,48.23725986578395,-41.31288610534604,42.16937614202426,0.8664089931634228,1.057497308469285
SB72231_component_110a,48.114744,-40.587072,41.14400100708008,178.112548828125,48.11468653560188,-40.58719233629062,34.89184359349599,0.9661093511743268,1.1791867889362406
SB72231_component_117a,48.263616,-44.201957,36.775001525878906,125.08503723144531,48.263425702416036,-44.20204197335819,30.67390097226026,0.9822620586785915,1.1989020098596568
SB72231_component_122a,56.303418,-43.441315,37.95899963378906,51.57472610473633,56.30336450035755,-43.44119247161815,28.5158776961277,1.090615576329884,1.3311531224214672
SB72231_component_123a,51.385474,-41.410016,36.15999984741211,219.15150451660156,51.38534601465298,-41.41019089434626,31.30589368277314,0.9463373797743362,1.1550540678961696
SB72231_component_126a,52.136853,-40.298096,37.018001556396484,228.5061798095703,52.13670710782994,-40.29824078518411,33.28202853820232,0.9112695561725072,1.112251962463943
SB72231_component_129a,51.264246,-44.644551,33.92599868774414,55.16422653198242,51.264019405083054,-44.64453299630497,31.978888433271347,0.8691864711768913,1.0608873650669792
SB72231_component_130a,47.943328,-40.911568,35.21500015258789,120.18770599365234,47.943232075043426,-40.911724269542255,29.5189750783623,0.9773949731801259,1.1929614784762914
SB72231_component_132a,53.606891,-41.080725,32.768001556396484,195.04763793945312,53.60685252587617,-41.08086666906776,35.91640915929507,0.7474819777977667,0.912340691160553
SB72231_component_137a,47.653704,-41.567396,34.236000061035156,31.583026885986328,47.65380423560052,-41.567523650371385,31.0025359528992,0.9047518493906541,1.1042967618213044
SB72231_component_138a,56.067591,-41.188169,32.16600036621094,80.21446990966797,56.06754176111313,-41.188231597079366,26.899556648308376,0.9797056694549272,1.1957818036467063
SB72231_component_141a,50.258222,-40.959041,31.409000396728516,184.75881958007812,50.25821791918785,-40.959130801357325,22.5098791942486,1.143206359320333,1.395342912580077
SB72231_component_149a,49.778778,-40.847127,31.860000610351562,195.4601287841797,49.77876797790107,-40.84723577595399,27.87725900492929,0.936352534891873,1.142867044594235
SB72231_component_151a,54.223095,-39.363543,28.340999603271484,84.09791564941406,54.22319272923448,-39.363673385045054,25.71044447965069,0.9031279023123159,1.1023146498187857
SB72231_component_152a,50.190661,-43.920305,31.42099952697754,172.64285278320312,50.19048115110251,-43.92036726346038,26.845475791737435,0.9589425103118364,1.170439286333989
SB72231_component_153a,48.01744,-40.012042,30.64299964904785,60.920475006103516,48.01750454499183,-40.01200203313985,35.09565149164517,0.7153550515138524,0.873128104099811
SB72231_component_159a,52.147578,-39.59755,32.21200180053711,127.3201675415039,52.147549394462914,-39.59771858843966,29.37099328826151,0.8985510613584093,1.0967283770212513
SB72231_component_161a,52.77356,-44.399038,27.881999969482422,63.36818313598633,52.77350539788201,-44.39893206279976,25.587855189661674,0.8927579350632918,1.0896575646069646
SB72231_component_163a,49.517149,-42.552261,28.28700065612793,163.50868225097656,49.516995215420124,-42.55237612003554,25.712252694915197,0.9013437544372134,1.1001370043987593
SB72231_component_164a,49.71449,-40.100944,27.503999710083008,146.29788208007812,49.714408960140545,-40.100997806685996,31.273150817119372,0.7205562612915628,0.8794764515709407
SB72231_component_166a,50.010447,-40.458634,27.166000366210938,159.8000030517578,50.010456715184645,-40.4587001425608,26.426145119091682,0.8422394263685878,1.0279970931736366
SB72231_component_170a,51.330906,-40.780619,26.82200050354004,170.84075927734375,51.330864123966336,-40.78071963463712,24.288624104500816,0.9047569616568233,1.104303001608468
SB72231_component_174a,54.381063,-43.114706,27.27899932861328,162.375,54.3810124075577,-43.11481899094279,23.927393606895972,0.9340641892752456,1.140073999566395
SB72231_component_177a,52.959099,-41.395929,27.006000518798828,173.11538696289062,52.959067376421686,-41.39605508148337,22.064022117336606,1.0028114137328135,1.2239835681445908
SB72231_component_179a,54.702743,-41.668165,26.05500030517578,148.88571166992188,54.70269948637417,-41.66827308862018,21.650463925779686,0.9859787535176693,1.2034384295179705
SB72231_component_184a,51.337686,-42.205049,26.13599967956543,150.20689392089844,51.33760806515622,-42.20512234540502,22.024768543788085,0.9722354307796842,1.1866639882096235
SB72231_component_186a,51.531643,-41.996793,27.731000900268555,162.16958618164062,51.53159010883302,-41.99691043059314,25.05896501604413,0.9066634237711328,1.1066299379289464
SB72231_component_187a,54.911873,-44.594709,27.274999618530273,45.0826416015625,54.91157967948681,-44.5946725504087,22.900307753943753,0.9758141586152985,1.1910320119533389
SB72231_component_188a,51.121581,-42.754999,25.554000854492188,151.2071075439453,51.121554119505305,-42.75501157554771,20.52240453839288,1.0201742129848723,1.2451757690813618
SB72231_component_189a,52.670545,-42.346176,26.31999969482422,165.5345916748047,52.67057248173816,-42.346300462130316,30.484139334724322,0.7073846356860974,0.8633997963932426
SB72231_component_192a,51.942175,-42.927403,24.763999938964844,146.5325469970703,51.94214303614759,-42.927374834861276,30.79788078313458,0.6587849082640873,0.8040812974549214
SB72231_component_193a,47.37295,-42.355738,26.833999633789062,43.91816711425781,47.37299146295486,-42.35592165486644,21.73637294455977,1.0114443981769372,1.2345205753614539
SB72231_component_194a,55.35352,-40.156451,25.128000259399414,108.31034851074219,55.35359971581917,-40.15637866261496,22.93343420158696,0.8977026661834684,1.0956928665162846
SB72231_component_195a,55.832384,-42.36246,23.402999877929688,49.269474029541016,55.83245918176138,-42.36237987408398,21.44766546686802,0.8939951941180445,1.091167703733641
SB72231_component_196a,51.513564,-39.542967,24.42300033569336,111.01364135742188,51.51352447000672,-39.54308852368412,21.303505121338862,0.9392725521216537,1.1464310777304823
SB72231_component_197a,53.585732,-39.172532,23.344999313354492,38.39638137817383,53.5858082428002,-39.17279804921375,21.67197701309167,0.882549381576228,1.077197493299858
SB72231_component_198a,49.4512,-43.520063,23.72599983215332,118.62999725341797,49.45103725759808,-43.520103084256746,25.645436861532055,0.7579806209681484,0.9251548320372786
SB72231_component_200a,55.110471,-42.284014,24.222000122070312,115.34286499023438,55.11059402547261,-42.284075809624454,20.702459472007913,0.9585874519392683,1.1700059190948409
SB72231_component_202a,51.722279,-43.622,25.07900047302246,146.6608123779297,51.722081544249434,-43.622003679376185,21.207954819099076,0.9688468129381136,1.1825280036167027
SB72231_component_204a,55.74454,-43.303834,23.243000030517578,83.60791778564453,55.74438805938441,-43.303667815871044,26.77566491406025,0.7112063068997165,0.8680643451850332
SB72231_component_205a,50.806362,-40.326777,23.159000396728516,135.43275451660156,50.80625830815115,-40.32679564209747,24.560013920430713,0.7725647389605459,0.9429555077516981
SB72231_component_206a,50.951384,-44.796155,22.843000411987305,31.992998123168945,50.95133750345574,-44.79610654972037,23.122316460935227,0.8094042633935999,0.9879200663385166
SB72231_component_209a,54.590537,-41.937417,22.99799919128418,135.2823486328125,54.59054122349152,-41.93753095655347,21.991779220735502,0.8567879863678014,1.0457543685051156
SB72231_component_210a,47.273462,-43.404639,23.20400047302246,22.311540603637695,47.273259728647155,-43.404865434152775,18.34968211219549,1.0360435265965187,1.2645450929965
SB72231_component_211a,51.33026,-43.77525,23.172000885009766,129.4525146484375,51.330107304217165,-43.77530751763777,22.20701205948036,0.8549034877051036,1.0434542397214328
SB72231_component_215a,55.096363,-44.412145,22.72100067138672,54.88164520263672,55.09607340150708,-44.41210683485485,18.286467167866686,1.0179848735990351,1.242503566315558
SB72231_component_217a,47.709199,-40.989459,24.12299919128418,45.51509475708008,47.70920937318002,-40.989580515736705,17.690543909367634,1.1172073836293401,1.3636098084305017
SB72231_component_219a,50.623383,-40.070122,22.13599967956543,132.5509033203125,50.623256403652086,-40.070069435555986,21.342717459490483,0.849753780842007,1.0371687542404397
SB72231_component_222a,49.322859,-40.517676,22.194000244140625,126.1022720336914,49.32280515844475,-40.51778043664574,17.810234732010393,1.0209621080376123,1.2461374360356563
SB72231_component_223a,50.608477,-43.728626,22.229000091552734,130.75881958007812,50.60830526895028,-43.72869407717683,19.107642096982083,0.9531395934213464,1.163356523988046
SB72231_component_224a,54.747362,-43.01502,21.610000610351562,118.08743286132812,54.74722419270082,-43.01494539258468,17.319092416744187,1.0222881586865935,1.2477559499283521
SB72231_component_225a,50.765947,-39.116132,21.040000915527344,32.62015914916992,50.76595771186002,-39.116253776908216,18.334909536029215,0.9401792538069959,1.1475377543686518
SB72231_component_228a,50.272009,-42.133964,21.965999603271484,135.59259033203125,50.27188118017246,-42.134048186063325,19.664727729163207,0.9151804086571531,1.1170253616425843
SB72231_component_229a,53.282191,-44.165149,20.81999969482422,83.27999877929688,53.28195199485303,-44.16517711131673,17.016824959482694,1.00241110226995,1.223494967151448
SB72231_component_231a,52.737385,-44.573976,20.913999557495117,32.72926330566406,52.73730936117024,-44.5738248204501,18.60055640755902,0.9212019310365208,1.1243749433751318
SB72231_component_232a,53.414901,-40.140587,21.253999710083008,96.60909271240234,53.414858927504994,-40.140603742747,19.292346734237505,0.9026082369113283,1.1016803711268688
SB72231_component_235a,54.11494,-40.053431,19.836999893188477,110.82122802734375,54.114922578868715,-40.053385335348096,17.300432525128038,0.9394262922259324,1.146618725536266
SB72231_component_236a,47.988143,-43.880972,20.589000701904297,91.50667572021484,47.98783750440997,-43.88110933651233,17.099324591641377,0.9865065946372629,1.2040826871003296
SB72231_component_240a,53.723946,-42.789062,20.382999420166016,128.19497680664062,53.72398350717942,-42.78923990116939,17.119517704033427,0.9754842180687106,1.190629302329218
SB72231_component_241a,50.816956,-39.712722,20.06399917602539,92.88888549804688,50.81684273486379,-39.71269586765676,17.289460288075396,0.9507793609756096,1.1604757373406043
SB72231_component_243a,55.550041,-41.376853,21.351999282836914,111.79057312011719,55.54997205439285,-41.37693342576715,17.912107082411605,0.9766423444970314,1.192042855963218
SB72231_component_246a,52.022966,-41.855141,20.312999725341797,126.1677017211914,52.02296370166953,-41.855297759044994,18.6625913645651,0.8917555000958555,1.0884340405111343
SB72231_component_247a,54.369691,-44.64707,19.316999435424805,23.789409637451172,54.36945618156425,-44.64708395264153,16.907452359851508,0.9360632079221973,1.1425139059563472
SB72231_component_252a,55.913765,-41.961481,19.316999435424805,39.911155700683594,55.9138986033102,-41.961485446993784,18.27016617967339,0.8662452184678079,1.0572974129220607
SB72231_component_254a,50.070845,-44.289237,20.309999465942383,70.03448486328125,50.07068264438195,-44.289225960869295,15.705924433686926,1.0594734776048509,1.2931425686972227
SB72231_component_255a,52.316743,-41.467556,18.85099983215332,114.94511413574219,52.31665532120265,-41.4677298705904,20.326251544468676,0.7598375896695977,0.927421359069188
SB72231_component_256a,52.586482,-43.063145,19.611000061035156,110.17415618896484,52.58645011139934,-43.063221658758835,17.206884731708335,0.9337726996780503,1.1397182213289654
SB72231_component_263a,49.214248,-40.232452,20.16900062561035,112.04999542236328,49.21418673060664,-40.232536800384196,17.79541305753329,0.9285814149038708,1.1333819878416511
SB72231_component_264a,50.258091,-40.406922,19.020999908447266,110.58720397949219,50.258044623603325,-40.406986561005425,23.97812797487087,0.6499227667913245,0.793264592147532
SB72231_component_266a,53.579341,-39.128084,17.52899932861328,23.97947883605957,53.57933386679919,-39.1283905882728,17.113902225971223,0.8391734957809698,1.0242549651833424
SB72231_component_267a,54.783339,-41.797607,21.447999954223633,128.43113708496094,54.78338602966386,-41.797746140470494,18.137813622483925,0.9688254661308108,1.1825019487264081
SB72231_component_273a,48.383639,-39.221646,19.312999725341797,24.354351043701172,48.38359531356787,-39.221893968030926,21.457829575532465,0.7374076241078882,0.900044417696544
SB72231_component_276a,53.926743,-41.603984,18.66699981689453,111.11309814453125,53.92681052240441,-41.60409803747895,16.796530246446867,0.9105391584846361,1.1113604740385796
SB72231_component_279a,47.821462,-42.460553,18.9950008392334,62.483558654785156,47.82150730819371,-42.460820720579676,15.907002974843675,0.9783508702111479,1.1941282005965093
SB72231_component_282a,52.776924,-39.897582,17.74799919128418,102.0,52.77683667555759,-39.89758607104533,14.751743393874978,0.9857112923266496,1.2031119792019476
SB72231_component_283a,49.971287,-43.254897,18.30699920654297,115.86708068847656,49.97122924682054,-43.25489035043063,15.159976621751397,0.9893781433295832,1.2075875618618206
SB72231_component_287a,52.719364,-44.103804,19.121000289916992,76.17929077148438,52.71919957361127,-44.10373020062705,16.273661154948133,0.9626513404845335,1.1749661067573047
SB72231_component_289a,48.312213,-41.724696,16.61400032043457,68.37036895751953,48.312333690864484,-41.72487091621839,16.736871116839065,0.8132866126426382,0.9926586758333298
SB72231_component_291a,53.693242,-43.708121,16.618000030517578,90.31521606445312,53.69297649266707,-43.70821666731317,14.031805371983346,0.9703063735464968,1.1843094733695472
SB72231_component_292a,48.097288,-41.828333,16.67799949645996,61.09157180786133,48.09730838021489,-41.8284852603448,16.351972815325226,0.835636652759976,1.0199380640377032
SB72231_component_294a,50.707261,-39.172775,15.697999954223633,30.840864181518555,50.70724897413982,-39.17284618828218,14.493271568712448,0.8874043932245342,1.0831232879201622
SB72231_component_295a,52.606167,-42.524707,16.149999618530273,97.2891616821289,52.606232582881496,-42.52481201611404,14.032684129605121,0.9429213031579358,1.1508845684382074
SB72231_component_298a,48.244757,-39.912591,15.593999862670898,37.48557662963867,48.244825232521436,-39.91257346861032,16.12356054214906,0.7923923138085255,0.967156095696492
SB72231_component_302a,53.389118,-44.070257,17.368000030517578,82.70476531982422,53.3887447062268,-44.07045268082032,10.377360725552906,1.3712182305613634,1.6736432788494215
SB72231_component_305a,49.101088,-40.199283,15.628999710083008,79.33502197265625,49.101025255127105,-40.19936622836189,12.742686947396018,1.0048791844770306,1.226507390050637
SB72231_component_306a,49.594138,-44.670561,17.32200050354004,25.815202713012695,49.59389557867598,-44.67057405964555,16.560415470469014,0.8569796308458593,1.0459882805735825
SB72231_component_314a,52.654289,-41.802929,14.66100025177002,94.58709716796875,52.65424052187926,-41.80309970955858,13.491245396907141,0.8903386775948665,1.0867047348446455
SB72231_component_315a,53.839242,-42.169716,14.567999839782715,92.20252990722656,53.83924123027775,-42.16984667213398,14.047060178528744,0.8496854195243355,1.0370853156911963
SB72231_component_316a,48.209961,-43.193996,14.961000442504883,51.061431884765625,48.20985589648332,-43.19419980608965,13.695956188734955,0.8949771731175307,1.0923662602550115
SB72231_component_317a,50.995488,-40.151058,14.779999732971191,87.45561981201172,50.9954228585353,-40.15108912561405,12.10654693126456,1.000225257661769,1.2208270299438209
SB72231_component_321a,53.050865,-43.705627,14.71399974822998,79.1075210571289,53.05063158362937,-43.70566822552779,13.885850728121635,0.8681643193393257,1.0596397755040803
SB72231_component_322a,55.638165,-42.88006,15.35099983215332,69.14864349365234,55.63794042287431,-42.87982892631614,12.207669951393246,1.0302617319349465,1.2574881114312342
SB72231_component_325a,49.783576,-43.286014,15.432000160217285,93.52726745605469,49.78351006437758,-43.28603547751079,12.501547915738957,1.011351470389902,1.2344071521566544
SB72231_component_328a,53.794884,-40.487051,13.381999969482422,78.71764373779297,53.79489533324671,-40.48709135615867,17.048595364984525,0.6430964351073818,0.7849326987352409
SB72231_component_334a,54.370488,-38.979852,15.081999778747559,15.580578804016113,54.37055191909602,-38.98013437843039,17.747804558145447,0.6962384014515827,0.8497952368889253
SB72231_component_338a,48.853716,-41.443533,14.850000381469727,80.7065200805664,48.85381238208582,-41.44368720097271,12.501081777732042,0.9732458252194955,1.1878972272561061
SB72231_component_340a,49.821279,-43.63135,14.680000305175781,86.86390686035156,49.82107445267382,-43.6313662527512,11.969838269916622,1.0048042491764995,1.2264159276128663
SB72231_component_342a,52.012231,-43.256874,13.78499984741211,82.05357360839844,52.01211671749594,-43.25686907639262,12.812776016391238,0.8814693428100657,1.0758792497252052
SB72231_component_343a,53.010498,-41.815875,13.788000106811523,85.11111450195312,53.01043477088811,-41.81606041959334,11.865928161409839,0.9520138010033111,1.161982435697918
SB72231_component_345a,54.259107,-42.410043,14.383000373840332,89.89375305175781,54.25915202407932,-42.410231238628334,12.771878284314145,0.922653007078053,1.126146057272163
SB72231_component_348a,47.482463,-43.933526,13.88700008392334,31.067113876342773,47.482138872880675,-43.93358329118994,13.447041015305484,0.8461071975063303,1.0327179093242218
SB72231_component_349a,53.63611,-43.684065,15.185999870300293,83.90055084228516,53.635875821396525,-43.684148807884505,12.966444102517965,0.9595468421345001,1.17117690480394
SB72231_component_350a,53.409818,-40.178125,13.795999526977539,62.99543380737305,53.40975327389268,-40.1781567441961,12.60807209969826,0.8964956115332208,1.0942195934386914
SB72231_component_351a,50.288161,-39.424551,14.199000358581543,51.07554244995117,50.288022347506626,-39.424703988665776,12.814780582624106,0.907800205048038,1.1080174386937485
SB72231_component_353a,48.775033,-39.402684,13.53499984741211,35.80687713623047,48.775075514693285,-39.40291653507337,13.508942223848269,0.8208817336391894,1.001928916648843
SB72231_component_354a,50.887809,-42.46581,14.184000015258789,92.70588684082031,50.88780330092429,-42.465895537161316,12.53687998259835,0.9269428003501275,1.1313819734213537
SB72231_component_357a,55.277769,-43.022281,13.512999534606934,71.8776626586914,55.277617312493135,-43.02200518053844,11.594875221462214,0.9548372720250295,1.165428629158014
SB72231_component_360a,47.763861,-44.040931,14.314000129699707,47.24092483520508,47.76354364982206,-44.04115166150057,15.27211162395513,0.767901662801881,0.9372639803946579
SB72231_component_361a,53.605273,-40.737941,12.869999885559082,71.8994369506836,53.60520310416779,-40.738129478815544,10.18490044492833,1.0352981445266296,1.2636353153523285
SB72231_component_362a,51.190909,-40.39902,13.440999984741211,86.1602554321289,51.19080772728345,-40.39912854268763,11.779122127927748,0.9348939230375647,1.1410867328451608
SB72231_component_363a,49.592555,-44.044756,14.194000244140625,73.5440444946289,49.59236667179642,-44.04480929929381,12.877497169272534,0.903060873326458,1.1022328374499237
SB72231_component_364a,48.983402,-42.996624,14.227999687194824,74.10416412353516,48.983338905352916,-42.99659958848079,10.843232211566852,1.0750502620212077,1.3121548454913032
SB72231_component_368a,55.012899,-42.21417,13.666000366210938,71.54974365234375,55.013088941232205,-42.21425578295319,12.352960310322219,0.9063878240956351,1.1062935541686743
SB72231_component_370a,53.264163,-44.035271,13.343000411987305,62.64319610595703,53.26387774492548,-44.03532286042546,10.744646710229857,1.0174311735659554,1.2418277465822665
SB72231_component_371a,51.067934,-44.296112,13.729999542236328,54.701194763183594,51.0677533807144,-44.29608203724382,11.116251765131258,1.0119424844863536,1.2351285156480267
SB72231_component_372a,56.370314,-39.886451,10.708999633789062,12.238856315612793,56.37039245519087,-39.88647465113291,9.5806039276721,0.9157980157730682,1.117779183299475
SB72231_component_373a,50.135154,-39.289155,14.097000122070312,37.19525146484375,50.13511292652697,-39.289249394110314,12.75722901621094,0.905344843492536,1.1050205420124457
SB72231_component_374a,55.611985,-43.961389,12.829000473022461,29.289955139160156,55.61170024199605,-43.961306695683604,9.676576348615383,1.086212445322484,1.3257788716624095
SB72231_component_376a,48.037287,-44.00343,12.598999977111816,52.27800750732422,48.037000088162515,-44.00363914032997,13.26420601629949,0.7782130286569342,0.9498495395525185
SB72231_component_378a,54.705527,-43.201443,12.529999732971191,70.39325714111328,54.70532389967661,-43.20142263977918,9.925261054624952,1.0343149551078101,1.26243528145111
SB72231_component_381a,52.191674,-41.750924,11.928000450134277,76.46154022216797,52.191654661125995,-41.75114464973323,10.727153890920865,0.9110177037266425,1.1119445634344607
SB72231_component_382a,47.67141,-43.098819,12.9399995803833,14.73803997039795,47.67133295505727,-43.098898713805475,13.317843139471705,0.7960567839428276,0.9716287723821777
SB72231_component_383a,54.07621,-42.193177,13.831000328063965,81.35882568359375,54.07625302037344,-42.19333671755325,12.231243041782413,0.9264600067900658,1.1307926987319863
SB72231_component_393a,54.152113,-40.848256,13.456999778747559,69.36597442626953,54.152017130194906,-40.848355809018535,10.80936667205567,1.019980049132955,1.2449387819858622
SB72231_component_394a,53.282512,-43.755024,12.684000015258789,74.1754379272461,53.2821694761594,-43.75505067518465,10.545793599943964,0.9854183552765466,1.2027544342728447
SB72231_component_395a,52.683523,-40.555645,12.02400016784668,67.93220520019531,52.683438062417046,-40.55578852952517,10.168040036027763,0.9688474642630607,1.182528798592729
SB72231_component_397a,55.420034,-43.552308,12.175000190734863,42.27430725097656,55.419834566071295,-43.55217174222512,11.236033024009608,0.8877683351122022,1.083567497952243
SB72231_component_401a,50.166347,-42.677099,12.557999610900879,74.75,50.16635233300581,-42.67715370363852,10.755644642755282,0.9565941068361736,1.1675729375607082
SB72231_component_402a,47.979144,-43.961361,11.890999794006348,49.545833587646484,47.978826363598316,-43.96145727234428,10.25210075483768,0.9502747436802832,1.159859825645521
SB72231_component_407a,48.045021,-40.025799,12.765999794006348,28.62331771850586,48.045054994510664,-40.02577651796419,11.081676468765467,0.9438284130435008,1.1519917433060125
SB72231_component_408a,51.715094,-40.937904,12.982000350952148,83.75483703613281,51.71503440233738,-40.938013612259404,11.604875086780496,0.9165260795981924,1.118667823123782
SB72231_component_409a,55.606798,-41.102418,11.541999816894531,46.540321350097656,55.60677769281784,-41.10251513013052,10.839049671624707,0.872435918668212,1.0648534849978648
SB72231_component_413a,50.186202,-43.860288,11.767999649047852,63.26881408691406,50.18608103755324,-43.86036099118528,10.470135936529545,0.9208608453807458,1.1239586305646858
SB72231_component_418a,51.428063,-44.043884,12.550000190734863,60.922332763671875,51.42788090379062,-44.0438977676229,10.798753363484796,0.9521684585699005,1.162171203314244
SB72231_component_421a,54.468007,-44.608372,11.690999984741211,17.930980682373047,54.46779606348477,-44.6084775197523,11.487952782383564,0.8337823527641957,1.0176747943000788
SB72231_component_424a,51.709275,-40.595218,11.03499984741211,66.47590637207031,51.709084941145356,-40.59536166061269,9.377863634561654,0.9640778369880167,1.1767072200477688
SB72231_component_427a,48.192099,-43.637462,11.640000343322754,55.96154022216797,48.1918692683545,-43.63762224140068,12.733889719070142,0.748920277595553,0.9140962109865621
SB72231_component_428a,51.803529,-42.089548,11.991999626159668,70.95858001708984,51.80354697827736,-42.089686662682034,11.614991828457729,0.8458948454640183,1.0324587225949
SB72231_component_433a,51.637988,-39.008741,9.37399959564209,12.318002700805664,51.63803900604033,-39.00899716721326,9.151061408178911,0.8392611921883786,1.0243620032167988
SB72231_component_435a,48.235288,-43.011433,11.942000389099121,37.67192459106445,48.235393970237915,-43.01155827449227,22.227647308741606,0.44017691744412474,0.5372588570992224
SB72231_component_437a,51.910657,-40.20863,10.619999885559082,61.74418258666992,51.91052529297263,-40.20874121485779,9.42087436943896,0.9235852331793933,1.1272838877896567
SB72231_component_445a,49.90149,-44.480101,10.70300006866455,26.427160263061523,49.90129270301332,-44.47999389854199,10.545594402291837,0.8315304268710165,1.0149262014418556
SB72231_component_448a,55.959599,-40.818082,11.095000267028809,16.388479232788086,55.95937401989688,-40.81813393421267,9.257207078869056,0.9819537185350583,1.198525664652656
SB72231_component_451a,53.216836,-44.102053,10.593000411987305,47.93212890625,53.21663823088469,-44.10208129833257,7.855790215348284,1.1047723408677856,1.3484321909833061
SB72231_component_453a,53.062381,-42.332002,10.864999771118164,70.55194854736328,53.06243823671278,-42.3321685194762,9.5956151657022,0.9276850977576527,1.132287986074426
SB72231_component_455a,48.234523,-44.396645,11.189000129699707,29.917112350463867,48.23441325425765,-44.3966602104883,11.571833510520964,0.7921962515479609,0.966916791494348
SB72231_component_459a,55.872025,-39.3708,10.447999954223633,22.088794708251953,55.87199109677054,-39.37087895282792,8.860269906060049,0.9661173714454608,1.1791965780949454
SB72231_component_460a,54.553419,-43.354615,11.208999633789062,60.91847610473633,54.5533370633487,-43.35463716309623,9.12673419642702,1.00622506956086,1.2281501129042653
SB72231_component_461a,55.372437,-39.312963,10.487000465393066,28.969615936279297,55.372488271858664,-39.31320141675494,9.083927404274514,0.9458479203733755,1.1544566572007529
SB72231_component_463a,47.437473,-43.961262,10.442000389099121,22.407726287841797,47.43729922820191,-43.96132993593419,6.83018182046518,1.2525501435969029,1.5288026971422486
SB72231_component_465a,53.226943,-42.740145,10.50100040435791,57.070655822753906,53.22689701274601,-42.74024390904995,9.21248820082693,0.9338936263225313,1.1398658185977726
SB72231_component_469a,55.757869,-39.363816,9.8100004196167,21.94631004333496,55.75795560612761,-39.36401574317646,8.815368411481995,0.9117425845722023,1.1128293182664037
SB72231_component_470a,54.285337,-43.179862,9.958999633789062,63.031639099121094,54.28534348114278,-43.180039327935106,8.713796258980654,0.9363797129489044,1.1429002168285805
SB72231_component_471a,54.809808,-41.008427,10.708999633789062,54.36040496826172,54.80968745873105,-41.00846333994306,8.084267487621219,1.085305264862219,1.3246716106545067
SB72231_component_475a,48.722811,-44.401396,11.619999885559082,29.567428588867188,48.72250036406796,-44.401491453795934,9.354117001097702,1.0177638166939567,1.242233754847783
SB72231_component_479a,50.059009,-40.61344,10.246999740600586,62.48170471191406,50.05902891727518,-40.61353399722156,8.654254632611229,0.9700871164566484,1.1840418586700148
SB72231_component_481a,47.843127,-39.998697,10.538000106811523,16.088550567626953,47.84308178321816,-39.9987716064657,10.12951723057674,0.8523405137370768,1.0403259964849803
SB72231_component_482a,51.012953,-41.701762,10.220999717712402,65.1019058227539,51.012857505334864,-41.70185572717882,8.257786741360876,1.0140827475389362,1.2377408181926468
SB72231_component_483a,54.03273,-41.199576,10.138999938964844,61.07831573486328,54.03277665861762,-41.19968293576884,9.296314495148843,0.8935687944476249,1.090647260724209
SB72231_component_486a,55.26415,-40.248708,10.800000190734863,47.78761291503906,55.264120397791785,-40.24868152655743,9.2015750118248,0.9616239542075822,1.173712128288467
SB72231_component_488a,47.551552,-40.584573,10.010000228881836,18.571430206298828,47.55153498377851,-40.58480020952105,7.772140622140512,1.0552056757344312,1.287933494199311
SB72231_component_489a,53.690746,-39.547747,9.906999588012695,41.10788345336914,53.69061503131618,-39.547836631367105,7.7342010357039435,1.0494708236165742,1.2809338084539446
SB72231_component_492a,49.746051,-40.520736,9.423999786376953,58.900001525878906,49.74601075943735,-40.520784943225735,9.068744723333861,0.8513963252377824,1.0391735652376477
SB72231_component_496a,48.981167,-44.399911,10.590999603271484,25.644067764282227,48.981171186556296,-44.39979035094409,10.473261208980913,0.8285117984849478,1.0112418082525823
SB72231_component_503a,48.562012,-41.204003,10.126999855041504,48.6875,48.56202451855404,-41.20415149170772,7.847767562448071,1.0572516049971228,1.2904306574394053
SB72231_component_506a,56.324649,-40.12212,10.368000030517578,10.811262130737305,56.32444873696366,-40.12200924062405,6.859504949867254,1.2383570952952252,1.5114793423566553
SB72231_component_507a,54.016882,-44.138622,9.357000350952148,37.88259506225586,54.016625208599464,-44.13867394275292,7.750137593644294,0.9891699482919835,1.2073334489732936
SB72231_component_508a,50.850675,-44.092166,9.805000305175781,50.0255126953125,50.85052357018603,-44.09210711292891,8.506949942825361,0.9443161453660995,1.1525870460123226
SB72231_component_509a,51.983388,-44.363007,10.187999725341797,34.41891860961914,51.98334740149805,-44.36281396492769,8.599746535148661,0.9706149005913635,1.1846860466993612
SB72231_component_510a,52.469387,-41.102805,9.861000061035156,63.2115364074707,52.469208730257506,-41.10300668532912,8.851277611718308,0.9127643725474474,1.1140764637163867
SB72231_component_512a,51.028822,-41.980882,9.689000129699707,59.07926559448242,51.02870911910355,-41.980937000065715,7.578125080251492,1.047516502053815,1.278548457183576
SB72231_component_513a,47.903584,-40.665029,9.480999946594238,34.60219192504883,47.90346423576345,-40.665111527092144,7.392914444540838,1.050708255799533,1.282444158892615
SB72231_component_515a,53.72411,-44.386968,9.704000473022461,29.05389404296875,53.72378938361329,-44.386885980466566,7.213468386427823,1.102174495278699,1.3452613851168442
SB72231_component_517a,49.054518,-39.094244,10.418000221252441,17.568296432495117,49.054347179737476,-39.09446065489919,6.814400359849725,1.2525653614249548,1.5288212712941018
SB72231_component_518a,51.925104,-40.818114,9.979999542236328,63.16455078125,51.92497586308006,-40.81835447530821,7.91137368786142,1.0335281350667522,1.2614749266045722
SB72231_component_520a,48.792868,-40.118933,9.673999786376953,45.205604553222656,48.792960141179684,-40.11896991079788,8.845004465492957,0.896090138256475,1.09372469218282
SB72231_component_521a,47.736965,-39.991841,9.263999938964844,11.041716575622559,47.73705945236462,-39.99175515090053,8.369074174243178,0.9069112878945063,1.1069324690030717
SB72231_component_523a,55.423454,-39.832553,9.11299991607666,44.23786544799805,55.423737871204835,-39.83239309597337,7.615121042230954,0.9804562883350079,1.196697973090508
SB72231_component_525a,52.750097,-40.160465,9.079999923706055,47.291664123535156,52.75003713477484,-40.16045615303351,8.017847196415765,0.9278371352184871,1.1324735557151933
SB72231_component_530a,54.723194,-42.731538,9.142999649047852,49.690216064453125,54.72314339127755,-42.73153597778299,10.310270291812566,0.726544690156829,0.8867856409456453
SB72231_component_538a,50.514391,-40.859713,9.038000106811523,54.44578552246094,50.51432199942463,-40.85986802432342,7.520404538887532,0.9846339817955144,1.2017970655802626
SB72231_component_541a,47.791667,-41.010791,9.616999626159668,21.276548385620117,47.791714430879374,-41.01093920676639,9.300126856945349,0.8472165042722842,1.0340718760172263
SB72231_component_545a,48.921666,-41.819619,9.418000221252441,53.209041595458984,48.92172217067313,-41.81979491395978,7.6180722011228275,1.0128783603422995,1.2362708008811367
SB72231_component_548a,52.940335,-39.065012,8.614999771118164,14.008129119873047,52.9403493640157,-39.065440263648966,7.396573254138779,0.9542636662888567,1.1647285134771848
SB72231_component_551a,55.992161,-41.411551,9.12600040435791,28.341615676879883,55.99231017360384,-41.411543486680934,7.64500771075697,0.9780166237924404,1.1937202354311687
SB72231_component_554a,54.763831,-41.410189,8.826000213623047,49.3072624206543,54.76368628571949,-41.41024662127407,6.975074486252869,1.0367135257477345,1.265362861861641
SB72231_component_558a,49.036647,-43.871085,8.321000099182129,35.71244812011719,49.03639219074652,-43.8712573372026,9.323823340739045,0.7311814615583312,0.8924450619763213
SB72231_component_559a,53.907046,-43.519957,9.053000450134277,54.866668701171875,53.90688182557352,-43.52004652309502,7.094718398292172,1.0454446887493007,1.276019701122105
SB72231_component_560a,51.676811,-39.483172,8.526000022888184,35.673641204833984,51.67677045510845,-39.48330439373527,7.385160408411923,0.9458648302201141,1.1544772965495522
SB72231_component_561a,50.314342,-42.150974,8.864999771118164,51.54069519042969,50.314200114214124,-42.15114997284579,7.900763597625201,0.9192917069494962,1.122043415370989
SB72231_component_562a,53.612632,-39.495274,8.553000450134277,31.444852828979492,53.612676406697815,-39.49551064020312,9.251184850619458,0.7574689184168438,0.9245302724181941
SB72231_component_566a,54.883271,-42.874891,8.168999671936035,45.63686752319336,54.88316672697997,-42.8747064168812,5.906341702224862,1.1331671882193315,1.383089581298497
SB72231_component_569a,53.026952,-39.533169,8.013999938964844,31.928287506103516,53.026929899989916,-39.53331385251686,9.157023700673147,0.7170322301755261,0.8751751880226893
SB72231_component_571a,53.69162,-42.697756,8.550999641418457,52.460121154785156,53.69156966956884,-42.697979158170206,7.716783851136386,0.9078711873626168,1.1081040763062482
SB72231_component_572a,49.727333,-44.586968,9.159000396728516,17.21616554260254,49.72709192271927,-44.587027168965946,8.054503937622192,0.9316503694332525,1.1371278067103892
SB72231_component_576a,47.510999,-43.307673,8.041000366210938,12.109940528869629,47.51084805190658,-43.30792824015583,6.629821777130729,0.9936922641889093,1.212853171098506
SB72231_component_577a,49.396705,-42.371573,9.309000015258789,57.81987762451172,49.39658020581785,-42.371709594569204,7.553758624487664,1.0096796629511013,1.232366624091086
SB72231_component_579a,52.153466,-43.071712,8.060999870300293,50.381248474121094,52.153449212557234,-43.071654954425455,7.897601395073654,0.8362524143212788,1.0206896330990525
SB72231_component_583a,48.896253,-41.045864,8.13599967956543,44.459014892578125,48.89624171888645,-41.04595062230939,6.02109453553543,1.1070803889702368,1.3512492839214207
SB72231_component_587a,51.556777,-42.014023,7.769999980926514,44.655174255371094,51.5566674595476,-42.014153149293456,6.984615679987756,0.9114276171706281,1.1124448841457422
SB72231_component_590a,48.913639,-39.54673,7.577000141143799,27.959409713745117,48.91355995663061,-39.546950494470444,5.408208701318607,1.1478563302274616,1.4010184442949485
SB72231_component_591a,48.803349,-43.600415,8.00100040435791,40.40909194946289,48.80327673969787,-43.60055734321543,7.471388174157748,0.8773778629291116,1.070885385400266
SB72231_component_593a,48.190763,-43.015477,8.26200008392334,26.651613235473633,48.19124107745315,-43.015639731764914,4.625639569001088,1.463379903105565,1.7861314010048406
SB72231_component_594a,50.154547,-41.666629,7.701000213623047,49.68387222290039,50.15439953999714,-41.666796208085664,7.478835445988042,0.8436393697625183,1.0297057970107075
SB72231_component_595a,53.534549,-42.939764,7.953999996185303,48.5,53.53453315859043,-42.939852649754,7.574886682520126,0.8603063469724826,1.0500487108988734
SB72231_component_596a,49.299957,-39.501159,7.065000057220459,27.705883026123047,49.299895244279305,-39.50134702122154,9.488256898130336,0.6100555966347585,0.7446046342413662
SB72231_component_597a,49.813595,-39.712993,8.218000411987305,37.8709716796875,49.813541391272864,-39.7128197524715,7.554380713462625,0.8912734541970632,1.0878456783812929
SB72231_component_600a,53.039863,-40.720984,8.255000114440918,51.59375,53.039669983733894,-40.72115461712371,5.182376424857536,1.3050639986824168,1.5928985927856154
SB72231_component_604a,55.407213,-40.352426,7.335000038146973,26.77007484436035,55.40714626138142,-40.35252995541665,6.2512824095340775,0.9613348403535367,1.1733592497693073
SB72231_component_607a,48.634792,-40.827989,7.390999794006348,41.06110763549805,48.63479931561081,-40.82811579061332,6.331640506388785,0.956380301082528,1.1673119765009783
SB72231_component_608a,53.908208,-43.928517,7.376999855041504,37.63775634765625,53.907975362769385,-43.92863540344614,8.506259137962768,0.7105339711206974,0.86724372434394
SB72231_component_609a,53.455867,-40.04964,7.6620001792907715,39.29230880737305,53.45565402401139,-40.04964882891501,5.97417858081923,1.0507699352716269,1.282519441901265
SB72231_component_610a,49.101645,-40.121854,7.613999843597412,39.65625,49.10146643436696,-40.12187645173483,6.634922985047876,0.9402008906436984,1.1475641632549367
SB72231_component_613a,48.554993,-40.165817,7.35699987411499,31.30638313293457,48.555008932146556,-40.165720073264545,7.946516660384309,0.7585210389053779,0.9258144402807043
SB72231_component_616a,54.038509,-41.055435,7.671000003814697,43.33898162841797,54.03859578616693,-41.055528189041404,6.740284399925926,0.9324325853811342,1.1380825420213723
SB72231_component_622a,55.949062,-39.341674,7.645999908447266,13.228373527526855,55.94885491446936,-39.34189068035246,6.817301194521409,0.9188941515283146,1.1215581782702844
SB72231_component_624a,49.330722,-40.598092,8.251999855041504,47.1542854309082,49.33069887031868,-40.59817407231462,7.212834434881107,0.9373395222232701,1.144071714045593
SB72231_component_625a,51.56997,-42.359505,7.806000232696533,49.40506362915039,51.569893835979116,-42.35964004111352,7.099816543266784,0.9007932307363259,1.0994650615443675
SB72231_component_627a,49.204245,-39.209164,7.392000198364258,16.838268280029297,49.20428188079169,-39.20943498033638,7.491151653145975,0.8084572528929683,0.9867641906915504
SB72231_component_628a,54.939771,-39.587592,7.999000072479248,33.46862030029297,54.939712325525115,-39.58774152857946,6.467958747193141,1.0132395661231708,1.236711671352345
SB72231_component_629a,53.325821,-41.951142,8.45199966430664,50.30952072143555,53.32577123651866,-41.95135538960015,6.633239079432505,1.043944718076934,1.2741889087811586
SB72231_component_633a,51.259342,-41.904844,7.625,44.33139419555664,51.259328081600515,-41.90495567916515,5.958414197929638,1.0484623484670412,1.2797029120012247
SB72231_component_637a,51.943617,-41.431648,6.964000225067139,44.64102554321289,51.943547381201746,-41.431822135071684,8.849890779488817,0.6447102076587504,0.7869023921975894
SB72231_component_638a,54.705244,-41.078795,7.038000106811523,38.043243408203125,54.705200754512276,-41.078930063201305,6.955474854111224,0.829022208779268,1.011864790604702
SB72231_component_639a,55.712642,-39.536358,6.783999919891357,22.38943862915039,55.7126761944963,-39.536497045929856,6.4591030237716165,0.8605127376338675,1.050300621452238
SB72231_component_643a,50.865808,-39.439072,8.21500015258789,26.67207908630371,50.865902208711454,-39.43919813997594,6.846367808434842,0.983084909326707,1.199906341938987
SB72231_component_649a,47.687573,-41.906268,7.853000164031982,18.787080764770508,47.68768517504041,-41.90652374457257,6.283500527172996,1.0239473621326853,1.2497810941642618
SB72231_component_651a,50.499342,-42.19305,7.5229997634887695,46.15337371826172,50.499227163411284,-42.19315115239045,5.895835946979907,1.0454164710580318,1.275985259960017
SB72231_component_652a,53.358662,-39.57651,7.434999942779541,31.63829803466797,53.35864592917712,-39.57657274403771,7.11002400972065,0.8567489543875222,1.0457067279399608
SB72231_component_653a,51.190488,-40.888489,7.7210001945495605,50.1363639831543,51.19044977680452,-40.888569572466125,7.027691427357558,0.9001285983261047,1.0986538430661703
SB72231_component_655a,53.232279,-42.690563,7.067999839782715,37.796791076660156,53.23230161953363,-42.69068503602299,6.33935922653821,0.9134711793476846,1.1149391582345145
SB72231_component_660a,54.81566,-39.584255,7.033999919891357,26.9501895904541,54.815731772055145,-39.58429618554516,6.276791549068046,0.9181387852361149,1.1206362143626927
SB72231_component_661a,52.825249,-40.43159,7.607999801635742,41.34782409667969,52.825066831809714,-40.43162266183279,6.995943892181972,0.890979795344455,1.0874872524546326
SB72231_component_663a,50.443619,-41.222344,7.300000190734863,44.5121955871582,50.44363803783366,-41.22244362204264,5.69042340966293,1.051046595952429,1.2828571206737804
SB72231_component_665a,52.271126,-42.76437,7.284999847412109,44.6932487487793,52.271012649563986,-42.764444522183,7.791911289896543,0.7660008090909463,0.9349438894226472
SB72231_component_674a,52.329395,-39.171597,6.1579999923706055,11.403703689575195,52.32911848001445,-39.171922800458916,6.269397699820914,0.8047436243851503,0.9822315136502682
SB72231_component_676a,53.800555,-41.284061,6.573999881744385,41.34591293334961,53.800541650537646,-41.28417729083611,6.55405437001058,0.8217946942007256,1.00304323257144
SB72231_component_677a,52.63519,-39.295836,7.190000057220459,21.987768173217773,52.63499530281226,-39.29606714775613,5.908846526179761,0.9969419358095417,1.2168195645908917
SB72231_component_678a,50.295473,-42.507321,7.797999858856201,38.039024353027344,50.29540941176632,-42.50738992168556,7.681002489718396,0.831781004231147,1.015232044162779
SB72231_component_679a,52.835386,-39.307793,6.675000190734863,21.19047737121582,52.83539106742543,-39.30805710821228,6.360602455616901,0.8597985546845452,1.049428923959919
SB72231_component_685a,49.646619,-40.686039,6.85099983215332,41.77438735961914,49.64667274231885,-40.686080896873335,6.520983956953066,0.860764814417061,1.0506082942971162
SB72231_component_688a,53.749399,-44.341708,7.609000205993652,24.86601448059082,53.7489962208627,-44.341722761508656,5.787149321852605,1.077225408098246,1.3148097245843708
SB72231_component_689a,55.821643,-42.831028,7.328999996185303,30.537500381469727,55.82141666855283,-42.83084340169292,5.240853284208406,1.145740857251359,1.3984363993300182
SB72231_component_691a,50.063355,-41.614496,6.993000030517578,39.959999084472656,50.063160986132,-41.61466682653305,6.766048306787051,0.8467829732722477,1.033542728848517
SB72231_component_699a,55.296951,-43.400101,6.98799991607666,29.485231399536133,55.296834872174344,-43.39999356818553,6.0038213650869,0.9536056377707355,1.1639253553933004
SB72231_component_700a,50.536988,-40.780835,7.331999778747559,44.98159408569336,50.53686222066992,-40.780921446302,6.603123968046602,0.9097387069527243,1.1103834812473738
SB72231_component_701a,52.355212,-41.000843,6.863999843597412,42.11042785644531,52.35510353319282,-41.001105826837396,5.5672764711524,1.010132064007242,1.232918803146235
SB72231_component_702a,51.092481,-42.205949,6.701000213623047,43.797386169433594,51.0924289839349,-42.20600879358962,5.671151172370326,0.9680818736364758,1.181594355352422
SB72231_component_703a,53.871744,-39.590685,6.943999767303467,32.14814758300781,53.871671580163415,-39.5906535918211,4.9989529569030156,1.1380840285578484,1.3890908410559357
SB72231_component_704a,50.116811,-42.639436,6.548999786376953,40.67701721191406,50.116733841640546,-42.63943542619024,5.999713056747542,0.8943101851127757,1.09155216665098
SB72231_component_706a,52.024581,-41.058816,6.751999855041504,40.19047546386719,52.02446405709951,-41.058987621046924,6.39821414845114,0.8646041849077057,1.0552944459784934
SB72231_component_712a,51.382214,-42.097386,7.690999984741211,36.10798263549805,51.38221028945223,-42.097453768320854,6.507064424647672,0.9683701297199078,1.1819461869178656
SB72231_component_713a,50.617308,-44.510172,7.302000045776367,16.557823181152344,50.61706330460716,-44.510177025062475,7.145379857429295,0.8372597059355029,1.021919084985276
SB72231_component_717a,55.248664,-40.299731,6.182000160217285,25.3360652923584,55.24886968814816,-40.29973197084386,6.1319644151430674,0.825986723853931,1.0081598231311737
SB72231_component_718a,55.847299,-39.283808,7.107999801635742,12.340277671813965,55.847394905431536,-39.28385293479119,5.827652954085444,0.9993034963452136,1.2197019722412807
SB72231_component_720a,50.659672,-42.162668,6.736000061035156,41.07316970825195,50.65951668173768,-42.162814673125006,5.039711156809687,1.0950655511451255,1.3365845484881478
SB72231_component_725a,55.987713,-43.259179,6.390999794006348,19.36666488647461,55.98762921851414,-43.25898790653867,5.459197191347859,0.9591437533266083,1.1706849139165147
SB72231_component_729a,51.295111,-40.701271,6.499000072479248,40.87421417236328,51.29508056785179,-40.701262283856444,5.195456170457232,1.0248647059338938,1.2509007600592068
SB72231_component_731a,54.711698,-38.994458,6.75,23.851591110229492,54.71145407119447,-38.994511221398525,4.68799784873886,1.1796686822712166,1.4398470771090155
SB72231_component_733a,53.44066,-43.199965,6.51200008392334,36.58427047729492,53.44058434758539,-43.20014320777862,5.705713625637737,0.9350785786961997,1.141312114695466
SB72231_component_735a,48.400682,-41.44217,6.545000076293945,24.88593101501465,48.400814402966255,-41.44223430460313,7.5433544989907615,0.7108677614411344,0.867651132817583
SB72231_component_736a,47.650734,-44.052477,6.51800012588501,17.906593322753906,47.650369304325636,-44.05259139760169,7.216964360303689,0.7399518916123533,0.9031498287197768
SB72231_component_737a,55.477819,-39.635152,6.245999813079834,26.922412872314453,55.47772483051465,-39.63514231015551,5.651657736804915,0.9054610947104718,1.1051624326796057
SB72231_component_738a,53.094795,-40.744493,6.125999927520752,37.12726974487305,53.09479043685876,-40.744660510546964,5.304434116296172,0.9461970910880123,1.1548828382467005
SB72231_component_740a,55.758588,-41.741662,6.958000183105469,24.67375946044922,55.75841212099596,-41.74167992653764,4.548388655520598,1.2533447581893662,1.5297725656448047
SB72231_component_743a,53.806325,-39.432081,5.9039998054504395,21.626373291015625,53.8062143247114,-39.43221864204343,4.94032873184373,0.979116044539316,1.1950621357229132
SB72231_component_744a,49.025757,-43.068188,6.705999851226807,39.216373443603516,49.025603598441066,-43.06821646245437,4.873521845647658,1.127364365354561,1.3760069337158425
SB72231_component_745a,50.125126,-41.330447,6.413000106811523,39.10365676879883,50.124993612916924,-41.33055358044353,5.721362082919419,0.9183442149829912,1.1208869520698443
SB72231_component_747a,47.506254,-43.551415,6.590000152587891,14.483516693115234,47.506022213783346,-43.55152494143981,5.528037997622025,0.9766930243453775,1.1921047133581002
SB72231_component_755a,53.826425,-39.702322,6.335999965667725,32.162437438964844,53.826456770788404,-39.702367828634266,5.863171220215696,0.8853729926351375,1.0806438576826407
SB72231_component_756a,51.833031,-43.851393,6.329999923706055,29.858489990234375,51.8329164303959,-43.851336538121224,5.809353953358963,0.8927288040314986,1.0896220086651898
SB72231_component_758a,55.11211,-40.70722,5.797999858856201,25.208694458007812,55.111914097108716,-40.707247601904236,4.780009012339221,0.9937866671304194,1.2129683948061847
SB72231_component_759a,50.483465,-41.863465,6.447999954223633,37.27167892456055,50.48350984032899,-41.863553665647046,5.3480515983181665,0.9878093164346979,1.205672726914485
SB72231_component_763a,52.557162,-41.53314,6.158999919891357,38.25465774536133,52.557111024087966,-41.53324373918537,7.8057025242677,0.6464603351158902,0.7890385139253268
SB72231_component_770a,51.405033,-43.483886,6.177999973297119,39.35031509399414,51.40488901316551,-43.48395753218249,8.039552094170418,0.6295927658831735,0.7684507670243055
SB72231_component_771a,48.135916,-42.00472,5.631999969482422,28.15999984741211,48.13597885547777,-42.00489084832498,4.379647759247987,1.0535790872147772,1.2859481581800705
SB72231_component_772a,54.444181,-42.807955,5.8460001945495605,33.215911865234375,54.44407823966162,-42.808067000753574,5.357963465881286,0.8939284480941042,1.091086236734539
SB72231_component_780a,49.189242,-44.482128,6.2789998054504395,12.919753074645996,49.188969433447944,-44.48201858660508,5.765620267610925,0.8922532011241078,1.089041510541977
SB72231_component_784a,48.352766,-43.614336,5.745999813079834,30.24210548400879,48.352755001203434,-43.61431347860492,4.501155053989623,1.0458883242269335,1.2765611813320752
SB72231_component_788a,49.356749,-42.83527,6.019999980926514,36.93251419067383,49.35672755846257,-42.83527534669139,5.496577193996742,0.8973210154627673,1.095227041931012
SB72231_component_789a,51.404288,-42.410376,6.191999912261963,40.73684310913086,51.40423158177348,-42.41046580007272,4.535070966106347,1.1186404901959541,1.3653589896473433
SB72231_component_794a,52.945365,-40.043913,5.982999801635742,35.82634735107422,52.945266533163085,-40.04388738942745,5.045946136031871,0.9714491196637282,1.185704254532683
SB72231_component_800a,52.08119,-42.717816,5.691999912261963,33.68047332763672,52.08095650163258,-42.71782143385606,3.9945990648646506,1.1674421507839536,1.4249239585337021
SB72231_component_810a,55.011053,-40.335771,5.619999885559082,19.115646362304688,55.01115217740552,-40.33583018567179,5.446136411282678,0.8454568992760023,1.0319241864592692
SB72231_component_815a,55.078339,-44.492092,6.459000110626221,12.764822959899902,55.07781285866332,-44.49220783281869,4.97184525015535,1.0643669242587799,1.299115275244016
SB72231_component_817a,51.995766,-44.031024,5.578000068664551,26.817306518554688,51.99565668744484,-44.03098845503526,5.142931417830808,0.8886105461115915,1.0845954603488075
SB72231_component_819a,54.596853,-39.259294,5.2769999504089355,10.575149536132812,54.596867439105644,-39.25936423947931,4.54461235431441,0.951335988552682,1.1611551302938383
SB72231_component_820a,52.615718,-43.326935,5.882999897003174,34.60588073730469,52.615565893203836,-43.3269857082851,4.543622111992168,1.0608166247305715,1.2947819497303554
SB72231_component_822a,48.600603,-39.986416,5.361999988555908,18.363014221191406,48.60049941298476,-39.98636157201344,4.508717510877494,0.9743555509411806,1.1892517053064047
SB72231_component_823a,54.230736,-41.727805,5.742000102996826,37.28571701049805,54.23077950926215,-41.72788889998549,4.862701493818417,0.9674516427821496,1.180825125765214
SB72231_component_831a,50.028447,-42.646534,6.203000068664551,38.055213928222656,50.02839312720796,-42.646539578920915,4.664673831936742,1.089492349284985,1.3297821653028858
SB72231_component_832a,54.549624,-44.254279,5.644999980926514,20.305755615234375,54.549266910195634,-44.25421755332387,6.0530515692016085,0.7640701822571052,0.9325874588032105
SB72231_component_836a,53.554247,-42.445283,5.235000133514404,32.71875,53.5542131249913,-42.445485647580156,4.426563780821496,0.968932786591491,1.1826329389391235
SB72231_component_838a,48.977141,-41.502417,5.639999866485596,31.508378982543945,48.97737488206254,-41.502553030266995,4.664396973915909,0.9906660262671931,1.2091594900745846
SB72231_component_839a,52.213299,-41.259833,5.474999904632568,34.65189743041992,52.213408881595036,-41.2600976478184,3.230470328253805,1.388551654885093,1.6947996261559903
SB72231_component_840a,55.423689,-43.820133,5.76800012588501,20.167831420898438,55.42350074412246,-43.82019742972241,4.7127413276645616,1.0027561612971652,1.2239161296687147
SB72231_component_843a,49.869517,-42.434986,5.533999919891357,34.805030822753906,49.8694275823556,-42.43504948547078,5.583475618345233,0.8120414637012292,0.9911389066889955
SB72231_component_845a,52.475446,-43.404796,5.533999919891357,31.44318199157715,52.47538080299466,-43.404828304381454,5.309308820760388,0.8539743809838954,1.0423202165698828
SB72231_component_847a,50.003587,-39.529996,5.445000171661377,21.437007904052734,50.00341092741547,-39.530180240661,5.679838491214601,0.7854265759393961,0.9586540497733405
SB72231_component_852a,49.93326,-44.013063,5.541999816894531,27.989898681640625,49.93295615882977,-44.01310492490725,5.767716000954481,0.787238490848204,0.9608655863044233
SB72231_component_855a,48.349035,-40.084883,5.317999839782715,18.725351333618164,48.349204384849244,-40.084750202694764,5.369950413774552,0.8113751927803564,0.9903256883231961
SB72231_component_860a,55.450421,-42.62584,5.439000129699707,23.144681930541992,55.450254126088836,-42.62565826465712,5.1702956988917474,0.8618811214998546,1.051970805241479
SB72231_component_861a,53.101155,-39.74868,5.451000213623047,27.119403839111328,53.1009290188612,-39.74861666557355,5.921567286872309,0.7541942401872346,0.9205333570569273
SB72231_component_865a,52.410503,-43.583958,5.8520002365112305,34.02325439453125,52.410272919398004,-43.58395371217779,6.466891435009802,0.7413997678452869,0.9049170370837315
SB72231_component_879a,51.53709,-41.666977,5.031000137329102,30.490909576416016,51.53710940823933,-41.66713980508052,4.478604523679197,0.9203548295261883,1.1233410118552083
SB72231_component_880a,51.74176,-40.024377,5.265999794006348,33.97419357299805,51.741582883639055,-40.02436730584533,4.026422159836883,1.07153216235252,1.307860821583518
SB72231_component_882a,50.736214,-41.099085,5.335000038146973,31.755952835083008,50.73625353649757,-41.099172419172994,4.403590449032168,0.9925929508183559,1.2115114018651556
SB72231_component_883a,47.774477,-42.490854,5.044000148773193,15.472393035888672,47.77443442883336,-42.49111474543127,4.902274097767757,0.8429875905895443,1.0289102665781114
SB72231_component_884a,52.026894,-43.721537,5.109000205993652,30.230770111083984,52.02662647129863,-43.7214895435231,6.041929761537146,0.6927936985692137,0.8455907975821711
SB72231_component_888a,53.672105,-39.884586,5.465000152587891,28.463542938232422,53.67208161215504,-39.88446519984819,5.4691711512848835,0.8186765390869825,0.9992373618265699
SB72231_component_892a,48.629314,-44.236818,5.497000217437744,19.220279693603516,48.629320689618346,-44.23682599063457,5.137822303022308,0.8765775733655378,1.0699085902998535
SB72231_component_893a,49.753315,-39.902161,5.238999843597412,30.109195709228516,49.75297423190668,-39.902364233482714,3.6676262020190706,1.1703263938845037,1.4284443274817051
SB72231_component_895a,49.539785,-43.677933,4.76200008392334,27.367816925048828,49.53950548097667,-43.67803887385534,4.392100556881245,0.8883023373904877,1.0842192755497277
SB72231_component_896a,52.068108,-41.025724,4.758999824523926,29.018291473388672,52.068027906554825,-41.02579780756708,4.117939681133117,0.9468460871247464,1.1556749717165384
SB72231_component_898a,49.814554,-41.033442,5.105000019073486,31.31901741027832,49.81441316202584,-41.0335875084213,3.9936073927443663,1.047307132635849,1.2782929109026369
SB72231_component_900a,52.243118,-40.579587,4.979000091552734,31.713375091552734,52.242933440714,-40.57985252294596,4.6791885422973465,0.8717967992330569,1.0640734064347381
SB72231_component_902a,50.229016,-42.704692,5.2179999351501465,32.01226806640625,50.228973526454965,-42.7047465393766,4.942051941788745,0.8650484745463644,1.0558367246260718
SB72231_component_906a,49.642736,-43.57866,4.735000133514404,28.184524536132812,49.6425318394786,-43.578650901475186,4.246564169263398,0.9135366710014332,1.1150190942094558
SB72231_component_909a,50.410661,-42.916966,4.801000118255615,28.748504638671875,50.41083763702574,-42.91697672171018,3.6215330158256247,1.086132849013198,1.3256817202206563
SB72231_component_916a,51.174994,-39.464376,4.691999912261963,16.817203521728516,51.174718621118465,-39.46453443304187,4.723445026933121,0.8138470824363873,0.9933427584121636
SB72231_component_917a,50.398688,-42.46331,4.534999847412109,25.91428565979004,50.398695507812526,-42.46328096942937,4.704923430150674,0.7897113823895889,0.9638838792466549
SB72231_component_919a,54.045544,-43.506133,4.743000030517578,26.49720573425293,54.045179344069105,-43.506104259974016,4.659216137653402,0.8340343753426408,1.017982400985238
SB72231_component_920a,51.455157,-43.944794,4.824999809265137,26.081079483032227,51.454935834725454,-43.94479285823517,4.182176988266535,0.9452323426480181,1.153705312520751
SB72231_component_921a,47.782195,-43.773191,4.742000102996826,17.057554244995117,47.78184268752198,-43.77331306850019,3.6756234530832796,1.0569981469967622,1.2901212987470252
SB72231_component_922a,50.171243,-39.203458,4.5,10.344827651977539,50.17120700948737,-39.20360085026143,4.84600623721352,0.7608030164776142,0.9285997127786456
SB72231_component_923a,52.874052,-41.040994,4.877999782562256,29.56363296508789,52.87401656751131,-41.040990495074105,4.075403370064529,0.9806518618634141,1.1969366807695943
SB72231_component_924a,52.34033,-39.79882,4.954999923706055,26.35638427734375,52.34029663974031,-39.79880874108233,5.24175583080515,0.7744806043688122,0.9452939212822797
SB72231_component_925a,52.448024,-39.480655,4.638000011444092,19.736169815063477,52.44806890189915,-39.48081295015454,4.262586812304942,0.8914586209836699,1.088071684089913
SB72231_component_926a,55.576533,-43.051743,4.663000106811523,22.418270111083984,55.57640556963741,-43.05159678136984,4.575733987917409,0.834926677115182,1.019071501779725
SB72231_component_927a,49.523945,-40.602844,4.8429999351501465,27.994220733642578,49.523673377955674,-40.60291226674737,3.6195073107566182,1.0962476765791354,1.3380273941587288
SB72231_component_930a,52.167645,-43.618861,4.710999965667725,26.318435668945312,52.167385331098984,-43.618882255799804,4.253746661674491,0.9073715552388737,1.107494249272766
SB72231_component_931a,48.93299,-42.572635,4.940000057220459,27.444442749023438,48.933067488066854,-42.57272835015657,4.513240416894669,0.8967722608992371,1.094557258400921
SB72231_component_938a,49.82184,-42.453443,4.979000091552734,32.33116912841797,49.82171117197118,-42.4534785348994,4.122828512423186,0.9894424621084268,1.2076660662818437
SB72231_component_944a,48.48434,-41.347948,4.7769999504089355,19.262096405029297,48.484275333809435,-41.34796794572437,3.7191102269258773,1.0523491811432526,1.28444699375245
SB72231_component_947a,54.430956,-43.600167,4.25600004196167,24.18181800842285,54.430700094398006,-43.60017592649184,3.4334867037054075,1.0155701664952743,1.2395562905103459
SB72231_component_949a,50.832346,-42.663057,4.678999900817871,28.882715225219727,50.83236046369975,-42.66310557407315,4.758267902889157,0.8056526251306144,0.9833409964110773
SB72231_component_950a,50.444987,-39.976109,5.004000186920166,30.88888931274414,50.444925142108744,-39.97604188404677,4.337749794355099,0.9451407759600122,1.153593550608218
SB72231_component_954a,51.372146,-44.032474,4.4679999351501465,23.64021110534668,51.372089176477935,-44.03248089120321,4.14738323662674,0.8826381015033445,1.0773057805924342
SB72231_component_956a,52.059713,-39.326517,4.795000076293945,13.938953399658203,52.05979224783433,-39.32680008806695,4.587538713073405,0.8563524746901485,1.0452228038161997
SB72231_component_965a,52.948292,-44.072169,4.586999893188477,20.386667251586914,52.94792885036264,-44.07215243651465,4.155579221189129,0.9043589581019271,1.1038172175372212
SB72231_component_967a,54.879966,-40.297627,4.585000038146973,17.236841201782227,54.87976558864801,-40.29768643625947,3.4791000059598858,1.0797323458293977,1.3178695726747207
SB72231_component_969a,53.601507,-44.205837,4.954999923706055,20.390945434570312,53.60115347646311,-44.20580884093582,3.8844295604699,1.04510537791928,1.275605554578945
SB72231_component_974a,53.518495,-39.939264,5.0269999504089355,26.18229103088379,53.51838326926077,-39.939305222580245,5.360580197792954,0.7683175686802334,0.937771615184237
SB72231_component_975a,52.193934,-39.440908,5.125,16.58576202392578,52.194204804090035,-39.44105589385576,4.67378318146331,0.8983984400017891,1.0965420947052615
SB72231_component_978a,48.599798,-44.403953,4.361000061035156,11.915300369262695,48.59976075147719,-44.40402432774397,3.035931550546447,1.1768952175920653,1.4364619189949148
SB72231_component_979a,49.475333,-43.579549,4.7829999923706055,25.994565963745117,49.47519432097164,-43.57959178938566,3.7975180010362433,1.0319156995212144,1.2595068650274863
SB72231_component_982a,50.415906,-40.806435,4.557000160217285,28.481250762939453,50.416014535432645,-40.80643143997552,4.103237576632772,0.9099050207904206,1.110586475949775
SB72231_component_990a,54.440328,-39.591472,4.685999870300293,18.304685592651367,54.44033988946316,-39.59144635919576,4.531881530929494,0.8471638292879149,1.0340075834548987
SB72231_component_991a,49.622957,-41.64158,4.492000102996826,25.23595428466797,49.623078345587324,-41.641729484874986,3.3696209287796055,1.0922005514439392,1.333087667111481
SB72231_component_994a,55.011689,-42.524952,4.6539998054504395,24.113988876342773,55.011715076709365,-42.52500984969118,4.284289443032195,0.8900025232572499,1.0862944409648903
SB72231_component_995a,54.134404,-42.003153,4.764999866485596,29.96855354309082,54.13436602370755,-42.00336954792845,3.854003132760043,1.012965164327089,1.236376749666299
SB72231_component_1000a,48.07777,-42.670032,4.61299991607666,16.242956161499023,48.07781112509717,-42.67025449758268,3.736330826569739,1.0115370732885651,1.2346336901627568
SB72231_component_1001a,50.405252,-43.275777,4.235000133514404,25.359283447265625,50.40509274822919,-43.27576611388637,3.829444674859983,0.9060690789889085,1.1059045091620887
SB72231_component_1003a,49.093694,-40.557145,4.2220001220703125,23.586591720581055,49.0936134055642,-40.55709569438174,4.405126650741869,0.7852420047505394,0.9584287710227999
SB72231_component_1008a,49.032423,-40.931201,4.197999954223633,23.58426856994629,49.03244220091054,-40.93129490045074,3.9816351884125822,0.8638227635798849,1.0543406805426874
SB72231_component_1010a,53.969689,-44.099843,3.9049999713897705,16.54660987854004,53.969590108874556,-44.09980390020646,4.002435661219293,0.7993562159652756,0.9756559010370601
SB72231_component_1014a,49.159419,-43.642911,4.309999942779541,22.102563858032227,49.1592460305768,-43.64314936475053,4.207862710384827,0.8391882290561024,1.024272947913116
SB72231_component_1016a,52.912399,-42.171246,4.232999801635742,27.309675216674805,52.912262690265,-42.171296596852926,3.5701588335338585,0.9714140733365382,1.1856614786647413
SB72231_component_1024a,48.580421,-39.856627,4.326000213623047,14.37209415435791,48.58035748026035,-39.85655198811692,3.897732408965269,0.9093230442660903,1.1098761432859547
SB72231_component_1025a,52.443961,-43.161264,3.989000082015991,24.175756454467773,52.443895791146836,-43.16130740739236,2.655695093198603,1.230635715240161,1.502054995783237
SB72231_component_1032a,49.11755,-42.495016,4.34499979019165,25.40935516357422,49.11748338372602,-42.4950474517084,3.9058529374728073,0.9114178992265024,1.1124330228887171
SB72231_component_1035a,53.558149,-43.530658,4.10699987411499,23.07303237915039,53.55794448581878,-43.53068807488221,2.529892730612798,1.3300447805709488,1.6233889383603157
SB72231_component_1037a,51.356183,-42.478171,4.361999988555908,27.607593536376953,51.35609366281744,-42.47819728425735,3.441830471971067,1.0383406718796284,1.2673488784756672
SB72231_component_1040a,52.173711,-44.058063,3.9010000228881836,21.316940307617188,52.17342781643547,-44.05797875444205,3.48588353008729,0.9168678855518356,1.1190850150952973
SB72231_component_1042a,52.935381,-43.59944,4.441999912261963,26.440475463867188,52.935361701826196,-43.599551928598544,3.6957352936940673,0.9847395234261342,1.201925884638228
SB72231_component_1043a,48.155162,-42.199139,4.361999988555908,22.601036071777344,48.15521849195354,-42.19927593193963,3.1484178833671392,1.1351074403567267,1.385457760102315
SB72231_component_1048a,51.351413,-43.96847,3.874000072479248,20.827957153320312,51.35131507292177,-43.96843111702735,3.412888837344619,0.9299961752143604,1.1351087764972134
SB72231_component_1050a,50.186953,-43.408618,4.0929999351501465,25.422359466552734,50.18676569288886,-43.40863362959527,3.025182127921432,1.1084953932647983,1.3529763703722524
SB72231_component_1053a,49.524384,-39.493658,4.408999919891357,17.155641555786133,49.52419507424122,-39.49396870052147,3.637959962189341,0.9929465168445518,1.2119429476178185
SB72231_component_1054a,49.994742,-40.40497,3.7209999561309814,22.1488094329834,49.99458715720966,-40.405086841625454,3.539455302335739,0.8613247236882325,1.0512916927289457
SB72231_component_1057a,49.276491,-41.13852,3.7880001068115234,18.660099029541016,49.27653914653936,-41.138679389036625,4.161596508030883,0.745750740014618,0.9102276252639081
SB72231_component_1058a,50.67134,-42.936102,4.109000205993652,24.60479164123535,50.67156705781851,-42.93593524970599,3.714660982741458,0.9062763767796747,1.1061575269141164
SB72231_component_1060a,51.2682,-43.551031,3.9100000858306885,23.13609504699707,51.26817659331651,-43.551012824014144,3.5299121571902092,0.9075207208431522,1.1076763136630083
SB72231_component_1066a,50.89657,-41.623368,3.984999895095825,24.298778533935547,50.89633841595594,-41.62351638360395,3.3667827306110825,0.9697435602752305,1.183622530454329
SB72231_component_1067a,50.855743,-44.205662,3.8329999446868896,17.502283096313477,50.855712094971814,-44.205523390690765,3.765144574567414,0.8340668046377918,1.0180219826292518
SB72231_component_1068a,50.166323,-39.543527,4.401000022888184,19.647321701049805,50.16636589026639,-39.54356374814881,4.121547117481892,0.8748523900189114,1.0678029141583674
SB72231_component_1069a,52.310486,-44.341009,4.111000061035156,14.734766960144043,52.310416289037995,-44.34113938266989,4.161263293716603,0.8094051595975789,0.9879211602021571
SB72231_component_1070a,49.827336,-42.617365,3.937000036239624,23.434524536132812,49.82712514427754,-42.61738379418836,2.2298848904815833,1.4465273680824229,1.7655620041397557
SB72231_component_1072a,50.002462,-43.032878,4.025000095367432,25.47468376159668,50.00233141655784,-43.032925442792646,3.7205510802504906,0.8863439903371015,1.0818290109583562
SB72231_component_1073a,50.620496,-41.60976,3.734999895095825,23.49056625366211,50.620445264960395,-41.60991198831027,2.939858731523713,1.040897134493664,1.2704691742653889
SB72231_component_1075a,51.505808,-40.525618,4.099999904632568,26.114648818969727,51.50549820659819,-40.52591399755111,2.67164885361825,1.2573267376147128,1.5346327789596612
SB72231_component_1076a,52.159484,-43.646086,3.625999927520752,20.959537506103516,52.15933024697857,-43.64599749994028,2.9248514326452795,1.0157051649126647,1.239721063111005
SB72231_component_1080a,48.177332,-40.150724,3.7739999294281006,11.471124649047852,48.17725394102145,-40.15047647673531,3.3652303585850163,0.9188206991873504,1.1214685258619146
SB72231_component_1084a,55.169045,-41.165754,3.671999931335449,19.95652198791504,55.16898641354096,-41.16574050204938,3.530824272127657,0.852060125624296,1.0399837681875685
SB72231_component_1086a,52.308026,-42.296159,3.6510000228881836,22.262195587158203,52.30794262488726,-42.29628979445292,3.510743115796778,0.8520330939780189,1.0399507746551755
SB72231_component_1089a,49.014305,-44.294697,4.038000106811523,11.603448867797852,49.014423598842264,-44.294964696562424,3.112705882609994,1.0628498620399667,1.297263621780312
SB72231_component_1093a,51.967874,-42.004534,4.077000141143799,24.560243606567383,51.96777624963729,-42.00469831897081,3.2314298411424947,1.0336884796064187,1.26167063546778
SB72231_component_1094a,51.43564,-43.004158,4.093999862670898,24.082351684570312,51.43555400892313,-43.00425102350715,2.8118270990615795,1.1928968519062164,1.4559927472202085
SB72231_component_1098a,54.220393,-40.796294,3.9639999866485596,20.863157272338867,54.22039637669853,-40.79639913406132,3.5526722886401005,0.9141599208259857,1.1157798030861743
SB72231_component_1103a,48.73076,-41.220337,3.934999942779541,20.283504486083984,48.7309865051534,-41.22064657800014,2.964892488021584,1.0873752945406865,1.327198189707476
SB72231_component_1115a,50.240432,-40.556016,3.7060000896453857,22.325302124023438,50.24060451103889,-40.55617613915291,3.134227100231791,0.9687654570121478,1.1824287044711308
SB72231_component_1118a,53.585882,-39.987663,3.6080000400543213,17.09952735900879,53.58572310920747,-39.987534108643935,4.696002031217232,0.6294800033381025,0.7683131344641062
SB72231_component_1120a,53.74303,-39.556443,4.063000202178955,17.28936195373535,53.74301230544323,-39.556496897850835,3.6412338420455934,0.9142015521879479,1.1158306163320781
SB72231_component_1123a,52.821093,-40.915525,3.931999921798706,23.404762268066406,52.82100539392325,-40.915672989566275,3.061538125778113,1.0522465469303226,1.2843217233492261
SB72231_component_1126a,55.420249,-41.835273,3.558000087738037,16.321102142333984,55.42042864989789,-41.835357417343076,3.023096298465119,0.9642677761718608,1.1769390507158168
SB72231_component_1127a,55.942068,-40.002309,3.872999906539917,10.246031761169434,55.94246643902805,-40.002405770383646,2.8053452892033124,1.1311100063334856,1.3805786836456795
SB72231_component_1128a,50.054383,-42.264235,3.5190000534057617,22.55769157409668,50.05414677416879,-42.26437443676947,3.1454969605179706,0.9165869811736226,1.1187421566690328
SB72231_component_1130a,49.290172,-41.855177,3.9670000076293945,23.198829650878906,49.29021305840959,-41.855202441923936,2.211581257790935,1.4696129875186075,1.7937392052200156
SB72231_component_1132a,48.561972,-41.01138,3.509000062942505,17.994873046875,48.561854291357065,-41.01148314171828,5.305215561924166,0.5419060778760989,0.6614245966039152
SB72231_component_1136a,54.03254,-42.465106,3.8399999141693115,25.263158798217773,54.03265960427422,-42.46524481845429,3.304326617079543,0.9521205236283219,1.1621126962210568
SB72231_component_1140a,48.263744,-42.294903,4.0279998779296875,24.119760513305664,48.26393290153439,-42.29512089683995,3.40671947238012,0.9687166329484391,1.1823691121580688
SB72231_component_1141a,50.875019,-44.07056,3.684000015258789,20.93181800842285,50.874793588142694,-44.07066271537128,2.3346648830177408,1.292822057681595,1.577956666096303
SB72231_component_1143a,49.636855,-42.443546,3.5480000972747803,22.17500114440918,49.63671628719789,-42.44364582835409,3.321850162866642,0.8750790061173027,1.068079510911166
SB72231_component_1145a,53.829737,-41.913113,3.7190001010894775,23.099380493164062,53.829741409762555,-41.91326555509475,4.135884130371588,0.7367183848167779,0.8992031652384189
SB72231_component_1148a,48.308889,-41.95752,3.563999891281128,18.27692413330078,48.308943800283394,-41.95763261558663,3.281161601976558,0.8899256867980722,1.086200658063958
SB72231_component_1150a,51.389402,-41.997751,3.5789999961853027,21.43113899230957,51.38936866662202,-41.99779325419383,2.578787435286591,1.137076890674595,1.38786157680637
SB72231_component_1153a,51.776406,-40.448826,3.4739999771118164,21.44444465637207,51.77625200192033,-40.44893081870495,2.4095709523672793,1.1812281088450736,1.4417504384748623
SB72231_component_1156a,53.243798,-40.033241,3.555000066757202,19.860334396362305,53.24377461335171,-40.03320752255407,3.6358733769001614,0.8010775188378996,0.9777568408578877
SB72231_component_1162a,52.096352,-39.741467,3.2960000038146973,16.39801025390625,52.09630576780478,-39.74151865948233,2.7729857065517023,0.9738302332045219,1.1886105276443637
SB72231_component_1167a,51.874443,-40.648341,3.815000057220459,24.14556884765625,51.87425815443594,-40.64864300202625,3.086485342294902,1.0126841456279498,1.236033751705389
SB72231_component_1168a,48.707595,-41.730842,3.811000108718872,20.05789566040039,48.707913014270055,-41.731178360853015,3.3590302949646604,0.9295413659263603,1.1345536580696325
SB72231_component_1176a,49.59268,-42.918179,3.484999895095825,20.5,49.59290396180769,-42.91819653663259,3.109492633390141,0.9182415022959868,1.1207615858849247
SB72231_component_1177a,54.403759,-42.169041,3.674999952316284,23.407642364501953,54.40386664585094,-42.16910469956839,3.4489807628541205,0.8729919652184921,1.0655321687776325
SB72231_component_1179a,48.415676,-40.906304,3.431999921798706,17.78238296508789,48.41576873947317,-40.906446463080634,2.8401103535164083,0.99004682436746,1.2084037219009696
SB72231_component_1181a,52.79251,-41.21285,3.381999969482422,19.662790298461914,52.79248366343471,-41.21309805525942,2.898363053447479,0.9560145350473638,1.1668655400018564
SB72231_component_1183a,51.242889,-40.952765,3.3420000076293945,20.629629135131836,51.242839475943754,-40.952931108034086,5.120950731106663,0.53468688280442,0.6526131929621537
SB72231_component_1184a,55.37887,-42.008915,3.5929999351501465,14.090195655822754,55.37905416262295,-42.008913143125035,3.3799750806851847,0.870938305023736,1.0630255695322397
SB72231_component_1186a,54.337675,-40.085413,3.6570000648498535,20.093406677246094,54.33779780686327,-40.08537584237306,2.7917288286670807,1.0732364586934728,1.3099410040465496
SB72231_component_1189a,48.30015,-43.025184,3.611999988555908,13.086956977844238,48.30018390162768,-43.02532609943575,4.996742604547406,0.592249145449035,0.7228709330091809
SB72231_component_1190a,48.745645,-42.074132,3.3589999675750732,18.558012008666992,48.74582403366933,-42.07413894880351,2.6920371895044792,1.0222864990893459,1.2477539243034608
SB72231_component_1192a,54.636024,-41.884223,3.563999891281128,20.842103958129883,54.63609870377175,-41.884424480162316,3.4194381393345052,0.8539385340957631,1.0422764635756088
SB72231_component_1195a,49.33775,-39.434735,3.7720000743865967,12.65771770477295,49.33766108225927,-39.434910419093164,3.253053063318675,0.9500013577627773,1.1595261438921953
SB72231_component_1199a,51.948373,-43.507454,3.3919999599456787,21.200000762939453,51.948118486346694,-43.50744239261727,3.1224376872436626,0.8900322412120517,1.0863307132767708
SB72231_component_1200a,53.399576,-40.774105,3.3329999446868896,19.958084106445312,53.399399657264674,-40.7742220115913,3.818890483899906,0.715058845239943,0.8727665689127545
SB72231_component_1201a,53.062803,-43.654321,3.694000005722046,19.139896392822266,53.06286341240129,-43.65426265700577,1.5228887962278082,1.987340947966122,2.4256531500343788
SB72231_component_1203a,53.091938,-42.719775,3.359999895095825,20.487804412841797,53.091959734266894,-42.72011667935026,2.6033055076612066,1.0574450473687358,1.2906667639306106
SB72231_component_1219a,55.892933,-42.820791,3.190000057220459,11.392857551574707,55.89283560357413,-42.82049237300388,3.8539189353436085,0.678159416352701,0.8277288938191026
SB72231_component_1220a,54.361806,-42.163579,3.0989999771118164,19.368749618530273,54.36191631889924,-42.16385392361342,2.3821137515119535,1.0658663651079505,1.3009454209081524
SB72231_component_1222a,52.11464,-43.598527,3.374000072479248,19.170455932617188,52.114263796283,-43.598472014776895,3.4883746287382444,0.7924386496781335,0.9672126510390411
SB72231_component_1224a,51.450237,-41.235626,3.178999900817871,21.19333267211914,51.45028235291066,-41.235896877697556,2.9636839506133716,0.8788248059034389,1.0726514546734773
SB72231_component_1225a,50.000985,-44.345328,3.5950000286102295,11.559486389160156,50.00058613895642,-44.34542920086734,3.2190558920749774,0.9149851838102118,1.116787079547389
SB72231_component_1230a,48.26188,-43.304307,3.378999948501587,13.199217796325684,48.26162437668967,-43.30433116281778,3.047661892071047,0.9083748078630779,1.108718771361274
SB72231_component_1232a,55.444974,-39.484536,3.507999897003174,12.89705753326416,55.44485673010062,-39.48445882170797,3.076970595892245,0.9340710385606531,1.1400823594760225
SB72231_component_1235a,50.396507,-42.014145,3.0290000438690186,18.469511032104492,50.396267734758496,-42.01424682542227,2.594376623777674,0.9565549819082688,1.1675251835481346
SB72231_component_1239a,53.568565,-42.981467,3.440000057220459,21.3664608001709,53.56849650565769,-42.98157066415353,3.3503655056082673,0.8412206828007862,1.0267536635815258
SB72231_component_1240a,55.489072,-42.052969,3.440999984741211,11.704081535339355,55.48938243061087,-42.052914041734105,3.693576613448896,0.7632753548368313,0.9316173305332253
SB72231_component_1244a,55.550086,-41.446576,3.38700008392334,17.920635223388672,55.54976655853021,-41.446658573263704,2.4922271351580334,1.1134514059344043,1.359025442000321
SB72231_component_1246a,54.82802,-44.180754,3.4570000171661377,14.344398498535156,54.82730055619546,-44.18074296623752,2.414355245831929,1.173118518335712,1.431852260819612
SB72231_component_1247a,52.934723,-42.289195,3.2760000228881836,21.411766052246094,52.93485454084428,-42.2893450680945,2.8438121700403616,0.9438145506920558,1.1519748235839669
SB72231_component_1250a,49.422446,-41.505754,3.01200008392334,19.30769157409668,49.42270636877956,-41.505735613070115,3.1173763941049497,0.7916066210743852,0.9661971167867699
SB72231_component_1252a,51.689585,-42.070997,3.322999954223633,19.319766998291016,51.689552605202735,-42.07108896395007,2.65902635048376,1.0238854583511579,1.249705537374263
SB72231_component_1257a,51.37089,-43.543908,3.260999917984009,18.217876434326172,51.370940724664734,-43.54407520115181,3.4638420364362954,0.771323192837071,0.9414401360343277
SB72231_component_1260a,49.197417,-39.310235,3.566999912261963,10.339130401611328,49.197369376443824,-39.31034900416502,3.275184652066671,0.8923001979716618,1.0890988726425406
SB72231_component_1262a,51.082047,-40.274058,2.9830000400543213,16.853107452392578,51.081708662712714,-40.27420029380059,1.6596652729087382,1.4725716433237022,1.7973503987501644
SB72231_component_1271a,54.649954,-40.435857,3.0969998836517334,16.046630859375,54.64983201644717,-40.435865379050405,2.230018326196387,1.1378275310474317,1.3887777724832004
SB72231_component_1272a,51.020539,-40.03147,3.4119999408721924,18.955554962158203,51.020462042092866,-40.031463305874624,3.1329984300387665,0.89226224877255,1.0890525536682039
SB72231_component_1275a,50.497944,-43.971501,3.1700000762939453,17.909605026245117,50.49776836510087,-43.97145212445465,2.464843960357391,1.0536916112620203,1.286085499641247
SB72231_component_1280a,50.445629,-44.031235,2.8540000915527344,14.414141654968262,50.44563994721855,-44.03133930078564,2.4098481374765313,0.9703043720667952,1.184307030459312
SB72231_component_1283a,54.228008,-43.98379,3.0309998989105225,15.385786056518555,54.22814091105393,-43.98389394181715,2.8008319720120394,0.8866302560133348,1.082178413128131
SB72231_component_1284a,52.428307,-42.937648,3.1389999389648438,19.993629455566406,52.42841643279284,-42.93768446550018,2.0665977356773415,1.2444545470695585,1.5189215998710146
SB72231_component_1287a,54.913052,-41.636997,3.0230000019073486,17.8875732421875,54.912845200795864,-41.637227704881845,2.2741947892118377,1.0890659206384312,1.3292616869265725
SB72231_component_1290a,49.549594,-41.353346,3.1619999408721924,19.88679313659668,49.55004793629259,-41.3535373278163,2.68316324275656,0.9655137044621328,1.1784597710960356
SB72231_component_1291a,50.516906,-43.396815,3.1649999618530273,19.417177200317383,50.51684656818951,-43.396925283072974,3.1126029757375795,0.8330933381808614,1.0168338161094996
SB72231_component_1294a,55.337116,-41.992249,3.171999931335449,13.55555534362793,55.337342635180725,-41.99228386536388,2.571046133731197,1.010804066864957,1.233739017639534
SB72231_component_1298a,50.842205,-42.921652,2.874000072479248,15.79120922088623,50.842135924082974,-42.92165203056301,2.0825703739948063,1.1306567235269718,1.3800254283682687
SB72231_component_1303a,50.700579,-43.692677,3.1730000972747803,19.70807456970215,50.70043673765572,-43.69272781698601,3.7181199820464212,0.6991822044338668,0.8533883017751321
SB72231_component_1308a,52.999703,-41.619757,2.7669999599456787,16.470237731933594,52.99941300995129,-41.61989723730748,2.5353323376716435,0.8941655589470098,1.0913756428819072
SB72231_component_1317a,50.013404,-43.889872,2.875,17.113096237182617,50.0132391195104,-43.889920432146084,2.451861785757861,0.9606950323402811,1.17257833076074
SB72231_component_1320a,50.584756,-41.362653,3.1760001182556152,19.726709365844727,50.584578401184146,-41.36281708699439,2.7276631288411184,0.9539672326768405,1.1643667008121266
SB72231_component_1326a,53.074731,-39.987368,2.8429999351501465,16.24571418762207,53.074750400751206,-39.98733270390673,2.457875154584287,0.9476778087201717,1.156690131249159
SB72231_component_1327a,48.558223,-43.260765,2.9179999828338623,13.144144058227539,48.558366475525574,-43.2607490809696,2.1049550163191557,1.1357588945397508,1.386252893867748
SB72231_component_1328a,55.426998,-40.98129,2.999000072479248,11.996000289916992,55.42688665730023,-40.98126549710036,2.6297024653804644,0.9343585059985824,1.1404332284585488
SB72231_component_1329a,50.089753,-44.035875,3.1700000762939453,14.88262939453125,50.089547579715294,-44.03580729814736,2.1787138459891042,1.1920727491954568,1.4549868869331997
SB72231_component_1336a,54.695381,-42.801048,3.0209999084472656,17.66666603088379,54.695291444311,-42.801000954497816,3.100533813887936,0.7982849119162756,0.974348318639706
SB72231_component_1337a,51.710406,-42.185166,2.7750000953674316,16.81818199157715,51.71047544064906,-42.185259999742534,2.356981305609384,0.964607302284352,1.1773534600224467
SB72231_component_1338a,48.909644,-43.428243,2.755000114440918,14.274611473083496,48.90945885957923,-43.428466403571,1.492580145981873,1.5122640972078991,1.845797106344718
SB72231_component_1339a,55.344246,-41.38613,3.1679999828338623,18.0,55.344342046431464,-41.38621513910705,2.8359437379266708,0.9152320936680034,1.117088445890663
SB72231_component_1342a,48.336909,-41.5261,3.138000011444092,11.20714282989502,48.33698760554586,-41.52630194957841,2.8435071413461728,0.9041537718533509,1.1035667770324291
SB72231_component_1345a,48.751068,-40.734916,2.7330000400543213,15.268156051635742,48.75105480397383,-40.73500844727069,2.7273447816161513,0.8210002237307514,1.0020735399778897
SB72231_component_1346a,52.61159,-42.1147,3.1510000228881836,19.331287384033203,52.61145338433768,-42.11484618416743,2.2566158213385257,1.1440222167677478,1.3963387090936676
SB72231_component_1351a,53.190288,-40.827137,2.9660000801086426,17.447059631347656,53.190362737438036,-40.827328882142474,3.2147816754482603,0.7558982765102528,0.9226132221545252
SB72231_component_1352a,55.724656,-41.263551,2.74399995803833,12.249999046325684,55.72409348928882,-41.26371633490167,2.2682195313501174,0.9911575545023287,1.2097594258898796
SB72231_component_1353a,48.208342,-40.433752,3.1649999618530273,12.034219741821289,48.20826026159874,-40.43383990448505,1.9804513509809543,1.309342338656538,1.5981205295880376
SB72231_component_1354a,53.083215,-41.672117,3.0450000762939453,18.343374252319336,53.08323077810046,-41.67221125569251,2.5269830855681925,0.9872534355880411,1.204994245384621
SB72231_component_1355a,55.923262,-41.294957,3.1080000400543213,10.53559398651123,55.923362356650784,-41.29518959100525,2.8296535926196373,0.8998941411536796,1.0983676758740621
SB72231_component_1363a,55.210736,-43.063397,2.4839999675750732,14.19428539276123,55.2106021904162,-43.0631984686505,2.328777476401123,0.8739111384026922,1.066654067529814
SB72231_component_1368a,52.739391,-42.613639,2.6449999809265137,16.030302047729492,52.73924487506897,-42.613798690731926,2.4502320710185805,0.8844272885668948,1.0794895766044588
SB72231_component_1369a,52.45876,-39.565986,2.617000102996826,11.73542594909668,52.45875476206619,-39.56611125192754,2.635351788857527,0.8135960358916867,0.9930363430270323
SB72231_component_1376a,52.238861,-43.194146,2.8369998931884766,16.886903762817383,52.238781993846594,-43.194324365010544,2.4700000463824345,0.941035568566759,1.1485829311394349
SB72231_component_1380a,55.723872,-41.689551,2.6630001068115234,10.5256929397583,55.723687831292,-41.689663518676255,3.3814719058883105,0.645221872440126,0.7875269057165079
SB72231_component_1383a,53.905982,-42.309552,2.8410000801086426,16.71176528930664,53.905876103801916,-42.30950513024642,1.9019678740267607,1.2238036658851374,1.4937161236555512
SB72231_component_1389a,48.295507,-44.133211,2.7880001068115234,11.426229476928711,48.29544191366384,-44.13322642235297,2.4973660612468693,0.9146485736972261,1.116376229370054
SB72231_component_1390a,50.247975,-43.968161,2.809000015258789,15.102149963378906,50.24788113417913,-43.96820669042757,2.367789551292282,0.9719687961353222,1.1863385467368521
SB72231_component_1391a,48.950628,-43.90585,2.4790000915527344,10.03643798828125,48.95036714030408,-43.90594718648617,2.325567661686655,0.8733558707736488,1.0659763344639905
SB72231_component_1394a,50.024252,-39.621655,2.6500000953674316,12.100457191467285,50.024294546941924,-39.621971942833376,1.9945637831004486,1.0885331048000908,1.3286113574408438
SB72231_component_1397a,55.200389,-40.909481,2.8399999141693115,12.622221946716309,55.200045656309356,-40.909397125890976,2.0227968000257226,1.1502963714774583,1.4039966417453287
SB72231_component_1398a,48.892369,-40.468134,2.571000099182129,14.126374244689941,48.892422469979465,-40.468155375526415,2.3540219400928883,0.8948191461567446,1.0921733801175526
SB72231_component_1399a,52.240762,-40.612453,2.6579999923706055,16.929935455322266,52.24039882055323,-40.61253591961105,2.229796918679432,0.9766373860634434,1.192036803936733
SB72231_component_1408a,48.676502,-42.63396,2.7239999771118164,13.89795970916748,48.67690720978582,-42.63407765960026,2.151910679196083,1.0371141021691235,1.2658517862504666
SB72231_component_1412a,51.799667,-42.567862,3.0859999656677246,18.81707191467285,51.7994868418605,-42.56816686690872,2.0160749719210673,1.254102170619034,1.5306970269697622
SB72231_component_1414a,50.617799,-42.450952,2.989000082015991,18.917720794677734,50.61774539273877,-42.451072939596514,2.4700412643135676,0.9914376315376381,1.210101274501033
SB72231_component_1415a,48.803549,-42.703954,2.6489999294281006,13.796874046325684,48.80365892551853,-42.70388220515445,2.4688836245098216,0.8790731359997337,1.0729545544918262
SB72231_component_1420a,51.490934,-41.568153,2.5889999866485596,17.032896041870117,51.49101493325504,-41.568274244496884,2.0004352365448805,1.0603548648670438,1.2942183477632792
SB72231_component_1422a,51.580002,-40.110632,2.500999927520752,14.798815727233887,51.57968989190883,-40.11066346164085,2.4683610752882643,0.8301348965792511,1.0132228840258615
SB72231_component_1423a,53.978205,-41.309854,2.746000051498413,15.781609535217285,53.97833245140414,-41.30996371044321,1.961637515454043,1.1468997637709872,1.3998509051060948
SB72231_component_1425a,55.441085,-41.419247,2.763000011444092,15.52247142791748,55.440647636703495,-41.41937066918516,2.6833447142294014,0.8436223946706232,1.029685078026796
SB72231_component_1428a,53.366856,-42.1078,2.6470000743865967,16.64780044555664,53.36702985873025,-42.107910768279766,2.621916637504146,0.8271394884263664,1.0095668323407596
SB72231_component_1429a,50.331748,-43.272209,2.430000066757202,15.093168258666992,50.33168058767915,-43.27211846330029,2.4214904041799095,0.8221805790987119,1.0035142251906526
SB72231_component_1431a,55.727429,-43.215141,2.763000011444092,11.052000045776367,55.7273662814888,-43.21503673755217,2.6512472062526644,0.8538357676365366,1.0421510317588911
SB72231_component_1433a,54.926521,-43.638919,2.499000072479248,12.62121295928955,54.92620934266338,-43.6389075572289,1.9825852998317304,1.0327092519822307,1.2604754371432834
SB72231_component_1434a,48.63437,-43.799554,2.6710000038146973,13.984292984008789,48.634288195465274,-43.7995970337357,1.8843170682434556,1.161351238691563,1.4174896830418147
SB72231_component_1436a,55.057726,-43.359936,2.4519999027252197,11.902912139892578,55.057361623493655,-43.35986384877959,1.8249175458857672,1.1008315871908705,1.3436222958419106
SB72231_component_1440a,50.311309,-39.554774,2.5480000972747803,11.906542778015137,50.311199267466165,-39.55467020998731,2.3407295945422097,0.8918501198397708,1.0885495288374425
SB72231_component_1441a,54.034695,-42.774938,2.496000051498413,15.698114395141602,54.034501240911375,-42.7750797086098,2.2958709699448403,0.8907191595052648,1.0871691328360586
SB72231_component_1443a,49.523143,-44.065515,2.7100000381469727,12.431193351745605,49.52325354055387,-44.06534259590733,2.6711507457788333,0.8312173119930693,1.0145440284227807
SB72231_component_1445a,51.022062,-42.783066,2.6659998893737793,15.682352066040039,51.02253898027116,-42.78313787957857,2.2232590003491093,0.9824574466311262,1.1991404910337249
SB72231_component_1451a,48.847804,-42.026647,2.796999931335449,16.748502731323242,48.847813213052085,-42.02665016479349,2.224948756504868,1.0299499562756738,1.257107572998313
SB72231_component_1454a,52.410748,-43.446681,2.6640000343322754,17.411766052246094,52.41047614137927,-43.44651358683886,2.689435304168076,0.8115528465494457,0.9905425240025736
SB72231_component_1455a,54.721617,-43.671133,2.7890000343322754,15.581005096435547,54.721351887104234,-43.67105221924738,1.8470260465484276,1.2371409445885344,1.5099949670683488
SB72231_component_1457a,50.535095,-43.302612,2.86299991607666,17.782608032226562,50.53509014983104,-43.30255321167873,2.1964149589707684,1.0679492701452753,1.3034877150073003
SB72231_component_1459a,48.888009,-43.752139,2.4549999237060547,12.33668327331543,48.88733566200396,-43.75230484327122,2.236324311790622,0.899415522705547,1.097783497126291
SB72231_component_1469a,53.174184,-43.644339,2.3529999256134033,13.522988319396973,53.173902598900376,-43.644373875772224,1.6201817564418062,1.1898764160429247,1.4523061479108308
SB72231_component_1471a,52.586188,-40.611543,2.7850000858306885,16.878787994384766,52.585856098481955,-40.611765418585115,1.708138232279963,1.3358136604525939,1.6304301567639337
SB72231_component_1472a,52.776042,-43.239281,2.694999933242798,14.567566871643066,52.77566159736372,-43.239278184048906,2.2485378735455996,0.9819790728545392,1.1985566109203203
SB72231_component_1483a,55.184684,-43.678966,2.628000020980835,11.230769157409668,55.18427012480252,-43.678825320586185,2.6626539557311495,0.8086383181073022,0.9869851902175554
SB72231_component_1484a,51.068322,-43.057634,2.2290000915527344,12.959301948547363,51.06862875830458,-43.05769061755371,1.9115688516159888,0.95535289051964,1.1660579683898897
SB72231_component_1485a,48.947651,-40.527002,2.236999988555908,12.29120922088623,48.947739360316056,-40.527065189420235,2.208055744722121,0.8300411612210223,1.0131084751383528
SB72231_component_1486a,53.713003,-42.359458,2.634999990463257,15.778443336486816,53.712992623543165,-42.359751889547994,2.949163852241069,0.7320241292825053,0.8934735818292772
SB72231_component_1493a,50.790109,-43.088615,2.1679999828338623,13.382716178894043,50.79016289292642,-43.08856882469502,1.7927593584101802,0.9907884997881103,1.2093089753866608
SB72231_component_1494a,50.004483,-41.967968,2.4649999141693115,14.760478973388672,50.003895271197756,-41.96805972520106,1.9752556736821794,1.0224386810371162,1.24793967029806
SB72231_component_1496a,51.153086,-41.139226,2.4240000247955322,14.093023300170898,51.152850958149145,-41.139421427322915,2.3036040015227632,0.8621215013001494,1.052264201309419
SB72231_component_1500a,52.798186,-40.630492,2.424999952316284,13.857142448425293,52.79811166313376,-40.630825227116404,2.237871486942486,0.8878104903582148,1.0836189506259202
SB72231_component_1505a,55.456673,-43.000919,2.3369998931884766,12.430850982666016,55.45640955259903,-43.00056886202273,1.8948584665339816,1.0104750550136092,1.2333374415363312
SB72231_component_1506a,54.843766,-41.86776,2.453000068664551,14.261628150939941,54.843994861131186,-41.86781543084219,2.1304097570433242,0.9433613929007812,1.151421720894168
SB72231_component_1514a,50.662556,-39.537114,2.4760000705718994,10.273859024047852,50.662678831602044,-39.537195818739946,1.7664752896722078,1.1483830318925266,1.4016613111136997
SB72231_component_1520a,49.32903,-40.74854,2.299999952316284,14.285714149475098,49.328936546222955,-40.748759488286915,2.010916675554743,0.9370816473352208,1.1437569643117076
SB72231_component_1526a,49.26217,-39.876845,2.431999921798706,13.005346298217773,49.26218199828846,-39.876761050532274,2.388860779940515,0.8340966888889638,1.0180584579145149
SB72231_component_1534a,50.690321,-42.675162,2.367000102996826,14.701864242553711,50.690452798651485,-42.67528933320169,2.1171835439484226,0.915974636087125,1.1179947575931515
SB72231_component_1536a,49.910843,-41.733327,2.3410000801086426,14.017965316772461,49.91068028077217,-41.733390508357566,1.612077478621977,1.1897595477084268,1.4521635040207606
SB72231_component_1537a,54.040582,-43.097766,2.3459999561309814,13.254237174987793,54.04039138184134,-43.09792730599137,1.9267676963307148,0.9975675743212074,1.2175831889846613
SB72231_component_1539a,48.193793,-43.912591,2.2820000648498535,10.663551330566406,48.193595977427215,-43.912629816758546,2.122991986687505,0.880665490144523,1.0748981056732334
SB72231_component_1545a,52.785949,-40.684606,2.2679998874664307,13.499999046325684,52.785620319693365,-40.68485912301878,2.189541608744698,0.8486595580568443,1.035833198331734
SB72231_component_1548a,50.89056,-42.035741,2.575000047683716,16.297468185424805,50.890731960985626,-42.0360381246058,1.973620403633886,1.0689497645389903,1.3047088705318168
SB72231_component_1549a,54.795122,-44.116683,2.5480000972747803,10.442623138427734,54.79509750146503,-44.11686724737562,1.3913313633013824,1.5004189688152443,1.8313395101141314
SB72231_component_1551a,52.495816,-41.593751,2.3259999752044678,16.15277862548828,52.49583808821533,-41.5939584538954,3.1397063166728745,0.6069659939926286,0.7408336132754334
SB72231_component_1553a,54.709637,-42.956574,2.0350000858306885,10.710526466369629,54.709381377938186,-42.956506394138586,2.3382727560274934,0.7130384396486066,0.8703005586431085
SB72231_component_1559a,49.40766,-40.10106,2.3610000610351562,12.831521987915039,49.40746908679568,-40.10117842054269,2.1090433531826815,0.9171791469729351,1.1194649258737408
SB72231_component_1563a,52.729779,-43.286368,2.3519999980926514,13.066666603088379,52.72987210712239,-43.286490137770066,2.0402884945894146,0.9444727178612328,1.1527781508986872
SB72231_component_1564a,54.34205,-42.532012,2.3949999809265137,14.515151023864746,54.34237061453001,-42.532022091015314,1.5536892427196882,1.262946740301198,1.5414922849913895
SB72231_component_1569a,54.969869,-40.980356,2.3420000076293945,12.197916984558105,54.969623388054025,-40.98037203601491,3.162572876436395,0.6067224025476319,0.740536297227836
SB72231_component_1571a,55.511979,-41.470982,2.5739998817443848,14.299999237060547,55.5115173868657,-41.471051839480694,1.9026283182874686,1.1084044151766115,1.3528653268764597
SB72231_component_1577a,53.356232,-43.821022,2.2060000896453857,13.053255081176758,53.3559469761803,-43.821009724889166,2.092112730935856,0.8639012936683209,1.0544365306063526
SB72231_component_1579a,52.129396,-41.799199,2.440999984741211,14.44378662109375,52.12935662597407,-41.79940456914157,2.6318587403231057,0.7598867674846146,0.9274813831541492
SB72231_component_1584a,49.571648,-41.466406,2.427000045776367,15.86274528503418,49.57196613977652,-41.46645064185962,2.139627042447574,0.9293416198449203,1.134309857572215
SB72231_component_1588a,50.53967,-42.75107,2.555999994277954,15.777777671813965,50.53942225332763,-42.75110368480723,1.812843831939608,1.1551653038616434,1.4099394273489207
SB72231_component_1590a,49.754307,-42.966052,1.8830000162124634,10.403315544128418,49.75440837585204,-42.96598828429487,2.2072201159575213,0.698953620919634,0.8531093036888135
SB72231_component_1601a,55.121666,-41.83829,2.359999895095825,12.102563858032227,55.12182489681482,-41.83856924648313,1.9558258034160243,0.9886111242115749,1.2066513750733192
SB72231_component_1602a,53.74308,-40.643298,2.3959999084472656,14.094117164611816,53.74313726662957,-40.64334122139583,2.7770042801882973,0.7068934032712405,0.8628002216420072
SB72231_component_1611a,53.734878,-40.73952,2.1570000648498535,13.07272720336914,53.73483307432668,-40.73979000873,2.2834781780992524,0.7739216097093182,0.944611639181646
SB72231_component_1623a,49.982672,-43.348821,2.385999917984009,13.634285926818848,49.98244106035463,-43.34887957640649,2.0718009426635344,0.9435525201207405,1.151655001622181
SB72231_component_1624a,52.10157,-40.754276,2.3970000743865967,15.874173164367676,52.101617149385405,-40.75438696613777,1.898472354899354,1.0344451099205643,1.262594142180001
SB72231_component_1634a,48.864021,-42.07833,2.2139999866485596,13.5,48.86422515974543,-42.078115661083096,1.8255510823232877,0.9936359704699157,1.212784461682065
SB72231_component_1637a,49.122867,-40.646044,2.308000087738037,13.738096237182617,49.12294330254292,-40.6462398944909,1.5400218685856981,1.2278706370755679,1.4986800738470183
SB72231_component_1639a,48.680885,-41.410729,2.4010000228881836,12.25,48.681218698568436,-41.41099313585171,1.8296466751581362,1.0751488983306694,1.3122752362450885
SB72231_component_1641a,51.615874,-43.711928,2.308000087738037,12.751381874084473,51.615690981253636,-43.71201947915793,1.6481762711777876,1.147296964504504,1.4003357092920279
SB72231_component_1645a,49.983953,-43.109442,2.378999948501587,14.776397705078125,49.98381839625463,-43.10939605743111,2.077968662916109,0.9379919682327652,1.1448680583868993
SB72231_component_1648a,53.127693,-42.782253,2.187999963760376,13.023809432983398,53.12745058030853,-42.78224742924544,1.99826731822191,0.8970928717186024,1.0949485806069696
SB72231_component_1660a,53.221994,-42.117777,1.9839999675750732,11.602338790893555,53.22197106490472,-42.1181264831154,2.1683988708236055,0.7496286373167911,0.9149608009256648
SB72231_component_1663a,51.925748,-40.60002,2.184999942779541,13.65625,51.92529178965726,-40.600241578755565,2.3946472973118325,0.7475729088272569,0.9124516772187553
SB72231_component_1669a,54.688793,-43.405032,2.128000020980835,11.025906562805176,54.68858767566941,-43.40497982110643,2.05772630683995,0.8472814513161165,1.0341511472673954
SB72231_component_1676a,50.787569,-40.162221,2.2909998893737793,14.141974449157715,50.78744130284734,-40.16238379736169,1.762797359746704,1.0647958693092494,1.299638825022391
SB72231_component_1677a,54.517149,-42.506329,2.0929999351501465,12.384614944458008,54.51679961508885,-42.50667849080473,2.109528224458275,0.8128820906647596,0.9921649356872799
SB72231_component_1696a,49.980233,-44.076966,2.2809998989105225,10.810426712036133,49.9803810681054,-44.077105282182124,2.114193652865388,0.8839428397073744,1.0788982815358754
SB72231_component_1697a,53.681769,-43.077125,1.8990000486373901,11.040698051452637,53.68163869205151,-43.077408139981834,1.317669078195808,1.18076182134035,1.4411813102858555
SB72231_component_1699a,55.45856,-42.794447,2.1540000438690186,10.610837936401367,55.458495400810364,-42.79423820870295,2.0561975449677856,0.8582712251316961,1.047564738680186
SB72231_component_1701a,50.101904,-40.971088,2.134000062942505,12.933333396911621,50.101779152989046,-40.97120077770946,2.5005819056538092,0.6991929239807653,0.8534013855405161
SB72231_component_1704a,50.744468,-42.222217,2.1040000915527344,12.829268455505371,50.744251517663685,-42.222501214598694,1.80464585366524,0.9552068917672735,1.1658797693073712
SB72231_component_1705a,50.406453,-39.715204,2.2699999809265137,12.336956024169922,50.40657204942768,-39.71531024302052,2.054487304417198,0.9052448702587986,1.1048985194729402
SB72231_component_1707a,49.512185,-41.677369,1.8480000495910645,11.0,49.5121633290591,-41.67755317891127,1.7983046525677542,0.8419424203039525,1.027634581800337
SB72231_component_1715a,52.198377,-40.2936,2.0199999809265137,12.168675422668457,52.19832387317143,-40.29365070771715,2.3159176486527553,0.7146146806651407,0.8722244429121275
SB72231_component_1716a,48.195609,-42.569632,2.305000066757202,10.525115013122559,48.19564643184327,-42.569956055620665,1.7480491288013622,1.0803413247814024,1.3186128632081076
SB72231_component_1734a,53.98953,-40.5258,1.9299999475479126,10.489130020141602,53.98947322421526,-40.52587527941407,2.044557881834346,0.773395370401603,0.9439693366941249
SB72231_component_1737a,51.703006,-42.993873,1.9830000400543213,11.874252319335938,51.70269165328898,-42.99379928558965,1.92314898404874,0.8447991612626682,1.0311213829516104
SB72231_component_1740a,48.364541,-40.762747,2.3359999656677246,12.90607738494873,48.364575733289875,-40.763091231063335,1.7241153482449088,1.110069563022545,1.3548977265620272
SB72231_component_1746a,52.502136,-43.595059,1.8660000562667847,10.912281036376953,52.50197747946505,-43.59508241575047,1.7962444456056146,0.851118234764142,1.0388341413284936
SB72231_component_1749a,51.436972,-39.703065,2.115000009536743,11.4945650100708,51.4366654853922,-39.7031303640708,1.948883128770916,0.8891361307964822,1.0852369638350712
SB72231_component_1751a,48.723381,-41.511343,2.0759999752044678,11.662920951843262,48.72337943840461,-41.511423964015066,1.8641274752022334,0.9124213046444266,1.1136577314699194
SB72231_component_1752a,53.698497,-41.199007,2.1549999713897705,13.0606050491333,53.69847212553357,-41.19916510670381,1.839423281782711,0.9598630426751847,1.171562844035122
SB72231_component_1756a,51.638768,-39.603165,2.003000020980835,10.116161346435547,51.638542271970856,-39.60332302981961,1.3122045786678378,1.2506134235092776,1.5264388293891635
SB72231_component_1760a,52.55151,-40.731637,1.8930000066757202,11.33533000946045,52.55147512905461,-40.7319446987761,1.7274820620121243,0.8978023750307871,1.095814566358394
SB72231_component_1762a,51.132165,-43.497403,1.690999984741211,10.125748634338379,51.13247927012095,-43.497618097563176,1.8185760625855036,0.7618260417990549,0.9298483684741152
SB72231_component_1764a,54.457347,-41.515404,2.0290000438690186,11.865496635437012,54.45734531190853,-41.5153480383902,1.8261305107895622,0.9103196650031117,1.111092570810693
SB72231_component_1767a,50.437413,-43.172075,2.0369999408721924,12.731249809265137,50.43738105835881,-43.17209894036533,1.831279367501724,0.911339291547825,1.1123370781221205
SB72231_component_1770a,51.591398,-39.813381,1.809999942779541,10.402298927307129,51.59128170176091,-39.81354819711111,1.4687642758192296,1.009648353030977,1.232328408702602
SB72231_component_1776a,54.011543,-43.464981,2.055999994277954,11.884393692016602,54.01102655632409,-43.465045533065286,2.0898592421185573,0.8060273042480706,0.9837983117914301
SB72231_component_1807a,53.740327,-41.494405,1.725000023841858,10.8490571975708,53.74018856697195,-41.49436322876621,1.4338789007413677,0.9856445208451498,1.2030304811305683
SB72231_component_1811a,50.70541,-42.029923,1.9119999408721924,12.83221435546875,50.70527628663841,-42.03002083849467,2.556603971806169,0.6127285209136665,0.7478670775596966
SB72231_component_1815a,52.340929,-42.190433,1.8550000190734863,12.88194465637207,52.34073653518109,-42.19071401211748,1.5646399427616844,0.9713442784339394,1.1855762903504168
SB72231_component_1818a,52.096914,-41.952037,1.9490000009536743,11.95705509185791,52.09729800536851,-41.951821371897424,1.9390444118617542,0.8235078889055398,1.0051342759510915
SB72231_component_1840a,52.551517,-43.237344,1.7710000276565552,10.356724739074707,52.55121964150696,-43.2376566668573,1.6224802457005878,0.8942991768574956,1.0915387305019768
SB72231_component_1841a,54.08582,-41.489044,1.7649999856948853,11.100628852844238,54.085542482192054,-41.489570100110114,1.7927753042423564,0.8066080016714245,0.9845070832458788
SB72231_component_1852a,50.302311,-39.958097,1.968999981880188,11.124293327331543,50.302302446660185,-39.95798967125925,1.8644154356054947,0.8652601512855705,1.0560950871127754
SB72231_component_1867a,51.214705,-43.109287,1.8459999561309814,11.610062599182129,51.21489493321176,-43.10911385998476,1.4010331094725053,1.079510742529876,1.3175990943040654
SB72231_component_1883a,50.84162,-43.823342,2.0369999408721924,12.125,50.841612592956146,-43.82316889002064,1.8883948570377416,0.8837753583078178,1.0786938617634039
SB72231_component_1901a,54.360218,-42.094696,1.7020000219345093,10.506173133850098,54.360467492935896,-42.09484734444781,1.7395176208805208,0.8016308270002744,0.9784321822925711
SB72231_component_1905a,53.387227,-43.882186,1.8170000314712524,10.207864761352539,53.38687107149133,-43.882026239767164,1.5063464978905634,0.9882657253219324,1.2062297977362564
SB72231_component_1924a,49.403169,-42.509397,1.8680000305175781,11.321211814880371,49.40267961718776,-42.509253054557725,1.6564678994956692,0.9239267382467985,1.127700712513845
SB72231_component_1936a,48.867912,-43.051571,1.7860000133514404,10.0903959274292,48.86781411968323,-43.05160299263025,1.274141993150169,1.148437352263554,1.401727611956154
SB72231_component_1939a,51.898272,-42.804922,1.8029999732971191,11.484075546264648,51.8983982596556,-42.80487088604533,1.8629447561540948,0.7929383534362937,0.9678225655060609
SB72231_component_1949a,51.553691,-43.332517,1.7209999561309814,10.244047164916992,51.55361555082029,-43.332727242268106,1.6674858920929265,0.8455949329487075,1.0320926637471501
SB72231_component_1973a,53.01522,-42.924418,1.8270000219345093,11.418750762939453,53.01487315866123,-42.92435715294955,2.6729985990833014,0.5599941656234758,0.6835020499303945
SB72231_component_1982a,49.045068,-41.762062,1.8910000324249268,11.46060562133789,49.04513688560494,-41.76219042751524,1.6124637978747038,0.9608271010467305,1.1727395274965835
SB72231_component_1989a,53.781421,-42.392687,1.8860000371932983,11.641975402832031,53.782015395641466,-42.39270736442152,1.9298169205455615,0.8006989663437716,0.9772947978195382
SB72231_component_2008a,54.829518,-42.501334,1.8109999895095825,10.408045768737793,54.82941715964373,-42.501573803473285,1.572301025287775,0.9436836508172004,1.15181505346797
SB72231_component_2147a,54.187135,-42.024033,1.6660000085830688,10.88888931274414,54.18712767725683,-42.02408503436494,1.2938581806455793,1.0549503099968522,1.2876218070142795
