Component_ID,RA,DEC,ASKAP_flux,ASKAP_flux_SNR,RA_comp,DEC_comp,Comp_flux,Flux_Ratio_AlphaCorr,Flux_Ratio_NOAlphaCorr
SB67717_component_9a,130.581033,-33.777506,234.36300659179688,768.4032592773438,130.58101430601383,-33.77737833409372,238.53493441805995,0.927516049779178,0.9825102019691955
SB67717_component_11a,134.83688,-33.156732,209.875,1028.799072265625,134.8369223115167,-33.156621777297225,222.80209102470005,0.8892539675181456,0.9419794896661587
SB67717_component_13a,136.176602,-35.240018,203.31300354003906,328.4539489746094,136.17656187149703,-35.24000987973235,266.7507538815374,0.7195216490142312,0.7621834262194037
SB67717_component_15a,132.168869,-34.393534,190.8730010986328,900.3443603515625,132.16888225565856,-34.393440909328966,181.33615514576647,0.9936752290505296,1.0525920820654888
SB67717_component_16a,131.545402,-34.409327,181.94400024414062,815.892333984375,131.54540276731325,-34.40927242910681,205.38419746835268,0.8362864851073417,0.8858714666797872
SB67717_component_18a,137.51468,-30.600213,148.30599975585938,146.11428833007812,137.51471612319457,-30.600173246765873,123.15139959506341,1.136851485982365,1.204257525643292
SB67717_component_28a,137.395138,-31.851401,123.15799713134766,168.70957946777344,137.39523232305703,-31.85127916318531,121.4605700038928,0.957219786917036,1.0139751289443188
SB67717_component_31a,130.503173,-31.734066,119.07099914550781,474.386474609375,130.50319859850933,-31.73400168215149,107.39033958449042,1.0467070443883961,1.1087682523978566
SB67717_component_33a,134.618779,-32.439145,110.71499633789062,556.3567504882812,134.61878922232518,-32.43905768802858,105.86566658421584,0.9872694044846274,1.0458064442433483
SB67717_component_40a,130.232747,-31.852756,98.7040023803711,298.19940185546875,130.23276899334218,-31.85267150880942,96.19161287819294,0.9686835426859147,1.0261185921204958
SB67717_component_42a,137.014405,-32.166557,89.20600128173828,289.6298828125,137.01449597584303,-32.16644484623539,84.60479216031261,0.9953675407320788,1.0543847340551007
SB67717_component_52a,132.033507,-32.895628,79.67900085449219,445.1340637207031,132.0335293134875,-32.89548570596749,77.37495278911791,0.9721378381065862,1.029777699143208
SB67717_component_53a,137.276722,-31.722077,75.05799865722656,97.099609375,137.27678016709538,-31.721947761016832,72.18501567896814,0.9815994127215079,1.0398002681198488
SB67717_component_54a,134.941882,-30.637531,74.927001953125,356.7952575683594,134.94192215743988,-30.637329833650174,70.59186625835397,1.0020007734007348,1.061411263429489
SB67717_component_55a,135.70681,-33.444211,72.99299621582031,366.7989807128906,135.70682294281585,-33.44412332843771,69.35350573315934,0.9935669500472831,1.0524773829986918
SB67717_component_56a,136.085489,-31.190312,71.09400177001953,324.6301574707031,136.08548595323674,-31.190222200125763,82.38266132095117,0.8146695951619647,0.8629728711123738
SB67717_component_58a,135.184634,-31.524456,69.31900024414062,368.7181091308594,135.18462697235063,-31.524368144088974,69.64760165528519,0.9395729159693779,0.9952819421870268
SB67717_component_60a,133.747076,-29.908226,65.4469985961914,104.2149658203125,133.74702480467408,-29.908256476637643,71.77333161111255,0.8608173136059049,0.9118567736384464
SB67717_component_61a,137.043109,-33.514368,70.45600128173828,214.80487060546875,137.0431025053291,-33.51426705300223,66.78666552571039,0.9958928059479948,1.0549411432228988
SB67717_component_64a,135.500811,-33.133636,63.005001068115234,313.45770263671875,135.50081762526085,-33.133540644192294,60.996372771794334,0.9751139694514631,1.0329302908524705
SB67717_component_71a,136.208374,-31.410823,55.87200164794922,241.87013244628906,136.20839396447502,-31.41076842499102,55.30008176329952,0.9537901254218941,1.0103421164384112
SB67717_component_73a,130.342219,-33.224163,55.965999603271484,242.2770538330078,130.34227169107427,-33.224013434585245,56.23750986120907,0.9394692021147822,0.9951720789450377
SB67717_component_76a,134.472622,-30.442921,53.834999084472656,244.7045440673828,134.47257321704052,-30.442750869257623,53.256795378436344,0.9542760950223432,1.0108569000805938
SB67717_component_81a,134.248244,-31.110394,50.141998291015625,258.4638977050781,134.2482338653141,-31.110242302327215,49.4102561907177,0.958007473039424,1.0148095184423551
SB67717_component_82a,133.451216,-32.874344,52.106998443603516,297.7542724609375,133.4513195674697,-32.87417452155708,43.69581765509098,1.1257463596520618,1.1924939557123164
SB67717_component_85a,132.000077,-34.056054,50.72600173950195,280.254150390625,132.00014352237787,-34.05598558548891,50.27698583935613,0.9524578459692505,1.008930843658379
SB67717_component_89a,133.125674,-30.282285,48.652000427246094,220.14479064941406,133.12563001111783,-30.282271807606353,47.64322873020709,0.9640151990332492,1.0211734536874368
SB67717_component_92a,131.035468,-33.733192,50.57500076293945,254.14573669433594,131.03549009244833,-33.73314753680316,49.95524082183827,0.955738774685392,1.0124063047421092
SB67717_component_93a,133.11026,-31.396783,46.34000015258789,253.2240447998047,133.11033373266912,-31.396695912148918,44.2665465093057,0.9882452924159968,1.0468401943857606
SB67717_component_96a,133.830757,-34.846359,45.87699890136719,210.44496154785156,133.83076595051537,-34.846273326322454,40.4999651230662,1.0693619225781978,1.1327663804638335
SB67717_component_101a,136.54265,-29.811853,46.534000396728516,70.8280029296875,136.54248708892322,-29.812024806175618,49.56177680433963,0.8863553826930122,0.9389090423540667
SB67717_component_104a,131.454207,-30.844847,42.74100112915039,228.56149291992188,131.4542495090452,-30.844758112739314,41.7223287444929,0.9670757975505707,1.0244155207849455
SB67717_component_109a,137.008671,-32.016027,42.02000045776367,147.4385986328125,137.0087076371343,-32.01590955388436,41.096261473959444,0.9652462025118987,1.0224774456525578
SB67717_component_112a,133.241763,-34.964672,39.819000244140625,138.74215698242188,133.2418111206504,-34.96457841745854,39.115743945780665,0.9609994122065395,1.0179788552490465
SB67717_component_115a,131.506347,-32.7537,39.099998474121094,214.8351593017578,131.50638060333821,-32.753566478379156,38.13587280043611,0.9678931469233963,1.0252813323227248
SB67717_component_116a,137.617685,-30.641336,38.194000244140625,33.68077850341797,137.6176776974808,-30.641253861331812,38.54679210859843,0.9353868706646958,0.9908476984682959
SB67717_component_123a,133.203564,-31.063871,36.37799835205078,205.52540588378906,133.20358932477038,-31.06371120876747,34.56525781672325,0.9935354398154078,1.0524440044665455
SB67717_component_124a,134.665174,-32.592283,34.374000549316406,185.80540466308594,134.66526292100244,-32.59217526271486,35.42221676756644,0.9160911929397416,0.970407944112357
SB67717_component_126a,135.800213,-30.171299,36.00199890136719,98.9065933227539,135.80009733180543,-30.171331593552736,35.79870124606837,0.9493879345456648,1.0056789114750677
SB67717_component_127a,133.72144,-31.599623,34.29499816894531,180.5,133.72156063246643,-31.599529261943562,33.635270674042125,0.9625431814573704,1.0196141574508668
SB67717_component_130a,135.321297,-30.023803,32.867000579833984,85.36883544921875,135.32117453900776,-30.02379390466101,25.376357618799194,1.2226865962297184,1.295181959269269
SB67717_component_131a,134.759519,-34.126865,33.750999450683594,180.4866180419922,134.75946535970007,-34.12678571045234,33.45206971793043,0.9524627712003798,1.0089360609156253
SB67717_component_132a,136.476193,-32.2828,33.41899871826172,181.625,136.47622404077293,-32.2827024142078,32.45720296595526,0.9720009897436195,1.029632736786201
SB67717_component_133a,131.481974,-34.141558,33.14500045776367,170.8505096435547,131.4819824359656,-34.141523173603325,33.80074271411721,0.9257125485762678,0.9805997678246382
SB67717_component_136a,132.98366,-31.293475,34.444000244140625,192.42457580566406,132.98371564865587,-31.293438062399833,31.104968062739033,1.0453655616604212,1.1073472306631766
SB67717_component_138a,133.861263,-30.617916,32.60599899291992,163.02999877929688,133.86124697102773,-30.617779737415844,34.19081877367206,0.9002691631682767,0.9536477967596231
SB67717_component_147a,135.701248,-32.557829,31.785999298095703,174.64834594726562,135.7012715317545,-32.5577298456969,40.02279761829294,0.7497436418706116,0.7941973372587902
SB67717_component_148a,135.362023,-32.744119,30.958999633789062,176.9085693359375,135.36209927469628,-32.744021506767055,28.9132864155546,1.0108199982353947,1.0707533965123355
SB67717_component_152a,129.548499,-31.067969,30.77899932861328,37.127864837646484,129.54827122799125,-31.06776865946332,31.662321492312387,0.9176902269284694,0.9721017878012016
SB67717_component_154a,136.678706,-31.814925,30.67099952697754,114.87266540527344,136.67870318935633,-31.814846095931056,31.198024767627725,0.9280795336957101,0.9831070958954732
SB67717_component_158a,133.995768,-31.849521,29.392000198364258,163.28887939453125,133.99582747886268,-31.849407402152806,28.34808384919785,0.9787906183861251,1.0368249351426957
SB67717_component_161a,134.155875,-29.829157,27.83099937438965,39.98706817626953,134.15601450987106,-29.829126231951275,24.809042621410356,1.0590175594248843,1.1218086807739742
SB67717_component_162a,130.840652,-34.724294,31.20800018310547,133.93991088867188,130.84067516070746,-34.7243149605546,28.687269796597477,1.0269778736865849,1.0878693024599702
SB67717_component_174a,131.852424,-33.019143,26.5,155.88235473632812,131.85244991901368,-33.01901244355323,21.93422243770961,1.1405333669987916,1.2081577122351437
SB67717_component_176a,136.963063,-31.433401,27.274999618530273,43.570289611816406,136.96305356420052,-31.433324184176485,28.815141860514625,0.8935695396953733,0.946550940146687
SB67717_component_177a,131.248645,-32.549724,27.860000610351562,158.2954559326172,131.24874430424296,-32.54959408887316,27.590762350534895,0.9532389638613314,1.0097582754835133
SB67717_component_184a,134.446358,-30.535663,26.062999725341797,120.10599517822266,134.44636897251573,-30.5355211941498,25.080148335802797,0.9810218117530387,1.0391884201153605
SB67717_component_187a,137.085804,-33.714065,24.88800048828125,78.51103973388672,137.08577570307781,-33.71400273248667,23.602406520682553,0.995446869539075,1.054468766414651
SB67717_component_188a,136.584074,-32.40544,24.35300064086914,117.08173370361328,136.5841497729459,-32.405326102896936,22.102630025936083,1.0401426172286858,1.101814608139049
SB67717_component_189a,131.619522,-33.912504,26.238000869750977,145.76666259765625,131.61952416809538,-33.912492535507994,25.0305046707092,0.9895676763724762,1.048240984947251
SB67717_component_191a,136.208228,-35.181043,24.702999114990234,47.323753356933594,136.2081568929898,-35.18102680536762,24.028398209989177,0.9705305867597402,1.0280751508737944
SB67717_component_192a,132.860357,-35.031008,23.882999420166016,83.21602630615234,132.86031471972387,-35.03095637209052,21.957913705554393,1.0267912496036327,1.0876716130879347
SB67717_component_195a,129.830295,-34.286255,24.507999420166016,68.26741027832031,129.83023348159526,-34.286109857948624,27.088838435521726,0.8540864723072783,0.9047268482368205
SB67717_component_196a,133.199112,-34.843048,23.25200080871582,98.94468688964844,133.19917747285152,-34.842948522539075,18.04901424223111,1.2161613759861376,1.2882698465775906
SB67717_component_197a,137.266917,-31.032635,25.76300048828125,31.418292999267578,137.26702661675014,-31.032561282084977,23.581839389221596,1.0313430098227463,1.0924932556387685
SB67717_component_204a,132.177965,-32.24174,23.19499969482422,133.30459594726562,132.178230670603,-32.24156986128486,22.703915317396028,0.9644461365219953,1.021629942261629
SB67717_component_208a,130.3933,-29.820926,21.57200050354004,30.425952911376953,130.39317418192363,-29.821062468266405,24.847362947308643,0.8195859084485663,0.8681806817603002
SB67717_component_213a,135.064531,-31.468391,22.461999893188477,124.09944915771484,135.06452826749734,-31.46830132848949,21.10618287031042,1.0046692014090604,1.064237907498909
SB67717_component_214a,135.630696,-33.222741,22.261999130249023,127.21142578125,135.63069671573805,-33.22263151089488,21.289296066298984,0.9871592618911974,1.0456897710906388
SB67717_component_215a,137.567058,-31.8422,19.226999282836914,18.155805587768555,137.56719122465097,-31.842084894726163,18.358873789367337,0.9886665453405361,1.0472864241799167
SB67717_component_216a,135.17414,-32.425716,23.68199920654297,139.30587768554688,135.17415074782943,-32.42562579538166,22.780182510574157,0.9813988116908207,1.0395877730808436
SB67717_component_218a,131.114349,-35.26876,22.797000885009766,36.5922966003418,131.11429408955598,-35.26875869109819,22.75844380664536,0.945626248271108,1.0016941878228576
SB67717_component_222a,135.658619,-34.709162,21.767000198364258,97.60986328125,135.65865553190648,-34.70907742806944,16.032770953107182,1.2816645075990287,1.3576567807292084
SB67717_component_228a,134.987355,-29.799649,20.98200035095215,22.73239517211914,134.98725221974922,-29.799656399303984,18.99154973733927,1.0429676776707806,1.1048071716706434
SB67717_component_229a,131.629477,-34.092293,19.97599983215332,115.46820831298828,131.62955114709652,-34.09224097894405,19.332867038494886,0.9754311632550735,1.0332662916668207
SB67717_component_232a,133.159498,-31.392105,19.80500030517578,109.41989135742188,133.15955352099155,-31.392017865818083,15.639959329761824,1.1954284815366052,1.2663076602436014
SB67717_component_233a,133.040678,-29.839762,20.570999145507812,35.52849578857422,133.04062653428818,-29.839894766571216,27.173522361093045,0.7146506837555632,0.7570236523683547
SB67717_component_236a,135.491619,-30.132989,20.343000411987305,59.65689468383789,135.49154534019672,-30.1329977859881,24.51124944694479,0.7834908392481409,0.8299454687538567
SB67717_component_243a,136.630867,-32.821706,17.958999633789062,58.49836730957031,136.63094267475304,-32.8215836188609,17.83479020274134,0.950601513585868,1.0069644458743694
SB67717_component_255a,137.537118,-30.315436,18.131999969482422,16.017667770385742,137.53715548586658,-30.315404596358135,13.224180102600497,1.2943785850752205,1.3711246995128883
SB67717_component_258a,133.438993,-34.677823,18.7549991607666,107.787353515625,133.43904441609394,-34.67777718856408,18.099890999968892,0.9781950354655553,1.036194039002712
SB67717_component_260a,136.145078,-29.976385,18.951000213623047,39.23602294921875,136.1448963318661,-29.97658413853485,20.367488847597347,0.8783730737133535,0.9304534474243055
SB67717_component_261a,130.319136,-30.336817,16.55699920654297,32.025142669677734,130.3190990755452,-30.33666396954588,14.834161002829253,1.053666092470329,1.1161399153875387
SB67717_component_263a,136.447415,-31.050255,17.360000610351562,72.33333587646484,136.44743551399725,-31.050140069449355,17.404969830221027,0.9415878071733783,0.9974163000391197
SB67717_component_264a,136.015801,-33.36388,18.385000228881836,92.38693237304688,136.01572996112628,-33.363679627486704,18.11579572621647,0.9580553258705605,1.0148602085568774
SB67717_component_265a,134.408338,-33.876491,18.89900016784668,113.84940338134766,134.40829411184515,-33.8763821903775,17.006052261578674,1.0491067572296675,1.1113102486780364
SB67717_component_266a,135.746131,-34.523615,18.527999877929688,92.1791000366211,135.74615656073402,-34.523497808188075,17.811748996467106,0.9819883547220175,1.0402122712151765
SB67717_component_267a,133.171729,-33.282463,18.08799934387207,108.96385192871094,133.17181227970372,-33.282364292190785,17.27886846078383,0.9882335637319997,1.0468277702862687
SB67717_component_268a,134.650261,-29.90341,19.163999557495117,31.416391372680664,134.6502334690641,-29.903439743269903,19.616233916546047,0.9222632115774665,0.976945913217854
SB67717_component_269a,131.378893,-32.752842,17.459999084472656,100.3448257446289,131.37891560406538,-32.75267612073135,16.149630345975567,1.0206245141043988,1.081139240368039
SB67717_component_271a,133.921695,-34.323329,17.02899932861328,101.36309051513672,133.92176553900288,-34.323310094721954,15.895209801573548,1.0113633897663228,1.071329006738086
SB67717_component_279a,136.738753,-33.011384,16.367000579833984,46.76285934448242,136.73875658112627,-33.01122585091072,15.6143709787992,0.9895300084352608,1.0482010836079587
SB67717_component_280a,132.959133,-30.786001,16.982999801635742,97.60344696044922,132.9591060794633,-30.785816892611738,15.641865752860157,1.024967783825134,1.0857400306309595
SB67717_component_283a,132.796409,-34.383292,17.691999435424805,110.57499694824219,132.7964368720321,-34.38316929009517,14.273315864663003,1.170136172480257,1.2395157231281884
SB67717_component_284a,131.823101,-33.108356,17.488000869750977,96.08792114257812,131.82307991382444,-33.10820586112582,16.682900944140414,0.9895846722556823,1.0482589885479923
SB67717_component_290a,130.830496,-32.483491,16.709999084472656,87.03124237060547,130.8305501595667,-32.48336442779208,16.07260789025577,0.9814641510250876,1.0396569865057999
SB67717_component_292a,136.67982,-31.630383,15.444000244140625,47.085365295410156,136.67989540233344,-31.630182495262247,13.652679226511571,1.0678894060750714,1.1312065557176911
SB67717_component_296a,131.634,-33.612151,15.579000473022461,89.02285766601562,131.63403359467839,-33.612108671367245,12.616311770846217,1.1657127394916542,1.234830016568109
SB67717_component_298a,131.105677,-33.362001,16.562000274658203,88.56684112548828,131.10576355488638,-33.36196354714729,16.848691407068436,0.9279636752765344,0.9829843680150757
SB67717_component_299a,137.230952,-30.035123,15.814000129699707,20.37886619567871,137.23097823825447,-30.03521948904808,13.883983763727135,1.0752563245271258,1.1390102724705622
SB67717_component_300a,134.003281,-30.744674,15.680999755859375,82.09947204589844,134.00330547141934,-30.74451079617811,14.559289488338807,1.0167587803119935,1.0770443000270717
SB67717_component_307a,130.207493,-35.12734,16.801000595092773,40.77912902832031,130.20740992940185,-35.12735511664934,15.356623522542655,1.0328179438330907,1.0940556412306295
SB67717_component_310a,136.122266,-30.983112,15.180999755859375,74.78324890136719,136.1221882701542,-30.98295058509242,15.058152694210852,0.9517284270318881,1.008158176115172
SB67717_component_314a,133.37799,-30.097346,15.121999740600586,52.14482879638672,133.37786314148218,-30.097361337259695,20.94061403451701,0.681717085910495,0.7221373602356914
SB67717_component_316a,134.610808,-29.77939,12.883999824523926,15.19339656829834,134.61077386567513,-29.77954108142386,16.56403195631314,0.7342923697316693,0.777829930448388
SB67717_component_320a,130.133227,-32.107418,14.239999771118164,30.689655303955078,130.13325767731124,-32.10728366489907,15.730638531216663,0.854570694155851,0.9052397804996662
SB67717_component_322a,134.807667,-32.638485,14.126999855041504,84.59281921386719,134.80766366061735,-32.63842286223457,13.223766864068986,1.0085074749839837,1.0683037594550113
SB67717_component_325a,131.000394,-33.304428,14.595000267028809,78.89189147949219,131.00037103870795,-33.30432100413655,14.108099512191737,0.9766072808831417,1.034512143497167
SB67717_component_326a,131.659956,-34.078298,14.519000053405762,82.02825164794922,131.65993848566174,-34.07826205006609,14.952243541801364,0.91667356938449,0.9710248507399976
SB67717_component_327a,136.064736,-33.71765,13.484000205993652,66.09803771972656,136.06465941971157,-33.7174583466578,12.444665504485975,1.022868695561786,1.0835164835192255
SB67717_component_328a,131.340234,-30.469893,14.392000198364258,71.60198974609375,131.34026103786988,-30.46975853198358,15.00265498737587,0.905602054509102,0.9592968851496316
SB67717_component_332a,129.723702,-34.755836,14.16100025177002,37.46296310424805,129.72374005598232,-34.75575775932177,13.628373853334246,0.980921507032976,1.0390821681418334
SB67717_component_333a,133.257645,-31.732123,14.756999969482422,73.05445098876953,133.25776063516284,-31.732040146886984,14.01011764448669,0.9943531618883484,1.053310210802523
SB67717_component_340a,130.947199,-30.137686,13.770999908447266,43.305030822753906,130.94711329122384,-30.137733157981796,12.359531298275533,1.0518355343668444,1.114200820088434
SB67717_component_341a,131.559084,-30.831412,14.111000061035156,76.27567291259766,131.55906771385142,-30.83128140864705,13.670611205475476,0.9744380330819848,1.032214276958099
SB67717_component_342a,129.531619,-33.290265,14.77299976348877,19.56688690185547,129.53157802551317,-33.290161635893654,13.820733229015621,1.0090715726073973,1.068901303475993
SB67717_component_344a,135.262553,-32.884895,13.473999977111816,77.43678283691406,135.26253005413128,-32.8848353166684,14.540779744423705,0.8747686513296908,0.9266353121316625
SB67717_component_353a,131.170751,-33.621564,14.729999542236328,74.39393615722656,131.17073291742335,-33.62150253898336,13.70748292381021,1.0144470524725584,1.0745955055431793
SB67717_component_356a,130.63803,-30.4953,12.984000205993652,45.71830749511719,130.63795150644353,-30.495151470786393,13.392487145605083,0.9152329356980857,0.9694987992020974
SB67717_component_357a,134.269867,-33.156798,12.965999603271484,79.06097412109375,134.26990778431409,-33.15667193894436,11.388655240474442,1.0747759077010899,1.1385013708371183
SB67717_component_364a,135.04084,-30.542987,13.925000190734863,71.0459213256836,135.04085017444146,-30.542781899716143,13.018051044473207,1.0097959034107977,1.0696685812003095
SB67717_component_365a,136.76704,-31.875189,13.550999641418457,47.883392333984375,136.7669657732694,-31.87511374183792,10.407916668441507,1.2291132267307283,1.3019896366491182
SB67717_component_366a,135.493206,-29.676778,12.897000312805176,32.082088470458984,135.49307847761784,-29.67692092443165,14.472368381088858,0.841266250791028,0.8911464919354716
SB67717_component_367a,133.329688,-31.112739,12.991000175476074,70.98907470703125,133.3297518833457,-31.11259891054574,13.174150094739783,0.9309028208874155,0.9860977810373637
SB67717_component_369a,131.264414,-32.95539,13.279999732971191,77.20929718017578,131.26444416665646,-32.95528252800345,12.983621602783128,0.9655762639141697,1.0228270770094325
SB67717_component_370a,134.437366,-29.997252,11.817999839782715,29.325061798095703,134.4371726520036,-29.99711748410842,12.695736973913881,0.8787602996760809,0.9308636327347781
SB67717_component_371a,137.479277,-30.496579,12.975000381469727,15.881274223327637,137.4792631405915,-30.496594369426678,9.806646581102429,1.2490252553634384,1.323082286504825
SB67717_component_376a,136.507992,-31.704015,12.378999710083008,47.429115295410156,136.50788784715874,-31.703921239752884,11.25887183576748,1.0379466753675863,1.0994884647995615
SB67717_component_377a,135.53564,-30.572579,11.932000160217285,54.73394775390625,135.5357789027112,-30.572395251027114,11.500107248903737,0.9794803432612067,1.0375555550888205
SB67717_component_379a,133.272025,-30.079783,12.654999732971191,40.82257843017578,133.2720141289889,-30.0798329685482,11.997283751385337,0.9957804017121382,1.0548220743307757
SB67717_component_380a,134.737117,-34.54873,13.468000411987305,72.80000305175781,134.73711126046854,-34.54867854866207,13.039328965319099,0.9750620272964454,1.032875268950446
SB67717_component_383a,136.949948,-33.521145,13.166999816894531,46.362674713134766,136.94993282606347,-33.5210601253047,12.158085234490251,1.0223650879458797,1.0829830160708345
SB67717_component_385a,134.409781,-35.118919,11.909000396728516,32.53825378417969,134.4097597304419,-35.11877753726357,12.475631579022357,0.9011500964341914,0.9545809621978076
SB67717_component_390a,130.936397,-29.816418,12.519000053405762,17.961261749267578,130.93634772349293,-29.816371772025093,12.372720114678794,0.9551879109369815,1.0118227792572
SB67717_component_392a,134.34043,-31.549281,12.503999710083008,71.86206817626953,134.34047770324133,-31.54916505944104,14.023269042246943,0.8417517995226004,0.8916608297546788
SB67717_component_393a,135.800356,-31.534203,12.567999839782715,67.93513488769531,135.8003004735228,-31.53413237558413,12.089610241313816,0.9813823239990466,1.0395703078031497
SB67717_component_394a,130.874991,-34.724543,12.649999618530273,53.375526428222656,130.87498896736724,-34.724515559757585,11.566414230157394,1.0324668953831977,1.0936837784650337
SB67717_component_399a,130.183172,-34.157486,11.515999794006348,43.787071228027344,130.18316902050415,-34.15736028808727,12.413382475710693,0.8757817206761546,0.9277084482444445
SB67717_component_400a,132.381847,-34.674472,12.156999588012695,60.482582092285156,132.3818218795915,-34.67439587260059,11.767106076485547,0.9753064543687247,1.0331341885585854
SB67717_component_402a,132.091295,-35.027247,12.154999732971191,35.64516067504883,132.09129227912797,-35.02721243151599,12.063275082597638,0.9512049182445408,1.00760362751786
SB67717_component_403a,130.521048,-33.407072,11.805999755859375,53.90867614746094,130.52112135866176,-33.40698304872761,10.755246073844292,1.0362553445439466,1.0976968518247494
SB67717_component_404a,135.319276,-33.944225,11.690999984741211,63.19459533691406,135.31927483277275,-33.94415977328682,10.844304896971495,1.0177340506883983,1.0780773959985368
SB67717_component_406a,134.318231,-32.357622,12.0600004196167,74.44445037841797,134.31820741619867,-32.357468864580966,11.783252320134345,0.9661988365442811,1.0234865631290495
SB67717_component_407a,132.571943,-29.941777,11.003999710083008,20.302581787109375,132.57193286639298,-29.941748990987957,11.558600294342591,0.898730932193364,0.9520183612084038
SB67717_component_408a,136.009388,-31.474872,11.725000381469727,59.82143020629883,136.00935365943425,-31.47481167866886,11.40227721805083,0.9707460559662948,1.0283033956504755
SB67717_component_409a,131.233107,-33.688392,10.425000190734863,45.1298713684082,131.23311266243704,-33.68834503564028,12.110308758822573,0.8126531451970492,0.8608368620775311
SB67717_component_410a,133.121218,-33.702881,11.347999572753906,64.84571075439453,133.12120811476393,-33.702837539572606,12.263887817504644,0.8735253369171517,0.9253182792944779
SB67717_component_412a,136.838883,-33.334938,11.253999710083008,37.14191436767578,136.83894524069467,-33.33479448824824,9.473159184950005,1.1214926438284836,1.1879880291637264
SB67717_component_413a,131.781311,-33.093111,11.737000465393066,69.04117584228516,131.78130398733012,-33.09296108028196,11.152825769169022,0.9934741445513994,1.052379074892297
SB67717_component_414a,136.045785,-33.958329,11.131999969482422,52.262908935546875,136.04595364628142,-33.95826370897856,11.245088827783752,0.9345330628375967,0.9899432667866601
SB67717_component_415a,136.330334,-30.185188,12.644000053405762,42.00664520263672,136.3302063805557,-30.18531012335488,12.69628042895318,0.9401396028481147,0.9958822289850974
SB67717_component_416a,136.064728,-33.174931,11.545999526977539,58.31312942504883,136.0647838163504,-33.17485032210655,10.781413500419427,1.0109744903268063,1.070917048727272
SB67717_component_418a,129.661702,-31.74174,12.32699966430664,15.763426780700684,129.66189598881,-31.74157252842975,8.85151668995165,1.3146921094405914,1.3926426505302083
SB67717_component_419a,134.295174,-29.71937,9.62399959564209,10.94880485534668,134.29527357977585,-29.719198010278276,12.05637029236739,0.7535696218384031,0.7982501666969222
SB67717_component_420a,135.957667,-31.771501,11.173999786376953,61.734806060791016,135.9576096379481,-31.771396903024478,10.502468345137757,1.0043882936806878,1.0639403442287059
SB67717_component_421a,129.684933,-32.575126,11.857000350952148,19.66335105895996,129.68499416545944,-32.574883471182275,12.339669053367317,0.9071010827470669,0.9608847935606948
SB67717_component_423a,132.802259,-31.116965,11.24899959564209,62.49443817138672,132.8022156418197,-31.11689123929714,9.760922948798664,1.0879461043755392,1.1524524529749078
SB67717_component_424a,130.994517,-30.044961,9.984999656677246,26.00260353088379,130.99451369463182,-30.044844794591796,12.199408018609525,0.7726693092222265,0.8184823100797743
SB67717_component_429a,131.694373,-29.809917,10.699000358581543,11.297782897949219,131.69422071329544,-29.80983208260604,12.615029749964972,0.8006436947437932,0.8481153489639016
SB67717_component_435a,130.832294,-32.069888,10.73900032043457,55.642486572265625,130.8323551904249,-32.0697820294104,10.160884358841864,0.9977384556155896,1.056896224893027
SB67717_component_437a,135.260137,-30.536152,10.800999641418457,53.47029495239258,135.26034292674262,-30.53602780832285,10.577231116585093,0.9639984209123944,1.0211556807605815
SB67717_component_439a,133.979712,-34.27285,11.336000442504883,66.29239654541016,133.97972200213147,-34.27277885504766,11.821587584463304,0.905249752593287,0.9589236945977873
SB67717_component_441a,134.956029,-32.713273,10.944999694824219,61.14524841308594,134.9559419121034,-32.71315813648198,9.952265635289422,1.0381931507000617,1.0997495541130546
SB67717_component_442a,136.163861,-33.613589,10.446999549865723,51.975120544433594,136.16383480492448,-33.61345365669975,8.991374971862237,1.096856545255532,1.1618912104721182
SB67717_component_443a,136.048554,-34.65205,10.270999908447266,46.686363220214844,136.04851812148985,-34.65197391855244,10.993767960158976,0.8819633204781601,0.9342565665992772
SB67717_component_445a,129.928901,-31.037796,10.706999778747559,26.242647171020508,129.9287294266813,-31.03756280969824,11.4731204087532,0.880989245814919,0.9332247372370341
SB67717_component_447a,130.051904,-33.923208,10.935999870300293,25.79245376586914,130.0518091322041,-33.923068447650024,9.97808968156121,1.0346547555322432,1.0960013609127237
SB67717_component_452a,131.897623,-34.058866,10.16100025177002,58.734107971191406,131.89758344642996,-34.05875712900953,9.233848989624008,1.0388146342611508,1.1004078865907212
SB67717_component_453a,135.572003,-30.416404,10.263999938964844,44.24137878417969,135.57208582067392,-30.41629393571258,9.492675157408666,1.020733541875125,1.0812547325981325
SB67717_component_457a,136.629776,-32.368539,11.126999855041504,49.67410659790039,136.6297933904589,-32.36844972489949,9.955712140827218,1.0550914804527929,1.117649817275348
SB67717_component_467a,136.290968,-33.214921,9.270000457763672,42.32876968383789,136.29109684057252,-33.21479323197143,8.51664307095367,1.0275327525258988,1.088457081097992
SB67717_component_469a,132.199022,-31.262842,9.609999656677246,54.29378128051758,132.1990687080734,-31.26275284340017,7.068169349287102,1.2835145332284867,1.3596164978201202
SB67717_component_473a,134.324289,-31.150155,10.232000350952148,60.188236236572266,134.32437189554375,-31.15005041478763,10.523174602086696,0.9179058439116199,0.9723301891164279
SB67717_component_477a,132.982428,-34.483291,9.331000328063965,54.56725311279297,132.98249555096828,-34.48325985861356,9.723246056236624,0.9059438755169271,0.9596589733609521
SB67717_component_480a,130.600593,-31.22813,9.95199966430664,50.010047912597656,130.60051761832005,-31.228010162664585,9.148946517951112,1.0268893001043466,1.0877754771852541
SB67717_component_481a,137.291516,-33.262625,9.041999816894531,11.727625846862793,137.29158213141983,-33.26269209185177,7.240187443267573,1.178959941034619,1.2488626693363316
SB67717_component_484a,131.965042,-33.884195,9.17199993133545,52.1136360168457,131.9651223965483,-33.88415766235193,11.366947929933165,0.7617360982231508,0.8069008486598547
SB67717_component_488a,131.578561,-33.587795,8.821999549865723,47.945648193359375,131.57852295359066,-33.58778388570547,8.270506041928352,1.0069764475378835,1.0666819545432296
SB67717_component_489a,133.902962,-31.102834,9.682999610900879,57.29585647583008,133.90303355812796,-31.10265220634563,9.264627243309798,0.9866572893630364,1.0451580356773875
SB67717_component_494a,135.098986,-34.715387,9.451000213623047,42.764705657958984,135.09893911936922,-34.7152408427455,6.149211979897827,1.4509173472393286,1.5369449361184782
SB67717_component_497a,130.930087,-32.119708,8.9399995803833,50.79545211791992,130.93006149989827,-32.11959868768284,9.808870235311621,0.8604048980910349,0.9114199052404207
SB67717_component_498a,134.494821,-34.245108,9.880999565124512,54.59115982055664,134.4948806306877,-34.244979276373414,8.144657093282257,1.1452820145646003,1.2131879159497576
SB67717_component_499a,129.794464,-30.690323,10.234999656677246,10.486680030822754,129.79428980055093,-30.690206614591812,8.650519608343044,1.1169404066425195,1.18316588136579
SB67717_component_501a,131.516144,-32.820588,8.611000061035156,51.25595474243164,131.51612534929737,-32.82051902617528,8.0447792803972,1.0104709301523938,1.0703836315332693
SB67717_component_502a,131.371103,-33.373732,9.255999565124512,50.304344177246094,131.37114654192993,-33.373620387752375,8.981714105599137,0.9728557795447282,1.0305382086649126
SB67717_component_505a,132.248537,-32.299476,8.927000045776367,52.822486877441406,132.2487445518825,-32.29942532045197,7.948689858906394,1.0602159896250085,1.123078168130285
SB67717_component_514a,129.707075,-31.542514,9.41100025177002,17.5251407623291,129.70676780480167,-31.542295337823827,11.018570220413842,0.8062967441511952,0.8541035781878926
SB67717_component_519a,130.955388,-33.906868,8.427000045776367,44.587303161621094,130.95544463809537,-33.90681243871192,8.397520453999624,0.9473409066230253,1.0035105114584988
SB67717_component_520a,131.31909,-32.231532,8.954000473022461,57.0318489074707,131.3192110206464,-32.23147851826185,7.162809298607292,1.1800980400207124,1.2500682483286887
SB67717_component_522a,130.682486,-35.217052,9.03600025177002,17.343568801879883,130.68250751762776,-35.21706006673653,8.00152361079362,1.0660753658072324,1.1292849576274382
SB67717_component_525a,135.82196,-29.876482,7.535999774932861,10.59915542602539,135.82161050055257,-29.87651157543146,14.125954961853642,0.5036251669597175,0.5334860400789476
SB67717_component_526a,134.539576,-32.063006,8.34000015258789,50.240966796875,134.5393883206141,-32.06285101734238,9.032729955306412,0.871628449061118,0.923308921428392
SB67717_component_528a,132.65578,-33.251512,9.279999732971191,45.04854202270508,132.6556749330169,-33.25139257714252,9.411137614977578,0.9308725087290135,0.9860656716146957
SB67717_component_531a,136.308262,-34.619596,8.696999549865723,37.00851058959961,136.3082186356587,-34.619574665406624,8.848686966587858,0.92784403643914,0.9828576355684298
SB67717_component_532a,135.525894,-33.838277,8.682999610900879,48.23888397216797,135.52596248826632,-33.838171472645854,9.45032324148541,0.867376163118835,0.9188045095414193
SB67717_component_534a,132.623605,-34.025187,7.973999977111816,48.6219482421875,132.62362600150945,-34.02516796813016,9.001397651241932,0.8362779521816381,0.8858624278210435
SB67717_component_538a,134.581076,-30.329331,8.369999885559082,35.16806411743164,134.58116075269373,-30.329237178857184,7.867891577717672,1.0042722218884022,1.0638173903239097
SB67717_component_539a,136.760804,-29.792433,8.52400016784668,10.6817045211792,136.76081588488344,-29.79267318244883,7.399644086071739,1.0874692444916974,1.1519473191813783
SB67717_component_541a,133.44041,-30.700907,8.276000022888184,45.723758697509766,133.44041763477074,-30.700697758261004,7.648259319207457,1.0215091084514807,1.0820762839597045
SB67717_component_542a,131.259709,-35.125593,8.559000015258789,20.624095916748047,131.25953787308342,-35.12554009095029,7.128033585029508,1.1335421002841335,1.200751920310061
SB67717_component_544a,136.353122,-33.679396,8.788000106811523,43.29064178466797,136.35311238833907,-33.67929274058935,7.917066860344388,1.047876511758117,1.1100070596636658
SB67717_component_545a,133.338047,-34.527274,8.447999954223633,46.93333053588867,133.33814368825293,-34.52718932290882,7.934097343039429,1.0051728348812559,1.0647714023366563
SB67717_component_546a,136.273026,-33.372408,8.423999786376953,40.69565200805664,136.27306066062818,-33.372298495929606,7.880801771025713,1.0090955902439995,1.0689267451629532
SB67717_component_549a,130.802361,-33.904434,8.321999549865723,40.20289611816406,130.8022884798065,-33.904355793891924,7.675079802810952,1.0235973502007134,1.0842883414473214
SB67717_component_550a,132.270652,-30.764017,8.00100040435791,44.45000076293945,132.27070456310705,-30.763876921488045,8.641143448872631,0.8740925976508958,0.9259191739724866
SB67717_component_552a,132.86648,-33.604565,8.979999542236328,53.13609313964844,132.86635092467753,-33.60451110806986,6.217817192419511,1.3633982428916314,1.4442366612489588
SB67717_component_553a,135.357475,-33.678191,8.062000274658203,45.806819915771484,135.3574929565906,-33.678090493208344,7.427036537222082,1.0247351017556412,1.0854935524086724
SB67717_component_554a,130.906696,-30.779101,7.60099983215332,34.866973876953125,130.90667221896453,-30.77904587882707,7.802556188309723,0.9196406991223192,0.9741679071201836
SB67717_component_565a,132.87816,-32.517817,8.531999588012695,51.70908737182617,132.87820928588815,-32.517703742525704,9.62998103752785,0.836391785210824,0.8859830102223107
SB67717_component_567a,135.753109,-34.415902,7.866000175476074,41.18324661254883,135.75314500342455,-34.4157232097745,6.8746710512181055,1.0801557808998459,1.1442002267268216
SB67717_component_572a,132.020716,-30.492078,7.843999862670898,40.642486572265625,132.02076434292294,-30.491929449997947,7.479203189493101,0.9900716163584254,1.0487748044725231
SB67717_component_575a,137.402186,-32.315511,7.515999794006348,12.547579765319824,137.40243443513612,-32.315342907695694,6.578139822514831,1.07861889497419,1.142572215975332
SB67717_component_577a,136.229111,-34.971356,7.953000068664551,24.931034088134766,136.22912276447295,-34.97116167384126,8.05998930603793,0.9314957664620627,0.986725883458278
SB67717_component_588a,134.162959,-31.673302,7.589000225067139,40.80107498168945,134.16291132780032,-31.673161468048875,7.258460667035542,0.9870164770256422,1.0455385202447607
SB67717_component_589a,131.43077,-34.442687,7.85699987411499,42.01604080200195,131.4307064952779,-34.44262532405263,8.346321759152698,0.8886811897859753,0.941372750876623
SB67717_component_591a,132.564501,-32.079362,7.749000072479248,44.53448486328125,132.56461358024924,-32.07933017977831,7.870260868817985,0.92948182485899,0.9845925315107187
SB67717_component_592a,130.900363,-31.77552,7.821000099182129,41.82352828979492,130.9005585628069,-31.77538471361741,6.9235305139378385,1.0663973215468279,1.1296260027218172
SB67717_component_593a,135.787546,-30.258352,7.705999851226807,26.21088409423828,135.78741430989098,-30.258343436655473,7.330374250693492,0.9924010453714704,1.0512423496655412
SB67717_component_599a,134.128821,-33.216654,8.253000259399414,46.62712097167969,134.1289302963894,-33.21652437963939,7.530729824828805,1.0345682748435299,1.0959097526230837
SB67717_component_600a,129.97994,-34.712774,7.910999774932861,26.636363983154297,129.9798599584743,-34.71264892178097,7.346486965131097,1.0165670401519187,1.076841191236183
SB67717_component_601a,131.390809,-34.409126,8.107000350952148,43.352943420410156,131.39078816454133,-34.409069612612235,7.4693009877986025,1.024624169820174,1.085376043112368
SB67717_component_603a,131.05188,-32.046734,7.422999858856201,43.15697479248047,131.0518442269001,-32.046643007231545,6.916337387193367,1.0131824222206012,1.0732558930108003
SB67717_component_604a,130.792403,-31.235799,7.741000175476074,39.69743728637695,130.79238909364273,-31.235718315255504,8.164371852472115,0.8950734298522924,0.9481439987489243
SB67717_component_605a,131.689423,-31.697207,7.435999870300293,44.261905670166016,131.6896042277558,-31.697077329716652,7.096797793707777,0.9891480680823804,1.0477964973009746
SB67717_component_608a,136.762735,-30.304405,7.297999858856201,25.607017517089844,136.76264596907208,-30.30435826536246,6.931477636514713,0.9939450816924709,1.0528779347726185
SB67717_component_609a,131.699748,-34.24901,7.541999816894531,38.479591369628906,131.69979444401824,-34.24887267629482,7.350011556357252,0.9686856370885866,1.0261208107041986
SB67717_component_612a,133.562624,-31.3718,7.868000030517578,44.959999084472656,133.56274621702119,-31.371666085223087,7.761365657035188,0.9569969929144501,1.013739125070822
SB67717_component_613a,131.476675,-34.038338,7.353000164031982,38.70000076293945,131.47664749763237,-34.038294938709086,7.887647001641215,0.8800380989720442,0.9322171951282827
SB67717_component_614a,136.783577,-33.131176,6.728000164031982,18.38251495361328,136.78361738234477,-33.130920786947996,6.311222900022635,1.006368047432212,1.066037481263394
SB67717_component_615a,130.644401,-34.45648,6.98199987411499,33.40669631958008,130.64441341018053,-34.45646432228156,6.543343130030454,1.0073131565997253,1.0670386277117787
SB67717_component_627a,137.454786,-33.853742,6.815000057220459,10.732283592224121,137.45497554691332,-33.853799224569855,6.756314167365297,0.9522267831218765,1.008686080664903
SB67717_component_633a,132.056794,-35.282561,7.861000061035156,12.886884689331055,132.05673473184854,-35.28238673862381,7.43225859611011,0.9984845574614015,1.0576865645053632
SB67717_component_635a,132.28342,-34.187714,7.438000202178955,44.27381134033203,132.28342687969499,-34.1876128086548,8.05256678434818,0.8719793802823981,0.9236806600146724
SB67717_component_639a,131.151952,-33.127882,7.168000221252441,42.16470718383789,131.15201957302216,-33.12778426478086,6.569925359542611,1.0299637487258546,1.091032215585394
SB67717_component_642a,133.156318,-31.163247,6.742000102996826,38.747127532958984,133.156300268575,-31.163096704752828,7.4609148163204555,0.8530628672660607,0.9036425517483416
SB67717_component_644a,130.092285,-32.947233,6.715000152587891,31.525821685791016,130.09239045967823,-32.94716752360472,6.521209245760702,0.9720805555442518,1.0297170201911812
SB67717_component_647a,132.910856,-30.195476,7.5320000648498535,29.08108139038086,132.91086413499656,-30.195530043001977,7.1210939936255375,0.9984997527943996,1.057702660797925
SB67717_component_651a,135.546936,-33.401507,6.3429999351501465,35.634830474853516,135.5469113855535,-33.40136027456686,5.82284924771172,1.02835609227986,1.0893292381977495
SB67717_component_652a,131.854921,-32.57984,6.676000118255615,37.505619049072266,131.85498836321986,-32.579690401986475,6.573196114720204,0.9587913574080293,1.0156398807735538
SB67717_component_658a,131.98801,-31.557855,6.607999801635742,39.33333206176758,131.9880454518609,-31.557772785834604,6.241228280221754,0.9995034980105759,1.0587659199353876
SB67717_component_659a,136.284108,-32.525188,6.855000019073486,35.153846740722656,136.28414781962996,-32.525019432643646,5.332849824745184,1.213479576133552,1.285429037822387
SB67717_component_663a,130.094135,-31.977414,7.073999881744385,14.706860542297363,130.09423974455603,-31.97720565932463,7.191832574586056,0.9285597286639568,0.9836157625167667
SB67717_component_667a,129.909791,-35.166645,6.385000228881836,11.802218437194824,129.9097306816358,-35.16666637480644,5.855750355576693,1.0293491933475343,1.0903812220753426
SB67717_component_669a,130.812544,-32.442787,6.934000015258789,35.74226760864258,130.81259661567216,-32.44269065009884,5.669068652230791,1.1546662894975024,1.2231286020024197
SB67717_component_670a,133.033419,-34.178445,6.5229997634887695,37.705204010009766,133.03350822242137,-34.17839726291102,6.556364657559261,0.9392228007410589,0.9949110679754485
SB67717_component_671a,130.467693,-34.622774,6.660999774932861,31.27229881286621,130.46760389952323,-34.62278857840298,3.2144862223650983,1.9561953179777838,2.0721817777871663
SB67717_component_673a,132.189903,-34.632776,6.89900016784668,34.153465270996094,132.18997100987778,-34.632632987615004,6.57052976308386,0.9912201760484608,1.0499914644034203
SB67717_component_674a,131.878062,-33.096744,7.051000118255615,40.99418640136719,131.87799936571648,-33.096664889587274,6.093334323927701,1.0923959453089958,1.1571661332560221
SB67717_component_675a,133.77569,-31.190977,6.5329999923706055,36.909603118896484,133.7758244101182,-31.190663420767834,6.789080583195671,0.9084186858206666,0.9622805197718649
SB67717_component_677a,135.476839,-32.032781,7.211999893188477,41.211429595947266,135.4767897264652,-32.0326866576596,6.275766356206601,1.084859033807583,1.1491823442496325
SB67717_component_678a,130.761744,-32.822902,6.547999858856201,37.63218307495117,130.76184704464345,-32.82275738917753,5.73159373547358,1.0784937355833777,1.1424396356513857
SB67717_component_679a,137.020176,-33.359494,6.066999912261963,15.923883438110352,137.020190848807,-33.35930599107101,5.131282082809904,1.1161754436409408,1.182355562284671
SB67717_component_685a,134.234204,-30.376127,6.46999979019165,29.543378829956055,134.23418831143772,-30.376037581894636,5.6806864438288205,1.0751964286036606,1.1389468252063615
SB67717_component_688a,131.571789,-30.645988,6.414000034332275,32.55837631225586,131.57192070131555,-30.645846172907596,8.72390778470597,0.6940683751501134,0.7352209803933012
SB67717_component_690a,130.264814,-34.295774,6.047999858856201,27.121074676513672,130.26479385399156,-34.295719525149885,6.7542350529353445,0.8453177079513364,0.8954381675283541
SB67717_component_691a,135.509621,-34.178904,6.5980000495910645,33.32323455810547,135.50963879373023,-34.17884374040576,9.259105742326941,0.6727096154300104,0.7125958200724573
SB67717_component_695a,130.862935,-30.369092,5.998000144958496,24.991668701171875,130.86294556851294,-30.368953650323505,4.781548810855221,1.1841923283675235,1.254405294648807
SB67717_component_697a,136.387935,-32.930624,6.276000022888184,26.48101234436035,136.38792858945794,-32.930573150257366,5.954020463625254,0.9950776648726352,1.0540776709166506
SB67717_component_705a,132.880569,-33.711486,6.2170000076293945,34.34806823730469,132.88059419379658,-33.71141721101138,6.006907610523686,0.9770443561319405,1.0349751337506243
SB67717_component_707a,136.475337,-35.464772,6.208000183105469,78.582275390625,136.47480920547824,-35.464950641082446,5.836582398625571,1.0041011506489947,1.063636175952448
SB67717_component_708a,130.518575,-30.437815,5.370999813079834,12.519813537597656,130.51799334778048,-30.437636327977586,6.489208054492073,0.7813539347157885,0.827681863176174
SB67717_component_711a,133.891783,-34.171986,6.63100004196167,36.83888626098633,133.89176785098238,-34.171858697509904,6.248169584031405,1.0018681886120988,1.061270817442067
SB67717_component_713a,130.287407,-33.688447,6.690999984741211,20.214502334594727,130.28749614113687,-33.688461474097366,6.947729265872428,0.909143644049086,0.9630484621223968
SB67717_component_714a,134.198882,-34.735853,5.953000068664551,29.47029685974121,134.1989423440756,-34.735811406917584,5.855225853820946,0.9597908394627143,1.0166986239787488
SB67717_component_715a,131.597555,-30.603744,6.328000068664551,31.326732635498047,131.59746068061298,-30.60378821923215,6.427200480570336,0.9294563378053322,0.984565533282232
SB67717_component_718a,134.168863,-35.25531,6.735000133514404,13.103113174438477,134.1689121479115,-35.25515089108644,6.595854240678277,0.9639420451425686,1.0210959623664786
SB67717_component_720a,134.343725,-35.124005,6.293000221252441,16.38802146911621,134.34346200711065,-35.12397864495772,5.884769066961052,1.009514792565537,1.0693708027700404
SB67717_component_721a,136.722607,-33.314907,6.644000053405762,25.26235580444336,136.72246104466626,-33.31469583520501,5.704498697597991,1.0995032230091735,1.1646948146737888
SB67717_component_728a,130.754441,-33.739525,5.919000148773193,26.66216278076172,130.7543608259574,-33.739413751497175,6.541365021934065,0.8542093706941994,0.9048570334977486
SB67717_component_736a,132.939805,-35.090751,5.64900016784668,17.8201904296875,132.93965186871964,-35.09055836610898,5.578981130373082,0.9558749047741881,1.0125505062371336
SB67717_component_737a,136.458658,-30.256738,6.635000228881836,23.953067779541016,136.45861634556084,-30.256877097868134,6.163222631995933,1.0162895292461007,1.0765472261924636
SB67717_component_740a,133.614477,-34.017574,6.008999824523926,35.76785659790039,133.61441159043798,-34.01758601700425,6.094448377425667,0.930790952931238,0.9859792802219395
SB67717_component_741a,130.896965,-34.699318,5.880000114440918,26.849315643310547,130.89684365428337,-34.699305817700385,6.183333869169225,0.897716076022843,0.950943332327442
SB67717_component_742a,130.384226,-34.906758,6.2129998207092285,24.17509651184082,130.38402441265805,-34.90678956149266,7.8597275351399585,0.7462394680260911,0.7904853944276827
SB67717_component_744a,136.183881,-31.685553,6.140999794006348,29.66666603088379,136.1838915352984,-31.68549630342767,5.609390710646534,1.0334935169347246,1.0947712703183303
SB67717_component_746a,134.122749,-33.501686,6.39300012588501,39.46296310424805,134.12281905769305,-33.50164686760628,5.153611981941384,1.1710551830422147,1.240489223536139
SB67717_component_748a,129.978133,-34.760388,6.051000118255615,20.511865615844727,129.97805441975794,-34.760349271685435,5.666248598852415,1.00812852097895,1.0679023365619933
SB67717_component_751a,135.980705,-31.877828,6.172999858856201,31.176767349243164,135.98073158803922,-31.877643105138535,5.736858619495747,1.0157959680729285,1.0760244008590871
SB67717_component_752a,133.007645,-30.592019,5.951000213623047,28.473684310913086,133.00762739439446,-30.591780718708577,5.840548559889898,0.9618795500014463,1.018911178051267
SB67717_component_754a,137.02215,-31.004021,6.270999908447266,13.257927894592285,137.02196169956306,-31.003937807200764,5.693129377839396,1.039848586633112,1.101503143922434
SB67717_component_757a,136.715957,-33.47132,5.666999816894531,23.911392211914062,136.71601107069475,-33.47114343375309,4.963494060557302,1.0778294774130972,1.141735992378369
SB67717_component_758a,130.601843,-34.18559,6.2779998779296875,29.61320686340332,130.60191350372548,-34.18549383070853,5.969443166549404,0.9928230374472325,1.0516893624365709
SB67717_component_759a,133.225698,-33.906757,6.172999858856201,36.964073181152344,133.22557892500302,-33.906681254623784,6.017744799516111,0.9683823507365742,1.025799541940126
SB67717_component_764a,131.825081,-33.39727,5.888999938964844,30.04591941833496,131.82508019609196,-33.397154290572566,6.188375084168056,0.8983576817027544,0.9516229800017916
SB67717_component_765a,131.984768,-31.876038,6.164999961853027,33.873626708984375,131.98491037458217,-31.87592518355186,3.60520492613215,1.614312045071072,1.7100276095725735
SB67717_component_768a,135.149931,-31.309857,5.75,35.06097412109375,135.1500575326139,-31.309822760131173,5.354459560515315,1.0137633037961815,1.0738712161356987
SB67717_component_769a,131.584651,-31.291025,6.205999851226807,35.66666793823242,131.58466270312013,-31.290967768307034,5.822413597211586,1.0062202963462028,1.0658809697406113
SB67717_component_770a,130.973686,-33.605911,6.245999813079834,33.94565200805664,130.97368357219244,-33.60585972339963,4.7573493499992425,1.2394279547290339,1.3129159440604943
SB67717_component_771a,131.487265,-31.523227,6.0370001792907715,33.17033004760742,131.48768259822774,-31.523155952750745,4.776224151777568,1.1932209041123376,1.2639691914467581
SB67717_component_772a,131.862212,-34.695426,5.289999961853027,28.288768768310547,131.86214657867183,-34.69536712720216,4.153115778359626,1.202447144621349,1.2737424729205216
SB67717_component_774a,133.308425,-33.616559,5.466000080108643,31.96491241455078,133.30850432526228,-33.61652400748348,4.873565320038107,1.0587836038489387,1.1215608535366677
SB67717_component_779a,132.355208,-31.835357,5.732999801635742,33.52631378173828,132.35537839739376,-31.835263187243534,5.260439994917569,1.0288314237894258,1.0898327529968486
SB67717_component_782a,134.015975,-30.43113,5.552000045776367,23.525423049926758,134.01596234278094,-30.43109306467146,4.689398649725616,1.1176779209267158,1.1839471242440058
SB67717_component_786a,135.415149,-30.250096,5.415999889373779,20.515151977539062,135.4152192904746,-30.249909382325736,5.010294482573866,1.020468865931256,1.0809743635251348
SB67717_component_787a,129.845079,-31.135041,5.538000106811523,14.347149848937988,129.84519196145283,-31.134715569843152,3.947531727366489,1.3243771995916842,1.4029019876949997
SB67717_component_792a,135.084249,-32.571595,5.605000019073486,32.97058868408203,135.08423791493988,-32.57149259502487,4.974465196828864,1.0636863509519565,1.1267542936367467
SB67717_component_793a,132.797516,-33.740908,6.0970001220703125,35.44767379760742,132.79749026530882,-33.74085218857889,5.749578897038699,1.001070193669082,1.060425507894248
SB67717_component_797a,133.702529,-32.395113,5.7729997634887695,32.8011360168457,133.70264056516433,-32.394919178639896,5.842350841066894,0.9328209067806201,0.9881295938116821
SB67717_component_799a,135.553666,-32.737958,5.2220001220703125,30.01149559020996,135.55359047121922,-32.73780656322561,6.2620101727499495,0.787240581817042,0.8339175405358822
SB67717_component_800a,134.759937,-31.180736,5.711999893188477,34.0,134.75995845557063,-31.180536107856277,5.537453124932377,0.9737836817438257,1.0315211279117116
SB67717_component_801a,135.682215,-33.041413,5.659999847412109,33.49112319946289,135.6822847718482,-33.04130447652562,5.8596830787810665,0.9118568322177113,0.9659225202652947
SB67717_component_806a,133.808259,-33.113566,5.870999813079834,37.158226013183594,133.80839220160843,-33.1133643331258,5.404248992210452,1.0255600175455881,1.086367378990521
SB67717_component_807a,130.10254,-34.112844,5.451000213623047,17.93092155456543,130.1023125117637,-34.11276143527268,6.169437544655884,0.8340939897026232,0.8835489741434914
SB67717_component_808a,134.93303,-33.152249,5.382999897003174,33.64374923706055,134.93294767865942,-33.152112841482904,4.65003885378791,1.0928288576182643,1.1576247137415197
SB67717_component_809a,137.107906,-33.66053,5.394000053405762,16.3454532623291,137.10790809772007,-33.66058407461654,4.225360721716352,1.2051234030094677,1.276577411647521
SB67717_component_811a,135.822069,-33.126659,5.046999931335449,28.353931427001953,135.82215080368846,-33.12659701833131,4.982429488768765,0.9562611285868075,1.0129596299781536
SB67717_component_814a,136.867701,-34.106286,4.710000038146973,16.468530654907227,136.8675929362858,-34.10631750387983,4.543317289879304,0.9786608333607935,1.0366874549217533
SB67717_component_818a,132.838496,-31.712186,5.120999813079834,29.26285743713379,132.83853976005528,-31.71224178566351,5.206561078932911,0.9285133605318081,0.9835666451317974
SB67717_component_820a,133.785922,-34.755686,5.113999843597412,27.64324188232422,133.78602305234128,-34.75558454919565,5.58814906610655,0.8639270906495898,0.9151509351486407
SB67717_component_822a,132.624825,-31.79127,5.718999862670898,32.12921142578125,132.62495950250315,-31.791274214514626,6.430754753070858,0.8395421467937099,0.8893201626045406
SB67717_component_824a,133.189884,-30.203285,5.791999816894531,23.933883666992188,133.1898708941172,-30.20332480037231,5.557681903399541,0.9838280897770079,1.042161087584315
SB67717_component_826a,135.903631,-31.182304,5.281000137329102,26.405000686645508,135.90365461634133,-31.182273336757287,3.8296596705534465,1.301788294911169,1.3789737448304156
SB67717_component_828a,129.802549,-31.345647,5.63100004196167,14.55038833618164,129.8023022635047,-31.34549363781871,4.788748179436456,1.110063685685328,1.175881426829241
SB67717_component_829a,130.837391,-34.841662,5.492000102996826,21.204633712768555,130.83750938398177,-34.8416388790675,4.882978660879185,1.0617690827551967,1.1247233470416163
SB67717_component_831a,134.677069,-33.684938,5.3420000076293945,31.609468460083008,134.67705755956078,-33.68475740850742,5.707067336095014,0.8836397668797225,0.9360324126269356
SB67717_component_833a,133.722114,-31.112504,5.304999828338623,29.971750259399414,133.7222424418172,-31.11245326861546,5.395570270207808,0.9281803841797599,0.9832139259923498
SB67717_component_841a,137.37113,-32.212582,5.35099983215332,10.020599365234375,137.37115592062088,-32.21254090966905,4.172662578882147,1.2106149565867195,1.282394569653137
SB67717_component_852a,135.782667,-30.775549,4.677000045776367,22.061321258544922,135.78270462139943,-30.77531051532228,4.788071302549726,0.9221278310196447,0.9768025056948898
SB67717_component_854a,130.249309,-32.0844,4.485000133514404,12.154472351074219,130.24930508344426,-32.08445061749726,6.914046710758397,0.6123708592335199,0.6486794667637482
SB67717_component_856a,133.006878,-33.060379,5.245999813079834,32.993709564208984,133.0070557893172,-33.06012570674824,5.60914533795759,0.882908997183108,0.9352583142354474
SB67717_component_860a,135.355664,-34.01522,5.035999774932861,26.787233352661133,135.35567934579694,-34.01520168632803,3.9242675288423827,1.2114666412676656,1.2832967523033343
SB67717_component_862a,131.206978,-33.244272,5.24399995803833,27.600000381469727,131.20709347199585,-33.244303407696286,3.339789933136313,1.4822719594844307,1.5701586216573273
SB67717_component_866a,134.80921,-34.848923,5.068999767303467,24.970443725585938,134.80909319696752,-34.84885357699612,4.401708499245175,1.087139705769076,1.1515982414948018
SB67717_component_867a,131.022558,-33.063382,5.182000160217285,29.44318199157715,131.02271839259186,-33.06324970789047,4.105724275073088,1.191494402552925,1.2621403223978156
SB67717_component_869a,132.03853,-30.961906,4.980000019073486,28.786128997802734,132.03863946968076,-30.961785520002834,4.9958273962404744,0.9410360996075672,0.9968318807053065
SB67717_component_873a,133.851794,-32.214208,5.11299991607666,30.61676597595215,133.85177579411842,-32.21408174318458,4.112305725076691,1.1737477048208975,1.243341389940386
SB67717_component_880a,135.052052,-31.833064,4.89300012588501,27.644067764282227,135.05211576229502,-31.833109405925434,4.079700292013012,1.1322213295344339,1.1993528386053816
SB67717_component_881a,135.093696,-32.777731,4.73199987411499,27.672513961791992,135.0936264746576,-32.7775682911572,4.71792082920388,0.9468440195521495,1.0029841630287564
SB67717_component_887a,134.338229,-33.53296,4.854000091552734,30.72151756286621,134.33820214452913,-33.53275028963611,4.708992366154067,0.9730970558718172,1.0307937907143174
SB67717_component_894a,135.554875,-34.058867,4.933000087738037,25.827224731445312,135.5546372309182,-34.05871117160559,4.398770173528851,1.0586787998868619,1.1214498355526967
SB67717_component_896a,132.67267,-33.669412,4.784999847412109,27.982454299926758,132.672672951443,-33.669413924888964,3.902193146543063,1.157597369516288,1.2262334712086513
SB67717_component_900a,135.890056,-31.436712,4.61899995803833,24.967567443847656,135.88996568594942,-31.436622496475046,3.8390204197027087,1.13582624885136,1.203171500295386
SB67717_component_906a,134.923328,-34.087621,5.011000156402588,28.965320587158203,134.92336627788922,-34.08763711981939,4.792917003315652,0.9869811822763407,1.0455011328041086
SB67717_component_914a,131.892447,-32.924366,4.349999904632568,25.89285659790039,131.892369390792,-32.92420740083177,4.080795003300314,1.0063031530830766,1.0659687392075654
SB67717_component_921a,134.751581,-30.971489,4.8420000076293945,27.355932235717773,134.75152463875938,-30.971348851286713,4.435860213308719,1.030460381058551,1.0915582941730562
SB67717_component_924a,135.974455,-32.444655,4.896999835968018,25.910053253173828,135.97460923187703,-32.44450452017965,4.61748016046163,1.0011736622450425,1.0605351113145751
SB67717_component_925a,134.252628,-33.034224,4.565999984741211,26.546510696411133,134.25271899639063,-33.034164973961595,4.27023061127269,1.0094131102112789,1.0692630914798231
SB67717_component_927a,131.044894,-30.789812,4.372000217437744,21.751243591308594,131.04481346927003,-30.789729353277618,3.4821914865990613,1.18525525711433,1.2555312464185389
SB67717_component_931a,136.088173,-33.466061,4.958000183105469,24.423646926879883,136.0881202242159,-33.46593779631947,4.297067586891526,1.0892278038242746,1.1538101467684985
SB67717_component_939a,131.018872,-33.093667,4.672999858856201,27.327484130859375,131.0188706165949,-33.093470924534785,4.062489006609371,1.0858952513582667,1.1502800010667287
SB67717_component_944a,131.468347,-30.249334,4.499000072479248,17.30384635925293,131.46830699206396,-30.249424247245063,6.430051382795049,0.660519922942598,0.6996833780391346
SB67717_component_945a,133.303975,-30.01174,4.205999851226807,11.881355285644531,133.30417719470856,-30.01160097113008,3.594259586016707,1.10469955254832,1.1701992442588303
SB67717_component_946a,133.119758,-32.179224,4.927999973297119,28.15999984741211,133.11973817272082,-32.17922690991876,4.836892677498541,0.9618084989665752,1.0188359142683512
SB67717_component_947a,132.471175,-33.254722,4.650000095367432,27.84431266784668,132.4711283708869,-33.254501591456204,4.1960449848434624,1.0461577846865144,1.1081864260663794
SB67717_component_948a,136.806344,-30.103952,4.364999771118164,11.221078872680664,136.80631194110188,-30.104324244474007,3.745388571332944,1.1002001735537514,1.1654330887127973
SB67717_component_949a,130.749062,-33.646429,4.620999813079834,22.432037353515625,130.74910778954222,-33.6462583244345,3.4756700645428524,1.255109949592576,1.3295277535750865
SB67717_component_951a,134.88716,-34.198978,4.290999889373779,25.09356689453125,134.887060975497,-34.19872632099737,3.9319113467779507,1.030241763041358,1.0913267138868956
SB67717_component_952a,132.025173,-34.780311,4.269000053405762,20.926471710205078,132.02505639745362,-34.780174370850034,3.949069250585485,1.0205065005413398,1.081014229561268
SB67717_component_953a,130.325479,-31.358417,4.383999824523926,21.178743362426758,130.32544555101188,-31.35825403957729,4.550414339291025,0.909502609858344,0.9634287116823241
SB67717_component_958a,136.1846,-30.590646,4.552999973297119,19.969297409057617,136.18429441101827,-30.590602495031412,4.184855244676008,1.0270736144927448,1.0879707199166486
SB67717_component_960a,131.88398,-31.139391,4.445000171661377,24.423078536987305,131.8838630612967,-31.139345990327076,4.396740403476619,0.9543887745032908,1.0109762605376014
SB67717_component_961a,131.791329,-34.886146,4.585999965667725,18.718366622924805,131.79137225563377,-34.886009947183034,3.917629783795503,1.1050833083651304,1.1706057536719785
SB67717_component_963a,137.030781,-33.732609,4.140999794006348,14.684395790100098,137.03064428328426,-33.732634827644745,4.448327921710156,0.8788055249944184,0.9309115395463794
SB67717_component_967a,136.095805,-30.282624,4.60699987411499,16.875457763671875,136.095746388427,-30.282517140964757,2.9684923057637276,1.4650978721526275,1.5519662507360654
SB67717_component_982a,133.497667,-32.833897,4.048999786376953,24.245508193969727,133.49784059852377,-32.83381137789037,4.432987299265067,0.8622548217522286,0.9133795143171798
SB67717_component_988a,129.693468,-34.701008,4.480000019073486,11.08910846710205,129.6932736427852,-34.70118387379291,3.550843411941935,1.1910523759910066,1.2616720872586722
SB67717_component_992a,135.033055,-32.721479,4.39900016784668,25.2816104888916,135.03304120568137,-32.7214056958504,3.9282573705703054,1.0571543697927788,1.1198350191622073
SB67717_component_994a,130.178581,-33.782062,4.295000076293945,10.710723876953125,130.17857543260214,-33.781932855946266,4.578011537497068,0.885667397041753,0.9381802647535804
SB67717_component_995a,130.357103,-32.000661,4.245999813079834,14.393219947814941,130.35719195333706,-32.00069842547477,4.432509084436562,0.9043045190936911,0.9579224164454394
SB67717_component_997a,134.984971,-33.497039,4.085000038146973,23.477012634277344,134.9849637828239,-33.49701035639726,3.658653537016378,1.0540352728777338,1.1165309851881409
SB67717_component_998a,136.034812,-30.111168,4.057000160217285,10.244950294494629,136.03469798659705,-30.111505569691147,2.9370753955965783,1.3039901009454242,1.3813061000407951
SB67717_component_1000a,132.361778,-31.401024,4.1479997634887695,24.838321685791016,132.3617679057322,-31.40101279197818,3.982457719533614,0.9832680193428057,1.041567809532085
SB67717_component_1002a,131.396484,-35.18374,4.5329999923706055,11.029196739196777,131.3962767235749,-35.183721701185206,3.401025517470757,1.258230454465496,1.3328332789874697
SB67717_component_1003a,131.306047,-34.089335,4.190000057220459,23.407821655273438,131.30590285300715,-34.08920183745811,3.365026752152449,1.1754654604508012,1.245160994497388
SB67717_component_1008a,131.937793,-34.968827,4.624000072479248,16.39716339111328,131.93776430873191,-34.96873316439758,4.814533311353085,0.9066674011297391,0.9604253981534321
SB67717_component_1012a,135.183255,-31.741736,4.192999839782715,24.23699378967285,135.18326143924946,-31.74163793434518,4.441910191769138,0.8911266606389381,0.9439632182461378
SB67717_component_1020a,130.339223,-32.7898,4.0970001220703125,20.485000610351562,130.33919087450136,-32.78975498830172,5.112955822974593,0.7564466455536164,0.8012977745007736
SB67717_component_1021a,134.12235,-33.954769,4.434999942779541,27.042682647705078,134.1222031302714,-33.95454024426803,4.093294015058281,1.0228337336913311,1.0834794486944264
SB67717_component_1023a,134.676739,-30.862227,4.363999843597412,26.131736755371094,134.67688252610597,-30.862028354306084,4.364219261589577,0.9439794269729614,0.9999497234261129
SB67717_component_1026a,133.132616,-33.347683,4.131999969482422,22.955554962158203,133.13261460665333,-33.347498063261654,5.009034283252849,0.7787367499713234,0.8249095006790641
SB67717_component_1028a,132.859831,-34.30903,4.34499979019165,26.017963409423828,132.8598015935596,-34.308969801839055,4.502373923331946,0.9110297603600439,0.9650464097784591
SB67717_component_1032a,133.433879,-35.143173,3.811000108718872,11.07848834991455,133.43397711617152,-35.14311454458738,3.763632220364535,0.9559081141644982,1.0125856846739794
SB67717_component_1035a,131.323713,-34.32739,4.26800012588501,22.946237564086914,131.32389666179742,-34.32727535725707,4.238176007068717,0.9506700231711321,1.0070370175204026
SB67717_component_1036a,133.310544,-31.900957,4.263999938964844,24.36571502685547,133.31059064698601,-31.900898287951332,3.276149658159751,1.2286772641177572,1.3015278250017366
SB67717_component_1038a,131.774957,-31.016568,3.937000036239624,21.75138282775879,131.77503248807278,-31.016469066151178,2.334091787721223,1.5923255106644025,1.686737452636052
SB67717_component_1039a,134.421038,-31.268377,4.333000183105469,23.939228057861328,134.4210581298022,-31.26821500471667,4.0349123464055525,1.013768908342367,1.0738771529858546
SB67717_component_1048a,135.686303,-33.890617,4.0289998054504395,21.896738052368164,135.68618605182334,-33.89053469081224,3.577815338843585,1.0630744724250414,1.1261061356936006
SB67717_component_1053a,136.672807,-30.917192,3.736999988555908,14.712597846984863,136.6729189757606,-30.916993849999297,3.035567436569885,1.1621644218552787,1.2310713125775998
SB67717_component_1055a,132.79779,-34.455842,4.181000232696533,25.96894645690918,132.79792431967485,-34.45567443244702,4.247505913467256,0.9292457090602724,0.984342415967013
SB67717_component_1056a,130.37498,-32.534226,3.805999994277954,16.840707778930664,130.3749608774733,-32.53409439818883,4.0889281125589845,0.878706163764384,0.9308062870041595
SB67717_component_1057a,136.025918,-31.067041,3.746000051498413,18.919191360473633,136.0258648814759,-31.06699365261361,3.721510569135894,0.950239079172942,1.0065805220508095
SB67717_component_1058a,134.557148,-34.862245,3.825000047683716,17.70833396911621,134.5569574387386,-34.86210505345763,3.835527507105479,0.941435797376234,0.9972552772982959
SB67717_component_1059a,130.701861,-32.464534,3.6500000953674316,18.434343338012695,130.70184502148206,-32.46446522671261,3.5964960452601282,0.9580709093005428,1.0148767159574157
SB67717_component_1062a,130.970219,-34.71903,4.158999919891357,18.56696319580078,130.9700530667739,-34.71909755530888,3.6768320795855116,1.067823515583733,1.1311367584565353
SB67717_component_1063a,135.57319,-32.164325,4.35099983215332,24.307260513305664,135.5732182350048,-32.1642975139931,4.165326835175894,0.9861076933235112,1.0445758530661822
SB67717_component_1064a,136.213352,-30.993988,3.8959999084472656,19.676767349243164,136.2134795168028,-30.993850763836154,3.2830542651785106,1.1202765405754098,1.186699820886277
SB67717_component_1069a,130.371469,-30.980448,3.9820001125335693,14.748147964477539,130.37141864928884,-30.980235620169633,3.9381748842427,0.9545323126478333,1.0111283093257797
SB67717_component_1071a,133.992461,-30.596029,3.5209999084472656,17.873096466064453,133.99244536550674,-30.5958156474065,2.997210682522943,1.1090039851281295,1.1747588946544845
SB67717_component_1072a,136.871278,-34.015901,4.09499979019165,15.570341110229492,136.87140576452788,-34.015721151059964,2.744291373092541,1.4086659864092352,1.4921884134981618
SB67717_component_1073a,135.419618,-30.196824,3.3989999294281006,11.96830940246582,135.41966098673674,-30.196831598578623,3.109229390005333,1.0320072686819088,1.0931968996415122
SB67717_component_1074a,130.139504,-31.705315,3.9010000228881836,13.179054260253906,130.1397153614404,-31.705168279864946,3.5408471130212265,1.040047423582676,1.1017137702846642
SB67717_component_1077a,132.159911,-34.00487,3.7149999141693115,21.350574493408203,132.15999397138617,-34.004772979964734,4.039746329992879,0.8681386222436772,0.9196121762862917
SB67717_component_1078a,132.941828,-30.121125,4.065999984741211,12.396341323852539,132.9416607189922,-30.121255958771723,4.65901037422348,0.8238688068125665,0.8727175211364266
SB67717_component_1080a,130.909476,-32.091632,3.8580000400543213,20.521278381347656,130.9096691337613,-32.091483076524085,4.846112043475124,0.7515418018578913,0.7961021134971051
SB67717_component_1081a,136.533313,-33.182553,3.9779999256134033,16.105262756347656,136.53341456873355,-33.18257711050054,3.6394330776229764,1.0318472178928533,1.0930273591434068
SB67717_component_1082a,134.842712,-32.296801,3.811000108718872,21.172222137451172,134.84264246041099,-32.29675674900653,3.7485826838690457,0.9597458243775765,1.0166509398654648
SB67717_component_1085a,134.767338,-32.134066,3.755000114440918,21.705204010009766,134.76732112890016,-32.1339795307386,2.318483377972922,1.5289396126149741,1.619593286764885
SB67717_component_1088a,134.197301,-34.348953,3.614000082015991,20.770116806030273,134.19725512763674,-34.34886846672818,4.418387099906236,0.7721625965791175,0.817945553501341
SB67717_component_1092a,132.494921,-30.428238,4.1539998054504395,19.59433937072754,132.49497109280003,-30.42811997978649,3.5895998815293053,1.0924581135435603,1.157231987560875
SB67717_component_1102a,130.989964,-30.677613,4.199999809265137,22.340425491333008,130.98996019306838,-30.677479336657328,2.9522147416938824,1.3430299291815144,1.4226606723247093
SB67717_component_1103a,133.037514,-33.41817,3.8510000705718994,22.260116577148438,133.0374954075273,-33.417918368996936,3.9918873864695614,0.9107089618971602,0.9647065905778812
SB67717_component_1104a,132.595933,-35.084413,3.8469998836517334,12.823332786560059,132.59586714538665,-35.08438983513866,2.7097339399310063,1.3402317032716593,1.4196965343946955
SB67717_component_1105a,131.732646,-33.299094,3.7730000019073486,20.845304489135742,131.7324723147485,-33.29901840705893,3.2197057835820764,1.106254327246064,1.1718462044409865
SB67717_component_1109a,132.326187,-32.679244,3.7260000705718994,22.178571701049805,132.326209371633,-32.67905879704327,3.7186227112471744,0.9458997402256044,1.0019838956241545
SB67717_component_1114a,136.612709,-32.649125,3.5269999504089355,14.051793098449707,136.61273230743927,-32.649068589141145,3.4587277048056637,0.9626611506623454,1.0197391212694809
SB67717_component_1117a,135.72775,-30.55832,3.796999931335449,17.578702926635742,135.72767707881474,-30.558341078108025,3.5913524873660245,0.9980836041242678,1.0572618378989167
SB67717_component_1118a,134.892784,-32.878603,3.86899995803833,22.893491744995117,134.89264165051722,-32.87841923372586,3.4562670228581562,1.0567586275485037,1.11941581262401
SB67717_component_1119a,133.042379,-30.809997,3.621000051498413,21.945453643798828,133.0424163007464,-30.80979712020644,3.1177480369159514,1.0964072063222623,1.161415229397522
SB67717_component_1122a,135.839033,-30.299246,3.8429999351501465,14.076922416687012,135.83909498234775,-30.299327386622164,3.069725069597342,1.1818306827265397,1.2519036226440419
SB67717_component_1124a,131.386916,-30.912271,3.8399999141693115,20.104711532592773,131.38695966575557,-30.91212137099648,4.094576666361269,0.8853328365034095,0.9378258674984848
SB67717_component_1127a,134.495416,-31.014032,3.6070001125335693,19.818681716918945,134.49542493979123,-31.014036587245975,3.4849880679263996,0.9770779784519852,1.035010749600577
SB67717_component_1130a,133.557523,-34.815169,3.7149999141693115,18.57499885559082,133.55758448178096,-34.81513405283428,3.692362268883566,0.9498146600318216,1.0061309383092008
SB67717_component_1132a,136.167937,-31.315929,3.6419999599456787,16.783411026000977,136.1679793878097,-31.31594011836412,4.687583054533685,0.7334581282983024,0.776946225288371
SB67717_component_1134a,130.919153,-32.01459,3.9170000553131104,20.507854461669922,130.9192973237347,-32.01458876113662,4.308548339360685,0.8582364840282003,0.9091229218735715
SB67717_component_1138a,131.637311,-32.246598,4.035999774932861,23.602336883544922,131.63749000490267,-32.24655614252789,3.827455924562008,0.9954634065780471,1.05448628396543
SB67717_component_1139a,135.690748,-33.319394,4.050000190734863,21.54255485534668,135.6907522785737,-33.31926416725389,3.518903623667857,1.0865057674374998,1.1509267157801353
SB67717_component_1142a,130.626244,-32.780682,3.7230000495910645,20.683332443237305,130.6261351889927,-32.78054820504036,3.0894528242656754,1.1376163858162847,1.2050677778114238
SB67717_component_1146a,130.190978,-34.568882,3.937000036239624,18.39719581604004,130.1909062951065,-34.56894014507339,2.5036265646481137,1.4845001048881104,1.5725188779473476
SB67717_component_1148a,130.476663,-30.981383,3.319999933242798,13.333333015441895,130.47661142989165,-30.98127696022314,3.189318809273283,0.9827080317934128,1.040974619279059
SB67717_component_1150a,134.211054,-30.233121,3.430000066757202,13.720000267028809,134.21109844908992,-30.233223340803455,2.403571747918961,1.3471668971406916,1.4270429288108142
SB67717_component_1154a,130.646857,-32.947296,3.552999973297119,19.62983512878418,130.64679514493486,-32.94715301501535,2.4187710304680716,1.3867073280675977,1.4689277854504301
SB67717_component_1156a,130.229401,-33.870365,3.933000087738037,11.567646980285645,130.22926340029136,-33.8700777695271,3.7133814945582118,0.9998589814485932,1.0591424806478047
SB67717_component_1157a,134.097556,-32.669979,3.7049999237060547,21.41618537902832,134.0976817983373,-32.66990567573759,3.963247078262541,0.8825136268759041,0.934839501687162
SB67717_component_1160a,131.796309,-33.339754,3.51200008392334,16.72381019592285,131.79632401525095,-33.339584733106754,3.65782301205392,0.9063922731937553,0.9601339573702614
SB67717_component_1165a,132.982259,-31.499746,3.2260000705718994,18.43428611755371,132.98244781188197,-31.49960662329925,3.266328645442172,0.9323712162614174,0.9876532403049685
SB67717_component_1166a,136.932152,-33.6182,3.874000072479248,14.730037689208984,136.93169490246487,-33.61809728494809,3.1139672369916553,1.1744376095402365,1.244072200394069
SB67717_component_1169a,131.101885,-30.906498,3.4010000228881836,17.44102668762207,131.1016729200033,-30.90657029852963,3.0610520427811188,1.0488666731636327,1.1110559295810616
SB67717_component_1174a,133.699599,-30.395817,3.384999990463257,15.527523040771484,133.6995994129336,-30.395738593990778,3.0195492676261444,1.0582807990293885,1.1210282364839226
SB67717_component_1176a,131.65647,-30.768468,3.7950000762939453,19.46154022216797,131.65642688471226,-30.768244642792478,3.899282791126693,0.9187797626500566,0.97325592412275
SB67717_component_1179a,130.780822,-33.093731,3.755000114440918,20.86111068725586,130.7810521842739,-33.09365812922894,2.3723441071089426,1.4942271937489173,1.5828227040034883
SB67717_component_1182a,134.092832,-31.600162,3.5739998817443848,20.078651428222656,134.09268768372675,-31.600214911070754,3.2380403316827766,1.0419734300726455,1.1037539732826656
SB67717_component_1184a,134.368515,-31.073139,3.25,18.465909957885742,134.36828772576564,-31.072897285030766,2.9626260029014606,1.0355972666073157,1.0969997552229334
SB67717_component_1185a,135.89357,-30.949069,3.2769999504089355,17.157068252563477,135.8935292845653,-30.948930788135517,3.0814530023960924,1.0039342048630238,1.0634593316402323
SB67717_component_1187a,136.832326,-30.862622,3.7960000038146973,13.044672966003418,136.83213621555285,-30.862644564099874,2.3675316508935986,1.5136127428122543,1.6033576583366642
SB67717_component_1189a,133.018603,-31.410504,3.6510000228881836,22.398773193359375,133.01864056139397,-31.410488728049884,3.7555694458649067,0.9177415687626748,0.972156173788276
SB67717_component_1195a,134.789848,-34.985974,3.322999954223633,13.082676887512207,134.79010397410576,-34.98611141044628,3.9837729167406835,0.78744481070068,0.8341338785299889
SB67717_component_1200a,136.144202,-32.163735,3.2929999828338623,18.9252872467041,136.14408751820355,-32.16343052084613,3.5557001650549918,0.874280840993181,0.9261185786127536
SB67717_component_1208a,134.512371,-31.510512,3.240999937057495,18.626436233520508,134.51221556999667,-31.510298889450528,4.09484959660528,0.7471803339729169,0.7914820460669313
SB67717_component_1209a,131.396223,-34.119108,3.059999942779541,16.276596069335938,131.39634984225174,-34.1190488882414,3.1956170247427638,0.9039638370969603,0.9575615347793
SB67717_component_1212a,135.83942,-32.822502,3.6510000228881836,21.104047775268555,135.83949176810347,-32.82247917908977,3.6628164016531257,0.9409814243732413,0.9967739636746169
SB67717_component_1214a,131.09319,-31.23114,3.0929999351501465,17.088397979736328,131.09309170590893,-31.231061187584814,3.61917587056667,0.8067790049865302,0.8546144331653776
SB67717_component_1217a,136.514651,-34.774487,3.5950000286102295,10.763473510742188,136.51479864430888,-34.77444242124395,3.4540184647713628,0.9825589321696486,1.0408166792612092
SB67717_component_1224a,132.685379,-31.482136,3.6050000190734863,21.981706619262695,132.68538997318845,-31.482071710705856,2.8820489014520305,1.1808324808841928,1.2508462355573562
SB67717_component_1225a,134.51996,-34.058138,3.2039999961853027,18.736841201782227,134.51985176318013,-34.05807470547376,2.7463633164860886,1.1013335824556647,1.1666336995371576
SB67717_component_1245a,134.110848,-34.536901,3.3550000190734863,17.94117546081543,134.11093025259188,-34.53679164266653,2.946849949699958,1.074778250009298,1.138503852025138
SB67717_component_1247a,136.281943,-31.679467,3.0739998817443848,13.423580169677734,136.28228046690091,-31.67939532040891,2.3619135059749796,1.22863878760618,1.3014870671462042
SB67717_component_1260a,131.691314,-34.022683,3.2300000190734863,19.1124267578125,131.69115468301078,-34.02265665123018,2.5357995998014657,1.2024636611824182,1.273759968779225
SB67717_component_1261a,130.542653,-32.754417,3.315999984741211,17.544973373413086,130.54273696860088,-32.75429041781523,3.259618747348596,0.9603556101237894,1.0172968809430476
SB67717_component_1266a,132.108199,-31.521196,3.3540000915527344,19.846155166625977,132.1083091274302,-31.521152199172253,3.3305406454885116,0.9506763647518978,1.00704373510529
SB67717_component_1268a,135.226112,-32.229016,3.308000087738037,19.80838394165039,135.22624854790817,-32.22890287904441,3.5604090056871556,0.8771017678050971,0.9291067634235456
SB67717_component_1269a,131.596899,-32.150968,3.5369999408721924,21.179641723632812,131.59697433789492,-32.15091518578611,3.2309386382347896,1.0334529453804109,1.0947282932010798
SB67717_component_1279a,135.771875,-30.993448,3.2260000705718994,15.584541320800781,135.771833603128,-30.993461603880736,2.5896419941007016,1.1760045669625483,1.245732065637198
SB67717_component_1281a,133.23748,-31.916304,3.3310000896453857,20.310976028442383,133.23761160937636,-31.91603395633283,3.032733750118669,1.0368709924276671,1.0983490026168785
SB67717_component_1284a,131.483083,-31.080303,3.236999988555908,17.036842346191406,131.4831051509679,-31.08021289308213,3.7063077826749047,0.8244903578982338,0.8733759251423288
SB67717_component_1287a,133.796701,-33.186778,3.068000078201294,19.29559898376465,133.79693447396818,-33.18666267262803,2.9798516420740855,0.9719526065129835,1.029581484823806
SB67717_component_1294a,131.048872,-31.969308,3.010999917984009,16.635358810424805,131.0487941949155,-31.969205162479277,2.468103850860093,1.151679612508817,1.2199648393785072
SB67717_component_1297a,131.03272,-32.786751,2.628999948501587,13.144999504089355,131.03302308564344,-32.78660147188786,2.377409648987141,1.0439289016522593,1.1058253884102944
SB67717_component_1302a,135.406433,-33.878472,3.1040000915527344,16.082901000976562,135.406616151457,-33.87833127944835,3.1432233453190115,0.9322466873130854,0.9875213278036098
SB67717_component_1304a,131.323381,-30.819432,3.0510001182556152,17.43428611755371,131.32348807009768,-30.819284766780328,3.5896496555202466,0.8023697094781934,0.8499437023230711
SB67717_component_1305a,131.865493,-34.423071,2.799999952316284,15.909090995788574,131.86565069642052,-34.42296748421828,2.869464503736337,0.921173703976197,0.9757918066839291
SB67717_component_1307a,133.212303,-32.289282,3.253000020980835,20.45911979675293,133.21224168595788,-32.289222750926086,3.019355863238101,1.017077691453638,1.077382120003623
SB67717_component_1311a,130.768515,-32.436924,2.7060000896453857,13.736041069030762,130.76863176979407,-32.43684922342737,2.626879831644631,0.9724604896652045,1.0301194813130143
SB67717_component_1316a,134.941036,-30.433052,2.760999917984009,11.849784851074219,134.94137680842385,-30.432810023343674,2.6801981621472235,0.9724871097401504,1.030147679741729
SB67717_component_1319a,135.060716,-33.180379,3.071000099182129,18.171598434448242,135.06081118779258,-33.18031958395832,2.7653072318438747,1.048385017630578,1.1105457157953555
SB67717_component_1322a,134.581344,-34.080338,3.3269999027252197,19.23121452331543,134.58130156285102,-34.08024611629458,2.9043127484880022,1.081418442581372,1.1455377539685663
SB67717_component_1324a,134.994725,-32.877708,3.3519999980926514,20.564416885375977,134.99476106420997,-32.87770110041389,2.7433099557900924,1.1534890998463356,1.2218816145867308
SB67717_component_1325a,130.122664,-34.033095,3.0810000896453857,10.068628311157227,130.12241580707732,-34.03293705991295,2.8999220728648485,1.002974168898408,1.0624423733571742
SB67717_component_1326a,136.868132,-32.361801,3.2170000076293945,13.184426307678223,136.86819967743992,-32.36162739446634,2.895520414901481,1.0488389219454506,1.1110265329415236
SB67717_component_1327a,135.672801,-30.601398,2.9200000762939453,15.783783912658691,135.67270135833962,-30.601369488159037,2.5406100234809474,1.0849987064625204,1.1493302983561353
SB67717_component_1336a,131.177278,-33.264155,2.869999885559082,14.870465278625488,131.17738250584196,-33.26433100152448,1.7994281458815038,1.5056767177807542,1.594951091616457
SB67717_component_1344a,133.479018,-30.86293,3.2039999961853027,18.101694107055664,133.4790908732367,-30.862773209290424,2.3668104095628215,1.2779486425484905,1.3537205951266371
SB67717_component_1346a,132.559753,-32.994564,3.2019999027252197,20.138364791870117,132.55967382912118,-32.99438598751804,2.5707184510805012,1.1758479450724317,1.2455661573438288
SB67717_component_1350a,130.127921,-34.72801,3.2079999446868896,13.0406494140625,130.12777857813853,-34.72801329581975,2.2482866821833354,1.3469982422665294,1.426864274075389
SB67717_component_1351a,130.171169,-33.170035,2.372999906539917,10.097871780395508,130.17106478843016,-33.16994005899922,2.3183703960338438,0.9662717071331443,1.0235637543506986
SB67717_component_1356a,134.096293,-32.089288,3.0460000038146973,18.130952835083008,134.09632243986204,-32.08913395689608,3.4345218171200806,0.8372361748911797,0.8868774653377607
SB67717_component_1357a,133.10684,-30.544699,3.075000047683716,16.18421173095703,133.10691172225555,-30.544559380132835,3.3258355120338017,0.8728281117478363,0.9245797143477201
SB67717_component_1362a,134.180008,-32.873684,3.2179999351501465,20.112499237060547,134.18027697297595,-32.87358664873345,3.4410338346894127,0.8828388835582499,0.9351840434433284
SB67717_component_1363a,130.788359,-32.033336,2.744999885559082,14.758063316345215,130.7883682905413,-32.03324961343292,2.680656980945677,0.9666860481652042,1.0240026624334106
SB67717_component_1377a,135.717223,-30.939915,2.7009999752044678,13.175609588623047,135.71726114878473,-30.939828400324988,2.128520582522261,1.1979290338216704,1.2689564749258042
SB67717_component_1380a,130.402508,-31.345864,2.621999979019165,13.585492134094238,130.4021943357641,-31.346114369381382,2.495728988539071,0.9917897718842875,1.0505948326360586
SB67717_component_1383a,136.421799,-30.741322,3.0820000171661377,16.136125564575195,136.42178593408244,-30.74118695594718,2.3942282539341724,1.2152103228202968,1.2872624037001592
SB67717_component_1385a,134.633983,-33.116172,3.005000114440918,18.212121963500977,134.63392465839968,-33.11619524944853,2.670493838084957,1.0622757747115852,1.125260081706775
SB67717_component_1386a,132.701761,-32.984125,3.009000062942505,18.806251525878906,132.7016482543584,-32.983983811331775,2.5397644286839056,1.1184411190166728,1.1847555737686093
SB67717_component_1387a,134.152644,-34.347911,2.88700008392334,16.12849235534668,134.15251854141286,-34.34790934125184,2.668931342373715,1.0211599173362034,1.081706388653549
SB67717_component_1392a,131.853678,-34.139808,2.9790000915527344,17.421052932739258,131.85371431245497,-34.1398358125921,2.6503711182142147,1.0610801523815792,1.1239935687044256
SB67717_component_1393a,133.092623,-31.250106,2.819000005722046,16.485380172729492,133.0926882911918,-31.249986215533806,2.4598727233502204,1.0818493905757305,1.1459942536712682
SB67717_component_1395a,131.630382,-31.21673,2.9719998836517334,16.511110305786133,131.63024520247183,-31.216547823307128,3.198539295381658,0.8771653390482071,0.9291741039239308
SB67717_component_1396a,134.724466,-34.133458,2.9579999446868896,15.989189147949219,134.72467478594174,-34.13334376869356,2.4706208845437563,1.1302549509433204,1.197269869769249
SB67717_component_1405a,131.244999,-31.021223,2.8919999599456787,14.830769538879395,131.2453462526379,-31.021056526843264,2.53699140796829,1.0761273048809934,1.1399328948700271
SB67717_component_1407a,133.991975,-30.768563,2.6559998989105225,13.620512962341309,133.99196287993107,-30.768412493674173,2.199755918061951,1.139824333352608,1.207406638664955
SB67717_component_1409a,132.257217,-31.391695,3.177999973297119,18.584794998168945,132.25736675718042,-31.39157325365015,2.028269367011522,1.4791513780830399,1.5668530151789577
SB67717_component_1414a,134.473015,-31.996168,2.6440000534057617,14.770949363708496,134.4730942040369,-31.996090230929056,1.7920188640767958,1.3928464683344906,1.4754309267653194
SB67717_component_1415a,130.837906,-32.107528,2.624000072479248,13.95744800567627,130.8379317075491,-32.1073372579781,2.096062248016966,1.181800124771758,1.2518712528512697
SB67717_component_1416a,131.603184,-34.601187,2.746999979019165,14.768816947937012,131.60323498570483,-34.60107514519565,2.0973750276809193,1.2364225811689291,1.3097323763106592
SB67717_component_1421a,132.549324,-33.178987,2.686000108718872,15.988096237182617,132.54920186208497,-33.17889157267394,1.8869452031613252,1.3437890635839904,1.423464817218241
SB67717_component_1422a,134.634807,-30.470049,3.0360000133514404,14.388626098632812,134.6348543740832,-30.46999935666287,3.0147261472241103,0.9506885564029631,1.007056649622029
SB67717_component_1431a,136.605748,-32.349114,2.546999931335449,12.546797752380371,136.6057165272396,-32.34906441953731,2.355175195349806,1.0209161625237564,1.0814481811647783
SB67717_component_1436a,135.070524,-32.085914,2.615000009536743,13.909575462341309,135.07048184310102,-32.08569330231155,2.4462501986646052,1.009148747809738,1.0689830545396615
SB67717_component_1444a,132.666275,-30.336035,3.0269999504089355,12.255061149597168,132.6664333085229,-30.336086911644532,2.401623630423785,1.1898489468670008,1.2603973045829826
SB67717_component_1445a,134.604476,-34.463662,2.6619999408721924,15.476743698120117,134.60467045728373,-34.46354239985488,2.520005233154036,0.9972199623758553,1.0563469892244772
SB67717_component_1446a,131.846409,-30.880711,2.8980000019073486,15.172775268554688,131.84670513300847,-30.880605423899773,2.4149731266102092,1.1328448739935535,1.2000133541755567
SB67717_component_1447a,132.559846,-34.690991,2.7179999351501465,14.010308265686035,132.5597294652919,-34.690868940588885,2.529681500148369,1.0143035888302792,1.0744435356746422
SB67717_component_1448a,134.553132,-31.615363,2.9000000953674316,16.29213523864746,134.5531449369522,-31.615140994459153,2.8226702935494994,0.9698894254764665,1.027395973945186
SB67717_component_1451a,135.669,-31.384506,2.8359999656677246,15.932583808898926,135.6691378520718,-31.384415731793954,3.159675947702284,0.8473211399747578,0.8975603867637323
SB67717_component_1453a,131.16897,-30.825127,2.681999921798706,14.342245101928711,131.168817580541,-30.825092827905845,2.350345296179811,1.0772374798249453,1.1411088941518328
SB67717_component_1455a,131.163071,-31.193838,2.5969998836517334,14.114130020141602,131.16309363010186,-31.194031629323035,2.6301702347411946,0.9321213089481722,0.9873885155221805
SB67717_component_1457a,136.63515,-30.438707,2.3399999141693115,10.540539741516113,136.63536410903748,-30.438516374604,2.198375616694992,1.0048432230682143,1.064422247225993
SB67717_component_1458a,133.899112,-30.906802,2.5190000534057617,13.994443893432617,133.89900986370736,-30.90660924288552,1.8532467709230773,1.2831554988531675,1.359236175628722
SB67717_component_1461a,131.633738,-32.410066,2.994999885559082,17.934131622314453,131.63376760624652,-32.41000498276448,2.0894010956722204,1.3531917981692525,1.4334250574303946
SB67717_component_1465a,134.324789,-32.260854,2.3389999866485596,13.922618865966797,134.32458324300757,-32.26061046106204,2.612249089361937,0.8452788406432784,0.8953969957052906
SB67717_component_1467a,131.940415,-33.128399,2.989000082015991,17.27745819091797,131.94052637647258,-33.12823791232257,2.90382261854264,0.9717179113680787,1.029332874167121
SB67717_component_1472a,130.395364,-34.503095,2.934999942779541,14.317072868347168,130.39523150272592,-34.50287935976916,2.683933639830436,1.0323350865625576,1.093544154454194
SB67717_component_1478a,135.536864,-31.384335,3.056999921798706,17.98235321044922,135.53684779731682,-31.384269559743082,2.7900570548642363,1.0343480690019664,1.0956764903674916
SB67717_component_1481a,134.444988,-31.960875,2.6429998874664307,15.102856636047363,134.44518494398898,-31.96062514822688,2.86023804823742,0.8723270302676713,0.9240489228143584
SB67717_component_1487a,133.679733,-32.724689,2.7669999599456787,16.66867446899414,133.6798336627298,-32.724481350633916,3.242591842688169,0.8055661926976683,0.8533297109795306
SB67717_component_1490a,133.350958,-33.28513,2.6059999465942383,15.151162147521973,133.35110602231782,-33.284962369396396,2.431280803692272,1.0118674978437319,1.0718630043212731
SB67717_component_1491a,134.445493,-31.906686,2.8299999237060547,16.079545974731445,134.44536097969655,-31.906462189758177,2.5549788695419395,1.0456430997754131,1.1076412245293525
SB67717_component_1492a,133.044925,-31.789641,2.437999963760376,14.011494636535645,133.04507956982454,-31.789470818695392,2.4758442787708668,0.9295970436858438,0.9847145818761758
SB67717_component_1498a,136.751047,-30.445668,2.687000036239624,10.026119232177734,136.75105551394128,-30.445282767559682,3.2385481788106545,0.7832522926952622,0.8296927783320536
SB67717_component_1502a,135.47564,-32.060323,2.4519999027252197,13.622220993041992,135.47550279492293,-32.060463229360984,2.1176148240628994,1.093094841753938,1.157906468571448
SB67717_component_1503a,136.30798,-34.559684,2.73799991607666,10.822134017944336,136.30833529395883,-34.559517837009345,2.147138017975416,1.2038096863552339,1.2751858022887514
SB67717_component_1514a,133.50428,-30.663474,2.5329999923706055,14.812865257263184,133.5043965499188,-30.663195565808632,2.5623634877671426,0.933208779742044,0.9885404644826076
SB67717_component_1515a,133.588874,-31.650325,2.614000082015991,14.284153938293457,133.58903844879455,-31.650149743415255,2.377039733082537,1.0381342524487678,1.0996871636748642
SB67717_component_1517a,130.463618,-34.860786,2.5239999294281006,10.516666412353516,130.46352993039665,-34.86089731713289,1.9707872499860777,1.2090213199154107,1.2807064432987025
SB67717_component_1518a,135.55335,-33.730643,2.510999917984009,13.64673900604248,135.55341804466937,-33.730515195826186,2.1028537062696544,1.1272545659345037,1.194091586351189
SB67717_component_1521a,135.87681,-31.811378,2.3889999389648438,12.775400161743164,135.87648476138037,-31.81139701583982,1.6936481480898555,1.331610809321114,1.4105644916030675
SB67717_component_1522a,135.05781,-33.012716,2.6519999504089355,16.679244995117188,135.0579662632073,-33.01272883127647,1.7170787249689277,1.4580340595315255,1.5444836115227776
SB67717_component_1526a,135.601473,-31.686795,2.625999927520752,14.27173900604248,135.6013845661359,-31.686820695350914,2.0876803824335775,1.1874492685897517,1.2578553449161904
SB67717_component_1529a,136.460744,-33.331445,2.696000099182129,12.65727710723877,136.4604706933176,-33.33158434361233,3.389976232192583,0.7507712187809339,0.7952858411158826
SB67717_component_1530a,131.816954,-31.862765,2.619999885559082,15.321636199951172,131.8170431137907,-31.862685251752023,2.8543024341037677,0.8665340829578672,0.9179125008810585
SB67717_component_1536a,131.881664,-31.388715,2.6419999599456787,15.271677017211914,131.88179428549944,-31.388597085887966,2.3439236652740023,1.0640785964840445,1.127169796136186
SB67717_component_1540a,131.653635,-33.817193,2.690999984741211,14.94999885559082,131.65358513715086,-33.81724983611888,2.3379448762440638,1.086585218844172,1.1510108780085244
SB67717_component_1541a,133.918721,-33.250461,2.7750000953674316,16.61676788330078,133.91892505084326,-33.25035492631008,2.81876198468792,0.9293706678231379,0.9844747837674086
SB67717_component_1542a,134.49212,-33.095857,2.36899995803833,13.773255348205566,134.49223424792768,-33.09583272324134,2.568730830644629,0.8706243701055982,0.9222453087635593
SB67717_component_1543a,131.538926,-33.298867,2.6050000190734863,15.414201736450195,131.53890311996076,-33.29881807947858,2.014014279745246,1.2210390411092862,1.2934367175405501
SB67717_component_1544a,135.929678,-32.138415,2.3940000534057617,12.340206146240234,135.9296747236194,-32.13818076220653,2.550213321741575,0.886200540322686,0.9387450190915272
SB67717_component_1548a,130.786509,-30.676053,2.5850000381469727,11.142241477966309,130.78622124230603,-30.675928183332935,2.609445112879256,0.9351833204284508,0.9906320793598486
SB67717_component_1552a,132.623292,-33.387794,2.6059999465942383,13.715789794921875,132.6230552194955,-33.387597445200434,2.5690388783824885,0.9576087166639298,1.0143871190594909
SB67717_component_1555a,135.077304,-32.484538,2.3519999980926514,14.0,135.0772275359691,-32.48450283946629,2.2182604748425456,1.0009425255845072,1.0602902701314185
SB67717_component_1562a,135.925149,-31.72432,2.6080000400543213,12.910890579223633,135.92508764457514,-31.724313511457314,2.0441540678496883,1.2044210385693332,1.275833402713016
SB67717_component_1563a,132.046863,-32.078767,2.183000087738037,13.230302810668945,132.04695855741383,-32.07853755784954,2.0793039678424217,0.9911060692818449,1.0498705920343216
SB67717_component_1571a,130.041402,-32.791488,2.5139999389648438,10.431534767150879,130.04124678999173,-32.79133242300005,1.7488621047645765,1.3570444095584917,1.4375060973164986
SB67717_component_1575a,134.302787,-30.944713,2.171999931335449,11.868852615356445,134.30280770060074,-30.944698925819537,1.7903638434271174,1.1452567848185269,1.2131611902851005
SB67717_component_1587a,134.281757,-33.84882,2.484999895095825,15.152438163757324,134.28195782034717,-33.8487368973082,2.844017986353407,0.8248564996457498,0.8737637761152439
SB67717_component_1614a,134.115965,-30.724883,2.243000030517578,12.744318008422852,134.11607608122637,-30.724766712403913,2.0514659677325002,1.0321654734043024,1.0933644846162287
SB67717_component_1617a,133.631054,-34.213839,2.0920000076293945,12.378698348999023,133.63087638933226,-34.213582634756165,2.475568622878929,0.7977578329267557,0.8450583790307261
SB67717_component_1619a,131.674347,-32.831385,2.180000066757202,13.292682647705078,131.6742977028137,-32.8312928582845,1.9553394777934432,1.0524917567041223,1.114895951068959
SB67717_component_1620a,133.016078,-31.720915,2.1050000190734863,12.309941291809082,133.01600587004594,-31.720987869542363,2.144713319866834,0.9265465000882357,0.9814831658732771
SB67717_component_1621a,134.35471,-34.746579,2.2239999771118164,10.540284156799316,134.35466238290743,-34.74660837830773,2.3671647589560147,0.8869326786396141,0.9395205672513738
SB67717_component_1624a,132.581898,-31.917446,2.3399999141693115,13.604650497436523,132.58205595291926,-31.917421203597023,1.8222363629180034,1.2122592245151955,1.284136329286173
SB67717_component_1629a,132.499746,-30.594012,2.0840001106262207,11.577777862548828,132.4997399831516,-30.593920091430412,1.6760493277074824,1.173803246385845,1.2434002246680518
SB67717_component_1631a,134.255186,-33.401561,2.311000108718872,14.006060600280762,134.2554331810838,-33.40150286491438,2.147755130358122,1.015779784773558,1.0760072580217885
SB67717_component_1632a,130.738537,-31.988063,2.1630001068115234,11.035715103149414,130.73882048012487,-31.988064925143146,2.0572810153419296,0.9925383296694349,1.0513877738049426
SB67717_component_1641a,130.378881,-34.798749,2.4260001182556152,10.830357551574707,130.37911257425102,-34.798841895673874,2.038265371894362,1.1236070518227577,1.1902278043417345
SB67717_component_1642a,132.369034,-33.419145,2.078000068664551,11.942529678344727,132.36906998674937,-33.41913568284917,2.543424877303321,0.7712781134296118,0.8170086277003631
SB67717_component_1655a,133.427484,-32.478301,2.013000011444092,11.183333396911621,133.4274353374916,-32.47829905645651,2.660475728992921,0.714280577145668,0.7566316014489933
SB67717_component_1658a,134.022604,-30.773536,2.181999921798706,11.544973373413086,134.0227835661206,-30.773255910703917,2.242377745788647,0.9186082062839004,0.9730741958604722
SB67717_component_1663a,134.064223,-31.143059,2.438999891281128,13.857954025268555,134.0645426415016,-31.1428685058474,2.343113886241539,0.9826588003932853,1.0409224688576253
SB67717_component_1668a,133.685671,-30.947685,2.1070001125335693,11.70555591583252,133.68564737279414,-30.947358836148513,1.9089659387077218,1.0419592732856144,1.1037389771133932
SB67717_component_1670a,132.528365,-31.796708,2.0739998817443848,11.586590766906738,132.52852115345516,-31.796782223059804,2.2611741869953113,0.8658827206951492,0.917222518137956
SB67717_component_1671a,136.511988,-30.944649,2.299999952316284,10.599078178405762,136.51205440497898,-30.944335594745006,1.711732806155087,1.2684583673469603,1.3436676238522116
SB67717_component_1672a,131.901357,-33.190342,2.1070001125335693,11.451087951660156,131.90121909783616,-33.190316101140326,2.095779341714439,0.9490811950630961,1.0053539848379036
SB67717_component_1675a,132.054722,-32.594128,2.2049999237060547,13.125,132.05502842224686,-32.59399345214523,1.8467959532795104,1.1271300521481233,1.1939596899107623
SB67717_component_1677a,133.580942,-32.998379,2.0869998931884766,12.803680419921875,133.58116531160027,-32.99865446933385,1.9574803629278992,1.0064897991722939,1.0661664518906584
SB67717_component_1682a,134.634855,-31.092434,2.191999912261963,12.744185447692871,134.63492061979687,-31.09214896980743,2.718330207309048,0.7612419025462969,0.806377351201893
SB67717_component_1685a,132.63089,-34.731375,2.38700008392334,12.367876052856445,132.6310393920874,-34.731421704671796,1.7818254076116142,1.2646537952725214,1.3396374716212578
SB67717_component_1690a,132.800098,-33.34671,1.9270000457763672,10.195767402648926,132.8000551521883,-33.34644846486272,2.229570113929537,0.815915071584008,0.8642921941486285
SB67717_component_1699a,133.169251,-34.596069,2.2720000743865967,12.021164894104004,133.169410452521,-34.59599788486501,1.8989611448773889,1.129475012561333,1.1964436873895563
SB67717_component_1707a,132.667938,-30.760253,2.2100000381469727,12.848836898803711,132.66793335527285,-30.759899857568996,2.1332084810443788,0.9780101101922405,1.0359981491658978
SB67717_component_1708a,131.096445,-32.000237,2.1689999103546143,12.537571907043457,131.0961958252067,-32.00019935122368,2.1278978596650764,0.962261524538711,1.0193158005694913
SB67717_component_1714a,135.32805,-34.317415,2.2190001010894775,11.866310119628906,135.3279404848146,-34.31741964911912,2.264388331940715,0.9251044679416728,0.9799556329579135
SB67717_component_1716a,132.865933,-34.863351,2.3469998836517334,11.123222351074219,132.86571728845735,-34.86332532390052,2.5475277045396694,0.8697181175547557,0.9212853228129385
SB67717_component_1719a,133.486114,-32.523414,2.3329999446868896,13.485548973083496,133.48600660249735,-32.523236178310725,2.201641892120219,1.0003510056110652,1.0596636778382567
SB67717_component_1721a,135.258598,-34.179957,2.121000051498413,11.046875,135.25839214711206,-34.180019905537705,2.6727900960781428,0.7491351767554846,0.7935527951149677
SB67717_component_1724a,133.304916,-31.33971,2.186000108718872,13.329268455505371,133.3048412586537,-31.33972241364157,2.0530286373926003,1.0051700425893866,1.0647684444846073
SB67717_component_1730a,135.035638,-31.256098,1.9040000438690186,11.401198387145996,135.03548491409867,-31.25601804390729,1.8820759088955459,0.955023774735064,1.0116489111145035
SB67717_component_1733a,130.637812,-34.301298,2.2939999103546143,11.585858345031738,130.63769715252147,-34.30103296736873,1.7902251187448293,1.209678926412706,1.2814030405086674
SB67717_component_1734a,132.624398,-31.720982,2.1029999256134033,12.51785659790039,132.62441625814515,-31.720912533542467,1.9285395064801927,1.0294258798104499,1.0904624554213158
SB67717_component_1737a,131.312118,-33.239778,2.2200000286102295,12.98245620727539,131.31204957406797,-33.23972873602393,2.0495477970317073,1.022537617583542,1.0831657753116968
SB67717_component_1739a,133.943328,-31.203562,2.1050000190734863,11.565934181213379,133.9434147878682,-31.203482536625007,1.6877794521638843,1.1773911678255695,1.2472008806450914
SB67717_component_1743a,133.78254,-31.404503,1.8209999799728394,10.288135528564453,133.78263494978768,-31.40450116250371,1.5111780075144592,1.1375714430479558,1.205020170302747
SB67717_component_1744a,131.413816,-32.603647,2.066999912261963,11.947977066040039,131.4136760425589,-32.603820442370264,2.2990652006583128,0.8487377813495447,0.8990610234412227
SB67717_component_1747a,134.225809,-32.723716,2.0269999504089355,12.91082763671875,134.22576896218916,-32.7235284471266,2.3980234126149877,0.797966545261271,0.845279466307854
SB67717_component_1751a,133.68519,-33.80579,2.0380001068115234,12.351515769958496,133.68493001222578,-33.805722792000964,2.0951433702880102,0.9182793544039503,0.9727258457407468
SB67717_component_1765a,130.806948,-31.954644,1.9850000143051147,10.729729652404785,130.8069550178351,-31.954499443904712,2.1782053165996653,0.8602923584401917,0.9113006929043044
SB67717_component_1766a,131.0767,-30.880027,2.058000087738037,10.71875,131.07699121673969,-30.879793741844715,1.9643686481461975,0.9890238388133377,1.0476649022474478
SB67717_component_1779a,135.203039,-34.33623,1.809000015258789,10.220338821411133,135.2030723735524,-34.336331397620725,2.2950154105955414,0.7441103225121122,0.7882300079150081
SB67717_component_1784a,133.361163,-31.182185,1.996000051498413,11.471264839172363,133.36106959565453,-31.182063352662738,1.7625208480910088,1.0690810959316297,1.132468903082926
SB67717_component_1792a,132.688775,-31.958486,1.843999981880188,10.976190567016602,132.68890206035618,-31.95837000013305,1.7256867008090784,1.008749482829898,1.0685601163963534
SB67717_component_1800a,132.292606,-32.096699,1.9140000343322754,10.516484260559082,132.29259300144037,-32.09663116864729,1.7644458373495642,1.0240424843284925,1.084759868405687
SB67717_component_1805a,134.056422,-32.794681,1.7000000476837158,10.828025817871094,134.05664365804247,-32.7944021718756,1.8876714741568674,0.8501721718974268,0.9005804616733029
SB67717_component_1810a,131.996405,-32.090896,2.1050000190734863,12.604790687561035,131.9970090853466,-32.090621127246756,1.8253210789471697,1.088672367363129,1.1532217774462086
SB67717_component_1814a,133.740695,-33.339567,2.0280001163482666,12.754717826843262,133.74086946759937,-33.33932762059256,2.276533567963982,0.8409656982448308,0.890828119069647
SB67717_component_1815a,133.170006,-32.473736,2.1619999408721924,12.011110305786133,133.16979874912013,-32.47324679879503,2.8395134424691912,0.7187802137371503,0.7613980298653402
SB67717_component_1830a,134.658368,-31.358747,1.9079999923706055,10.483516693115234,134.65846617881022,-31.358573255599133,1.4776957417234529,1.2189270408889066,1.2911994928978303
SB67717_component_1838a,135.262064,-31.100455,1.8919999599456787,10.172042846679688,135.26195936980338,-31.10014542462714,2.1892468569076446,0.8158508170592669,0.864224129853573
SB67717_component_1908a,132.960006,-33.437374,1.7359999418258667,10.395209312438965,132.96016006787525,-33.437081284775594,2.014234520540713,0.8136245349717025,0.8618658473591471
SB67717_component_1921a,133.862439,-30.871372,1.8329999446868896,10.414772033691406,133.86257176674428,-30.871065610820498,1.9577611252705385,0.8838674002342751,0.9362735427865806
SB67717_component_1979a,133.724748,-34.548582,1.8270000219345093,10.810650825500488,133.724599839701,-34.54863049269442,1.5443745935764766,1.1167867917755656,1.1830031583875815
SB67717_component_2128a,133.646161,-31.266004,1.7100000381469727,10.55555534362793,133.64606281791472,-31.265878104413087,1.5315709552444272,1.0540066794661156,1.116500696419951
