Component_ID,RA,DEC,ASKAP_flux,ASKAP_flux_SNR,RA_comp,DEC_comp,Comp_flux,Flux_Ratio_AlphaCorr,Flux_Ratio_NOAlphaCorr
SB67716_component_4a,128.099043,-39.62813,218.93299865722656,724.9437255859375,128.0990373819773,-39.62802816829433,211.80064187729567,0.9758168619312194,1.033674859135049
SB67716_component_8a,124.646714,-43.479889,193.02699279785156,707.05859375,124.64673033922782,-43.479827080588834,193.29843129342896,0.9427012436879315,0.9985957542761154
SB67716_component_13a,131.397959,-40.770786,181.09800720214844,574.914306640625,131.39796213902903,-40.770718270625274,178.50647955062004,0.9577321162116444,1.0145178351959683
SB67716_component_18a,123.917202,-41.127266,157.1820068359375,174.4528350830078,123.91718113362282,-41.127203635869286,116.2212450194534,1.276737664958001,1.3524378164218425
SB67716_component_20a,123.81715,-44.393199,151.30299377441406,207.54869079589844,123.81721113564495,-44.3930544633505,145.91516597117337,0.9788845019687139,1.036924385257562
SB67716_component_21a,128.493711,-40.901416,137.93299865722656,589.457275390625,128.4936624176563,-40.90135165556206,137.05601722080803,0.9500674418378733,1.0063987080188215
SB67716_component_24a,128.45463,-40.477173,135.21400451660156,715.4180297851562,128.45464201405738,-40.47710704198005,132.69488353448315,0.9619485897916302,1.018984311339056
SB67716_component_25a,131.09723,-43.700154,137.58599853515625,525.1373901367188,131.09723572070808,-43.70013291954884,133.22121331537187,0.9749564576935928,1.0327634399294332
SB67716_component_27a,125.69044,-43.21066,128.26400756835938,450.0491638183594,125.6904268900837,-43.2105882254919,124.35289009687112,0.9737181982161663,1.0314517617438685
SB67716_component_29a,124.594129,-42.903905,122.58599853515625,369.2349548339844,124.59411526517692,-42.903817521922406,126.73704847442468,0.9131069428825398,0.9672467523172112
SB67716_component_30a,127.659454,-44.173796,126.78099822998047,387.70947265625,127.65943684301374,-44.17371028617093,124.37297473211035,0.962304484983277,1.0193613082187414
SB67716_component_34a,126.783391,-44.57135,117.76399993896484,174.98365783691406,126.78341938866811,-44.57122545073071,75.32094082777807,1.475982393809044,1.563496135931615
SB67716_component_35a,129.877496,-43.482035,112.31999969482422,527.3239135742188,129.87751102193508,-43.48196627358854,123.2958018307467,0.859989540244546,0.9109799200544604
SB67716_component_39a,132.353748,-41.043976,98.43499755859375,166.8389892578125,132.3538345368053,-41.04391730809411,98.71705442910736,0.9413295918499514,0.9971427746487699
SB67716_component_43a,123.787186,-44.568399,103.26100158691406,93.6183090209961,123.78723823053512,-44.56824318024199,113.6836812498733,0.8574771774962033,0.9083185946446394
SB67716_component_46a,127.914465,-43.55255,93.03099822998047,474.64794921875,127.91439488769818,-43.5524932103643,89.39733294227872,0.9823980312088111,1.0406462381830552
SB67716_component_57a,127.016577,-40.65923,73.36399841308594,409.854736328125,127.01650861974393,-40.65914043758646,70.03009866593108,0.988968865330532,1.0476066692845711
SB67716_component_59a,127.245241,-44.445428,75.14800262451172,178.49880981445312,127.24528785038567,-44.44529477831498,52.81336800734031,1.343253381476805,1.42289737352231
SB67716_component_60a,125.950601,-44.591854,76.69499969482422,120.21159362792969,125.95065837903283,-44.59170663165864,76.67519063686306,0.9442707790340272,1.0002583502929254
SB67716_component_62a,128.776444,-43.438952,75.86199951171875,366.48309326171875,128.77641582934854,-43.43888196244471,63.54953689619132,1.1269282345912708,1.193745906215492
SB67716_component_63a,126.444543,-40.019249,73.62699890136719,409.03887939453125,126.44456432088411,-40.01917889142128,71.83179468983958,0.9676197991378893,1.0249917772384647
SB67716_component_70a,124.189918,-43.229682,69.30899810791016,156.8076934814453,124.18981390336559,-43.229590848668416,69.03873288240962,0.947722461873973,1.0039146898301403
SB67716_component_72a,125.165747,-42.15579,64.0250015258789,338.7566223144531,125.1657701664595,-42.15574593906833,63.22514040936795,0.9559697715757082,1.0126509978678109
SB67716_component_73a,127.50837,-41.167318,64.55500030517578,341.56085205078125,127.50835155048644,-41.16722519170446,66.51854700871692,0.9161603624025418,0.9704812147612931
SB67716_component_74a,129.44806,-42.211286,61.441001892089844,349.09661865234375,129.44808148409768,-42.21123052734528,57.199174960834554,1.0140348691773373,1.0741588831335374
SB67716_component_75a,129.982048,-42.192282,68.93499755859375,370.6182556152344,129.98200856595253,-42.19225224319551,66.63258674901951,0.9766466303024838,1.0345538260167892
SB67716_component_76a,128.696495,-40.788379,68.85199737548828,349.5025329589844,128.6964935799712,-40.7883172587802,68.58557312989034,0.9476940112316912,1.0038845522963464
SB67716_component_83a,129.812891,-42.695559,59.89699935913086,310.3471374511719,129.81288293614452,-42.695511022394676,60.606291587190135,0.9329786810777486,0.9882967228404189
SB67716_component_84a,130.866292,-40.004975,54.018001556396484,250.0833282470703,130.86627559268726,-40.00488831112915,54.29551673871986,0.9392017802659046,0.9948888011572147
SB67716_component_86a,131.441373,-42.324539,52.95899963378906,214.40890502929688,131.4414190662898,-42.32450391244077,52.50748968247031,0.9521445415295634,1.0085989628155752
SB67716_component_90a,126.285546,-39.965665,54.349998474121094,278.71795654296875,126.28558457348674,-39.965600223344545,52.71050903443338,0.9733895752264373,1.0311036540856913
SB67716_component_92a,130.787432,-44.36803,53.99800109863281,119.7294921875,130.78747173926024,-44.36796099254407,53.290379586428934,0.9565622427000887,1.0132785977074197
SB67716_component_94a,127.632318,-44.024866,56.94900131225586,247.60435485839844,127.63228871325593,-44.02478940329797,58.25607250566076,0.9228460871375446,0.9775633485543006
SB67716_component_96a,129.323268,-42.368365,50.301998138427734,292.4534606933594,129.32327903945225,-42.36834658223713,47.50102021493682,0.9996930301473065,1.0589666897851204
SB67716_component_99a,126.277925,-41.276283,46.683998107910156,256.5054931640625,126.27794471843667,-41.276205412046394,46.23953634394231,0.9531010257380146,1.0096121587522378
SB67716_component_101a,125.236668,-41.907297,48.869998931884766,268.5164794921875,125.2366478341501,-41.90723647625937,47.29014135436135,0.9755647108657381,1.0334077575637806
SB67716_component_105a,131.666419,-43.622985,43.89799880981445,125.06552124023438,131.66642549621014,-43.622985013599255,42.989367616655834,0.9639800156475035,1.021136184213293
SB67716_component_106a,130.731518,-40.483358,44.2239990234375,230.3333282470703,130.73152511215716,-40.48328239981087,43.25833285441722,0.9651006287250127,1.0223232405250142
SB67716_component_108a,127.070003,-42.017717,44.01100158691406,273.3602600097656,127.06996087279025,-42.01765608695349,48.59258741362475,0.8550186590041685,0.9057143060172576
SB67716_component_112a,130.12477,-41.032228,40.07400131225586,204.45919799804688,130.12482268140556,-41.03216306790843,38.78778441344751,0.9753311610118716,1.03316036010457
SB67716_component_113a,124.426347,-42.139825,42.31399917602539,194.99539184570312,124.42627223250359,-42.13972807470932,40.686921922712756,0.9817786928326918,1.0399901780823668
SB67716_component_119a,131.646415,-44.278906,39.93000030517578,73.26605224609375,131.64647512317205,-44.27881941515101,40.25787047463684,0.9363384982325044,0.9918557498050569
SB67716_component_121a,127.888401,-44.348152,41.077999114990234,118.38040161132812,127.888422942929,-44.3480530586633,36.2796294508582,1.0688845590405844,1.1322607131539633
SB67716_component_122a,131.783691,-39.195665,44.27799987792969,75.94853973388672,131.78348793374408,-39.19554392361641,39.57655112695597,1.0561714273686567,1.1187937962530423
SB67716_component_126a,125.425448,-42.528499,38.555999755859375,150.60935974121094,125.42545899404186,-42.528432072067545,35.12760355926509,1.0361623575098777,1.0975983514164327
SB67716_component_127a,128.013141,-39.684517,36.66600036621094,173.77252197265625,128.01316510372624,-39.68441344682538,34.07956222868626,1.0156729725743616,1.0758941127285833
SB67716_component_129a,127.39866,-39.979482,38.78499984741211,206.30319213867188,127.39869417591332,-39.97942709062275,37.038561094637075,0.9885395566040288,1.0471519060449652
SB67716_component_130a,132.243044,-41.12067,38.26900100708008,92.66101837158203,132.24315153173558,-41.12060664999,36.69248014910203,0.9845877366359972,1.04296577531886
SB67716_component_131a,131.887974,-39.063298,40.09000015258789,51.529563903808594,131.88776900990973,-39.06317385505776,39.19884017133602,0.9654887230105729,1.022734345642796
SB67716_component_132a,130.256624,-41.308599,37.61899948120117,200.10107421875,130.25668785273112,-41.30855859542891,35.107742274237005,1.0115531436220737,1.0715300114529722
SB67716_component_133a,126.805208,-39.898077,38.095001220703125,200.50001525878906,126.80518740771483,-39.89801673068567,36.89141508463581,0.974825861842624,1.0326251008074931
SB67716_component_134a,132.254456,-39.207113,35.6150016784668,40.24293899536133,132.2542073444313,-39.207125530601026,33.47730482813204,1.0043078265554917,1.063855106057952
SB67716_component_138a,131.919056,-40.921743,33.01499938964844,91.20166015625,131.91914549693823,-40.92166611758009,21.446585353839538,1.453240535194266,1.5394058702094424
SB67716_component_139a,124.115688,-41.218519,34.887001037597656,54.004642486572266,124.11570428357447,-41.21847214919955,30.108041947911612,1.0938694428341182,1.1587269971907797
SB67716_component_140a,128.876005,-41.307773,34.63100051879883,181.3141326904297,128.87601986437346,-41.30767019155994,32.42438180508755,1.0082719816668806,1.068054303301013
SB67716_component_141a,128.698509,-44.467532,35.12699890136719,77.88691711425781,128.69852389874902,-44.46744816159753,34.371615699015415,0.9647737190352031,1.0219769477514964
SB67716_component_145a,129.231388,-41.131215,34.202999114990234,191.0782012939453,129.23140862305095,-41.131156118107484,27.82190248071348,1.1605443188301456,1.2293551506299836
SB67716_component_146a,129.218882,-39.449799,33.470001220703125,97.8655014038086,129.21883498163118,-39.44965769592032,32.52546984769393,0.9714411902089767,1.0290397456956695
SB67716_component_147a,129.338379,-41.587426,32.555999755859375,178.87911987304688,129.33840343001205,-41.58732875255534,23.94437884442567,1.283547148199741,1.3596510465936984
SB67716_component_151a,132.670455,-41.110258,33.332000732421875,34.15163803100586,132.67055728836783,-41.11019458115621,30.420324245847432,1.0343842726645502,1.095714840612585
SB67716_component_153a,131.49166,-39.669619,34.11800003051758,147.69696044921875,131.49155704713047,-39.66952548724651,32.98439917719921,0.9764710058440357,1.0343677884574591
SB67716_component_155a,128.735541,-41.847631,31.167999267578125,172.1988983154297,128.7356013204131,-41.847524376457244,25.096470805595477,1.172413030726376,1.2419275805357042
SB67716_component_164a,126.861063,-44.179837,34.50199890136719,135.3019561767578,126.86106589571423,-44.179768941949405,33.296825521689534,0.9781957946738685,1.0361948432258987
SB67716_component_166a,132.10485,-43.677399,30.559999465942383,56.48798370361328,132.1049523360074,-43.677391592836884,29.550019954485176,0.9762924451712564,1.0341786405901872
SB67716_component_169a,125.73358,-42.449007,30.93000030517578,141.23287963867188,125.73360743641405,-42.448926271192036,29.77994627167541,0.9804837023945999,1.0386184052519336
SB67716_component_170a,124.3187,-44.374105,31.10700035095215,74.77644348144531,124.31875608500188,-44.374004274952995,30.13566127270259,0.9744549659776164,1.0322322138366153
SB67716_component_175a,125.115354,-39.949633,30.649999618530273,136.22222900390625,125.11537504780398,-39.949562152815815,33.92885672337462,0.8527968990002534,0.9033608137292335
SB67716_component_176a,131.823882,-44.120616,28.22100067138672,50.037235260009766,131.82390373584167,-44.12061036706302,28.201677275087306,0.9446737234809274,1.0006851860657409
SB67716_component_180a,130.252045,-44.05702,28.797000885009766,109.91221618652344,130.25203069473065,-44.05694680983133,26.63249781713529,1.020750789373565,1.081273002732843
SB67716_component_183a,128.802444,-43.955728,27.36199951171875,129.67771911621094,128.80247450663578,-43.9556404684176,26.040418233056982,0.9919373435528104,1.050751154103358
SB67716_component_187a,127.529029,-42.159481,26.52899932861328,160.7818145751953,127.52900635169536,-42.15944413770369,25.621668506308932,0.9774573700850304,1.0354126360693854
SB67716_component_189a,124.464718,-39.868674,26.836000442504883,60.577880859375,124.46467428779066,-39.868574858202315,28.361266723068525,0.8932572112991602,0.9462200932187906
SB67716_component_198a,124.487704,-40.815402,26.090999603271484,119.68348693847656,124.48768244335609,-40.81533092243744,25.326626961826094,0.9725181815255098,1.03018059383105
SB67716_component_200a,132.075529,-39.910279,23.905000686645508,69.28985595703125,132.07565880315454,-39.91026177422052,17.141497635931817,1.3165106059500913,1.394568969080981
SB67716_component_201a,128.222831,-39.087276,23.121999740600586,31.63064193725586,128.2227790906009,-39.08715266640897,25.484046207946584,0.8565276217897387,0.9073127380137362
SB67716_component_204a,126.852889,-43.657266,25.617000579833984,134.82632446289062,126.85286001531684,-43.65723315310083,25.03489764024862,0.9659770821084341,1.0232516604601378
SB67716_component_208a,125.096554,-39.542602,27.33300018310547,94.57785034179688,125.09651577356419,-39.54251326452641,25.023848545016865,1.0311398382506287,1.0922780376461494
SB67716_component_209a,127.951897,-42.102697,23.920000076293945,141.53846740722656,127.95185575325792,-42.102602756695646,23.934230308646086,0.9434656128702933,0.9994054443293712
SB67716_component_210a,130.728553,-39.896192,24.631000518798828,114.56278991699219,130.72855579529877,-39.896114444761245,24.637795635276934,0.9437665263177927,0.9997241994950077
SB67716_component_211a,130.307369,-39.046709,26.465999603271484,34.777923583984375,130.3072709544923,-39.046558155941405,26.242052603308117,0.9520831185846125,1.0085338979899436
SB67716_component_216a,127.411372,-41.237839,26.88800048828125,152.77273559570312,127.41139157899939,-41.23773086500305,26.395621842203166,0.961636578034287,1.0186537998241374
SB67716_component_219a,131.409074,-42.898456,24.93199920654297,128.5154571533203,131.4090882116728,-42.898367922331126,27.08224099253148,0.8690742270638335,0.9206032548568824
SB67716_component_225a,131.704549,-41.823727,24.506000518798828,99.61788177490234,131.704577602215,-41.82366025195495,25.373300924884273,0.9117585256307038,0.9658183848978491
SB67716_component_226a,130.509373,-44.3492,24.59000015258789,53.11015319824219,130.50941011343642,-44.349152008889,22.36099768685525,1.0381299474978318,1.0996826034753782
SB67716_component_227a,125.73356,-43.113041,25.64900016784668,78.92000579833984,125.73352883119396,-43.11299893315985,25.503314825690232,0.94941955625917,1.0057124080987971
SB67716_component_228a,128.259614,-42.455051,23.94300079345703,145.993896484375,128.2596623685859,-42.454912247261426,23.218449235590445,0.9734860555439856,1.0312058549007639
SB67716_component_229a,125.887494,-42.654463,22.39900016784668,97.38695526123047,125.8874630651255,-42.654377051522374,22.05599568287083,0.9587079521774704,1.0155515302917035
SB67716_component_230a,130.53058,-43.884616,21.641000747680664,99.27064514160156,130.53055568106487,-43.88455916229371,20.7319747795129,0.9854192298050752,1.043846569264885
SB67716_component_239a,131.64821,-40.507676,24.8799991607666,77.26708221435547,131.64817195885067,-40.50768616524606,23.889665846073175,0.9831610189783376,1.0414544649169386
SB67716_component_240a,128.324453,-41.187056,22.285999298095703,125.90959930419922,128.32443897404806,-41.186975322789564,24.34800021600336,0.8640784626312082,0.9153112822566696
SB67716_component_241a,127.656468,-41.783013,23.643999099731445,134.34091186523438,127.65649010792086,-41.78293321961327,23.597676920540902,0.9458800117700445,1.0019629974317608
SB67716_component_243a,131.605444,-41.87306,22.566999435424805,97.69263458251953,131.60545884838325,-41.87301470211102,20.23768549122713,1.0526823479686107,1.1150978428441045
SB67716_component_247a,126.345571,-40.841328,21.069000244140625,119.7102279663086,126.34559857428005,-40.841249041769565,20.703220835280664,0.9607057240858532,1.017667753813292
SB67716_component_252a,128.804053,-40.5168,20.863000869750977,126.44242095947266,128.80409412101096,-40.51674208369422,20.30346502848947,0.9700429846435586,1.0275586379209842
SB67716_component_254a,128.865871,-40.252227,20.72100067138672,97.28169250488281,128.86592764006826,-40.252180923218305,20.073104033495806,0.9744971070066181,1.032276853485628
SB67716_component_257a,129.627744,-39.147492,20.861000061035156,30.233333587646484,129.62768225003634,-39.14734851721246,24.5839138664921,0.8010663031347416,0.8485630145925919
SB67716_component_260a,131.701588,-42.739255,20.347999572753906,90.83927917480469,131.701641311423,-42.73916266056986,19.389592378281385,0.9906891474372539,1.049428950117902
SB67716_component_262a,125.594987,-41.169834,20.150999069213867,111.94998931884766,125.59497778110624,-41.16975254226072,21.66094102570233,0.8782206159581858,0.9302919501651935
SB67716_component_268a,127.867575,-39.115094,20.39699935913086,36.10088348388672,127.86754343244209,-39.11496204394098,25.94456557416713,0.7421714502509574,0.7861761763103117
SB67716_component_269a,124.163312,-44.471462,21.336999893188477,37.1724739074707,124.16331331615697,-44.47131614705711,21.21808212268236,0.9493177339053018,1.0056045485081326
SB67716_component_271a,125.007307,-41.774158,20.00200080871582,102.051025390625,125.00729464684423,-41.77407150374511,16.40550496199745,1.1509811279311966,1.219224940350783
SB67716_component_273a,132.249142,-44.085387,21.351999282836914,19.218721389770508,132.2492980661707,-44.085241068480585,18.808010310604704,1.071716844727007,1.1352609303280639
SB67716_component_274a,127.765691,-41.062564,20.533000946044922,122.95210266113281,127.76564744557716,-41.06247857793793,19.318103478068256,1.0033958579508746,1.0628890651380936
SB67716_component_275a,127.430898,-40.674572,20.386999130249023,122.07784271240234,127.43085333114892,-40.6744622355245,20.172059890067377,0.9540857739978524,1.010655294568478
SB67716_component_279a,130.584072,-39.717313,18.757999420166016,79.82127380371094,130.5840453229271,-39.717194694188336,17.547103997057217,1.009172559024856,1.0690082775660232
SB67716_component_283a,132.118059,-41.408971,18.915000915527344,71.92015075683594,132.11815572093917,-41.408903813469905,18.942791120952162,0.9426419456071545,0.9985329403018081
SB67716_component_284a,126.713789,-40.181958,18.43199920654297,102.97206115722656,126.71377975955178,-40.18186584352512,17.63520303048669,0.9866800425541536,1.0451821379475374
SB67716_component_285a,129.436373,-41.684409,18.836000442504883,102.36956787109375,129.43647147819013,-41.684383706227926,19.06017470689224,0.9329238152389537,0.9882386039039666
SB67716_component_286a,131.23587,-41.225178,19.61199951171875,101.6165771484375,131.23585872302,-41.225052802822944,19.21973066974567,0.9632941903454578,1.0204096950531447
SB67716_component_287a,132.321572,-43.654311,19.31999969482422,25.65736961364746,132.3216710002807,-43.65437837327765,16.938115735407525,1.0767785213081844,1.140622723130743
SB67716_component_289a,131.881852,-42.643887,19.166000366210938,62.63398742675781,131.88183305367946,-42.64385322111066,18.371892417367036,0.9848315729877276,1.0432240691815302
SB67716_component_290a,132.178949,-41.571196,18.29199981689453,56.98442077636719,132.17901818554745,-41.57118130547675,18.177357948790725,0.9499807253006939,1.0063068498968208
SB67716_component_292a,125.267048,-44.398352,20.577999114990234,41.65586853027344,125.26734780892477,-44.39821629892338,18.200289677979875,1.0673557860082854,1.130641296324371
SB67716_component_295a,128.208971,-42.915977,19.066999435424805,110.85464477539062,128.20889144690724,-42.91590504758752,23.3829999891492,0.769779762039551,0.8154214362687755
SB67716_component_298a,129.837975,-39.239028,18.38800048828125,38.388309478759766,129.837846351357,-39.23883990445879,18.71906323378955,0.9273309613110866,0.9823141392614827
SB67716_component_299a,130.841078,-40.607725,18.489999771118164,99.40859985351562,130.84112016181655,-40.60762817114814,17.445763743275478,1.000532692405618,1.0598561371808781
SB67716_component_305a,125.222098,-43.195441,16.325000762939453,68.8818588256836,125.22208079098517,-43.195372525153815,17.352560967730078,0.8881247971710586,0.9407833687084264
SB67716_component_306a,124.175091,-42.058652,18.170000076293945,71.81818389892578,124.17505947708382,-42.058611818385245,15.748676167665018,1.08916892251761,1.1537477742796158
SB67716_component_307a,130.508721,-42.380666,18.83099937438965,109.48255157470703,130.50873964370047,-42.38066631580025,18.049060138995404,0.9849249560363984,1.0433229890848912
SB67716_component_311a,126.329399,-40.128957,17.086000442504883,89.92632293701172,126.32944805843135,-40.128874661137715,16.54989073823284,0.9746072711491883,1.0323935494651664
SB67716_component_312a,128.352151,-39.433795,18.100000381469727,57.46031951904297,128.3520707360033,-39.433665356142185,18.59966234028909,0.9186665190925339,0.9731359661440178
SB67716_component_313a,127.907007,-44.154578,18.017000198364258,69.83333587646484,127.90695244109156,-44.15443313758435,16.86517593980676,1.0085001611887832,1.068296012011286
SB67716_component_315a,126.275705,-42.705385,18.333999633789062,86.48113250732422,126.2756755153703,-42.70535962889495,17.848802192982543,0.9696890837608171,1.0271837535964896
SB67716_component_316a,126.602447,-41.373759,19.106000900268555,113.7261962890625,126.60243830666823,-41.37369488113872,18.896788476032267,0.9544785147928012,1.0110713216958342
SB67716_component_322a,126.944519,-42.254647,17.270000457763672,100.40697479248047,126.94448880470495,-42.25458106748756,18.105502584186894,0.9004635323684259,0.9538536904712638
SB67716_component_323a,132.647479,-41.433964,18.618999481201172,26.372522354125977,132.64751939970085,-41.43398239867345,18.115071854955154,0.9702879626926973,1.0278181411744263
SB67716_component_325a,127.989422,-41.901862,17.02400016784668,106.4000015258789,127.98938580516273,-41.901767966159646,16.52398271634348,0.9725932421777825,1.0302601049690427
SB67716_component_331a,130.077159,-39.862967,15.581999778747559,80.31958770751953,130.07719231977313,-39.86289528313438,16.487239602991153,0.8921946387713873,0.9450945187889813
SB67716_component_332a,125.825329,-44.106166,16.118999481201172,68.01265716552734,125.8253646495378,-44.10603309033685,15.915238044949913,0.9561131852173691,1.0128029147710997
SB67716_component_333a,129.991771,-40.489203,15.263999938964844,86.23728942871094,129.9918389509843,-40.4891624039082,15.568117785439297,0.9255856475997393,0.9804653426531182
SB67716_component_334a,126.940095,-40.176068,17.378000259399414,96.54444122314453,126.94003882593225,-40.1759680989567,20.1702813348923,0.8133401441792703,0.8615645945075363
SB67716_component_335a,131.174523,-44.570066,16.408000946044922,24.416667938232422,131.17463927527191,-44.56999101953549,17.100114114900084,0.9058181711807705,0.9595258157808378
SB67716_component_337a,130.674124,-42.109525,16.14299964904785,90.69100952148438,130.674076412635,-42.10946766200444,15.186134256785914,1.0035092201056777,1.0630091487459596
SB67716_component_338a,125.098679,-39.503405,15.5600004196167,50.35599136352539,125.0985488755672,-39.50329179834277,15.379854558507878,0.9550843760894299,1.0117131056359157
SB67716_component_341a,126.009798,-40.921224,15.185999870300293,93.74073791503906,126.00983567905448,-40.92112243099615,14.70669231056905,0.9747937821373333,1.032591119036793
SB67716_component_343a,124.809454,-39.336747,15.347999572753906,29.234285354614258,124.80930156873727,-39.3365786561788,19.29979580447386,0.7507294088564249,0.7952415522031641
SB67716_component_348a,131.50744,-40.287008,15.21500015258789,64.4703369140625,131.50746333963605,-40.28697211719299,15.73424459821169,0.9128731396524832,0.9669990864586651
SB67716_component_349a,124.514569,-41.850323,15.984000205993652,66.32365417480469,124.51455121982367,-41.85026440279498,14.094931308991328,1.0705498071620403,1.1340246969346537
SB67716_component_350a,128.94729,-44.109646,15.105999946594238,62.94166946411133,128.94737374139922,-44.10955181834049,14.44600490158305,0.9871566732929468,1.0456870290095819
SB67716_component_353a,126.27256,-43.153051,15.145999908447266,46.17682647705078,126.27255138916189,-43.153006774584824,15.82739966624739,0.9033847304100481,0.9569480917795209
SB67716_component_354a,128.932722,-40.025889,15.057000160217285,76.8214340209961,128.9327742599471,-40.02584990508363,15.233233337170315,0.9331054484947252,0.9884310065333926
SB67716_component_356a,124.828444,-39.225385,15.682999610900879,24.428346633911133,124.82827545467792,-39.22526509405933,16.971371190501443,0.8723616479258242,0.9240855930178675
SB67716_component_357a,127.679346,-43.984243,14.456999778747559,68.51658630371094,127.67934289930207,-43.9841728400504,12.973263707358397,1.0519940732878241,1.1143687590769924
SB67716_component_362a,125.104615,-43.78879,14.838000297546387,66.83783721923828,125.10463831493128,-43.78872325891901,14.369586767726952,0.974799866717553,1.032597564383094
SB67716_component_367a,124.313291,-41.696892,14.552000045776367,42.057804107666016,124.313202110391,-41.69680662772348,15.389723536354262,0.8926397739027722,0.9455660468104583
SB67716_component_370a,127.764526,-39.713355,13.656000137329102,73.0267333984375,127.76450844272392,-39.71328300196032,13.054085210015039,0.9875553226466888,1.046109315025175
SB67716_component_371a,131.343617,-43.008772,15.211000442504883,70.74884033203125,131.34359035658414,-43.008656785329386,14.344809791605075,1.0010305916335678,1.0603835577803704
SB67716_component_372a,128.0337,-40.262371,14.732000350952148,84.66667175292969,128.03377570015786,-40.26229306902714,16.914836260141414,0.8222015426112805,0.8709514017387824
SB67716_component_373a,123.500997,-42.192001,12.23900032043457,14.449823379516602,123.50092906421533,-42.191932183540985,11.623764339226879,0.9939934314569807,1.0529291512846184
SB67716_component_374a,129.677746,-40.009006,14.28499984741211,79.3611068725586,129.67780169594914,-40.00897980502521,13.841490468095914,0.9742754223085279,1.0320420246893545
SB67716_component_375a,124.95254,-43.413229,14.60200023651123,62.66952896118164,124.95258521825174,-43.41317703491567,13.369687458474447,1.0310398732402168,1.09217214552429
SB67716_component_377a,130.539437,-40.386145,15.076000213623047,76.91837310791016,130.5394686631056,-40.386063083786176,15.301132362426076,0.9301370153080488,0.9852865694204521
SB67716_component_378a,123.564135,-42.229028,15.48900032043457,22.064102172851562,123.56415818440587,-42.228979199765305,15.237131258198218,0.9596316094417479,1.0165299529135996
SB67716_component_381a,126.905238,-41.835223,13.333000183105469,74.90449523925781,126.90522508000933,-41.83517219169475,12.901402922215459,0.9756079059971597,1.0334535138149066
SB67716_component_383a,126.956568,-44.705672,13.581999778747559,15.557846069335938,126.95663139722456,-44.705575250960315,13.62503742208799,0.9410449752101945,0.9968412825589262
SB67716_component_386a,124.821873,-44.293615,14.24899959564209,39.253440856933594,124.82198464937407,-44.29345889221379,14.38039055721543,0.9354014907987209,0.9908631854572675
SB67716_component_387a,127.260399,-41.845632,12.9399995803833,77.48503112792969,127.26039045651046,-41.8455711040402,10.880384690860248,1.1227275413437732,1.1892961460501643
SB67716_component_388a,126.272349,-42.554603,13.987000465393066,76.01630401611328,126.27222241649568,-42.554485512261344,17.089485719392293,0.7726449325825253,0.8184564881037537
SB67716_component_389a,130.709961,-43.750206,13.781000137329102,65.62380981445312,130.70995690994664,-43.75015129337493,13.079734307498608,0.9946405933606524,1.053614684621572
SB67716_component_390a,126.031551,-40.051877,15.199999809265137,83.51648712158203,126.03163156986915,-40.051842622424665,15.250285475138487,0.940914093862381,0.9967026410125025
SB67716_component_394a,128.727758,-42.109519,12.529000282287598,74.57738494873047,128.72767752755868,-42.10955157996521,12.677851135823145,0.9329430545600718,0.9882589839602275
SB67716_component_402a,124.040941,-44.440415,12.854999542236328,21.86224365234375,124.04104237825977,-44.44015856074148,14.990770302574482,0.8095291293435511,0.8575276175119992
SB67716_component_404a,124.089713,-39.853662,13.600000381469727,14.89594841003418,124.08988337424998,-39.85367641588153,12.352048733270598,1.0394037728753858,1.1010319563294577
SB67716_component_405a,129.92417,-43.381195,12.628999710083008,65.43523406982422,129.92419406667298,-43.38113393009003,12.810271217448305,0.9306684542665011,0.9858495183834676
SB67716_component_408a,131.902219,-43.163595,12.967000007629395,50.25969314575195,131.90224697545224,-43.16352595238288,13.671394868899535,0.8953875445465197,0.9484767378877675
SB67716_component_412a,125.389395,-44.537466,12.713000297546387,17.511018753051758,125.38939813716152,-44.53736325177178,12.410752400466711,0.9670174489596347,1.0243537125974982
SB67716_component_417a,129.552028,-42.24365,12.99899959564209,76.91716003417969,129.5520164968611,-42.2436410079469,13.45835797975511,0.9118055242833703,0.9658681701880708
SB67716_component_418a,131.251006,-41.652567,13.437000274658203,73.02717590332031,131.2509340727343,-41.65249208314578,12.371125450047275,1.0253626174526211,1.0861582746787888
SB67716_component_420a,131.674268,-42.987601,12.48799991607666,60.03845977783203,131.67423889393837,-42.98753934303438,12.192585551114107,0.9668997331461565,1.0242290171944342
SB67716_component_422a,132.148507,-39.594957,12.77400016784668,28.705617904663086,132.1484931549238,-39.59493701042547,10.214552087214312,1.1805705762543839,1.2505688021147852
SB67716_component_427a,126.322648,-42.152503,12.503000259399414,77.65838623046875,126.32257255616535,-42.15243709551503,11.400449120653045,1.0353248646843547,1.0967112020831695
SB67716_component_431a,124.266728,-39.856064,11.543999671936035,18.06572723388672,124.26680653725802,-39.855937156916106,12.453509676503474,0.8750823169324201,0.9269675755515373
SB67716_component_432a,132.225455,-40.003406,12.024999618530273,27.7713623046875,132.22546647680497,-40.00341027926209,11.67898928551009,0.9719953248976033,1.0296267360609255
SB67716_component_433a,130.339315,-44.30863,12.043999671936035,31.283117294311523,130.33937792558152,-44.3086202073778,12.746265297681099,0.8920149770010497,0.9449042045380285
SB67716_component_434a,131.954917,-42.579959,11.824000358581543,35.61445999145508,131.95495112745022,-42.57988402724963,14.240400192286334,0.783838524773204,0.8303137692005528
SB67716_component_436a,125.768301,-41.177228,12.244999885559082,68.79212951660156,125.76837643963773,-41.177212131828156,12.454126589944119,0.9281750164745665,0.983208240025929
SB67716_component_437a,128.951284,-40.196024,11.954000473022461,66.04420471191406,128.95135643351423,-40.19598175787628,11.60520299170961,0.9723998701808171,1.030055267586618
SB67716_component_441a,124.313348,-40.655738,11.831999778747559,49.095436096191406,124.31339981188052,-40.65567513556906,12.882655310961935,0.8670360012763666,0.9184441788704564
SB67716_component_442a,125.838763,-41.047628,12.057999610900879,72.63855743408203,125.83891182019597,-41.04747735950922,8.667076006807713,1.313369798101708,1.3912419368919464
SB67716_component_443a,131.643503,-40.325951,11.189000129699707,42.06391143798828,131.64356432713433,-40.325963127032686,11.183026672530652,0.9445311450433249,1.000534153887313
SB67716_component_444a,126.240259,-41.671784,11.564000129699707,68.42603302001953,126.24030341991974,-41.671692656578394,11.090831557624725,0.9843019447968598,1.042663038349878
SB67716_component_455a,124.343859,-39.967563,11.128000259399414,23.87982940673828,124.3437993393884,-39.96738182713036,10.870491729877093,0.9663897210250818,1.0236887655058482
SB67716_component_460a,126.758104,-39.880914,11.553999900817871,63.13661193847656,126.75805714415296,-39.880858061472914,11.925221966826253,0.9146401313922481,0.968870846426083
SB67716_component_461a,127.58745,-40.016351,11.274999618530273,69.59876251220703,127.58741305364963,-40.01629149592824,9.670894016662611,1.1006120840170486,1.165869422113803
SB67716_component_464a,129.63249,-43.856844,10.434000015258789,54.628273010253906,129.63258358385303,-43.856791188043225,9.558828868160612,1.030458512687079,1.0915563150223637
SB67716_component_466a,129.170327,-44.318953,10.276000022888184,29.028247833251953,129.17028419758157,-44.31891431766306,9.812022617208806,0.9886667321961531,1.0472866221145507
SB67716_component_468a,127.779004,-39.564219,10.819000244140625,48.51569366455078,127.77891973023877,-39.56412662150572,11.891350145080168,0.8588955015536581,0.9098210137741838
SB67716_component_471a,131.293395,-43.524286,10.67199993133545,43.559181213378906,131.29342316459582,-43.52424538140938,10.247611694299525,0.9831222336979455,1.041413379985114
SB67716_component_472a,129.477934,-44.638153,11.133000373840332,15.1058349609375,129.4778746212198,-44.638126476225786,12.092321838421832,0.8691343030029195,0.9206668928101652
SB67716_component_475a,127.367953,-39.540355,10.576000213623047,41.15175247192383,127.36787836741593,-39.54029508319798,9.691700985659356,1.030162672047538,1.091242933440907
SB67716_component_476a,124.870233,-41.783365,10.491999626159668,52.19900131225586,124.87020438403995,-41.7833232594187,9.91114452902384,0.9993527732115931,1.058606258382657
SB67716_component_479a,126.497447,-44.184498,10.887999534606934,39.73722457885742,126.49742274875653,-44.184357273551164,10.27305289855703,1.0005364942687085,1.0598601644635044
SB67716_component_484a,125.342312,-41.338848,10.175000190734863,59.50292205810547,125.34234970951883,-41.33888520497708,7.7994011823709775,1.2315655465349287,1.3045873590569317
SB67716_component_485a,129.924905,-39.29977,9.928999900817871,24.576730728149414,129.9246006136097,-39.299567249969215,10.23850384763156,0.9154895120243292,0.9697705884160717
SB67716_component_486a,125.44566,-39.205233,10.958000183105469,24.136564254760742,125.44550902474268,-39.205138779382374,9.04533074781588,1.1436449495797487,1.211453786336274
SB67716_component_488a,127.681245,-41.385547,10.246000289916992,54.79144287109375,127.68128585785479,-41.385422597706,10.02331522424496,0.965000058981907,1.0222167078147346
SB67716_component_496a,124.153096,-44.155414,10.654999732971191,33.718353271484375,124.15313156983838,-44.155347049480575,13.02235212195467,0.7724108640580942,0.8182085412210358
SB67716_component_499a,125.876817,-39.95173,10.064000129699707,54.10752487182617,125.87691990719267,-39.951688624730124,9.691173702511527,0.9803442832735846,1.0384707197118508
SB67716_component_501a,131.194036,-39.404545,10.427000045776367,32.28173065185547,131.19381351220883,-39.40436745708945,9.571090129844766,1.0284479913531321,1.0894265861380499
SB67716_component_504a,130.656853,-43.582839,9.848999977111816,47.579708099365234,130.65694345136075,-43.58258252122394,10.13077370954034,0.91777006167281,0.9721863560960627
SB67716_component_505a,131.789456,-40.940844,10.395999908447266,33.108280181884766,131.78948260414566,-40.94081162254048,10.754415274880749,0.9125650446851812,0.966672723967556
SB67716_component_506a,131.994535,-40.582926,9.916000366210938,16.363037109375,131.99464162259085,-40.582922900995655,14.11482306880194,0.6632014397544425,0.7025238869715852
SB67716_component_509a,130.346023,-44.523345,8.477999687194824,12.251444816589355,130.34601903576228,-44.5231949704382,9.862845904380023,0.8114756887332533,0.8595895920293961
SB67716_component_512a,124.065114,-44.25758,10.269000053405762,23.88139533996582,124.0653195620407,-44.25747887063377,12.366613270726218,0.7839019435274077,0.8303809481706809
SB67716_component_513a,127.680919,-39.499879,9.583000183105469,43.5590934753418,127.68081006203867,-39.49984491018246,8.596111868070986,1.0524071804696686,1.1148063601522145
SB67716_component_520a,129.333812,-39.699571,9.416999816894531,38.12550735473633,129.3339143446609,-39.69941560588078,9.893029853053383,0.8986024682801831,0.9518822804308096
SB67716_component_523a,128.987379,-39.578318,9.010000228881836,37.85714340209961,128.98723581926285,-39.57813127752873,8.84855345593024,0.9612511843910294,1.0182455554747647
SB67716_component_525a,127.983013,-41.943514,9.468000411987305,57.38181686401367,127.98282411512604,-41.94337241260984,9.38315426922559,0.9525631489595558,1.0090423902588908
SB67716_component_532a,126.400825,-43.2146,9.359999656677246,49.00523376464844,126.40083656046258,-43.21457026270599,7.778548088601532,1.1359563841644995,1.203309351573352
SB67716_component_533a,129.197165,-43.03868,9.41100025177002,51.70879364013672,129.19727231335625,-43.0386914469516,9.35630229763659,0.9495457726034744,1.0058461080449748
SB67716_component_535a,124.253475,-42.019199,9.734000205993652,38.172550201416016,124.25352827051566,-42.01908387429994,7.942326824770366,1.1569856213077947,1.2255854513107485
SB67716_component_536a,127.58861,-40.79584,9.09000015258789,53.157894134521484,127.58853008445847,-40.79576765239057,7.593881386137384,1.1300156181599788,1.1970163464999162
SB67716_component_537a,123.715511,-40.69196,9.128999710083008,13.544509887695312,123.71563103843243,-40.69189513393451,6.214511589772557,1.386757603593995,1.4689810419063225
SB67716_component_538a,124.305743,-39.950797,9.151000022888184,18.75204849243164,124.30563000691649,-39.95068528822417,10.309001122139119,0.837985172787631,0.8876708727129666
SB67716_component_539a,128.888753,-41.332433,9.38599967956543,53.32954406738281,128.8886839995603,-41.332343205389364,9.878646808578871,0.8969483627873414,0.9501300999459142
SB67716_component_540a,130.983942,-39.66284,9.652000427246094,40.38494110107422,130.98389219655564,-39.66275459942823,8.961608600367128,1.0167536149201843,1.0770388283695722
SB67716_component_541a,127.215053,-44.499047,9.871000289916992,23.502382278442383,127.21504462098191,-44.498849812611,7.0829434765479,1.3156238970303509,1.3936296855397103
SB67716_component_543a,125.989774,-44.260829,8.994000434875488,34.19771957397461,125.98983342990073,-44.26069520478789,8.620546763638357,0.9849234029686712,1.043321343932889
SB67716_component_547a,131.970046,-42.960501,8.699000358581543,35.94628143310547,131.96996918338488,-42.96039476248899,7.772334417453193,1.056579633404978,1.1192262055847046
SB67716_component_548a,127.788817,-41.25631,8.713000297546387,53.128047943115234,127.78897634307141,-41.25627659816097,7.86561704630541,1.0457293458229129,1.1077325842654653
SB67716_component_549a,130.401681,-41.79725,9.319999694824219,52.06703567504883,130.40174113215906,-41.79712257705587,7.911484101436151,1.1120960629391496,1.1780343075115811
SB67716_component_553a,131.150671,-42.182498,8.675999641418457,44.953365325927734,131.15073618844013,-42.18239493294703,6.50532331665787,1.2590268854190845,1.3336769318140176
SB67716_component_560a,131.557652,-40.707336,9.5649995803833,33.096885681152344,131.55770037924947,-40.707237913450214,9.277766388183624,0.9732533050825084,1.0309593042314047
SB67716_component_565a,129.724536,-42.079306,8.803999900817871,51.48537826538086,129.72447899785362,-42.07927360649933,10.567143407845828,0.7865146066409612,0.8331485209409698
SB67716_component_566a,129.383511,-43.756374,9.189000129699707,46.88265609741211,129.38355618762327,-43.75636054568638,8.892068001356666,0.9755507051802447,1.0333929214551372
SB67716_component_571a,123.587445,-44.111916,8.534000396728516,13.397174835205078,123.58745980709158,-44.11183548181063,7.830617254003599,1.0288238573572992,1.0898247379368842
SB67716_component_572a,124.48078,-39.178322,8.28600025177002,29.487546920776367,124.48078495952784,-39.17813045247533,6.771350702973647,1.155191539540098,1.2236849950972428
SB67716_component_579a,124.827934,-43.397823,7.6020002365112305,32.626609802246094,124.82792555967184,-43.3977725331768,8.674306415824843,0.8273275455753044,0.8763813349552229
SB67716_component_580a,127.04536,-39.590266,9.071000099182129,37.953975677490234,127.04527558120049,-39.590196011691376,8.454035598117873,1.0129207415900594,1.0729786968488293
SB67716_component_582a,126.736299,-42.102973,8.029999732971191,43.87977981567383,126.73631794850421,-42.10282481162262,7.957082598511998,0.9526777655044674,1.0091638026319885
SB67716_component_586a,128.731996,-43.291028,8.222000122070312,40.70296859741211,128.7317985723034,-43.291009159432605,3.5159347368310896,2.2076033205802505,2.3384962285963242
SB67716_component_587a,124.489858,-40.348234,8.192999839782715,34.716102600097656,124.48983687432697,-40.3481680906252,7.981853260622446,0.9689995419796306,1.0264533276002374
SB67716_component_589a,132.54334,-41.49314,7.072000026702881,12.407017707824707,132.54331120691353,-41.49305264994988,6.199322372258432,1.0769174090696603,1.140769845805991
SB67716_component_590a,124.559269,-39.328213,7.764999866485596,10.875349998474121,124.55939234353582,-39.328164403080976,8.450453641542456,0.867452681379867,0.9188855647125064
SB67716_component_593a,128.645059,-43.862351,8.649999618530273,48.32402038574219,128.64502346536105,-43.86225447017897,9.048798363681339,0.9024217255253382,0.9559279885435726
SB67716_component_594a,131.643346,-39.035912,8.765999794006348,11.8941650390625,131.6430624606184,-39.035731703462396,7.872166158518366,1.0512150469734811,1.1135435428431317
SB67716_component_597a,124.732874,-42.40792,8.468000411987305,45.283424377441406,124.73302605096266,-42.40789035613623,8.06905841017117,0.9907004859922228,1.0494409609568895
SB67716_component_601a,131.23605,-42.7684,7.816999912261963,38.69801712036133,131.23596456310503,-42.76827713706611,6.57226649205711,1.12281784687431,1.1893918059636157
SB67716_component_602a,130.52722,-43.683325,8.305000305175781,40.91133117675781,130.52723241592022,-43.68320373300906,7.845164084481753,0.9993600541966541,1.0586139710708684
SB67716_component_605a,126.856609,-40.888493,8.343999862670898,48.511627197265625,126.85667963629997,-40.888561784294026,8.009644558123808,0.9834344306340789,1.0417440876584179
SB67716_component_606a,127.491657,-40.594149,7.52400016784668,41.79999923706055,127.49170085377169,-40.59405554528113,7.688362835753525,0.9238453785436015,0.9786218898069557
SB67716_component_607a,123.787972,-42.387461,8.932000160217285,20.071910858154297,123.78795314829551,-42.38737419528779,7.312888155766472,1.153039421342182,1.2214052738074608
SB67716_component_608a,130.132683,-42.461053,8.593000411987305,44.755210876464844,130.13268717204298,-42.46088507466152,7.805019228607861,1.039334204315527,1.1009582629202557
SB67716_component_609a,131.862125,-42.141414,6.84499979019165,17.112499237060547,131.86225967980394,-42.14142918404592,7.1469274388569515,0.9041457206937086,0.9577542025928851
SB67716_component_610a,125.340139,-41.937331,7.879000186920166,46.89881134033203,125.34018999825985,-41.937358954682864,10.106477920778223,0.7359624288924566,0.7795990105238823
SB67716_component_617a,124.932377,-41.613193,7.843999862670898,37.17535400390625,124.9323450642953,-41.61313150838072,7.465042978911581,0.9919496527767055,1.0507641931640386
SB67716_component_618a,126.420331,-41.571996,7.955999851226807,47.927711486816406,126.42033530862322,-41.57175400091171,8.545516353240384,0.8789027463339888,0.9310145253200484
SB67716_component_621a,130.487223,-41.2132,7.993000030517578,42.515960693359375,130.4872920305077,-41.21327189488434,7.056402554264009,1.0693277343295648,1.1327301651303334
SB67716_component_622a,129.208264,-38.976224,8.597999572753906,52.74846267700195,129.20823637076475,-38.976182965511995,7.35945738962481,1.1028996245380114,1.1682925951681118
SB67716_component_624a,129.247599,-41.312927,7.941999912261963,41.1502571105957,129.24758429830973,-41.312832714404436,6.944847343571831,1.0795718180633207,1.1435816396472847
SB67716_component_625a,126.003256,-39.643924,7.813000202178955,31.25200080871582,126.00320358611418,-39.64383114663952,6.582517858811847,1.1204955969779704,1.186931865550489
SB67716_component_627a,123.650086,-41.973774,8.289999961853027,12.245199203491211,123.64947911505483,-41.97404832659685,6.48553247673151,1.2066831683103822,1.2782296583349941
SB67716_component_628a,128.046313,-44.273231,8.682000160217285,29.232324600219727,128.04636241372904,-44.27310323708754,8.225181479170228,0.9964572363379934,1.0555390397408158
SB67716_component_637a,132.321106,-40.747549,7.0,10.510510444641113,132.32143430736696,-40.74760327591507,5.391943642457809,1.2255670059010704,1.298233153788898
SB67716_component_643a,131.760957,-43.934064,6.734000205993652,15.770492553710938,131.76115491787033,-43.9341412300675,6.645288297573056,0.9566292661939644,1.013349595148941
SB67716_component_645a,128.076137,-40.69385,7.519000053405762,42.480224609375,128.07608814605868,-40.6938735674052,7.529783715537025,0.9426749160468647,0.9985678656202286
SB67716_component_652a,130.272846,-42.931829,7.248000144958496,37.75,130.27263012238043,-42.93184188244138,8.028281159263503,0.8522754616531862,0.9028084593917499
SB67716_component_653a,124.052993,-41.881928,7.639999866485596,20.989011764526367,124.05303185315402,-41.8818838339237,7.876796135757201,0.9156470708077565,0.9699374891528989
SB67716_component_656a,129.212682,-39.419497,6.302999973297119,18.64792823791504,129.21262096214713,-39.41930662676768,7.7872662292043895,0.7640937504399168,0.8093982904628503
SB67716_component_659a,126.672094,-40.995797,7.48199987411499,44.27219009399414,126.6721079785044,-40.99569779253712,8.706884019851584,0.8112212189374967,0.8593200342460203
SB67716_component_662a,129.084068,-41.687242,7.375999927520752,42.390804290771484,129.08401605875136,-41.68719384800635,11.747530418667619,0.5927324313887674,0.6278766399957382
SB67716_component_663a,127.352725,-41.558064,8.437000274658203,50.22024154663086,127.35272817817861,-41.5579635466058,8.088443017256964,0.9847080715347868,1.043093245097676
SB67716_component_665a,129.863525,-39.381043,7.099999904632568,21.321321487426758,129.86352642234456,-39.381026605126095,6.7450253608766255,0.9937087655241759,1.0526276069790503
SB67716_component_668a,124.097272,-43.842552,7.672999858856201,27.209218978881836,124.09730357767239,-43.842441666771784,7.437134708087455,0.9739662482282626,1.0317145191026669
SB67716_component_670a,125.779937,-39.830005,6.942999839782715,37.529727935791016,125.77985626310358,-39.82997181079948,6.652749373076979,0.9852135071333699,1.0436286489132374
SB67716_component_674a,131.410363,-43.71594,7.495999813079834,29.054264068603516,131.41046838127824,-43.71584271143546,6.150437016341782,1.150556516189368,1.2187751525888122
SB67716_component_675a,131.171321,-42.791999,7.335999965667725,34.12092971801758,131.17116961770958,-42.792008765538675,6.672796262861309,1.0378529413298898,1.0993891730963823
SB67716_component_676a,125.555008,-42.455413,7.118000030517578,27.69649887084961,125.55511617772454,-42.45542105025813,6.476938776565312,1.037462860070071,1.0989759631929419
SB67716_component_677a,129.677173,-41.054538,7.7779998779296875,46.85542297363281,129.67715642488398,-41.0544823781471,7.969970457910286,0.9212883622812528,0.9759132632932077
SB67716_component_678a,129.484354,-42.66938,7.23799991607666,39.98895263671875,129.48442676850155,-42.66941049753977,7.882140563304831,0.8668795603745585,0.9182784622965294
SB67716_component_680a,129.261526,-43.248362,7.328999996185303,37.97409439086914,129.26168028334789,-43.24825341738558,5.520068019792183,1.2533854735271397,1.3277010301154262
SB67716_component_681a,131.454765,-39.087294,6.879000186920166,11.185365676879883,131.45504071593257,-39.087055137036614,6.871233415067291,0.9450939527790311,1.0011303315407456
SB67716_component_683a,126.916892,-40.558999,6.758999824523926,39.994083404541016,126.91678154255266,-40.55897684636082,6.175160521712729,1.0332812495216734,1.094546417175446
SB67716_component_687a,127.889121,-42.032554,7.303999900817871,41.03370666503906,127.88912241046035,-42.03252679154107,7.408238377857026,0.930743849608565,0.9859293840556318
SB67716_component_688a,130.324316,-41.904544,7.302999973297119,42.958824157714844,130.32437859363952,-41.9044370274133,7.958633841400206,0.8662577630213691,0.9176197974214456
SB67716_component_694a,128.827782,-39.725951,7.376999855041504,37.070350646972656,128.8276004074314,-39.72592532162969,5.651111592790921,1.2323391799980459,1.3054068626873845
SB67716_component_695a,131.483302,-41.466417,6.514999866485596,35.79670333862305,131.48340536321035,-41.466301706956564,6.368663508586466,0.9657183253875611,1.02297756157188
SB67716_component_698a,125.452982,-41.077912,6.543000221252441,37.1761360168457,125.45288735234115,-41.07788298412015,6.298096494808526,0.9807357113968315,1.038885356336758
SB67716_component_700a,130.806639,-42.48495,7.011000156402588,37.49197769165039,130.8066160276749,-42.48480119924757,6.20338170445795,1.066929778728556,1.1301900302804608
SB67716_component_703a,126.249372,-43.237403,7.288000106811523,32.10572814941406,126.24924270224031,-43.23732792221071,4.522763666084795,1.521208840172138,1.611404142441186
SB67716_component_704a,129.363465,-43.212514,7.340000152587891,39.89130401611328,129.36345038690266,-43.21241199842989,7.062364910281684,0.9811384147303484,1.0393119367001291
SB67716_component_705a,131.437442,-44.734374,6.489999771118164,13.720930099487305,131.4378114716084,-44.73463522237199,3.751655248170702,1.633074973824337,1.7299030272791383
SB67716_component_711a,131.034461,-43.809666,6.414000034332275,29.154544830322266,131.03435050489588,-43.80963199052414,6.697670083324109,0.9040440072087214,0.9576464583261399
SB67716_component_716a,128.944338,-39.634548,6.914999961853027,33.567962646484375,128.94433391994815,-39.63443304669739,5.477834990490414,1.1917018156982184,1.2623600334543754
SB67716_component_718a,130.102805,-44.213926,7.310999870300293,24.53355598449707,130.1026820320458,-44.21378584843376,6.39245222368194,1.0796765035602747,1.1436925321421152
SB67716_component_719a,124.282894,-43.46757,5.7210001945495605,22.43529510498047,124.28281866665041,-43.46751868593645,5.9274607196672005,0.9111453071394446,0.9651688075413798
SB67716_component_722a,132.183721,-39.775904,6.506999969482422,15.793688774108887,132.1839702593318,-39.77589536729831,6.264400019142476,0.9805859973524417,1.0387267654681405
SB67716_component_728a,126.835174,-40.398381,6.8520002365112305,41.2771110534668,126.8350712712609,-40.39836928563342,8.463713878482878,0.7642593502551144,0.8095737089991815
SB67716_component_731a,131.551666,-43.00222,6.97599983215332,35.055274963378906,131.5517062876794,-43.00201508791217,6.882351384231348,0.9568723034347363,1.0136070425198773
SB67716_component_735a,131.278509,-41.02564,6.796999931335449,32.83574676513672,131.27855013679584,-41.025464016992785,5.933687554805595,1.0813765711856758,1.1454933999399195
SB67716_component_739a,126.421225,-42.152152,6.668000221252441,38.9941520690918,126.42125473771222,-42.15205727776041,5.589309582166119,1.1262162911038358,1.192991750274151
SB67716_component_741a,124.592722,-41.343284,7.125,23.75,124.59292691191813,-41.34321196777792,6.380561317026795,1.0541692576641386,1.116672914181804
SB67716_component_743a,124.790621,-42.009093,6.783999919891357,34.43655014038086,124.79063034258141,-42.00893544264079,7.227649157919604,0.8860804117919194,0.9386177679166782
SB67716_component_746a,131.210907,-43.068973,6.256999969482422,30.081729888916016,131.21093831694833,-43.068815042884275,6.055302069745426,0.9754717684102513,1.0333093043771928
SB67716_component_747a,127.356136,-41.624485,6.089000225067139,32.7365608215332,127.35590507890247,-41.624389174140255,4.9235185887016435,1.1674943109347558,1.236717220696599
SB67716_component_749a,130.977516,-42.85214,6.7769999504089355,33.22058868408203,130.97759079703164,-42.852077587544585,5.323718418944293,1.2017296331741634,1.2729824188847374
SB67716_component_754a,127.471867,-42.422951,5.6620001792907715,34.73619842529297,127.47193247840418,-42.42291683191516,6.1156808683505375,0.8739959674416193,0.9258168143783264
SB67716_component_755a,128.254669,-44.131833,6.515999794006348,28.704845428466797,128.25474376057485,-44.13170680459708,6.5416028669354365,0.9403320779418929,0.9960861162852762
SB67716_component_756a,125.064871,-43.95492,6.992000102996826,30.532751083374023,125.06480801524015,-43.9548699645519,5.776459516912123,1.1426785020592107,1.2104300363442149
SB67716_component_758a,129.414661,-43.874176,5.960000038146973,30.721649169921875,129.41467627722727,-43.874157222072576,5.727450147427964,0.9823569218539092,1.0406026913780193
SB67716_component_762a,130.13678,-42.137467,6.678999900817871,38.165714263916016,130.13678020975863,-42.137400205101095,6.172873682073004,1.0214295359799903,1.0819919934883386
SB67716_component_764a,128.207141,-39.624221,6.170000076293945,25.28688621520996,128.2070529013519,-39.62411191948961,5.044904388313456,1.1545602317419277,1.2230162558852014
SB67716_component_766a,125.008062,-41.406077,6.056000232696533,31.216495513916016,125.00787901105447,-41.40596322676947,5.9120190007054125,0.9670177077002532,1.0243539866793292
SB67716_component_776a,132.060446,-41.865606,5.2829999923706055,14.756982803344727,132.06060493272545,-41.86566157481653,5.513723347830804,0.9045238099434265,0.9581547094576356
SB67716_component_779a,125.237854,-41.08851,6.048999786376953,32.52150344848633,125.23775373305135,-41.08841076210671,4.490593383396185,1.2716400628685305,1.3470379680206457
SB67716_component_783a,130.370587,-39.408038,6.683000087738037,22.27666664123535,130.37033807758533,-39.40789909542182,7.121374507292648,0.8859149000375649,0.9384424426624813
SB67716_component_787a,123.863063,-44.011698,5.650000095367432,14.56185531616211,123.86308615551908,-44.01175984880638,4.756040856963235,1.1214689224947179,1.1879629013479494
SB67716_component_788a,126.366037,-39.695746,6.186999797821045,29.322275161743164,126.36602071696463,-39.69563687882274,6.458053336337592,0.9044047594121335,0.9580286001988544
SB67716_component_793a,129.798834,-40.613462,6.406000137329102,40.03750228881836,129.79889274929437,-40.613477959709115,5.966041529168756,1.0136430250510462,1.0737438058399913
SB67716_component_796a,127.988396,-42.478919,6.218999862670898,36.15697479248047,127.9883611256898,-42.47881792590537,8.291501408479906,0.7080627266851774,0.7500450830666913
SB67716_component_798a,125.064644,-41.243284,6.189000129699707,32.74603271484375,125.06467047339854,-41.24307811946199,10.631921359350157,0.5495321441466567,0.5821149273510042
SB67716_component_802a,127.769606,-43.419372,5.85099983215332,31.798912048339844,127.76949296241143,-43.41932046418063,4.5731738196981535,1.2078047739401956,1.2794177660492922
SB67716_component_805a,126.251495,-39.281448,6.038000106811523,14.24056625366211,126.2513123403536,-39.28144426725987,5.447061614487176,1.0464420751060117,1.1084875725937575
SB67716_component_806a,123.786169,-40.485042,6.3480000495910645,11.479205131530762,123.78612457873194,-40.48502823937192,5.687538719644708,1.0536513307760405,1.1161242784449323
SB67716_component_812a,130.46835,-41.924101,5.538000106811523,31.288135528564453,130.46829371357174,-41.92392047674313,5.112961005147057,1.0225035960818145,1.0831297366118366
SB67716_component_814a,129.503051,-44.755815,6.067999839782715,27.21076011657715,129.5033818414515,-44.75575371633733,7.973285313924831,0.7184435007850531,0.7610413525758752
SB67716_component_816a,131.755582,-41.833813,5.86299991607666,23.358566284179688,131.755633411512,-41.833767556586274,6.0012585232200495,0.9222781441548005,0.9769617311754794
SB67716_component_817a,131.267582,-41.24671,6.127999782562256,31.106597900390625,131.26755861918207,-41.246643491789484,6.219471805264472,0.9301427442993602,0.9852926380943169
SB67716_component_820a,129.499419,-41.547156,5.314000129699707,31.25882339477539,129.49938601735434,-41.54715389142766,6.824579441498127,0.7350722569458149,0.7786560586264025
SB67716_component_822a,129.644373,-39.224071,5.763000011444092,10.478181838989258,129.6442335097627,-39.22378382528874,4.254793472062986,1.2786582968594875,1.3544723261620109
SB67716_component_827a,127.304553,-39.625349,5.188000202178955,23.26457405090332,127.30447186585644,-39.62509822910372,5.771283748305463,0.848617379896227,0.8989334831617369
SB67716_component_829a,128.738965,-43.563876,5.8480000495910645,31.440858840942383,128.73890146408786,-43.563802143838366,5.5627931962463775,0.9924275631554653,1.0512704397382842
SB67716_component_830a,130.492387,-40.408206,5.416999816894531,28.510526657104492,130.49243392739405,-40.408072542928245,5.476094170895383,0.9338395811854144,0.989208667317131
SB67716_component_840a,126.335196,-43.56985,5.423999786376953,30.133331298828125,126.33516080400099,-43.56973614547123,6.525087618675523,0.7847253471113763,0.8312531728850453
SB67716_component_843a,126.098385,-44.142143,5.306000232696533,20.8897647857666,126.09839810129779,-44.142065889779595,6.423408818852828,0.7798050904346916,0.8260411850361011
SB67716_component_844a,125.172575,-41.633824,5.127999782562256,27.132274627685547,125.17243777356461,-41.633780573067384,4.182572472955095,1.1574144177854027,1.226039671929269
SB67716_component_851a,126.201869,-40.207371,5.488999843597412,28.58854103088379,126.2018715124435,-40.20738142482467,4.384702471125473,1.181782226376827,1.2518522932272043
SB67716_component_852a,129.785725,-42.86969,5.394000053405762,29.315217971801758,129.78566743655063,-42.86960604751915,5.363653775632922,0.9493679690942534,1.0056577622348972
SB67716_component_855a,126.607319,-41.145196,5.539999961853027,32.976192474365234,126.60732452786728,-41.14517921635596,4.819859397961555,1.0850749989792075,1.1494111143980752
SB67716_component_856a,130.041438,-41.602583,5.093999862670898,27.8360652923584,130.04165776754422,-41.602516612767104,4.759012009904104,1.0104771400045756,1.0703902095791402
SB67716_component_857a,128.819636,-44.43639,5.581999778747559,13.290475845336914,128.8200893380154,-44.43619555889802,4.373168205984579,1.204974892255585,1.2764200954147433
SB67716_component_858a,127.001885,-41.729637,5.543000221252441,32.04046630859375,127.00185649263044,-41.729520840709185,5.439942582408024,0.9619111190241657,1.018944618860076
SB67716_component_859a,124.427215,-41.976335,5.498000144958496,25.220184326171875,124.42708593281097,-41.97619043621162,4.173921293051507,1.2434973279119401,1.3172265979502864
SB67716_component_861a,126.445806,-44.466075,5.4070000648498535,11.311716079711914,126.44556618829716,-44.466016853650174,4.68354414004048,1.089848477913374,1.1544676217790746
SB67716_component_869a,124.2577,-42.086101,5.824999809265137,25.107757568359375,124.25762160148304,-42.08610368768842,5.552580528343762,0.9903424943930089,1.0490617433697322
SB67716_component_871a,127.545771,-44.216951,5.781000137329102,23.310483932495117,127.5454734841558,-44.216909104630744,4.885648662031046,1.117030706636283,1.1832615354141824
SB67716_component_883a,127.481561,-39.974179,5.083000183105469,27.775957107543945,127.48162387422401,-39.97404089560251,4.72675676989932,1.0151757505882553,1.0753674095258632
SB67716_component_884a,125.313411,-44.408283,5.578999996185303,11.270707130432129,125.31379021558871,-44.40809943535596,4.73270231688002,1.1128369501787496,1.1788191233340015
SB67716_component_885a,125.544719,-43.043299,4.434000015258789,15.557894706726074,125.54472065839272,-43.043220836979394,3.7563156215805256,1.1143406634957223,1.1804119946111231
SB67716_component_897a,127.618103,-41.038801,5.827000141143799,32.1933708190918,127.6180136491764,-41.03874832090839,5.485151132030072,1.0028611218599794,1.0623226235495187
SB67716_component_899a,131.45799,-42.099678,4.794000148773193,19.567346572875977,131.45814974544538,-42.09959227000668,5.102443983573512,0.8869602611709294,0.9395497852022868
SB67716_component_901a,125.339666,-43.596873,5.011000156402588,22.572072982788086,125.33965143738641,-43.596740781433155,4.8474367234695,0.9758804828913867,1.0337422523003084
SB67716_component_902a,127.995111,-40.388573,5.1570000648498535,29.13559341430664,127.99525922012302,-40.388209156018675,4.8831031177343425,0.9969780716343699,1.0560907563309032
SB67716_component_903a,130.033404,-44.243439,4.892000198364258,15.780645370483398,130.03331223469317,-44.24345706003161,5.578857405579029,0.827800281405224,0.8768821001720006
SB67716_component_908a,129.57938,-41.087999,4.925000190734863,28.468210220336914,129.5793159568528,-41.08804657404375,5.088817967542274,0.9136370449995885,0.9678082851750092
SB67716_component_915a,131.984115,-43.163575,4.548999786376953,17.63178253173828,131.9841192485965,-43.16360192733458,4.257566540981185,1.0086461543061014,1.0684506613321434
SB67716_component_917a,129.233914,-43.588072,5.263999938964844,27.13401985168457,129.23430236770105,-43.588025228357786,3.8214081158919155,1.3003995745894887,1.377502684697216
SB67716_component_922a,129.70358,-40.32697,4.73199987411499,26.143646240234375,129.70359998875085,-40.32700215996996,4.427693540184205,1.0089079294467986,1.0687279576079527
SB67716_component_923a,127.496033,-41.077278,4.978000164031982,29.45562171936035,127.49600988436796,-41.0771044990712,4.650957382844432,1.010408314569983,1.070317303356484
SB67716_component_926a,127.999989,-40.443015,4.660999774932861,26.185392379760742,127.99999159265012,-40.442898505701095,3.7244861361636046,1.1814003216040376,1.2514477446099208
SB67716_component_930a,130.745442,-41.695043,4.795000076293945,26.346155166625977,130.74534983508215,-41.69500418405009,4.099614497244,1.1041547954790631,1.1696221875294432
SB67716_component_931a,125.303547,-43.973486,5.370999813079834,23.150861740112305,125.3036983371599,-43.9734023096619,4.665121595002453,1.0868673288169894,1.151309714806482
SB67716_component_933a,125.526344,-42.953943,5.11299991607666,23.240909576416016,125.52638001833168,-42.95385398590948,5.014240671930766,0.9626202095465051,1.0196957526787134
SB67716_component_937a,131.999528,-42.63882,4.8379998207092285,15.0248441696167,131.99972233100718,-42.63893246098469,3.1711789535559585,1.4402220715396377,1.525615517624511
SB67716_component_948a,124.115583,-40.49697,5.053999900817871,16.19871711730957,124.1155819504584,-40.496652446214725,4.510282133979148,1.0578300123414688,1.1205507218146094
SB67716_component_953a,129.090503,-41.15672,4.75600004196167,25.433155059814453,129.09042962053817,-41.15674181403116,4.83824208408438,0.9279800075360477,0.9830016686446409
SB67716_component_955a,128.403514,-42.771326,5.045000076293945,27.872928619384766,128.4033194780659,-42.77136615715854,4.598515077450339,1.0356855743399567,1.0970932988853352
SB67716_component_960a,128.746095,-43.499945,4.613999843597412,25.076086044311523,128.7458990146598,-43.49996357212273,4.738187543052034,0.9192839836995264,0.9737900413763216
SB67716_component_962a,126.566126,-40.871174,4.760000228881836,22.55924415588379,126.5662099092265,-40.8710862775685,4.878832005900659,0.9210336007123111,0.975643396436872
SB67716_component_963a,128.63762,-41.038916,4.988999843597412,26.396825790405273,128.63754063024794,-41.038787852464104,4.864756250929123,0.9681368933380391,1.02553953091577
SB67716_component_970a,129.367736,-43.561653,4.868000030517578,26.313512802124023,129.36778121091976,-43.56166054175271,5.006624964196317,0.9178883897484014,0.9723117000633996
SB67716_component_975a,130.331389,-41.18744,4.880000114440918,27.262569427490234,130.3313659142239,-41.18723740233705,4.306352707319121,1.069780308642455,1.1332095734162275
SB67716_component_981a,124.52482,-41.470301,5.039999961853027,15.603713989257812,124.52478721181586,-41.47030336205032,4.406581214691036,1.0797249057286116,1.1437438041650625
SB67716_component_982a,126.030553,-43.589436,4.244999885559082,21.76923179626465,126.03066940626323,-43.58973311074475,5.44809034047931,0.7355593955074192,0.7791720805396221
SB67716_component_983a,126.987734,-42.833431,4.357999801635742,23.94505500793457,126.9877253237985,-42.83291924094366,4.795685302269079,0.8578688419867146,0.9087334816514658
SB67716_component_984a,129.369589,-42.525446,5.078000068664551,28.52808952331543,129.36961830151213,-42.525369400295084,4.473503544669631,1.0715915526568165,1.135128209457932
SB67716_component_987a,126.525497,-43.009553,4.63700008392334,25.761110305786133,126.52566295892302,-43.00949644925449,4.664070279443489,0.938547771185223,0.9941960146613872
SB67716_component_994a,128.06722,-44.093826,4.504000186920166,21.046730041503906,128.0671905160797,-44.093776605953636,4.333808426983283,0.9810995012815524,1.0392707160005574
SB67716_component_995a,127.798038,-43.714109,4.4679999351501465,25.10112190246582,127.7978943967548,-43.714099202525446,2.929446518498418,1.4398324236445401,1.5252027667807924
SB67716_component_996a,130.603607,-40.982297,4.7170000076293945,26.954286575317383,130.60366347039658,-40.98230598557798,4.818028865316519,0.9242316659013423,0.979031080860806
SB67716_component_997a,124.549513,-40.269307,4.485000133514404,17.940000534057617,124.54969904230022,-40.269316672987415,4.1435795373758975,1.0218123453059504,1.0823975002914332
SB67716_component_998a,131.789942,-43.684735,4.320000171661377,11.520000457763672,131.78979178314032,-43.6847697422199,4.851730877215367,0.8405652389869351,0.8904039158373156
SB67716_component_1002a,128.843321,-41.366545,4.817999839782715,28.175437927246094,128.84338332986968,-41.36637913667851,4.010373247557339,1.1341391738789532,1.2013843955091437
SB67716_component_1005a,124.872025,-42.746327,4.580999851226807,19.576923370361328,124.87213223011543,-42.74617812143495,4.382734915531562,0.9867325136682693,1.045237720171629
SB67716_component_1006a,128.579389,-41.526552,4.789999961853027,27.215909957885742,128.57945417573495,-41.52650362393779,4.997922781670789,0.9047536270165105,0.9583981528125463
SB67716_component_1014a,125.325235,-42.506942,4.695000171661377,20.866668701171875,125.32504476584882,-42.50698327664098,5.281484108100136,0.8391971493463737,0.888954709616701
SB67716_component_1018a,129.52913,-43.558475,4.693999767303467,25.236557006835938,129.52921853751147,-43.5584469115436,6.192399096422707,0.7155969649600844,0.7580260403460022
SB67716_component_1020a,125.488796,-43.075055,4.4730000495910645,18.95339012145996,125.48883584401237,-43.074973216886534,4.12865750315284,1.0227615925817026,1.083403030204193
SB67716_component_1022a,129.216818,-41.709113,4.539000034332275,25.78977394104004,129.21674631570036,-41.70899189638621,4.172833672786717,1.0268652957317146,1.0877500495487096
SB67716_component_1023a,128.820142,-44.198497,4.14300012588501,16.505977630615234,128.82027084870816,-44.19835177843529,3.88728111213041,1.0061282960633533,1.0657835145898296
SB67716_component_1025a,131.661479,-41.938048,4.382999897003174,17.81707191467285,131.66141866712974,-41.93799794211516,2.860477810708676,1.4464960167021432,1.5322614566680721
SB67716_component_1030a,130.186753,-39.790443,4.464000225067139,22.659900665283203,130.18670647631228,-39.790387209613115,4.001386421009113,1.0531690277830414,1.1156133788101772
SB67716_component_1031a,128.37753,-40.034097,4.2220001220703125,22.821622848510742,128.37760247225987,-40.03413900540339,4.398180549490687,0.9062114657368566,0.9599424295028598
SB67716_component_1035a,127.721631,-41.539331,4.660999774932861,28.24848175048828,127.72163597598544,-41.53921700978785,5.631383766631276,0.7813548679005463,0.827682851691192
SB67716_component_1039a,125.273419,-43.699725,4.247000217437744,20.516908645629883,125.27341307398541,-43.699554228464926,5.428674651765844,0.7385379787476913,0.7823272695217195
SB67716_component_1040a,127.241083,-40.490903,4.394999980926514,26.160715103149414,127.24105911068102,-40.490758943806696,4.662585125132981,0.8898493109732662,0.9426101321423411
SB67716_component_1044a,128.624926,-44.04541,4.046999931335449,18.06696319580078,128.62480100072526,-44.045409475453376,2.968313904674376,1.2870865007259724,1.363400253916004
SB67716_component_1049a,127.230145,-41.408596,3.690000057220459,21.453487396240234,127.22993442249769,-41.40847504383626,4.101675089230142,0.8492772343400455,0.8996324616031565
SB67716_component_1050a,125.526165,-40.610089,4.366000175476074,25.532163619995117,125.5260551616105,-40.60996829201538,4.573894679773167,0.9011185987835855,0.9545475969928974
SB67716_component_1058a,127.540231,-41.228941,4.250999927520752,26.240739822387695,127.54016528545239,-41.228833784654284,4.58984871712246,0.8743334444752918,0.926174301053185
SB67716_component_1065a,125.574716,-43.968867,4.3379998207092285,20.366195678710938,125.57496540599226,-43.96868024902781,4.613002198635847,0.8877490841471913,0.9403853789603781
SB67716_component_1075a,130.023525,-44.282805,4.011000156402588,12.379630088806152,130.02336283209897,-44.282856367681674,3.1263269836531453,1.211163138364268,1.2829752541481418
SB67716_component_1076a,124.764756,-43.97008,3.812999963760376,16.650653839111328,124.76493852097813,-43.96970835193545,3.94078659161774,0.9134152310526007,0.9675733194664302
SB67716_component_1085a,125.569288,-43.776137,4.105000019073486,20.42288589477539,125.56937693619496,-43.77603993780538,2.682053980308707,1.4448741253859587,1.5305434003983012
SB67716_component_1086a,128.622114,-44.457456,4.234000205993652,10.997403144836426,128.62180325587101,-44.457327901037196,4.251663524432731,0.9401049780300753,0.9958455511971788
SB67716_component_1087a,129.548283,-41.008079,3.9660000801086426,22.79310417175293,129.5483041632522,-41.00804157500747,4.035747166638823,0.9277119116818779,0.982717676888498
SB67716_component_1088a,130.401788,-43.967508,4.368000030517578,17.7560977935791,130.4017527982118,-43.96731917427528,3.766479288759311,1.0947914924319924,1.1597037168247406
SB67716_component_1090a,125.689698,-41.974408,4.046999931335449,21.994564056396484,125.68955918969971,-41.97440554866191,3.6694736217835686,1.041151170550349,1.102882960463518
SB67716_component_1092a,129.799036,-44.061136,4.250999927520752,18.482608795166016,129.7989587095397,-44.061138324786626,3.9887329928435107,1.0060984893354137,1.0657519405655365
SB67716_component_1093a,127.739499,-40.611168,3.9100000858306885,23.2738094329834,127.73996944541756,-40.611224891250046,4.554735920461881,0.8103971960349545,0.8584471534925319
SB67716_component_1094a,124.718548,-39.832879,3.684999942779541,11.066065788269043,124.71835165971878,-39.832975911602254,3.6769202018011486,0.9461013137452392,1.0021974208127864
SB67716_component_1096a,129.183211,-39.462691,3.683000087738037,11.655062675476074,129.18314454423557,-39.4625759654243,4.352408258802615,0.7988338661692747,0.8461982122861016
SB67716_component_1098a,124.972582,-40.248734,3.690000057220459,16.113536834716797,124.97273120697584,-40.24857826036574,3.8026441210867783,0.9160623936975929,0.9703774373095618
SB67716_component_1101a,130.769411,-41.838504,4.263000011444092,22.796791076660156,130.76951976009605,-41.83846091181104,4.242286213268273,0.9486362866734995,1.0048826970021574
SB67716_component_1102a,132.002806,-39.610113,3.9149999618530273,12.046154022216797,132.0030425531577,-39.60995006048753,4.0416484573628555,0.9144450030773649,0.9686641485903835
SB67716_component_1103a,126.927276,-42.407739,3.888000011444092,23.563634872436523,126.9274010605269,-42.40771370085176,3.931521832481427,0.9335765419151729,0.9889300319591852
SB67716_component_1104a,125.505986,-41.578692,4.063000202178955,23.217144012451172,125.50582163488522,-41.578693413668915,4.394471918205134,0.8728196502173364,0.9245707511173346
SB67716_component_1105a,125.347585,-40.962846,3.990000009536743,21.567567825317383,125.34739859686827,-40.96284176470495,4.372929337377279,0.8613602020860499,0.9124318509865968
SB67716_component_1106a,125.49668,-44.004148,4.216000080108643,18.09442138671875,125.49668119638964,-44.00411484248498,4.158351443991038,0.9571142542872713,1.013863339088597
SB67716_component_1108a,126.590727,-42.382179,3.9660000801086426,22.662857055664062,126.5906267863035,-42.38213307339947,4.158335569743339,0.9003628149371105,0.9537470013160656
SB67716_component_1111a,129.829885,-40.790388,3.881999969482422,23.385543823242188,129.82998162726932,-40.79039542555415,3.882224957127784,0.9439721799619512,0.9999420467263369
SB67716_component_1112a,130.304024,-43.874842,3.5820000171661377,16.281818389892578,130.30410415303,-43.87496429327713,4.190387291394585,0.8069670173490686,0.8548135931306787
SB67716_component_1118a,128.387824,-40.2573,3.677000045776367,20.774011611938477,128.38795244232645,-40.257107402314666,3.163578685454964,1.097234259269819,1.1622913198530311
SB67716_component_1122a,124.322231,-42.696849,3.765000104904175,12.89383602142334,124.32206525715006,-42.696911892780456,3.7555805778866276,0.9463946423067894,1.0025081413704744
SB67716_component_1125a,129.6516,-42.480481,3.875,21.52777671813965,129.6513860056267,-42.48077027826113,3.355766741743912,1.090094895739123,1.1547286501761607
SB67716_component_1128a,126.43759,-40.33303,4.138999938964844,24.06395149230957,126.43764914176519,-40.33298857035327,3.065935182681925,1.2744324340979019,1.3499959041352778
SB67716_component_1130a,125.173834,-41.168294,3.864000082015991,21.0,125.17377962719904,-41.16808235008412,3.843936417794887,0.9489542962316951,1.0052195619386999
SB67716_component_1131a,125.507998,-43.174433,3.9600000381469727,15.714285850524902,125.50792298077023,-43.17439916815489,3.786393785511368,0.9873105466163071,1.0458500257685581
SB67716_component_1135a,131.170073,-42.345585,3.799999952316284,18.905471801757812,131.1703185304853,-42.34566429623219,3.423778116393749,1.0477612779779464,1.1098849934582817
SB67716_component_1137a,125.905481,-40.942984,3.9030001163482666,21.683332443237305,125.9052807214799,-40.94289563067304,2.7299629661232565,1.349665583353258,1.4296897667776083
SB67716_component_1142a,129.659192,-42.074463,3.880000114440918,22.958580017089844,129.6590935310568,-42.07442547038716,3.9650354715291756,0.9237810015192323,0.9785536957490415
SB67716_component_1145a,129.27502,-43.18818,4.281000137329102,23.016128540039062,129.27508609068616,-43.1882693343864,3.478163556059487,1.161929040446798,1.2308219749674947
SB67716_component_1146a,128.15539,-43.451788,4.193999767303467,24.52631378173828,128.15537734709145,-43.45165725086341,4.261778703952641,0.9290131725620324,0.9840960919471695
SB67716_component_1147a,129.105533,-43.071216,3.796999931335449,22.736526489257812,129.1056488551538,-43.0712694934706,2.7976996251558806,1.2812204720051812,1.357186417438895
SB67716_component_1149a,131.940954,-43.373899,3.5510001182556152,11.345048904418945,131.94095456333264,-43.37392458728905,2.5270601115626317,1.3265373390190933,1.4051902058078944
SB67716_component_1152a,126.361491,-40.926747,3.674999952316284,21.0,126.36151944960876,-40.92670026270312,3.553572388754413,0.9762848182151034,1.0341705614176144
SB67716_component_1153a,127.02965,-44.046041,3.99399995803833,21.70652198791504,127.02968402892283,-44.0459091838884,3.4455421938984157,1.094296091735578,1.1591789428993666
SB67716_component_1154a,124.545743,-44.062532,3.763000011444092,16.57709312438965,124.54569566285551,-44.0624377208743,3.299468336707781,1.0766501851629393,1.1404867776966832
SB67716_component_1160a,130.10965,-42.351793,4.0929999351501465,23.25568199157715,130.1095054238326,-42.35156525994064,2.474623953917972,1.5614097612771007,1.6539886509503254
SB67716_component_1163a,127.48506,-41.735668,3.4749999046325684,19.522470474243164,127.4850908524192,-41.73562186185135,3.1635752439819136,1.0369575868040375,1.0984407313349287
SB67716_component_1164a,130.271104,-41.507473,3.3329999446868896,18.9375,130.27130163586153,-41.507364432882625,3.3821577853219438,0.9303059673453471,0.985465538938369
SB67716_component_1165a,128.329706,-40.694779,3.2820000648498535,18.971099853515625,128.32990648254642,-40.694641063259084,3.729213563811997,0.83081761321778,0.8800783352013225
SB67716_component_1166a,130.106922,-41.500281,3.7780001163482666,21.10614585876465,130.10735555354964,-41.500057873229736,1.8980441210040409,1.8790573193538609,1.9904701237133273
SB67716_component_1167a,125.824433,-43.893945,3.4240000247955322,18.212766647338867,125.82447535472663,-43.89362541514402,4.186061576660423,0.7721692654431341,0.8179526177747123
SB67716_component_1168a,127.960928,-44.112495,3.7019999027252197,15.686440467834473,127.96048797752142,-44.112327287180285,3.4933395062015804,1.000414487788533,1.0597309239921322
SB67716_component_1169a,127.490502,-42.801619,3.921999931335449,23.485029220581055,127.49047136490368,-42.80152937282826,2.967219885494768,1.247792053951504,1.3217759662868656
SB67716_component_1177a,130.21016,-41.021692,3.4769999980926514,19.316665649414062,130.21009225445158,-41.021617126621344,3.0915444210128915,1.0617287173265704,1.1246805882716289
SB67716_component_1178a,125.648988,-40.893661,3.496999979019165,20.097702026367188,125.6487690895613,-40.893661436540995,3.090231547879048,1.0682895314845422,1.1316304053071036
SB67716_component_1180a,125.616152,-41.286416,3.63700008392334,21.909639358520508,125.61604569124421,-41.2862791050301,3.477140045158846,0.9874281252469542,1.0459745758549657
SB67716_component_1188a,124.723902,-42.21671,3.1440000534057617,17.762712478637695,124.72378820503577,-42.216609394515956,2.2489819006546794,1.3197174196286183,1.3979659207086292
SB67716_component_1190a,131.958567,-41.536958,3.6410000324249268,15.170833587646484,131.95848834979142,-41.53695348265441,3.6192042530872657,0.9497120622639773,1.0060222573288227
SB67716_component_1193a,128.039622,-39.994034,3.8450000286102295,24.80645179748535,128.03946421128043,-39.99379184393333,4.154048690441112,0.8737941433245967,0.9256030237339214
SB67716_component_1199a,126.249465,-40.599993,3.5940001010894775,21.01754379272461,126.24939136896558,-40.59987594567947,3.606437310482566,0.940771305274391,0.9965513862234793
SB67716_component_1200a,124.548093,-40.722576,3.2679998874664307,16.422109603881836,124.54814861385768,-40.72239868950107,3.074490299478476,1.0034443006317195,1.062940380075611
SB67716_component_1203a,129.943004,-39.566962,3.263000011444092,13.210526466369629,129.9430292433264,-39.56679397274122,2.954662126310979,1.042542131474213,1.1043563940483732
SB67716_component_1209a,127.528663,-43.68221,3.2709999084472656,17.3068790435791,127.5286811870984,-43.68215047277529,3.4319826962773283,0.8997457569303446,0.9530933567920722
SB67716_component_1211a,126.175006,-40.871565,3.431999921798706,20.926828384399414,126.17495092025463,-40.871527492786896,3.1472629850836684,1.029434218236131,1.0904712882477687
SB67716_component_1213a,125.827328,-43.405005,3.73799991607666,14.267175674438477,125.82698837522396,-43.40488193557463,3.376815315063038,1.0450001270872367,1.1069601287942747
SB67716_component_1216a,126.02364,-40.661552,3.36299991607666,20.381816864013672,126.02389216391875,-40.66152632835929,3.304976322160396,0.9606006338304846,1.0175564325611675
SB67716_component_1217a,130.01967,-41.946645,3.2070000171661377,17.718233108520508,130.020114947426,-41.946454675601636,3.4786180138270586,0.8703152339553378,0.9219178433558171
SB67716_component_1218a,126.749306,-41.266204,3.5309998989105225,21.39999771118164,126.74931302063517,-41.26623076073599,3.4638824004351596,0.9623187122804592,1.0193763790788426
SB67716_component_1220a,129.641549,-41.227469,3.434999942779541,19.855491638183594,129.64165156492996,-41.22744669532087,3.117297180295089,1.0402384256482278,1.1019160972180322
SB67716_component_1222a,127.653564,-43.247424,3.5339999198913574,19.20652198791504,127.65332717922459,-43.24752751716764,2.5154412381508995,1.3262845901361011,1.4049224709734027
SB67716_component_1223a,126.489165,-43.631957,3.565000057220459,21.347307205200195,126.48894134987495,-43.631982899953876,3.603828575888429,0.9338557159136911,0.989225758703465
SB67716_component_1227a,126.800013,-39.680048,3.184000015258789,16.412370681762695,126.80015923768873,-39.67997771843071,2.7128737170619903,1.1079696085313333,1.173663187944857
SB67716_component_1230a,129.577951,-43.328284,3.6449999809265137,18.225000381469727,129.5778106394818,-43.328298458996976,3.6556846446192086,0.9412677318763218,0.9970772468822162
SB67716_component_1231a,130.963631,-39.507124,3.5369999408721924,11.446601867675781,130.96383676223007,-39.506942534967244,3.036069439654667,1.0997848100624832,1.1649930975473681
SB67716_component_1232a,126.900998,-39.586129,2.885999917984009,12.493505477905273,126.90076099691846,-39.58596147606492,2.7988028731613803,0.9734381622726918,1.031155121948312
SB67716_component_1234a,128.958718,-41.124836,3.7980000972747803,20.754098892211914,128.9587139716711,-41.12476161327881,4.029729249313786,0.889740723504461,0.9424951063204887
SB67716_component_1236a,124.53677,-40.224575,3.5980000495910645,13.375465393066406,124.5367786961261,-40.22433571279498,3.333283575650257,1.0189978493660243,1.0794161276509955
SB67716_component_1237a,125.354652,-40.49154,3.430999994277954,18.153440475463867,125.35453266547073,-40.49154665310781,4.706749008464208,0.6881514706523355,0.7289532516197362
SB67716_component_1240a,130.989171,-42.281989,3.2179999351501465,17.97765350341797,130.98934516731313,-42.28190127457271,2.9884965482399584,1.0165240012381775,1.0767956004651742
SB67716_component_1244a,126.845711,-43.289367,2.759000062942505,15.327777862548828,126.84566547716373,-43.28927299808859,3.0859647856180694,0.844005174473065,0.8940478114982512
SB67716_component_1245a,125.762616,-42.504647,3.2909998893737793,14.308694839477539,125.76260347643408,-42.5047162110108,3.1672594412425767,0.9809087150111592,1.0390686176572441
SB67716_component_1249a,131.458592,-43.026482,3.1470000743865967,15.35122013092041,131.45876947663362,-43.0264010969125,2.5473965490662622,1.1662309475480437,1.2353789501442627
SB67716_component_1250a,130.699595,-40.10898,3.240999937057495,15.287735939025879,130.69969616520711,-40.10890067371088,2.6489268836641933,1.1550304042096255,1.2235143057532423
SB67716_component_1252a,125.573337,-42.210363,3.7760000228881836,20.74725341796875,125.5735815547454,-42.210291497119385,3.4237749509345132,1.0411448202950935,1.102876233689814
SB67716_component_1254a,127.681204,-41.84991,3.240000009536743,19.171598434448242,127.68140733726777,-41.84965626122111,2.920035681510245,1.0474690943199059,1.1095754856875626
SB67716_component_1257a,130.548188,-39.594775,3.3519999980926514,13.145098686218262,130.54804064827957,-39.59451404227756,3.673664326642585,0.8613683369366998,0.9124404681676762
SB67716_component_1259a,129.653887,-42.416593,3.4119999408721924,20.309524536132812,129.6538603692983,-42.41664832763017,3.000746051000945,1.0734062916708227,1.1370505477243125
SB67716_component_1260a,129.35015,-39.786917,3.2899999618530273,14.819819450378418,129.35005711016709,-39.786709095146534,2.805442049377709,1.10707987386091,1.172720699250516
SB67716_component_1266a,129.620189,-40.649175,3.371000051498413,19.59883689880371,129.62003937476956,-40.649223616123244,3.610629673843777,0.8813738821991336,0.9336321794280661
SB67716_component_1268a,127.545827,-40.71399,3.438999891281128,20.11111068725586,127.5457461201159,-40.713840237896534,3.0100288652110216,1.0785638661382,1.1425139243772777
SB67716_component_1271a,124.987967,-42.15679,3.2190001010894775,17.686813354492188,124.98790829966812,-42.15658993743743,2.9276201351729365,1.0379839296550202,1.099527927963007
SB67716_component_1279a,125.700197,-40.313851,3.3350000381469727,19.733728408813477,125.70019746143328,-40.31371678387091,2.876910070969578,1.0943441520697685,1.1592298528201854
SB67716_component_1282a,129.795563,-42.916296,3.5299999713897705,20.287357330322266,129.79571096933626,-42.91622766490541,2.4817417265180834,1.3427726410862582,1.4223881291396132
SB67716_component_1284a,130.064763,-40.506832,2.921999931335449,17.39285659790039,130.0646727063705,-40.50677670709257,2.9287655512371185,0.9418461320235993,0.9976899414503112
SB67716_component_1285a,127.202968,-40.42153,3.3010001182556152,20.376543045043945,127.20295243925231,-40.4214430648381,3.007150877818299,1.0362742011274713,1.0977168264501929
SB67716_component_1288a,128.327643,-42.13436,3.2160000801086426,19.73006248474121,128.32752918156237,-42.13425956238468,2.617053322020058,1.1600797455765377,1.2288630319638532
SB67716_component_1293a,129.853568,-43.146538,3.135999917984009,16.50526237487793,129.85343167822285,-43.14653379594556,2.9118440458544046,1.0166987658495035,1.0769807271954468
SB67716_component_1297a,129.139008,-39.889086,3.128999948501587,15.964285850524902,129.139029487505,-39.88912444129105,2.2740714065968666,1.298930226984548,1.3759462167391285
SB67716_component_1298a,128.759475,-42.467579,3.125999927520752,18.28070068359375,128.75958633067708,-42.4674296498867,3.6577281606227277,0.8067925931851704,0.8546288270335953
SB67716_component_1300a,125.093768,-41.01451,3.003999948501587,16.237836837768555,125.09373436491376,-41.01456424342732,3.5371053391773777,0.8017450585266269,0.8492820146544534
SB67716_component_1301a,129.360861,-41.473595,3.052000045776367,17.641618728637695,129.3608889393733,-41.47362774401993,3.2006365446242926,0.9001865939868957,0.9535603318978622
SB67716_component_1304a,131.500572,-43.435244,3.4079999923706055,12.958174705505371,131.50094607566064,-43.43525093462702,3.347028732446099,0.9612237865546452,1.0182165331696889
SB67716_component_1307a,125.459825,-41.228727,3.1429998874664307,18.06321907043457,125.45997721569532,-41.22871766963477,2.9824580975820445,0.99484261307421,1.0538286824597942
SB67716_component_1314a,127.138504,-41.070752,3.187000036239624,18.857988357543945,127.13824058669293,-41.07082574573843,2.6192921009776002,1.1486362019875191,1.2167409793852841
SB67716_component_1317a,130.971064,-43.806394,3.436000108718872,15.47747802734375,130.97069006978043,-43.8063140244538,2.4683880517887204,1.3140869371401669,1.392001596438198
SB67716_component_1318a,128.070565,-40.615675,3.3949999809265137,20.088756561279297,128.07061352947028,-40.61533210045942,2.6367856671911385,1.2154841826629361,1.2875525012023712
SB67716_component_1319a,129.525959,-39.94996,3.3480000495910645,16.574256896972656,129.52576085130303,-39.94989705030192,3.0094125755337306,1.0502388732796148,1.112509489994832
SB67716_component_1323a,131.415648,-40.471208,3.436000108718872,14.376569747924805,131.41565988022262,-40.47116445207714,3.35940164915861,0.9655518551825528,1.022801221038707
SB67716_component_1326a,126.466135,-42.820145,2.7090001106262207,13.344828605651855,126.46621899144064,-42.820140212444045,2.5331004580788727,1.0095805477004356,1.069440456649221
SB67716_component_1330a,126.507607,-42.058623,3.26200008392334,19.301774978637695,126.50759028393557,-42.05863297312124,2.460352212751257,1.2516158363520684,1.325826467859921
SB67716_component_1333a,125.535148,-41.016256,2.9839999675750732,16.85875701904297,125.53532361655469,-41.01591912161616,2.7388059619372194,1.0285417245837933,1.0895258769863427
SB67716_component_1337a,127.428806,-41.034154,2.874000072479248,18.423076629638672,127.428885066484,-41.03387543836006,3.141444473604715,0.8636579036761506,0.9148657875787369
SB67716_component_1339a,125.542183,-43.190022,3.446000099182129,12.395684242248535,125.54232603186172,-43.190155045261086,2.9605269678635313,1.098830306175932,1.1639819993495752
SB67716_component_1340a,131.574446,-43.516108,3.190000057220459,11.902984619140625,131.57443583170047,-43.5162131230938,2.026890023259606,1.4857470295278155,1.5738397350687836
SB67716_component_1342a,126.511209,-40.604907,3.3540000915527344,20.083833694458008,126.511112630126,-40.60473421873445,2.9804228723041044,1.0623547091033028,1.1253436962654313
SB67716_component_1346a,128.41772,-39.960278,2.7070000171661377,15.380681991577148,128.4177630867377,-39.96014561147902,2.2568713397641087,1.1323112491237282,1.1994480896944162
SB67716_component_1349a,130.942771,-39.66475,3.4730000495910645,14.060729026794434,130.942767200528,-39.66495373949145,2.518974290575998,1.3015636745497223,1.3787358063098434
SB67716_component_1355a,125.699287,-42.470495,3.502000093460083,15.495575904846191,125.69888816541001,-42.47033268048887,2.710930044743133,1.2195011307486787,1.2918076216134546
SB67716_component_1357a,126.666061,-42.47942,3.009999990463257,18.02395248413086,126.6659613334247,-42.47934203045597,3.059662322510243,0.9287040949642268,0.9837686885635663
SB67716_component_1358a,126.818991,-41.654881,3.2200000286102295,21.324504852294922,126.81903780753778,-41.65495905099552,2.60358627579094,1.1675305862439957,1.2367556468364123
SB67716_component_1359a,126.946854,-42.746848,3.061000108718872,17.591955184936523,126.94683751645212,-42.746884023169876,2.972395067602747,0.9721676780502713,1.0298093083526698
SB67716_component_1362a,126.168218,-41.943973,2.799999952316284,16.56804656982422,126.16834258326789,-41.943710745261114,2.6597969212587356,0.9937883694083325,1.0527119307255977
SB67716_component_1363a,131.423586,-43.016474,3.2920000553131104,16.058536529541016,131.42381938693498,-43.01643531947127,2.6148932452984726,1.1884755057379377,1.2589424295741567
SB67716_component_1368a,129.400669,-39.85899,2.936000108718872,13.980953216552734,129.40080662547766,-39.85865427470909,2.830023712392916,0.9793780305817809,1.0374471761002837
SB67716_component_1369a,130.146779,-43.1712,3.0390000343322754,15.584615707397461,130.1467343352469,-43.17131246359313,2.7900624798298095,1.0282557362315627,1.0892229318526412
SB67716_component_1371a,130.179577,-42.750116,2.8429999351501465,14.807291030883789,130.1797662800133,-42.75008349948705,3.6308610230636713,0.7391823505020224,0.7830098472761873
SB67716_component_1375a,126.182821,-39.490653,3.4070000648498535,12.389090538024902,126.18279168942078,-39.49067862297207,3.1329182901355423,1.026614605165088,1.0874844950719904
SB67716_component_1378a,127.989625,-41.556722,3.134999990463257,19.23312759399414,127.98964005408219,-41.55651455222874,2.9890603948349703,0.9901185986115699,1.0488245723908647
SB67716_component_1380a,124.905738,-41.120455,2.755000114440918,13.439024925231934,124.90590008957535,-41.12042434783013,2.468596203904947,1.0535518867960234,1.1160189382463293
SB67716_component_1382a,130.421291,-40.312723,2.8259999752044678,14.71875,130.42141785828338,-40.31248298474395,2.913750123100416,0.9155966892686145,0.9698841203985685
SB67716_component_1385a,127.405905,-39.507354,3.1610000133514404,12.064886093139648,127.40569497875796,-39.50738360762459,2.659109395684159,1.122206184850592,1.188743877360544
SB67716_component_1388a,131.438107,-40.722143,2.8529999256134033,10.685393333435059,131.4381285394109,-40.722141228528876,2.0783369592452674,1.295896044808635,1.3727321322570567
SB67716_component_1391a,128.158158,-42.54678,2.9660000801086426,17.550296783447266,128.15825104991788,-42.5466511668927,2.592223246831884,1.0801476427767709,1.144191606079289
SB67716_component_1393a,128.847963,-40.435033,2.6489999294281006,14.798881530761719,128.84799981407534,-40.43518233852403,1.9323641279001622,1.2941283308464318,1.3708596072452883
SB67716_component_1394a,129.688122,-43.184376,2.6429998874664307,13.765624046325684,129.68817713701887,-43.18439814469909,2.7399462144431332,0.910624795963247,0.9646174342891596
SB67716_component_1397a,129.169169,-42.140835,2.815000057220459,16.36627960205078,129.16908987665568,-42.140875923648416,2.7901813593495315,0.9524240203253542,1.0088950124291252
SB67716_component_1403a,127.175968,-40.676334,2.9690001010894775,17.67262077331543,127.17559826277434,-40.67604089468188,2.142127080306873,1.308426542878021,1.3860055868693606
SB67716_component_1404a,131.571301,-43.30944,2.6730000972747803,11.23109245300293,131.5715753816895,-43.3091625036341,2.2201262356836344,1.136594814595115,1.2039856357319674
SB67716_component_1408a,129.691411,-41.9048,2.8010001182556152,14.664921760559082,129.69138149945888,-41.90464235348052,2.8950737488965563,0.9133513195936561,0.9675056185781806
SB67716_component_1414a,126.107179,-40.340386,2.6670000553131104,14.89944076538086,126.10716227233284,-40.34033376279809,2.381433257705676,1.0572287752043945,1.1199138362091052
SB67716_component_1415a,126.194143,-40.159457,3.052000045776367,15.651283264160156,126.19412305000664,-40.1594770248246,2.767132999312075,1.0412112863427974,1.1029466406331434
SB67716_component_1416a,125.69966,-40.507258,3.2039999961853027,17.413043975830078,125.699808734929,-40.507101074046915,2.6684957902766246,1.1334708344272482,1.2006764289679341
SB67716_component_1422a,127.272243,-41.81875,3.0810000896453857,17.406780242919922,127.27205170793097,-41.81860545373756,2.2444219708972653,1.2959002222469798,1.3727365573834929
SB67716_component_1423a,125.263755,-43.961085,2.7060000896453857,11.973451614379883,125.26370183252253,-43.96121637136858,2.140355525757583,1.193510525065038,1.26427598456457
SB67716_component_1429a,128.931435,-41.265117,3.015000104904175,17.228572845458984,128.9313929833628,-41.264877810829944,2.952269357336196,0.964085869581193,1.0212483144236473
SB67716_component_1440a,129.936787,-42.122069,2.936000108718872,15.870270729064941,129.93668227166447,-42.12206764984193,2.6917539745358177,1.02968661926879,1.0907386546072337
SB67716_component_1446a,130.515174,-43.099131,3.0329999923706055,16.944133758544922,130.51505414163165,-43.099097431157624,3.016105163931985,0.9493148921396892,1.00560153824895
SB67716_component_1448a,127.613513,-39.611622,3.191999912261963,14.985915184020996,127.61318960931523,-39.611592930587534,2.022921369957082,1.4895950939682632,1.5779159584090428
SB67716_component_1451a,129.292862,-43.213216,3.0380001068115234,16.245988845825195,129.29285023828618,-43.21304585423293,2.4821594687130384,1.1554268881641996,1.2239342979791221
SB67716_component_1458a,127.51824,-44.18526,2.934999942779541,11.245210647583008,127.51824435850935,-44.18519285528884,4.053720266811545,0.6835002624840276,0.7240262646657822
SB67716_component_1459a,130.459147,-40.161433,2.703000068664551,13.932990074157715,130.45932179081663,-40.16131364452407,2.266256727793004,1.1259557293771671,1.1927157393579455
SB67716_component_1470a,128.278349,-44.274728,2.943000078201294,10.399293899536133,128.27812056066205,-44.27477170430468,2.718962434770188,1.0218130172859115,1.082398212114336
SB67716_component_1475a,129.753325,-40.014147,2.7669999599456787,14.956756591796875,129.75341569679307,-40.014136613130326,2.5966285183256503,1.0059669093025156,1.0656125589076895
SB67716_component_1477a,128.526012,-41.617555,3.009000062942505,17.09659194946289,128.52584948540726,-41.61746324514921,3.0911102152721956,0.918950400287113,0.9734366791827704
SB67716_component_1490a,126.105229,-40.094776,2.4809999465942383,13.707182884216309,126.10512550999799,-40.09414677295827,3.5140095105346996,0.6665123287770742,0.7060310847641171
SB67716_component_1497a,125.7269,-39.916501,3.0859999656677246,16.863388061523438,125.72686245145213,-39.91611756429821,2.7990982124515758,1.0407876848876294,1.1024979230596084
SB67716_component_1499a,129.710503,-42.313018,2.5139999389648438,14.875739097595215,129.71065280294147,-42.312906424973136,2.234912899382335,1.061913215058794,1.124876025217645
SB67716_component_1504a,128.178293,-41.333683,2.9590001106262207,17.405881881713867,128.1781330837817,-41.33355933318765,3.1525040226785213,0.8860815561550841,0.938618980131264
SB67716_component_1506a,127.924378,-41.499665,2.5420000553131104,14.280899047851562,127.92441360294808,-41.49971979878404,2.012331195445034,1.1925056921696977,1.263211573257422
SB67716_component_1507a,128.788071,-41.605352,3.0769999027252197,18.536144256591797,128.78850810423774,-41.60499828452569,2.195464905915358,1.323077694869996,1.401525432920697
SB67716_component_1512a,124.318662,-42.485608,2.9830000400543213,12.126015663146973,124.31845475760076,-42.48547632563627,2.840144122234042,0.9915103345914557,1.050298826986255
SB67716_component_1518a,126.26914,-42.495469,2.743000030517578,16.040935516357422,126.26872714281379,-42.49542324289926,2.1154201940618544,1.2240905110632716,1.2966691148252192
SB67716_component_1535a,128.991374,-43.484202,2.924999952316284,16.071428298950195,128.99127451219817,-43.48408028115286,2.319125848018924,1.1906549223579765,1.2612510678602966
SB67716_component_1536a,125.109995,-42.175248,2.7769999504089355,15.342541694641113,125.10991796035623,-42.175145380308095,2.0913261139643655,1.253540807229005,1.3278655738414662
SB67716_component_1541a,128.701556,-41.329323,2.7809998989105225,16.652694702148438,128.70149001966578,-41.329294624329584,2.9190643068369373,0.899376789291953,0.9527025123759538
SB67716_component_1543a,125.000635,-41.88603,2.5380001068115234,13.71891975402832,125.00057590811647,-41.88597134300871,2.301190502599186,1.0411742719478871,1.102907431585895
SB67716_component_1548a,124.991473,-41.575004,2.3910000324249268,11.550724983215332,124.99164743902156,-41.57483240494456,1.8550206100580022,1.2167888113761793,1.288934483779221
SB67716_component_1550a,124.952649,-41.874398,2.4690001010894775,13.27419376373291,124.95284199209149,-41.87455373912332,2.344334908425371,0.9942276067336905,1.053177211249156
SB67716_component_1552a,126.520496,-41.954242,2.6659998893737793,15.964071273803711,126.52046903261352,-41.95441422988975,2.9170775809279115,0.8627729338394917,0.9139283462340192
SB67716_component_1553a,126.405164,-43.471329,2.5399999618530273,14.033149719238281,126.40540051210667,-43.47128355408705,3.5218716629608866,0.6808391936335678,0.7212074160923894
SB67716_component_1555a,131.536833,-43.222987,2.7219998836517334,12.900473594665527,131.53711796857422,-43.22292647906207,2.9890657879075917,0.8596803367578649,0.9106523833177957
SB67716_component_1556a,127.566302,-39.910441,2.7149999141693115,14.365078926086426,127.56634354918805,-39.910402918502285,2.2670839657981405,1.13054168367382,1.1975736034167925
SB67716_component_1562a,130.501867,-41.348383,2.2909998893737793,12.317203521728516,130.50176492522306,-41.34830799570664,2.050763863304373,1.0546145940570455,1.1171446553979727
SB67716_component_1564a,129.29528,-39.840488,2.808000087738037,13.697561264038086,129.29522969567716,-39.840511168578985,1.9514224512260976,1.3584078560880257,1.4389503851273944
SB67716_component_1570a,127.839655,-39.775818,2.5369999408721924,13.863388061523438,127.84000490573275,-39.77580163997072,2.235365666878901,1.0714113570333572,1.1349373297007126
SB67716_component_1574a,128.576775,-41.174182,2.8610000610351562,16.442529678344727,128.57678666847102,-41.17410987824657,3.5769291855892944,0.755078126540446,0.7998481134492491
SB67716_component_1577a,128.832363,-43.077175,2.624000072479248,14.659217834472656,128.8322239544471,-43.07692406208566,3.7807732248276618,0.6551904806056533,0.6940379431508636
SB67716_component_1578a,127.81236,-39.469863,2.3239998817443848,10.0606050491333,127.81235704638291,-39.46970604220586,1.9988779886557424,1.0975749354412672,1.1626521953484958
SB67716_component_1582a,129.879163,-41.438652,2.5320000648498535,16.12738800048828,129.87932545485032,-41.438629109865744,2.0684678364748543,1.1555781061992592,1.2240944820128143
SB67716_component_1583a,126.65873,-41.79107,2.555000066757202,15.674846649169922,126.6590948535785,-41.790984015832294,1.642315915211726,1.4686509112674417,1.5557299561502538
SB67716_component_1585a,128.48484,-40.492317,2.2980000972747803,12.421622276306152,128.48503334088622,-40.49229636303365,2.8910653723447797,0.7503717848953906,0.794862724052138
SB67716_component_1587a,129.39271,-43.347609,2.3469998836517334,12.966850280761719,129.39264539946345,-43.34773143176253,2.070513967764719,1.0700874440382429,1.1335349194410422
SB67716_component_1589a,125.541658,-40.848466,2.7720000743865967,15.573034286499023,125.54190280411684,-40.84812601597555,2.530190018737041,1.0342474629535507,1.0955699191992927
SB67716_component_1591a,127.827485,-42.318032,2.2170000076293945,13.275449752807617,127.82738276657653,-42.317829075638045,2.442971078154642,0.8567058528611905,0.9075015367370046
SB67716_component_1598a,128.438968,-40.437462,2.3259999752044678,12.994412422180176,128.4390366024937,-40.4373524938842,2.0954468828087545,1.0478941458149358,1.1100257392765203
SB67716_component_1610a,129.452455,-41.5332,2.4590001106262207,14.380117416381836,129.45235892467946,-41.53320815947659,3.288900128867576,0.7058171834163057,0.7476663973596839
SB67716_component_1616a,130.701318,-41.597493,2.744999885559082,15.421347618103027,130.7014802049191,-41.59724364241054,2.2305243560458807,1.1617688443405372,1.2306522805360565
SB67716_component_1619a,127.912115,-41.54652,2.619999885559082,16.17283821105957,127.9122977364094,-41.54646049999349,2.1060498870917606,1.1744025425893212,1.2440350542583936
SB67716_component_1623a,129.415375,-40.856084,2.4830000400543213,14.60588264465332,129.41553436466907,-40.85590333393345,1.674912585260946,1.3994872477799976,1.4824654503789985
SB67716_component_1624a,129.675305,-41.662299,2.2279999256134033,12.731428146362305,129.67544476475078,-41.66217258485989,2.3968287781449438,0.8775311188527117,0.92956157149356
SB67716_component_1651a,126.224625,-42.329075,2.6070001125335693,14.64606761932373,126.2247694602422,-42.328916656591005,2.565525651855186,0.9592880917594958,1.0161660674288688
SB67716_component_1652a,128.205242,-39.818684,2.683000087738037,14.424731254577637,128.20544606984163,-39.81872024053085,3.0356198958727276,0.8343680414532201,0.8838392749322412
SB67716_component_1664a,130.993226,-40.694919,2.246999979019165,11.952128410339355,130.99293485288888,-40.695016622018265,2.135051890228942,0.9935254550050902,1.0524334276382477
SB67716_component_1666a,126.154246,-42.457551,2.5739998817443848,15.321428298950195,126.15415797209671,-42.457449050521134,2.3922828051498803,1.0157348857231838,1.0759596968231855
SB67716_component_1670a,125.346653,-40.626129,2.496999979019165,13.005208015441895,125.34647465667939,-40.62607548832209,2.498204394125715,0.9435717624205014,0.9995178876838973
SB67716_component_1671a,125.871752,-42.546061,2.5309998989105225,11.663594245910645,125.87217936684168,-42.54582357605605,2.6427390896475886,0.9041119386423082,0.9577184175408073
SB67716_component_1672a,124.530344,-40.574875,2.134999990463257,10.166666984558105,124.53055419796499,-40.575180780813476,2.292286799610235,0.8792518458996622,0.9313843236484535
SB67716_component_1678a,127.723574,-41.989569,2.378000020980835,13.906432151794434,127.72373788004533,-41.98949219403637,2.647667612510183,0.8478768075788022,0.8981490009338131
SB67716_component_1680a,129.165867,-40.248778,2.1549999713897705,11.462766647338867,129.16602877365088,-40.248495741420186,2.65291197154219,0.7668471255336953,0.8123149182884597
SB67716_component_1685a,128.568855,-42.295228,2.385999917984009,14.638035774230957,128.56885890080812,-42.29515117763733,1.6543488814895537,1.3615314797930411,1.4422592142932307
SB67716_component_1689a,129.866973,-41.594987,2.5980000495910645,15.19298267364502,129.86697248004117,-41.594908371027074,1.9554167969062004,1.254250198415235,1.3286170261509154
SB67716_component_1693a,129.603523,-40.600938,2.249000072479248,12.925288200378418,129.60374840147196,-40.60078040259998,2.206015327485893,0.962421482867243,1.0194852431249166
SB67716_component_1698a,126.418358,-42.370011,2.1050000190734863,12.993826866149902,126.41846272290945,-42.369910664173176,2.2019155983776324,0.9024762900446248,0.9559857882947225
SB67716_component_1701a,130.650191,-43.611029,2.318000078201294,11.418720245361328,130.6502189725176,-43.61084922150973,2.226312085593553,0.9829055044160762,1.0411838004209082
SB67716_component_1709a,128.124407,-40.275293,2.131999969482422,12.045197486877441,128.12442533411735,-40.27499460475706,1.8442144847343338,1.0913401429573721,1.1560477304187016
SB67716_component_1717a,129.398784,-40.093842,2.246999979019165,12.080644607543945,129.39863280046208,-40.093724729146885,2.1345819246901914,0.9937441970080664,1.0526651392615394
SB67716_component_1719a,128.469599,-42.466465,2.319000005722046,14.140243530273438,128.46950755098868,-42.466354272635904,1.9294490168969918,1.134623585683407,1.2018975289907083
SB67716_component_1723a,131.077486,-42.25148,2.5369999408721924,13.788043022155762,131.07720031579922,-42.25165811051378,1.9775146444664997,1.211114248543342,1.2829234655587758
SB67716_component_1725a,128.520462,-40.140152,2.1419999599456787,11.966480255126953,128.52053579823104,-40.14020026996839,2.153888537249024,0.938816249929,0.9944804120093745
SB67716_component_1729a,129.138837,-40.641164,2.0360000133514404,11.065217018127441,129.13888934139388,-40.64097954247045,2.3827592131906457,0.80664414129803,0.8544715731578788
SB67716_component_1739a,127.425836,-39.813506,2.3559999465942383,12.335078239440918,127.4257120579185,-39.81338289818289,2.585448300913993,0.8602482208786311,0.911253938344603
SB67716_component_1741a,129.973766,-41.511259,2.0409998893737793,12.999999046325684,129.97391481426374,-41.511332604303306,2.0466746433108614,0.9414094141197105,0.9972273297294082
SB67716_component_1757a,125.30489,-41.348571,2.302000045776367,13.229886054992676,125.30463465085182,-41.348187117894035,2.8720694674681733,0.7566495056099986,0.8015126625073099
SB67716_component_1759a,127.704553,-42.074917,2.3420000076293945,13.459770202636719,127.70464521393906,-42.07489616083663,2.5345750975062113,0.8723004437222456,0.9240207599031913
SB67716_component_1771a,130.387464,-40.029196,2.318000078201294,11.826531410217285,130.3872952448782,-40.028944395977206,2.0207785641335145,1.0828768883028186,1.1470826736502049
SB67716_component_1777a,127.328044,-41.976203,2.3540000915527344,14.621118545532227,127.32793743269877,-41.976280569778496,2.5277269675129825,0.8791453399285797,0.9312715027401962
SB67716_component_1785a,130.287338,-40.219949,2.1089999675750732,12.261627197265625,130.28757546815135,-40.219889760752416,2.00195409782906,0.9945046598800649,1.0534706913920229
SB67716_component_1786a,125.359164,-40.132984,2.0220000743865967,11.48863697052002,125.35915407649527,-40.13275654491343,1.9965025678169699,0.9560831382743354,1.012771086288913
SB67716_component_1793a,128.951001,-43.815076,2.0840001106262207,10.687180519104004,128.9511836524667,-43.81502658497232,2.041590017291817,0.9636372265258044,1.020773070486826
SB67716_component_1799a,127.039348,-43.125521,2.134000062942505,12.125,127.03935955322837,-43.12565549448064,2.794696008503628,0.7208488634512827,0.7635893336696461
SB67716_component_1801a,126.407658,-41.65937,2.127000093460083,13.129630088806152,126.40747032433572,-41.65956983691781,2.0421304808328067,0.9832600320359312,1.0415593486429258
SB67716_component_1804a,127.98399,-39.790214,2.065000057220459,10.811518669128418,127.98393945455857,-39.790442288644385,2.202592627096787,0.8850549832358615,0.9375315397937715
SB67716_component_1807a,128.605849,-43.633586,2.0250000953674316,11.98224925994873,128.6062839650412,-43.6332266250583,2.5669265612261287,0.7447250614652541,0.7888811958843738
SB67716_component_1824a,129.947245,-42.193517,2.2079999446868896,12.2666654586792,129.94746634756726,-42.193646082679,2.1250846778303214,0.9808603588115526,1.0390173943285985
SB67716_component_1825a,127.942849,-42.568654,2.2660000324249268,13.408284187316895,127.94247910015403,-42.56865342797376,2.4076237005449945,0.8884963881732175,0.9411769920324303
SB67716_component_1830a,125.80331,-39.937416,2.0969998836517334,11.649998664855957,125.80325588793794,-39.937255599682196,2.0341928594347642,0.9731743320582924,1.0308756487496575
SB67716_component_1832a,129.674954,-40.721168,2.052999973297119,12.220237731933594,129.67468586707423,-40.72111868794865,1.8763942958822797,1.032878421664821,1.0941197049055191
SB67716_component_1833a,129.506006,-41.321025,1.909999966621399,11.104650497436523,129.506258788672,-41.321038698924696,2.485096720579948,0.7255618311882831,0.7685817420320209
SB67716_component_1834a,126.81955,-42.684922,2.1459999084472656,12.623528480529785,126.81967133328416,-42.685376430100426,2.2267645530421634,0.9097870789613671,0.9637300474877065
SB67716_component_1837a,130.704871,-42.223226,2.0880000591278076,12.069364547729492,130.70509496373296,-42.22317519404582,2.4890251517348942,0.791927795319264,0.8388826676469842
SB67716_component_1840a,126.546626,-42.024805,1.9179999828338623,11.416666984558105,126.54651931381215,-42.02488574567417,2.304517147587499,0.7856932457976096,0.8322784600851137
SB67716_component_1842a,130.400108,-41.605122,2.1760001182556152,12.578036308288574,130.40042022113735,-41.60493136235681,1.7417751047012653,1.1793730530706523,1.2493002755535563
SB67716_component_1843a,127.140404,-40.371225,2.2130000591278076,13.017647743225098,127.14048031898193,-40.37103492528941,4.0944019816983515,0.5102409512847516,0.5404940865649588
SB67716_component_1846a,129.212897,-43.38179,2.125,11.87150764465332,129.21325920269686,-43.38178062182959,2.2859153751157146,0.8775727928668472,0.9296057164375261
SB67716_component_1850a,128.859179,-41.857217,2.0260000228881836,12.059524536132812,128.859311457922,-41.85727711330048,1.9954351866254685,0.9584869067020002,1.0153173786187484
SB67716_component_1868a,125.152183,-40.154707,2.246999979019165,11.348484992980957,125.15195663679775,-40.15475143245341,2.2197879164971854,0.9555995800024334,1.0122588569474331
SB67716_component_1873a,127.868694,-41.951797,2.0409998893737793,12.221556663513184,127.86900617755055,-41.951853821481535,2.0768256160167162,0.9277422052162501,0.9827497665828826
SB67716_component_1887a,130.435701,-39.826963,2.184999942779541,10.76354694366455,130.43554994789767,-39.826989060204454,1.8958172871331476,1.0880261053341063,1.152537197339146
SB67716_component_1924a,127.786466,-40.862809,2.002000093460083,11.707602500915527,127.7865728633369,-40.86289442198295,2.019279258439729,0.9359487613858933,0.9914429047357236
SB67716_component_1927a,131.515275,-41.720093,2.0799999237060547,10.097086906433105,131.51534636650513,-41.71997716598369,1.8769446248874795,1.0461554549422385,1.108183958187231
SB67716_component_1935a,128.159878,-41.887735,2.005000114440918,12.376543998718262,128.15971079026062,-41.88759835301542,1.850174351098957,1.0230246788251787,1.0836817153205038
SB67716_component_1959a,127.477972,-42.321861,1.9129999876022339,12.503268241882324,127.47810394325181,-42.32177547888906,1.9525204891370265,0.9249190662971579,0.9797592385049645
SB67716_component_1976a,127.237487,-42.573392,1.9420000314712524,11.841463088989258,127.23777012174136,-42.57350355012203,1.7222981145382277,1.064450012149414,1.1275632337273562
SB67716_component_2005a,126.85757,-42.307952,1.909999966621399,11.646341323852539,126.85794550066494,-42.307837463691655,1.9129442361945683,0.9425739094469815,0.9984608701511203
SB67716_component_2067a,127.10454,-41.658811,1.746999979019165,10.216373443603516,127.10442418086973,-41.658684062010465,1.7771590516092621,0.928006390030466,0.9830296154062366
SB67716_component_2068a,127.221009,-42.503178,2.000999927520752,11.5,127.22084167503107,-42.50321845578985,4.100575311314665,0.4606665147878155,0.48798028949728556
