Component_ID,RA,DEC,RA_comp,DEC_comp
SB67290_component_15a,147.048225,-29.029052,147.048097,-29.02893
