Component_ID,RA,DEC,RA_comp,DEC_comp
SB67231_component_14a,38.335052,34.714975,38.335084,34.714997
SB67231_component_36a,43.390069,32.289232,43.390209,32.289137
