Component_ID,RA,DEC,RA_comp,DEC_comp
SB67317_component_14a,74.887925,31.109798,74.887641,31.109525
SB67317_component_16a,77.274501,35.471393,77.274359,35.471468
