Component_ID,RA,DEC,RA_comp,DEC_comp
SB66381_component_7a,162.816311,46.737854,162.816233,46.738158
SB66381_component_10a,156.804357,48.053152,156.8045,48.05376
