Component_ID,RA,DEC,RA_comp,DEC_comp
SB66846_component_38a,150.292497,29.193633,150.292523,29.19376
