Component_ID,RA,DEC,RA_comp,DEC_comp
SB67276_component_18a,87.384719,-27.877631,87.384779,-27.87746
SB67276_component_32a,85.552868,-26.978584,85.552973,-26.978483
