Component_ID,RA,DEC,ASKAP_flux,ASKAP_flux_SNR,RA_comp,DEC_comp,Comp_flux,Flux_Ratio_AlphaCorr,Flux_Ratio_NOAlphaCorr
SB68161_component_6a,158.393308,-80.804699,904.6430053710938,480.937255859375,158.3924126435737,-80.80502432195381,731.944622378348,1.1667649385995542,1.2359446025186815
SB68161_component_7a,190.94158,-82.165346,467.4410095214844,1488.66552734375,190.9440355702074,-82.16579182366756,444.67539501867276,0.9923573175956724,1.0511960291885627
SB68161_component_11a,178.94146,-81.021091,372.7139892578125,2231.8203125,178.94118370059576,-81.02126064512682,334.939373359373,1.050494674274547,1.112780457906659
SB68161_component_14a,183.299096,-80.621138,240.30999755859375,873.8544921875,183.29937190832678,-80.62129409501593,221.84160041832777,1.022617485006073,1.0832503782222993
SB68161_component_19a,170.612571,-80.744357,195.656005859375,822.0840454101562,170.61249259143875,-80.74445562050792,187.42084961626054,0.9855068472056838,1.0439393816641838
SB68161_component_21a,192.328258,-84.368071,211.54100036621094,979.3564453125,192.3289143800675,-84.36823138366981,193.78232756937592,1.030539755938425,1.091642375337231
SB68161_component_24a,198.506289,-80.05227,173.61099243164062,288.3903503417969,198.50734693332495,-80.0525426050573,148.7725289760823,1.1016378244069558,1.166955980559768
SB68161_component_25a,199.683117,-81.812428,171.46299743652344,625.7774047851562,199.68598987197558,-81.8126124141915,164.4470501272776,0.9843027284085811,1.0426638684233964
SB68161_component_26a,173.231916,-80.988004,181.11399841308594,1034.9371337890625,173.23204887287017,-80.98796722757614,172.62904878133426,0.9904270790902502,1.0491513432510389
SB68161_component_27a,204.812569,-83.428325,175.98500061035156,630.7705688476562,204.81317997244486,-83.42839118309205,155.55501566122484,1.068011674216483,1.131336073364681
SB68161_component_29a,177.282986,-81.205123,164.62899780273438,889.886474609375,177.2829831258224,-81.2053768924053,155.43829586234145,0.9998449856922008,1.0591276550569775
SB68161_component_30a,169.30981,-81.127245,160.18800354003906,773.8551025390625,169.30996351025442,-81.12716185126473,156.05151869218776,0.9690503749667811,1.0265071745697685
SB68161_component_31a,163.348154,-81.604951,142.39300537109375,632.8577880859375,163.34935113650351,-81.6049059169366,132.66923605081885,1.0132177582059232,1.0732933241324327
SB68161_component_33a,194.676146,-84.709203,138.59500122070312,632.8538818359375,194.67603725528008,-84.70929876473866,126.51421284169444,1.0341716155951295,1.0954895747098803
SB68161_component_34a,200.613755,-84.325699,129.0330047607422,668.5647583007812,200.61292164063573,-84.32573201251365,125.37116111141574,0.9716000476962754,1.0292080221389368
SB68161_component_37a,190.062,-83.300182,114.51599884033203,650.6590576171875,190.0612201722148,-83.30022191736562,108.23268965860855,0.9988311527134828,1.0580537100347642
SB68161_component_38a,195.765185,-79.96369,118.78299713134766,223.27630615234375,195.7646968038871,-79.96395810498123,105.20196899413963,1.0658958607801634,1.129094809413354
SB68161_component_40a,157.670975,-81.348632,113.22100067138672,209.66851806640625,157.6705332399559,-81.34879450413509,107.25602337845058,0.9965283600216094,1.0556143804799554
SB68161_component_41a,184.941985,-80.234958,102.31600189208984,178.56195068359375,184.9418467969905,-80.2350771285699,88.1734116756949,1.0954442520425396,1.1603951797670247
SB68161_component_42a,188.127784,-84.747513,103.26200103759766,564.2732543945312,188.1279655301668,-84.74765611989463,86.37699906542441,1.128565552040117,1.19548030326203
SB68161_component_49a,205.636216,-85.254995,95.9000015258789,177.92208862304688,205.63750688578887,-85.25567199984773,96.44708758730282,0.9386719951807805,0.9943276041287541
SB68161_component_50a,148.675459,-83.626258,84.9209976196289,86.83128356933594,148.67591246288586,-83.62663698824247,59.79850780419365,1.3406305302969896,1.420119008616356
SB68161_component_54a,205.746898,-83.202511,87.14099884033203,226.3402557373047,205.7483903927686,-83.20275519765516,70.504811541436,1.1667777599409135,1.2359581840612235
SB68161_component_56a,182.790574,-84.785348,87.37200164794922,496.43182373046875,182.79017396152923,-84.78556513298486,81.33244192457191,1.014128150901785,1.0742576957049736
SB68161_component_57a,165.119334,-82.594197,89.6709976196289,492.6977844238281,165.11919797653945,-82.59431665726312,85.52480750797672,0.9897927328899273,1.0484793854843284
SB68161_component_59a,198.303806,-80.705272,81.2300033569336,284.0209655761719,198.3053322484265,-80.70543794766951,71.14120065194024,1.0779029127022293,1.1418137817824165
SB68161_component_61a,152.982277,-82.878695,76.52400207519531,161.10316467285156,152.98162080388846,-82.87911827040716,69.26576551242394,1.0429497907063596,1.1047882241548241
SB68161_component_62a,161.574113,-81.960073,75.56900024414062,287.3345947265625,161.57421499728306,-81.9602612399492,75.25591805847027,0.9479542616292209,1.0041602334241289
SB68161_component_64a,198.087322,-83.404613,77.45999908447266,370.6219787597656,198.08704350971198,-83.4047125902715,74.15480071421763,0.9861036815576529,1.0445716034352626
SB68161_component_65a,179.075834,-80.979418,77.60299682617188,467.4879455566406,179.07558489667687,-80.97961253620701,72.18393200636982,1.0148978265175195,1.0750730068199092
SB68161_component_68a,161.085632,-81.109271,65.80599975585938,241.93380737304688,161.08558136359844,-81.10950921353795,59.84058440275775,1.0381354706692492,1.0996884541259044
SB68161_component_71a,161.726625,-84.513825,61.04800033569336,369.98785400390625,161.7274279506187,-84.51380106175478,57.25181302566396,1.006622337633379,1.0663068488036826
SB68161_component_77a,197.769267,-82.574387,59.57500076293945,300.88385009765625,197.7720658865367,-82.57462771113599,43.241407560656356,1.3006145227345436,1.377730377517692
SB68161_component_78a,207.709524,-84.323921,61.01599884033203,161.8461456298828,207.71225390900378,-84.32405106162095,57.74653348738251,0.9974753480588785,1.0566175171997796
SB68161_component_79a,159.706107,-80.717333,58.801998138427734,66.82044982910156,159.70538260007632,-80.71785579580433,47.67982108667787,1.164238164670023,1.2332680114619283
SB68161_component_80a,144.749409,-84.127403,58.1609992980957,72.61048889160156,144.74788048887783,-84.12758767230275,42.36667745496404,1.2959606594300268,1.3728005779995633
SB68161_component_81a,192.310273,-83.205161,56.98899841308594,252.16371154785156,192.30968165629793,-83.20522188325127,52.038531029273905,1.033832927994602,1.0951308056914055
SB68161_component_82a,185.137765,-82.652056,53.551998138427734,345.49676513671875,185.14009556211417,-82.6526623661313,51.247703238042874,0.9864739886882357,1.044963866764556
SB68161_component_83a,194.303016,-83.312868,53.78200149536133,297.1381530761719,194.3032285386119,-83.3129760948098,52.50439017860574,0.9669982910996917,1.0243334188323967
SB68161_component_84a,207.849905,-83.090635,53.35900115966797,67.11824035644531,207.85212741648434,-83.09079132434692,39.15204653080546,1.286582346268545,1.3628662072028406
SB68161_component_85a,166.937892,-82.349684,52.821998596191406,301.8399963378906,166.9376271377672,-82.34971254477963,50.367124937778456,0.9900383849349421,1.0487396026961158
SB68161_component_86a,179.812155,-81.74151,53.6879997253418,321.48504638671875,179.81143693483887,-81.74157968024991,51.54848872276759,0.983208560234808,1.0415048249829533
SB68161_component_91a,172.198147,-83.537404,50.45899963378906,257.4438781738281,172.19826396647892,-83.53759758928783,47.966634721339375,0.9930788921046766,1.0519603871926602
SB68161_component_94a,161.300218,-84.408477,53.084999084472656,282.3670349121094,161.3012118174545,-84.40859439926173,48.610920363181066,1.0309137573547649,1.0920385519933573
SB68161_component_96a,196.763881,-83.619896,48.14799880981445,260.25946044921875,196.76439591554055,-83.62004700786,46.75809663627091,0.9720884470844084,1.0297253796354358
SB68161_component_98a,204.039412,-82.295987,52.72700119018555,105.87751007080078,204.0398764054494,-82.29611553720483,48.84056654362212,1.019146796281806,1.0795739059065224
SB68161_component_100a,164.57666,-82.675509,46.62900161743164,266.4514465332031,164.57641515289941,-82.67565933847304,44.289027096510885,0.9939037779562001,1.0528341820609806
SB68161_component_101a,186.062506,-80.661108,50.79199981689453,227.76681518554688,186.06259235928343,-80.66116828748841,42.859943350163874,1.118737213494341,1.185069224238728
SB68161_component_105a,163.902587,-80.457955,45.874000549316406,119.15325164794922,163.90258842846765,-80.45829850982922,40.82628836434574,1.060745215360117,1.123638772643827
SB68161_component_107a,199.328692,-84.368857,49.665000915527344,253.3928680419922,199.32829871483028,-84.36897770780419,47.49842164565458,0.9870874589608621,1.0456137108309782
SB68161_component_110a,159.028608,-84.170301,46.65700149536133,248.17555236816406,159.02876754326584,-84.17034095183715,44.241903575222366,0.9955598749498686,1.0545884721264918
SB68161_component_111a,168.022131,-80.197281,47.71799850463867,116.669921875,168.02151317682157,-80.19765661150565,44.74500262035059,1.006750945562502,1.066443082136192
SB68161_component_115a,199.265359,-81.740639,43.86399841308594,165.5245361328125,199.2673866287422,-81.74081801190057,42.574587460909754,0.9726176211815952,1.0302859294493474
SB68161_component_116a,209.231399,-84.323693,43.11399841308594,91.7319107055664,209.23363213186656,-84.32373753113862,41.292029843863695,0.9856811100316566,1.044123976857316
SB68161_component_117a,200.28231,-84.261467,42.88999938964844,230.5913848876953,200.28136129770616,-84.26149847135561,41.30759765303051,0.9801904494841195,1.0383077648308079
SB68161_component_118a,179.436639,-80.594453,44.07699966430664,184.42259216308594,179.43669570589657,-80.59473782147616,40.487221846019146,1.02772852743265,1.0886644638631944
SB68161_component_124a,181.682214,-85.8785,43.678001403808594,55.35868453979492,181.68255728148046,-85.8787732760002,41.97760258317834,0.9822668581228937,1.0405072876008326
SB68161_component_131a,199.369067,-80.512014,42.0359992980957,103.79258728027344,199.37128223367893,-80.512211878255,36.476782204318624,1.087900611363411,1.152404262597453
SB68161_component_133a,201.165525,-81.407085,40.84700012207031,42.50468063354492,201.1660790877834,-81.40721125159206,40.410017420448995,0.9542353339219308,1.010813722178704
SB68161_component_137a,160.009863,-80.842718,37.0369987487793,68.58702850341797,160.00932466946043,-80.84315464940278,32.97416349799781,1.0603429780421296,1.1232126859269131
SB68161_component_138a,194.493338,-84.555602,37.3849983215332,205.41207885742188,194.49325583622587,-84.55571158181286,34.00529483585924,1.037851424210609,1.099387566024277
SB68161_component_143a,177.490423,-80.723963,39.1870002746582,200.958984375,177.49030642149117,-80.72429357032794,37.16754249167733,0.9953195582651813,1.0543339066184716
SB68161_component_144a,161.530798,-83.413795,36.66999816894531,185.20201110839844,161.5305987216454,-83.41397209182853,38.03136103544248,0.9102346948314982,0.9642042033355452
SB68161_component_146a,196.034138,-84.873411,36.96799850463867,181.21568298339844,196.03415282654905,-84.8735644908133,27.69217525365729,1.2602399167418739,1.3349618860207209
SB68161_component_154a,192.498545,-85.02374,38.15299987792969,171.0896759033203,192.49867451999614,-85.02393848010891,32.19608636165644,1.1186905573511023,1.1850198017659552
SB68161_component_155a,204.608544,-81.741466,33.82099914550781,42.11830520629883,204.60916956021103,-81.74141361482164,26.468696658606493,1.206252541706141,1.2777734990782277
SB68161_component_156a,163.174015,-82.080183,35.48099899291992,179.19696044921875,163.17402241356316,-82.08028197125309,33.2722511019744,1.0066952491374972,1.0663840833665281
SB68161_component_157a,195.840536,-79.764098,37.95899963378906,42.65056228637695,195.84000543010123,-79.76457300349385,30.724309565805246,1.1663180346713682,1.2354712008251505
SB68161_component_159a,178.653228,-83.816958,40.0890007019043,189.99526977539062,178.65334590315814,-83.81714631522604,33.7748422369684,1.1205113666164013,1.186948570200121
SB68161_component_160a,195.031299,-82.16115,33.74700164794922,189.5898895263672,195.03490809620175,-82.16151108870119,32.163465757628,0.9905051039188132,1.0492339943168487
SB68161_component_162a,182.490017,-80.968385,36.16400146484375,220.51219177246094,182.48967243779097,-80.96848680150845,33.72414593172496,1.0123248155969318,1.072347437294878
SB68161_component_164a,198.881553,-82.385497,38.09000015258789,189.5024871826172,198.88561848813652,-82.3856974627776,35.456208895517655,1.0141519773774603,1.0742829348967198
SB68161_component_165a,183.725245,-83.105981,34.06100082397461,180.21693420410156,183.72544593426315,-83.10625218110208,31.291252802763964,1.0275875133778294,1.0885150888227138
SB68161_component_168a,195.304657,-80.743053,35.56399917602539,195.40658569335938,195.30401213011382,-80.74313558519378,34.15520600582762,0.9829649837689954,1.0412468064153206
SB68161_component_178a,165.180066,-83.001522,32.17900085449219,191.5416717529297,165.18022786253948,-83.001880812847,29.009365109288463,1.0471736270878005,1.1092624996535634
SB68161_component_180a,170.923734,-85.815664,35.34400177001953,47.000003814697266,170.92443694891867,-85.8159551842632,34.21924184874274,0.9750563205859228,1.0328692238784396
SB68161_component_181a,194.601624,-80.221584,31.402999877929688,117.17536926269531,194.60046274274254,-80.22182563185254,35.84962638250509,0.8269340376554419,0.8759644952186895
SB68161_component_182a,202.698836,-84.535724,30.801000595092773,157.953857421875,202.698151492833,-84.53586204720436,30.63420966628758,0.9491667354656369,1.0054445970900547
SB68161_component_183a,188.81823,-81.765347,31.573999404907227,192.52438354492188,188.8167214472727,-81.76536754346647,28.900394807288993,1.0313597666475376,1.0925110060068772
SB68161_component_184a,179.781566,-82.986242,34.52000045776367,205.4761962890625,179.7814952530883,-82.9864585530981,32.16473255399769,1.0131534157757358,1.0732251667198536
SB68161_component_185a,183.966019,-80.55424,35.78200149536133,154.23277282714844,183.96606347452797,-80.55435745663996,32.058856184588485,1.053661159152352,1.1161346895639606
SB68161_component_188a,151.968771,-84.035801,30.555999755859375,130.58119201660156,151.96962952080446,-84.03580529633427,19.25220508177435,1.49830553330554,1.5871428558999763
SB68161_component_190a,165.075164,-82.427252,32.30400085449219,208.41290283203125,165.07488573635234,-82.42725869199849,29.452198151248776,1.0354352936774327,1.0968281786166951
SB68161_component_192a,171.746924,-85.077029,30.827999114990234,163.97872924804688,171.74630236497583,-85.0770850336298,27.28160193231245,1.0667430814173873,1.1299922633383714
SB68161_component_193a,197.069132,-83.296037,29.642000198364258,151.2346954345703,197.0690018823666,-83.2960677803224,27.896037713599686,1.0031118229213154,1.0625881891431983
SB68161_component_194a,190.394295,-84.471374,29.76799964904785,166.30166625976562,190.3944545164934,-84.4714880325704,26.646712707363786,1.0546063381732311,1.1171359100074472
SB68161_component_195a,185.416078,-81.625618,30.510000228881836,198.11688232421875,185.41524710507088,-81.6257184914286,28.06397674431858,1.0263071721586805,1.0871588337906688
SB68161_component_196a,203.088314,-82.326743,30.625999450683594,87.50285339355469,203.08910839169573,-82.32689381686988,30.271572851436066,0.9550797752865551,1.011708232042879
SB68161_component_198a,167.27357,-82.834369,29.527000427246094,169.69540405273438,167.27369959303758,-82.83474621504833,19.59729960920061,1.4223532283944167,1.5066871975250942
SB68161_component_202a,168.983439,-83.229586,33.27199935913086,205.38270568847656,168.98288513230665,-83.22985432713934,32.83467509909468,0.9566003611937193,1.0133189763174553
SB68161_component_205a,193.207669,-84.286583,28.999000549316406,153.43386840820312,193.2081229059047,-84.28674220218332,25.109987309616834,1.0902369621709587,1.1548791399910476
SB68161_component_207a,169.58287,-85.411266,29.75200080871582,96.59740447998047,169.58359816250237,-85.41158569504492,26.333312492949464,1.0665839622232938,1.1298237096712267
SB68161_component_208a,165.574158,-82.228966,28.91200065612793,179.57765197753906,165.5739856872302,-82.22898811598446,28.06011785236153,0.9726867930365867,1.030359202632312
SB68161_component_210a,174.599649,-80.26869,29.250999450683594,50.173240661621094,174.5995593830707,-80.26957802510864,28.811222602622838,0.9584365927278183,1.0152640814354308
SB68161_component_211a,194.511626,-81.522281,29.35099983215332,155.29629516601562,194.50829000079105,-81.52237034922506,27.64930718350168,1.0021275719043226,1.0615455800522569
SB68161_component_213a,147.3998,-84.773144,32.70199966430664,72.50997924804688,147.39838719432072,-84.77336206679685,30.712109082336998,1.005192021747448,1.0647917268278413
SB68161_component_215a,188.805952,-80.945499,31.423999786376953,196.40000915527344,188.805354855979,-80.94552150896467,30.380221614957037,0.9764609734304377,1.0343571612033942
SB68161_component_216a,206.232918,-84.352568,27.486000061035156,96.44210815429688,206.2351207058566,-84.35260445139589,20.374124691710872,1.2735527799393378,1.3490640936450988
SB68161_component_220a,183.853053,-81.992825,27.697999954223633,155.6067352294922,183.85227853672765,-81.99291756391855,26.068687778074217,1.0030292649280717,1.06250073613294
SB68161_component_221a,167.928124,-83.236979,26.95599937438965,161.41317749023438,167.92833432011975,-83.23733733454567,26.55112395754279,0.9584222604305404,1.0152488993495825
SB68161_component_224a,204.23436,-84.874435,29.018999099731445,113.35546112060547,204.23567484932607,-84.87500342300541,26.481952581153067,1.0344673554557131,1.0958028495370076
SB68161_component_229a,170.600828,-82.92438,26.551000595092773,166.9874267578125,170.60205752064653,-82.92470987661224,26.50001159120587,0.945843303360772,1.0019241125126084
SB68161_component_231a,165.381829,-85.169174,26.20599937438965,98.51879119873047,165.38302124879593,-85.16949897813363,29.67431545974989,0.833689596205101,0.8831206034031467
SB68161_component_232a,202.776323,-82.155001,26.316999435424805,91.69686126708984,202.77742529901934,-82.1550147763123,25.369450094518527,0.9792863078657355,1.0373500149737582
SB68161_component_234a,165.274713,-83.495597,28.211000442504883,180.83973693847656,165.2748349784238,-83.4957963835223,25.839328183739024,1.030674745315524,1.0917853684856396
SB68161_component_235a,166.547536,-82.828707,24.92300033569336,159.7628173828125,166.54756507516356,-82.828939628552,28.56178337371099,0.823757472488226,0.8725995855928639
SB68161_component_237a,165.539391,-82.692297,24.562999725341797,125.3214340209961,165.5392316663399,-82.69252674173434,23.00562802450851,1.007933024067213,1.0676952482746473
SB68161_component_239a,151.928569,-82.968435,23.785999298095703,37.39937210083008,151.92816084104834,-82.96880150854203,26.154567009866554,0.858535448911605,0.909439612941123
SB68161_component_243a,193.787564,-79.958897,24.049999237060547,36.43939208984375,193.78684327037357,-79.959198049766,19.21295571591127,1.18169459742666,1.2517594685935525
SB68161_component_244a,192.878231,-80.56739,23.277999877929688,110.32227325439453,192.87724323433963,-80.56752821709719,21.052977534307317,1.0437980936735816,1.1056868245831992
SB68161_component_245a,212.24307,-84.935915,24.26300048828125,69.52149200439453,212.2448971408054,-84.93672615263341,25.297693400834138,0.9054155458285862,0.9590993180224577
SB68161_component_246a,198.688362,-83.671033,24.007999420166016,138.77456665039062,198.6882556507183,-83.67109285277817,21.738299899617367,1.0425928944880452,1.1044101668957378
SB68161_component_249a,171.070184,-84.157485,23.707000732421875,152.94839477539062,171.06931887298134,-84.15757230492869,19.50091022977488,1.1476411046963642,1.2156868809244064
SB68161_component_251a,175.880783,-85.545136,24.43000030517578,62.641029357910156,175.87956381576862,-85.54538237861176,22.646408106409222,1.0183768255005767,1.0787582821251809
SB68161_component_255a,179.232451,-80.249196,25.756999969482422,51.10515594482422,179.23259808869145,-80.24971714679208,22.59938031454005,1.075927756571973,1.139721514970515
SB68161_component_256a,183.703006,-80.326116,22.07200050354004,51.57009506225586,183.70260952784642,-80.32634328352582,19.656415794369632,1.0600387271210916,1.1228903954027227
SB68161_component_257a,180.710514,-83.732469,22.788999557495117,146.0833282470703,180.7099788593983,-83.73263614050845,21.294387723379984,1.0102863085103686,1.070188063330609
SB68161_component_260a,161.843285,-85.153951,22.298999786376953,95.29486846923828,161.84414325685236,-85.15440558471454,20.151135289249993,1.0446486067974274,1.106587766212496
SB68161_component_262a,145.626749,-83.837639,23.753999710083008,34.476051330566406,145.6268958321054,-83.8381140546922,15.744721000884164,1.4242497187540588,1.5086961343264877
SB68161_component_264a,179.745235,-85.003832,23.062000274658203,132.5402374267578,179.74492264420414,-85.00401430489853,20.795686693229555,1.0469069237305078,1.108979982958028
SB68161_component_265a,201.4333,-83.191593,24.086000442504883,117.49268341064453,201.43335398772683,-83.19166913772636,20.6531060341219,1.1009400735421826,1.1662168587480908
SB68161_component_267a,162.200044,-83.384114,22.038000106811523,125.93143463134766,162.19934298403294,-83.38427228992423,20.779327939397437,1.0012096998680629,1.0605732856753107
SB68161_component_271a,195.315774,-81.716387,21.118999481201172,110.5706787109375,195.31525741007866,-81.71655591979614,20.68501842182704,0.9638330013119634,1.0209804531242859
SB68161_component_272a,160.060889,-82.604893,21.167999267578125,110.82722473144531,160.06113575366476,-82.60509316349244,19.04938633227043,1.049018595930607,1.111216860131535
SB68161_component_275a,162.469373,-81.288767,22.40399932861328,117.91578674316406,162.47070945237084,-81.28879121596096,20.820525882810763,1.0158234194271534,1.076053479855176
SB68161_component_276a,211.246077,-84.418243,21.993999481201172,23.803030014038086,211.2491590864275,-84.41835828207884,18.190789834936368,1.1413977680100953,1.2090733651905834
SB68161_component_279a,159.183532,-84.304133,23.583999633789062,120.32653045654297,159.1833771996376,-84.30405632988813,23.847919809561382,0.9335795319649113,0.9889331992945353
SB68161_component_281a,181.429535,-83.703755,21.152999877929688,123.70175170898438,181.4282731620184,-83.70387660157282,21.377370568558923,0.9341186565683083,0.9895042895986828
SB68161_component_282a,183.043742,-80.697047,20.81999969482422,102.05882263183594,183.04323266897234,-80.69717096804514,18.350255788336757,1.0710825928610341,1.1345890724889627
SB68161_component_283a,202.921192,-82.646063,21.01099967956543,48.412445068359375,202.92203961735413,-82.64629534890565,22.281483530224676,0.8901987448008873,0.9429802845517066
SB68161_component_285a,155.9594,-81.384973,20.695999145507812,33.06070327758789,155.9582404459329,-81.38482064299826,23.11422059242868,0.8452623188591663,0.8953794943138605
SB68161_component_286a,201.51908,-81.848361,20.517000198364258,68.16278839111328,201.52054219964077,-81.84830942935291,18.73537169758662,1.0337985383974957,1.0950943770711066
SB68161_component_287a,187.639181,-83.912456,21.267000198364258,131.27777099609375,187.63986828183823,-83.91244064406419,19.589592627278954,1.0248615387948223,1.0856274861351367
SB68161_component_288a,166.298907,-84.744555,20.388999938964844,121.36309814453125,166.29858483987223,-84.7442188698045,19.766635450168582,0.9737501477728783,1.0314856056492383
SB68161_component_291a,160.157572,-80.782183,20.523000717163086,30.95475196838379,160.15867506629687,-80.78258016015295,17.257305923747683,1.122670283183341,1.189235492946874
SB68161_component_292a,189.930982,-81.458981,21.722000122070312,127.02923583984375,189.92913551530683,-81.4589250377764,20.32955471405551,1.008686736893332,1.0684936501364728
SB68161_component_296a,194.079818,-81.779739,20.000999450683594,121.21817016601562,194.0784623690838,-81.77988779429299,16.69629005982959,1.1308788496649438,1.1979307606068108
SB68161_component_299a,181.346878,-80.484951,20.165000915527344,62.04615783691406,181.3467508405526,-80.4851836967276,18.8069223120759,1.0121966142766678,1.0722116346798234
SB68161_component_301a,188.382239,-81.264157,22.0310001373291,130.36094665527344,188.38133304393702,-81.26390223763785,21.462243415804377,0.9690439217986208,1.026500338781262
SB68161_component_303a,166.795222,-80.196607,19.768999099731445,50.68974304199219,166.79439637200034,-80.19684337426807,16.907068903057294,1.1038262654448678,1.1692741783383063
SB68161_component_305a,205.654094,-82.858075,19.422000885009766,19.422000885009766,205.65683840583637,-82.85832695315911,18.217335087775513,1.0064529742283448,1.0661274435272712
SB68161_component_307a,188.731861,-80.077987,19.187999725341797,30.217323303222656,188.73186869098114,-80.07831413914221,15.934055028994008,1.1368096609284672,1.2042132207041352
SB68161_component_308a,177.169496,-84.149307,18.514999389648438,93.98477172851562,177.16918445876797,-84.14946083886483,17.81887070480053,0.9809071276632833,1.0390669361925593
SB68161_component_310a,162.504751,-81.924476,20.857999801635742,92.29203796386719,162.5055355499697,-81.92457803441714,20.507903071795813,0.9601426632031204,1.0170713080032747
SB68161_component_313a,189.188781,-82.01968,18.229000091552734,90.69154357910156,189.18919821969757,-82.01984715162352,17.063202768883247,1.0085249813051762,1.0683223037585567
SB68161_component_315a,162.206397,-84.735882,17.992000579833984,119.15232849121094,162.20793982230143,-84.73586681018149,17.36216966121451,0.9782724551757779,1.0362760490715892
SB68161_component_316a,171.078664,-80.098374,17.18400001525879,25.382570266723633,171.0784596501636,-80.09943304830314,18.639048488573234,0.8703318783671737,0.921935474645797
SB68161_component_317a,153.203287,-84.435411,18.05299949645996,93.53885650634766,153.20356744309623,-84.43550196636664,16.84288889759459,1.0118523646859938,1.0718469738904584
SB68161_component_322a,204.408924,-85.099134,18.298999786376953,51.114524841308594,204.4101715695113,-85.09990293719233,16.675409019371607,1.0359414769131692,1.0973643743982078
SB68161_component_326a,178.149139,-84.301517,17.288999557495117,102.30177307128906,178.14955811777236,-84.30171747840866,15.911582021876814,1.0257484422883636,1.086566975786851
SB68161_component_328a,185.224213,-82.436145,16.792999267578125,109.75816345214844,185.22685882545198,-82.43675506730979,16.30641979260874,0.9721964149133661,1.029839749077841
SB68161_component_329a,164.038175,-81.808874,17.174999237060547,85.02474212646484,164.03796409015305,-81.80889104954727,18.174342907533052,0.8921181463276804,0.9450134909659765
SB68161_component_332a,209.998648,-84.86837,17.231000900268555,28.528148651123047,209.99965659640384,-84.8691257961207,16.38575531966103,0.9927237325333497,1.051584169549592
SB68161_component_333a,208.104997,-84.728827,17.28499984741211,45.48684310913086,208.10521543489355,-84.72918621811101,15.146210726838731,1.0773324717119663,1.141209518284563
SB68161_component_334a,178.13748,-82.056684,18.125999450683594,113.2874984741211,178.137675602764,-82.05703937647793,17.30464147536037,0.9888347529910939,1.0474646051750183
SB68161_component_335a,195.091999,-82.115307,16.584999084472656,94.23294830322266,195.09533940409727,-82.11563959715278,19.99273380763606,0.7831187694107512,0.8295513382035904
SB68161_component_337a,164.999947,-83.194224,16.71299934387207,101.29090118408203,164.99963602137572,-83.19461071457465,13.723697139343024,1.149655273146938,1.2178204731696776
SB68161_component_339a,177.927024,-82.776285,16.48200035095215,98.10714721679688,177.92697131924123,-82.77638930148056,15.781272149434214,0.9859440592140039,1.044402516785889
SB68161_component_340a,160.774146,-85.07908,16.716999053955078,70.23948669433594,160.77424737336983,-85.07948104995772,16.015817635045845,0.9853569125720311,1.0437805571271557
SB68161_component_343a,208.168822,-84.641948,18.249000549316406,47.033504486083984,208.1697814874618,-84.64228691770944,15.318080802349858,1.1246544162883025,1.1913372689950124
SB68161_component_344a,200.713822,-80.433197,16.113000869750977,23.217580795288086,200.71582745219098,-80.43342978321085,13.56394273684291,1.121436914417561,1.1879289954523486
SB68161_component_346a,202.994326,-82.987291,15.871000289916992,45.6063232421875,202.99596640595357,-82.9875281859682,16.91012470874229,0.8860165902726634,0.9385501623008087
SB68161_component_348a,193.752168,-83.993891,16.72800064086914,96.137939453125,193.75314049509072,-83.99406725386645,15.834408906026866,0.9973016678284672,1.0564335391453834
SB68161_component_350a,171.833902,-80.753806,16.13800048828125,86.76344299316406,171.83320807564266,-80.75392508086915,19.215611312040057,0.7928296505827777,0.8398379955869295
SB68161_component_352a,163.013197,-81.334996,16.454999923706055,86.60526275634766,163.01488183788015,-81.3351081207877,14.832364077884032,1.0473018536802428,1.1093983290392306
SB68161_component_353a,168.18433,-82.194035,15.829999923706055,97.71604919433594,168.18393807640473,-82.19418566257278,14.627796067960956,1.0216129291054348,1.0821862603333845
SB68161_component_354a,186.49278,-81.733126,16.034000396728516,80.57286834716797,186.4919440602019,-81.73325262217209,13.47352791244893,1.123427183859305,1.190037271672093
SB68161_component_355a,163.514835,-84.881237,15.718000411987305,83.16402435302734,163.51587083682267,-84.88133977401208,14.687392545051193,1.0102688405153861,1.0701695596257055
SB68161_component_357a,168.684729,-82.045309,15.79800033569336,92.3859634399414,168.68440594440594,-82.04533210253715,14.393288869278642,1.0361590913140584,1.0975948915617866
SB68161_component_358a,170.968729,-83.585144,15.918000221252441,92.5465087890625,170.96828315158658,-83.58533868128474,14.985081193047934,1.0027987196677985,1.0622565214152673
SB68161_component_359a,169.430282,-81.964602,16.415000915527344,94.3390884399414,169.4301176456316,-81.964704242205,13.7804686845748,1.1245047326513242,1.1911787103367184
SB68161_component_363a,180.870638,-80.506846,15.057999610900879,52.65034484863281,180.870574107097,-80.50703691805624,14.568857055836132,0.9757221502650832,1.033574531838021
SB68161_component_364a,194.450074,-82.603501,15.187000274658203,87.2816162109375,194.45358314334212,-82.60385922277082,14.252796325121738,1.0059034242630513,1.0655453097221248
SB68161_component_365a,175.060864,-82.842871,16.59600067138672,95.9306411743164,175.06052449706357,-82.84315064249641,16.110287340002092,0.9724886068024472,1.0301492655676348
SB68161_component_366a,206.900394,-83.40568,14.668000221252441,45.837501525878906,206.9020117466778,-83.40574790190877,16.46110143465936,0.8411944168929029,0.8910703988718831
SB68161_component_368a,180.5881,-84.817164,15.434000015258789,87.19773864746094,180.5885060155909,-84.81727266913059,12.859071428440755,1.1330608984209454,1.2002421870931517
SB68161_component_369a,180.052159,-81.428402,15.395000457763672,99.96753692626953,180.0512249523295,-81.4285015113055,15.231337346038963,0.9541706065880807,1.0107451570408077
SB68161_component_371a,192.114157,-85.167467,14.619000434875488,34.724464416503906,192.11472369755415,-85.16776438808012,14.971713314173714,0.9217869202560032,0.9764413816978239
SB68161_component_374a,209.225104,-83.57267,15.119000434875488,32.44420623779297,209.22878250274255,-83.57282111766388,14.574285268760296,0.9793099756409083,1.037375086055354
SB68161_component_379a,172.488314,-81.877201,15.74899959564209,70.30802917480469,172.48908849023144,-81.87725637170593,15.064114149156314,0.986946789727809,1.045464701057389
SB68161_component_383a,184.651048,-80.655237,14.708000183105469,61.029048919677734,184.65104693821908,-80.65538424297253,13.807919889689623,1.0055640366711285,1.0651857992084626
SB68161_component_385a,201.674419,-82.765,14.375,48.728816986083984,201.6757385852864,-82.76531810573331,13.845441417659302,0.9801339029876764,1.0382478655873888
SB68161_component_387a,189.971683,-85.446465,14.47599983215332,40.09972381591797,189.97260101106107,-85.44684590563483,14.601570519136892,0.935908440447961,0.9914001930943662
SB68161_component_388a,193.520919,-85.256753,13.642999649047852,40.126468658447266,193.51746756435935,-85.25667422131471,12.90844767042646,0.9977465028911028,1.0569047493064767
SB68161_component_389a,169.528834,-81.605292,14.590999603271484,86.33727264404297,169.52879487839198,-81.60534413192202,11.493585519682942,1.1984333300760892,1.2694906718433663
SB68161_component_394a,176.477718,-82.937139,13.583999633789062,78.06896209716797,176.47832013210396,-82.93741715064427,13.708271312374444,0.9354688587513555,0.9909345477811486
SB68161_component_398a,160.288151,-83.340776,13.857999801635742,77.85392761230469,160.28801203135785,-83.3409646018574,11.987450523935303,1.0913350107322422,1.1560422938943955
SB68161_component_399a,207.46878,-83.197857,13.630999565124512,28.696842193603516,207.47304823280584,-83.19791222386884,9.7552346791172,1.3190897546081872,1.3973010402613963
SB68161_component_400a,169.474405,-83.861395,15.574000358581543,88.9942855834961,169.47452296083839,-83.86147817794816,14.040535234279968,1.047130673358946,1.1092169991182117
SB68161_component_404a,199.197154,-80.093957,13.722999572753906,21.956798553466797,199.19925444208607,-80.09437375038691,10.893168704382175,1.189266498263131,1.2597803215177719
SB68161_component_408a,187.014209,-82.447481,13.541000366210938,86.24840545654297,187.01718414777443,-82.44808420086184,12.399100667103697,1.030967390170254,1.092095364798258
SB68161_component_409a,154.196429,-82.413914,13.616999626159668,23.27692413330078,154.19723230147187,-82.41434418263455,11.52563472181183,1.1153237205983817,1.1814533389983295
SB68161_component_410a,181.240345,-81.14036,14.440999984741211,96.27333068847656,181.23954766370503,-81.14075419139691,14.13033785437779,0.9647817650269714,1.0219854708050857
SB68161_component_412a,148.524323,-83.902728,14.843999862670898,33.813209533691406,148.5250941108377,-83.90311008683453,12.144247817989694,1.1538907330275914,1.2223070613465223
SB68161_component_413a,173.759037,-80.260094,13.321999549865723,27.98739242553711,173.75904748281653,-80.2609078410734,13.322256571966399,0.9440086765971284,0.9999807073149141
SB68161_component_415a,170.286054,-83.528484,14.309000015258789,91.72435760498047,170.28637314448588,-83.52885514996295,12.97781461710979,1.0408594338504698,1.102573926151941
SB68161_component_416a,181.004378,-82.004835,13.963000297546387,83.11309814453125,181.00322844721077,-82.00490438235295,12.147399947978082,1.085125030391898,1.1494641122663052
SB68161_component_418a,198.240389,-80.059605,12.859999656677246,22.8825626373291,198.24075795972277,-80.05959978187927,8.50734686806245,1.427023684586117,1.5116345737535577
SB68161_component_419a,191.032521,-80.56387,12.70199966430664,61.06730651855469,191.031074818893,-80.56386825385479,12.02845598844915,0.9968884821048543,1.0559958548715056
SB68161_component_421a,168.28496,-81.755103,12.52400016784668,75.90303039550781,168.2847571496899,-81.75532827794568,11.729185610937101,1.0079977684389094,1.067763831460595
SB68161_component_422a,160.174628,-81.050492,13.32800006866455,38.40922164916992,160.1740498878102,-81.05053742461999,12.136019323338738,1.0367477268835195,1.0982184284292889
SB68161_component_423a,158.567093,-81.584137,12.213000297546387,31.72208023071289,158.5680332023351,-81.5843742057836,13.269410778296924,0.8688705831701914,0.9203875365379167
SB68161_component_424a,209.572496,-84.47904,12.17300033569336,24.641700744628906,209.57451967822485,-84.47909759485916,11.411845026154698,1.0069922624572485,1.0666987071585863
SB68161_component_429a,157.647089,-83.393515,13.197999954223633,61.67289733886719,157.64792364498206,-83.39390715416057,13.274630843194146,0.9385772749842637,0.9942272677955635
SB68161_component_430a,167.856882,-82.166042,12.467000007629395,77.43478393554688,167.85666527523748,-82.16617747944608,11.661179048335098,1.0092618584022903,1.0691028716696829
SB68161_component_431a,185.555921,-85.0801,12.913999557495117,66.91191101074219,185.5566615520932,-85.08018252267321,10.58226512100476,1.1520371766072988,1.2203436041176188
SB68161_component_432a,181.348663,-83.345367,12.277999877929688,71.38372039794922,181.348964218557,-83.34548364356284,12.057360897915924,0.9613017418222375,1.018299110550129
SB68161_component_433a,178.365892,-84.382297,12.496999740600586,69.42777252197266,178.3662908991365,-84.38235509469328,11.862493749773607,0.9945213916179833,1.053488415185811
SB68161_component_436a,177.991197,-81.329333,12.49899959564209,93.27611541748047,177.99129307210777,-81.32951155112195,12.233547862123977,0.9645110185533684,1.021698671269352
SB68161_component_437a,171.826951,-84.238211,12.368000030517578,73.61904907226562,171.82700530414166,-84.23828135471317,11.58690707832536,1.007665334511979,1.06741168690766
SB68161_component_440a,169.127022,-80.309376,12.281000137329102,32.14921569824219,169.12672794867208,-80.30961462512415,10.51269178069189,1.1028188213210548,1.1682070009780912
SB68161_component_441a,162.701945,-82.248537,12.746000289916992,74.10465240478516,162.70168254244433,-82.24859678167631,12.36460062246436,0.9731464342047625,1.030846096780489
SB68161_component_443a,188.892386,-85.329248,11.711000442504883,45.74609375,188.89294305474655,-85.32945520679857,11.082802376775362,0.9975364482535287,1.0566822401386444
SB68161_component_444a,166.648354,-82.61118,12.369999885559082,74.07186126708984,166.64827434823047,-82.61139108885439,11.676049974324757,1.0001338243372309,1.0594336194826417
SB68161_component_446a,175.97052,-84.273771,12.388999938964844,71.61271667480469,175.97091844478825,-84.27391725953979,11.611091401807894,1.0072738789626856,1.0669970212305646
SB68161_component_447a,204.177918,-84.661954,13.088000297546387,61.7358512878418,204.17738392174056,-84.6618366788244,10.586238651323074,1.167121261521322,1.2363220524894025
SB68161_component_451a,211.249883,-83.505464,12.015999794006348,13.204395294189453,211.24984805777746,-83.50542952555347,6.326458851197074,1.793013623497776,1.8993247370498134
SB68161_component_453a,175.636326,-84.842811,11.845999717712402,70.93413543701172,175.63603968237948,-84.84286034260735,14.032555885554622,0.7969283968420204,0.8441797641374013
SB68161_component_456a,154.68734,-82.777689,12.937999725341797,41.87055206298828,154.68780736332428,-82.77803731164033,11.721102145513386,1.0420367883736146,1.103821088215174
SB68161_component_459a,164.1736,-82.9234,12.244000434875488,66.9071044921875,164.17362502733167,-82.92368088305338,12.750229768876611,0.9065456743918875,0.9602964540108264
SB68161_component_462a,156.048473,-84.908211,11.734999656677246,41.91071319580078,156.04769797937445,-84.9085858357736,11.40665888758166,0.9712007111204488,1.028785008154583
SB68161_component_469a,193.405277,-79.941508,10.574000358581543,14.645429611206055,193.40551785415735,-79.9420384705724,10.784943395201184,0.9255626387042609,0.9804409695174199
SB68161_component_471a,193.16572,-80.209946,11.520999908447266,31.307064056396484,193.16453641115714,-80.21037609670542,9.503884731182788,1.1443882174608322,1.2122411239528408
SB68161_component_472a,164.620598,-80.583663,11.208000183105469,41.665428161621094,164.62092450950485,-80.58381414579355,10.290387287903046,1.0282075157471358,1.0891718522859806
SB68161_component_473a,165.841814,-85.15314,11.795000076293945,47.75303649902344,165.84282975875607,-85.15329864434732,10.078166435815188,1.1048435549795645,1.170351784862133
SB68161_component_474a,206.06364,-84.391782,11.072999954223633,38.852630615234375,206.06545750705624,-84.39193717395726,9.797827965322828,1.066890512900043,1.130148436307923
SB68161_component_475a,171.672037,-85.270864,11.944000244140625,56.60663604736328,171.67247571234944,-85.27100309198123,11.477232130715846,0.9824195650290886,1.0406690487835994
SB68161_component_476a,152.811941,-83.618201,10.149999618530273,22.11328887939453,152.81337116456896,-83.61853686046084,10.377422774994558,0.9233383639807545,0.9780848134074017
SB68161_component_478a,151.593237,-84.208978,11.112000465393066,52.91429138183594,151.5940071805136,-84.20911433749528,10.865217478048123,0.9654686853409249,1.0227131199024353
SB68161_component_484a,187.309967,-81.057895,11.449000358581543,72.46202087402344,187.3089736602282,-81.05758348085087,10.838662061713908,0.9971861963988297,1.0563112211998538
SB68161_component_485a,147.567937,-84.303928,11.70300006866455,32.87359619140625,147.56564692278567,-84.30430314496068,10.035054960685741,1.1009353506160262,1.1662118557908556
SB68161_component_486a,198.108553,-82.470802,12.343000411987305,69.73446655273438,198.11206039250948,-82.47107899417574,12.492147392623878,0.9327559080676937,0.9880607412041393
SB68161_component_487a,157.031873,-83.697644,11.079000473022461,53.78155517578125,157.03101477675014,-83.69795834663084,12.410470940325974,0.8427459686756618,0.8927139450464286
SB68161_component_488a,199.782972,-81.511773,11.687999725341797,26.563636779785156,199.78318818919095,-81.51170016777336,11.216771779779995,0.9836864153763674,1.042011013044882
SB68161_component_491a,158.271195,-81.205755,10.758999824523926,22.002044677734375,158.27046464078933,-81.20597168389408,10.717276355463712,0.9477020840595138,1.0038931037771497
SB68161_component_492a,185.714967,-83.821926,10.770000457763672,66.89441680908203,185.7159449318937,-83.82216488902954,12.066797764130405,0.8425739976612822,0.8925317775506627
SB68161_component_494a,178.462529,-81.365501,11.288999557495117,72.8322525024414,178.46182371643405,-81.36572645611913,11.692736969277194,0.911430674000593,0.9654710943346368
SB68161_component_495a,178.620743,-80.423069,10.951000213623047,37.76206970214844,178.62084765535747,-80.42331822219208,9.655655226974948,1.0706718937851327,1.1341540223007653
SB68161_component_496a,177.434843,-80.649834,10.732000350952148,49.685184478759766,177.43481817740644,-80.65032098421335,8.867141913280879,1.1425662301951816,1.2103111076724906
SB68161_component_497a,173.465737,-80.51269,10.734999656677246,44.17695236206055,173.46508466061954,-80.51327553254642,10.797662538969915,0.9385483475837412,0.994196625235646
SB68161_component_498a,189.547978,-79.995344,11.052000045776367,13.695167541503906,189.548068618117,-79.99572842066537,9.335657920762849,1.11758435383285,1.1838480093830677
SB68161_component_502a,157.186976,-81.058544,9.154000282287598,11.631512641906738,157.18553935711523,-81.05854191164411,7.507287694965713,1.1510978083265466,1.2193485389438516
SB68161_component_504a,180.480195,-85.474929,11.5,40.35087585449219,180.47969239544258,-85.47511759730067,10.488033664516479,1.0351138807793492,1.096487708549911
SB68161_component_505a,155.236369,-83.670207,10.211999893188477,36.866424560546875,155.23694105340067,-83.67037073620067,9.444399197482195,1.0207533896278276,1.0812757571610185
SB68161_component_506a,166.40515,-85.397742,9.142000198364258,25.115385055541992,166.40653453192465,-85.39819426149415,11.676554568437572,0.7391130628191701,0.7829364513977123
SB68161_component_508a,187.83199,-83.711308,10.340999603271484,60.47368240356445,187.83136077032592,-83.71145154851371,9.161733865038903,1.0655386668810822,1.1287164368234543
SB68161_component_509a,209.466919,-83.800433,10.005000114440918,23.376169204711914,209.4686882550208,-83.80027105917158,11.074613418850896,0.8528504589163848,0.903417549312438
SB68161_component_512a,202.501738,-81.790797,9.470999717712402,22.076923370361328,202.50356036738012,-81.79066194970129,7.942187851681255,1.125745017631158,1.1924925341204966
SB68161_component_514a,170.593088,-81.950725,10.371000289916992,62.47590637207031,170.5933036551676,-81.95089641630591,10.155365717885799,0.9640719414490178,1.0212335604666027
SB68161_component_516a,193.666477,-82.039864,10.543999671936035,54.63212203979492,193.66751741403388,-82.0401548349643,10.855211260113695,0.9169622749599166,0.971330674206114
SB68161_component_517a,178.438038,-83.486098,9.720999717712402,58.56024169921875,178.4374210600529,-83.48642476014801,11.158654529872699,0.8224006846798788,0.871162351311122
SB68161_component_518a,164.777567,-84.532826,9.809000015258789,60.549381256103516,164.77720872979717,-84.5328728154977,13.85046923535815,0.6685665023531614,0.7082070541132208
SB68161_component_519a,166.511138,-81.873844,10.824000358581543,61.15254592895508,166.5101979828401,-81.87375741364306,9.679649365293535,1.0556319763119113,1.1182223601395198
SB68161_component_521a,174.514858,-80.180946,9.473999977111816,13.049586296081543,174.51607202498988,-80.18172459718252,12.195296653114836,0.7333737737642322,0.7768568692170382
SB68161_component_527a,162.76843,-80.88153,10.748000144958496,32.66869354248047,162.7700257881312,-80.88201520597826,11.914772821974044,0.8515815866432094,0.9020734432415106
SB68161_component_531a,150.981411,-84.647533,11.267000198364258,46.36625671386719,150.9802240320462,-84.6477095804368,9.862283053378938,1.0784877185822088,1.142433261891023
SB68161_component_532a,184.927623,-83.758276,9.899999618530273,55.61797332763672,184.92688142606596,-83.75845506649756,8.614723211408181,1.0848712855534388,1.149195322424294
SB68161_component_533a,152.729415,-84.123163,10.234000205993652,45.89237594604492,152.73021607156545,-84.12322761375769,9.020616444061478,1.0710101067485287,1.1345122885399899
SB68161_component_534a,188.120739,-84.046086,9.538999557495117,59.248443603515625,188.12139579205058,-84.04636604089131,8.10481770068176,1.1110764501950356,1.1769542400309283
SB68161_component_535a,201.378674,-80.651391,8.843999862670898,10.945544242858887,201.3821822595997,-80.65127407311806,7.439370691166455,1.1222688083306236,1.1888102139032146
SB68161_component_536a,169.501293,-84.856374,10.314000129699707,53.164947509765625,169.50038541306847,-84.8564490763045,10.049885818858094,0.9688362271291405,1.0262803295084224
SB68161_component_538a,172.75073,-80.184706,10.133000373840332,20.025693893432617,172.74917442776038,-80.18578966960487,10.61968980430477,0.9007631107488228,0.9541710314111854
SB68161_component_539a,190.723063,-80.658896,10.005000114440918,52.109375,190.7220056251418,-80.65890679514247,8.621063067360529,1.0955712842824927,1.160529743984822
SB68161_component_542a,158.901937,-82.161834,10.253999710083008,27.638813018798828,158.90168381123502,-82.16208871174283,9.975556094886192,0.970377125671156,1.027912590791761
SB68161_component_543a,168.666378,-80.170468,9.45300006866455,19.213415145874023,168.66577044243706,-80.17077870856171,9.798459981800518,0.9107437563652678,0.9647434480747364
SB68161_component_544a,164.434358,-80.502582,11.210000038146973,35.03125,164.4352720077844,-80.50287307798584,10.118203717061114,1.0458913224351007,1.1079041647723393
SB68161_component_547a,201.476759,-81.986436,10.156999588012695,39.21621322631836,201.48041061743635,-81.98650566453912,7.927468272031519,1.2095262191896963,1.281241278990301
SB68161_component_553a,187.472482,-82.23845,9.869000434875488,56.7183952331543,187.47454464617797,-82.23892350463946,9.751368323870734,0.9554148169463658,1.0120631389460286
SB68161_component_554a,189.310492,-80.010907,8.996999740600586,12.44398307800293,189.30974540171366,-80.01135265713528,6.963413695443673,1.2197192426905141,1.2920386658181082
SB68161_component_555a,203.265317,-82.82046,9.223999977111816,20.228069305419922,203.26693964699052,-82.82059807933118,9.037680300804132,0.9634888286036972,1.0206158737758302
SB68161_component_557a,181.739446,-82.642859,9.565999984741211,60.5443000793457,181.74080735260412,-82.64332944606726,6.985400316975995,1.2927764766395853,1.369427599087459
SB68161_component_559a,180.927195,-82.817496,9.96399974822998,54.44808578491211,180.9276956460455,-82.81775911760849,8.2360511335636,1.1420866062957276,1.2098030459797213
SB68161_component_561a,191.359139,-84.379385,9.187999725341797,49.39784622192383,191.36049247548127,-84.37956313598973,10.07753170746742,0.8606987358018267,0.9117311651357561
SB68161_component_563a,206.32722,-84.686619,9.616999626159668,35.22710418701172,206.3276002863758,-84.68702761413768,6.161500761396063,1.4734569700011775,1.5608209750477517
SB68161_component_568a,195.010547,-84.848809,9.60099983215332,49.489688873291016,195.0114645597779,-84.84888193779238,8.097958579567642,1.1192452909858528,1.185607426589965
SB68161_component_569a,161.332296,-81.516897,9.29800033569336,46.959598541259766,161.33409837363348,-81.51698904158721,8.377117616291752,1.0478022079543152,1.1099283502490978
SB68161_component_570a,173.586002,-81.219655,9.425000190734863,53.85714340209961,173.585995253862,-81.21954365699523,8.131642365539498,1.0941767004485827,1.159052472680844
SB68161_component_574a,186.782212,-82.071478,9.517999649047852,53.774009704589844,186.78160894215773,-82.07178475434314,8.470251318123195,1.0608005907542442,1.1236974313480952
SB68161_component_575a,206.881319,-84.553958,10.503000259399414,35.0099983215332,206.88238168794834,-84.55419033895137,9.278396105084257,1.0686237742023743,1.131984465897518
SB68161_component_577a,172.571051,-83.707623,9.187999725341797,53.73099136352539,172.56960959860874,-83.70777249799683,5.3670085291980305,1.616117946046214,1.7119405857763228
SB68161_component_579a,176.810539,-81.474309,9.288999557495117,54.321632385253906,176.81108828804014,-81.47478285667728,9.603433314583189,0.9131177434931066,0.9672581933160725
SB68161_component_581a,178.364725,-81.592954,9.277999877929688,58.352203369140625,178.36449260298494,-81.59307129491278,9.691824782004163,0.9037185010790983,0.9573016523325032
SB68161_component_583a,167.327182,-83.287323,9.039999961853027,59.8675537109375,167.3285466758063,-83.28794108527335,8.349930612422805,1.0220447858049932,1.0826437226201084
SB68161_component_585a,155.105533,-83.398705,8.538999557495117,25.95440673828125,155.1054337001537,-83.39906784138823,7.301482410587262,1.1040285708628323,1.169488478820881
SB68161_component_591a,159.251661,-81.955626,8.984999656677246,21.191036224365234,159.25194035251874,-81.95567957462757,8.00897216157101,1.0590723885828417,1.121866760854714
SB68161_component_593a,197.490112,-81.882463,9.75100040435791,50.5233154296875,197.49437499467868,-81.8830885592183,9.505692389096076,0.9683888562317584,1.0258064331582226
SB68161_component_599a,206.780609,-84.065106,8.682999610900879,28.46885108947754,206.78266334222744,-84.06509532797273,8.745924283180873,0.9372348591212754,0.992805257598559
SB68161_component_601a,159.892851,-83.90785,9.062000274658203,52.381507873535156,159.89248978493634,-83.9079261030851,8.463518510427013,1.0107819721294773,1.0707131157678527
SB68161_component_603a,181.886448,-83.42842,8.319999694824219,52.0,181.88537423396102,-83.42860236074924,7.817339994746367,1.0047283906137734,1.064300606141688
SB68161_component_607a,196.701551,-80.196098,8.843999862670898,26.399999618530273,196.70090318264496,-80.19628136312198,8.274670693824277,1.008979570212543,1.068803846087982
SB68161_component_608a,167.445778,-82.399528,8.623000144958496,54.57594680786133,167.44618816407015,-82.39965541738748,11.128323203936471,0.7314978056490092,0.774869671462116
SB68161_component_609a,198.539043,-84.522195,9.559000015258789,47.321781158447266,198.53888992310732,-84.52222704670636,10.230445267374837,0.8820684549340619,0.9343679346726672
SB68161_component_610a,177.540946,-80.93127,8.326000213623047,53.03184509277344,177.54082468048782,-80.93136380567262,7.027155796942964,1.1185134227873594,1.1848321645643778
SB68161_component_611a,199.702343,-83.206322,8.831000328063965,41.266357421875,199.7010927892012,-83.20640226517827,7.885950464442983,1.0571587797407285,1.1198396905841754
SB68161_component_614a,176.962358,-83.337425,8.418000221252441,46.766666412353516,176.96306960890325,-83.3378774132788,7.8716287811893615,1.0095519980460914,1.0694102142327557
SB68161_component_616a,182.016559,-84.352333,7.929999828338623,44.301673889160156,182.0172756210869,-84.35245945780198,7.630404547338198,0.9810925521091438,1.039263354798788
SB68161_component_619a,184.064521,-84.248858,8.324999809265137,50.45454406738281,184.0662045450858,-84.24902179756798,8.126733200841393,0.967058162247886,1.024396839852355
SB68161_component_620a,160.446261,-81.239196,8.454999923706055,33.156864166259766,160.4472992661712,-81.23906479635444,7.8411357858760695,1.0179325413954,1.0782876555888388
SB68161_component_621a,183.960414,-82.352442,7.947999954223633,51.27742004394531,183.96139858688872,-82.35293623881317,6.965688182000819,1.0771549741789161,1.1410214965925527
SB68161_component_622a,187.350964,-84.501749,8.581999778747559,50.48234939575195,187.35315676709428,-84.5022638559672,8.86922060512775,0.9134555240817556,0.9676160015442469
SB68161_component_623a,164.005307,-84.306614,8.449999809265137,47.47190856933594,164.00624060896655,-84.30666235944703,6.939398986944491,1.1495270772682975,1.2176846763188902
SB68161_component_625a,151.722614,-84.254245,8.656000137329102,42.22439193725586,151.7252798558433,-84.25461262280686,7.9844002761337975,1.0234327691218252,1.0841140020500708
SB68161_component_626a,182.536618,-80.63493,7.781000137329102,35.0495491027832,182.5359734448852,-80.63497836284604,7.227628008690554,1.0163048440393079,1.0765634490282523
SB68161_component_627a,178.783269,-85.20579,8.871000289916992,43.91584014892578,178.78259857227772,-85.20624306054722,8.156447684052482,1.0267291759897894,1.0876058590140418
SB68161_component_628a,166.529518,-85.442122,8.64799976348877,19.789472579956055,166.53190033450957,-85.44266562345318,10.509516346938373,0.7768144647996464,0.8228732396432401
SB68161_component_630a,173.676816,-81.474418,8.831000328063965,51.64327621459961,173.67776254847013,-81.4747803633902,8.39374942870239,0.9932035547283623,1.0520924412952328
SB68161_component_631a,151.966036,-84.742773,8.067999839782715,31.763778686523438,151.96631766293766,-84.74292227953782,7.82048633130417,0.9739047509140402,1.0316493754982714
SB68161_component_635a,172.874441,-80.504447,7.886000156402588,32.995819091796875,172.8736923804205,-80.50493370699502,6.216474730329966,1.1975591505614038,1.2685646605988865
SB68161_component_636a,196.156268,-84.59884,8.300999641418457,37.731815338134766,196.1574073857555,-84.59899412217742,6.949732977351654,1.1275781236523337,1.1944343284080725
SB68161_component_637a,162.169037,-83.884433,8.083000183105469,50.83647918701172,162.16886017692454,-83.88452889011783,7.290443814875937,1.0466536350492903,1.1087116763196698
SB68161_component_640a,183.875468,-82.253818,8.659000396728516,51.850303649902344,183.87735591887716,-82.25415790433631,7.020008415842292,1.1644329644223281,1.233474361253963
SB68161_component_641a,170.282054,-80.544394,8.276000022888184,32.711463928222656,170.28098412591817,-80.54447472844082,6.110840320901271,1.2785093617398031,1.3543145604019937
SB68161_component_642a,182.084728,-81.708462,7.501999855041504,49.68212127685547,182.08418148399252,-81.70850711034484,8.173862587479029,0.8664312021053916,0.9178035200314347
SB68161_component_643a,147.892561,-84.783926,8.243000030517578,21.578535079956055,147.89274563940856,-84.78399460954778,7.332510061260744,1.0612482783123764,1.12417166313445
SB68161_component_647a,169.716704,-85.60355,7.923999786376953,18.132722854614258,169.71725652142615,-85.60397011732026,7.022592786234985,1.065200432052153,1.1283581474222484
SB68161_component_649a,153.443837,-83.977253,7.46999979019165,29.409446716308594,153.44419959006908,-83.97688510126395,8.534530534758069,0.8262763414007162,0.8752678029294091
SB68161_component_650a,167.699846,-80.663332,8.22599983215332,43.52381134033203,167.7001920312037,-80.66308416385579,7.39817479639147,1.049659577876924,1.1118958470899647
SB68161_component_651a,192.47579,-81.271484,7.942999839782715,44.374298095703125,192.4742525698871,-81.2715667501986,7.295348930834518,1.0278336927307699,1.0887758646074948
SB68161_component_653a,178.34206,-81.458496,7.959000110626221,51.019229888916016,178.3420325208463,-81.4589526601412,7.715399242353931,0.9738329645998854,1.0315733328399954
SB68161_component_655a,176.308368,-81.180639,7.974999904632568,46.63742446899414,176.3088418721675,-81.18100250165726,7.749404208288342,0.9715087961172633,1.029111360084036
SB68161_component_656a,186.002029,-83.024042,8.07800006866455,42.96808624267578,186.00302036946275,-83.0243600789367,7.296930478262794,1.0450763235578573,1.1070408430953982
SB68161_component_659a,179.182994,-83.225969,7.783999919891357,44.99422073364258,179.18179470891593,-83.22612901136455,8.838356596629161,0.8314108116377759,0.8807067054592567
SB68161_component_660a,185.205554,-81.692407,7.239999771118164,44.41717529296875,185.205078810569,-81.69247569375088,5.6232597387901615,1.2154434937648388,1.2875093997838063
SB68161_component_661a,174.351956,-82.484553,7.576000213623047,44.82840347290039,174.35245399274422,-82.4847372426902,13.249849054601988,0.5397758032086187,0.5717801148075511
SB68161_component_662a,176.054177,-81.690802,8.22599983215332,45.69999694824219,176.0551997443056,-81.69144238955033,8.327792072409302,0.9324878630877397,0.987776803338639
SB68161_component_663a,197.955349,-80.584954,7.593999862670898,33.017391204833984,197.95775977400476,-80.58528968190294,6.964162295268795,1.0294045090551946,1.0904398175542223
SB68161_component_664a,166.711717,-80.431164,7.8420000076293945,31.620967864990234,166.71112788440706,-80.43097429892578,6.532072798244424,1.13333992173971,1.200537754223595
SB68161_component_667a,171.60337,-83.814125,8.053000450134277,47.37059020996094,171.60435006386274,-83.81414249916062,6.459661750740492,1.176880347410002,1.2466597727367283
SB68161_component_671a,174.833032,-80.825648,7.5329999923706055,40.5,174.83294704274684,-80.8257715050517,6.86950489649786,1.0352062714669978,1.0965855772533188
SB68161_component_672a,196.854228,-81.536194,7.232999801635742,29.52244758605957,196.8526780633244,-81.53609786179432,6.835158555476374,0.9989740908607093,1.058205123250669
SB68161_component_673a,168.292023,-82.590485,7.552999973297119,42.43258285522461,168.29029795805818,-82.59078437182468,6.563380100493528,1.0863663175585414,1.1507789976584135
SB68161_component_674a,192.179015,-80.563759,8.352999687194824,34.233604431152344,192.17916998165722,-80.5640518501932,7.30642347443075,1.0792498326364475,1.1432405631054137
SB68161_component_675a,183.769628,-80.535874,7.11299991607666,25.49462127685547,183.76901717560355,-80.53587414246009,6.647961285643359,1.0100635212261175,1.0699520665737898
SB68161_component_677a,205.216606,-83.105613,7.150000095367432,19.168901443481445,205.2170716177246,-83.10585921474808,6.163319197835202,1.0951554077689392,1.1600892093790616
SB68161_component_678a,161.232407,-80.870056,7.927999973297119,18.876190185546875,161.23285846129508,-80.87066232212639,7.339556831481437,1.0197134957709026,1.0801742060626445
SB68161_component_681a,177.188876,-82.367106,7.776000022888184,48.905662536621094,177.18953797783442,-82.36741466711031,7.955258058638058,0.9227548697421851,0.9774667227098648
SB68161_component_682a,176.613578,-81.124021,7.506999969482422,46.91875076293945,176.61320582831428,-81.1243611777656,7.139868199088114,0.9925687186916431,1.051419964648815
SB68161_component_683a,165.60133,-82.268567,7.133999824523926,41.96470260620117,165.6021041665823,-82.26867585352521,7.871953514034079,0.8555293995822831,0.9062553293544565
SB68161_component_684a,178.282341,-84.678384,7.435999870300293,37.93877410888672,178.28247430860367,-84.67847209316818,6.32632405115769,1.1096149628839764,1.1754060984181702
SB68161_component_686a,165.461448,-83.072049,7.192999839782715,45.52531433105469,165.46307536495866,-83.07225499122895,7.7078104853432485,0.880974600659082,0.9332092237426608
SB68161_component_687a,174.257422,-84.900265,7.708000183105469,44.8139533996582,174.25403207060498,-84.89992120833448,7.323563853573209,0.9935817563580411,1.0524930672031612
SB68161_component_690a,180.615836,-80.554975,7.517000198364258,27.434309005737305,180.61574588069524,-80.55532470941145,7.051608047485636,1.006330792519175,1.0659980174372519
SB68161_component_691a,194.258546,-82.134429,7.216000080108643,43.733333587646484,194.26063379565107,-82.13489673423905,6.2114589173934105,1.0966985695641336,1.1617238681080708
SB68161_component_693a,149.111711,-84.529918,7.085000038146973,26.939163208007812,149.10979184444315,-84.53001641369805,6.430196193182398,1.0401596384535505,1.101832638584003
SB68161_component_698a,165.300113,-83.389428,7.061999797821045,41.78697967529297,165.3001592864924,-83.38974367204949,6.441594270302712,1.0349484028962486,1.0963124191752576
SB68161_component_699a,180.673977,-82.619023,6.999000072479248,46.04605484008789,180.6730167951225,-82.61933302005576,4.402374071501782,1.5008366304395726,1.589824026492069
SB68161_component_700a,201.510602,-84.098846,8.013999938964844,43.086021423339844,201.51176234202265,-84.09866566768773,7.710458586581934,0.9811908525497498,1.0393674836554008
SB68161_component_702a,168.13916,-85.652264,7.039000034332275,11.50163459777832,168.1402862025717,-85.65265815184978,6.241878837211682,1.0645841549113333,1.1277053300631956
SB68161_component_703a,180.107414,-82.487989,7.614999771118164,42.3055534362793,180.10818152438537,-82.48817267915774,6.91424702104286,1.039703170122925,1.1013491053968174
SB68161_component_704a,173.468918,-82.197083,7.23199987411499,41.803470611572266,173.46992092472954,-82.19745798320358,7.060400794538535,0.9669709332450129,1.024304438879616
SB68161_component_705a,188.569203,-80.491118,7.0960001945495605,28.963266372680664,188.56735931742196,-80.49115963858102,5.735302758673472,1.1679967514857306,1.2372494518826076
SB68161_component_707a,180.630126,-81.004259,7.314000129699707,38.69841384887695,180.6301904247994,-81.00440589853102,6.436198886872488,1.0727780345122926,1.1363850400300113
SB68161_component_708a,208.414655,-84.893905,7.480000019073486,15.422679901123047,208.41796013332407,-84.89444489590927,6.454393336025187,1.094033286038605,1.158900554963683
SB68161_component_709a,181.333014,-83.603439,8.074999809265137,45.880680084228516,181.33115351172066,-83.60361047201168,7.950208498588516,0.9588449099523991,1.015696608547911
SB68161_component_710a,163.427472,-82.879453,7.574999809265137,40.29255294799805,163.42832351600651,-82.87946017730623,5.867006766401573,1.2188503937268405,1.291118301182927
SB68161_component_713a,183.088026,-83.794705,7.138999938964844,41.02873611450195,183.08789413440277,-83.79501315357406,6.80150266270975,0.9908704355632149,1.0496209871541289
SB68161_component_718a,201.40918,-84.713255,6.853000164031982,37.24456787109375,201.4084932814208,-84.71341610339572,6.590118499413975,0.9816843852742346,1.039890278853314
SB68161_component_719a,159.804845,-81.89741,6.830999851226807,21.964630126953125,159.80517570758485,-81.89758545266757,6.989155159241189,0.9226648134419392,0.9773713268040319
SB68161_component_722a,174.711641,-80.207968,6.888000011444092,10.564416885375977,174.71042248667794,-80.20939867616256,6.397874738085974,1.0163464417887593,1.0766075131856592
SB68161_component_724a,153.17237,-83.061083,7.559999942779541,17.29977035522461,153.17305954760974,-83.06133896857634,7.3842910651472256,0.9664899672781698,1.023794955545785
SB68161_component_725a,208.041934,-83.276101,6.611000061035156,13.859539031982422,208.0414014805873,-83.2766175042437,4.494901150848104,1.3884536309179734,1.470777629845716
SB68161_component_727a,178.368925,-85.400248,7.376999855041504,25.88421058654785,178.36883442882672,-85.40075897802143,7.497761553634496,0.9288220459560512,0.9838936330891379
SB68161_component_730a,188.476593,-82.819467,7.188000202178955,42.78571701049805,188.4798273488579,-82.81987496668062,6.372185052162497,1.0648883258095394,1.1280275358198517
SB68161_component_732a,193.430332,-80.89084,7.040999889373779,37.854835510253906,193.42919985096574,-80.89087965050854,7.31354993428615,0.9088463582842573,0.9627335497314857
SB68161_component_733a,182.514137,-83.739731,7.251999855041504,40.28888702392578,182.51298053697005,-83.74015380870185,5.032889432320003,1.3602688787870427,1.440921751324579
SB68161_component_734a,156.246972,-83.09882,6.831999778747559,33.32682800292969,156.24700464753616,-83.09897069653839,6.7048215759514225,0.9619333529647113,1.0189681710923217
SB68161_component_736a,177.366625,-81.763924,6.916999816894531,43.503143310546875,177.36827136016072,-81.76436429070206,6.827716069941131,0.9563716115765578,1.0130766637099147
SB68161_component_743a,172.093923,-80.700996,7.119999885559082,38.07486343383789,172.09243254208437,-80.7010060501272,5.88852787609386,1.141451902071485,1.209130708961187
SB68161_component_745a,164.929357,-81.530918,7.4770002365112305,39.560848236083984,164.9306889784715,-81.53005468553475,7.802809641086523,0.9046086730386103,0.9582446042436165
SB68161_component_746a,159.924564,-81.055174,6.054999828338623,17.653060913085938,159.9235025857692,-81.05541546901449,6.028576979130184,0.9481644960521127,1.0043829330370848
SB68161_component_747a,174.077454,-85.358716,7.538000106811523,29.67716407775879,174.07741164402898,-85.35901459718356,7.657061797830498,0.9293479641533536,0.9844507339548038
SB68161_component_750a,180.133378,-81.90889,6.966000080108643,40.976470947265625,180.13202779494378,-81.90884448683121,5.987464081370036,1.0983099519077792,1.16343079230877
SB68161_component_751a,161.267991,-83.417219,6.486999988555908,34.68983840942383,161.2690480020333,-83.41717420708233,6.157033039098706,0.9946190611476069,1.0535918757235554
SB68161_component_753a,172.844278,-80.438637,6.067999839782715,22.308822631835938,172.84370612902,-80.4392558144271,6.037875834083601,0.9487368026612671,1.0049891727698448
SB68161_component_755a,172.895118,-82.908874,6.565999984741211,39.55421829223633,172.89621222790447,-82.90846999123382,6.303942764036675,0.9832704346281644,1.041570368024206
SB68161_component_757a,178.981761,-83.103723,6.781000137329102,38.748573303222656,178.9810051261261,-83.10377726827221,6.07490681108999,1.0537522081902007,1.1162311370686557
SB68161_component_760a,184.446299,-81.242626,6.699999809265137,43.22580337524414,184.4453792550566,-81.24267192957808,6.0117586710314495,1.0521014440366938,1.114482496037321
SB68161_component_764a,195.658784,-83.271446,6.877999782562256,41.18562698364258,195.65808198768917,-83.2715878610824,5.938080101879549,1.093453882180531,1.1582867971729112
SB68161_component_765a,173.592319,-80.800831,6.620999813079834,36.98882293701172,173.59195237873976,-80.800987483156,5.620963573340442,1.1119804952970962,1.1779118876490222
SB68161_component_769a,158.617457,-83.892579,7.435999870300293,39.1368408203125,158.61644293639347,-83.89276225659908,6.360879289824916,1.103587021128736,1.1690207487815683
SB68161_component_770a,162.700164,-81.551538,6.408999919891357,35.40884017944336,162.70258420247413,-81.55146660490911,6.318274689640017,0.9575823394523315,1.0143591778939434
SB68161_component_772a,187.232562,-81.224515,6.735000133514404,39.852073669433594,187.230982294067,-81.22434035697414,7.049695185113236,0.9018859765239022,0.9553604739871067
SB68161_component_773a,188.32463,-80.775168,6.507999897003174,39.442420959472656,188.32356324767164,-80.77491708827957,6.535290904834132,0.9400846861320339,0.9958240561547503
SB68161_component_780a,165.462171,-80.96713,6.331999778747559,26.383333206176758,165.46354629090305,-80.96703843409529,6.107201641239122,0.9787752895722238,1.0368086974548996
SB68161_component_781a,180.628533,-81.25047,6.1020002365112305,41.51020431518555,180.62682693402297,-81.25064800307538,5.697266325440015,1.0110905780785417,1.0710400195377836
SB68161_component_782a,162.041822,-84.613285,6.375,38.40361404418945,162.04376876066863,-84.61309768862925,5.692426354582259,1.0572242915621064,1.1199090867233243
SB68161_component_783a,196.498192,-82.66317,6.258999824523926,31.294998168945312,196.50112836268696,-82.66362678880908,6.536007197344039,0.9040173850432668,0.9576182576829663
SB68161_component_784a,167.686778,-80.359692,7.047999858856201,24.8169002532959,167.68718234409468,-80.3598204727865,6.076747122097908,1.0949116771911143,1.1598310275618287
SB68161_component_786a,159.789739,-81.588565,6.434000015258789,23.741697311401367,159.78970916067382,-81.5886761477054,7.496740032840195,0.8102013667628135,0.8582397131385148
SB68161_component_788a,186.536311,-84.665233,6.310999870300293,36.06285858154297,186.53595270677397,-84.66544529542378,6.120309098053455,0.9734399817364202,1.03115704929143
SB68161_component_797a,195.358658,-80.875706,6.185999870300293,35.96511459350586,195.3572114083911,-80.87589315767849,5.80584533461937,1.0058397836801705,1.0654778957706847
SB68161_component_798a,199.489365,-85.428601,5.833000183105469,10.251317977905273,199.4920975416516,-85.42886183411002,3.098153945274683,1.7773516474825835,1.8827341333383334
SB68161_component_799a,166.988487,-81.001168,6.3379998207092285,34.82417678833008,166.9901793940355,-81.00078731158625,5.6648788626927695,1.0561995059123097,1.1188235396257873
SB68161_component_804a,159.042576,-82.452267,6.416999816894531,27.779218673706055,159.04351949910335,-82.45275004819818,5.743897886244282,1.0546532157194097,1.1171855670105524
SB68161_component_806a,155.41518,-82.730141,6.089000225067139,22.22262954711914,155.41400988790247,-82.73064442833382,6.05494672126118,0.9493361720106768,1.0056240798430784
SB68161_component_808a,183.05688,-82.9326,5.965000152587891,36.15151596069336,183.0564290935671,-82.93304749824807,6.917207875554255,0.8140742103879892,0.8623421848674647
SB68161_component_813a,183.562882,-80.892754,5.698999881744385,34.96318817138672,183.56208051016895,-80.89219887413765,6.480261754558159,0.8302147868225204,0.8794397661075587
SB68161_component_814a,166.092197,-82.219088,6.234000205993652,35.82758712768555,166.09211498639638,-82.21877220387633,5.595072460957208,1.051829777740273,1.1141947221407633
SB68161_component_816a,185.697095,-80.814412,5.9770002365112305,33.02210235595703,185.6977476111957,-80.81435939385597,6.045614738624541,0.9333126878283284,0.9886505334726439
SB68161_component_817a,197.158088,-83.973094,5.848999977111816,37.493587493896484,197.15811266931544,-83.97315548347594,5.463618724957632,1.010614673628871,1.0705358978278947
SB68161_component_819a,177.484179,-84.203847,6.234000205993652,33.51612854003906,177.4830767141118,-84.20403928082982,5.693140502210787,1.0337113269493394,1.0950019946939367
SB68161_component_820a,149.820338,-84.046465,6.375,22.058822631835938,149.82004423619347,-84.04673156125989,5.661925001644798,1.0629196639383962,1.1259421483237684
SB68161_component_822a,186.719245,-84.159917,6.214000225067139,40.6143798828125,186.72033154874177,-84.16022588706629,5.012346239713764,1.1703467842640511,1.239738822476477
SB68161_component_824a,176.786143,-84.014125,6.934000015258789,40.3139533996582,176.78729315250135,-84.01452487851206,6.860740084555828,0.9541073389900505,1.010678138189184
SB68161_component_827a,157.313038,-83.57284,6.495999813079834,30.355138778686523,157.3138703120181,-83.5731067016746,5.334555373754363,1.1495613162672718,1.2177209454118136
SB68161_component_829a,177.256136,-83.223762,6.208000183105469,35.073448181152344,177.25788779785674,-83.22330493572369,6.382100815179142,0.9182742911830833,0.9727204823120948
SB68161_component_832a,193.676199,-82.181772,6.067999839782715,35.27906799316406,193.6781368113608,-82.1816283734047,6.018216434446784,0.9518359926217539,1.0082721194689814
SB68161_component_839a,202.576641,-84.872426,5.968999862670898,26.4115047454834,202.57584358271038,-84.87273458892719,5.043135855559419,1.1173397930650344,1.183588948152335
SB68161_component_840a,182.008206,-81.610367,5.39900016784668,32.72121047973633,182.00743998653186,-81.61065560114635,6.9237551034213904,0.736132526100051,0.7797791931113726
SB68161_component_845a,182.624814,-82.480304,6.361000061035156,37.63905334472656,182.62704661439486,-82.48073712020702,6.124961775718909,0.9804069512670466,1.038537103407236
SB68161_component_847a,180.903021,-81.531213,5.901000022888184,36.425926208496094,180.90256387564168,-81.53132338082202,4.248136021595097,1.311328702212182,1.3890798206297703
SB68161_component_849a,186.206503,-84.230146,5.544000148773193,36.0,186.20774526142492,-84.23061029064948,4.017221459595365,1.3028122218249645,1.3800583822758963
SB68161_component_854a,168.237576,-83.883615,5.644999980926514,36.655845642089844,168.23883833372645,-83.88383949375894,5.316076542012586,1.0024369910030615,1.0618733451850193
SB68161_component_855a,166.668411,-84.303244,5.816999912261963,32.67977523803711,166.6690656360118,-84.3035210592008,5.94150703954609,0.9242443535494026,0.9790445207831246
SB68161_component_858a,154.013084,-82.665094,5.534999847412109,15.769229888916016,154.01407286688195,-82.66537341509998,5.128815599722472,1.0187905155185233,1.0791965005939415
SB68161_component_865a,169.24061,-81.430792,5.699999809265137,34.33734893798828,169.2411403475468,-81.43064654069084,4.594038579847818,1.1712903572873206,1.2407383416997675
SB68161_component_871a,163.119739,-83.330362,5.5960001945495605,31.615819931030273,163.11833659381983,-83.33049165876574,4.693652408361459,1.1255146732618915,1.1922485322050316
SB68161_component_876a,190.247764,-81.419613,5.377999782562256,29.877775192260742,190.24609578488867,-81.41946199616574,4.064848272777453,1.2489953044456943,1.3230505597414453
SB68161_component_880a,176.850827,-83.654514,5.724999904632568,33.87574005126953,176.85145869592515,-83.65479011637028,5.154959933635316,1.0484182072071002,1.1105808732436173
SB68161_component_881a,187.308842,-82.570523,5.683000087738037,35.29813766479492,187.30996528626997,-82.57156600598026,4.438076845374338,1.2088355119265848,1.2805096184085325
SB68161_component_882a,179.006003,-80.387106,5.8420000076293945,16.739253997802734,179.00718663123425,-80.3876801692659,4.943816783093295,1.1155358980938013,1.1816780968921983
SB68161_component_883a,182.100514,-84.434979,5.709000110626221,36.596153259277344,182.10131381726586,-84.4351472475554,4.4736192733459585,1.2047179893447686,1.2761479602523893
SB68161_component_884a,177.790038,-82.526757,5.317999839782715,34.30967712402344,177.79018112801396,-82.52686021118348,5.2715593095731705,0.9523434247470758,1.0088096381890663
SB68161_component_885a,186.381303,-83.542193,5.513999938964844,31.152542114257812,186.3796559086819,-83.54234257947515,5.102094952243048,1.0202405598709747,1.080732520773787
SB68161_component_886a,163.250347,-84.998144,5.5269999504089355,25.94835662841797,163.25328789426584,-84.99840812533779,5.035984498383947,1.0360708164672738,1.097501382735105
SB68161_component_888a,182.877523,-80.991076,5.329999923706055,31.916168212890625,182.87714940512126,-80.99122388960559,4.490693283555315,1.1204646879270845,1.1868991238444713
SB68161_component_889a,180.103569,-84.148386,5.269999980926514,35.60810852050781,180.1044672409363,-84.14863190881336,3.419545800379307,1.4548779222773474,1.5411403410189588
SB68161_component_890a,188.231239,-80.476973,4.791999816894531,19.244979858398438,188.22985198011654,-80.47699350038978,4.610670369333569,0.9811537843363695,1.0393282175986855
SB68161_component_891a,168.053581,-80.470236,5.3520002365112305,24.327274322509766,168.05569273612784,-80.4701610460621,3.4612656338885612,1.4597065552933113,1.5462552726698766
SB68161_component_892a,192.218143,-81.782697,5.215000152587891,33.42948913574219,192.21414781150352,-81.78253814455181,5.139186263825993,0.9579532866859596,1.0147521192791826
SB68161_component_895a,178.152185,-81.725425,5.679999828338623,41.45985412597656,178.15116111120443,-81.72592880620883,5.247575800007635,1.0218189834993057,1.0824045320756224
SB68161_component_897a,196.102806,-80.174811,5.815000057220459,17.567975997924805,196.10194259910662,-80.17514175849173,4.6939707934648345,1.1694824398104817,1.2388232294321844
SB68161_component_903a,150.179272,-83.753931,5.068999767303467,11.165197372436523,150.17938013115747,-83.75454631166224,4.16701854773851,1.1483683184822067,1.2164572125685575
SB68161_component_908a,179.121381,-85.314185,5.51200008392334,24.60714340209961,179.12160937199542,-85.31430414522926,4.133953856834002,1.2587165880081477,1.3333482362922933
SB68161_component_909a,155.271744,-82.598685,5.644000053405762,18.26537322998047,155.27060747926004,-82.59900829059691,5.10718231830923,1.043253888773234,1.105110352761843
SB68161_component_913a,162.113311,-83.084134,4.9629998207092285,29.366863250732422,162.11325660950322,-83.08419109815553,5.864206295556304,0.7989496014899543,0.8463208097692643
SB68161_component_916a,154.599077,-83.084731,5.525000095367432,18.05555534362793,154.5997155015479,-83.08517392941354,5.343757895581372,0.9760450896055501,1.0339166188527973
SB68161_component_917a,176.753973,-81.658171,4.942999839782715,31.890321731567383,176.75478123511516,-81.65908960016435,5.850681869004453,0.7975693889336832,0.8448587618427135
SB68161_component_919a,194.892204,-83.64759,5.163000106811523,27.75806427001953,194.8942217355341,-83.64754187310483,4.302426504146594,1.1328516422447883,1.2000205237289991
SB68161_component_923a,193.861722,-84.591094,4.800000190734863,24.0,193.86249833038192,-84.59152187897115,5.049072150172946,0.8974578129319456,0.9506697563373994
SB68161_component_925a,180.488831,-81.315488,5.304999828338623,36.84027862548828,180.4862741211442,-81.3154391030581,4.965619353411342,1.0085473995967642,1.0683460512723613
SB68161_component_926a,170.703087,-84.822624,5.078999996185303,28.374300003051758,170.70345175543633,-84.82218586103471,4.5382414045472705,1.056513336401872,1.119155977708942
SB68161_component_933a,147.742287,-84.601149,5.465000152587891,15.704024314880371,147.7419372833125,-84.60132565956432,4.467711684476557,1.1547538111292759,1.2232213129545708
SB68161_component_935a,167.925385,-81.347274,4.994999885559082,26.71122932434082,167.9260341960076,-81.34690324112336,5.468013699360688,0.8623632755569093,0.9134943985497129
SB68161_component_938a,182.844589,-80.656796,4.545000076293945,20.381166458129883,182.8448760062919,-80.65700124241943,3.925905334982064,1.0928949932040068,1.1576947706291827
SB68161_component_939a,148.376925,-84.202436,5.263000011444092,18.402097702026367,148.3750725021628,-84.20275927632028,3.7963986723825878,1.3087175395763904,1.3863138373033614
SB68161_component_944a,200.790257,-85.226277,5.688000202178955,14.40000057220459,200.79504353788752,-85.22661195674118,3.1069173255535087,1.7282806638162955,1.8307536397562871
SB68161_component_945a,162.145145,-82.753472,5.123000144958496,28.6201114654541,162.14525462936163,-82.75368267425549,5.596695588938407,0.8641259497575545,0.9153615849830842
SB68161_component_946a,193.891422,-83.194903,4.859000205993652,24.664976119995117,193.89266943923042,-83.19499090093666,4.4405432264511875,1.032987771132592,1.094235537906674
SB68161_component_949a,166.717168,-84.535008,5.084000110626221,30.082841873168945,166.71555940423633,-84.53485744981087,5.308855035426506,0.9040429203982081,0.9576453070766096
SB68161_component_950a,156.439671,-85.281874,5.616000175476074,12.000000953674316,156.43710799801477,-85.28266639338624,4.476597317870219,1.184304685038429,1.2545243131557646
SB68161_component_952a,185.982327,-80.900093,5.131999969482422,32.07500076293945,185.98117147638825,-80.90039677029499,4.2703026838020905,1.134520507415725,1.2017883390207633
SB68161_component_954a,169.83621,-82.446706,5.015999794006348,28.662857055664062,169.83656545749153,-82.44655339963575,5.576224970715005,0.8491835798749965,0.8995332541906351
SB68161_component_956a,173.157986,-82.801262,4.942999839782715,32.519737243652344,173.15706544366552,-82.80173322758246,4.840838637643424,0.963949660875059,1.021104029649917
SB68161_component_958a,175.659183,-82.522157,5.001999855041504,31.26249885559082,175.65858099222083,-82.5222869745327,4.013929244133232,1.1764089690641442,1.246160445491768
SB68161_component_962a,202.082817,-85.08163,5.156000137329102,16.47284507751465,202.08729535120597,-85.08253478620686,5.927191483044687,0.8211988401871606,0.8698892472224571
SB68161_component_963a,174.795065,-83.588132,4.8379998207092285,30.237499237060547,174.79596978454998,-83.5880815068741,3.676819299278425,1.24216110446591,1.3158111473301624
SB68161_component_966a,191.52926,-82.827647,4.709000110626221,26.604520797729492,191.5289699209236,-82.8280664528383,4.344931225254009,1.0231284446645863,1.0837916336295812
SB68161_component_969a,168.998758,-80.688121,4.994999885559082,25.615385055541992,169.0004983141555,-80.68774509523979,3.363905622162073,1.4017676873883316,1.484881101494358
SB68161_component_970a,167.278877,-83.937401,4.776000022888184,29.300613403320312,167.27559485802917,-83.93743104783312,5.458474206705766,0.825995007889429,0.8749697886308304
SB68161_component_971a,158.386954,-82.494431,5.302000045776367,21.20800018310547,158.38689016476664,-82.49506911989808,4.604498571261702,1.087030549234748,1.151482612866473
SB68161_component_975a,170.639229,-80.385764,5.138000011444092,15.617021560668945,170.6397270250773,-80.38607700153342,4.7530215307538475,1.0204898372985056,1.0809965783237647
SB68161_component_976a,164.845416,-82.767404,5.142000198364258,26.369232177734375,164.84568088074099,-82.76797448742944,5.1681740193431045,0.93924593762568,0.9949355766890037
SB68161_component_980a,157.607472,-83.507099,4.614999771118164,20.695066452026367,157.60484602405464,-83.50733947540931,4.412317621946548,0.987391265055255,1.045935530153924
SB68161_component_982a,199.544628,-80.983006,4.821000099182129,10.689579010009766,199.55235306042607,-80.98312996407063,6.3821366893857165,0.7131081562462177,0.7553896655331824
SB68161_component_984a,190.749276,-82.575923,4.534999847412109,29.44805145263672,190.75317723590047,-82.57632544993244,4.751142889944044,0.9010804134077524,0.954507147535089
SB68161_component_988a,163.84402,-85.422093,4.539000034332275,11.043795585632324,163.84574350688004,-85.42183680826142,5.685232692427457,0.7536961660606759,0.798384213961563
SB68161_component_989a,173.153139,-82.420205,4.875,28.676469802856445,173.15370479833769,-82.42078504595969,5.787123045076071,0.7952364326852274,0.8423874802779346
SB68161_component_990a,188.377827,-82.024402,4.419000148773193,27.968353271484375,188.37593222580526,-82.02474052996929,4.681340083565498,0.8911240991434479,0.9439605048748144
SB68161_component_991a,170.213906,-82.18259,4.329999923706055,28.48684310913086,170.21535198740756,-82.18271004126849,3.879263141684861,1.0537146385354719,1.1161913398392014
SB68161_component_994a,178.397498,-80.543632,4.493000030517578,20.147981643676758,178.3967509630801,-80.54399006304988,3.9397308977408856,1.0765996340926445,1.1404332293593826
SB68161_component_995a,207.04805,-83.533129,4.747000217437744,17.913209915161133,207.04765835607748,-83.53288509752541,3.9288427967204838,1.1406147003489036,1.2082438679909004
SB68161_component_1000a,178.630622,-81.954743,4.788000106811523,29.55555534362793,178.6302775505619,-81.95498553178858,5.004811640853081,0.9031310610044352,0.9566793818429096
SB68161_component_1003a,163.406023,-82.808169,4.764999866485596,24.947643280029297,163.40991663492113,-82.80835958897288,3.8747422101242472,1.160925748878702,1.229759196375751
SB68161_component_1004a,158.79714,-83.662191,4.934000015258789,26.10582160949707,158.7959185271136,-83.6622513922604,4.374483613546417,1.0647722333060867,1.1279045599758846
SB68161_component_1005a,174.683304,-83.543079,4.853000164031982,30.71518898010254,174.68270985423692,-83.54338484235464,4.695023225352485,0.9757912643374371,1.0336477438123082
SB68161_component_1006a,191.966366,-83.204763,4.783999919891357,24.1616153717041,191.96702344675202,-83.20549407520124,5.256153882945161,0.8592260926700888,0.9101712062529563
SB68161_component_1007a,177.759398,-82.48003,4.775000095367432,33.159725189208984,177.76022825640297,-82.48022083594603,4.404741499335081,1.0233809379382621,1.084059097699205
SB68161_component_1009a,167.294336,-84.558029,4.256999969482422,25.189348220825195,167.29243492194462,-84.55790217946627,3.9727855132199843,1.011562901153043,1.071540347526106
SB68161_component_1010a,202.318039,-81.730768,4.598999977111816,10.242761611938477,202.31931923358357,-81.73062836518154,2.926037180382708,1.4837745985936246,1.5717503550348924
SB68161_component_1017a,163.315229,-83.215282,4.755000114440918,26.86440658569336,163.3170496235182,-83.21545796820314,5.421236267336817,0.828011867740998,0.8771062318552687
SB68161_component_1018a,186.87663,-82.852355,4.964000225067139,28.86046600341797,186.8794348735593,-82.85292354029563,4.91243627905466,0.9539359750037378,1.0104966137133085
SB68161_component_1025a,202.58652,-83.489276,4.519000053405762,22.9390869140625,202.5874513234757,-83.48898466685458,4.956582000476087,0.8606853600431302,0.9117169963034416
SB68161_component_1031a,159.107461,-82.105399,5.026000022888184,12.920308113098145,159.10960785436882,-82.10567230594992,5.072755553589873,0.9353258042223477,0.9907830112829699
SB68161_component_1034a,157.261765,-84.967321,4.478000164031982,15.231292724609375,157.26064789909776,-84.96754835857571,4.43055573444707,0.9541359637492342,1.0107084601635947
SB68161_component_1036a,173.631787,-80.856913,4.379000186920166,26.379520416259766,173.63191749007035,-80.85699758023527,3.6198345488818333,1.1420118431831976,1.2097238500231562
SB68161_component_1037a,162.026133,-84.699576,4.883999824523926,30.148147583007812,162.0260871287893,-84.69978061037823,4.017640782254849,1.1475956692274694,1.2156387515020304
SB68161_component_1038a,151.814501,-84.229458,4.184999942779541,22.14285659790039,151.81424572929373,-84.22964948566036,3.709157950079078,1.065134602337859,1.1282884145417205
SB68161_component_1041a,184.395813,-84.198842,4.313000202178955,26.95625114440918,184.4004619043067,-84.19947362255836,4.782099975309083,0.8514226356439165,0.9019050677417491
SB68161_component_1042a,182.781431,-82.093195,4.578000068664551,28.79245376586914,182.7783702734617,-82.0926710176698,3.7321761987232813,1.1579719001534274,1.2266302084640626
SB68161_component_1043a,148.264901,-84.145309,4.34499979019165,13.837578773498535,148.26743238154387,-84.14556666286981,4.79580819480172,0.8552878826285086,0.9059994924111623
SB68161_component_1046a,176.080558,-85.380438,4.150000095367432,15.313653945922852,176.08256009714674,-85.38036998549123,3.917575783158749,1.0000346892905865,1.059328606534646
SB68161_component_1047a,170.853819,-81.35673,4.480000019073486,28.0,170.854168801845,-81.35661102463943,5.6001442749487,0.7552020581834379,0.7999793932299227
SB68161_component_1048a,199.033668,-81.067023,4.552000045776367,12.505495071411133,199.03178261380143,-81.06636619454778,5.106165424600483,0.8415728999119686,0.8914713228532986
SB68161_component_1049a,191.364341,-80.403456,4.203000068664551,15.33941650390625,191.36310760833234,-80.40388414620983,3.9385580081426714,1.0074105987041444,1.0671418473398553
SB68161_component_1052a,201.860512,-82.090819,4.131999969482422,15.19117546081543,201.86552258026592,-82.09082101311927,3.2722692720736593,1.1920532064781297,1.2627322588473733
SB68161_component_1054a,194.154496,-81.025011,4.340000152587891,24.382022857666016,194.1517081746054,-81.02507696604475,3.808155705321858,1.0758690455759288,1.1396593228902867
SB68161_component_1056a,179.059138,-81.383157,4.046999931335449,26.979997634887695,179.0617506212972,-81.38373376565522,5.3702020017364,0.7114214242570909,0.7536029240663373
SB68161_component_1058a,165.751193,-81.350033,4.158999919891357,21.54922103881836,165.7503665854873,-81.35009728533701,4.095198038063361,0.9587345278400191,1.0155796816747276
SB68161_component_1059a,155.272131,-83.590498,3.931999921798706,12.976897239685059,155.26988386066878,-83.5905835619764,4.432984748519383,0.837339595309505,0.886987017745097
SB68161_component_1060a,150.62103,-83.883047,4.182000160217285,12.52095890045166,150.6223584397271,-83.88318486461954,2.2564222562482708,1.7496373260068783,1.8533765781811833
SB68161_component_1061a,205.575805,-83.342875,4.558000087738037,17.666667938232422,205.57569059233774,-83.34250196418068,3.347374622772247,1.2854475909233867,1.3616641701021106
SB68161_component_1065a,189.39452,-81.379888,3.884999990463257,24.28125,189.3930872050941,-81.3798225635506,4.695076690896599,0.7811468689038463,0.8274625200470058
SB68161_component_1066a,162.999583,-82.924918,4.127999782562256,22.681318283081055,163.0000794185013,-82.92529885304045,4.035629498130651,0.9656344310162921,1.022888692947257
SB68161_component_1067a,170.358369,-84.222359,4.396999835968018,25.864704132080078,170.3605859817218,-84.22284824790336,5.215006429125552,0.7959503280198074,0.8431437037950695
SB68161_component_1069a,179.226855,-82.778678,3.7660000324249268,25.27516746520996,179.22422006108133,-82.77882326331031,2.968476115886275,1.1976533269390788,1.2686644208692044
SB68161_component_1071a,159.870901,-82.678837,3.7200000286102295,16.3157901763916,159.8694586424845,-82.67895255639223,4.505385125666622,0.7794627890100114,0.8256785879231164
SB68161_component_1072a,155.334265,-83.423601,3.818000078201294,11.894081115722656,155.33433439093318,-83.42420197535343,4.245746078992166,0.8489190522786597,0.8992530422609709
SB68161_component_1074a,192.021518,-81.973111,3.7839999198913574,22.658681869506836,192.0197253151368,-81.9727658441658,4.731807073207865,0.7549330770756347,0.7996944637318117
SB68161_component_1075a,178.003963,-83.18257,3.999000072479248,22.466291427612305,178.0034271478755,-83.18263068942314,3.8514916198869344,0.9801822181522094,1.038299045447915
SB68161_component_1076a,173.433565,-80.727095,4.515999794006348,22.693466186523438,173.43433157100108,-80.72720887874961,2.9848610685636925,1.4282826370093864,1.5129681718082226
SB68161_component_1082a,188.377335,-81.006277,3.997999906539917,24.378047943115234,188.37714060952885,-81.00611345015318,3.8267126076781275,0.9862824315737792,1.0447609518724006
SB68161_component_1087a,189.064435,-84.85334,4.156000137329102,21.096446990966797,189.06472646616263,-84.85329454870019,4.425837031035946,0.8864709329603487,0.9390314438117293
SB68161_component_1089a,177.189885,-84.176137,3.934000015258789,20.383419036865234,177.19169861340384,-84.17633715340422,4.545844829988581,0.8169662485719753,0.8654056973758761
SB68161_component_1091a,163.934585,-84.674161,4.132999897003174,25.04848289489746,163.93325918507082,-84.67425754907691,4.18010683296124,0.9333883540814496,0.9887306861186859
SB68161_component_1092a,195.712165,-82.019071,4.255000114440918,22.394737243652344,195.7165568353164,-82.01937999248696,4.851681412372649,0.8279262756688525,0.8770155648699257
SB68161_component_1098a,166.710082,-82.019979,4.311999797821045,25.975902557373047,166.7071797800545,-82.02040753189425,4.471463498163481,0.9103605023161009,0.9643374701799688
SB68161_component_1099a,196.315959,-80.197191,4.283999919891357,13.59999942779541,196.31570965049798,-80.19714357895805,3.7244198585387003,1.0858633752954878,1.150246235012884
SB68161_component_1100a,172.052701,-81.68754,4.5920000076293945,29.2484073638916,172.05396909163665,-81.68764164762115,4.802645656075672,0.9026215535788864,0.9561396647741862
SB68161_component_1101a,200.963409,-83.707585,3.6670000553131104,20.486032485961914,200.96007219467526,-83.70731411570189,2.9842731615972466,1.1599965781393151,1.2287749333745486
SB68161_component_1102a,191.098307,-83.667435,4.204999923706055,25.33132553100586,191.1008467175834,-83.66763583979554,3.414688668541364,1.1625168158137835,1.2314446006295163
SB68161_component_1103a,161.543165,-82.549798,4.090000152587891,22.228261947631836,161.53927993558804,-82.55001299870965,3.1534097358668465,1.2244111755667946,1.2970087921237368
SB68161_component_1104a,196.003261,-81.97994,4.396999835968018,24.427776336669922,196.00665923834242,-81.98016991912048,4.041241525631225,1.0271314029516054,1.0880319347607477
SB68161_component_1107a,174.823561,-84.140254,3.5269999504089355,20.505813598632812,174.82151201699168,-84.14085596930896,3.9370518237297905,0.8457045884099265,0.8958479868491064
SB68161_component_1113a,184.412838,-80.787454,3.9230000972747803,22.676301956176758,184.41362440683864,-80.78817728121247,4.209203115335788,0.879838173048683,0.9320054152249729
SB68161_component_1116a,193.01852,-84.435553,4.4629998207092285,22.094057083129883,193.0210593459999,-84.43565892576308,3.8139506287313854,1.1046791760872092,1.1701776596394309
SB68161_component_1120a,183.74589,-81.871684,3.9579999446868896,25.371793746948242,183.74540231676391,-81.87167727842152,3.4728734136023007,1.075898234999143,1.1396902430087086
SB68161_component_1124a,196.823904,-84.942199,3.9809999465942383,18.013574600219727,196.82796220994297,-84.94268963037736,2.8748370807106935,1.3072639912513346,1.3847741053938571
SB68161_component_1125a,158.634595,-83.836452,3.8350000381469727,20.291006088256836,158.63703091103235,-83.83677487719397,4.005594132846496,0.903821764470372,0.9574110384023621
SB68161_component_1127a,179.979108,-84.573425,3.9070000648498535,22.325714111328125,179.98082938002415,-84.57359438991409,4.050626091205041,0.9105538341728394,0.9645422650421778
SB68161_component_1130a,164.530088,-81.486314,4.105999946594238,21.164947509765625,164.53024432181945,-81.48604420450259,4.048365352449019,0.9574665377369338,1.0142365100793964
SB68161_component_1131a,197.834098,-81.992484,3.7639999389648438,20.79557991027832,197.83991562356763,-81.99246050649177,3.5639861451415564,0.9970064443058059,1.0561208112708147
SB68161_component_1132a,176.889584,-84.172488,4.043000221252441,22.586593627929688,176.88776662500288,-84.17304389772914,3.7237605838019037,1.0249587310628305,1.0857304411135367
SB68161_component_1134a,186.279848,-84.558303,3.9639999866485596,21.197860717773438,186.28343942263908,-84.5586987339431,4.0039184019075,0.9346150948622716,0.9900301626426945
SB68161_component_1137a,197.887076,-80.518861,4.1529998779296875,17.304166793823242,197.88766859355724,-80.51895834898896,3.5360653092170105,1.1087305277607458,1.1744692234910346
SB68161_component_1138a,185.256524,-84.274018,3.693000078201294,24.95270347595215,185.25925767532786,-84.27434288938349,3.774816859498721,0.9235657003186379,0.9783256289397065
SB68161_component_1139a,197.472697,-81.28853,4.126999855041504,13.848992347717285,197.47003451039262,-81.28800810803897,3.8765109331278733,1.005027175973758,1.0646171070415418
SB68161_component_1147a,168.200025,-84.917973,3.813999891281128,21.670454025268555,168.1984135593751,-84.91819378325148,3.546783133131491,1.0151504387017949,1.0753405968505632
SB68161_component_1154a,198.022263,-81.345956,3.9809999465942383,12.479623794555664,198.02117765178377,-81.34604871292962,3.535105585729877,1.063100070192462,1.1261332512002749
SB68161_component_1159a,196.840078,-81.777868,3.7170000076293945,19.159793853759766,196.84257787436758,-81.77859175136082,3.648431498104467,0.9617689017772943,1.0187939692880494
SB68161_component_1167a,197.947607,-84.491996,3.9509999752044678,21.8287296295166,197.9494657639583,-84.49197961073554,3.961521340325052,0.9415196577857285,0.9973441099474878
SB68161_component_1169a,188.960129,-83.95932,3.7009999752044678,20.447513580322266,188.96349298206206,-83.95944319633034,2.734276158561715,1.2777946672873317,1.3535574903857808
SB68161_component_1172a,196.640278,-84.58474,4.179999828338623,20.291261672973633,196.63825412597873,-84.58490909508505,3.860302828257222,1.0222079487647115,1.082816559815265
SB68161_component_1173a,199.350225,-82.954603,3.1659998893737793,15.368931770324707,199.35045506222053,-82.95515552760261,3.55421164968724,0.8409147574829696,0.8907741579352422
SB68161_component_1178a,163.74185,-81.713059,3.7119998931884766,18.107316970825195,163.7422809781648,-81.71320366585027,4.583107418458875,0.7645964610267861,0.8099308076956838
SB68161_component_1183a,181.255034,-81.204758,3.7330000400543213,24.083871841430664,181.2555819636225,-81.20477258289608,3.402092623329957,1.035848463329862,1.0972658458664988
SB68161_component_1185a,192.039455,-80.816962,3.812000036239624,21.29608917236328,192.03849609529047,-80.81678186767637,3.7882140766513173,0.949954375288514,1.0062789375433958
SB68161_component_1188a,194.274436,-85.008638,3.5260000228881836,15.464912414550781,194.2760027330475,-85.00893486035898,3.4347736596616,0.9690999068616488,1.0265596433028346
SB68161_component_1190a,204.972893,-83.305098,3.9070000648498535,16.347280502319336,204.97239607775114,-83.30485896683201,3.161954104931072,1.1664663672364384,1.235628328303969
SB68161_component_1191a,163.479603,-81.366433,3.617000102996826,17.061321258544922,163.481627896023,-81.36629779012864,4.612897443705699,0.7402170540099756,0.7841059002801427
SB68161_component_1193a,160.433784,-84.198497,3.9760000705718994,22.08888816833496,160.4324850184807,-84.19874230735374,3.6683763832838676,1.023191348636468,1.0838582672949857
SB68161_component_1194a,203.494826,-82.320957,3.9730000495910645,10.566490173339844,203.49070829228748,-82.31984686024518,4.353118884035991,0.8615934869590103,0.9126789677536902
SB68161_component_1197a,166.383134,-82.617999,3.431999921798706,19.953487396240234,166.3826948841395,-82.61815772589887,3.3238342068349653,0.9747478390982169,1.0325424519494126
SB68161_component_1199a,182.009396,-81.739925,3.7839999198913574,23.949365615844727,182.00731719792412,-81.73981007450361,3.762745718977579,0.9493593085199795,1.0056485881590622
SB68161_component_1201a,192.125445,-81.640593,4.188000202178955,28.297298431396484,192.1224395024596,-81.64069638546113,3.7134290260550142,1.064672241201862,1.1277986391537702
SB68161_component_1202a,193.309745,-81.99023,3.7720000743865967,21.803468704223633,193.31256254802298,-81.99050448723285,2.753140890298369,1.29338440674349,1.3700715744982488
SB68161_component_1207a,156.58428,-82.777539,3.7109999656677246,16.42035484313965,156.5843635154051,-82.77787970626417,3.1439710961464167,1.1142862472515123,1.1803543519265551
SB68161_component_1208a,179.301353,-83.363875,3.9670000076293945,23.613096237182617,179.30097753865758,-83.36391637598445,3.4881718238866375,1.0736153109916253,1.1372719601895158
SB68161_component_1210a,198.794947,-80.553786,3.9709999561309814,12.566454887390137,198.79791330217765,-80.55370829796333,3.158539846505499,1.1868556100640937,1.257226487272073
SB68161_component_1215a,201.262874,-83.570771,3.73799991607666,18.878787994384766,201.2661079342112,-83.57102061601593,4.528368415853927,0.7792591302944091,0.8254628539033689
SB68161_component_1221a,196.821846,-80.522799,3.734999895095825,17.133028030395508,196.82011919520346,-80.52297635867103,2.4323943815623457,1.4495759238892665,1.5355239772823377
SB68161_component_1225a,170.447138,-83.273423,3.49399995803833,21.435583114624023,170.4461640246577,-83.27366698570022,3.7168172069487686,0.8874339867511327,0.9400515988534839
SB68161_component_1229a,197.858006,-80.372996,3.2269999980926514,10.792642593383789,197.86048185223876,-80.37301181437671,2.974226550700616,1.0242578090125198,1.0849879600908314
SB68161_component_1233a,179.073329,-84.074904,3.506999969482422,21.782608032226562,179.0767461782854,-84.07533036665696,2.8305468422651194,1.1696334513596196,1.2389831947370202
SB68161_component_1238a,170.532906,-81.527102,3.674999952316284,22.826086044311523,170.53561629485847,-81.52686023519155,4.033249487220348,0.8601746022808766,0.911175954763224
SB68161_component_1240a,179.886232,-80.453994,3.7290000915527344,12.067961692810059,179.88617526558158,-80.4545211633538,3.4214491259533086,1.028884612177185,1.0898890950230726
SB68161_component_1243a,184.542049,-82.936153,3.506999969482422,21.515336990356445,184.54504611708953,-82.93660532805406,2.4208479892449333,1.3675795783386788,1.4486659158538333
SB68161_component_1248a,176.278262,-81.608012,3.546999931335449,20.62209129333496,176.27739257104065,-81.60826602264687,3.894583510076134,0.8597744285762723,0.9107520540151699
SB68161_component_1258a,195.69035,-82.393345,3.61299991607666,20.764368057250977,195.69191599402188,-82.39336736804617,3.257176551476193,1.047155110664441,1.1092428853570138
SB68161_component_1262a,182.096117,-81.401362,3.684999942779541,22.74691390991211,182.096086199742,-81.40138216494776,2.904924456202556,1.197531669380496,1.2685355500076356
SB68161_component_1263a,184.075795,-82.936602,3.821000099182129,23.29878044128418,184.07561580902143,-82.93680429139823,3.4057314101791714,1.0591342662217755,1.1219323073339804
SB68161_component_1264a,195.339532,-85.188272,3.2019999027252197,11.643635749816895,195.34047809155618,-85.18863691105416,3.17772584870149,0.9512381344344051,1.0076388131574185
SB68161_component_1265a,174.730267,-81.969108,3.756999969482422,23.778480529785156,174.72788146906123,-81.96904031506529,3.700821887962961,0.9583571168993734,1.0151798933372562
SB68161_component_1269a,203.449097,-84.125965,3.184999942779541,14.543378829956055,203.44976181858507,-84.12588610919124,3.121019704246307,0.9633792393762729,1.0204997867992265
SB68161_component_1273a,169.13374,-82.205136,3.184999942779541,22.11805534362793,169.13263745225154,-82.20510233225006,3.421177768076748,0.8788568711077036,0.9309659300662482
SB68161_component_1274a,180.823821,-80.805911,3.4590001106262207,17.738462448120117,180.82312124724763,-80.8060993642366,2.0370068102044496,1.6030329886711163,1.6980797969345272
SB68161_component_1275a,184.309662,-80.975923,3.3519999980926514,21.350317001342773,184.30808532177696,-80.97598465303584,3.0201874967280506,1.0477422792233808,1.1098648682322116
SB68161_component_1278a,166.315023,-83.571609,3.055000066757202,18.975156784057617,166.31834162820124,-83.57247422728574,3.3247844399095867,0.8674253210377932,0.9188565821248487
SB68161_component_1283a,188.092143,-82.455512,3.302000045776367,19.538461685180664,188.0941297007021,-82.45575366253016,3.5452586806969713,0.879252295190818,0.9313847995789178
SB68161_component_1284a,201.658707,-82.704582,3.505000114440918,10.685976028442383,201.65854579601833,-82.70481487953856,3.6431785884975687,0.9082218384424746,0.9620720009463948
SB68161_component_1287a,190.37211,-83.097579,3.4089999198913574,17.755207061767578,190.37238768837847,-83.09786620793926,3.5605184841622437,0.90385363948849,0.9574448033496062
SB68161_component_1292a,184.62167,-80.993295,3.677999973297119,22.426828384399414,184.62199106135188,-80.99336097719204,4.1613229995489,0.8343814874308979,0.8838535181469512
SB68161_component_1296a,176.849354,-85.067566,3.190999984741211,16.973403930664062,176.84895407769656,-85.06697561854467,3.4776339666081424,0.8662181870286553,0.9175778748944946
SB68161_component_1297a,195.508295,-84.033215,3.388000011444092,19.360000610351562,195.50818328931095,-84.03310193588477,2.9339301148014503,1.09012927608303,1.1547650689946205
SB68161_component_1300a,164.082557,-80.658326,2.877000093460083,10.238434791564941,164.08073096286975,-80.65828205483199,2.5475973330528254,1.0660889826763154,1.1292993818660224
SB68161_component_1306a,187.070451,-80.715954,3.496000051498413,17.836734771728516,187.0694408986843,-80.71626461564601,3.888715654839862,0.8486910195883984,0.8990114890882602
SB68161_component_1308a,173.175778,-82.738623,3.0840001106262207,19.896774291992188,173.178469489516,-82.73840307608384,3.4834093326877014,0.8357843575994945,0.8853395670978157
SB68161_component_1312a,180.767671,-83.823103,3.059000015258789,16.90055274963379,180.76777965420362,-83.82358577555168,3.706377601952275,0.7791376322775904,0.8253341520430919
SB68161_component_1315a,152.369869,-84.125915,3.3570001125335693,16.3756103515625,152.36863475554318,-84.12574669093313,2.7850740619623346,1.1378865708703083,1.2053539826399666
SB68161_component_1318a,185.837014,-81.221752,3.23799991607666,20.111801147460938,185.8359910802612,-81.22161913003274,3.9653660772611765,0.7708642604813309,0.8165702366408253
SB68161_component_1322a,193.33265,-84.5708,2.8329999446868896,15.231182098388672,193.33095210541228,-84.57097849066575,2.6303153941971287,1.0167708904351962,1.0770571281820094
SB68161_component_1323a,183.378226,-81.764973,3.2249999046325684,20.941558837890625,183.37784544724508,-81.76484371541406,3.5814049510564714,0.8500816494995177,0.9004845720340092
SB68161_component_1324a,186.500055,-80.639067,3.2839999198913574,14.216449737548828,186.4993211776196,-80.63905584553687,2.5388313073104056,1.2211068219747299,1.293508517259609
SB68161_component_1329a,164.684213,-80.728984,2.9730000495910645,12.4393310546875,164.68451054251832,-80.72960547715036,2.4074338161265634,1.1658023453158635,1.234924935288343
SB68161_component_1334a,154.220875,-84.510519,2.6489999294281006,14.55494499206543,154.2262397457267,-84.51058805995626,2.8257907766904555,0.8849654348280483,0.9374366818942587
SB68161_component_1339a,165.39766,-84.24594,3.177999973297119,18.369943618774414,165.3990570066754,-84.24599099734101,2.794736069406979,1.0734886425161818,1.1371377813045027
SB68161_component_1340a,199.331026,-82.430175,3.4079999923706055,15.561643600463867,199.33309906866901,-82.42941893103672,3.297313568135479,0.9757166145797526,1.0335686679316083
SB68161_component_1343a,183.364155,-84.748667,3.00600004196167,17.578947067260742,183.36631476109417,-84.74893053358183,2.520269415696664,1.1259688553562206,1.192729643600717
SB68161_component_1349a,191.76034,-82.997151,2.931999921798706,14.233009338378906,191.76183122934464,-82.99738778214616,4.056639180833698,0.6823103171228968,0.7227657652303545
SB68161_component_1350a,169.119051,-81.616486,3.375999927520752,20.095237731933594,169.12149171136352,-81.61644891413414,2.93021846370892,1.0876440612533387,1.1521325011540555
SB68161_component_1361a,166.415161,-82.120723,2.98799991607666,18.331287384033203,166.41283808738993,-82.12027328496151,3.584750257804208,0.7868755320379985,0.8335308462762816
SB68161_component_1368a,177.538363,-83.366655,3.3410000801086426,18.982955932617188,177.53566102531005,-83.36666835829188,3.1793330219958937,0.9920300551483602,1.0508493627418933
SB68161_component_1370a,188.489472,-83.333773,2.808000087738037,17.55000114440918,188.4873728534542,-83.33395761322423,2.39753292666702,1.1056480429560505,1.1712039724274554
SB68161_component_1371a,160.679908,-81.53112,3.38700008392334,14.855263710021973,160.68205698830417,-81.5311049193497,3.047004424138161,1.0493647886855424,1.1115835792989852
SB68161_component_1372a,196.238084,-80.309312,2.9089999198913574,11.682730674743652,196.23912939050288,-80.30981071387347,2.886700911196868,0.951319249950343,1.007724738163208
SB68161_component_1373a,189.304875,-80.914863,2.999000072479248,17.436046600341797,189.30327178490188,-80.91486955673756,3.7130165275954754,0.7624896600172768,0.8076990905347196
SB68161_component_1375a,184.85946,-84.170963,2.934999942779541,20.815601348876953,184.85752774192474,-84.17096065078545,2.886038557162365,0.9600422210321274,1.0169649104290956
SB68161_component_1376a,165.1356,-83.684503,2.931999921798706,17.146198272705078,165.13302053361684,-83.68471745138223,2.741913987482502,1.0094724993431154,1.069326001903777
SB68161_component_1379a,176.822304,-80.962199,2.86299991607666,17.45731544494629,176.82226479113066,-80.96310043895075,2.7414846467315823,0.985870523980117,1.044324621511176
SB68161_component_1383a,167.80785,-83.366163,2.9630000591278076,19.11612892150879,167.80714807306032,-83.36673533033094,2.5575712123940906,1.093675013069742,1.1585210393239465
SB68161_component_1388a,193.979805,-83.683082,2.7890000343322754,17.216049194335938,193.97909413648546,-83.68314896359836,3.0976982770733947,0.8499507671432339,0.9003459294193211
SB68161_component_1389a,192.421555,-81.238943,3.078000068664551,16.91208839416504,192.4188522309463,-81.23885122275895,2.6805301766261387,1.0840075055914338,1.1482803273413207
SB68161_component_1390a,171.11968,-85.169083,2.739000082015991,13.559406280517578,171.11575846907976,-85.16916678145792,2.361098086135392,1.0951216904983396,1.160053492948759
SB68161_component_1395a,195.766439,-82.210565,2.947000026702881,16.01630401611328,195.77219540862336,-82.21073734633374,2.5844613250999937,1.0764514993056402,1.1402763113852594
SB68161_component_1401a,193.622565,-83.713756,2.9100000858306885,18.30188751220703,193.6223734896891,-83.71397026740907,3.1353845308423183,0.8761663209690477,0.9281158522042333
SB68161_component_1404a,207.189505,-83.894914,2.8959999084472656,10.379927635192871,207.19110114643104,-83.8949850641567,2.7189509351887424,1.005498756863418,1.0651166488395027
SB68161_component_1427a,188.627055,-83.898333,3.1679999828338623,19.55555534362793,188.6250078949156,-83.89867481906956,2.671093639259372,1.1196451990641496,1.1860310459622336
SB68161_component_1429a,180.999677,-82.787909,3.009000062942505,18.34756088256836,180.99898601506146,-82.78821702039409,2.8783514457909454,0.986876350283696,1.0453900851275855
SB68161_component_1430a,167.681464,-80.631023,3.1019999980926514,16.072538375854492,167.68550914461798,-80.63044620396113,2.422688359456702,1.2087280634839264,1.280395799147806
SB68161_component_1432a,157.0622,-83.263237,2.3940000534057617,11.735294342041016,157.0627453586194,-83.26414984132836,2.771038331610536,0.8155789105782512,0.8639361015314291
SB68161_component_1436a,167.625594,-81.804935,2.953000068664551,17.78915786743164,167.6295136753984,-81.80540135499142,2.5416558848625797,1.0968091651799128,1.1618410211436674
SB68161_component_1440a,176.838549,-80.837832,3.0390000343322754,16.883333206176758,176.83834655405002,-80.83836531148778,2.5961560913856223,1.105055955167268,1.1705767786521257
SB68161_component_1441a,163.241602,-84.147693,2.7909998893737793,16.226743698120117,163.24209393494763,-84.14749063358056,2.7781197707959446,0.9484036547337309,1.0046362718818795
SB68161_component_1444a,180.712111,-81.612021,2.7239999771118164,20.328357696533203,180.7082638620778,-81.61189582225582,1.959003154024125,1.3126723251389905,1.3905031094596545
SB68161_component_1445a,157.807929,-84.67576,3.015000104904175,14.707317352294922,157.80773951030784,-84.67602994583375,2.094173927975115,1.3591235821360097,1.4397085479043372
SB68161_component_1447a,195.756775,-82.32639,3.0209999084472656,17.66666603088379,195.75977846651747,-82.3265046298793,2.691661527083815,1.0595333468881691,1.1223550502355548
SB68161_component_1455a,162.904069,-83.356676,3.1110000610351562,18.62874412536621,162.90456975447466,-83.35668730422113,2.9639923735069975,0.9908486056933943,1.049597862950713
SB68161_component_1457a,176.912596,-81.68787,2.9170000553131104,19.06536102294922,176.91352789945583,-81.68838629298975,2.3947006527535493,1.1499251421932264,1.2181063432537986
SB68161_component_1459a,167.875112,-83.465795,2.759000062942505,16.134502410888672,167.87676661420974,-83.46646978419659,2.8850173378804493,0.9027918872809363,0.9563200978783281
SB68161_component_1460a,159.281041,-83.392761,3.0209999084472656,15.029850006103516,159.27861625362817,-83.39279250892312,2.515074276814505,1.1339248199434282,1.2011573321299864
SB68161_component_1465a,156.147475,-83.060168,2.7009999752044678,12.621495246887207,156.14824428157664,-83.06028377604957,2.395254131520313,1.0645286324052867,1.1276465155244686
SB68161_component_1467a,156.755859,-83.250954,2.6459999084472656,13.639174461364746,156.75657588991282,-83.25121806534652,3.3061419416601314,0.7555317064511669,0.8003285869567399
SB68161_component_1473a,173.831817,-82.465676,2.9079999923706055,18.522293090820312,173.83425232965206,-82.46560484383289,2.5839400811290743,1.0624202191268202,1.1254130905001212
SB68161_component_1478a,193.583688,-80.449422,3.1679999828338623,13.255230903625488,193.5815242711714,-80.45002118001526,2.80947954565013,1.0644950856032958,1.1276109796701754
SB68161_component_1480a,169.915731,-83.787136,2.75,15.895954132080078,169.9116116608898,-83.7871207423833,2.323654599503764,1.1172374527753026,1.1834805399164254
SB68161_component_1483a,162.153541,-82.275952,2.684999942779541,13.698979377746582,162.15354896467645,-82.27597892182415,2.2154222118987015,1.1441214818720777,1.2119585731147804
SB68161_component_1485a,199.793167,-82.634231,2.8450000286102295,12.757847785949707,199.7923974232691,-82.63441561358532,2.497183766925999,1.0755141703840911,1.1392834064880968
SB68161_component_1488a,200.06251,-84.407951,2.4679999351501465,12.402009963989258,200.06069997296615,-84.40839624533957,2.4304936872571163,0.958594673197738,1.015431534790513
SB68161_component_1492a,172.998607,-83.757205,2.696000099182129,15.14606761932373,173.00013752499513,-83.75694396294374,2.2996576659692143,1.1067284601288543,1.1723484495444987
SB68161_component_1500a,193.304561,-84.006254,2.509000062942505,15.02395248413086,193.30639940383108,-84.00642538260257,2.6965611319944203,0.8783644831366499,0.9304443474963269
SB68161_component_1502a,167.497207,-85.087493,2.6640000343322754,12.685714721679688,167.49682374671065,-85.08759494584628,2.3668592676383264,1.062542120769967,1.1255422199184824
SB68161_component_1505a,178.478367,-81.851227,2.8910000324249268,20.216781616210938,178.48182857199606,-81.85095409005164,3.2601414277117056,0.8371360041922212,0.8867713553316982
SB68161_component_1508a,167.148864,-81.667467,2.555000066757202,15.299402236938477,167.14952839382076,-81.66780472957271,2.9924147742412464,0.8060342390457237,0.8538255086663397
SB68161_component_1520a,200.357873,-84.415117,2.5380001068115234,12.626866340637207,200.35891436483027,-84.41510488769525,2.3911396413170607,1.0020077057638486,1.0614186068253089
SB68161_component_1521a,189.959056,-84.019939,3.0179998874664307,17.050846099853516,189.96197778111906,-84.02052239680204,2.3947883064867823,1.1896972430879273,1.2602366060046102
SB68161_component_1523a,162.072318,-82.062432,2.871000051498413,12.537117958068848,162.07324258874826,-82.06234052388272,2.9489700843133537,0.9190670541321704,0.9735602496513303
SB68161_component_1534a,176.407917,-81.159281,2.638000011444092,16.184049606323242,176.40928866396177,-81.15973518720673,2.6738715431889126,0.9313622232198594,0.9865844221887938
SB68161_component_1538a,202.478673,-84.56649,2.5789999961853027,13.025252342224121,202.48001920343057,-84.56688123652899,2.1564389466423037,1.1290119518475992,1.195953170944603
SB68161_component_1539a,175.93126,-83.864168,2.73799991607666,17.220125198364258,175.93474876405804,-83.86465837384839,1.8074564222792362,1.4300458434958954,1.5148359220876768
SB68161_component_1542a,195.349206,-80.919196,2.5940001010894775,14.411110877990723,195.34800337796327,-80.91895214093606,2.3764472888657333,1.0304482064616431,1.0915453977216474
SB68161_component_1543a,165.181959,-84.694031,2.555000066757202,16.6993465423584,165.1851483133374,-84.69446856100048,2.581710143452241,0.9342600956122181,0.9896541148266466
SB68161_component_1555a,157.114139,-83.873727,2.9549999237060547,15.390624046325684,157.11331186239283,-83.87394946330747,2.39563603813996,1.1644504180821915,1.2334928497737914
SB68161_component_1557a,185.585908,-81.233601,2.4700000286102295,15.24691390991211,185.5851016944176,-81.23378134388406,2.9923598161912626,0.77923330985675,0.8254355025239233
SB68161_component_1558a,187.756497,-80.737303,2.5190000534057617,13.840660095214844,187.75631828458103,-80.73697062913537,2.2089040385713092,1.076553686044182,1.1403845569656428
SB68161_component_1559a,197.871972,-81.89091,2.503000020980835,13.313830375671387,197.87631332795908,-81.89069651515123,2.1876700851898865,1.0800985669629222,1.144139620469134
SB68161_component_1560a,181.010485,-80.931038,2.0980000495910645,11.279569625854492,181.01023731853073,-80.93083012371329,2.317827119309419,0.8544936092510959,0.9051581250874955
SB68161_component_1568a,186.933585,-84.41973,2.2860000133514404,14.198758125305176,186.9337553687482,-84.41972009317358,2.388276919785052,0.9035993539606032,0.9571754407596852
SB68161_component_1575a,171.93667,-83.850379,2.575000047683716,15.058479309082031,171.93748797652557,-83.85049766597042,2.0907185247353373,1.1626956266409771,1.2316340134833232
SB68161_component_1577a,179.535309,-83.201296,2.4649999141693115,12.973684310913086,179.53476974492878,-83.2012691151143,2.8561257111145233,0.8147492221071178,0.863057219287247
SB68161_component_1578a,197.93747,-84.741957,2.815000057220459,12.566964149475098,197.93469822549807,-84.74272612454999,2.8122607600815686,0.9449464236849306,1.000974055172185
SB68161_component_1581a,169.664154,-81.708948,2.313999891281128,13.856287002563477,169.66174962809274,-81.70903835154343,2.3301274655630255,0.9374929705550678,0.9930786729394648
SB68161_component_1588a,156.768462,-83.126286,2.6659998893737793,13.133005142211914,156.76824061605353,-83.12673798611983,1.6606536169239463,1.5155331353183954,1.6053919144872915
SB68161_component_1595a,162.346962,-82.362374,2.7009999752044678,15.259886741638184,162.34954830255955,-82.36233182235604,2.3360834846868705,1.0914920727810418,1.1562086684442747
SB68161_component_1596a,171.076218,-83.229556,2.640000104904175,16.81528663635254,171.07412673525056,-83.2300173359188,4.822020362243593,0.5168437500991405,0.5474883776052397
SB68161_component_1602a,162.324632,-81.615607,2.2829999923706055,11.028985023498535,162.3286127690879,-81.61569842650452,2.456556150758682,0.8773312104657053,0.9293498101663683
SB68161_component_1617a,162.562059,-84.31903,2.25600004196167,13.270587921142578,162.56118001175216,-84.3188228897873,2.083098393593617,1.0223831522663922,1.083002151458518
SB68161_component_1627a,163.561957,-82.009374,2.2960000038146973,11.774359703063965,163.56101435962557,-82.0093589665402,3.055320690600811,0.7094134990005693,0.7514759451857089
SB68161_component_1628a,191.351518,-84.753981,2.5510001182556152,15.00588321685791,191.3562259183694,-84.75373196069724,2.004666699935908,1.2013032922629792,1.2725307994277424
SB68161_component_1648a,182.08042,-80.706921,2.36899995803833,11.389422416687012,182.08048508199582,-80.70682923729575,2.4321713735025363,0.9195074351114503,0.974026741638179
SB68161_component_1658a,159.587656,-84.092357,2.114000082015991,12.362573623657227,159.58701094021708,-84.09257208334039,2.097389608461912,0.951503198827634,1.0079195937116614
SB68161_component_1664a,181.840668,-83.860768,2.125999927520752,12.289017677307129,181.83758238949756,-83.86079151243305,2.0012771744941085,1.0028601355391735,1.062321578747917
SB68161_component_1667a,196.699523,-80.718627,2.246999979019165,11.88888931274414,196.69895923688242,-80.71938570619241,2.4857074370554693,0.8533700986194745,0.9039679994202884
SB68161_component_1668a,196.550698,-81.061716,2.4600000381469727,11.77033519744873,196.54776984978645,-81.06219972187122,2.5292664911006506,0.9181737836376825,0.9726140154873377
SB68161_component_1670a,187.731992,-81.001602,2.5250000953674316,16.83333396911621,187.73161119125757,-81.0015336246447,2.54404544604373,0.9369596716513444,0.9925137537515629
SB68161_component_1671a,186.686683,-82.878621,1.9889999628067017,10.523809432983398,186.68831209878576,-82.87870892342607,2.296473933292687,0.817631509204218,0.8661104025486897
SB68161_component_1712a,159.424504,-83.185788,2.13100004196167,11.905027389526367,159.42426776571446,-83.18611095121669,2.134226027565897,0.9425999472236583,0.9984884517560183
SB68161_component_1722a,170.151242,-84.123842,2.4170000553131104,15.297468185424805,170.1542454378537,-84.12395638903095,2.5087488190833582,0.9095023888267205,0.9634284775453245
SB68161_component_1736a,174.886521,-81.259232,2.319999933242798,12.888888359069824,174.88625758085783,-81.25950010403848,1.982330639170313,1.104831997818843,1.1703395424558505
SB68161_component_1752a,184.370757,-84.634508,1.8969999551773071,10.84000015258789,184.36786766697338,-84.63456197767317,1.8915742013833234,0.9467347173526027,1.002868380098447
SB68161_component_1755a,181.303412,-83.629789,2.325000047683716,14.808917045593262,181.30347878482232,-83.62968154363806,2.3470989409750445,0.9351384914274625,0.9905845923639894
SB68161_component_1759a,194.612681,-81.796328,2.309999942779541,13.668639183044434,194.61387650364642,-81.79618743779646,1.9226088762873343,1.1342411279885147,1.2014923946675418
SB68161_component_1785a,164.405242,-83.511181,2.246000051498413,12.273224830627441,164.3998128699871,-83.51126956111032,2.0613221185483703,1.0286041289487,1.0895919814221453
SB68161_component_1786a,163.659102,-83.595106,1.8509999513626099,12.177631378173828,163.6586201134516,-83.59585593440144,2.566165598444015,0.6809356837468229,0.7213096272839745
SB68161_component_1789a,185.046418,-84.495392,2.184999942779541,11.321243286132812,185.0481904297136,-84.49573590972766,2.020109967268165,1.021082383021939,1.0816242571855432
SB68161_component_1791a,181.179274,-82.514225,1.8559999465942383,11.527950286865234,181.17801517227616,-82.5148851681753,2.877066594747996,0.6089931527925239,0.6451014898238067
SB68161_component_1824a,164.998242,-83.447552,1.7680000066757202,10.523809432983398,165.0017202278542,-83.44815201308579,1.8021428226540583,0.926141660804663,0.9810543229153974
SB68161_component_1832a,167.355064,-84.90003,2.078000068664551,11.54444408416748,167.35337587855372,-84.90010965771475,2.121757247042331,0.9245581433743112,0.9793769157905426
SB68161_component_1843a,160.99463,-84.678999,2.0429999828338623,12.160714149475098,160.9943194815198,-84.67895248748344,2.0084130922572374,0.9602839805694598,1.0172210043391785
SB68161_component_1853a,174.255454,-81.885797,1.930999994277954,11.993788719177246,174.25808912883053,-81.88656901493523,1.5929548228760588,1.144361341496734,1.2122126544628298
SB68161_component_1866a,184.980437,-81.21963,1.840000033378601,12.517006874084473,184.98395120110297,-81.21985834517155,2.359747040663169,0.7360998776960755,0.7797446089227846
SB68161_component_1876a,167.5213,-83.972605,1.9429999589920044,11.565476417541504,167.5255819219636,-83.9728247351077,2.2471097993882685,0.8162681716360802,0.8646662301597136
SB68161_component_1927a,171.768,-82.226412,1.899999976158142,12.582781791687012,171.76985457340285,-82.22599737755756,2.1376959307170442,0.8390580912839077,0.8888074065430006
