Component_ID,RA,DEC,RA_comp,DEC_comp
SB66847_component_252a,158.795925,35.171608,158.795796,35.172124
