Component_ID,RA,DEC,RA_comp,DEC_comp
SB67281_component_29a,107.694195,-20.556844,107.694261,-20.55665
