Component_ID,RA,DEC,RA_comp,DEC_comp
SB67042_component_3a,162.953415,21.330901,162.953288,21.331198
SB67042_component_16a,160.362835,21.028039,160.36293,21.028186
