Component_ID,RA,DEC,RA_comp,DEC_comp
SB66793_component_29a,124.759454,32.443646,124.759702,32.443671
