Component_ID,RA,DEC,ASKAP_flux,ASKAP_flux_SNR,RA_comp,DEC_comp,Comp_flux,Flux_Ratio_AlphaCorr,Flux_Ratio_NOAlphaCorr
SB75488_component_11a,231.893853,-29.587539,289.0159912109375,1047.159423828125,231.89397521961646,-29.587398981266173,246.73411421515632,0.9597018968571639,1.1713661571699432
SB75488_component_13a,232.767107,-27.942688,254.96099853515625,844.2417602539062,232.76721388377916,-27.94252512608181,222.99242738042255,0.9367577982132638,1.143361689588659
SB75488_component_19a,227.437533,-29.083658,185.4409942626953,203.5576171875,227.43777951583792,-29.08363114621411,173.0861230308589,0.8777830245230513,1.071379906231037
SB75488_component_20a,227.632505,-30.331251,181.5030059814453,469.0000305175781,227.63264977187526,-30.33122161337071,176.89751789304094,0.8406317010884454,1.0260347807208297
SB75488_component_36a,232.052301,-26.078608,123.26399993896484,622.5454711914062,232.05219816008204,-26.078251101609933,111.79731361234174,0.9033344425515225,1.1025667429396735
SB75488_component_37a,232.262964,-28.186205,119.66899871826172,583.751220703125,232.26303917102672,-28.18608322139507,98.44594725222551,0.9959269760061871,1.2155807532803888
SB75488_component_38a,229.360819,-26.30534,120.28299713134766,620.0154418945312,229.36090281126036,-26.305132394702266,97.08311072446573,1.0150892730191865,1.2389693349724462
SB75488_component_41a,227.686943,-26.782164,114.23300170898438,444.48638916015625,227.6870508016456,-26.781978020022077,104.20396096358535,0.8981544836372191,1.096244333254316
SB75488_component_42a,228.45059,-30.468827,103.94300079345703,219.28903198242188,228.450783324677,-30.46878148467104,90.60186373448443,0.9399436104165455,1.1472501393356522
SB75488_component_43a,231.267876,-30.810049,103.60199737548828,130.64564514160156,231.2680053649045,-30.809770340255135,97.91830020386176,0.8668579638838128,1.0580453006209596
SB75488_component_44a,228.471518,-25.975133,96.51899719238281,464.03363037109375,228.4716014325669,-25.97491301215013,133.91054272615204,0.5905296549547693,0.7207722052905484
SB75488_component_46a,229.284364,-29.215804,98.78399658203125,571.0057983398438,229.2845469122163,-29.21561487130638,83.6336327775404,0.9677190982270432,1.1811515690677907
SB75488_component_47a,233.206541,-26.585599,92.81900024414062,480.9274597167969,233.2065993834414,-26.585482402581935,78.1585778858885,0.9729800116725026,1.1875727879754456
SB75488_component_50a,231.586568,-27.803115,91.26599884033203,501.4615478515625,231.58670006947634,-27.802999085367954,80.81554942185593,0.9252471632196191,1.1293123599757382
SB75488_component_52a,232.780642,-28.853707,88.24199676513672,434.6896667480469,232.78088585937866,-28.853649113476088,76.43947924619572,0.9458043084243521,1.1544034265451697
SB75488_component_53a,234.337013,-29.480191,90.13800048828125,235.34727478027344,234.33708189394127,-29.48019906720555,72.43884714342599,1.0194831939506117,1.2443323443540129
SB75488_component_55a,233.099337,-27.93221,83.80999755859375,391.635498046875,233.09944428429117,-27.9320581681709,70.77310846424093,0.9702222676785628,1.1842068177765552
SB75488_component_58a,234.394684,-29.999431,82.33799743652344,79.0191879272461,234.39459717062275,-29.999585678260804,58.40249281322395,1.1550814155233728,1.4098370372622147
SB75488_component_64a,227.145489,-28.195411,73.2699966430664,108.38756561279297,227.14575798781303,-28.19529830383492,57.50456702315392,1.0439207128561871,1.2741596091587755
SB75488_component_66a,232.671223,-30.433019,72.74299621582031,203.76190185546875,232.67139193807262,-30.432819950199978,112.24610611378782,0.5309621731293249,0.648066990778978
SB75488_component_67a,228.997447,-25.892035,72.18399810791016,343.73333740234375,228.99747157069697,-25.89183650693177,63.244395983177924,0.9351097056536797,1.1413501067685117
SB75488_component_69a,231.523853,-30.074031,66.7959976196289,298.1964111328125,231.52389813920286,-30.07384238308995,53.68288233379836,1.0194320787845443,1.2442699556311756
SB75488_component_74a,229.457366,-27.012776,68.6500015258789,401.46197509765625,229.45746777499247,-27.012564161043375,58.55058832071005,0.9606229738327979,1.1724903795987405
SB75488_component_80a,231.677311,-29.379835,62.64899826049805,329.7315673828125,231.67745989437114,-29.379700737795392,60.69521749891018,0.845674703760631,1.032190028178463
SB75488_component_81a,227.603568,-28.274724,60.55400085449219,244.1693572998047,227.60375838087703,-28.274559093176123,49.61661742215471,0.9999064509364064,1.22043790972848
SB75488_component_83a,230.766341,-29.592354,59.07400131225586,285.38165283203125,230.7664242130197,-29.592228152014517,47.398091844217134,1.0211257098954059,1.246337120625316
SB75488_component_89a,227.206465,-28.403412,57.73699951171875,105.5521011352539,227.20667465168606,-28.403266408705953,52.11171847995119,0.9077421385363201,1.1079465654914404
SB75488_component_90a,232.159693,-29.876976,58.80500030517578,284.0821228027344,232.15981588016788,-29.876802709536307,49.51314203273466,0.9730551387092391,1.1876644844372426
SB75488_component_98a,230.254299,-29.792265,55.93000030517578,315.98870849609375,230.25445022802344,-29.792200789598645,47.226112552363716,0.9703006107102675,1.184302439527736
SB75488_component_101a,231.636316,-30.448472,56.112998962402344,145.37046813964844,231.6364210834599,-30.44825562494565,52.329665905316105,0.8785352649625507,1.0722980548725785
SB75488_component_103a,229.603935,-27.437697,53.8390007019043,313.0174255371094,229.60396165680592,-27.437596358936446,44.278309763032965,0.9962071101704749,1.2159226716204365
SB75488_component_104a,231.955946,-30.474735,52.85200119018555,142.0752716064453,231.95611549072294,-30.47451934086406,47.30707503651701,0.9153327895902702,1.1172113505091643
SB75488_component_106a,230.912569,-25.237407,52.65700149536133,106.80933380126953,230.91276254241234,-25.2372483366082,44.93544304250407,0.9600874170236889,1.171836704615408
SB75488_component_110a,230.595286,-28.63449,47.02000045776367,276.5882263183594,230.5953969579146,-28.634424419915796,39.90985986468464,0.965263995003764,1.1781549876944228
SB75488_component_111a,233.625764,-29.484362,48.80799865722656,209.4763946533203,233.62594370721925,-29.484240047612925,51.60278164261041,0.7749283831948479,0.9458404586648079
SB75488_component_112a,229.963265,-25.752016,48.13999938964844,221.84332275390625,229.96336236116318,-25.75181750789119,42.85263626281038,0.9203906893841207,1.123384780679799
SB75488_component_115a,233.491255,-27.37755,46.77000045776367,239.84616088867188,233.49128639866518,-27.37743966851301,31.868574481817102,1.202398477299078,1.4675899759635846
SB75488_component_117a,234.541031,-25.941682,44.87300109863281,94.66877746582031,234.54106945496252,-25.941602097242487,33.35097416157777,1.1023519456874646,1.3454779725843535
SB75488_component_118a,227.937751,-25.800199,46.40700149536133,99.37258911132812,227.93794156942667,-25.79998472693711,45.553811712520556,0.8346462887346924,1.0187292731555606
SB75488_component_120a,231.690871,-26.939241,46.04600143432617,248.89730834960938,231.69082039884302,-26.939094516902323,41.529644463307925,0.9084005540302243,1.108750195899426
SB75488_component_121a,233.823445,-26.763506,44.803001403808594,148.84718322753906,233.82346663139825,-26.763455800217795,34.17611364813247,1.0740589403954448,1.310944885807893
SB75488_component_122a,227.488662,-28.488297,46.87900161743164,145.5869598388672,227.48885777728992,-28.488108455031778,65.42694245404196,0.5870369115446703,0.7165091300172095
SB75488_component_125a,230.222319,-25.61403,43.637001037597656,167.83462524414062,230.22244570785125,-25.613843810299223,39.608766926982355,0.9026247845755829,1.1017005684130798
SB75488_component_127a,230.384854,-29.92188,43.316001892089844,227.9789581298828,230.38496363882567,-29.92178598548151,36.744729984056235,0.965821757041621,1.1788357653161399
SB75488_component_129a,228.530116,-27.660099,43.30400085449219,257.76190185546875,228.53033403588915,-27.66006228324491,37.70565132321811,0.9409472045595956,1.1484750782657018
SB75488_component_131a,230.908639,-30.483581,46.0369987487793,133.82847595214844,230.9087299395495,-30.483424050735366,42.71307834969114,0.883059184303006,1.0778197340841438
SB75488_component_132a,227.410336,-27.359188,42.22700119018555,48.481056213378906,227.4105590869671,-27.358952786404508,41.31624479686076,0.8373616740526826,1.0220435423839387
SB75488_component_133a,233.21968,-28.090987,41.606998443603516,220.14285278320312,233.2197745618869,-28.090860454215836,34.78212942968453,0.9800627899496778,1.1962176878133963
SB75488_component_137a,232.03562,-30.547367,43.39500045776367,109.03266143798828,232.0357738315891,-30.547146349000467,36.61230257424957,0.9710829641531179,1.185257342658491
SB75488_component_139a,227.963548,-25.665858,37.57699966430664,76.37601470947266,227.96377195020554,-25.66563526215319,33.529805693095106,0.9181946227703817,1.1207043669819114
SB75488_component_145a,227.72137,-25.713523,38.44900131225586,43.44519805908203,227.72157388555857,-25.713331392176766,35.1478112370496,0.8962526634141231,1.0939230626038654
SB75488_component_147a,228.177372,-27.011959,37.87300109863281,184.74635314941406,228.17751253333532,-27.0117848604682,34.22023767732415,0.9067558782924603,1.1067427834882966
SB75488_component_151a,228.037319,-28.571988,36.40800094604492,192.6349334716797,228.03741326164683,-28.57170891103612,33.21407738262083,0.8980868170863725,1.0961617427041734
SB75488_component_153a,234.197802,-27.462982,36.33300018310547,155.9356231689453,234.19776215503447,-27.462890540983377,37.979790622936854,0.7837767487123712,0.956640349701221
SB75488_component_158a,227.213149,-27.807629,33.28300094604492,36.776798248291016,227.21338165794916,-27.807581041615965,26.092548155907107,1.0450803078382256,1.2755749552390867
SB75488_component_159a,231.0516,-26.958934,36.810001373291016,230.06251525878906,231.05150604230138,-26.958714661578103,26.596148891528536,1.1339417846785267,1.3840350166266298
SB75488_component_162a,227.866165,-26.77504,36.81399917602539,186.8730926513672,227.86634842774714,-26.774879977494866,31.29881239866679,0.9636710671544866,1.1762107362768028
SB75488_component_171a,230.715064,-25.162544,31.065000534057617,49.46656036376953,230.7152664271068,-25.162382898602793,26.014768957583208,0.9783518556429235,1.194129403367324
SB75488_component_172a,230.086114,-27.763731,34.520999908447266,197.2628631591797,230.0860840154922,-27.763645003912362,29.694795382215005,0.9524599223688239,1.1625269500635387
SB75488_component_173a,230.566943,-30.082797,33.470001220703125,150.76576232910156,230.56703021258213,-30.082699299355408,28.332272209115875,0.9678721719812056,1.1813384035585466
SB75488_component_174a,230.922304,-28.87168,32.5359992980957,166.0,230.92242653695294,-28.871552474529317,28.617654708496527,0.9314805513358946,1.1369205348765294
SB75488_component_178a,231.387833,-25.482567,31.19700050354004,103.30133056640625,231.38803664867783,-25.482357253651728,26.60978058035937,0.9605394964594876,1.1723884911161757
SB75488_component_181a,227.817101,-27.574309,32.05699920654297,81.98721313476562,227.81742398837102,-27.574185286532366,29.627208511758226,0.8864940260688268,1.0820121373844729
SB75488_component_185a,234.014229,-29.751365,30.410999298095703,94.73831176757812,234.01429697739505,-29.751413731762316,26.22669306080714,0.9500158223406413,1.1595437986629562
SB75488_component_187a,234.016981,-25.063171,33.99800109863281,43.587181091308594,234.01699414938932,-25.06304562378772,30.133769569942547,0.9243652307978535,1.1282359155140256
SB75488_component_188a,226.899942,-29.823708,31.488000869750977,34.52631759643555,226.90003397591792,-29.823751895429346,29.643910768612866,0.8702685161722322,1.0622080573488517
SB75488_component_189a,232.342989,-27.714602,30.944000244140625,127.34156799316406,232.34311180229616,-27.71441960656877,35.8731457024044,0.7067253591542375,0.8625951150435798
SB75488_component_192a,231.682824,-26.903794,28.27400016784668,149.59788513183594,231.68275703633662,-26.90364232826634,26.12042451476687,0.8868510941743338,1.0824479576073625
SB75488_component_193a,231.376832,-28.067213,29.445999145507812,177.3855438232422,231.3770460385038,-28.067218637525723,23.6354163828514,1.0207202207901576,1.2458422000499327
SB75488_component_195a,230.440153,-29.760852,31.73699951171875,133.34873962402344,230.44028209961914,-29.76080122731159,27.03580750405677,0.961767728322174,1.1738876120846975
SB75488_component_198a,233.828234,-30.004751,29.506000518798828,101.0479507446289,233.82829160713896,-30.00475092053496,32.90371665638849,0.7346983591105112,0.8967376186382893
SB75488_component_200a,233.216709,-29.963172,29.76799964904785,155.85340881347656,233.21682754436998,-29.9630077316483,24.61561588926793,0.990792308104007,1.2093136236345925
SB75488_component_201a,230.744255,-30.701987,28.76799964904785,43.85365676879883,230.7443467087369,-30.70176423004149,27.752186803185648,0.849290244401098,1.0366029838681252
SB75488_component_206a,229.819454,-26.281095,28.964000701904297,177.69325256347656,229.81950847195165,-26.280888647023225,27.537802719601054,0.8617334391351914,1.0517905512224508
SB75488_component_213a,234.833977,-28.902155,26.420000076293945,28.196372985839844,234.83405512854208,-28.90235583907391,17.07060585657688,1.2680242534365538,1.5476896542670147
SB75488_component_217a,230.840908,-25.761564,25.315000534057617,135.37432861328125,230.84089561498,-25.761420294943946,13.209875390272641,1.5700840466611161,1.9163693665648678
SB75488_component_218a,229.474254,-29.390191,25.496999740600586,148.23837280273438,229.47446303129456,-29.39008123198862,24.623099415350417,0.8483792578447611,1.0354910773217025
SB75488_component_220a,227.564467,-28.712328,26.194000244140625,74.20397186279297,227.5646434512367,-28.712078667572346,22.04332885308187,0.9735725678286333,1.1882960336309845
SB75488_component_221a,227.467025,-27.580367,22.493000030517578,29.99066734313965,227.46730494444313,-27.580244414564316,21.519291821184208,0.8563732433323522,1.0452481530258735
SB75488_component_225a,227.358379,-29.987228,26.988000869750977,79.61062622070312,227.3585595314998,-29.987263954072194,22.238736648215568,0.9942698825373968,1.2135581843816874
SB75488_component_227a,231.644195,-28.974493,26.054000854492188,147.19773864746094,231.64430908651846,-28.974418311524936,18.686877202231944,1.1423031441955458,1.394240491470684
SB75488_component_228a,230.845812,-26.287117,25.038000106811523,158.46835327148438,230.8457335250607,-26.286995348480563,20.65275414090593,0.9932654811688777,1.2123322601909032
SB75488_component_231a,227.477176,-27.989857,25.697999954223633,70.02179718017578,227.4774566925787,-27.989731154401383,22.255776844497234,0.9460198448811783,1.1546665000182859
SB75488_component_233a,233.401576,-26.33427,24.09000015258789,119.85074615478516,233.40167069670164,-26.334028046853543,21.0465299269715,0.9377778753481054,1.1446067468688095
SB75488_component_237a,234.322938,-25.357401,26.03700065612793,46.083187103271484,234.32301009357732,-25.35741989946792,20.79321641201306,1.0259187359382316,1.2521872585852245
SB75488_component_248a,233.501204,-27.438527,21.7549991607666,106.1219482421875,233.5012191506267,-27.43843725772823,20.563860138137354,0.8667585019567241,1.0579239021578533
SB75488_component_249a,229.481208,-29.47728,23.507999420166016,140.76646423339844,229.48140249231392,-29.477192624700944,17.99344877678881,1.070397140654713,1.306475468476664
SB75488_component_254a,227.726603,-29.00501,22.167999267578125,50.49658203125,227.72684790220083,-29.00482825405021,18.469493336516077,0.9833660203889354,1.200249452633859
SB75488_component_256a,230.371599,-29.070425,24.124000549316406,148.0,230.37181195754943,-29.070278190687237,21.437703050087006,0.9219656902511114,1.1253071512816994
SB75488_component_258a,233.573814,-25.935209,21.150999069213867,103.6813735961914,233.57396751465356,-25.934907396219465,17.35406341033457,0.9985582105929175,1.2187923121577493
SB75488_component_263a,233.030918,-28.97024,20.97100067138672,116.50555419921875,233.0311253330351,-28.970185747513,17.688451922560468,0.9713438828280105,1.185575807492773
SB75488_component_267a,229.395495,-30.257821,20.243999481201172,80.33332824707031,229.39558523314196,-30.257701737117873,17.692578201757865,0.9374516428147357,1.1442085630679766
SB75488_component_272a,227.241432,-26.546859,22.395000457763672,35.49128723144531,227.24162131043363,-26.546658768165617,22.209697811916545,0.8261370641928305,1.008343321346214
SB75488_component_278a,234.426678,-27.333054,19.47800064086914,55.810890197753906,234.42666196795,-27.333004392260513,14.743142968569474,1.0824254119966974,1.3211566002170492
SB75488_component_280a,234.602511,-29.483437,20.047000885009766,34.56379699707031,234.60256437426204,-29.483489041343017,14.278311612321307,1.1503135473683312,1.4040176058148524
SB75488_component_281a,227.443447,-27.149285,21.381999969482422,38.73550796508789,227.44358100983453,-27.14905904780277,18.3164212546031,0.9564260188164782,1.1673677773767577
SB75488_component_284a,232.323699,-26.418075,20.075000762939453,116.04047393798828,232.32369823460883,-26.417809960484398,18.051208980095044,0.9111564570368862,1.112113919077444
SB75488_component_285a,234.658622,-27.319649,20.253999710083008,36.2325553894043,234.65854748480737,-27.319616672228104,14.767352100638897,1.123703802076151,1.3715390255512858
SB75488_component_287a,227.713027,-25.593875,20.884000778198242,20.256061553955078,227.71336022785007,-25.593607121218255,17.613765997461993,0.9714157916313122,1.185663575933021
SB75488_component_288a,230.681383,-28.230116,20.167999267578125,121.49397277832031,230.681551840572,-28.230138066880674,12.213614481881185,1.3528893880078317,1.6512719717408155
SB75488_component_290a,234.016819,-28.335691,19.614999771118164,59.984710693359375,234.01687044182376,-28.335650966643172,17.57534007456285,0.9143832272232717,1.1160523601763677
SB75488_component_291a,227.853039,-29.65286,19.45599937438965,88.43636322021484,227.8531923277714,-29.652914519167837,17.805543359610635,0.8952451836027152,1.092693381013176
SB75488_component_298a,232.119993,-25.664138,19.59000015258789,78.04781341552734,232.11993266652394,-25.663875108546645,15.985067269839945,1.0040692156176942,1.2255187808655397
SB75488_component_299a,232.841872,-27.473618,20.32200050354004,90.32000732421875,232.84195037688121,-27.473471795191955,18.67550912262251,0.8915335445997981,1.0881631322662608
SB75488_component_305a,229.765836,-28.713573,19.020999908447266,106.85955047607422,229.76580838860318,-28.713423439927332,14.450204274266989,1.0784575069057323,1.316313565360455
SB75488_component_307a,228.383859,-29.040726,19.910999298095703,105.34920501708984,228.3839962769077,-29.040522083523136,17.561858261735694,0.9288942406691986,1.1337638079837138
SB75488_component_310a,233.927852,-30.569569,18.42799949645996,26.065061569213867,233.92792764301743,-30.56942677484982,15.43441211120999,0.9782092843842092,1.1939553877193503
SB75488_component_311a,228.466415,-28.748248,17.886999130249023,96.68647766113281,228.46652027514733,-28.74797880895951,15.201920337665042,0.9640126089139176,1.17662760578552
SB75488_component_313a,231.743181,-25.03242,19.39699935913086,40.579498291015625,231.7434302199758,-25.032278855185304,15.92430091581203,0.9979708512688057,1.2180754095063988
SB75488_component_316a,234.472975,-26.350645,18.788999557495117,33.67203903198242,234.47291869710403,-26.350518218425517,12.99496649736956,1.184601212611114,1.445867487330451
SB75488_component_318a,230.050058,-28.746064,19.964000701904297,109.69231414794922,230.05022663360782,-28.74596634266142,16.626267939633347,0.9837765863567688,1.2007505697844874
SB75488_component_319a,229.178248,-30.363299,18.48699951171875,71.93385314941406,229.17834943220538,-30.36315212017444,16.853166556549965,0.8987286732544771,1.0969451615924248
SB75488_component_321a,231.204849,-30.540304,18.059999465942383,51.16147232055664,231.20494994829252,-30.540096891477813,16.464507954454568,0.8986956876037887,1.0969049008874963
SB75488_component_325a,231.216209,-28.962219,17.94499969482422,107.45509338378906,231.21634856902298,-28.96210462879603,14.941869998935845,0.9839707364777229,1.2009875401206311
SB75488_component_328a,233.717169,-28.114448,15.954999923706055,76.33971405029297,233.71714475863,-28.114363283156337,12.971963094496248,1.0077081775539893,1.2299603234668044
SB75488_component_329a,230.721053,-29.982814,17.308000564575195,83.613525390625,230.72108428290315,-29.982683169543314,20.941744329975,0.6771388449753598,0.8264832332902357
SB75488_component_330a,228.562213,-28.627398,18.009000778198242,99.49724578857422,228.56222652773613,-28.627142928249867,14.884843415099676,0.9912632999217801,1.2098884936827294
SB75488_component_333a,227.806223,-27.275535,17.0,53.45912170410156,227.8065178456436,-27.275351099671976,15.431375750637029,0.902584676055443,1.1016516138749466
SB75488_component_337a,228.015754,-30.255734,17.410999298095703,64.96641540527344,228.0159546333078,-30.255710692349815,15.396086323844722,0.926524784984799,1.1308717638930343
SB75488_component_338a,228.37874,-29.770647,16.55900001525879,84.91795349121094,228.37892300178567,-29.770710737644897,14.44233535434489,0.9393779509081086,1.1465597224397033
SB75488_component_339a,229.94231,-27.12072,17.441999435424805,105.0722885131836,229.94236994345314,-27.120599675180618,15.962679447467119,0.8952290292370847,1.0926736637684231
SB75488_component_340a,230.887056,-25.731647,16.10099983215332,84.74210357666016,230.88702024602966,-25.731465184094425,13.016617348927172,1.0134408088204334,1.2369572985473345
SB75488_component_342a,230.88305,-30.661983,15.829999923706055,28.167261123657227,230.88327872757463,-30.66180841662077,14.828294727062397,0.8746481545436222,1.067553634121899
SB75488_component_348a,231.874586,-28.598366,16.15399932861328,97.3132553100586,231.87473853904504,-28.598263204801675,12.156506857873435,1.0887168434958734,1.328835620090222
SB75488_component_351a,232.456448,-28.825257,16.948999404907227,99.69999694824219,232.4566386114686,-28.825167015775907,14.383933150713212,0.9654062126172176,1.1783285716999337
SB75488_component_352a,233.134512,-26.36774,15.385000228881836,83.61412811279297,233.13453816898777,-26.367437914276746,7.673177890670536,1.6427289889818095,2.00503630283194
SB75488_component_353a,233.620197,-30.477461,17.190000534057617,45.356201171875,233.62030986839974,-30.477299572799293,14.255261684832922,0.9879714095840727,1.2058705700469288
SB75488_component_355a,232.489734,-27.078415,15.673999786376953,75.71980285644531,232.48971767014567,-27.078244073922654,13.519309398604776,0.9498805828950003,1.1593787318747617
SB75488_component_356a,232.765937,-27.315763,15.88599967956543,68.77056121826172,232.76603575393708,-27.31556493703807,14.787943092455905,0.8801373668638212,1.0742535036985434
SB75488_component_359a,230.666856,-26.770016,15.357000350952148,98.44230651855469,230.66687223620804,-26.769891661231405,13.07639527901846,0.9621926495653588,1.1744062505966764
SB75488_component_363a,233.950155,-27.938101,14.923999786376953,64.05150604248047,233.95009947304428,-27.938031221022616,11.576368897660874,1.056225278650629,1.289177972670904
SB75488_component_364a,230.469511,-28.558856,15.45300006866455,93.09036254882812,230.46961669435532,-28.558806410784754,7.170168568596919,1.765741488412724,2.155179466260225
SB75488_component_365a,229.69298,-25.035727,16.48699951171875,33.64693832397461,229.6932788462919,-25.03567934128375,11.895290090064256,1.1355604762941902,1.3860107140631903
SB75488_component_368a,234.62526,-25.313373,16.073999404907227,15.636186599731445,234.62520672723565,-25.31319449748827,11.389832232474642,1.1562461552007763,1.4112586627112125
SB75488_component_374a,229.323401,-30.237001,15.630999565124512,67.0858383178711,229.32351523443208,-30.236872103277047,13.994665197571358,0.9150986587333537,1.1169255816021326
SB75488_component_376a,233.964997,-25.360125,15.586999893188477,38.870323181152344,233.96501677026868,-25.360048918093742,13.614302489740302,0.9380172337044146,1.1448988962111568
SB75488_component_377a,232.19052,-30.176924,15.406999588012695,74.791259765625,232.19065237949818,-30.17672909117248,19.494572001290475,0.64751233640057,0.7903225362933233
SB75488_component_381a,233.557478,-26.29471,14.262999534606934,75.46560668945312,233.55758241202093,-26.294400023480957,12.508349971514283,0.9342315397101997,1.140278259489747
SB75488_component_383a,234.342178,-27.731123,13.680000305175781,47.17241668701172,234.3421730197905,-27.73104326694401,10.39156445609501,1.078571280901484,1.3164524324488975
SB75488_component_387a,228.518539,-27.311118,14.119000434875488,75.50267028808594,228.51868202772818,-27.31106915218285,10.6716695012753,1.0839650152312321,1.3230357661646306
SB75488_component_388a,231.442936,-28.558911,13.473999977111816,86.37179565429688,231.44315400003848,-28.558890122734457,12.568196892518344,0.8783492755141402,1.0720710450623736
SB75488_component_393a,226.849065,-29.934111,14.64900016784668,15.307209968566895,226.84930484739894,-29.9341545017694,10.869048587877113,1.1042315068848856,1.3477720749344673
SB75488_component_396a,233.535224,-25.707113,13.52299976348877,60.10222244262695,233.53533749707097,-25.706858477155258,10.225478965008715,1.0835103436292892,1.3224808157900547
SB75488_component_400a,232.858563,-25.965552,14.991999626159668,82.37362670898438,232.85848291281997,-25.96519430559123,13.648239359058262,0.8999670582717225,1.0984566750149762
SB75488_component_401a,228.87243,-25.783623,13.619999885559082,68.44220733642578,228.87248695554442,-25.783475259105867,10.565372139451986,1.0561752499322539,1.2891169100140694
SB75488_component_404a,229.07756,-25.140553,12.361000061035156,13.011579513549805,229.07776244201654,-25.14040983409753,10.13138208842231,0.9996054033974183,1.2200704655252075
SB75488_component_406a,231.456766,-28.424027,13.595999717712402,88.86274719238281,231.45699003376998,-28.424025967770078,11.127807912373935,1.0010256536904492,1.2218039549904416
SB75488_component_416a,229.399675,-27.836498,12.508999824523926,74.90419006347656,229.3996951934608,-27.836429007157008,9.22397846376024,1.111086797162545,1.3561393138188786
SB75488_component_419a,227.044787,-26.821131,13.210000038146973,19.954683303833008,227.04504086540229,-26.820975037011337,11.329608745292186,0.9552819842958011,1.1659714236501018
SB75488_component_420a,234.608791,-27.156588,11.517999649047852,18.517684936523438,234.6087728391224,-27.156586139323295,6.85304381728827,1.3770104407564199,1.680712973115863
SB75488_component_422a,232.375167,-27.19896,13.67199993133545,66.36893463134766,232.37523198424077,-27.19876179278793,9.648778967731577,1.1609228801071396,1.4169668490757987
SB75488_component_425a,227.656898,-27.563734,12.756999969482422,24.7708740234375,227.65733968696017,-27.563683563382916,11.210940134184465,0.932288231113477,1.1379063501181048
SB75488_component_426a,233.456515,-27.519491,12.831000328063965,66.13917541503906,233.45659060780469,-27.519391273438593,19.464522666935387,0.5400829150468375,0.6591993314000006
SB75488_component_427a,230.462943,-26.53236,13.008999824523926,81.81761169433594,230.46288745434975,-26.532279119365512,9.535304811789402,1.117771438204187,1.3642982664214012
SB75488_component_433a,231.747702,-25.336499,11.918000221252441,29.646766662597656,231.74780710572844,-25.336353603627938,11.074882634001302,0.8816738042922384,1.076128805614848
SB75488_component_436a,234.586763,-26.201644,12.170000076293945,18.218563079833984,234.58679777231293,-26.201626313473014,8.254234639813445,1.207973623900586,1.47439473280699
SB75488_component_437a,234.536829,-28.860315,11.602999687194824,24.582626342773438,234.53679021460945,-28.86052027978085,8.35577080424575,1.1376991731517518,1.388621104985202
SB75488_component_440a,231.338708,-25.428951,13.652000427246094,40.63095474243164,231.3389569293774,-25.42875578523677,12.676482694820509,0.8823506422814582,1.0769549216380165
SB75488_component_441a,232.832272,-25.88731,12.654999732971191,68.40540313720703,232.83221913055394,-25.88697118880238,11.321866919447205,0.9157728744838762,1.1177484970463756
SB75488_component_442a,230.295797,-28.740033,12.017000198364258,67.13407897949219,230.29594331674176,-28.73993299556212,11.160074481667632,0.882211381027948,1.076784946023817
SB75488_component_445a,231.090047,-26.607969,11.895000457763672,73.88198852539062,231.09011294199354,-26.60790105230324,9.826098931149053,0.9918066401091904,1.2105516686847242
SB75488_component_449a,229.048186,-25.450314,11.961000442504883,33.9801139831543,229.0482831322038,-25.450005934362924,10.556770903459626,0.9282823444584871,1.1330169567841117
SB75488_component_450a,233.024076,-30.555218,12.437000274658203,30.408313751220703,233.0242880162822,-30.555048525264333,9.854761144631903,1.0339825805044036,1.2620296009338492
SB75488_component_452a,232.682158,-25.253143,11.847000122070312,25.866811752319336,232.68234468283387,-25.253104419880557,9.960389611197888,0.9744863207556717,1.1894113166769518
SB75488_component_453a,231.4616,-25.331394,11.527999877929688,26.200000762939453,231.46179063684258,-25.331308593018676,11.416794354775345,0.8272817916384467,1.0097405208238535
SB75488_component_454a,228.663497,-26.094318,11.206999778747559,63.316383361816406,228.66367756181748,-26.094069498789136,9.80140401138048,0.9367954077831704,1.1434075940278587
SB75488_component_455a,227.689475,-29.773201,11.835000038146973,51.68122100830078,227.6896541824559,-29.77325174751851,9.658906095545229,1.003885082264934,1.2252940365167622
SB75488_component_458a,228.338677,-27.122983,11.420000076293945,58.56410598754883,228.33880681431745,-27.122888569463452,10.338055229230918,0.9050465968430527,1.1046565164407152
SB75488_component_468a,228.465246,-28.55314,11.571999549865723,64.64804077148438,228.46530589610296,-28.55292030497472,11.626220877081147,0.815480385269017,0.9953362896001476
SB75488_component_470a,232.956451,-26.949635,11.592000007629395,64.04420471191406,232.95649170498962,-26.949534550059653,9.88057909773664,0.961213041114011,1.1732105874527934
SB75488_component_473a,227.24119,-28.32576,10.668999671936035,21.997936248779297,227.241563180307,-28.32567131656675,8.389157074694984,1.041955224525102,1.2717606282659744
SB75488_component_481a,233.819157,-25.382515,10.66100025177002,30.030986785888672,233.819209899468,-25.382323371884894,9.45491343380615,0.9238130172838686,1.1275619101547236
SB75488_component_490a,229.658033,-27.899876,11.03600025177002,70.2929916381836,229.65795378365934,-27.89969898278191,8.60478358511665,1.050788788770541,1.2825424535787917
SB75488_component_491a,227.510492,-26.682851,10.656000137329102,32.0,227.51063736595984,-26.682666782261506,8.15322380948409,1.0708004233463013,1.3069676960092402
SB75488_component_492a,231.442636,-29.392539,10.5,57.37704849243164,231.44276465195696,-29.392418292215734,8.587209247823212,1.001799785284599,1.2227488229265713
SB75488_component_497a,229.321145,-25.830284,10.001999855041504,49.02941131591797,229.32116297380708,-25.830160953385,7.429361163843033,1.103008993522306,1.3462799336932096
SB75488_component_499a,229.768444,-30.447618,10.118000030517578,29.242774963378906,229.76872767144116,-30.447479026278003,7.839054674936369,1.0574860906364805,1.2907168593768876
SB75488_component_506a,234.791036,-29.091731,11.574000358581543,14.66920280456543,234.79091546760128,-29.091751261117544,7.705118366137266,1.2306876928796353,1.5021184371997944
SB75488_component_507a,231.533903,-28.183837,10.57800006866455,69.59210968017578,231.53408172638282,-28.18384186689692,8.853168558495197,0.9789229569600614,1.1948264622742628
SB75488_component_509a,230.534306,-28.095627,10.60099983215332,59.89265441894531,230.53435363674237,-28.095636425344505,7.7745336143064145,1.1171620205605521,1.363554440442028
SB75488_component_512a,228.914488,-30.270629,10.496999740600586,43.55601501464844,228.91476354951814,-30.270590924671026,10.21568586218318,0.8418628352565868,1.0275374441043439
SB75488_component_516a,233.965424,-28.954584,10.32699966430664,50.6225471496582,233.96565596598,-28.95451463450329,10.173686025387086,0.8316479344435757,1.0150696255552787
SB75488_component_524a,233.561287,-25.636705,9.809000015258789,42.280174255371094,233.5614394060617,-25.636594491245223,7.4719586308215415,1.0755583032312037,1.3127749362525967
SB75488_component_525a,229.795087,-29.299404,10.718999862670898,64.18563079833984,229.79533630762714,-29.299267169909722,9.596385406546052,0.9151457445736029,1.1169830523229163
SB75488_component_534a,232.732572,-30.314632,9.107000350952148,32.180213928222656,232.73261625181564,-30.314411940702563,8.974183107537762,0.8314269690014505,1.0147999257228024
SB75488_component_538a,227.272086,-28.12928,10.321000099182129,20.724899291992188,227.2721897528152,-28.129112037106776,8.796602310454464,0.961281324121874,1.1732939304208365
SB75488_component_544a,233.533129,-29.918527,10.442999839782715,48.57209014892578,233.53327203611593,-29.918435785697692,8.077665235821465,1.0592125102421892,1.292824044436982
SB75488_component_550a,228.256682,-27.358184,9.288000106811523,45.30731964111328,228.2569418102312,-27.358086272758943,8.57155236269946,0.8877821526645963,1.0835843629947133
SB75488_component_556a,230.351929,-29.878146,9.847000122070312,51.55497360229492,230.35201791674118,-29.878122453979827,8.177758931386615,0.9865368683553687,1.2041196377502732
SB75488_component_558a,232.346585,-29.762821,8.666000366210938,52.52121353149414,232.3467058730431,-29.762683275389602,8.454003075176752,0.839846627182518,1.0250765571231772
SB75488_component_560a,231.427353,-27.496349,9.847000122070312,63.121795654296875,231.42739469555247,-27.49620103830542,8.450678274858047,0.9546761128438317,1.1652319259823816
SB75488_component_566a,231.909291,-28.445132,9.414999961853027,56.04166793823242,231.90944380078213,-28.445032344257143,7.408971949180415,1.0411326181712404,1.2707565943605064
SB75488_component_570a,233.960945,-25.819679,8.9350004196167,43.16425323486328,233.96104749131302,-25.819322005941977,6.4469162291863125,1.1354976272083623,1.385934003480051
SB75488_component_572a,231.219666,-26.301558,8.928999900817871,51.61271667480469,231.2196801915011,-26.30129043700003,8.943805037749048,0.8179451382163831,0.9983446489644298
SB75488_component_574a,234.076958,-27.976313,8.789999961853027,33.80769348144531,234.07693402364842,-27.97620725057752,7.847669850878526,0.9176811899916278,1.1200776955300955
SB75488_component_576a,230.284177,-26.295592,8.75100040435791,52.40120315551758,230.2841031403831,-26.295467158301836,9.432491032101124,0.7601074405632922,0.927750726141808
SB75488_component_577a,232.908641,-29.255926,9.178999900817871,46.358585357666016,232.90895602555224,-29.255878634827535,8.404417301110477,0.8948112546940172,1.0921637481762176
SB75488_component_579a,231.210001,-27.852999,8.592000007629395,53.03703689575195,231.2101271949391,-27.853075356834687,2.994481305232739,2.3508035803866614,2.869278226120567
SB75488_component_581a,234.19457,-28.813559,8.961999893188477,34.46923065185547,234.19472455041097,-28.81356015157516,7.212562564008506,1.0180263563144554,1.2425541981306143
SB75488_component_586a,232.866998,-25.117451,7.642000198364258,10.855113983154297,232.86702025985065,-25.11739928898183,6.037547939295533,1.037027165971341,1.2657456760924592
SB75488_component_588a,233.294165,-25.489317,9.21399974822998,29.915584564208984,233.29428553224594,-25.489200073557676,6.775987304976089,1.1140874788173007,1.3598018020877174
SB75488_component_591a,231.226493,-29.163874,8.428999900817871,49.00581359863281,231.22662616691767,-29.163676486196955,7.098568520948981,0.9728568714393869,1.1874224889064013
SB75488_component_592a,232.540042,-26.031361,9.147000312805176,53.49123001098633,232.54002977539827,-26.03098089856273,9.330321990603096,0.8032037791880474,0.980352052374768
SB75488_component_593a,230.188976,-28.354999,8.093000411987305,49.650306701660156,230.18914293312935,-28.354939290235954,10.882173102134058,0.6093090285715851,0.7436934090306118
SB75488_component_596a,232.721068,-28.64878,8.23900032043457,49.04166793823242,232.7211300733254,-28.64862966404492,7.6893996003086516,0.8778610291353046,1.0714751149236486
SB75488_component_600a,232.645637,-26.204469,8.321999549865723,47.016944885253906,232.6456311918659,-26.204066135878428,7.612427072442634,0.8956704036731565,1.0932123842593877
SB75488_component_601a,232.540588,-26.935853,8.055000305175781,46.02857208251953,232.5406559187764,-26.935679539554624,6.812904076101609,0.9686724938934217,1.1823152381421622
SB75488_component_603a,232.081442,-30.105881,8.092000007629395,40.459999084472656,232.0815933049613,-30.10568761695669,8.018614131184536,0.8267995666689083,1.0091519401288385
SB75488_component_604a,234.119862,-29.451525,9.170999526977539,34.607547760009766,234.11997796977647,-29.451496745477755,7.209983804207559,1.0421399932340092,1.2719861481000252
SB75488_component_607a,228.059968,-30.054604,8.527999877929688,39.66511535644531,228.06014624773192,-30.05459272698765,5.56028505985249,1.2565906072467967,1.5337342934996805
SB75488_component_608a,233.191916,-25.356272,7.841000080108643,16.971860885620117,233.1921946477987,-25.356209350971504,7.641956380519199,0.8406410328304069,1.0260461705979955
SB75488_component_610a,228.612711,-27.500549,8.317000389099121,46.2055549621582,228.6129536750946,-27.500569012335465,7.057969376231104,0.9654518809038792,1.1783843122227216
SB75488_component_611a,229.112418,-28.926231,8.0649995803833,48.58433532714844,229.11248152066318,-28.9260616896231,14.00647780292825,0.4717578034175713,0.575804973517125
SB75488_component_613a,233.095055,-27.829301,8.069999694824219,38.24644470214844,233.09514690198142,-27.829133050515857,6.228688831267959,1.0615013820155785,1.2956177316665582
SB75488_component_614a,227.954834,-29.977758,8.314000129699707,42.20304870605469,227.95493120217836,-29.977769228974385,7.315216234529653,0.9311647769011181,1.136535115729805
SB75488_component_618a,229.44267,-30.201368,8.781999588012695,36.74477005004883,229.4427987067085,-30.201264628211796,8.873793919521416,0.8108261647075846,0.9896555709608285
SB75488_component_622a,228.560307,-30.153473,8.093000411987305,33.58091354370117,228.56040943011817,-30.153493550791644,8.622609311339,0.7689790969526688,0.9385790449005682
SB75488_component_628a,233.290885,-25.38227,9.107000350952148,23.232145309448242,233.29107110972814,-25.382183974536364,8.347103517895016,0.8938882624814697,1.0910371881010006
SB75488_component_629a,233.170468,-29.681494,8.46500015258789,44.08854293823242,233.17064142368372,-29.68131334153398,6.71746159243068,1.0324415142743915,1.2601486493240779
SB75488_component_630a,230.149895,-26.163324,8.428000450134277,54.37419509887695,230.14989411229269,-26.16312688664908,12.125468516960492,0.5694684953423592,0.695065962881815
SB75488_component_632a,228.920926,-27.956344,7.7270002365112305,42.92777633666992,228.9209885792742,-27.956221625788334,6.65762228545746,0.9509013286021101,1.1606246051821925
SB75488_component_634a,233.423342,-26.944461,8.026000022888184,39.53694534301758,233.42345277065996,-26.944373550038378,7.218653913002021,0.910933380420606,1.111841642446938
SB75488_component_638a,230.221724,-25.789662,8.10099983215332,37.5046272277832,230.2218750881523,-25.789508883017252,6.351409162580566,1.0449901884151938,1.2754649597888446
SB75488_component_639a,232.84906,-25.19974,8.041000366210938,15.200379371643066,232.84907276571084,-25.199581633788938,7.144737150764481,0.9220776739394902,1.1254438332067342
SB75488_component_641a,229.255107,-27.743294,8.184000015258789,45.72066879272461,229.25518317308666,-27.74320112852577,6.6649528149046535,1.00603299189257,1.2279156721045543
SB75488_component_643a,233.48672,-26.50474,8.456000328063965,42.492462158203125,233.48675840711925,-26.504576405748892,6.960417192121444,0.9953444540440158,1.2148697548812712
SB75488_component_648a,229.231866,-27.579535,8.093000411987305,47.60588455200195,229.23192826005197,-27.579401121589267,5.736417107184242,1.1558793926098956,1.4108110098639266
SB75488_component_649a,231.553526,-29.355235,7.890999794006348,46.14619827270508,231.55364482281527,-29.355107993515624,6.915597549219558,0.9348587584263816,1.1410438126054439
SB75488_component_650a,230.386206,-29.333393,7.107999801635742,40.61714172363281,230.38640963870793,-29.33328492634554,7.012929336387396,0.8304081922354051,1.0135564556105052
SB75488_component_652a,228.739772,-26.253843,7.651000022888184,41.80874252319336,228.73979782729677,-26.253594030913874,6.90750677590607,0.907487317902776,1.1076355436342786
SB75488_component_655a,233.73271,-28.483764,7.375999927520752,32.782222747802734,233.73268860355228,-28.48364908434121,5.834372136069037,1.0357870053113902,1.2642319954054904
SB75488_component_657a,229.147714,-27.378994,7.4039998054504395,45.70370101928711,229.1478758266529,-27.378878011444797,6.669030448302261,0.9095935650693391,1.1102063280180825
SB75488_component_658a,231.856401,-27.583231,7.928999900817871,46.64117431640625,231.85650018903763,-27.583152340330805,6.714147132245849,0.9675451476175941,1.1809392532876564
SB75488_component_672a,232.063363,-25.827671,6.908999919891357,36.17277526855469,232.0632648274901,-25.827451050577032,5.709409357429713,0.9914428520486345,1.2101076464066471
SB75488_component_673a,230.692987,-26.840951,7.265999794006348,44.85184860229492,230.69304471683165,-26.8409118453564,5.981599029033224,0.9952261182592551,1.2147253198917138
SB75488_component_674a,227.286871,-27.693638,6.228000164031982,32.103092193603516,227.2869569901126,-27.693336851983805,3.857327463541749,1.322835334154945,1.614589433460625
SB75488_component_675a,228.239764,-26.171337,7.699999809265137,32.76595687866211,228.23991273252201,-26.171099184452906,10.70867508662918,0.5891130638025691,0.7190431819973074
SB75488_component_676a,233.509583,-30.788066,7.918000221252441,10.269779205322266,233.50961966270606,-30.787854331746342,7.138361322625874,0.9087839817102069,1.1092181893560655
SB75488_component_678a,232.983944,-27.940044,7.25,34.52381134033203,232.98403554693562,-27.93990466593762,5.859999459611593,1.0136408664275303,1.2372014792780437
SB75488_component_681a,228.043127,-30.299625,7.129000186920166,24.75347328186035,228.04309807806274,-30.299381689250772,6.030148901794576,0.9685995672828664,1.1822262274151425
SB75488_component_685a,233.610538,-28.965488,7.309999942779541,37.68041229248047,233.61085081657967,-28.96539597175907,7.248119120634066,0.8262961556123054,1.0085375007109516
SB75488_component_687a,233.523054,-29.806411,6.935999870300293,35.38775634765625,233.52312500228058,-29.8063537842439,5.9042233059958065,0.9624761630240639,1.1747522935415917
SB75488_component_688a,231.401309,-27.558137,7.019999980926514,43.33333206176758,231.4014398077949,-27.558130252181975,6.268003724344461,0.9175960723404225,1.1199738050029158
SB75488_component_690a,230.250322,-30.042405,7.130000114440918,38.96175003051758,230.2507161153144,-30.042287711213405,5.170591660848403,1.1297776428854978,1.3789524646529545
SB75488_component_694a,232.120395,-30.153328,6.879000186920166,34.918785095214844,232.1205416503228,-30.15314780711067,5.031040462863169,1.1202402994241272,1.3673116401463647
SB75488_component_700a,230.44755,-25.586349,6.855000019073486,28.44398307800293,230.44759642114204,-25.58618409121898,5.544443123581418,1.0129621278390522,1.2363730434744757
SB75488_component_703a,229.362779,-26.409577,6.801000118255615,41.469512939453125,229.36297071405238,-26.409453325766325,4.149580687254757,1.342802835130388,1.6389608085329124
SB75488_component_709a,229.647324,-25.384306,7.380000114440918,20.847457885742188,229.64764603584206,-25.384104377754504,8.472709770787336,0.7136375923273941,0.871031855698171
SB75488_component_711a,230.589268,-28.317401,7.131999969482422,44.02469253540039,230.58934880598736,-28.31740504340831,6.807731847034733,0.8583266018969836,1.0476323289068636
SB75488_component_712a,229.252928,-29.470293,7.000999927520752,44.03144836425781,229.25312798916033,-29.470244150459514,5.933764535177077,0.966659326485202,1.1798580624520563
SB75488_component_716a,234.671834,-27.391179,7.290999889373779,12.27441120147705,234.67175057054223,-27.39125873302112,4.31545753748335,1.3842161910150539,1.6895079666629462
SB75488_component_718a,227.726098,-27.879095,7.158999919891357,25.751798629760742,227.72634141419525,-27.878984417528592,7.200192107060919,0.8146141591816828,0.9942790155377708
SB75488_component_720a,234.114899,-29.280269,7.181000232696533,32.2017936706543,234.11503416115127,-29.280179036162213,5.700645188157632,1.032059202329355,1.2596820176800603
SB75488_component_724a,234.020497,-29.842732,7.139999866485596,20.05617904663086,234.02065963305193,-29.842846985607373,5.223040631233441,1.1200011798646488,1.3670197822679886
SB75488_component_728a,234.20562,-29.534434,6.870999813079834,21.882164001464844,234.20578244047243,-29.53444742306044,5.927140323950894,0.9497699142603906,1.1592436550413547
SB75488_component_729a,229.558097,-29.23357,6.5980000495910645,39.27381134033203,229.5583680510223,-29.233402880542855,6.028832426473248,0.8966496486828274,1.0944076038037713
SB75488_component_734a,232.110418,-27.467191,6.916999816894531,33.906864166259766,232.1108009597838,-27.467066980006454,4.30681836142202,1.315845468241055,1.6060579380019835
SB75488_component_735a,229.475375,-28.456228,6.938000202178955,44.47435760498047,229.47525592795094,-28.45608023067902,6.097631121536056,0.932216618969233,1.13781894376569
SB75488_component_736a,228.548873,-29.062795,7.051000118255615,40.29143142700195,228.54902296273133,-29.062542686338542,5.842448113077326,0.9887796933812968,1.206857122525941
SB75488_component_740a,229.745581,-29.905255,6.359000205993652,31.954774856567383,229.74557704613585,-29.90536095845667,5.487168978294876,0.9494764237410853,1.1588854345742594
SB75488_component_741a,228.991147,-25.641646,6.452000141143799,26.334693908691406,228.99119807590026,-25.641346433054455,4.587275487786398,1.1523468704438538,1.4064993825468348
SB75488_component_742a,227.170007,-29.924504,7.072999954223633,15.309523582458496,227.17024713854465,-29.924395417211457,5.263985858039263,1.1008613445900328,1.3436586162976878
SB75488_component_748a,231.133794,-26.679524,6.704999923706055,41.38888931274414,231.1337224132338,-26.67936135351861,5.897543867126585,0.9314751605653482,1.1369139551602656
SB75488_component_749a,230.304767,-29.685094,6.706999778747559,35.48677062988281,230.3049741270717,-29.685071399038534,8.842235045791785,0.6214553307042678,0.7585186034994136
SB75488_component_751a,227.53308,-27.749225,6.388000011444092,12.649504661560059,227.53346767636683,-27.749123910076598,4.571091394923676,1.1449557022880599,1.3974780767976207
SB75488_component_752a,231.629301,-28.087453,6.389999866485596,42.03947448730469,231.6294827896559,-28.087364584689567,4.340863698299638,1.2060585187972983,1.4720572472682396
SB75488_component_753a,229.903351,-29.9199,6.09499979019165,32.945945739746094,229.90357500442843,-29.91982229657614,5.4168791730342285,0.9218669119656915,1.1251865872388616
SB75488_component_754a,229.722103,-28.868353,6.710999965667725,41.17177963256836,229.7223591864617,-28.868122415182935,5.324533440292877,1.032640986262124,1.2603921152758475
SB75488_component_756a,230.1146,-30.414749,6.6519999504089355,23.672597885131836,230.11489292421965,-30.414530643744534,5.0173404077315915,1.0862313949167612,1.3258020006293327
SB75488_component_757a,228.844522,-25.86638,6.956999778747559,36.234375,228.8446918199724,-25.866205975024673,5.0933127581186115,1.1190907995702168,1.3659086156958018
SB75488_component_758a,230.796455,-29.487747,6.343999862670898,34.4782600402832,230.79650069789074,-29.487539006223066,5.648765369404588,0.9201387270035786,1.123077247469316
SB75488_component_759a,230.409381,-30.264848,6.295000076293945,22.010488510131836,230.4096751204788,-30.264711545603458,8.96434351562878,0.5753351793208217,0.7022265562803345
SB75488_component_770a,227.731211,-27.978594,6.359000205993652,26.718486785888672,227.73165436065287,-27.978478289179897,5.948954675325846,0.8757736211343845,1.0689273247228677
SB75488_component_772a,232.063626,-26.675699,6.376999855041504,38.41566467285156,232.06375852455298,-26.675538322095242,5.345746928551455,0.9773535457106222,1.1929109140917542
SB75488_component_773a,229.374879,-26.9915,5.751999855041504,37.35064697265625,229.37499519662327,-26.991285288309243,4.612783120536729,1.021643818049531,1.246969498616319
SB75488_component_778a,234.512149,-25.672843,6.6519999504089355,13.303999900817871,234.51220761867486,-25.67279974996734,6.3272743601379435,0.8613491939274308,1.051321559930572
SB75488_component_779a,228.052806,-26.810241,6.341000080108643,34.46195602416992,228.05297192057878,-26.81031666707004,5.08267958943698,1.0221360522077685,1.2475702960475323
SB75488_component_788a,230.903928,-27.960272,6.499000072479248,40.11728286743164,230.90410864366734,-27.960232613625745,7.484779192723584,0.7113956902702616,0.8682954974539967
SB75488_component_790a,228.732357,-28.446407,6.304999828338623,37.981929779052734,228.73209407844718,-28.446204641821932,3.1890828266570246,1.6198058424272521,1.9770574083671189
SB75488_component_792a,233.773358,-26.191688,6.5320000648498535,34.02083206176758,233.773546210695,-26.191467437927024,5.3264847646707665,1.0047295422245468,1.2263247438864309
SB75488_component_796a,229.17234,-30.181,6.38100004196167,31.126829147338867,229.1724943364964,-30.180764027518876,4.729531582915114,1.1053868616924214,1.3491822456609222
SB75488_component_801a,231.621385,-27.373869,6.184000015258789,39.38853454589844,231.62143678799427,-27.373739464238295,5.8143004565967535,0.8713962616567229,1.0635845294583262
SB75488_component_804a,232.361494,-29.132409,5.946000099182129,33.977142333984375,232.36178642474601,-29.132224247882558,5.446344213703668,0.8944653208966742,1.0917415179564423
SB75488_component_807a,229.561628,-30.226545,5.76800012588501,22.27027130126953,229.56181263632746,-30.226459192757087,4.975610801233046,0.9497789501028298,1.15925468375774
SB75488_component_809a,231.98993,-29.666188,6.354000091552734,33.44210433959961,231.99012985779302,-29.666108791309036,4.692532711224244,1.1093883192146667,1.3540662330076816
SB75488_component_811a,233.563105,-27.689734,5.743000030517578,30.8763427734375,233.56318176705423,-27.689668620295183,5.766251601434748,0.8159976559764284,0.9959676454438123
SB75488_component_815a,230.883964,-29.547795,5.7870001792907715,31.97237777709961,230.88410185481948,-29.547550312360777,4.541979242608341,1.0438834964754669,1.2741141846274593
SB75488_component_817a,233.76883,-29.652951,5.877999782562256,24.59414291381836,233.7690230870342,-29.65288244186487,4.703260525804838,1.0239392961250178,1.249771249181735
SB75488_component_818a,231.544066,-25.610261,5.776000022888184,24.474576950073242,231.54416338881953,-25.610067175468046,4.571631186895992,1.035141404899673,1.2634440064728678
SB75488_component_820a,234.364326,-27.05718,5.3520002365112305,12.191344261169434,234.36408844106342,-27.05701243937556,2.5109198977287583,1.746332540424646,2.131489834204731
SB75488_component_823a,231.585271,-28.695283,5.965000152587891,36.15151596069336,231.58552574849963,-28.6952243626359,5.597528528507298,0.873087608167139,1.0656489059786154
SB75488_component_826a,232.829214,-29.354807,5.466000080108643,29.22994613647461,232.82956038231976,-29.35474535195117,5.019172671637004,0.8922389494790816,1.0890241156668368
SB75488_component_831a,228.943025,-28.158227,5.626999855041504,33.89759063720703,228.94294668087105,-28.158073406481723,4.602928956439305,1.0015815433022737,1.222482447218649
SB75488_component_834a,231.829589,-28.660107,6.083000183105469,35.57310104370117,231.8298014091651,-28.660017282910392,4.629461273714137,1.076542190667834,1.3139758221209146
SB75488_component_836a,230.64158,-29.345203,5.723999977111816,32.33898162841797,230.64175080141828,-29.345015866698745,4.471555569951058,1.048780664223042,1.280091432962884
SB75488_component_837a,233.115249,-27.059301,5.191999912261963,27.32631492614746,233.1151915734285,-27.059142840408747,5.499814069505484,0.7734466266046248,0.9440318975599119
SB75488_component_839a,230.71578,-26.864646,5.874000072479248,36.943397521972656,230.7158598858699,-26.864597346659277,4.560213037035166,1.0553402363555224,1.2880977324467815
SB75488_component_840a,231.29206,-29.020661,6.1020002365112305,36.53892517089844,231.29218365490735,-29.020548121761482,4.61397467814101,1.0835293862097994,1.3225040582515188
SB75488_component_841a,230.211534,-26.209914,6.034999847412109,38.19620132446289,230.21132550891056,-26.209699062817634,3.964112152133393,1.2473117436349295,1.5224089571139436
SB75488_component_843a,229.517066,-28.821425,5.495999813079834,33.30908966064453,229.51729691979767,-28.82132464576537,4.43060786785957,1.01631205207095,1.240461800501193
SB75488_component_846a,228.464761,-27.171429,5.677000045776367,34.198795318603516,228.46509273936442,-27.17134002183824,5.286005669253952,0.8799033152203063,1.0739678314755947
SB75488_component_847a,231.164401,-27.270813,5.364999771118164,32.319278717041016,231.16428961572703,-27.270720303662348,4.756624279456183,0.9240905739171489,1.1279006824839097
SB75488_component_848a,228.708379,-30.165713,6.204999923706055,26.29237174987793,228.708492719812,-30.165640042123766,4.925111306689992,1.0322132068109682,1.2598699881721525
SB75488_component_849a,231.206506,-30.251664,5.64300012588501,26.744077682495117,231.2064928372379,-30.251486466544126,3.752303688016664,1.2321278116379681,1.5038761771619027
SB75488_component_850a,232.276647,-26.282477,5.4710001945495605,31.994152069091797,232.27649399755006,-26.28212677637721,4.751386254015455,0.9433874058580107,1.1514534710635136
SB75488_component_851a,228.876271,-26.922556,5.311999797821045,32.58895492553711,228.87640773852172,-26.92239402425451,4.712792101700024,0.9234713977793723,1.1271449457541043
SB75488_component_852a,232.85923,-29.612417,5.681000232696533,29.900001525878906,232.85934274101137,-29.612306155394094,5.105216864595359,0.9117049078856507,1.1127833319078426
SB75488_component_854a,232.609628,-27.056723,5.243000030517578,27.165802001953125,232.60977034889925,-27.056572860515598,5.057710236037294,0.8493165692135786,1.03663511467305
SB75488_component_858a,233.491151,-27.948909,5.9710001945495605,29.413795471191406,233.4911267356918,-27.948733746220885,5.780252406395714,0.8463382380647599,1.0329999063609727
SB75488_component_862a,232.905151,-25.229599,5.519000053405762,10.6339111328125,232.90537015340556,-25.229411508173623,4.653602796315046,0.9716609905096422,1.1859628539367348
SB75488_component_866a,229.447077,-28.66094,5.636000156402588,33.5476188659668,229.44708556161396,-28.66082383083956,4.647802366263597,0.9934980627941683,1.2126161381800342
SB75488_component_878a,231.880569,-29.914602,5.557000160217285,28.35204315185547,231.8805864141313,-29.914390124389016,3.9690050414996025,1.147103063477302,1.4000990429877844
SB75488_component_880a,233.999063,-25.745247,4.714000225067139,21.525115966796875,233.99905140213593,-25.744904183310368,4.408184731258718,0.8761399705515502,1.0693744732701114
SB75488_component_881a,231.600126,-25.620482,5.632999897003174,23.868642807006836,231.5999972765703,-25.620177879209354,5.690807782583329,0.8109788112370496,0.9898418840015866
SB75488_component_884a,228.083074,-27.087711,5.294000148773193,26.737375259399414,228.0831839702861,-27.087513718572342,4.476178649171762,0.9689920605126144,1.1827052858475064
SB75488_component_885a,228.847887,-29.06718,5.130000114440918,30.535715103149414,228.84811618450368,-29.067029726730446,3.096843330977529,1.3571936551327175,1.6565255539813233
SB75488_component_889a,232.677639,-25.975799,4.710999965667725,27.711763381958008,232.6776889725603,-25.975334373822246,4.633936974833839,0.8329264607950672,1.016630133567289
SB75488_component_890a,232.407603,-27.805782,4.593999862670898,18.524192810058594,232.4076764846647,-27.805691243008607,5.497659675265196,0.6846313889349784,0.8356282734888083
SB75488_component_896a,231.368916,-30.127578,5.6620001792907715,28.310001373291016,231.36915424525313,-30.127486502930697,4.300210268436611,1.0787575983304498,1.316679842576455
SB75488_component_898a,230.496622,-28.788027,5.039999961853027,28.314605712890625,230.49671218858663,-28.78791872671527,5.173270017116806,0.7981951179431822,0.9742387204180667
SB75488_component_899a,228.425677,-26.605593,5.4679999351501465,30.377777099609375,228.425726475611,-26.605448810353057,4.660682301517105,0.9612197412193755,1.1732187652804076
SB75488_component_902a,228.497865,-26.639225,4.877999782562256,27.874284744262695,228.49790623606225,-26.639038643152375,3.8841938204551663,1.0289270019563237,1.2558590039645938
SB75488_component_904a,231.271548,-27.932776,5.245999813079834,32.993709564208984,231.27178880634133,-27.932752725549417,4.172870136887312,1.0299996622745085,1.2571682417591377
SB75488_component_905a,232.314377,-27.918224,4.670000076293945,21.822429656982422,232.31441525562596,-27.918188577000453,4.950847760207372,0.7728247047367572,0.943272809523502
SB75488_component_907a,228.798492,-28.69686,5.173999786376953,28.905025482177734,228.79855357818982,-28.696620229027484,4.083866671977987,1.0380028173564706,1.2669365094308942
SB75488_component_908a,229.709149,-26.385848,4.796000003814697,30.743589401245117,229.70920203606988,-26.385729783996005,4.085896009201085,0.9616909884186746,1.1737939470350003
SB75488_component_909a,229.642939,-26.247137,5.5970001220703125,34.98125076293945,229.64303780226567,-26.24692335088711,5.591666862081659,0.8200828087035803,1.0009537871479468
SB75488_component_912a,228.280746,-29.851662,5.447999954223633,27.37688446044922,228.2807301386228,-29.851709666742412,3.7501254556627286,1.1902412004017562,1.4527513862228518
SB75488_component_915a,230.667603,-27.030634,4.6519999504089355,26.735631942749023,230.66768071748493,-27.03061810520375,5.280029734279046,0.7218500884463281,0.8810556350103842
SB75488_component_918a,233.252604,-27.51048,4.709000110626221,22.00467300415039,233.25263289530042,-27.510274697197275,4.642098264130611,0.8311091279201577,1.0144119841263504
SB75488_component_920a,234.019113,-29.037204,4.703999996185303,24.247421264648438,234.01926501978312,-29.036997809393668,5.66308234156381,0.6805469896006294,0.8306430513398353
SB75488_component_924a,233.158384,-26.496908,5.186999797821045,28.657459259033203,233.15851606082214,-26.496673228594403,4.7892345171364665,0.8873476592545492,1.083054041154453
SB75488_component_925a,232.019239,-27.18606,5.150000095367432,29.768787384033203,232.01938689259404,-27.185826491998654,4.907568009672121,0.8597745610843772,1.049399638521058
SB75488_component_927a,230.406554,-29.814134,4.6529998779296875,24.361255645751953,230.40683715377165,-29.81403226250794,3.5895228203248344,1.0620378706300648,1.2962725439668925
SB75488_component_928a,231.265029,-25.359999,5.193999767303467,11.858447074890137,231.26524151478486,-25.359769313893256,3.666567707575237,1.1606089024878123,1.416583623035928
SB75488_component_929a,230.58264,-28.738429,5.192999839782715,30.191858291625977,230.58303609047772,-28.738319911894664,4.596438454135183,0.9256366474723996,1.129787745794972
SB75488_component_932a,232.81414,-29.302204,4.919000148773193,28.270116806030273,232.81444333851172,-29.3020359942139,4.196911561996243,0.9602641131116617,1.1720523713950959
SB75488_component_933a,231.385872,-30.544167,5.050000190734863,14.066852569580078,231.38604115803926,-30.54404299917399,3.9785454653181174,1.0399459070534272,1.269308151623969
SB75488_component_939a,230.53859,-25.742807,4.585999965667725,23.1616153717041,230.53858556779645,-25.74275247546778,4.307474665757016,0.8722781546846428,1.0646609258377981
SB75488_component_940a,228.030196,-29.361724,4.809000015258789,21.27876091003418,228.03030242910927,-29.361608989176478,3.531673717766355,1.1156240960269708,1.3616773234364055
SB75488_component_947a,229.691169,-26.236861,4.728000164031982,29.55000114440918,229.69128965876578,-26.236663548765492,6.33413621003249,0.6115525276616948,0.7464317165367258
SB75488_component_951a,232.827073,-28.25709,4.64300012588501,24.828876495361328,232.8272352777107,-28.25709843665438,4.139225026705927,0.9190165641120952,1.1217075892054114
SB75488_component_953a,229.70163,-26.193097,5.078999996185303,32.98051834106445,229.7018175333232,-26.192929630275767,4.719173769179483,0.8817712287230224,1.0762477172075784
SB75488_component_957a,231.336847,-29.785137,4.873000144958496,30.26708221435547,231.33693984748732,-29.784999589447708,3.6443205567788404,1.0955281322153738,1.3371491527808046
SB75488_component_962a,233.442494,-25.417104,5.211999893188477,15.329411506652832,233.44265687317684,-25.41697558209436,4.859066006062948,0.8788105873532678,1.0726341001923316
SB75488_component_963a,229.997073,-30.507339,4.294000148773193,12.482558250427246,229.99729858871558,-30.507024632580944,4.504902460765428,0.7809448114663033,0.9531838227732904
SB75488_component_965a,234.404032,-26.008529,4.763000011444092,13.121212005615234,234.40405295250804,-26.00860654880498,3.621746642735288,1.0774725064069406,1.3151113209417884
SB75488_component_969a,228.678945,-27.320932,4.870999813079834,28.48537826538086,228.67946277898182,-27.320960444955812,3.4759335301093803,1.1481280592809884,1.4013501037594795
SB75488_component_972a,228.129242,-27.965513,4.24399995803833,22.455026626586914,228.12925932214267,-27.96530355755507,3.7294953034561824,0.932328557948729,1.1379555711212046
SB75488_component_973a,232.179821,-28.605309,4.724999904632568,27.470928192138672,232.17992228934432,-28.60513618171654,4.277291039108338,0.9050585657530537,1.1046711251188466
SB75488_component_974a,230.611628,-27.624484,4.559000015258789,27.463855743408203,230.61159546257545,-27.624561483427172,4.603900935965416,0.8113108879622981,0.9902472009430388
SB75488_component_975a,232.596845,-29.476837,4.755000114440918,25.564516067504883,232.5970373250152,-29.476574419786587,3.7896129265225054,1.0280147819008454,1.2547455918682147
SB75488_component_984a,231.33102,-27.092164,4.964000225067139,31.417720794677734,231.331006845433,-27.091992447630297,4.490361559317848,0.9057204256944932,1.1054789596544745
SB75488_component_985a,228.009702,-29.476184,4.254000186920166,21.704082489013672,228.00989822989658,-29.476129928363548,3.8828312670358485,0.8976203032452694,1.0955923382598254
SB75488_component_992a,230.533602,-27.632662,4.188000202178955,25.07784652709961,230.5336270053315,-27.632615717207567,2.858023865961905,1.2005618085770995,1.4653482261140702
SB75488_component_993a,230.837964,-30.457898,5.1570000648498535,14.947826385498047,230.83813255621567,-30.45763581893514,4.476533534069768,0.9438412968282578,1.1520074686364408
SB75488_component_997a,229.702897,-30.531734,4.375999927520752,10.49400520324707,229.70270355345787,-30.531805936348135,2.646331726856675,1.3548047274439168,1.6536097432949515
SB75488_component_1005a,230.919549,-26.041896,4.119999885559082,25.911949157714844,230.91949503102697,-26.041697910324004,3.623169616904778,0.9316487787895472,1.1371258652468883
SB75488_component_1008a,230.89554,-28.364065,4.480000019073486,27.484663009643555,230.89565056255068,-28.364112881921017,4.204910663911547,0.8729008639537136,1.0654209749383932
SB75488_component_1010a,227.721605,-29.508695,4.236999988555908,16.422481536865234,227.7217215703907,-29.508668612460365,2.3525459583107855,1.4755843052929871,1.8010275096169557
SB75488_component_1011a,227.814181,-28.819813,4.593999862670898,16.176055908203125,227.8141516566344,-28.819601658037794,4.632852399791152,0.8124304541923908,0.9916136898464529
SB75488_component_1012a,232.178675,-26.79457,4.499000072479248,29.21428680419922,232.17863554840739,-26.794458000339855,4.621271470203099,0.7976239753325165,0.9735416111102261
SB75488_component_1014a,230.385539,-29.118519,4.750999927520752,28.6204833984375,230.38580608079644,-29.118415840382628,2.7628125471835636,1.4088906435195587,1.7196244212673657
SB75488_component_1016a,232.158425,-29.210053,4.630000114440918,26.158191680908203,232.15875650115964,-29.209913760564266,2.8444824692566457,1.333587208199815,1.6277126558107722
SB75488_component_1017a,228.375154,-26.317768,4.35699987411499,22.343589782714844,228.3753294070857,-26.31764453072984,3.3878845130005257,1.0536651855913266,1.2860532457336198
SB75488_component_1019a,228.915948,-27.629904,4.103000164031982,24.568864822387695,228.91618865185612,-27.62990778375215,3.9008991440869107,0.8617484148244575,1.0518088298313024
SB75488_component_1020a,228.383553,-30.182515,3.9130001068115234,16.510549545288086,228.38365327564992,-30.18236414819193,2.3499798672474665,1.3642356649036986,1.6651206937337824
SB75488_component_1025a,230.312871,-27.538698,4.499000072479248,25.5625,230.3130576944337,-27.538795253997414,3.6039672732744887,1.0227720291713647,1.2483465390604258
SB75488_component_1027a,229.364553,-25.454091,4.35699987411499,12.814705848693848,229.36501053032185,-25.453717998121814,4.158089255257873,0.8584943095290287,1.047837024807872
SB75488_component_1037a,231.765199,-29.697303,4.335999965667725,23.063831329345703,231.76509339721372,-29.697254308446155,3.2355704032167183,1.0979488212863002,1.3401037298885503
SB75488_component_1039a,233.707299,-26.181406,4.014999866485596,19.975122451782227,233.70719003083613,-26.181119832474803,2.2266808794461843,1.4773086345095483,1.8031321432482048
SB75488_component_1042a,228.053994,-29.679322,4.3520002365112305,21.979799270629883,228.0543937518321,-29.679415134936097,3.719422990414374,0.9586432528393996,1.1700740270001886
SB75488_component_1045a,230.295188,-29.316165,4.125999927520752,23.310733795166016,230.29557897284528,-29.316171033456033,3.2597329208553028,1.0370289448886905,1.2657478473537502
SB75488_component_1047a,233.093285,-29.703778,4.428999900817871,24.07065200805664,233.09371606192602,-29.703656469510936,4.089122742327643,0.8873995507836238,1.0831173774687821
SB75488_component_1048a,228.531609,-26.622086,4.297999858856201,24.988370895385742,228.53166297856387,-26.621998691277824,3.5429579057278207,0.9939031917801234,1.2131106192110612
SB75488_component_1051a,233.174802,-30.310378,4.01200008392334,15.254752159118652,233.17485138614265,-30.310165292226593,3.807338831234927,0.8633424313525777,1.0537544100381606
SB75488_component_1052a,227.396733,-26.62823,4.659999847412109,11.827410697937012,227.39680017079024,-26.628088631291373,3.6267471978916106,1.052718606766793,1.2848978969698177
SB75488_component_1054a,230.265546,-30.460824,4.739999771118164,15.389609336853027,230.2658007224075,-30.460630170451395,4.064142571741124,0.9555492298232345,1.1662976107374834
SB75488_component_1057a,229.174852,-25.73027,4.090000152587891,18.017621994018555,229.17509104356802,-25.730139542523595,3.8799810198939877,0.8636492574176936,1.0541289072335827
SB75488_component_1062a,231.173111,-28.831729,4.584000110626221,28.122699737548828,231.17318125820816,-28.831701428739844,3.855910504365799,0.9740053781255004,1.1888243011439328
SB75488_component_1064a,228.253305,-26.315466,4.322000026702881,22.989362716674805,228.2533365152871,-26.31535411948103,4.296593395633737,0.824146065306306,1.0059132034916225
SB75488_component_1065a,231.685496,-28.206506,4.49399995803833,28.624202728271484,231.68564472784564,-28.20651846958001,3.6472891414592614,1.0095005297746913,1.2321479827180095
SB75488_component_1068a,230.451718,-28.737946,4.554999828338623,26.17816162109375,230.45205037871452,-28.73783913166432,3.8766586000913867,0.962663464288108,1.1749809044911113
SB75488_component_1069a,232.196383,-29.898886,4.704999923706055,25.295698165893555,232.19646209628763,-29.898780607132636,3.9840121113687244,0.9675705729907124,1.1809702862799862
SB75488_component_1072a,231.23211,-29.921598,4.579999923706055,24.232805252075195,231.2321918857788,-29.92128146686865,3.0703533214570737,1.2221395446501433,1.4916849770021126
SB75488_component_1073a,233.317102,-29.421511,4.320000171661377,23.225807189941406,233.31725731737407,-29.421335196192132,3.739895187374419,0.9463853610675481,1.1551126315639393
SB75488_component_1079a,231.266104,-29.827472,4.313000202178955,26.788822174072266,231.26616645165132,-29.827375823536077,3.7217172749434035,0.9494667949294581,1.1588736821080916
SB75488_component_1081a,232.515238,-26.324414,3.98799991607666,24.024097442626953,232.51507985218575,-26.32416366382653,3.1927424218444016,1.0233753185973662,1.2490828852309512
SB75488_component_1082a,234.272868,-27.254978,3.8010001182556152,14.563218116760254,234.27305475422568,-27.254802692981357,2.917545822577129,1.0673918396031448,1.3028073419933857
SB75488_component_1094a,233.168275,-28.258804,4.065000057220459,23.228572845458984,233.16842889047464,-28.258707396067752,3.728826719028956,0.893165696666953,1.090155258885038
SB75488_component_1095a,232.394321,-29.78993,4.185999870300293,23.127071380615234,232.39438437683705,-29.789747400252157,3.7591259264932617,0.9123385313210973,1.1135567023170316
SB75488_component_1102a,233.048501,-25.807709,3.812000036239624,18.871286392211914,233.04829078850494,-25.807380980619794,3.7717607007468703,0.8280421528169258,1.010668581250339
SB75488_component_1104a,232.367733,-26.785993,3.809000015258789,23.36809730529785,232.36770169944432,-26.785925288844663,3.108565795681367,1.003909562922504,1.2253239164345542
SB75488_component_1107a,231.455158,-27.97124,4.296000003814697,25.270587921142578,231.45522975533783,-27.97126190828994,3.1509724713486724,1.1170261622008144,1.3633886182369384
SB75488_component_1108a,227.851377,-29.925295,4.1539998054504395,21.412368774414062,227.85159427521347,-29.925209422633248,2.544918212545417,1.337323027943409,1.6322724184112878
SB75488_component_1114a,231.817888,-28.293735,4.308000087738037,24.47727394104004,231.8179873130639,-28.293612040107202,4.030237086846591,0.8757674290636404,1.0689197669779715
SB75488_component_1115a,230.517602,-29.997678,4.223999977111816,21.014925003051758,230.51743540094358,-29.997559949307416,3.6369953240974544,0.9515351706540504,1.1613982424241998
SB75488_component_1117a,228.616991,-25.348102,4.260000228881836,11.036270141601562,228.61724713254532,-25.34786151102658,4.141453269856338,0.8427534477733655,1.0286244830741769
SB75488_component_1123a,230.923109,-27.257132,3.8519999980926514,25.176471710205078,230.92307694208716,-27.25717395040924,4.098961273972455,0.7699386901081356,0.9397502783332071
SB75488_component_1124a,233.884657,-29.611774,3.5929999351501465,13.161171913146973,233.88512112828636,-29.61182160092808,3.4885236263220634,0.8438382774830177,1.0299485742449255
SB75488_component_1125a,230.880219,-26.619698,4.263999938964844,25.842422485351562,230.8801643174481,-26.61964294885264,3.9449696958390335,0.8855583842880833,1.0808701378523409
SB75488_component_1131a,228.360585,-29.457059,3.4539999961853027,17.98958396911621,228.36064964622116,-29.456906865494215,2.7737387588204827,1.020235564156519,1.245250651382215
SB75488_component_1135a,231.549449,-29.485969,3.740000009536743,21.494253158569336,231.54941934742143,-29.485856285596206,3.0281154508675328,1.011912253606737,1.2350916172846913
SB75488_component_1137a,232.407347,-25.681718,3.453000068664551,16.287736892700195,232.40739020677273,-25.681572542246577,2.2821173609428573,1.2396591577007927,1.5130685773486876
SB75488_component_1138a,228.407634,-26.877782,3.928999900817871,22.710983276367188,228.40786021077093,-26.877549304701592,3.75243874528613,0.8578514449812041,1.0470523751396448
SB75488_component_1141a,229.012949,-30.19999,4.052999973297119,19.67475700378418,229.01294215291637,-30.19996343335752,4.216583893128257,0.7875162722292577,0.9612046329499742
SB75488_component_1144a,231.0402,-30.073519,3.937999963760376,22.123594284057617,231.04016003043125,-30.07337502181542,4.56612981766462,0.7065959341016933,0.8624371450250389
SB75488_component_1147a,229.72031,-26.34071,3.7149999141693115,22.245508193969727,229.7205867191015,-26.340442105192736,4.094812066913761,0.7433074993325467,0.9072455227400187
SB75488_component_1148a,231.467164,-28.02169,3.880000114440918,23.658536911010742,231.4673734270491,-28.021542984435587,3.2009532251592105,0.9931071103361541,1.212138960339832
SB75488_component_1153a,230.394756,-28.705798,4.020999908447266,24.820987701416016,230.3950021898955,-28.70571718900427,2.9680823644595904,1.1099458598413132,1.3547467403854825
SB75488_component_1158a,228.60388,-28.556848,3.4570000171661377,19.53107261657715,228.6039901702609,-28.556598387713045,3.4501326868942486,0.8209321512431503,1.0019904539607927
SB75488_component_1159a,228.247008,-27.166106,4.005000114440918,21.078948974609375,228.24722794396163,-27.165976053340987,4.24392886860872,0.7731755598517209,0.9437010464677911
SB75488_component_1163a,234.111784,-26.107211,3.6470000743865967,14.705645561218262,234.11177498473089,-26.10693426805597,4.089756462801675,0.7306039327783876,0.8917401580162138
SB75488_component_1164a,232.554406,-28.333153,3.4730000495910645,20.075145721435547,232.55448125097544,-28.33304379409536,4.926820727149609,0.5775395239217072,0.704917073692745
SB75488_component_1167a,233.781148,-27.370728,3.7139999866485596,20.184782028198242,233.78115249765366,-27.37081423176671,3.2207630684738766,0.9447715373701806,1.1531428756752349
SB75488_component_1168a,231.838901,-28.975413,3.5460000038146973,20.49711036682129,231.83873114867586,-28.975423152835358,4.119066777574077,0.7053157466390566,0.8608746095403466
SB75488_component_1170a,229.195762,-29.901631,3.691999912261963,21.846153259277344,229.19579030611501,-29.901610938342575,3.2606362082303244,0.9276903007443819,1.132294336590759
SB75488_component_1173a,228.47211,-27.058189,3.749000072479248,21.92397689819336,228.47222647550498,-27.058144071024223,2.976795854106799,1.0318345780166187,1.2594078520054082
SB75488_component_1175a,230.140965,-29.838055,3.5409998893737793,20.234285354614258,230.1411768921106,-29.83791925350786,3.1487127464324893,0.9213752706906255,1.1245865134524429
SB75488_component_1179a,227.765259,-28.474482,3.99399995803833,18.576744079589844,227.76532395334883,-28.474166695930563,3.8748930280655594,0.84448515405462,1.0307381207971649
SB75488_component_1180a,231.376613,-27.182735,3.7939999103546143,23.134145736694336,231.37667441844252,-27.18272450314153,3.031693442273897,1.0253112268616897,1.251445762111408
SB75488_component_1182a,230.813644,-26.697558,3.8889999389648438,25.253246307373047,230.81377524608936,-26.697375134412457,4.004138998628823,0.7957423499555472,0.9712449893214476
SB75488_component_1183a,228.436768,-25.907913,3.6710000038146973,17.316038131713867,228.43696766429136,-25.907585948479515,2.714784702639859,1.1078798727407437,1.3522250955094206
SB75488_component_1185a,229.16107,-25.525448,3.8559999465942383,12.684210777282715,229.1610825965806,-25.525244099622935,3.1087600519773293,1.0162334771905366,1.240365895766586
SB75488_component_1187a,228.976048,-28.104313,3.8420000076293945,23.863353729248047,228.97605516844925,-28.10421771760231,3.6946844378677643,0.8519688003505171,1.0398723009336752
SB75488_component_1188a,228.871754,-28.165267,3.6019999980926514,22.098159790039062,228.87164648619813,-28.165174193945624,3.0632335324197864,0.9634014189438433,1.1758816165894048
SB75488_component_1190a,227.414383,-28.443662,3.503999948501587,10.586102485656738,227.4146966360052,-28.443577703316585,2.924747646561948,0.9815656951514115,1.1980520619002983
SB75488_component_1192a,231.13854,-29.888355,3.822000026702881,21.715909957885742,231.13847761131265,-29.888286887211475,3.8709589971928575,0.8089390403540634,0.9873522373847202
SB75488_component_1196a,230.908962,-28.580979,3.746000051498413,24.324676513671875,230.90907313181506,-28.580839898685085,2.96303364498274,1.0357975441360199,1.2642448585899315
SB75488_component_1201a,232.378347,-28.226256,3.7160000801086426,20.87640380859375,232.37847154610017,-28.22612551183419,3.7521341488744393,0.8114112753488851,0.990369728977671
SB75488_component_1203a,230.293308,-30.152108,3.0840001106262207,14.898550987243652,230.29356912884825,-30.151981757424444,4.393886321672007,0.5750548215095704,0.701884364967518
SB75488_component_1204a,232.659765,-27.172468,3.819000005722046,17.929576873779297,232.65996509051553,-27.17217489114149,4.805645457946354,0.6510908810317939,0.7946903364265366
SB75488_component_1205a,231.552792,-25.90342,3.4070000648498535,19.46857261657715,231.55268380139293,-25.903110592049796,2.6783322680643016,1.042200720425094,1.2720602688000988
SB75488_component_1206a,228.112536,-27.093608,3.434000015258789,17.170000076293945,228.11279200495193,-27.093348306970295,2.523073061535569,1.115100850052633,1.361038674468198
SB75488_component_1213a,229.952015,-29.450513,3.697000026702881,22.137725830078125,229.9522163596735,-29.450354378587605,3.7928253946152592,0.7986017994767199,0.9747350964142922
SB75488_component_1219a,228.993719,-27.866173,3.2170000076293945,18.703487396240234,228.9937683220698,-27.86598863922059,2.711883100376158,0.9719049142813257,1.1862605756063649
SB75488_component_1220a,230.53046,-28.0288,3.384000062942505,19.67441749572754,230.5304300689086,-28.028715785069668,4.794924927679783,0.5782188309656792,0.7057462033258547
SB75488_component_1230a,230.047838,-28.865412,3.5209999084472656,20.95833396911621,230.04807016761245,-28.865237571403373,3.135871412736432,0.9199229393111962,1.1228138673501162
SB75488_component_1234a,228.203598,-26.142634,2.996000051498413,13.082969665527344,228.20365033330575,-26.14241458816342,5.135568177068069,0.4779659934096436,0.5833823927947248
SB75488_component_1238a,230.964661,-29.657868,4.002999782562256,22.363126754760742,230.96465956635794,-29.65782426525676,3.5343137281556847,0.9279490890077386,1.1326102011467856
SB75488_component_1240a,232.209143,-29.404018,3.36299991607666,20.381816864013672,232.20913941782493,-29.403935673983682,4.1721800057493565,0.6604006618519825,0.8060534088755451
SB75488_component_1243a,230.387598,-25.555952,3.621999979019165,13.31617546081543,230.3877431293234,-25.55581024421646,3.8273645620920753,0.7753401839077277,0.9463430828860849
SB75488_component_1244a,231.822823,-27.419178,3.443000078201294,20.37278175354004,231.8228166161191,-27.41908128864272,2.888209254471353,0.9766794684946378,1.1920881677361317
SB75488_component_1251a,230.44832,-27.743234,3.430000066757202,21.572328567504883,230.44820535173864,-27.743278269086975,2.768542030868692,1.0150482532121141,1.238919268161142
SB75488_component_1252a,228.478305,-29.517064,3.7330000400543213,18.7587947845459,228.47859944919242,-29.51691248702575,3.653415025218954,0.8371488112827898,1.0217837322850003
SB75488_component_1256a,231.043038,-26.501412,3.36899995803833,20.925466537475586,231.04300293305158,-26.50131716645668,2.821271467947337,0.9783625259456181,1.1941424270275918
SB75488_component_1257a,233.48447,-29.005654,3.190999984741211,17.437158584594727,233.48463485682547,-29.005496834703383,2.4100353263974372,1.0847935004166602,1.324046975490261
SB75488_component_1264a,228.06847,-30.277346,3.075000047683716,10.98214340209961,228.0686892678486,-30.2774147399116,3.192895899455331,0.7890491359198545,0.9630755729331085
SB75488_component_1273a,230.091796,-28.88616,3.2679998874664307,18.674285888671875,230.09208585179655,-28.88596303363841,1.934191288039373,1.384287479820774,1.6895949783638495
SB75488_component_1280a,234.110062,-27.385394,3.3359999656677246,16.43349838256836,234.11000764171217,-27.38521175951426,4.307605151614755,0.6345032203773585,0.774444232526091
SB75488_component_1282a,232.306171,-27.443523,3.7090001106262207,16.558034896850586,232.3063744400101,-27.443444859373614,3.2164912418693468,0.9447527264735305,1.1531199159959906
SB75488_component_1290a,229.421544,-27.854005,3.5380001068115234,21.059524536132812,229.42159099601253,-27.854064888069573,2.533797423258499,1.1440095038780898,1.39632319234961
SB75488_component_1293a,232.648774,-28.80063,3.625,20.25139617919922,232.64883289633195,-28.800673316519763,3.254825372931897,0.9124813544382185,1.1137310253713104
SB75488_component_1297a,231.446615,-27.719246,3.5450000762939453,21.88271713256836,231.44655731920253,-27.719141377644785,3.5039440582314567,0.82890119517476,1.0117170871966519
SB75488_component_1298a,230.020232,-29.325301,3.493000030517578,18.881080627441406,230.02046906451784,-29.32531487606744,4.398578917174179,0.6506237043506171,0.7941201229513507
SB75488_component_1299a,233.368287,-30.405133,3.196000099182129,10.617940902709961,233.3683508610579,-30.404967570125823,3.5129743648276475,0.7453761361530709,0.9097704017373125
SB75488_component_1303a,231.462023,-28.62048,3.0829999446868896,18.572290420532227,231.46239688279752,-28.620365588621297,2.5117042200874136,1.005654271278257,1.2274534238667616
SB75488_component_1308a,228.994469,-26.607642,3.109999895095825,17.976879119873047,228.9945881083455,-26.607441002176834,2.5356540266803895,1.0048796668065798,1.2265079787589768
SB75488_component_1309a,229.605713,-29.713223,3.502000093460083,20.47953224182129,229.60582765740998,-29.713092456072786,2.6014582911647186,1.1029173454789334,1.3461680724822138
SB75488_component_1312a,232.611189,-26.834914,3.1050000190734863,19.285715103149414,232.61131163219937,-26.834714731622185,2.807506070008318,0.9061176377748483,1.1059637776898152
SB75488_component_1313a,232.260873,-25.569765,3.318000078201294,13.825000762939453,232.2607556311266,-25.569759314284298,2.4155440960540404,1.1253953147867466,1.3736036049275517
SB75488_component_1315a,231.485596,-30.107142,3.4240000247955322,16.54106330871582,231.4856370733859,-30.107090826890264,2.5741520198954797,1.0897910799746453,1.3301467816708663
SB75488_component_1316a,231.59253,-25.674494,3.2260000705718994,15.584541320800781,231.5924476214841,-25.674195858607767,2.32034253212923,1.1390845271805004,1.3903120017420898
SB75488_component_1321a,233.443193,-28.249179,2.9820001125335693,16.295082092285156,233.44299902466184,-28.248981071268886,3.561606441150415,0.6859704508839867,0.8372626683509617
SB75488_component_1322a,231.363073,-26.742253,3.36299991607666,20.759258270263672,231.36324316902608,-26.74219774286045,2.8536146602393426,0.9655509819014546,1.1785052701525558
SB75488_component_1333a,228.111128,-28.134923,3.0789999961853027,17.90116310119629,228.11118126018158,-28.134841301911507,2.8015257269395346,0.9004482413190951,1.0990439839897128
SB75488_component_1334a,230.082293,-29.168757,3.2679998874664307,19.68674659729004,230.08255080252886,-29.16857414886451,3.1570822038679833,0.8480858624241518,1.0351329729275194
SB75488_component_1337a,233.494077,-30.140066,3.1659998893737793,13.825326919555664,233.49413178889603,-30.139988417728148,2.5013291253932444,1.0370118906556702,1.265727031773973
SB75488_component_1342a,234.004961,-27.63367,3.2899999618530273,16.616161346435547,234.0048388273416,-27.633525068274057,3.2779696708263084,0.8223082411887582,1.0036700434216301
SB75488_component_1343a,232.258237,-28.1125,3.313999891281128,18.411109924316406,232.25850127588953,-28.11236935684274,2.491702649829911,1.089682450641954,1.3300141939116807
SB75488_component_1346a,233.257655,-28.591869,2.7660000324249268,14.634921073913574,233.25788881581767,-28.59173374852626,2.469740927544562,0.9175811072201885,1.1199555392941187
SB75488_component_1353a,230.191058,-27.388236,3.061000108718872,17.900585174560547,230.19087218234185,-27.388149658660765,2.3370419977085275,1.0731007760400655,1.309775396300189
SB75488_component_1354a,231.131791,-29.076421,3.3359999656677246,17.650793075561523,231.13198048534412,-29.076297447595675,3.1409171231332964,0.8701883028633064,1.0621101528268975
SB75488_component_1356a,232.803924,-27.556218,3.2360000610351562,13.371901512145996,232.8041057703049,-27.556031873909273,2.6865056072512528,0.9868802338746341,1.20453873325287
SB75488_component_1358a,231.180152,-29.900567,3.319999933242798,18.04347801208496,231.1800902229636,-29.900276433646226,2.584207811159306,1.0525780785076349,1.2847263749092248
SB75488_component_1359a,232.861556,-28.139473,3.115000009536743,17.02185821533203,232.8618462450201,-28.139401434884814,2.7945040103019334,0.9132653825754011,1.1146879725537346
SB75488_component_1363a,228.697182,-27.93448,3.503000020980835,21.359756469726562,228.69730906690458,-27.934334532184458,3.1653850641146746,0.9066867558672538,1.1066584159676598
SB75488_component_1366a,230.30742,-28.980222,3.26200008392334,19.188236236572266,230.30750387713252,-28.98007995352538,2.349006306823844,1.1377411497736067,1.3886723396387897
SB75488_component_1372a,229.082508,-27.470058,3.240000009536743,19.40119743347168,229.08254106675233,-27.469977226131032,3.0994188986878437,0.8564626247839788,1.045357247743574
SB75488_component_1374a,233.138361,-29.509819,3.128000020980835,13.964285850524902,233.1384463030251,-29.509701138293728,2.1154697581792914,1.2114447353118234,1.4786314050988807
SB75488_component_1375a,233.866624,-29.194307,2.869999885559082,14.947916030883789,233.86678686169913,-29.194321092262424,2.4568236414446654,0.9570873534782256,1.1681749707811588
SB75488_component_1376a,229.857909,-30.119452,3.325000047683716,16.46039581298828,229.8581124615938,-30.119341249286652,2.9017077086913727,0.9388185738985346,1.1458769736608798
SB75488_component_1377a,231.290696,-28.251315,3.2920000553131104,20.575000762939453,231.29106135479765,-28.251381055148183,1.8982613368048322,1.4208476471096805,1.7342185670041774
SB75488_component_1384a,230.980655,-29.507963,3.24399995803833,18.970760345458984,230.98071032594507,-29.507721404181638,3.1977770021852203,0.8311441375507591,1.0144547152041943
SB75488_component_1386a,228.173207,-27.22682,3.015000104904175,14.6359224319458,228.17345430889924,-27.226575459839502,2.156227632578778,1.14560896907651,1.3982754229423973
SB75488_component_1387a,230.905424,-28.057249,2.9059998989105225,17.719511032104492,230.9054519938675,-28.057147179606105,3.2125240796847003,0.741127424461414,0.9045846277970118
SB75488_component_1388a,228.342583,-25.577893,3.36899995803833,10.561128616333008,228.342877315661,-25.577645009259438,3.006035522125764,0.9182280979192562,1.1207452251448746
SB75488_component_1390a,228.241037,-27.09883,3.1019999980926514,16.15625,228.2409469845475,-27.09867337454243,2.03772359323798,1.2472117687255369,1.5222869325292137
SB75488_component_1391a,228.361282,-28.952368,2.812000036239624,15.366120338439941,228.36141886974198,-28.95211795962271,3.092787135884968,0.7449188643597072,0.9092122776936603
SB75488_component_1394a,231.40418,-25.539754,2.874000072479248,10.119718551635742,231.40412057085774,-25.53936096698908,4.461751069150291,0.5277462052636968,0.6441417344752451
SB75488_component_1396a,232.11727,-29.63298,2.8310000896453857,15.640885353088379,232.11735144658732,-29.632858901698608,4.931238155535868,0.4703569727500332,0.574095186716397
SB75488_component_1397a,231.316168,-30.210199,3.1570000648498535,15.033333778381348,231.3162571618844,-30.210019999196675,2.800001698468796,0.9237617528346913,1.1274993392240744
SB75488_component_1398a,233.526832,-26.911289,3.0250000953674316,14.543269157409668,233.5268175381032,-26.91124541734298,4.3075505501868925,0.5753587084492208,0.702255274807207
SB75488_component_1399a,231.260382,-28.821659,2.9010000228881836,17.689023971557617,231.26054820480545,-28.821651856376405,2.760654877693224,0.8609527076815028,1.0508376278139593
SB75488_component_1401a,228.727086,-27.869283,2.815999984741211,17.382715225219727,228.72717835247096,-27.86927005253284,2.4951852092906464,0.9246418404793556,1.1285735320392383
SB75488_component_1404a,230.852945,-29.224368,3.063999891281128,18.797544479370117,230.85296134361909,-29.224311515376325,3.158415373731777,0.7948097416885709,0.9701066923508881
SB75488_component_1406a,229.697148,-29.954038,3.2149999141693115,17.19251251220703,229.69724586424735,-29.95403473402908,3.4151442119457283,0.7712862677035254,0.9413950669853595
SB75488_component_1409a,232.696183,-26.069086,2.9179999828338623,17.164705276489258,232.69640732516325,-26.06857353509577,2.3593655441002648,1.013289944989105,1.236773161382515
SB75488_component_1420a,233.628202,-26.26058,2.931999921798706,14.514850616455078,233.6284924702518,-26.260252987445636,2.614857710231245,0.9186700837140924,1.1212846918310573
SB75488_component_1433a,229.143567,-26.272494,2.86899995803833,17.38787841796875,229.1435580183569,-26.272361492123867,4.314521632484728,0.544805611187092,0.6649636280502496
SB75488_component_1435a,228.26227,-29.244355,3.187999963760376,16.691099166870117,228.26239738015965,-29.244054129802937,4.027754475137559,0.648483603624546,0.791508018534694
SB75488_component_1437a,231.647286,-28.609127,2.5480000972747803,15.442423820495605,231.6473093141696,-28.608842263020804,1.8222772173840665,1.1455885797671068,1.3982505367281663
SB75488_component_1440a,233.79585,-29.869601,3.114000082015991,12.21176528930664,233.79598844467318,-29.869531578134612,2.1686541737532905,1.1764460018418263,1.4359136277715456
SB75488_component_1444a,231.058465,-28.414534,2.697999954223633,18.73611068725586,231.05867406197947,-28.414412535067456,2.25428570791451,0.9805656176944727,1.196831415268836
SB75488_component_1461a,233.954801,-29.571159,2.878000020980835,11.330708503723145,233.95475873404843,-29.571219104177874,2.4575196519568263,0.9594834193831953,1.171099494032203
SB75488_component_1462a,230.581516,-26.11417,3.052000045776367,20.078948974609375,230.58134776038094,-26.11411732522183,2.56038498537847,0.9766139981931128,1.1920082578226914
SB75488_component_1473a,231.727989,-28.213383,3.0390000343322754,18.530487060546875,231.72839132993718,-28.21327041831509,2.619735844443244,0.9504228815987533,1.1600406356917008
SB75488_component_1477a,233.152839,-27.200199,2.683000087738037,12.837320327758789,233.15290985976054,-27.20010201862594,2.7360002279462963,0.8034303594103684,0.9806286053389541
SB75488_component_1478a,233.682398,-28.138811,2.8980000019073486,14.0,233.68243174843823,-28.138765063959333,5.000608677363329,0.47480927299387427,0.5795294510898176
SB75488_component_1483a,231.327383,-29.346359,2.9660000801086426,17.86747169494629,231.32738182210565,-29.34631996586628,1.7114552995595502,1.4198722738791163,1.733028073167879
SB75488_component_1485a,233.355491,-26.020581,2.6710000038146973,13.911458015441895,233.35537264449286,-26.02019118970779,4.207347012683804,0.5201268054893037,0.6348418601466643
SB75488_component_1489a,233.901002,-29.417034,2.691999912261963,12.12612533569336,233.90138211334832,-29.41679945559083,4.147665344836385,0.5317592022678583,0.6490398063607891
SB75488_component_1490a,230.564972,-27.814809,2.5769999027252197,16.519229888916016,230.56503782341426,-27.81459968919562,2.340585246104631,0.9020562499238647,1.101006642254986
SB75488_component_1492a,228.654577,-26.150861,2.624000072479248,14.659217834472656,228.6547210806318,-26.150392462903834,3.371297650947065,0.6376912025476688,0.7783353308308787
SB75488_component_1498a,229.273322,-30.014116,2.921999931335449,15.709676742553711,229.27335258994324,-30.014098497698196,2.8896740624106143,0.8284666346345861,1.0111866834205752
SB75488_component_1502a,230.617978,-27.746994,2.759000062942505,16.926380157470703,230.61794054653447,-27.747175337265823,3.0443496020896053,0.7425075387885122,0.906269129225093
SB75488_component_1503a,227.806033,-28.048554,2.6110000610351562,12.144186019897461,227.8062642422229,-28.048423931154765,2.4133611106085273,0.886396949297976,1.0818936501288008
SB75488_component_1531a,229.412417,-25.731096,2.4189999103546143,11.356806755065918,229.41270113338112,-25.730866522483392,3.3914503695956744,0.5843782817380813,0.713264133846961
SB75488_component_1537a,234.216973,-27.494056,2.559000015258789,11.17467212677002,234.2168915797651,-27.49366615752995,2.270364906329587,0.9234604584617598,1.1271315937471158
SB75488_component_1539a,232.111481,-27.598427,2.5999999046325684,13.131312370300293,232.11141861067037,-27.598260673079437,2.662777109942922,0.7999856521363609,0.9764241606719762
SB75488_component_1542a,232.294577,-26.983749,2.634000062942505,15.05142879486084,232.29491439151698,-26.983496288029002,2.1601997609805648,0.9990001378767782,1.2193317074282386
SB75488_component_1543a,229.829824,-25.583173,2.7119998931884766,11.114753723144531,229.8300227937757,-25.583115860088547,1.950825418913209,1.138976971115577,1.3901807239621229
SB75488_component_1544a,231.394556,-26.897387,2.552000045776367,14.83720874786377,231.39454003313784,-26.89726834966612,3.5435005925102465,0.5900541224996422,0.7201917931579936
SB75488_component_1545a,232.877995,-28.405094,2.4119999408721924,14.023255348205566,232.87782775637822,-28.405003750755128,2.8487228062481296,0.6936985412079992,0.8466952051571782
SB75488_component_1546a,229.100132,-27.789154,2.7060000896453857,15.462858200073242,229.10001156318455,-27.789131826707095,2.75354472278035,0.8051547378937519,0.9827332991029262
SB75488_component_1550a,231.5091,-27.530341,2.6019999980926514,17.46308708190918,231.50937790022658,-27.53043957878893,2.418403658216797,0.8814997260112084,1.0759163340048983
SB75488_component_1554a,229.569557,-29.138846,2.5339999198913574,15.641974449157715,229.5696895533469,-29.138460299442126,2.792017471319485,0.7435876122648747,0.9075874151653532
SB75488_component_1555a,231.339865,-26.648656,2.8269999027252197,17.237804412841797,231.3400684994622,-26.6483924383614,2.1184325284217778,1.093338995247842,1.3344771970770866
SB75488_component_1564a,230.129394,-26.278875,2.7360000610351562,16.785276412963867,230.1292518562906,-26.278681492074007,2.7153618757627664,0.8255284929808702,1.0076005284807914
SB75488_component_1567a,228.062009,-28.493268,2.6089999675750732,14.102702140808105,228.0621260222533,-28.493002740028974,2.006162725326587,1.065495445459764,1.3004926941558788
SB75488_component_1574a,228.179582,-28.405707,2.825000047683716,16.71597671508789,228.17972218212793,-28.40571638276487,2.774943455979824,0.8340805659167136,1.018038778987018
SB75488_component_1576a,228.862052,-28.366717,2.8589999675750732,16.622093200683594,228.86241756539397,-28.366459506984274,1.6572166667093045,1.413443779644446,1.7251817610862683
SB75488_component_1587a,229.578328,-27.477538,2.4860000610351562,14.97590446472168,229.57808585197256,-27.477400718779265,2.246155128712796,0.9067865477157055,1.1067802171169754
SB75488_component_1592a,230.59959,-25.604552,2.628999948501587,11.380951881408691,230.59942144102223,-25.604372078378454,4.161746600820468,0.517557522129481,0.6317059159688608
SB75488_component_1604a,231.688606,-29.187695,2.809000015258789,17.024242401123047,231.68869031415855,-29.187484062915942,2.763182648567543,0.8328865125381517,1.0165813746387697
SB75488_component_1607a,231.479558,-26.928755,2.8340001106262207,16.970060348510742,231.47930384894974,-26.92843304360685,2.9697750602753406,0.7818437844347789,0.9542810661099257
SB75488_component_1612a,232.457453,-28.509302,2.4790000915527344,15.789809226989746,232.45764985370266,-28.509216877852843,4.0179955882807965,0.5054879045012649,0.6169743189323508
SB75488_component_1615a,228.732401,-29.343246,2.4679999351501465,13.865167617797852,228.7327714594869,-29.34305535142153,3.0291452636416416,0.6675268272140182,0.8147512649106549
SB75488_component_1623a,230.150998,-26.778466,2.1610000133514404,13.852563858032227,230.1510225783274,-26.778287391879672,2.3005752648182014,0.7695945869244202,0.9393302824727229
SB75488_component_1625a,233.541108,-28.083852,2.1470000743865967,11.35978889465332,233.54103240888455,-28.083736055665337,2.219990102560345,0.7923639386588016,0.9671214623481574
SB75488_component_1632a,229.6278,-27.713242,2.1440000534057617,14.585034370422363,229.6277654386303,-27.71313573178833,1.979457334281373,0.8874059317816,1.0831251658092063
SB75488_component_1643a,233.1232,-26.007108,2.1670000553131104,11.170103073120117,233.1228416578806,-26.00675694980725,2.4517700724938707,0.7241405436551254,0.8838512549053589
SB75488_component_1645a,229.243544,-28.780679,2.3410000801086426,14.723271369934082,229.2436946926828,-28.780586434499842,2.063517067693301,0.9294735681446242,1.1344709073453536
SB75488_component_1648a,233.217045,-25.735878,2.5899999141693115,10.702479362487793,233.21727358714773,-25.73577161163061,2.7152457515151207,0.7815095468706574,0.9538731117520683
SB75488_component_1653a,231.386664,-28.270133,2.260999917984009,13.87116527557373,231.3868015649142,-28.27005374339627,2.3924742879628065,0.7742780512879353,0.9450466946958297
SB75488_component_1668a,228.723614,-27.374268,2.4019999504089355,15.012499809265137,228.7235632175802,-27.37438503853384,2.446720107884721,0.8043265115515223,0.9817224057089031
SB75488_component_1673a,229.2772,-26.066773,2.4049999713897705,13.821839332580566,229.27724819449864,-26.066504731106043,2.26114685290187,0.8714249443319031,1.0636195381574995
SB75488_component_1696a,230.942108,-27.154511,2.259000062942505,14.96026611328125,230.94196843117322,-27.15442999078081,2.9286857980012497,0.6319564381843131,0.7713357521944527
SB75488_component_1719a,230.867918,-29.859661,2.312999963760376,11.984455108642578,230.86780897485457,-29.8595250464608,2.085786115782747,0.9085514683524151,1.1089343946909729
SB75488_component_1724a,229.863732,-28.252221,2.4600000381469727,14.55621337890625,229.86384451246028,-28.2518803762378,2.9121663957970565,0.6920900547944774,0.8447319637014332
SB75488_component_1726a,232.309518,-26.805271,2.255000114440918,14.54838752746582,232.30933948125977,-26.805050520976497,1.6730900858354874,1.1042589384884383,1.3478055566355494
SB75488_component_1730a,231.766388,-25.847604,2.2230000495910645,12.924418449401855,231.76624448085593,-25.847343362612243,2.6481985572670013,0.6877531823374666,0.839438584954615
SB75488_component_1739a,232.001791,-28.773329,2.236999988555908,12.930636405944824,232.002144478205,-28.773338135879815,2.537205187287029,0.7223606366458843,0.8816787856830283
SB75488_component_1779a,231.955381,-29.192462,2.0139999389648438,11.378530502319336,231.9554063230272,-29.192220823187807,2.0878144094074953,0.7903350512894746,0.9646450996266476
SB75488_component_1786a,230.772299,-28.211878,2.1559998989105225,13.066665649414062,230.77254962369133,-28.211913485571756,2.222331374360901,0.7948471098351624,0.9701523021203559
SB75488_component_1791a,230.815404,-26.041859,2.312999963760376,14.826922416687012,230.8152413437053,-26.041671743963633,2.269469085416868,0.835016458404589,1.0191810845202642
SB75488_component_1801a,233.736158,-28.583783,2.253000020980835,10.43055534362793,233.736342423319,-28.58379966085657,2.087023555653046,0.8844586338612191,1.0795278351689968
SB75488_component_1822a,230.921959,-29.218856,1.9420000314712524,11.769696235656738,230.9222980485216,-29.218594140676718,2.2073688084249268,0.7208053676619917,0.8797804988723072
SB75488_component_1823a,233.187808,-29.275588,2.1459999084472656,11.663043022155762,233.18783760549874,-29.275431702447552,1.8066205655119134,0.9732097030713057,1.1878531382925932
SB75488_component_1839a,228.850461,-27.480649,2.075000047683716,12.968750953674316,228.85046989769367,-27.48085766442455,1.6247497789827408,1.0463459684387266,1.2771197599318203
SB75488_component_1850a,232.156235,-26.928455,2.2850000858306885,13.520710945129395,232.15603729036528,-26.92805178284891,2.1096391500309917,0.8874047013205704,1.0831236639674233
SB75488_component_1861a,232.461226,-26.080734,1.6629999876022339,11.236486434936523,232.46107553328525,-26.08017101889262,1.7189578452722738,0.7926303551963003,0.9674466376101407
SB75488_component_1890a,231.530066,-29.832415,2.0320000648498535,11.415730476379395,231.53017505016234,-29.832122067454897,2.0714125155644103,0.8037126471057743,0.9809731521759113
SB75488_component_1893a,228.894003,-27.573636,1.9509999752044678,11.6130952835083,228.89409061727974,-27.573730231650988,2.267972375633769,0.7047956002120588,0.8602397437311267
SB75488_component_1918a,232.187515,-28.224733,1.9170000553131104,11.210526466369629,232.18741674883236,-28.224745790328484,2.0180129572617926,0.7782907266103266,0.9499443739520161
SB75488_component_1982a,230.207086,-28.520241,1.7410000562667847,10.425149917602539,230.20712241929502,-28.520229326244642,2.70229575819704,0.5278488582249281,0.6442670277617474
SB75488_component_2064a,230.947407,-25.918837,1.9240000247955322,11.660605430603027,230.94706461903118,-25.91854138698686,1.4379988230329317,1.0962010748212205,1.3379705142856508
SB75488_component_2086a,229.190561,-26.743444,1.7829999923706055,11.006173133850098,229.19075440820444,-26.7433886458486,1.8626887237255594,0.7842503780239933,0.9572184389479909
