Component_ID,RA,DEC,RA_comp,DEC_comp
SB66790_component_17a,109.830903,33.119316,109.830915,33.119364
