Component_ID,RA,DEC,RA_comp,DEC_comp
SB66837_component_15a,110.615242,-30.634556,110.615397,-30.63462
