Component_ID,RA,DEC,RA_comp,DEC_comp
SB66366_component_3a,91.148204,44.232691,91.148453,44.23293
SB66366_component_61a,96.325807,44.666879,96.326106,44.667118
