Component_ID,RA,DEC,ASKAP_flux,ASKAP_flux_SNR,RA_comp,DEC_comp,Comp_flux,Flux_Ratio_AlphaCorr,Flux_Ratio_NOAlphaCorr
SB68677_component_9a,238.341088,-68.974394,411.1099853515625,951.6434326171875,238.34102037918453,-68.9744344519192,430.17543345370854,0.9021874577104227,0.955679830554067
SB68677_component_11a,239.400277,-70.674411,252.34100341796875,882.3111572265625,239.40020522850023,-70.67449766240358,300.8492915037957,0.7918140386393888,0.8387621661219203
SB68677_component_17a,233.993826,-71.942549,195.91099548339844,311.4642028808594,233.99399601966707,-71.94264116029981,198.45663497263297,0.9319176841481474,0.9871728174289282
SB68677_component_18a,239.074907,-69.278264,179.31700134277344,703.2039184570312,239.07481395407154,-69.27829372922973,186.08383473861616,0.9096978855462562,0.9636355656290736
SB68677_component_19a,244.127545,-71.142098,182.6219940185547,664.0799560546875,244.12745428723258,-71.14217547483841,213.11334856239407,0.8089595237194936,0.8569242389107677
SB68677_component_23a,247.089484,-66.742972,137.3249969482422,223.2926788330078,247.0895259156373,-66.7430455723377,157.6782309667998,0.8221711323909259,0.8709191884398861
SB68677_component_24a,238.990413,-71.779085,135.197998046875,370.40545654296875,238.99052811021525,-71.77914651031165,118.81356762871447,1.0742085108459358,1.1379003319668082
SB68677_component_26a,242.69365,-66.816969,133.53500366210938,223.67672729492188,242.6937469028295,-66.81702120440913,130.2132328478586,0.9681092418761014,1.0255102399472098
SB68677_component_29a,249.594446,-68.393279,116.30599975585938,282.2961120605469,249.59451227199736,-68.39326513131533,126.21292692291244,0.8699266695270967,0.9215062402197204
SB68677_component_32a,242.028011,-71.49629,117.57599639892578,477.9512023925781,242.0279626731474,-71.4963544448859,112.73396567652333,0.9845737394559383,1.0429509482199544
SB68677_component_36a,244.80879,-68.41288,105.23600006103516,294.7787170410156,244.80869286592122,-68.41295383593305,109.5098535492273,0.9071842448129696,0.9609728864602038
SB68677_component_37a,233.543417,-70.716345,100.99800109863281,219.08460998535156,233.54331791183208,-70.71649097100855,99.78041297505737,0.9555465443670432,1.0122026767305503
SB68677_component_38a,239.736353,-67.306789,94.78500366210938,436.7972717285156,239.73634452320712,-67.30685271169123,94.03338436856737,0.9515726012710186,1.0079931111550342
SB68677_component_39a,240.57515,-67.259197,98.41500091552734,439.3526611328125,240.57515587773165,-67.25923314690027,102.69238189629286,0.9047059330988438,0.9583476310337687
SB68677_component_41a,238.846237,-68.730141,93.13400268554688,447.7596130371094,238.84614525169545,-68.73017436664892,110.0089986953315,0.7992164631649187,0.8466034941694206
SB68677_component_43a,240.234917,-71.313155,93.96499633789062,453.9371643066406,240.2348616956757,-71.31319542439438,91.96396166763763,0.9645678763484015,1.0217589002688339
SB68677_component_44a,246.432086,-66.935133,86.68000030517578,233.0107421875,246.43213933847142,-66.93525217248491,86.35432544385644,0.9475871722882888,1.003771378673221
SB68677_component_45a,249.939182,-66.799573,95.2490005493164,174.44871520996094,249.93910950336274,-66.79956942954053,93.99586028836305,0.956612529873015,1.0133318665003856
SB68677_component_49a,243.897674,-69.306518,87.23699951171875,459.1421203613281,243.89764619116605,-69.30657785389,89.81249686509317,0.9169556149214633,0.97132361928159
SB68677_component_52a,240.141043,-67.285339,82.81199645996094,345.04998779296875,240.14105347852362,-67.28540206081594,83.21714056295797,0.9394308780032571,0.9951314825256401
SB68677_component_55a,239.469508,-71.052827,77.4260025024414,391.0404052734375,239.46935209082568,-71.05290249587814,81.58564922751988,0.8958956506927394,0.9490149705927036
SB68677_component_56a,246.123127,-72.151898,74.19999694824219,140.53030395507812,246.1232932915685,-72.1519194376134,71.67564669179215,0.9772746469178041,1.0352190789056266
SB68677_component_57a,238.860197,-66.697521,76.15299987792969,123.22492218017578,238.86020881942582,-66.69764497627075,82.31122145042491,0.8733982843074193,0.9251836934991392
SB68677_component_58a,247.620523,-67.705758,72.6709976196289,306.6286926269531,247.62051356348692,-67.70582908016499,66.81116809766104,1.026824972330134,1.0877073352976299
SB68677_component_60a,249.824486,-68.149696,71.96399688720703,107.08927917480469,249.8244674306308,-68.1496963955113,70.78584694459737,0.9597391436759604,1.0166438630526209
SB68677_component_62a,245.214725,-69.90043,70.94100189208984,432.56707763671875,245.2147070265863,-69.90052337777365,71.58271644731857,0.9355640114209582,0.991035342229559
SB68677_component_64a,243.479859,-69.950272,71.552001953125,384.68817138671875,243.47977641794725,-69.95029419137371,72.13797017839656,0.9363586703073004,0.9918771179196966
SB68677_component_65a,244.668024,-70.488464,69.94000244140625,362.3834228515625,244.66797376535357,-70.48855699299564,70.28499151012457,0.939393198057381,0.9950915684656713
SB68677_component_66a,238.052805,-67.788182,75.96499633789062,366.98065185546875,238.05283899518219,-67.78827483738232,79.59045487862257,0.901025120491044,0.9544485761984793
SB68677_component_67a,233.567049,-69.260479,75.4520034790039,144.5440673828125,233.5670750420242,-69.26068646747468,69.80536455866776,1.0203903467077977,1.0808911887508366
SB68677_component_69a,238.170286,-70.370916,66.66699981689453,341.8820495605469,238.17009617754462,-70.3710060515447,66.0043368448921,0.9535046251790593,1.0100396883550193
SB68677_component_70a,232.257847,-71.893609,71.7699966430664,81.55681610107422,232.2574705503778,-71.89375205000226,68.38219711714746,0.9907959898962485,1.0495421274650654
SB68677_component_72a,244.495967,-71.28723,67.33499908447266,314.6495361328125,244.49598480510593,-71.28728739182449,65.52160109228447,0.9701540968855661,1.0276763382145393
SB68677_component_75a,235.127683,-70.640935,67.66899871826172,277.33197021484375,235.12756817645658,-70.6411116363569,66.94642866816845,0.9542160148104496,1.0107932576011607
SB68677_component_78a,237.26324,-70.124055,67.25900268554688,337.98492431640625,237.2633486297662,-70.12405059760127,68.41524333977753,0.9280725170377463,0.9830996632068046
SB68677_component_80a,236.260074,-68.762995,62.33599853515625,301.14007568359375,236.2599541933371,-68.76311714322095,62.50518218657066,0.9414716786169415,0.9972932860045202
SB68677_component_88a,236.444787,-69.781932,54.29800033569336,298.3406677246094,236.4447933402705,-69.78205083393071,57.55179779071839,0.8906545811916935,0.9434631483301851
SB68677_component_90a,239.17551,-70.402225,54.76900100708008,302.5911865234375,239.1754033361476,-70.40231037565604,54.597470292474675,0.9469927705417381,1.0031417337412618
SB68677_component_94a,239.313629,-67.510649,57.624000549316406,295.5077209472656,239.31363524632013,-67.51067858084797,60.65039467230632,0.8969208904225973,0.9501009986935535
SB68677_component_95a,233.555558,-70.549089,52.9630012512207,99.74199676513672,233.5554848476985,-70.54925990044721,50.522403822771025,0.9896302143585985,1.0483072309269195
SB68677_component_96a,245.665083,-68.805967,48.87099838256836,284.1336975097656,245.66508530549865,-68.80601415539127,46.60470665676932,0.9899329894995961,1.048627958169325
SB68677_component_98a,239.03338,-68.372167,50.569000244140625,287.3238525390625,239.03324043318054,-68.37224204374643,57.36485102056662,0.8321907082782369,0.8815328436224906
SB68677_component_100a,238.002423,-71.078144,47.803001403808594,273.1600036621094,238.00231139419446,-71.07824534558607,48.62741082796253,0.9280222399539932,0.9830464051012178
SB68677_component_101a,243.690263,-67.686548,46.415000915527344,263.7215881347656,243.69018725197319,-67.68667795252139,47.74352768504845,0.9177580933132051,0.9721736781101504
SB68677_component_102a,249.549511,-68.435714,49.137001037597656,144.94691467285156,249.54953885305125,-68.43575730280969,54.57292431242236,0.8499938537090768,0.9003915706678132
SB68677_component_104a,250.160663,-72.16368,48.327999114990234,47.52015686035156,250.1607967369619,-72.16380678557306,47.452926814467226,0.961435547576257,1.0184408498962434
SB68677_component_109a,245.325871,-67.076454,42.35300064086914,149.13027954101562,245.326020299173,-67.07668216187132,45.12414736558836,0.8860526743757634,0.9385883858975141
SB68677_component_111a,251.012796,-67.586487,45.0890007019043,63.685028076171875,251.01268886708448,-67.58650006449794,48.39159610342919,0.8795996104008562,0.9317527077539223
SB68677_component_112a,240.754917,-70.078738,47.362998962402344,278.6058654785156,240.75459741660384,-70.07874054764598,48.80557044051861,0.916123798575971,0.9704424829974196
SB68677_component_113a,243.144318,-69.20206,42.11199951171875,236.58425903320312,243.14426924146957,-69.20212233778675,43.83156025059069,0.9069916671600478,0.960768890519959
SB68677_component_115a,241.385904,-71.717031,44.67900085449219,184.6239776611328,241.38597972452706,-71.71707481952507,39.9258893584051,1.0564117387597123,1.1190483561535611
SB68677_component_116a,251.359479,-71.825742,43.0880012512207,45.40358352661133,251.35945764431347,-71.82566172499376,42.81308272094937,0.9500888328278906,1.0064213673204339
SB68677_component_119a,233.717857,-71.583561,41.534000396728516,162.2421875,233.71778634102844,-71.58364938754455,44.828427394700036,0.8746506508934245,0.9265103152299959
SB68677_component_121a,243.642127,-69.819892,38.42499923706055,240.15625,243.64187782488858,-69.81996474418274,46.98895092974085,0.7719736616296428,0.8177454162472076
SB68677_component_122a,243.321924,-71.773146,38.66999816894531,172.6339111328125,243.32191890465373,-71.77311239642667,37.317544560974554,0.9782400882591834,1.036241763060293
SB68677_component_129a,249.831749,-70.798933,36.847999572753906,156.8000030517578,249.83176898351368,-70.79897838997988,36.39600517163072,0.9557505625585695,1.0124187915402183
SB68677_component_131a,245.179817,-71.661861,36.68199920654297,158.79652404785156,245.17988562788926,-71.66184266474379,36.02068559165969,0.9613585371715845,1.0183592734014035
SB68677_component_132a,240.068908,-69.01635,37.43000030517578,201.23655700683594,240.0689340088949,-69.01636951923565,33.89297784233188,1.042544179006919,1.1043585629831028
SB68677_component_133a,248.497222,-71.433169,38.59400177001953,188.263427734375,248.49720835226262,-71.43318275090151,37.62982286595656,0.9682154383410829,1.0256227329981735
SB68677_component_134a,237.002879,-68.542154,36.604000091552734,193.67196655273438,237.00277883572863,-68.54223272732422,49.83768182361255,0.6933540863460198,0.7344643400771133
SB68677_component_136a,247.955354,-68.601347,38.426998138427734,186.538818359375,247.95522045574992,-68.60136544531176,40.986529261675535,0.8850741981689959,0.9375518940160398
SB68677_component_137a,235.61946,-71.902078,37.35300064086914,80.85064697265625,235.61952295752056,-71.90213811013895,38.904751693331306,0.9063735268922655,0.9601140995656797
SB68677_component_142a,236.09344,-67.165449,34.36899948120117,121.0176010131836,236.09331149837442,-67.16551436123811,33.972308271492786,0.9550501959744465,1.0116768989183247
SB68677_component_144a,239.254566,-71.838632,35.09000015258789,112.10862731933594,239.2547390038092,-71.83860757170912,33.339411325046854,0.9935959387674976,1.05250809051406
SB68677_component_147a,241.845986,-68.252847,33.07500076293945,153.8372039794922,241.8460363478782,-68.25291154702754,34.03364100897814,0.9174360768292378,0.9718325686697526
SB68677_component_148a,243.126828,-68.803925,31.979000091552734,187.01168823242188,243.1268586776617,-68.80399163058038,41.59907728981348,0.7257140770832172,0.7687430148693118
SB68677_component_151a,235.611177,-69.440224,32.99300003051758,170.94818115234375,235.61105840105063,-69.44033988083773,31.719327110280165,0.9819337933256316,1.0401544747720899
SB68677_component_152a,236.540286,-66.590292,32.957000732421875,47.42014694213867,236.54015726504034,-66.59040055476754,33.07585763148514,0.9406345628999104,0.9964065361392133
SB68677_component_154a,249.186212,-67.419157,30.72800064086914,139.6727294921875,249.18623553999473,-67.41923786396954,29.98627801221891,0.9673777736265528,1.0247354015842842
SB68677_component_155a,235.182906,-69.996053,33.645999908447266,177.08421325683594,235.18311238154425,-69.99622472603264,31.831254351228264,0.9978472190950843,1.05701143716157
SB68677_component_163a,234.422685,-68.06066,29.5049991607666,111.3396224975586,234.4226310564137,-68.06085219260152,31.347725777699953,0.8885337576742408,0.9412165772406933
SB68677_component_164a,248.288398,-68.329228,29.91900062561035,145.94635009765625,248.28847788240915,-68.32923105454664,29.379269838610725,0.9613697430203015,1.0183711436657388
SB68677_component_170a,248.836158,-69.857264,25.79199981689453,125.2038803100586,248.8360683849705,-69.85734966110338,32.954534290941325,0.7388464708334584,0.7826540526771862
SB68677_component_171a,248.793824,-67.346773,26.305999755859375,127.69902801513672,248.79382112877605,-67.34686576768988,34.526498311762936,0.7192612149115566,0.7619075504942563
SB68677_component_172a,244.776451,-67.710507,29.690000534057617,171.61849975585938,244.77622751658816,-67.71060869398849,31.465294035841875,0.8907642438948561,0.9435793131390403
SB68677_component_175a,237.628761,-66.558987,27.016000747680664,33.18918991088867,237.62870960272483,-66.55906021748339,26.936709034635147,0.9468057555715199,1.002943630305527
SB68677_component_177a,250.442887,-70.772166,27.156999588012695,109.94737243652344,250.44284252780145,-70.77220045272858,27.075409238715547,0.9468716657526423,1.0030134484239108
SB68677_component_182a,243.063254,-71.141181,25.361000061035156,150.9583282470703,243.0632403928102,-71.14123978686482,22.925893303478276,1.044298064334495,1.106216439434769
SB68677_component_183a,250.954227,-68.646372,26.28700065612793,63.189903259277344,250.9542872068451,-68.64642293657285,27.090345203483707,0.9160324563951348,0.9703457249687438
SB68677_component_184a,250.996593,-71.097632,24.68899917602539,61.11138153076172,250.99636057284718,-71.097542875276,25.911949662586085,0.8994722279990127,0.9528036098215142
SB68677_component_186a,249.884039,-68.958201,25.375999450683594,134.26455688476562,249.88411152044495,-68.95829699235426,26.20008945833855,0.9143337416922512,0.9685462903107501
SB68677_component_187a,236.577562,-68.781083,25.673999786376953,148.40463256835938,236.57741900648332,-68.78119717207612,29.473646930147044,0.822325999035824,0.8710832374162821
SB68677_component_188a,245.916375,-69.321154,24.656999588012695,128.421875,245.9162518339627,-69.32118708596624,27.12904953598444,0.8580053861597946,0.9088781217826015
SB68677_component_189a,248.348398,-66.791504,24.67799949645996,53.88209533691406,248.34841716496848,-66.79155229667536,23.35264503848937,0.9976041284883467,1.0567539332605007
SB68677_component_190a,235.25213,-67.42387,26.724000930786133,68.69923400878906,235.25184540524188,-67.4239533893036,27.013701320910553,0.9339029543414725,0.9892757979855145
SB68677_component_193a,238.577655,-67.772421,24.631000518798828,146.61309814453125,238.57764865795687,-67.772506506722,20.981298633382774,1.108240591258581,1.1739502377421536
SB68677_component_194a,241.555916,-69.753773,24.39900016784668,146.101806640625,241.55578905948298,-69.75378285214155,24.506470299844757,0.9398869748014004,0.9956146221514912
SB68677_component_196a,244.626938,-70.227512,24.089000701904297,130.91848754882812,244.62698307588,-70.22766989251714,25.101319215552056,0.9059549502696836,0.9596707047564036
SB68677_component_202a,245.732241,-67.699701,23.15399932861328,119.96890258789062,245.73226797211908,-67.69979452743738,23.529123737999534,0.9289762851774067,0.9840570174408821
SB68677_component_205a,232.980316,-71.331271,23.555999755859375,75.74276733398438,232.98022332568402,-71.33138099918268,26.799811191129248,0.8297632031020367,0.8789614071481379
SB68677_component_207a,242.353948,-70.577745,23.697999954223633,128.79347229003906,242.35359634983078,-70.57779158995459,23.21991863816745,0.9634637196904627,1.0205892761084159
SB68677_component_208a,242.885183,-70.935348,24.339000701904297,138.28977966308594,242.8849592835618,-70.93540367304473,25.05941509953419,0.9168877658444897,0.9712517473066128
SB68677_component_212a,237.662733,-67.836993,23.128999710083008,125.70108795166016,237.66273805577535,-67.83706639256079,23.895654719849297,0.9137392512351492,0.9679165514084259
SB68677_component_218a,237.936084,-70.090357,23.836999893188477,142.7365264892578,237.93600756263763,-70.0904027636164,22.074980267986867,1.0193788890802078,1.079819759918739
SB68677_component_219a,235.193363,-70.586858,22.826000213623047,94.71369171142578,235.19334267493235,-70.5868936409303,23.062753270197504,0.9343358846577186,0.9897343975456565
SB68677_component_222a,243.565799,-66.706324,22.39699935913086,34.777950286865234,243.56613457390563,-66.7065986744314,27.261216087287032,0.7755842428097659,0.8215700755028112
SB68677_component_223a,241.866784,-71.784972,21.812999725341797,87.60240936279297,241.86692798969403,-71.78507186916742,20.50590864272384,1.004201210402633,1.0637421684350357
SB68677_component_228a,251.764273,-69.038092,19.95400047302246,28.710792541503906,251.76440961984707,-69.03818085460249,20.17353781579623,0.933753572122368,0.9891175586167208
SB68677_component_229a,237.563925,-71.660337,20.26300048828125,96.95215606689453,237.56402969363123,-71.66039889093557,19.88278627917364,0.9620793108415896,1.0191227830832676
SB68677_component_232a,239.367928,-68.403713,19.822999954223633,112.63068389892578,239.36803125628032,-68.40367159996347,20.70544821349272,0.9037932814889725,0.9573808666120042
SB68677_component_234a,240.210228,-72.286203,20.53499984741211,28.285123825073242,240.21029800208356,-72.2862721647874,21.784184743269474,0.889892931889013,0.942656339423337
SB68677_component_237a,235.429122,-71.470776,19.263999938964844,86.38565063476562,235.42897493152233,-71.47087210572143,17.545191208305717,1.036508164777274,1.0979646622400707
SB68677_component_238a,238.789001,-69.253481,19.694000244140625,103.65263366699219,238.7889508495636,-69.25359566711113,21.18419467175669,0.8776196630837668,0.9296553656768067
SB68677_component_239a,242.736528,-68.908449,20.614999771118164,121.26470184326172,242.73645054460673,-68.90850609254097,21.305834682719087,0.9134171178430278,0.9675753181281721
SB68677_component_240a,247.053571,-68.340715,19.76300048828125,103.47120666503906,247.05362151982712,-68.3407467062046,20.296393734524948,0.91921767582961,0.9737198019894354
SB68677_component_241a,242.502264,-68.172674,21.14900016784668,124.4058837890625,242.50226067189823,-68.17273040644787,22.071444945601158,0.9045726227623362,0.9582064164793922
SB68677_component_244a,249.974274,-67.540492,18.496000289916992,63.56013488769531,249.97418949775246,-67.5405555801561,17.588968955634943,0.9927086496240803,1.051568192346571
SB68677_component_245a,239.61332,-69.080146,18.976999282836914,112.95832824707031,239.61326571779045,-69.08023666266175,20.531085925093862,0.8725694134584441,0.9243056773554542
SB68677_component_246a,249.144127,-70.172211,18.381000518798828,85.89252471923828,249.14427640496672,-70.17230025430106,20.60489080345973,0.8421378647201108,0.892069785476005
SB68677_component_247a,251.239526,-67.346851,19.336999893188477,25.955703735351562,251.2391894705939,-67.34680186297675,14.469309325678902,1.2616115564896646,1.3364148528410276
SB68677_component_248a,244.768016,-67.436681,18.086000442504883,97.23655700683594,244.76799932881318,-67.43686935821928,23.780306154835383,0.7179752282602664,0.7605453153018955
SB68677_component_249a,250.701014,-69.920634,17.802000045776367,43.0,250.7009721307914,-69.92075114912433,17.563036116480838,0.9568713869882616,1.0136060717355861
SB68677_component_250a,250.674918,-68.412878,18.969999313354492,40.190677642822266,250.67505826291725,-68.41294194795668,18.961590280668617,0.9444455437983516,1.000443477185268
SB68677_component_251a,243.308818,-67.78291,18.285999298095703,111.49999237060547,243.3086541327141,-67.78311902822468,19.55105758447931,0.8829432864465567,0.9352946365731193
SB68677_component_255a,243.564246,-67.000577,18.323999404907227,61.079994201660156,243.56431631187374,-67.00073227733127,20.527213879056706,0.8427031676922103,0.8926686063130392
SB68677_component_257a,241.795286,-72.071085,19.204999923706055,42.7728271484375,241.79531764704564,-72.07120261617543,18.747815201837653,0.9670479543307154,1.0243860266887839
SB68677_component_258a,249.301873,-68.53908,18.042999267578125,76.77871704101562,249.30198493957732,-68.53907157476762,18.225817147287177,0.9345576297930286,0.9899692903625853
SB68677_component_261a,240.947042,-70.818695,18.007999420166016,112.54999542236328,240.9469466715226,-70.81871631840657,17.38161991590857,0.9780466814585111,1.0360368888105849
SB68677_component_264a,247.828904,-66.995647,18.488000869750977,56.3658561706543,247.8291534406199,-66.99579106046654,20.024677821072956,0.8715830590854745,0.9232608401966469
SB68677_component_265a,250.833971,-69.965635,16.66699981689453,43.40364456176758,250.83390935111436,-69.96573139669795,16.38145141656576,0.9604824134837753,1.0174312027101586
SB68677_component_268a,234.979182,-67.56251,16.930999755859375,48.37428665161133,234.97889284377527,-67.56280945132688,18.72697038910989,0.8534919798575902,0.904097107223766
SB68677_component_270a,247.526345,-67.660694,18.777999877929688,83.83035278320312,247.5262886263437,-67.66072769165432,20.716464005095627,0.8556931728191954,0.9064288130112776
SB68677_component_271a,244.909144,-68.844354,17.808000564575195,100.61016845703125,244.90909725021612,-68.84438883358641,17.829721415605594,0.9428768396170399,0.9987817616145485
SB68677_component_272a,252.183475,-71.048398,17.086999893188477,20.24526023864746,252.18329482105025,-71.04833977394313,15.188323231715568,1.062038719642411,1.1250089712015199
SB68677_component_273a,252.14077,-68.996688,14.576000213623047,15.073423385620117,252.14069131619152,-68.99649935426127,18.388855542050017,0.7482867060568074,0.7926540170100272
SB68677_component_275a,233.924988,-71.329645,18.513999938964844,92.56999969482422,233.92518859011415,-71.3297272225628,19.219743782712932,0.9093624748863495,0.9632802678471258
SB68677_component_276a,240.119935,-72.148632,17.256999969482422,35.952083587646484,240.11984716189176,-72.14883333474171,16.74931364490762,0.972641168893669,1.0303108733490793
SB68677_component_277a,240.170078,-67.808018,16.104999542236328,94.18128204345703,240.17003013676938,-67.80817814700372,16.140461765192764,0.9419527670889544,0.9978028991070806
SB68677_component_279a,251.014977,-71.291941,18.58799934387207,39.13262939453125,251.01462227608786,-71.29177426275754,19.175302490105707,0.9151131362864582,0.9693718966604735
SB68677_component_280a,246.363433,-71.786104,16.19300079345703,60.19702911376953,246.3635480548737,-71.78607634489906,15.508808123224307,0.9856739504294544,1.0441163927489794
SB68677_component_283a,242.839751,-69.340504,17.10099983215332,111.771240234375,242.83983991424887,-69.34060398845081,18.3219588430064,0.8811177787096379,0.9333608910862101
SB68677_component_284a,247.539133,-67.207674,15.588000297546387,64.14814758300781,247.5390485018479,-67.20777326555611,16.51541770929394,0.8910153949508323,0.9438453554083798
SB68677_component_285a,248.225152,-69.558899,16.184999465942383,92.48571014404297,248.22527312332676,-69.55892540480028,17.296208001053156,0.88337713676985,0.9357542106892383
SB68677_component_286a,240.41078,-69.417303,16.29800033569336,98.18072509765625,240.41065210525042,-69.41737349690973,17.26865335715236,0.8909641210757944,0.9437910414098981
SB68677_component_287a,244.607791,-72.225832,17.51300048828125,23.25763702392578,244.60773402942667,-72.22588008897502,17.277645365145663,0.9568863711342536,1.0136219443194714
SB68677_component_289a,241.495699,-67.083235,16.0049991607666,64.27710723876953,241.49572339468392,-67.08332479003789,15.472857949726688,0.9764937816820675,1.034391914717301
SB68677_component_290a,239.92247,-67.587049,15.614999771118164,97.59375,239.92269159698668,-67.58718494744983,17.46959934888586,0.8438075406129059,0.8938384595588349
SB68677_component_292a,250.923715,-70.103147,14.918999671936035,40.32162094116211,250.92366749450971,-70.10322668265155,15.36365477243106,0.9167048506380392,0.971057986717267
SB68677_component_293a,234.497738,-69.853766,15.5600004196167,81.04167175292969,234.4978445132686,-69.85385076710212,16.037393682232782,0.9159255603753195,0.9702324908850389
SB68677_component_296a,250.991758,-70.006006,14.012999534606934,35.56599044799805,250.99182757233032,-70.006155564234,14.09026917848429,0.9388499392309304,0.9945160988126936
SB68677_component_299a,244.25912,-67.305509,15.312999725341797,79.75520324707031,244.25893267731024,-67.30578307255722,16.300365556492462,0.8868441292411549,0.9394267675943381
SB68677_component_300a,232.298281,-71.158737,16.31800079345703,31.320537567138672,232.29814331088758,-71.15891941695244,14.112584164317555,1.0915528546073452,1.1562730541381416
SB68677_component_303a,241.695171,-71.102443,15.605999946594238,85.2786865234375,241.69504136686848,-71.10249998096712,14.578371603908302,1.0105712754486254,1.0704899264888021
SB68677_component_304a,240.753669,-69.999013,15.711000442504883,101.36128997802734,240.75341690501568,-69.99906656869555,15.169752576661702,0.9777092145909355,1.0356794129045899
SB68677_component_305a,236.207727,-67.23909,16.621000289916992,69.25416564941406,236.20733678600195,-67.23920623825059,16.03839090772323,0.9783195392143447,1.0363259248104004
SB68677_component_308a,232.647594,-69.789986,15.666000366210938,23.593374252319336,232.64758784053964,-69.79013702281256,14.445547168171249,1.0237843830384978,1.0844864638100236
SB68677_component_310a,238.541783,-67.399015,14.939000129699707,80.75135040283203,238.54172907353023,-67.39907051112135,15.209462513868004,0.927239723986714,0.9822174923064053
SB68677_component_311a,238.012956,-68.742836,14.817999839782715,82.78211975097656,238.01282993410717,-68.74287036566116,15.907200966663499,0.8793872866353303,0.9315277949173203
SB68677_component_315a,235.904755,-67.439117,14.913000106811523,59.652000427246094,235.90451697217637,-67.4391442137709,16.22985120646616,0.8674308176654482,0.9188624046577833
SB68677_component_317a,236.924773,-71.684192,14.895000457763672,61.80498123168945,236.9249194226608,-71.68423283412316,14.195754857828888,0.9905271745487807,1.0492573735555284
SB68677_component_318a,239.768115,-67.787035,14.878999710083008,89.09580993652344,239.76830344068458,-67.78709721614656,16.027612637983115,0.8763735517642695,0.9283353700988467
SB68677_component_321a,245.363616,-67.711938,13.607000350952148,75.59444427490234,245.36347538243015,-67.71205617725057,14.501458773718328,0.8857987610735288,0.9383194176031967
SB68677_component_323a,245.583582,-68.730572,14.145999908447266,83.21176147460938,245.58353841741425,-68.73067461513735,14.559287874481138,0.9172292220817346,0.9716134491194267
SB68677_component_325a,243.172003,-68.26578,14.055999755859375,78.08888244628906,243.1720044053693,-68.26583323624376,14.76730324089776,0.8985555121758066,0.9518325402116451
SB68677_component_328a,236.081921,-70.08684,14.416999816894531,86.329345703125,236.08188733794714,-70.08693841861734,13.945577445159358,0.9759391854010729,1.033804435391007
SB68677_component_330a,239.425745,-67.002846,14.347999572753906,54.55513000488281,239.42588191685212,-67.00293001407556,13.692580230109309,0.9892143904438983,1.0478667520386964
SB68677_component_332a,251.220064,-70.471687,14.395000457763672,53.51301574707031,251.2197169518516,-70.4717616227357,13.354300861950039,1.017594829237861,1.0779299198491823
SB68677_component_334a,250.575241,-70.815109,14.869999885559082,52.91815185546875,250.57503576771637,-70.81511061777563,13.898414730779058,1.010020208017906,1.069906185244881
SB68677_component_337a,246.920378,-69.815928,13.904000282287598,73.95745086669922,246.92040299923343,-69.8159173848702,14.839513684908566,0.8845134965710432,0.9369579473771864
SB68677_component_338a,248.507057,-66.628164,15.432999610900879,23.92713165283203,248.50693920208099,-66.62822441469885,14.325821067293205,1.016986499309028,1.0772855209071008
SB68677_component_340a,241.756032,-71.307506,13.942000389099121,80.589599609375,241.75578118153967,-71.30760427547506,12.816792536766224,1.0269046036071405,1.0877916880612
SB68677_component_344a,248.104786,-69.806619,15.17300033569336,86.2102279663086,248.10481077994496,-69.80663513033431,16.208959818667296,0.883691518158663,0.9360872323354853
SB68677_component_355a,251.715345,-67.32338,14.60099983215332,11.266203880310059,251.7146843692607,-67.323157827355,11.512290143464538,1.197306207719027,1.2682967203047975
SB68677_component_356a,234.301133,-70.495142,14.461999893188477,42.913944244384766,234.30128893917157,-70.49529396283245,14.344365204299791,0.9517686268703621,1.0082007594768587
SB68677_component_357a,235.489762,-69.120466,13.154999732971191,67.80927276611328,235.48935302430917,-69.12064579159785,13.806525597340448,0.8994785393731873,0.9528102954088058
SB68677_component_358a,246.426536,-71.009148,13.24899959564209,68.64766693115234,246.4264229308786,-71.00913681950946,13.252985113230153,0.9437429959527139,0.9996992739708064
SB68677_component_359a,248.873548,-69.895087,13.343000411987305,67.05025482177734,248.87357657941615,-69.89525632758829,14.808984802263208,0.8505749274864505,0.9010070973905071
SB68677_component_361a,247.262123,-68.193493,13.282999992370605,75.9028549194336,247.26197425281953,-68.19354530770418,14.786608498380874,0.8480314580731586,0.8983128209436997
SB68677_component_362a,247.825086,-67.342798,11.996999740600586,57.67788314819336,247.82507171805753,-67.34289038992624,13.004537319525824,0.870887604003748,0.9225241502892642
SB68677_component_365a,235.63952,-68.960303,13.065999984741211,61.924171447753906,235.6393113874323,-68.9604691731444,14.437542824271892,0.8543458864688417,0.9050016435466504
SB68677_component_367a,238.707795,-66.843774,12.736000061035156,31.9197998046875,238.70803033050464,-66.84391430006269,12.34460919036013,0.9739576470789607,1.0317054079752206
SB68677_component_369a,239.845217,-67.27608,13.23799991607666,63.3397102355957,239.8451901777371,-67.27613537131849,13.257861295313987,0.9426126585898867,0.9985019168027993
SB68677_component_370a,244.418071,-70.284327,13.45199966430664,80.55089569091797,244.41807368817345,-70.28443746328907,10.248266437515445,1.2391412222618594,1.3126122106918892
SB68677_component_371a,234.324277,-68.689129,14.062000274658203,31.458614349365234,234.3247314065175,-68.68921792858767,14.691013087383507,0.9036072801253714,0.9571838368815087
SB68677_component_373a,246.567448,-67.02193,12.477999687194824,44.40569305419922,246.56752825949545,-67.02207573067952,12.12017827677703,0.9718971917549709,1.0295227844216945
SB68677_component_374a,245.827437,-72.300723,13.581000328063965,18.229530334472656,245.82812899256044,-72.30065883261285,11.727108047298898,1.0932643788286602,1.158086057814746
SB68677_component_376a,242.838597,-68.280368,13.84000015258789,80.00000762939453,242.8386198062265,-68.28040788591079,13.55328339117095,0.9639975728686684,1.0211547824347653
SB68677_component_377a,238.904595,-68.973706,12.62600040435791,73.83625793457031,238.90459906840863,-68.97375056876987,18.147295466380424,0.6568077270524858,0.6957510791483373
SB68677_component_379a,238.538958,-68.933212,12.605999946594238,56.026668548583984,238.53889436558035,-68.93327925743718,13.27171400963832,0.8966741529278998,0.9498396316737522
SB68677_component_380a,235.93202,-66.743513,13.465999603271484,23.018802642822266,235.932124615121,-66.74334112896035,13.310972235258907,0.9550215787099295,1.0116465848829532
SB68677_component_381a,236.729692,-72.319503,11.013999938964844,69.70885467529297,236.7291612040801,-72.31965693587364,12.49665199007963,0.8320238181077384,0.8813560582232922
SB68677_component_388a,240.185736,-70.933286,12.746999740600586,69.6557388305664,240.18563115542307,-70.93332923193607,12.020320946340167,1.0010972725400464,1.0604541923218507
SB68677_component_391a,245.929623,-66.994026,11.690999984741211,39.76530456542969,245.92961123074514,-66.99430440633871,13.867822640118105,0.7958436328545978,0.8430306824750137
SB68677_component_392a,237.361936,-70.540058,13.425000190734863,77.60115814208984,237.36190384876224,-70.54021370493213,13.376400571602396,0.9474567618214047,1.003633235927133
SB68677_component_394a,239.866857,-71.858348,12.208999633789062,48.64143371582031,239.86677416411436,-71.85846666085344,11.859236645407073,0.9718689568071812,1.0294928753713206
SB68677_component_395a,250.738141,-67.570983,10.35200023651123,19.53207778930664,250.738378619184,-67.57084079465476,10.54514594129416,0.9267360202368463,0.9816839230240918
SB68677_component_399a,234.419614,-68.899262,12.651000022888184,25.201196670532227,234.41937439255292,-68.89957541587555,17.978261618223982,0.6642958286598009,0.7036831642311999
SB68677_component_402a,239.282386,-68.117106,11.770999908447266,73.11180114746094,239.2823126782892,-68.1171577287205,10.68150590733445,1.040315899764096,1.1019981649183674
SB68677_component_404a,244.423705,-68.719164,11.904000282287598,62.0,244.42363126527556,-68.71911871894227,14.100056258746411,0.7969965617023851,0.8442519706191542
SB68677_component_405a,246.757035,-68.834082,12.718999862670898,75.70833587646484,246.75701845310658,-68.83423414462902,12.563989778809058,0.9556739609119169,1.012337648039422
SB68677_component_407a,243.44323,-68.811677,11.647000312805176,64.70555114746094,243.44311164768428,-68.81169893272839,10.441009154542998,1.0530669318949777,1.1155052294669656
SB68677_component_408a,250.893642,-71.575202,11.350000381469727,23.5966739654541,250.89335410953814,-71.57515484554916,11.629986780745362,0.9212998911286377,0.9759254757074031
SB68677_component_409a,234.830087,-68.269502,12.458000183105469,55.61606979370117,234.83018349588286,-68.2696362071051,12.514342655061974,0.9397766614914325,0.9954977681601427
SB68677_component_411a,239.22623,-72.14372,11.631999969482422,17.95061683654785,239.22629230395256,-72.14378881619668,9.873748876856554,1.1121328773667198,1.1780733047350533
SB68677_component_413a,232.801125,-70.591382,11.541000366210938,11.012405395507812,232.80078085508913,-70.5916000509588,10.84948149584234,1.0041968070617961,1.0637375040119286
SB68677_component_415a,248.53544,-68.464514,12.093999862670898,59.87128448486328,248.53558706246176,-68.46436228098153,12.698186452779789,0.8991095786272943,0.9524194582938553
SB68677_component_418a,250.510711,-70.794243,11.86299991607666,41.334495544433594,250.51086695902953,-70.79422496826507,11.615022792973097,0.9641815698052256,1.0213496888920086
SB68677_component_420a,238.457393,-67.043087,12.29699993133545,40.85382080078125,238.45744081024264,-67.04313568148193,12.332412456388282,0.9413161159921959,0.9971284997823368
SB68677_component_422a,234.659201,-69.806491,11.178000450134277,61.08197021484375,234.65925128673965,-69.80662197815539,10.017526214363544,1.0533871106461776,1.1158443922120012
SB68677_component_430a,242.020495,-68.337907,11.16100025177002,69.75625610351562,242.02027173571932,-68.33806405760507,10.746560525087194,0.9804331651781297,1.0385648715898768
SB68677_component_433a,248.889075,-67.871681,11.024999618530273,44.63562774658203,248.88931825570373,-67.87170107807118,10.667244840234467,0.9756873730298311,1.0335376925957895
SB68677_component_437a,237.660956,-71.657399,10.678999900817871,51.58937072753906,237.66066371677258,-71.65761939517402,10.241709255736161,0.9843340409940946,1.0426970375903606
SB68677_component_438a,247.764594,-69.931569,10.654000282287598,60.53409194946289,247.76445968508565,-69.93161894466412,10.109133399770869,0.9949084999210491,1.053898475860362
SB68677_component_442a,235.599977,-69.686476,11.14900016784668,65.97041320800781,235.59994439183586,-69.68668967344256,11.407911932599706,0.9226014375526714,0.9773041932403818
SB68677_component_444a,250.770871,-69.176298,10.347000122070312,35.927085876464844,250.770792517155,-69.17650372492288,10.552088327558335,0.925678978108926,0.9805642069018314
SB68677_component_445a,248.300185,-67.297342,10.539999961853027,49.02325439453125,248.3003169974094,-67.29727928918868,10.432609275796581,0.9537444674996146,1.0102937513729753
SB68677_component_447a,240.052928,-71.450095,10.229999542236328,59.47673797607422,240.05300570639355,-71.45018674387579,9.830894608145165,0.9823515591885194,1.0405970107502214
SB68677_component_450a,251.380552,-67.6329,10.866999626159668,10.530038833618164,251.38029175545168,-67.63272553744113,11.054052754434215,0.9280523697695111,0.9830783213695526
SB68677_component_451a,242.003883,-70.493606,10.51200008392334,54.18556594848633,242.00335190512965,-70.49363058152638,17.258898639003828,0.5749851684211,0.6090771087887962
SB68677_component_452a,248.036307,-71.67303,10.133999824523926,41.02833938598633,248.0359929128395,-71.67319621746736,10.044962017165284,0.9523946745925916,1.0088639267332709
SB68677_component_453a,235.944687,-71.992034,10.831999778747559,19.623188018798828,235.94493405037258,-71.99201760278842,10.594519233241147,0.9651876439228709,1.022415415015841
SB68677_component_454a,250.970268,-68.908148,9.383000373840332,27.925596237182617,250.97054189107618,-68.90822153798258,9.731170584240918,0.910250681516145,0.9642211379004673
SB68677_component_455a,237.59702,-72.036168,10.180000305175781,25.323383331298828,237.59720107396882,-72.03609239119494,10.295885845390803,0.9334013766864431,0.9887444808581575
SB68677_component_461a,249.957301,-68.039405,9.045999526977539,18.885175704956055,249.95706558103186,-68.03946219814611,11.434923328099819,0.7468057764827706,0.7910852803663481
SB68677_component_470a,244.587046,-70.271133,10.065999984741211,59.562129974365234,244.587057882291,-70.27127676724645,10.513240418284028,0.9038673402613568,0.9574593164667858
SB68677_component_473a,239.37759,-68.939712,10.092000007629395,60.4311408996582,239.37749613421823,-68.93974045330926,9.602794221844446,0.9921194972044713,1.050944107983914
SB68677_component_482a,252.135499,-70.57498,9.869999885559082,17.19512176513672,252.13542634995267,-70.57510074840035,9.225035600104706,1.0100281120152799,1.0699145578849643
SB68677_component_483a,235.946504,-69.858011,10.519000053405762,60.45402526855469,235.9466387530664,-69.85797114790844,9.813466963970084,1.011897114096918,1.0718943765772102
SB68677_component_484a,247.023431,-66.903121,9.878999710083008,28.46973991394043,247.0234767363814,-66.90322715418334,13.52682518818885,0.6894479108772128,0.7303265601975106
SB68677_component_485a,237.175705,-68.949833,9.454999923706055,55.946746826171875,237.17570854211698,-68.9498688865785,8.360107948749839,1.0676625495832996,1.1309662484824667
SB68677_component_489a,250.542674,-69.507093,9.003999710083008,21.540668487548828,250.54299142157262,-69.50715797943089,12.135542911594165,0.7004233679931162,0.7419527725851215
SB68677_component_494a,249.62743,-70.677777,9.47700023651123,46.229270935058594,249.62746988326833,-70.67790920626268,8.960289611199272,0.9984658356394308,1.0576667326317368
SB68677_component_496a,236.17815,-68.112659,9.699999809265137,53.29670333862305,236.17780494893628,-68.11269338076845,9.214787055682674,0.9937354593101622,1.0526558834892703
SB68677_component_499a,251.14809,-67.386703,9.086000442504883,12.446575164794922,251.14829084741643,-67.38668101636725,9.014686097943757,0.9514949984645491,1.0079109071337928
SB68677_component_504a,249.703538,-71.623159,9.223999977111816,34.03689956665039,249.7036869056529,-71.62322001858958,7.176601724361735,1.2133464194839265,1.2852879860672735
SB68677_component_506a,246.746535,-66.764618,8.85200023651123,18.028512954711914,246.74692376589803,-66.76477406639144,10.962126065327286,0.7623088987059794,0.8075076115489778
SB68677_component_508a,234.850331,-67.628385,9.223999977111816,27.53432846069336,234.84990317444834,-67.62854001889544,9.812738990474617,0.8873877125203463,0.9400025809374631
SB68677_component_515a,248.07575,-68.751551,9.12399959564209,50.68888473510742,248.07567579039252,-68.75170286601023,10.067129721256183,0.8555865669507802,0.9063158862825889
SB68677_component_521a,241.743862,-66.771337,8.918000221252441,21.386091232299805,241.7437547529531,-66.77149830233411,10.630765599422137,0.791930922556488,0.8388859803039211
SB68677_component_525a,238.883487,-70.879511,9.41100025177002,58.092594146728516,238.88368448202945,-70.87969774790852,10.570773238447833,0.840452925582341,0.8902849431620095
SB68677_component_526a,244.68826,-71.608135,8.810999870300293,42.77184295654297,244.6877118905198,-71.60817007852022,9.140092375759211,0.9100368418832351,0.9639946193178838
SB68677_component_528a,237.362572,-70.591759,9.07800006866455,54.68674850463867,237.36250654520788,-70.5918660540652,8.907259568979041,0.9621226484447297,1.0191686902535253
SB68677_component_529a,241.727684,-71.909558,9.586000442504883,31.53289794921875,241.72782144985993,-71.90971273980121,8.751387684125477,1.0340579695768561,1.0953691904077505
SB68677_component_530a,240.236844,-72.136111,8.850000381469727,19.62306022644043,240.2371583438755,-72.13596235733698,9.146478646811776,0.9134267573361537,0.9675855291647792
SB68677_component_531a,250.996392,-71.20537,8.164999961853027,19.032634735107422,250.9961136598591,-71.2053476986822,9.14093010693994,0.8432379884596108,0.8932351375987471
SB68677_component_534a,251.356206,-71.178426,8.550999641418457,16.603883743286133,251.35592017824234,-71.17831227749042,8.300063887777219,0.9725676455005438,1.030232990617189
SB68677_component_535a,244.124176,-71.043869,8.416000366210938,43.15897750854492,244.12459619521303,-71.04385819182417,8.05130133578074,0.9867883855849138,1.0452969048381582
SB68677_component_536a,237.399078,-72.005437,9.383999824523926,24.69473648071289,237.3997001047711,-72.00557910944411,8.900967824423955,0.9952567337977569,1.0542673571714918
SB68677_component_537a,241.921694,-71.34405,8.47599983215332,48.43428421020508,241.92146915405473,-71.34413748649582,8.23506771180587,0.971646140167311,1.0292568475183328
SB68677_component_538a,235.457195,-70.609706,8.631999969482422,42.732669830322266,235.4571479801051,-70.60981682261412,8.456107542750983,0.9636632504240861,1.020800637390453
SB68677_component_540a,231.661985,-71.759205,8.237000465393066,16.18271255493164,231.6625878614581,-71.75968470773789,7.0736732606761885,1.099280337225459,1.1644587135772897
SB68677_component_542a,241.678281,-68.134814,8.468000411987305,28.416107177734375,241.67807718475063,-68.13484625380744,9.075745433233115,0.8808114052190252,0.933036352141346
SB68677_component_543a,238.671108,-66.726693,8.902000427246094,16.76459503173828,238.67104477251033,-66.72675698176796,8.964289192147163,0.9374672762930164,0.9930514552168135
SB68677_component_544a,235.488549,-69.15353,8.609000205993652,43.04500198364258,235.48848043725818,-69.15385670378886,8.522798245066069,0.9535750409326461,1.0101142791896414
SB68677_component_545a,241.822145,-67.063827,8.241999626159668,34.6302490234375,241.82186539885333,-67.0635200937788,8.432865620970682,0.9226601750012685,0.9773664133415843
SB68677_component_554a,249.460775,-71.532297,8.37399959564209,34.46090316772461,249.46090046409265,-71.53223127669553,8.173777599975782,0.9671514417303453,1.024495650048871
SB68677_component_557a,251.25827,-69.219017,7.85699987411499,15.197291374206543,251.2585097316907,-69.21877944475568,6.8037744740009805,1.0901624061178905,1.154800163370885
SB68677_component_558a,246.207264,-68.157675,8.590999603271484,16.088014602661133,246.20718988361395,-68.15778907687566,9.005879662241886,0.9005377527313454,0.9539323114975841
SB68677_component_565a,247.426092,-67.343232,8.00100040435791,33.06198501586914,247.42621750988835,-67.34331528786204,7.453572000598291,1.0133610466623002,1.0734451084279695
SB68677_component_566a,240.513041,-70.933054,7.9029998779296875,46.76331329345703,240.51303758846396,-70.93295655671122,8.981743148557566,0.8306454847768177,0.8798960009448589
SB68677_component_572a,243.460258,-71.458494,7.958000183105469,45.735633850097656,243.46030995260818,-71.45847843540082,8.109256095232722,0.9264186591915236,0.981347745051957
SB68677_component_574a,242.008175,-67.797333,8.229000091552734,49.57229232788086,242.00842465666818,-67.79736296454296,9.505614132731369,0.8172430787652886,0.86569894134638
SB68677_component_586a,243.323862,-67.650702,8.875,53.78787612915039,243.32383397306853,-67.65084524030769,9.749190584936231,0.8593778704526208,0.9103319832225898
SB68677_component_591a,247.983265,-67.521477,8.32800006866455,40.23188400268555,247.98329305330398,-67.52153169282923,8.515863234051238,0.9232012990059146,0.9779396215952008
SB68677_component_601a,248.436779,-67.673069,7.815999984741211,32.97890090942383,248.43684860698377,-67.67310987837686,7.189201222858495,1.0263329575152604,1.0871861480090128
SB68677_component_602a,251.248648,-69.250457,8.1899995803833,16.478872299194336,251.2484143653641,-69.25044042696156,9.307216016691786,0.8307081101671557,0.8799623395111017
SB68677_component_605a,243.93246,-69.840746,8.12399959564209,49.536582946777344,243.93243332351207,-69.84108974236656,8.096073237405271,0.9472831881527133,1.0034493707526995
SB68677_component_607a,245.26354,-70.87576,7.625999927520752,33.15652084350586,245.26354798323473,-70.87579810098941,7.57366951745761,0.950549660719773,1.0069095185553738
SB68677_component_610a,248.145479,-69.338759,7.989999771118164,44.143646240234375,248.1453119498317,-69.33875448464686,8.540679617556792,0.8831585972168774,0.9355227135195876
SB68677_component_617a,238.274859,-66.947583,7.359000205993652,22.996875762939453,238.27477315865582,-66.94765667474049,6.121133152365256,1.1349359506992385,1.2022284147094684
SB68677_component_620a,239.616469,-68.376957,7.48199987411499,45.072288513183594,239.61649723179815,-68.3770700743378,7.1917243327428135,0.9821301180265919,1.0403624399298228
SB68677_component_624a,241.441346,-68.942004,7.644999980926514,47.78125,241.44129789819806,-68.94202149935752,6.442906602916997,1.1201598899898364,1.1865762538704618
SB68677_component_625a,240.988166,-69.977113,6.991000175476074,43.69375228881836,240.9880394396317,-69.97708550509213,6.052194769961024,1.090462617343405,1.1551181746784889
SB68677_component_626a,251.725083,-70.055193,6.421999931335449,10.358064651489258,251.72433710722194,-70.05513623390031,5.785461957794877,1.0478922276561888,1.1100237073865729
SB68677_component_627a,248.308393,-68.498515,7.434999942779541,37.17499923706055,248.30835343064444,-68.49845696853629,7.249240323209874,0.9682172966839152,1.0256247015256097
SB68677_component_629a,240.448279,-68.013393,7.038000106811523,43.4444465637207,240.44826703044478,-68.0134372631836,7.919697807979383,0.8389286447029265,0.8886702848334039
SB68677_component_631a,237.499871,-68.109715,7.497000217437744,45.436363220214844,237.49979112608057,-68.10977454353049,7.691277815882397,0.9201812708629247,0.9747405303649972
SB68677_component_634a,250.338946,-69.459943,6.9019999504089355,20.915149688720703,250.3395047578953,-69.45981643604112,8.195423669925095,0.7950380366310389,0.842177320952587
SB68677_component_637a,233.071072,-69.661985,7.752999782562256,16.927946090698242,233.0711812772114,-69.66190722595381,7.744880481057594,0.9450165546433331,1.0010483443255864
SB68677_component_640a,242.946354,-66.793838,6.4629998207092285,12.874502182006836,242.94639300721548,-66.79414580038717,8.059996629279485,0.7569786809639064,0.8018613552803658
SB68677_component_645a,248.248554,-69.502078,7.2210001945495605,39.24456787109375,248.248461839463,-69.50209589716793,7.496434195654695,0.9093414514390666,0.9632579978805403
SB68677_component_646a,249.545897,-69.703671,6.821000099182129,28.06995964050293,249.54573358601024,-69.70407940385493,7.411225675583137,0.8688451530378973,0.9203605986057675
SB68677_component_648a,238.959935,-67.307445,6.955999851226807,37.19786071777344,238.95964708375243,-67.30754359144518,7.171567323972305,0.9156507365334365,0.9699413722262743
SB68677_component_650a,240.183049,-67.024014,6.459000110626221,22.823322296142578,240.18306483992305,-67.02416235495086,5.973719812117236,1.020715730719251,1.08123586538569
SB68677_component_655a,248.498641,-71.749535,7.203999996185303,24.841379165649414,248.49911173811446,-71.7496451004907,5.945949535204118,1.1437651240475009,1.211581086171798
SB68677_component_658a,237.448222,-66.910607,7.48799991607666,21.212465286254883,237.44841385870086,-66.9105600677582,8.370911937442099,0.8444567714376001,0.894526184486988
SB68677_component_662a,244.15389,-66.650849,6.383999824523926,10.181818008422852,244.15463318446464,-66.650816402957,7.513367485512314,0.8021260118001955,0.849685555356357
SB68677_component_665a,241.478959,-69.712837,6.999000072479248,38.883331298828125,241.47883344861896,-69.71285008529772,6.398746752083332,1.0325841173908097,1.093807950783563
SB68677_component_674a,239.305459,-72.083626,6.423999786376953,12.873746871948242,239.3059323891714,-72.08386619406755,5.442044303932208,1.114365888481649,1.1804387152333953
SB68677_component_681a,241.993213,-68.537086,6.688000202178955,41.80000305175781,241.9932729634018,-68.53700744423202,6.195376509125988,1.0190909330434357,1.079514730432818
SB68677_component_684a,245.823001,-70.850204,7.497000217437744,42.355934143066406,245.82303665390606,-70.85026010998362,7.998770801242586,0.8848071748822999,0.9372690384218918
SB68677_component_686a,236.294407,-70.774746,7.090000152587891,38.32432556152344,236.2946198549587,-70.77491255415615,7.0085568942984295,0.9549969973723605,1.0116205460721475
SB68677_component_687a,246.446744,-67.250598,6.513000011444092,31.014286041259766,246.44696930261642,-67.25068414924442,6.5980093306628556,0.9318639658421333,0.9871159140646102
SB68677_component_689a,240.264576,-70.598513,6.373000144958496,38.85975646972656,240.26433402640697,-70.59861434252636,7.043013603136032,0.8542200600577752,0.9048683566535779
SB68677_component_692a,233.897707,-68.110453,6.124000072479248,16.55135154724121,233.89766616344423,-68.11066172052944,6.0907011563682865,0.9491880476073408,1.0054671728682905
SB68677_component_695a,241.530627,-68.594301,7.11299991607666,41.35464859008789,241.53067295931976,-68.59451654096605,7.670303375011512,0.8754364536646193,0.9273427097094428
SB68677_component_696a,249.026102,-71.43052,6.409999847412109,31.421567916870117,249.0267346033155,-71.4306477320137,5.740426661419303,1.0541398007476415,1.1166417107099242
SB68677_component_697a,239.953444,-71.912901,6.506999969482422,24.189592361450195,239.9532441918192,-71.91299725319574,6.40066235955674,0.9597105104933049,1.016613532155295
SB68677_component_702a,234.164103,-70.142762,7.045000076293945,24.29310417175293,234.1645588665452,-70.14271331168827,6.704588895778398,0.9919578383260744,1.0507728640498584
SB68677_component_704a,243.881466,-71.634469,7.1020002365112305,36.79792785644531,243.8814688120271,-71.63443798259163,5.340955592190956,1.2552958129196643,1.3297246370846274
SB68677_component_706a,235.275697,-68.760494,6.0320000648498535,24.224899291992188,235.2758928230626,-68.76048933855112,7.05070190483085,0.807631684760819,0.8555176699098533
SB68677_component_707a,243.911831,-71.582503,5.908999919891357,31.940540313720703,243.91174708436353,-71.5825478922365,5.634522340205334,0.9900137894740069,1.0487135489245432
SB68677_component_708a,236.076876,-70.240267,6.440999984741211,35.78333282470703,236.07689514334837,-70.2404489565471,5.994822213023259,1.0142881580507508,1.0744271899754871
SB68677_component_710a,233.935124,-68.047975,5.9120001792907715,15.807486534118652,233.9354807895814,-68.0480602319914,9.085051778405083,0.6143153914341991,0.6507392938963136
SB68677_component_711a,243.708169,-71.69997,5.743000030517578,29.451282501220703,243.70824290984683,-71.70001236391171,5.158860366932719,1.050919402557519,1.113230369119715
SB68677_component_712a,246.081532,-68.371016,6.291999816894531,31.77777671813965,246.08152299629887,-68.37121083845607,6.335540877821453,0.9375390562324961,0.993127491122448
SB68677_component_713a,240.276532,-71.423827,6.5,37.14285659790039,240.27656789568238,-71.42391360782622,5.8239215365808565,1.0536156338348408,1.1160864649656768
SB68677_component_721a,235.851814,-68.340963,6.73199987411499,36.78688430786133,235.85182044837183,-68.34112971310054,5.975501968709091,1.0635405918954761,1.1265998922546299
SB68677_component_722a,245.159728,-70.778084,6.877999782562256,37.58469772338867,245.1597812360674,-70.77816325347848,6.0823459513300495,1.0675184858038704,1.1308136428935316
SB68677_component_726a,242.952366,-71.66939,6.103000164031982,30.823232650756836,242.9523169742543,-71.66936205910947,3.64904192155233,1.578879164663766,1.6724938477647635
SB68677_component_727a,235.674854,-68.936103,6.031000137329102,28.71904945373535,235.67472896270172,-68.93622342654018,6.779069905465604,0.8398536051512756,0.8896500879075796
SB68677_component_734a,248.445559,-68.800031,6.38100004196167,36.25568389892578,248.44565278774328,-68.80006967925526,6.681135671839714,0.9016185146983223,0.9550771538522883
SB68677_component_735a,238.330076,-71.739691,6.434999942779541,27.737070083618164,238.32986743110038,-71.73989948093913,5.011405604141667,1.2121974270689964,1.2840708677544175
SB68677_component_737a,244.063273,-72.007709,6.296999931335449,16.441253662109375,244.06399802571963,-72.0076449095045,6.19456575408098,0.9596374457533559,1.016536135270981
SB68677_component_744a,244.019648,-67.887376,5.940999984741211,33.37640380859375,244.01973036119804,-67.88740267615108,6.967479733533957,0.8049486973877602,0.8526756032238779
SB68677_component_745a,248.07244,-70.261467,6.383999824523926,34.32257843017578,248.07270757812316,-70.26140686748137,4.243763921581,1.4201231754894696,1.5043249206345077
SB68677_component_757a,244.880955,-68.399004,5.98799991607666,13.160438537597656,244.88102931452113,-68.39917463158748,6.33860115423463,0.891810795002996,0.9446879162094394
SB68677_component_760a,247.318328,-71.157113,6.078000068664551,33.03260803222656,247.3183016049605,-71.15706555395549,5.42420288749571,1.0578135843491638,1.120533319776077
SB68677_component_761a,233.439703,-69.728805,6.644000053405762,20.380367279052734,233.43956266154763,-69.72898937681293,5.9191287759919575,1.0596347775200263,1.1224624948782815
SB68677_component_762a,246.636019,-70.161729,6.072999954223633,35.10404586791992,246.6361516675063,-70.1617592074856,6.895102296062937,0.8314706598987104,0.8807701022349269
SB68677_component_765a,243.184277,-67.908297,5.754000186920166,34.04733657836914,243.18390207320437,-67.9084889331621,7.078890982229228,0.7673420754412834,0.812839214696899
SB68677_component_768a,232.927652,-69.929981,6.091000080108643,11.074544906616211,232.9269505510347,-69.93023432400722,2.9993536123585485,1.9171023500970967,2.030770915110263
SB68677_component_769a,242.791432,-68.159526,6.0279998779296875,34.25,242.7910617270436,-68.15951435605609,4.7551953516781955,1.196710871640896,1.2676660856430002
SB68677_component_771a,238.107275,-67.638133,6.020999908447266,33.82583999633789,238.10677968640644,-67.6381755721405,7.659523814997572,0.74208083322147,0.7860801864285573
SB68677_component_772a,249.080401,-71.989543,5.7129998207092285,12.078224182128906,249.07993071087276,-71.98977944726133,5.233346898367123,1.0305499625163994,1.0916531870822024
SB68677_component_773a,239.417439,-69.046235,6.39300012588501,37.82840347290039,239.41719029499515,-69.04634128939298,6.490583676734881,0.929833790522355,0.9849653658730796
SB68677_component_774a,249.071575,-69.283757,5.540999889373779,28.270408630371094,249.0715774705989,-69.28374199265728,5.962033052442425,0.8773605989398569,0.9293809411378281
SB68677_component_775a,242.329685,-66.918026,5.827000141143799,17.87423324584961,242.32993245131908,-66.91825756022543,5.698058376811317,0.9653893403804571,1.0226290704316439
SB68677_component_776a,238.992103,-66.928892,5.151000022888184,16.1981143951416,238.99187628849117,-66.92901243796118,4.843134620246125,1.0040362100680238,1.0635673849236125
SB68677_component_778a,243.523936,-67.62596,6.291999816894531,36.160919189453125,243.52380104242687,-67.62595703489917,6.9929283902157,0.8494033806532243,0.8997660873659328
SB68677_component_781a,248.494093,-69.380138,5.534999847412109,29.7580623626709,248.49441514313415,-69.3800186754964,2.406945425299876,2.170879586183266,2.2995950756642167
SB68677_component_782a,241.664938,-71.998298,5.9770002365112305,16.88418197631836,241.66530477823935,-71.99832305732468,5.871655352947439,0.9609639193907804,1.0179412579982083
SB68677_component_784a,236.82363,-71.458494,5.888000011444092,31.319150924682617,236.8233805549755,-71.45851762055345,6.495183084189483,0.8557773142967338,0.9065179433935603
SB68677_component_787a,237.663764,-72.135853,5.828999996185303,10.617486000061035,237.6640367202259,-72.13583353009956,6.8174318661703035,0.8071562492731565,0.8550140449676026
SB68677_component_789a,245.69148,-68.492873,5.486999988555908,28.430051803588867,245.6916444428608,-68.49327870767692,5.198615465530816,0.9963952067117605,1.0554733322626404
SB68677_component_792a,242.046285,-67.186664,6.0370001792907715,28.210281372070312,242.04655659107118,-67.18670360369252,6.022320198473956,0.9463280451397039,1.0024375955334517
SB68677_component_795a,244.932103,-71.644808,6.091000080108643,29.425121307373047,244.93209936164982,-71.64487973550088,4.777451591496184,1.203584745737634,1.274947524523443
SB68677_component_797a,247.551684,-68.77932,5.564000129699707,33.31736755371094,247.55160659438886,-68.77943011642485,8.370870389493383,0.627481431526332,0.6646859730002878
SB68677_component_798a,236.369621,-70.943341,6.2270002365112305,31.135000228881836,236.36999069833442,-70.94341917281076,6.1991435477498875,0.9482690017343757,1.004493635055677
SB68677_component_803a,242.160479,-70.898623,5.495999813079834,32.71428680419922,242.16008149981494,-70.898730349656,5.944778978768181,0.8727610608019912,0.9245086878265509
SB68677_component_813a,244.548685,-68.629413,5.408999919891357,30.38763999938965,244.54864757668628,-68.62958237117603,6.263103337934865,0.8152893371995686,0.8636293588083872
SB68677_component_815a,249.622461,-67.173224,5.539000034332275,20.514814376831055,249.62249439965694,-67.17323611193987,5.383875302908804,0.9712269840333966,1.028812838837419
SB68677_component_816a,245.76963,-68.328565,5.559000015258789,27.38423728942871,245.76963435691147,-68.32882408545085,5.697134353782186,0.9211377451813859,0.975753715825274
SB68677_component_818a,245.219124,-72.096757,5.3520002365112305,11.126819610595703,245.21899895957523,-72.09688770313188,4.504858504530821,1.121551793539584,1.1880506859712432
SB68677_component_819a,247.663492,-70.920738,5.176000118255615,28.75555419921875,247.66306469717253,-70.92070126747458,5.124342643088657,0.9535434360182973,1.0100808003611215
SB68677_component_823a,237.792735,-69.506092,6.0229997634887695,34.02824783325195,237.79274017049838,-69.50608501905522,6.137814877803249,0.9263677456629634,0.9812938127655664
SB68677_component_824a,245.094625,-67.785499,5.5980000495910645,29.619049072265625,245.09423012662972,-67.785499901779,4.359535378362727,1.2122077503866147,1.2840818031607435
SB68677_component_827a,249.732111,-72.03518,6.119999885559082,10.551724433898926,249.73168649804742,-72.0349261024779,5.73268688169249,1.0078074338244647,1.0675622115527517
SB68677_component_829a,248.719702,-67.704936,4.848999977111816,16.381755828857422,248.71995712534044,-67.70517318394965,4.627892710645491,0.9891297511317098,1.0477770943042208
SB68677_component_830a,249.678875,-69.927773,4.947000026702881,21.602619171142578,249.6787849970572,-69.92821953075394,6.052552074309719,0.7715920474183087,0.8173411754193087
SB68677_component_832a,243.069101,-71.689625,5.507999897003174,29.454544067382812,243.06872296439113,-71.68923631084076,5.6535596673125434,0.9197214349227208,0.9742534298963962
SB68677_component_839a,243.240619,-69.712078,5.46999979019165,36.22516632080078,243.24061328636878,-69.71211746499965,5.070353117592076,1.0184353569172464,1.0788202839784395
SB68677_component_841a,248.522379,-70.878461,5.261000156402588,27.11855697631836,248.52272870132435,-70.8785886164503,5.915025984317061,0.8396456120405258,0.8894297624983324
SB68677_component_844a,244.653204,-70.572064,5.284999847412109,32.42331314086914,244.6532435712866,-70.57222346448529,4.803651338466762,1.0386228339545773,1.1002047140871356
SB68677_component_848a,239.568711,-67.070754,4.685999870300293,19.126529693603516,239.5688351470053,-67.07094344442727,2.9358034008463303,1.5068140734706161,1.596155883241166
SB68677_component_849a,238.909554,-70.914759,5.4120001792907715,32.0236701965332,238.9096266430297,-70.91494563450833,4.733380513281778,1.0793710077627627,1.1433689229304087
SB68677_component_851a,243.858066,-69.748931,5.00600004196167,29.274852752685547,243.8579982299329,-69.74898855643025,5.7589898986614845,0.820595057668165,0.8692496653146021
SB68677_component_853a,242.135564,-70.954351,5.434999942779541,32.5449104309082,242.13564393421962,-70.95430307898219,5.356858055501094,0.957797656157815,1.0145872611274813
SB68677_component_856a,241.191877,-69.937487,5.646999835968018,33.41419982910156,241.19190651074325,-69.93738297844953,5.698427357762531,0.9355071767983945,0.9909751377764853
SB68677_component_859a,238.951672,-69.681643,5.26200008392334,33.303794860839844,238.95161310295524,-69.68177681714518,5.176162811189234,0.9596818632842188,1.0165831863998855
SB68677_component_863a,245.074934,-67.112269,4.89300012588501,19.57200050354004,245.0747925708679,-67.11251721318926,5.663581431816197,0.8155835215463177,0.8639409858923708
SB68677_component_864a,236.162512,-67.929514,5.5980000495910645,30.928178787231445,236.1624292383121,-67.92957529275354,5.8394411735410525,0.9049945733987601,0.9586533853540685
SB68677_component_870a,234.266163,-70.640706,5.730000019073486,20.319149017333984,234.26673113846937,-70.64086621507798,5.580442689629197,0.9693270579377918,1.0268002625888857
SB68677_component_871a,242.105643,-70.156449,5.883999824523926,34.40935516357422,242.1056645184123,-70.1563141770647,5.957785825702233,0.9323353027688318,0.9876151974345921
SB68677_component_872a,248.664875,-69.408326,4.895999908447266,25.5,248.66456948305236,-69.40843251286276,5.404992529938027,0.8551270956482042,0.9058291720716592
SB68677_component_874a,246.436195,-67.454923,4.806000232696533,25.70053482055664,246.4361571890764,-67.45503420984664,2.9591210041190097,1.5332233605397867,1.624131026073865
SB68677_component_879a,237.18517,-70.937119,5.25600004196167,29.19999885559082,237.185193888363,-70.93728324021093,5.062834486457494,0.9800449498452733,1.0381536382476795
SB68677_component_884a,239.491044,-71.50316,5.242000102996826,28.80219841003418,239.490959428692,-71.50330283484523,5.417798449604173,0.9133948221871896,0.9675517005214193
SB68677_component_888a,245.41494,-68.547375,5.453000068664551,29.6358699798584,245.4150712507106,-68.54753258269771,6.692544961070202,0.7691810399065449,0.81478721478661
SB68677_component_894a,237.526315,-68.735843,5.099999904632568,27.868852615356445,237.52630385043307,-68.73597978156758,5.758864684078738,0.8360219088452032,0.885591203198835
SB68677_component_895a,234.979613,-67.472652,5.4019999504089355,13.78061294555664,234.98000860483972,-67.47277294135274,5.588685998852516,0.9124923480810933,0.9665957170465631
SB68677_component_896a,235.901419,-71.389383,5.052999973297119,23.07305908203125,235.90128540296038,-71.38968294482834,4.819716076525152,0.9897196787622276,1.0484019998414837
SB68677_component_898a,240.873037,-69.139874,4.414999961853027,24.94350242614746,240.87309180902056,-69.1397616633304,3.5783619166980287,1.1647448686750128,1.233804758890072
SB68677_component_901a,232.454995,-71.528117,5.557000160217285,11.364008903503418,232.4548266557918,-71.52813212757682,3.758789864232587,1.3956506655567649,1.4784013900579753
SB68677_component_909a,238.276571,-71.662191,4.4670000076293945,22.675127029418945,238.27702689113593,-71.66222112932722,4.1826330309783195,1.0082089657321038,1.0679875510342254
SB68677_component_910a,237.828081,-71.792967,4.619999885559082,18.479999542236328,237.827980013045,-71.79306643049033,4.7461036447718765,0.9189441376498607,0.9734300452221043
SB68677_component_911a,248.329377,-68.460847,5.058000087738037,25.03960418701172,248.32918743961895,-68.46100071319654,5.470154649142592,0.8728981894898353,0.9246539471294185
SB68677_component_913a,243.983908,-68.079909,5.308000087738037,31.223529815673828,243.98378867625135,-68.080185126265,5.767722155457716,0.8687822812472098,0.9202939990296402
SB68677_component_917a,241.654698,-67.029742,5.160999774932861,19.623573303222656,241.65449055910614,-67.02979172974585,3.3810842548608,1.4409941298488456,1.526433352707249
SB68677_component_918a,234.768755,-70.953539,4.85699987411499,22.696260452270508,234.76867929397918,-70.95356296701013,2.9817231464323743,1.5377478920250018,1.6289238254485097
SB68677_component_919a,239.481594,-67.303053,4.783999919891357,27.81395149230957,239.4816164627187,-67.30309236045258,4.482434465899908,1.0075383360700163,1.0672771584917988
SB68677_component_921a,240.976872,-70.086822,4.940000057220459,31.464967727661133,240.9767537604971,-70.08682667280559,5.397700063532387,0.8639777743882647,0.9152046240204763
SB68677_component_922a,249.944975,-67.492252,5.01800012588501,17.243986129760742,249.945376291519,-67.49225230846085,4.896520555140849,0.9674475980556879,1.0248093660337279
SB68677_component_923a,237.402477,-71.266956,4.939000129699707,29.224853515625,237.40272853548382,-71.26704268773965,5.469229991398507,0.8525055513430365,0.9030521915273821
SB68677_component_924a,250.621597,-69.216049,4.908999919891357,16.254966735839844,250.62146442800434,-69.21586315541192,3.9142241195179475,1.1839454724587248,1.2541438021939124
SB68677_component_932a,236.825327,-67.133505,4.749000072479248,22.614286422729492,236.8254168586608,-67.13352656879778,4.268356554210069,1.0503301936693699,1.112606224940393
SB68677_component_934a,248.182929,-69.51505,4.659999847412109,24.787233352661133,248.18311973804367,-69.51551036369602,5.56460907974388,0.7905614028881413,0.8374352592665132
SB68677_component_937a,238.168818,-67.433018,4.368000030517578,23.610811233520508,238.16862091010142,-67.43338251957871,4.391552733185864,0.9389639000790467,0.9946368166115133
SB68677_component_947a,241.206793,-68.378436,4.675000190734863,28.68098258972168,241.20685471067748,-68.3786094294181,5.237214597614583,0.8426857074108892,0.8926501107791546
SB68677_component_951a,236.298607,-71.188912,4.552000045776367,23.585491180419922,236.29845744909431,-71.18905446931788,4.574024735916074,0.9394812428688412,0.995184833617806
SB68677_component_952a,245.661933,-67.684427,4.255000114440918,22.876344680786133,245.66167566238016,-67.68467401704152,5.583947940156019,0.7193538631675087,0.7620056920376715
SB68677_component_961a,236.34844,-69.224049,4.415999889373779,23.120418548583984,236.34824390356692,-69.22418280573194,3.6250214185002685,1.150013243488055,1.2181996682383056
SB68677_component_964a,244.237775,-70.506743,4.448999881744385,26.017541885375977,244.23765486916346,-70.50664818953715,4.525575740423874,0.9280533042096392,0.9830793112143744
SB68677_component_965a,235.541761,-67.222152,4.754000186920166,13.024657249450684,235.5417625616035,-67.22231043708742,5.129672059946655,0.8748910176457584,0.9267649337742663
SB68677_component_969a,238.848124,-69.169621,4.918000221252441,27.322221755981445,238.84806062242737,-69.16974196251046,6.3368260415667566,0.7326577091647255,0.7760983478152234
SB68677_component_971a,247.621011,-68.151045,4.414000034332275,25.367816925048828,247.62100324337501,-68.15093094156137,4.166047844158598,1.0002128823632466,1.0595173650061034
SB68677_component_974a,234.775945,-71.174411,4.184000015258789,21.56700897216797,234.77570768539476,-71.17457345189325,3.9091014976857354,1.0104133960290105,1.070322686104671
SB68677_component_975a,243.713922,-71.183001,4.809000015258789,25.31052589416504,243.7140123152245,-71.18293397184749,4.8289770806227725,0.9401215308718941,0.9958630854877847
SB68677_component_977a,240.621317,-71.71574,4.8470001220703125,23.302885055541992,240.62141572188085,-71.71585037346732,3.604319452821565,1.269504134720616,1.344775396719051
SB68677_component_978a,239.033014,-70.842241,4.301000118255615,25.601192474365234,239.0330480941917,-70.84219632362294,3.588825921785146,1.1313615793802294,1.1984421122650109
SB68677_component_980a,241.668622,-67.144978,4.86899995803833,23.185714721679688,241.66885378044663,-67.14530865379159,4.730265002564516,0.9717144562588732,1.0293292141980628
SB68677_component_981a,245.362288,-66.9476,4.638999938964844,13.25428581237793,245.36205592717224,-66.94803256196057,3.894510010636301,1.1244908012552561,1.1911639529222586
SB68677_component_984a,249.985147,-69.285694,3.7950000762939453,15.945378303527832,249.9848896373812,-69.28592819700022,3.597595057848778,0.995826950985161,1.0548713835967987
SB68677_component_985a,248.049629,-69.853491,4.224999904632568,25.451807022094727,248.0491722311079,-69.85371552515838,5.204911120773592,0.7662981029227721,0.8117333431055049
SB68677_component_987a,236.289125,-71.817655,4.7820000648498535,14.897195816040039,236.28917135146867,-71.81774733332324,4.599739548203477,0.9814331005208219,1.0396240949593683
SB68677_component_988a,237.394965,-68.044824,4.317999839782715,24.534090042114258,237.39478093792613,-68.04478571034663,4.785959162839881,0.8517222605816877,0.9022224579995184
SB68677_component_992a,248.449185,-68.88989,4.045000076293945,22.982955932617188,248.4486755589867,-68.88992071450647,4.141084195637427,0.9221229656987693,0.9767973519000881
SB68677_component_996a,247.525489,-69.223061,4.355000019073486,24.88571548461914,247.52535865220048,-69.22291478443503,3.142217637670711,1.3083871314644961,1.3859638386798048
SB68677_component_999a,243.949704,-67.551772,4.507999897003174,26.057804107666016,243.94940959268533,-67.55198450525153,3.3278641839182046,1.2788001207491269,1.3546225590539231
SB68677_component_1000a,246.231694,-68.354046,4.333000183105469,23.047874450683594,246.23215347687682,-68.35419688645625,3.6833300065760137,1.1105354875533278,1.176381202707759
SB68677_component_1008a,236.468461,-68.663438,4.616000175476074,23.313133239746094,236.46863505139714,-68.66360760533904,4.218070503549159,1.033085692500152,1.0943392652142943
SB68677_component_1009a,250.030534,-69.256978,4.573999881744385,19.13807487487793,250.03031517215328,-69.25692692762946,3.615522858345303,1.194288917455185,1.26510052928769
SB68677_component_1012a,239.335753,-69.954405,4.565999984741211,27.506025314331055,239.3361464411631,-69.95479530806838,3.8463403805993703,1.1206566076121656,1.187102422804738
SB68677_component_1014a,237.842188,-70.278026,4.039000034332275,25.72611427307129,237.84191158827014,-70.2783062116787,3.5478832133008202,1.0747041008693954,1.1384253064447796
SB68677_component_1015a,241.730685,-67.215233,4.158999919891357,21.88947296142578,241.73091137549198,-67.21527918778197,4.60611362071549,0.8523905575790316,0.9029303795691691
SB68677_component_1016a,249.066115,-69.69113,4.388000011444092,21.72277069091797,249.0665776052984,-69.6915352870495,4.967481120109604,0.8339015089091923,0.8833450808057169
SB68677_component_1026a,238.408092,-69.083343,4.020999908447266,20.41116714477539,238.407781289034,-69.08337594265696,4.625040069025546,0.8207349513172156,0.8693978535183704
SB68677_component_1029a,236.332196,-70.574705,4.369999885559082,26.167665481567383,236.3323803623746,-70.57453427844052,4.638443417112467,0.8893926319052199,0.9421263757227211
SB68677_component_1032a,240.08048,-68.556443,4.248000144958496,26.061349868774414,240.08065632482166,-68.55650114941841,4.189862569707278,0.9571259907317669,1.0138757714087216
SB68677_component_1033a,240.436437,-68.452222,4.313000202178955,28.006494522094727,240.4365649999812,-68.45221618380033,4.3441310991808875,0.9372618072364551,0.9928338035176235
SB68677_component_1035a,248.543485,-71.14004,4.090000152587891,20.147785186767578,248.5436299197829,-71.13975818884593,3.8609641943944277,1.0000274354634595,1.0593209226146127
SB68677_component_1038a,243.485489,-70.309984,3.9719998836517334,23.093021392822266,243.48511868585481,-70.30995674934121,4.230968937101467,0.8862449123703314,0.9387920220404296
SB68677_component_1042a,241.981514,-71.68053,4.1620001792907715,19.004568099975586,241.98220451066265,-71.68064197154476,4.512082178242354,0.8707820309498064,0.9224123176125409
SB68677_component_1044a,239.160489,-70.343135,4.184999942779541,25.210844039916992,239.15999274103373,-70.34330994839527,4.314928865570331,0.9156008363636351,0.9698885133825684
SB68677_component_1047a,244.58482,-71.275314,3.865000009536743,19.422109603881836,244.58499361455458,-71.27516235657102,3.553257329583525,1.0268504637131473,1.0877343381121676
SB68677_component_1053a,240.285288,-70.291148,4.547999858856201,27.39759063720703,240.28462402114607,-70.29111723589709,4.530644333717176,0.9476431702758257,1.0038306968856205
SB68677_component_1054a,246.494026,-68.957638,3.9519999027252197,22.976743698120117,246.4938980435099,-68.95764181269526,3.124466727190771,1.1940578987938648,1.264855813100141
SB68677_component_1056a,236.437634,-67.367894,4.202000141143799,20.905473709106445,236.43740578448612,-67.36802237094152,4.329178893253809,0.9162941103516085,0.9706228928750914
SB68677_component_1057a,240.212603,-70.973749,4.15500020980835,22.704919815063477,240.21265866402317,-70.97368780251037,4.119629631284409,0.9521321756157277,1.008585863703702
SB68677_component_1064a,241.196534,-68.317779,4.054999828338623,22.78089714050293,241.1966214028756,-68.31790334430444,4.204586419282691,0.9104412402968683,0.964422995265825
SB68677_component_1068a,237.647696,-69.627736,4.0980000495910645,24.24852180480957,237.64801949305019,-69.62760322137021,4.6478368642436285,0.8323489727838324,0.8817004919250662
SB68677_component_1072a,238.985756,-69.824845,3.811000108718872,22.684524536132812,238.9849068266399,-69.82503779244087,4.552635160555062,0.7902426729355514,0.8370976312220527
SB68677_component_1074a,246.97673,-71.396163,4.355000019073486,23.54054069519043,246.97652702988873,-71.39620064597825,4.136524227844559,0.9938868709422238,1.052816272598691
SB68677_component_1077a,244.147526,-69.47319,3.638000011444092,22.31901741027832,244.14728033450302,-69.473052358127,4.310091806050824,0.7968205757608083,0.8440655501436882
SB68677_component_1078a,239.630842,-69.042739,3.7209999561309814,22.281436920166016,239.63087276792112,-69.04278886156888,4.119617886599418,0.8526819988596063,0.9032391009454812
SB68677_component_1079a,241.316102,-70.414821,3.5759999752044678,17.275362014770508,241.31581285319484,-70.4148662876929,3.982470384919311,0.8476748869014177,0.8979351080038028
SB68677_component_1080a,238.661079,-68.089846,3.930999994277954,23.1235294342041,238.66167984176596,-68.08972745533553,3.036222162097015,1.2222325965463396,1.2947010411000184
SB68677_component_1081a,239.93409,-69.08298,3.9549999237060547,24.263803482055664,239.9341611969265,-69.08321191193853,4.513241711170298,0.8272604293172943,0.8763102392494088
SB68677_component_1082a,235.793721,-69.108738,4.0370001792907715,21.821622848510742,235.79331736776356,-69.1088329975399,4.1558620303265865,0.9170267670090306,0.9713989901088044
SB68677_component_1097a,238.804968,-68.572202,3.433000087738037,20.19411849975586,238.80513956182298,-68.57235631336357,4.340001137832992,0.7467381438964108,0.7910136377181158
SB68677_component_1099a,233.936069,-69.944069,3.924999952316284,15.8906888961792,233.9359280450064,-69.94418423693753,1.6474678600601722,2.249091217953493,2.3824440205910467
SB68677_component_1105a,239.07011,-67.320316,3.9010000228881836,21.316940307617188,239.06996903795925,-67.32076410754242,3.637768505061218,1.0123373469406378,1.072360711645266
SB68677_component_1108a,236.550071,-70.390415,3.819999933242798,24.025157928466797,236.55020353459014,-70.39057555434525,3.682606490903526,0.9792473519599952,1.0373087492998911
SB68677_component_1113a,243.117445,-69.046533,4.1519999504089355,25.012048721313477,243.1169940800857,-69.04640010342497,4.855955168333066,0.8071737613185367,0.8550325953347337
SB68677_component_1116a,245.293573,-67.374644,3.4089999198913574,17.482051849365234,245.2931696034059,-67.37480665641365,3.0485100615498895,1.055659166412569,1.1182511623918314
SB68677_component_1120a,237.260302,-69.901155,3.5950000286102295,22.753164291381836,237.26026353292437,-69.90123538661872,3.3026618977903173,1.02758829073925,1.088515912275339
SB68677_component_1124a,238.346717,-69.482004,3.813999891281128,22.702381134033203,238.3465174084464,-69.48188132971993,3.9337744451950747,0.9152834011559632,0.9695522568508609
SB68677_component_1133a,242.771105,-68.073968,3.630000114440918,22.0,242.77076552026108,-68.07379158750383,3.504784872693898,0.9777540822247041,1.0357269408238388
SB68677_component_1136a,243.658421,-70.127168,3.700000047683716,23.125,243.6585478140598,-70.12727887034103,5.744697629295013,0.6080214767130652,0.6440722012618405
SB68677_component_1143a,244.193182,-67.64015,3.690999984741211,21.84023666381836,244.19315343718227,-67.6403640195787,3.1092703498983254,1.1206498124306967,1.1870952247243178
SB68677_component_1145a,239.947653,-71.974754,3.8499999046325684,11.596385955810547,239.94769903604447,-71.97482799732228,3.541667173352271,1.0262125875485126,1.087058641082994
SB68677_component_1149a,242.450042,-67.831187,3.8910000324249268,22.754384994506836,242.45010961976493,-67.83116728864788,4.668266588324011,0.7868463781597068,0.8334999638103067
SB68677_component_1153a,243.282849,-70.916089,3.9749999046325684,23.110464096069336,243.28215063525755,-70.9161748818909,3.295522339583136,1.138668292520954,1.2061820540216341
SB68677_component_1155a,247.189336,-67.330782,4.005000114440918,19.16267967224121,247.18972044393658,-67.33094744214374,3.86984348125337,0.9769976016963589,1.0349256071575725
SB68677_component_1156a,243.07239,-68.878202,3.9260001182556152,24.234567642211914,243.07253743720622,-68.87815890947817,4.0633889782894785,0.9121080209807403,0.9661886024774083
SB68677_component_1161a,244.668724,-69.913434,3.6419999599456787,21.80838394165039,244.6685486708646,-69.91367912077504,3.84155720680742,0.8949875553925266,0.9480530326326739
SB68677_component_1162a,242.854457,-67.144817,3.559000015258789,14.767635345458984,242.8543030953313,-67.14513607398705,3.3257333393296964,1.0102408614919998,1.070139921673969
SB68677_component_1163a,235.539911,-68.819533,2.9519999027252197,12.890829086303711,235.53974021358846,-68.81964950619884,3.5425299882136287,0.7866601821246415,0.8333027278659136
SB68677_component_1165a,239.610826,-67.670191,3.421999931335449,19.22471809387207,239.61122245632112,-67.67033246680595,2.035146832722876,1.5873350751895563,1.681451124957439
SB68677_component_1167a,242.641915,-68.08884,3.361999988555908,21.414011001586914,242.6423304544934,-68.08852731279579,4.713345736743698,0.6733684666187164,0.7132937357739022
SB68677_component_1170a,238.91204,-68.647799,3.384000062942505,18.096256256103516,238.91210510452285,-68.64797279932053,2.9916496142430566,1.067834628084693,1.1311485298383515
SB68677_component_1172a,250.826099,-71.104017,3.6050000190734863,10.449275016784668,250.8267169626497,-71.1040839196776,3.8341093609653547,0.8876160364591945,0.9402444426274312
SB68677_component_1173a,249.476476,-67.62547,3.812999963760376,15.887499809265137,249.47644488087118,-67.62560682091453,3.5831513711673146,1.0045834301269956,1.0641470506779571
SB68677_component_1181a,246.65359,-67.592409,3.197999954223633,17.668508529663086,246.65349357856758,-67.59241125485507,3.4152521400443288,0.883975128431323,0.9363876583888544
SB68677_component_1184a,237.939751,-69.860398,3.5239999294281006,22.735483169555664,237.94032465669116,-69.86023063097493,3.602349174296308,0.9234947892887436,0.9782505134629232
SB68677_component_1192a,248.764385,-69.521062,3.4130001068115234,17.150754928588867,248.7641788515046,-69.5206301403229,4.004912613191897,0.8045029156887147,0.8522033902985409
SB68677_component_1193a,247.252225,-67.121842,3.186000108718872,12.068181991577148,247.25274101732612,-67.1215332282151,2.4176692324880444,1.244036914512309,1.3177981776440657
SB68677_component_1197a,246.293025,-67.915109,3.3989999294281006,16.74384307861328,246.29338120508373,-67.9153114181951,4.153487189686005,0.7725429702667497,0.8183484802525798
SB68677_component_1198a,235.507667,-68.417462,3.5920000076293945,18.611398696899414,235.5073347333507,-68.41761918614624,3.1841483607384506,1.0649455395284675,1.1280881418466184
SB68677_component_1200a,239.441771,-69.892456,3.361999988555908,18.99435043334961,239.44083995785968,-69.89288105276493,3.0453080724783437,1.0421994477596614,1.1039933919788394
SB68677_component_1201a,250.92371,-69.073259,3.6010000705718994,11.32390022277832,250.9242273459055,-69.07313149349102,3.148712371869189,1.07962890664776,1.1436421131201058
SB68677_component_1203a,240.264223,-68.37761,3.7260000705718994,23.73248291015625,240.2641376374411,-68.37784331393746,3.344408827347732,1.0517387192029475,1.1140982645733495
SB68677_component_1206a,241.899004,-68.304242,3.4179999828338623,18.78022003173828,241.8989194117628,-68.30418208112863,4.986146233078403,0.6471298154863925,0.6854993462002054
SB68677_component_1215a,248.927657,-69.320769,3.1730000972747803,16.788360595703125,248.92815522219522,-69.32098463605399,3.0395122695202024,0.9854862051281453,1.0439175156794644
SB68677_component_1216a,235.854132,-71.555646,3.7909998893737793,16.6271915435791,235.85372451813637,-71.55540831503525,4.380400247841258,0.817004298884612,0.8654460037623398
SB68677_component_1219a,245.666603,-70.022184,3.259000062942505,20.89102554321289,245.66610967964635,-70.02213604667024,3.166579084089186,0.971579616459682,1.0291863794963145
SB68677_component_1231a,243.051511,-67.932877,3.312999963760376,18.931428909301758,243.05152646085872,-67.93291652216708,1.7976764085818548,1.7397797709730527,1.8429345503698993
SB68677_component_1237a,241.692099,-71.736822,3.4600000381469727,14.849785804748535,241.69181043307674,-71.73687328110302,3.5531500762222175,0.9192781062727697,0.973783815465998
SB68677_component_1253a,244.813848,-71.224381,3.430999994277954,18.05789566040039,244.81368965321025,-71.22469164140588,2.716353475701147,1.1923913000056168,1.2630903985691118
SB68677_component_1255a,238.229382,-68.727291,3.499000072479248,20.952096939086914,238.2293461579103,-68.72731181195327,3.3133162449547378,0.9969317476108401,1.0560416856698347
SB68677_component_1260a,242.830127,-67.244469,3.4019999504089355,17.44615364074707,242.83017404035715,-67.24448043789371,3.7381503280604726,0.8591359761141397,0.9100757465187475
SB68677_component_1263a,238.824406,-71.405429,3.5810000896453857,21.31547737121582,238.82445086231994,-71.40518260715987,3.577875358849705,0.9448513535401459,1.0008733481416427
SB68677_component_1264a,250.462139,-68.952573,2.874000072479248,13.183486938476562,250.46218650652537,-68.95276903573807,2.169262052844482,1.2507171943707003,1.3248745437235978
SB68677_component_1265a,246.50754,-68.008678,3.0789999961853027,14.254629135131836,246.50747871665288,-68.00878479672546,4.7278703171206065,0.6147924105211808,0.6512445963324333
SB68677_component_1272a,243.835389,-68.294156,3.134000062942505,18.01149559020996,243.83556537983222,-68.29413471068922,2.9980541764677695,0.9868335115671655,1.0453447064238524
SB68677_component_1278a,247.978902,-69.213219,3.1549999713897705,17.72471809387207,247.97923835057978,-69.21338526139607,3.4222518041295378,0.870305570585927,0.9219076070272556
SB68677_component_1279a,236.697466,-67.352734,3.4590001106262207,17.469697952270508,236.6975069833251,-67.35298050646257,5.1606410777540335,0.6327487352262422,0.6702655849361286
SB68677_component_1285a,244.109989,-70.480873,2.9649999141693115,17.6488094329834,244.1093519460385,-70.4808687309587,3.040815077338682,0.9204899261831213,0.9750674864333665
SB68677_component_1286a,244.0522,-69.789579,3.240000009536743,20.37735939025879,244.05227481003337,-69.78970467788595,3.7072739620813926,0.8250394122413641,0.8739575339389524
SB68677_component_1287a,246.767987,-68.281785,2.9670000076293945,14.76119327545166,246.76824823388523,-68.2817024225088,3.268969165084966,0.8568229452879705,0.9076255717916132
SB68677_component_1288a,248.359876,-70.070088,3.0450000762939453,13.59375,248.3598528519358,-70.07025155795236,2.3222084160129537,1.2378570030394869,1.3112518477225947
SB68677_component_1298a,234.040208,-68.088087,3.3350000381469727,10.106060028076172,234.04061494650713,-68.08840615702454,3.731208772316903,0.8437827804101182,0.893812231277559
SB68677_component_1301a,240.591889,-67.211382,2.7360000610351562,12.845070838928223,240.5919461630969,-67.21165207649965,3.0005058509383162,0.8608073956058346,0.9118462675817
SB68677_component_1304a,236.521928,-68.090354,3.135999917984009,17.717514038085938,236.52210947352037,-68.09027426979341,2.481936054246816,1.1928060123470023,1.2635296999767704
SB68677_component_1306a,235.628223,-69.866402,2.7720000743865967,16.11627960205078,235.62814403814033,-69.86657695581025,2.8743008818697477,0.9104275144524576,0.964408455590563
SB68677_component_1309a,237.094319,-70.160652,3.0439999103546143,16.911109924316406,237.0938424161754,-70.16070522465132,1.5287930699319665,1.879664307260464,1.991113101062184
SB68677_component_1310a,239.758929,-70.412442,3.2309999465942383,19.23214340209961,239.7586169244374,-70.412554992916,2.8172302709564767,1.082677145959275,1.1468710882115016
SB68677_component_1311a,244.766703,-69.392673,3.434999942779541,19.741378784179688,244.76614546802796,-69.39276445696639,3.0684406272134312,1.0568013871113002,1.1194611074808367
SB68677_component_1313a,238.151991,-68.179106,2.936000108718872,17.580839157104492,238.1513488239552,-68.17929515828901,2.7324788489555623,1.0143401662569242,1.0744822818449635
SB68677_component_1318a,240.692856,-71.897698,3.2929999828338623,12.151291847229004,240.69312439870745,-71.8977747809903,1.86142026007335,1.670058394282961,1.7690792635426136
SB68677_component_1319a,246.503072,-70.366418,2.5739998817443848,14.624999046325684,246.50346011466343,-70.3663994509962,2.607340813583634,0.9319553044416409,0.9872126682996136
SB68677_component_1324a,241.934845,-71.702516,3.0450000762939453,13.068670272827148,241.9347128824867,-71.7025445050067,1.873300286529004,1.5344907439293036,1.6254735549824515
SB68677_component_1325a,244.773658,-69.687452,3.2170000076293945,19.85802459716797,244.77377290083197,-69.68731870476807,2.7538696210823472,1.1027880503807996,1.1681744055715406
SB68677_component_1327a,248.138147,-67.625888,2.765000104904175,13.04245376586914,248.13793852405246,-67.62614054196514,2.3640705263628035,1.104127148130665,1.1695929009183217
SB68677_component_1330a,248.782566,-68.666013,2.865000009536743,15.65573787689209,248.78264294044973,-68.66604366984872,2.777334521891964,0.9738247322551273,1.0315646123842006
SB68677_component_1338a,241.693054,-70.997806,2.9749999046325684,17.60354995727539,241.69277857919204,-70.9978472933305,2.39309390693388,1.1735769740709834,1.243160536246673
SB68677_component_1339a,238.334902,-69.970016,2.75,14.784945487976074,238.33468654420307,-69.97023253265378,2.850664745422976,0.9106907257500041,0.9646872731756327
SB68677_component_1349a,241.476326,-71.44375,3.0239999294281006,15.507692337036133,241.47595761761914,-71.44346847174096,2.251408204654699,1.2679785216443116,1.3431593272051234
SB68677_component_1350a,246.68831,-71.593689,2.9730000495910645,14.645320892333984,246.68822725876632,-71.59363753601652,2.9800845816213637,0.941782661586771,0.9976227077331997
SB68677_component_1352a,248.3368,-68.352206,2.997999906539917,14.841583251953125,248.33681456690528,-68.3522951028962,2.796749853890047,1.0119576916353958,1.0719585458706462
SB68677_component_1354a,235.701037,-68.20353,2.8259999752044678,15.112298965454102,235.70127646561016,-68.20361903341862,2.681473021299304,0.994908374940155,1.053898343469118
SB68677_component_1355a,237.846068,-68.997256,3.11299991607666,16.38421058654785,237.8461070362013,-68.99738363425531,3.7976083282074375,0.7738437915466994,0.8197264296463325
SB68677_component_1358a,241.167036,-69.054805,2.9769999980926514,17.109195709228516,241.16713716183227,-69.0547654406058,2.99877044141275,0.9371734525470483,0.992740210114302
SB68677_component_1359a,235.596276,-69.781518,3.0810000896453857,18.786584854125977,235.59656829392293,-69.78157445100098,3.6286992376778517,0.8015398192006302,0.8490646063069806
SB68677_component_1363a,249.078819,-70.382826,2.7339999675750732,13.33658504486084,249.07917659503366,-70.38306723442902,2.3926619943660983,1.0787020862603784,1.142660339827652
SB68677_component_1369a,244.790514,-71.678352,3.066999912261963,15.034313201904297,244.79073602728022,-71.67829124357158,3.164208181973312,0.9150252513378151,0.9692788008497195
SB68677_component_1371a,237.220094,-68.579647,2.8459999561309814,15.301074981689453,237.2200655366124,-68.57967945377062,2.782597969073977,0.9655367091147543,1.0227851769323701
SB68677_component_1377a,244.100041,-71.196121,3.0360000133514404,14.73786449432373,244.10008330091785,-71.19637060397321,2.7621269297567443,1.0376299575440457,1.0991529681870251
SB68677_component_1382a,235.508026,-71.483649,2.803999900817871,11.931914329528809,235.50766004099364,-71.48365534919552,2.7179406802086206,0.9739179826667881,1.0316633917862568
SB68677_component_1383a,243.428041,-70.560315,2.750999927520752,17.086956024169922,243.4280395418286,-70.5603472713867,2.392057843706064,1.0856835720672369,1.1500557709167147
SB68677_component_1389a,243.674769,-68.723129,2.8559999465942383,17.204818725585938,243.67506115476397,-68.72326801157591,2.605424836933237,1.034818087062451,1.0961743766732281
SB68677_component_1391a,243.30377,-70.039401,2.865000009536743,18.9735107421875,243.3031364424568,-70.03982859915192,3.533679764385908,0.7653882715754189,0.8107695661648701
SB68677_component_1395a,241.911781,-67.126249,2.9539999961853027,13.488584518432617,241.91154979522662,-67.12619920245477,2.7338590905393128,1.0200435850436123,1.0805238669424482
SB68677_component_1399a,239.507017,-67.612785,2.7660000324249268,16.46428680419922,239.50659751226664,-67.61265442204014,3.0750660960039515,0.8491454574303297,0.8994928713952991
SB68677_component_1401a,233.831838,-71.322013,2.443000078201294,11.859223365783691,233.83159196958317,-71.32221582906634,2.744180761587225,0.840417583614402,0.8902475057030393
SB68677_component_1407a,249.497304,-70.608658,2.566999912261963,13.369791030883789,249.4973488063126,-70.60865627394926,2.0671537030102454,1.1722964474103166,1.241804084777938
SB68677_component_1411a,249.018426,-70.32673,2.944999933242798,15.02550983428955,249.018808343138,-70.32697705553956,2.744430339960531,1.0130186530198686,1.0730824136294714
SB68677_component_1413a,244.506288,-67.231158,2.683000087738037,13.151961326599121,244.50618040731607,-67.23130902285392,1.8751729902764862,1.3507149688319164,1.430801372273627
SB68677_component_1414a,236.725808,-67.685004,2.999000072479248,14.920397758483887,236.72603824793848,-67.68518525047516,2.9248566518999635,0.9679574238025375,1.0253494202976141
SB68677_component_1415a,250.172706,-70.852416,2.7130000591278076,11.39915943145752,250.1728780432803,-70.8524527554857,2.645089319401617,0.9682640915009406,1.025674270894396
SB68677_component_1421a,248.656829,-70.435604,2.7920000553131104,14.244898796081543,248.6571328343195,-70.43588163505218,2.2783480344004863,1.1568571121071332,1.2254493225604945
SB68677_component_1426a,248.246435,-68.655491,2.740000009536743,14.574468612670898,248.2462317878446,-68.65522172319616,1.9729028008415475,1.3110801428659842,1.388816523737504
SB68677_component_1429a,248.232437,-67.27939,2.990000009536743,13.778801918029785,248.23195287099546,-67.27949830233052,3.755236935805151,0.7516544113175899,0.7962213997811738
SB68677_component_1432a,247.993588,-70.001898,2.930999994277954,15.843242645263672,247.9940328685336,-70.00199601531628,3.7513369085497876,0.737588458438519,0.7813214503868798
SB68677_component_1435a,241.27589,-67.604405,2.566999912261963,14.838150024414062,241.2761904580471,-67.60428224632375,2.277140997480827,1.0641927508972333,1.1272907189769115
SB68677_component_1443a,249.397404,-69.822548,2.7909998893737793,13.042055130004883,249.39749584688565,-69.82274171400567,3.7061407642663644,0.710922523319879,0.7530744423643773
SB68677_component_1446a,245.166473,-67.426586,2.9230000972747803,16.421348571777344,245.16603428168088,-67.42678115038336,2.595549721095128,1.0631238026960197,1.1261583908481216
SB68677_component_1448a,246.666971,-67.727599,2.621999979019165,12.728155136108398,246.66654995089985,-67.72749870458763,2.5522079850993724,0.9698419951192941,1.0273457313538947
SB68677_component_1451a,248.676241,-71.431325,2.25600004196167,11.75,248.67549460310846,-71.43100259404656,2.758334970704498,0.7721051738612272,0.8178847260836749
SB68677_component_1452a,238.545255,-67.229501,2.546999931335449,12.304347038269043,238.54572770973664,-67.22954420140549,5.456215730025011,0.44067840083306986,0.46680704307924675
SB68677_component_1455a,234.589862,-69.893155,2.6530001163482666,12.282407760620117,234.5901890231906,-69.89329936912554,3.2234917369472345,0.7769535807199307,0.8230206040052566
SB68677_component_1463a,243.261053,-69.003594,2.259999990463257,12.69662857055664,243.26136344832045,-69.00371047787905,3.1835298030558192,0.670168301555444,0.7099038269702765
SB68677_component_1465a,248.863538,-69.679358,2.4839999675750732,13.5,248.86384064879186,-69.67929538798276,2.5003524255250245,0.9378528957547166,0.993459938773824
SB68677_component_1468a,243.137777,-67.146556,2.7130000591278076,10.89558219909668,243.13838043994585,-67.14662327707491,2.5360805091990586,1.009883163211607,1.0697610147970513
SB68677_component_1472a,242.374453,-67.260241,2.565999984741211,13.721924781799316,242.37441443229213,-67.26034852732136,4.211181006714378,0.5752241425767896,0.6093302521667763
SB68677_component_1487a,249.974818,-70.787006,2.765000104904175,12.127193450927734,249.9745139881635,-70.78708075101217,2.0074156077450653,1.3002959816501598,1.3773929495397845
SB68677_component_1491a,237.902878,-67.296831,2.4700000286102295,13.646409034729004,237.90264729006276,-67.29664877405239,3.1738925704574945,0.7346645773574335,0.7782242069567579
SB68677_component_1498a,244.123885,-70.906016,2.5160000324249268,14.627906799316406,244.1240711775346,-70.90583871761501,1.9047722173189088,1.2469583831447981,1.320892865587026
SB68677_component_1511a,244.388351,-70.644459,2.4719998836517334,14.714284896850586,244.38877968978238,-70.6447732956441,2.1162681803353114,1.1027120203722973,1.168093867602384
SB68677_component_1514a,243.761577,-67.964124,2.5959999561309814,15.452381134033203,243.76141673978213,-67.96421754912346,2.1544666822068206,1.1374943895563918,1.2049385481663137
SB68677_component_1520a,235.347308,-69.325062,2.2269999980926514,11.30456829071045,235.34712024233633,-69.3251287086449,2.2499553066578373,0.9343953965200137,0.989797437976986
SB68677_component_1528a,241.471422,-70.276157,2.131999969482422,12.999999046325684,241.4715653696029,-70.27558063812637,2.1066738849042244,0.955375824343845,1.0120218343995606
SB68677_component_1531a,247.042765,-69.501307,2.308000087738037,12.612022399902344,247.04313420286,-69.50116655330598,2.451110438694085,0.8889090059718456,0.9416140747079944
SB68677_component_1546a,239.148542,-68.750298,2.3010001182556152,13.535294532775879,239.14879481034117,-68.75030470870699,2.67947472023739,0.810683514856175,0.8587504486893448
SB68677_component_1549a,234.360803,-69.716769,2.569000005722046,12.655172348022461,234.3607694082269,-69.71682854448123,2.177405163120608,1.1138051499895842,1.1798447295129093
SB68677_component_1556a,243.474144,-67.244376,2.4749999046325684,12.823833465576172,243.4737788774086,-67.24483294383967,2.100425653549622,1.1123776065643365,1.1783325443821033
SB68677_component_1567a,242.51774,-69.556879,2.25,14.516128540039062,242.51809017677783,-69.55652279354643,2.450937682461816,0.8666317860193016,0.9180159969387771
SB68677_component_1573a,237.511101,-71.534453,2.4709999561309814,13.576923370361328,237.51154855473388,-71.53487697204282,2.916713931075148,0.79976660633984,0.8471862563566975
SB68677_component_1585a,245.587557,-70.587503,2.2160000801086426,12.662858009338379,245.58719815255262,-70.58798377967568,2.4718973854642865,0.8462987480225511,0.8964773752905686
SB68677_component_1595a,245.597032,-71.307355,1.9809999465942383,11.005555152893066,245.59744439190192,-71.30718451655606,2.834385197458254,0.6597964239945209,0.6989169814923913
SB68677_component_1602a,238.226757,-71.012547,2.302000045776367,14.662420272827148,238.22702220739495,-71.01298443751506,2.8845955956458296,0.7533638149894007,0.7980321571769489
SB68677_component_1612a,236.624157,-71.064002,2.441999912261963,12.989361763000488,236.6234295565428,-71.06434084002687,2.569889105135164,0.8970478829250553,0.9502355208177456
SB68677_component_1613a,238.149248,-67.944058,2.2829999923706055,12.754189491271973,238.14987870293905,-67.94405838250266,2.552501227757608,0.8443535140688101,0.8944168047966969
SB68677_component_1630a,243.22981,-69.17022,2.3499999046325684,13.9880952835083,243.22987089807293,-69.17008952459508,1.3655230347513885,1.624625175575624,1.7209522247718194
SB68677_component_1652a,239.24811,-71.21481,2.2980000972747803,13.843374252319336,239.24862388093177,-71.21465398095998,1.1651803410517854,1.861835294729877,1.9722269732086457
SB68677_component_1656a,234.086331,-70.954685,2.369999885559082,10.772727012634277,234.08605542346393,-70.95449197688905,1.5217962591105887,1.470199184991737,1.5573700299041506
SB68677_component_1658a,245.305757,-70.546316,2.009999990463257,12.5625,245.30557209671656,-70.5464025236213,2.6184748731176994,0.7246561951740789,0.7676224091736427
SB68677_component_1659a,243.007361,-68.562958,2.0980000495910645,12.7151517868042,243.0078358556414,-68.56311474980669,3.941827425977152,0.5024493075842371,0.5322404618134657
SB68677_component_1672a,243.073308,-67.60855,1.9850000143051147,12.484277725219727,243.07383455087594,-67.60883281182859,2.9368594294283787,0.6380602933212978,0.6758920751925362
SB68677_component_1683a,238.82208,-70.796719,2.128000020980835,12.896968841552734,238.82262421434143,-70.79672266403915,1.6042398731470668,1.2522374453462457,1.3264849332078363
SB68677_component_1719a,243.519641,-69.464711,2.0789999961853027,12.524096488952637,243.5191978439931,-69.46498220855992,2.2719388959623266,0.8638576957203709,0.9150774256649624
SB68677_component_1720a,242.941231,-70.375438,1.746000051498413,10.912500381469727,242.94167522875122,-70.37552627009441,2.1463975566307454,0.767924372833409,0.8134560375847397
SB68677_component_1721a,238.980027,-67.961559,1.878999948501587,11.184523582458496,238.9799265135759,-67.96159327844158,2.2768159088946414,0.7790820811015109,0.8252753071344323
SB68677_component_1723a,239.49925,-71.236204,2.119999885559082,12.470587730407715,239.49935716579932,-71.23648927195676,2.6216853842075074,0.7633779818016487,0.8086400825703666
SB68677_component_1740a,237.787631,-69.283073,1.9780000448226929,12.362500190734863,237.78763678520008,-69.28352750957727,2.503274342852395,0.7459371102890477,0.7901651093378881
SB68677_component_1741a,236.382329,-70.74136,2.063999891281128,12.141175270080566,236.38205237669936,-70.74146779878613,1.8889803919141515,1.0314937124019286,1.0926528936542452
SB68677_component_1770a,237.299358,-70.72762,2.121000051498413,12.476470947265625,237.29838088773363,-70.72808242146242,1.8912618837501116,1.0587011234454538,1.1214734827166095
SB68677_component_1780a,246.950625,-69.608463,2.075000047683716,12.808642387390137,246.94963913648613,-69.60903621614767,1.63161435406681,1.200563010284435,1.2717466247534315
SB68677_component_1802a,238.86281,-69.776795,2.0160000324249268,12.218181610107422,238.86226563727513,-69.7771416561051,2.8053752151917983,0.6783970391396268,0.7186204617149926
SB68677_component_1812a,244.156259,-69.207491,1.7860000133514404,10.323699951171875,244.1557823180395,-69.20764675584451,2.7061487681957046,0.6230374534122995,0.6599785031560688
SB68677_component_1824a,248.299779,-69.713564,1.9279999732971191,11.209301948547363,248.30002232871325,-69.71367440713261,1.9063159834064975,0.9547650197649972,1.0113748140808605
SB68677_component_1827a,238.000303,-68.261351,1.7869999408721924,10.896340370178223,237.99974437409733,-68.26113505625354,1.8797403470578666,0.8974516071855121,0.9506631826407144
SB68677_component_1863a,239.174954,-69.011672,2.006999969482422,10.907608032226562,239.17395288443714,-69.011935118551,1.9488206334727898,0.9722095023498482,1.0298536124927806
SB68677_component_1877a,239.895385,-67.380622,1.9049999713897705,10.524862289428711,239.89417693907933,-67.38061203534055,2.001157442162631,0.8986655219765819,0.9519490726981761
SB68677_component_1883a,239.459782,-71.108576,1.9520000219345093,11.02824878692627,239.45930790777004,-71.10933732306931,2.1644742389531983,0.8513570989541995,0.9018356452597709
SB68677_component_1884a,238.778771,-69.409722,2.0239999294281006,12.810125350952148,238.77858330208105,-69.40974224759364,1.956236125568033,0.9767278768510153,1.0346398898243385
SB68677_component_1911a,243.736612,-67.909122,1.8179999589920044,10.213482856750488,243.7369855091825,-67.90899272418119,1.9367204637837863,0.8861582651338439,0.9387002373280878
SB68677_component_1917a,238.733482,-69.574625,1.656000018119812,10.222222328186035,238.7325761768926,-69.57477054950573,1.8201368686397403,0.8588961483637743,0.9098216989348751
SB68677_component_2026a,247.676359,-69.56026,1.7209999561309814,10.064327239990234,247.67554846487226,-69.5606744601993,1.2570487279648477,1.2924480961787932,1.3690797483382107
SB68677_component_2184a,238.427466,-70.637772,1.5779999494552612,10.050954818725586,238.4269624767403,-70.63814440705104,1.9885856540976803,0.7491125065217783,0.7935287807209279
