Component_ID,RA,DEC,RA_comp,DEC_comp
SB66778_component_190a,72.627726,46.350141,72.628341,46.349943
