Component_ID,RA,DEC,RA_comp,DEC_comp
SB66849_component_3a,165.559527,27.952097,165.559535,27.952414
SB66849_component_21a,166.530218,28.212778,166.530257,28.213074
