Component_ID,RA,DEC,RA_comp,DEC_comp
SB67282_component_2a,112.777858,-23.696498,112.777783,-23.696631
SB67282_component_3a,115.061335,-24.74341,115.061319,-24.743523
