Component_ID,RA,DEC,RA_comp,DEC_comp
SB67298_component_11a,180.434514,14.52667,180.434454,14.526792
SB67298_component_21a,181.802566,12.195949,181.802602,12.196068
