Component_ID,RA,DEC,RA_comp,DEC_comp
SB67311_component_9a,293.720007,-24.273621,293.720203,-24.273432
SB67311_component_89a,299.703022,-20.879586,299.703222,-20.879726
