Component_ID,RA,DEC,RA_comp,DEC_comp
SB67346_component_3a,197.782628,14.296262,197.782601,14.296291
