Component_ID,RA,DEC,RA_comp,DEC_comp
SB66887_component_19a,143.846968,24.086879,143.846973,24.086756
