Component_ID,RA,DEC,RA_comp,DEC_comp
SB66836_component_27a,102.637059,-28.821591,102.637199,-28.821626
