Component_ID,RA,DEC,ASKAP_flux,ASKAP_flux_SNR,RA_comp,DEC_comp,Comp_flux,Flux_Ratio_AlphaCorr,Flux_Ratio_NOAlphaCorr
SB68301_component_11a,202.279732,-62.436795,371.4519958496094,1125.612060546875,202.2796497727546,-62.43673309975097,367.50786133632533,0.954158289110352,1.0107321092369084
SB68301_component_21a,202.778635,-58.200075,248.22999572753906,855.9655151367188,202.77855628792432,-58.20003943061366,249.86472999941464,0.9378506151133408,0.9934575229089779
SB68301_component_27a,205.88847,-61.075028,209.1929931640625,804.5884399414062,205.8884175830266,-61.075036345096386,206.68078557386457,0.9555015483168317,1.0121550127808088
SB68301_component_35a,199.265273,-62.472064,170.68299865722656,292.2654113769531,199.2653701142147,-62.47203227191204,165.93360677427071,0.9710470556868694,1.0286222422044784
SB68301_component_40a,200.092051,-58.461503,143.9810028076172,244.03561401367188,200.0919985604245,-58.46147682704987,147.04492372328758,0.9243565488222993,0.9791633683224853
SB68301_component_41a,210.303344,-61.044233,151.0780029296875,422.0055847167969,210.30335131177713,-61.04426438644524,144.5367867869466,0.986750157759572,1.045256410413931
SB68301_component_45a,205.23359,-59.821151,127.86399841308594,581.2000122070312,205.23357735440226,-59.82120201133995,125.8717731326783,0.9589683984373165,1.0158274188948437
SB68301_component_46a,204.06411,-62.258716,122.75199890136719,533.704345703125,204.06405811011413,-62.25869658129988,121.34675753092482,0.9549590780146011,1.0115803784051194
SB68301_component_51a,206.384425,-59.998196,115.2229995727539,418.9927062988281,206.38447876423697,-59.99822744150376,112.97385925937616,0.9628210507131129,1.0199085020917447
SB68301_component_52a,201.435022,-60.025004,116.81199645996094,545.8504638671875,201.43504076901698,-60.02498183486906,96.1252886154659,1.1471868355586796,1.2152056773244027
SB68301_component_53a,211.367126,-62.520899,113.97000122070312,189.31893920898438,211.36718447981434,-62.52087713359185,122.49616058956299,0.8783193303421117,0.930396517508596
SB68301_component_57a,208.132624,-59.882464,116.22699737548828,496.6965637207031,208.132552980001,-59.88244859123456,119.32007359072183,0.9195553396511659,0.9740774865271784
SB68301_component_65a,207.584214,-60.962032,99.6050033569336,450.7013854980469,207.58417011940188,-60.96199951224978,98.27281057582597,0.9568241809490948,1.0135560667625327
SB68301_component_69a,205.023342,-59.397905,93.78800201416016,416.8355712890625,205.0233434366777,-59.39795902559991,91.76334344458242,0.9648558180417043,1.0220639145608341
SB68301_component_70a,203.472189,-60.620533,99.86199951171875,475.5333557128906,203.4721214027745,-60.620616834823025,99.85108963118992,0.9441300352112052,1.0001092615070013
SB68301_component_71a,200.916207,-60.811299,91.34300231933594,392.0300598144531,200.91621493078864,-60.811407616164914,90.87253467296411,0.9489143299378482,1.005177225968935
SB68301_component_73a,203.836397,-62.495508,89.53700256347656,336.6052551269531,203.83640048269524,-62.49551576786441,85.35013426345652,0.9903363216305997,1.0490552046127557
SB68301_component_77a,209.230132,-57.731809,86.63899993896484,209.27294921875,209.23004644150657,-57.73180765070445,91.19791868038214,0.8968356602596648,0.9500107150756941
SB68301_component_82a,201.687891,-61.212882,82.59400177001953,278.09429931640625,201.6880612294817,-61.21272045106078,52.0857745419278,1.4969722397458427,1.5857305088845965
SB68301_component_85a,199.322606,-58.901757,75.06099700927734,112.19879150390625,199.32264933944444,-58.90172922388884,70.96790029464505,0.9984739470737112,1.0576753250080466
SB68301_component_86a,203.652476,-58.051357,72.9530029296875,303.9708557128906,203.65234844499653,-58.05135223010875,50.681378446285905,1.3588737824458996,1.4394439371258603
SB68301_component_87a,212.695512,-61.288837,70.23500061035156,73.39080047607422,212.6953667944232,-61.28888196472748,62.77401740437795,1.056228864990867,1.1188546394587335
SB68301_component_88a,206.093418,-57.719501,71.33999633789062,131.6236114501953,206.093430558444,-57.71960730498116,80.88521881165141,0.8326227686945759,0.8819905217047418
SB68301_component_89a,208.282397,-61.013583,71.55799865722656,316.6283264160156,208.28246471969217,-61.01354006037291,69.09876120325835,0.9776249777636442,1.03559018151909
SB68301_component_90a,205.061469,-62.760307,67.12799835205078,174.8125,205.06143949818303,-62.7603898430981,67.01942131750796,0.9455562914580531,1.0016200831402053
SB68301_component_91a,208.648556,-57.502689,69.18199920654297,98.83142852783203,208.6484680129092,-57.50264671259028,66.68951423179011,0.9793093901863852,1.0373744658881427
SB68301_component_92a,207.117916,-60.731673,67.59400177001953,272.55645751953125,207.11788049284274,-60.731681923546866,64.84073944321169,0.9841120841882662,1.0424619205525745
SB68301_component_94a,203.030862,-61.934263,68.46199798583984,342.30999755859375,203.03080973325612,-61.93418035895202,68.56260764406679,0.9426416121295424,0.9985325870516879
SB68301_component_95a,212.189724,-59.353178,68.22699737548828,82.4993896484375,212.1894946972788,-59.35307359719259,70.20699753649924,0.9174031416558457,0.9717976807086559
SB68301_component_99a,199.235603,-61.233832,67.08399963378906,68.3832778930664,199.2355236758326,-61.23394990847332,56.94540036019987,1.1121021031186,1.1780407058245084
SB68301_component_100a,209.044574,-59.060811,62.82899856567383,306.48291015625,209.0445681289542,-59.060828279783706,66.24254917378867,0.8953801570215896,0.9484689123427402
SB68301_component_103a,205.713948,-63.054335,63.9370002746582,83.46867370605469,205.7140240531631,-63.054419788354586,65.0663164630853,0.9276419931006094,0.9826436127044659
SB68301_component_106a,212.170547,-58.401998,56.332000732421875,69.5456771850586,212.17061888747804,-58.40186241618095,51.01512570880885,1.0424148267172146,1.104221541155488
SB68301_component_109a,202.387507,-60.820923,60.29899978637695,297.0394287109375,202.38751494374424,-60.82101290827121,60.60914957479945,0.9391961049157046,0.9948827893049426
SB68301_component_110a,207.910631,-58.587639,57.347999572753906,285.31341552734375,207.91040864069845,-58.58754989261262,61.21832385072987,0.8843439389584479,0.9367783363782866
SB68301_component_111a,210.883145,-61.376097,54.499000549316406,139.74102783203125,210.8831162130586,-61.37608595873128,55.19152923491712,0.9321814901263807,0.9874522649544093
SB68301_component_113a,210.639527,-60.761569,53.974998474121094,171.8948974609375,210.63936679861825,-60.76158614057059,52.612152701999264,0.9684806132924335,1.0259036306657348
SB68301_component_121a,209.621415,-58.236653,49.832000732421875,207.6333465576172,209.62143793096553,-58.236591169138634,48.97548354260546,0.9605366857401577,1.0174886928695925
SB68301_component_122a,201.928284,-61.856712,47.742000579833984,200.5966339111328,201.92828734528914,-61.85666783896988,46.729899816113054,0.9644731206138817,1.021658526290526
SB68301_component_124a,199.653254,-61.999751,48.99800109863281,159.0844268798828,199.65325860900282,-61.99970400097845,48.02835463863955,0.9630858877532148,1.0201890418126707
SB68301_component_127a,202.420496,-59.027244,49.53900146484375,269.23370361328125,202.42045402851974,-59.02725370682539,49.894700991008655,0.9372969178789562,0.99287099593544
SB68301_component_128a,200.773823,-57.824966,47.547000885009766,78.46039581298828,200.77384930014955,-57.82497837322842,48.630438799101064,0.9229949071960544,0.977720992430952
SB68301_component_133a,202.849524,-60.990892,47.16899871826172,225.68898010253906,202.84959244423,-60.990969428963915,48.298448110752915,0.9219510124736368,0.9766152032483267
SB68301_component_134a,200.465321,-57.87278,45.689998626708984,63.19501876831055,200.46526572688458,-57.87284091841546,53.92765965836138,0.7998230880775833,0.8472460870017533
SB68301_component_141a,210.177214,-61.405018,41.99700164794922,131.65203857421875,210.17723975186667,-61.405051830074264,39.54259151258189,1.0026226737737012,1.0620700374325838
SB68301_component_142a,204.459527,-60.682048,43.23899841308594,244.2881317138672,204.45942687573174,-60.68211197846855,42.72424599297921,0.9554007618962743,1.0120482505458683
SB68301_component_145a,199.198255,-60.325779,41.17300033569336,61.17831039428711,199.1984220236855,-60.32586849526043,36.630478440936066,1.0610950522330578,1.1240093519958188
SB68301_component_146a,211.661372,-61.973252,42.198001861572266,70.09635162353516,211.6612776848805,-61.97314252587734,43.5482930314983,0.9147556807315113,0.9689932469006449
SB68301_component_152a,203.286367,-62.535596,42.71500015258789,137.7903289794922,203.28636014362846,-62.535612870367856,42.152620484117804,0.9566216349565951,1.0133415114413107
SB68301_component_153a,202.440859,-58.724651,41.518001556396484,212.912841796875,202.44091924993444,-58.72459605504987,38.4974599082558,1.0180959979498543,1.0784608037865098
SB68301_component_154a,202.391272,-58.888666,39.7400016784668,206.9791717529297,202.3911533549584,-58.888695771897474,38.2563940218824,0.9806368615985364,1.0387806455500166
SB68301_component_156a,208.794895,-60.91943,40.43299865722656,186.3271942138672,208.79479097536526,-60.91943807020776,38.87025198290173,0.981980718023528,1.0402041817226257
SB68301_component_157a,201.137139,-62.458526,41.3120002746582,135.0065460205078,201.1371473315918,-62.4584519210987,39.62504040191235,0.9842170183057789,1.0425730764091394
SB68301_component_160a,201.045644,-61.221149,37.65800094604492,158.22689819335938,201.04567359465295,-61.22118948513526,37.57746643910053,0.9460500896762388,1.002143159573435
SB68301_component_161a,202.195464,-59.501715,38.9370002746582,194.68499755859375,202.19545244584523,-59.50173857881559,39.006484688085266,0.9423452419821304,0.9982186445668536
SB68301_component_162a,199.022426,-61.027847,38.02199935913086,40.234920501708984,199.02273654970628,-61.0279116935493,28.485170923918652,1.2600868669541054,1.334799761626294
SB68301_component_164a,204.144299,-58.363505,36.529998779296875,180.84156799316406,204.1442037680501,-58.36351849822932,35.98668255413272,0.9582795264864729,1.0150977024444217
SB68301_component_166a,201.33816,-61.341836,35.183998107910156,90.44729614257812,201.33820533984795,-61.341718412000276,38.52516349054833,0.8621544279491068,0.9132731679786931
SB68301_component_168a,199.362699,-61.097314,39.077999114990234,60.2126350402832,199.36283531267605,-61.09739023071748,33.374618380716775,1.105351423890134,1.1708897662652755
SB68301_component_169a,201.033332,-58.192657,33.65999984741211,112.95301818847656,201.03338042846877,-58.192620748369364,33.94987527058466,0.9359664711653922,0.9914616645609974
SB68301_component_176a,206.132585,-58.527707,35.154998779296875,169.01441955566406,206.13255631099906,-58.527660474534464,35.382950286975436,0.9379450802063287,0.993557589013077
SB68301_component_177a,207.56576,-61.117105,34.137001037597656,157.31336975097656,207.5657362267542,-61.11706659075207,34.40272031720032,0.9367354269138485,0.9922762131263844
SB68301_component_178a,209.516301,-62.647952,34.86199951171875,91.50130462646484,209.51638700115305,-62.648004577341396,34.97971351460201,0.9408500428096429,0.9966347922536838
SB68301_component_181a,209.81368,-58.0372,33.861000061035156,118.81053161621094,209.81367043763998,-58.03719226127633,34.0529531953491,0.9387055030609681,0.9943630987534979
SB68301_component_183a,204.301719,-59.503498,31.798999786376953,170.9623565673828,204.3017070748292,-59.5035605441312,27.699455488621545,1.0837437171656201,1.1480008984089751
SB68301_component_185a,212.738693,-59.633481,32.891998291015625,28.55208396911621,212.738377671933,-59.63348841802048,38.120202282419825,0.814553149616597,0.8628495212939798
SB68301_component_186a,211.897431,-62.196256,32.14799880981445,40.18499755859375,211.89725924415427,-62.19620807141602,31.654632128315846,0.9587404204915038,1.0155859237124818
SB68301_component_191a,205.986647,-61.500542,31.910999298095703,144.39366149902344,205.98667405143385,-61.500447436218444,31.75002645253116,0.9488131120270017,1.0050700066598437
SB68301_component_192a,202.062366,-61.649978,30.034000396728516,139.69302368164062,202.0623735774579,-61.649970569851874,29.975211900496017,0.9458783499245831,1.00196123705239
SB68301_component_193a,205.650542,-61.374602,30.841999053955078,119.0810775756836,205.65061167414896,-61.37461400406455,29.911787127837098,0.9733847163887523,1.0310985071584804
SB68301_component_199a,199.892711,-59.126049,29.461999893188477,88.740966796875,199.8927605020954,-59.126047321972806,31.312640853944586,0.8882329741753155,0.9408979597285236
SB68301_component_202a,204.761789,-60.613058,29.70400047302246,159.6989288330078,204.7617427566806,-60.61317799594122,31.680100697252364,0.8851416047434147,0.9376232972516627
SB68301_component_203a,206.266821,-59.549572,28.610000610351562,138.8834991455078,206.2668374333749,-59.549573459250546,27.474872965017095,0.9830294726609039,1.0413151189736087
SB68301_component_208a,210.711133,-59.4651,26.614999771118164,111.82772827148438,210.71104515931566,-59.465033692031795,26.74143196030747,0.9395635762096307,0.9952720486555481
SB68301_component_209a,204.506337,-60.082511,27.540000915527344,144.18849182128906,204.50626161977826,-60.082581459191644,26.593132090971064,0.9776396894398877,1.0356057654779882
SB68301_component_210a,207.498574,-58.678486,26.716999053955078,133.58499145507812,207.49835277613386,-58.678355043624876,25.54101775244385,0.9874925798083501,1.0460428520472214
SB68301_component_211a,203.279026,-61.261713,26.743000030517578,129.8203887939453,203.27899895938242,-61.26167475316567,26.7304261934613,0.9444709541703152,1.0004703941854602
SB68301_component_218a,206.334468,-59.056642,25.367000579833984,134.9308624267578,206.3343804465789,-59.056543502626404,25.92673900366498,0.9236460724070577,0.9784107664387769
SB68301_component_225a,205.492263,-59.330936,25.009000778198242,124.42288970947266,205.4922054189587,-59.3309397547829,24.70441756583989,0.9556658904825133,1.0123290990992444
SB68301_component_228a,208.722724,-62.593037,26.88599967956543,87.29220581054688,208.72279249679292,-62.5930586983738,26.513007219511458,0.9573077258288741,1.014068281917846
SB68301_component_230a,204.355842,-57.807407,25.722000122070312,64.79093170166016,204.35579043575464,-57.80748307852849,23.66929602309831,1.025896999258495,1.0867243409761245
SB68301_component_233a,210.409866,-62.78657,25.996000289916992,56.14686965942383,210.40982616415528,-62.786522530124586,25.886790591818695,0.948009495567358,1.0042187422852182
SB68301_component_234a,210.45205,-60.133437,25.167999267578125,113.8823471069336,210.45200576369967,-60.133433257007,27.48386246503361,0.8644806781247821,0.9157373458551596
SB68301_component_235a,199.752408,-62.184788,24.520999908447266,83.12203979492188,199.75241898665314,-62.18476202320521,23.796117362511627,0.9727840435548374,1.0304622193147197
SB68301_component_236a,211.025786,-57.77691,26.106000900268555,66.76726531982422,211.02577222056914,-57.776918670067886,25.955355349324343,0.9495060457907724,1.005804025755638
SB68301_component_238a,201.185411,-62.416521,23.740999221801758,86.64598846435547,201.1854393947728,-62.41641997914781,22.400299822222124,1.0005286458096223,1.0598518506546772
SB68301_component_240a,210.185288,-61.890258,24.900999069213867,73.67159271240234,210.18525460592605,-61.89019916936489,24.33984007450504,0.9657915837807616,1.0230551635915068
SB68301_component_241a,199.76929,-59.676751,25.5,33.203125,199.76932439183614,-59.6765161352895,27.063683336003663,0.8894829791311564,0.9422220798037698
SB68301_component_244a,204.031429,-62.667111,25.059999465942383,86.11683654785156,204.03131650093925,-62.667151791711134,26.48869304916576,0.8931098752420483,0.9460640213327409
SB68301_component_245a,207.042956,-59.970866,23.302000045776367,97.09166717529297,207.04294921276454,-59.97089213921361,22.734275349805593,0.9676013104349271,1.0249721923059065
SB68301_component_247a,206.807751,-62.546034,25.264999389648438,88.03135681152344,206.80770869711696,-62.54596616414088,23.099221266812055,1.0325386518132895,1.0937597894673652
SB68301_component_249a,209.652566,-59.799702,23.384000778198242,111.35238647460938,209.65262110489084,-59.79967872073304,23.312707787946366,0.9469138341806747,1.0030581170964936
SB68301_component_250a,201.822288,-62.379129,24.150999069213867,97.77732849121094,201.82215906615758,-62.37907803731427,20.24108057956299,1.126382182900284,1.1931674781038442
SB68301_component_251a,211.321139,-60.165653,24.055999755859375,85.9142837524414,211.32088180862257,-60.1656112432443,23.576473017949,0.963227646641529,1.0203392058492087
SB68301_component_256a,211.105625,-61.257345,23.128999710083008,53.78837203979492,211.10555495697304,-61.25743734896643,23.130100556839388,0.9439819596907242,0.9999524063134237
SB68301_component_257a,203.854271,-57.653723,21.209999084472656,36.3184928894043,203.85408940698673,-57.653783949087035,22.569946205686804,0.887144757796178,0.9397452209756932
SB68301_component_263a,211.300454,-61.118015,22.79599952697754,64.2140884399414,211.3003827565609,-61.11798877958357,21.800052712522167,0.9871552517896993,1.0456855232227622
SB68301_component_267a,203.47099,-59.928375,20.764999389648438,116.65729522705078,203.47089643974317,-59.9284344710211,20.256477135686957,0.9677259106366533,1.0251041802854055
SB68301_component_269a,208.460536,-59.443909,23.329999923706055,117.82828521728516,208.46037779906362,-59.44389229962803,24.103285401107094,0.9137404669703075,0.9679178392267835
SB68301_component_271a,207.592048,-59.484753,20.722000122070312,105.72449493408203,207.5920868147456,-59.48478284992266,20.61879579258432,0.9487520762313449,1.0050053519383082
SB68301_component_272a,205.819771,-59.124676,22.30500030517578,121.88524627685547,205.81976186296743,-59.124583955449914,21.994748248000715,0.9573430811290141,1.0141057334995078
SB68301_component_273a,208.500234,-59.13884,20.80900001525879,108.38021087646484,208.50025048800117,-59.13880698856071,20.737904479564204,0.9472632866791504,1.0034282892837434
SB68301_component_274a,199.303628,-58.550013,22.547000885009766,23.24432945251465,199.30360942038277,-58.55006249859092,19.255171465807916,1.10541602544598,1.1709581981675554
SB68301_component_275a,208.36109,-60.084986,20.253999710083008,106.5999984741211,208.3609152200718,-60.085001480133,20.733341319632775,0.9222015906489637,0.9768806386698573
SB68301_component_282a,204.132522,-63.049286,20.97800064086914,29.75602912902832,204.13255396503504,-63.04935749304532,15.519979682706866,1.2760194984739592,1.3516770685108481
SB68301_component_283a,209.861879,-61.259717,21.591999053955078,77.66905975341797,209.8618096118522,-61.2598039269485,18.128695350940024,1.1243736688423798,1.1910398755107037
SB68301_component_289a,211.960751,-60.769208,20.698999404907227,25.77708625793457,211.96035568917034,-60.76922111970234,18.295625166406555,1.0680374048111712,1.131363329574199
SB68301_component_292a,201.186064,-57.726496,19.065000534057617,33.3887939453125,201.1862196670999,-57.72651906407993,21.20379749354482,0.8488042368947061,0.8991314192592942
SB68301_component_293a,201.948213,-62.144485,18.860000610351562,86.51376342773438,201.94824233986975,-62.14427220906364,18.576923119883407,0.9584120898587373,1.0152381257456553
SB68301_component_298a,211.15916,-57.91765,18.42799949645996,54.68248748779297,211.15929308660034,-57.9176161930023,18.72140010178462,0.9292321593535737,0.9843280628729957
SB68301_component_300a,205.961691,-58.11313,18.511999130249023,69.33333587646484,205.96168436576227,-58.11319832731458,15.66940747748783,1.1152830750498064,1.1814102834995601
SB68301_component_312a,201.742514,-58.991416,18.41200065612793,102.86033630371094,201.7424046140367,-58.991464226001824,16.66600696559284,1.0429267036258212,1.1047637681983282
SB68301_component_315a,205.679385,-61.677422,18.32900047302246,81.46222686767578,205.67928053228385,-61.677377959171984,18.291516397956297,0.9459614460661343,1.0020492601187703
SB68301_component_317a,209.091935,-59.31213,19.232999801635742,96.16500091552734,209.09198640574402,-59.31208781233066,18.245481176935666,0.9951214111976966,1.0541240110427128
SB68301_component_322a,201.262009,-61.464888,17.915000915527344,53.96084976196289,201.2621884122663,-61.46490118948345,16.221214705154903,1.0426002550042788,1.1044179638306726
SB68301_component_326a,208.380389,-60.714428,17.768999099731445,91.12307739257812,208.38017666367654,-60.71437119113541,18.086485789816006,0.9274556231097562,0.9824461924901228
SB68301_component_328a,208.514967,-60.590902,17.19300079345703,85.96500396728516,208.51489180701282,-60.590880794638764,17.057539056026197,0.9515238397151707,1.0079414584358215
SB68301_component_331a,209.849031,-62.474729,18.243000030517578,58.848384857177734,209.84886371713742,-62.47460514246533,17.9357180550323,0.96020033987406,1.0171324044313388
SB68301_component_333a,204.884297,-62.655829,18.055999755859375,64.71684265136719,204.88417792897945,-62.65588776580641,17.389844068818498,0.9801898865376604,1.038307168506206
SB68301_component_336a,205.914087,-62.021544,17.525999069213867,70.9554672241211,205.91402298394038,-62.02152343522714,16.954491332635726,0.9758484675547792,1.0337083387148305
SB68301_component_337a,207.39745,-58.684796,17.606000900268555,89.37056732177734,207.39716000631572,-58.68461273377934,17.834083437267655,0.9319536001558312,0.9872108629635276
SB68301_component_341a,204.516689,-58.828691,16.208999633789062,79.8472900390625,204.51665370200752,-58.82883339692387,17.680793056026424,0.8654437307340245,0.9167574996453167
SB68301_component_346a,208.626301,-60.49588,17.016000747680664,87.26154327392578,208.62634565733316,-60.495837724101236,16.971611739706344,0.9464959782493634,1.0026154857096141
SB68301_component_348a,203.256485,-60.997568,16.415000915527344,84.6134033203125,203.25637721471006,-60.99760903664308,18.020242430328103,0.8599330621588972,0.9109200932780386
SB68301_component_351a,202.875746,-60.310842,16.599000930786133,88.29256439208984,202.8757374925665,-60.310879033139024,15.530008946885077,1.0090079966861174,1.0688339580200608
SB68301_component_352a,208.151243,-60.865158,16.013999938964844,78.11707305908203,208.1511308665178,-60.86506734540617,14.8355836495981,1.019012592053455,1.079431744459792
SB68301_component_353a,202.942777,-62.789049,15.621999740600586,29.927202224731445,202.9428038129157,-62.789109401929224,15.932603925965374,0.9256231994481773,0.9805051210205133
SB68301_component_354a,202.059945,-59.498966,16.507999420166016,86.88420867919922,202.05994500641657,-59.4989494616178,16.824587868046233,0.9262631254468475,0.9811829894221961
SB68301_component_355a,208.566253,-62.884411,15.680999755859375,32.46583557128906,208.56629547446747,-62.88447735206184,16.41493856322413,0.9018178999181715,0.9552883609927688
SB68301_component_358a,203.956722,-58.085907,16.266000747680664,73.27027130126953,203.95663165770037,-58.08588506807312,15.873335015474725,0.9673797014939732,1.0247374437585508
SB68301_component_359a,201.372831,-61.660927,16.434999465942383,58.69642639160156,201.3728518973899,-61.66079507088061,18.27442875106718,0.8490050022708766,0.899344088388132
SB68301_component_360a,204.245765,-60.674501,16.006999969482422,86.52432250976562,204.24578959514352,-60.67466327023236,14.986685102585364,1.0082975845925752,1.0680814242718053
SB68301_component_361a,205.210459,-61.522297,16.464000701904297,74.83636474609375,205.2104448539391,-61.52226426970904,15.012973738283403,1.0352685377873772,1.0966515354596766
SB68301_component_362a,206.128326,-61.095484,15.050999641418457,76.79081726074219,206.12826358695247,-61.0955418905139,15.487071373416951,0.9174457863219451,0.9718428538563465
SB68301_component_364a,203.96643,-61.249996,15.697999954223633,81.33678436279297,203.966382236336,-61.2498899982265,15.90395529912269,0.9318017932036848,0.9870500550947588
SB68301_component_365a,204.741082,-60.927181,15.690999984741211,80.88143920898438,204.74096351286468,-60.927305194124514,14.165894155327251,1.0456612018216165,1.1076603998795533
SB68301_component_368a,207.628932,-60.480402,14.663999557495117,64.88495635986328,207.62897538459526,-60.48034948202882,13.599143222846065,1.0179472090068669,1.0783031928702782
SB68301_component_369a,207.431241,-62.400423,16.965999603271484,67.32539367675781,207.43114767409114,-62.40035447246353,16.350895288642178,0.979540236083807,1.0376189990683002
SB68301_component_370a,203.726975,-62.132173,15.08899974822998,73.96568298339844,203.72666869338164,-62.13219123154764,15.458445739151488,0.9214653100966299,0.9761007026737614
SB68301_component_371a,208.781225,-60.156504,14.859999656677246,77.8010482788086,208.78114948258983,-60.15652422132561,15.698387673236853,0.8936101938960075,0.9465940048105119
SB68301_component_373a,203.37183,-58.632781,14.798999786376953,81.76243591308594,203.37167100184317,-58.63280643122803,13.874701473285816,1.0069156270944475,1.0666175279425485
SB68301_component_374a,208.484921,-62.410619,14.6899995803833,58.06324005126953,208.48480778515642,-62.41069657598452,14.070972807642306,0.9855576298022979,1.0439931752554297
SB68301_component_375a,201.209422,-61.677884,14.152000427246094,58.479339599609375,201.20942019800302,-61.67803065955779,14.886334483993132,0.8974586024945479,0.9506705927146373
SB68301_component_376a,208.633113,-60.980609,16.121000289916992,74.29032897949219,208.6330784631472,-60.980626528903436,15.96809193569456,0.9530667670981224,1.00957586885385
SB68301_component_378a,207.063893,-63.096958,15.730999946594238,15.4225492477417,207.06368743245903,-63.09694753554188,18.25338493404325,0.8135744137628549,0.8618127543705787
SB68301_component_379a,204.298975,-59.077495,14.22700023651123,84.18343353271484,204.29895394521228,-59.0775862493141,13.44660783448915,0.9988147898884621,1.0580363770274057
SB68301_component_380a,209.639191,-62.737715,15.53600025177002,37.80048751831055,209.6390145879537,-62.73781275572789,15.462665042212407,0.9485041518730692,1.0047427276835792
SB68301_component_382a,199.319915,-60.392956,14.465999603271484,31.58515167236328,199.3199369165342,-60.39316232939713,12.508905719335447,1.0917256004721994,1.156456042426708
SB68301_component_385a,199.192371,-59.008849,14.940999984741211,19.40389633178711,199.192616679691,-59.00875841810931,13.767858922858142,1.0244661729400748,1.0852086783033021
SB68301_component_386a,204.697859,-58.453096,14.22700023651123,71.8535385131836,204.69791124696752,-58.45308762103906,15.56380586269153,0.8629425795597269,0.9141080505646246
SB68301_component_393a,203.982656,-61.505723,13.678000450134277,69.43147277832031,203.9827048265108,-61.50573978920262,14.68247121713891,0.8794432508898503,0.9315870773966096
SB68301_component_394a,205.186688,-57.586035,13.873000144958496,24.126956939697266,205.18670865106515,-57.58618259554583,13.398776407047134,0.9774388926103794,1.0353930630308856
SB68301_component_395a,202.511211,-58.210814,13.960000038146973,66.4761962890625,202.51119471697623,-58.21066555010764,14.35479689778177,0.9180635230179033,0.9724972173102774
SB68301_component_397a,201.800188,-62.201832,14.364999771118164,60.8686408996582,201.80012833852402,-62.20173300794294,12.213572260067018,1.1103177482849325,1.1761505532730472
SB68301_component_400a,207.467023,-62.264919,13.956999778747559,43.752349853515625,207.46711222081552,-62.264825196585434,13.634144275829566,0.9663813745900873,1.0236799241951948
SB68301_component_402a,203.120325,-60.270109,13.197999954223633,70.95698547363281,203.1202144494408,-60.27008083782952,14.67616768888205,0.8489455222473203,0.8992810816833195
SB68301_component_403a,210.929161,-58.117663,13.699999809265137,55.4655876159668,210.92911784763072,-58.11771512512887,13.421182085312084,0.9636385321841713,1.0207744535601067
SB68301_component_405a,204.128357,-61.881888,13.470000267028809,64.75961303710938,204.12821785640364,-61.881845387027056,13.25463127405223,0.9593659898587156,1.016248584251317
SB68301_component_407a,208.347908,-62.585005,13.996000289916992,52.41947937011719,208.34785765131744,-62.58493950316361,12.603006968245365,1.048368905228016,1.1105286480584693
SB68301_component_409a,203.419731,-57.884253,13.593000411987305,47.362369537353516,203.41946535632124,-57.88424677094177,15.156273193054007,0.8466565449985751,0.8968563867149651
SB68301_component_411a,200.222105,-61.035708,13.463000297546387,46.26460266113281,200.2221199354007,-61.035663722566575,12.325489610632472,1.0311504609166413,1.0922892901497927
SB68301_component_412a,206.085058,-61.528059,12.913999557495117,58.17116928100586,206.08511112319155,-61.5281464666354,12.514215091216085,0.9741851760778331,1.031946427591743
SB68301_component_413a,209.23063,-62.501955,13.887999534606934,45.2377815246582,209.2303796084467,-62.50192838843586,13.499830834431837,0.9711710584811104,1.0287535973550912
SB68301_component_415a,209.158676,-60.477383,13.251999855041504,65.93034362792969,209.15872716378175,-60.47755116130943,13.485118245205218,0.9277074159934009,0.9827129146422872
SB68301_component_416a,206.014706,-60.326399,13.16100025177002,52.64400100708008,206.01470144651464,-60.32644399232148,13.21569431517436,0.9401199689482146,0.9958614309547444
SB68301_component_417a,210.430432,-60.227729,14.178999900817871,64.74429321289062,210.4303848249341,-60.2276993771401,14.763144370040672,0.9066738653918403,0.9604322456936596
SB68301_component_420a,205.928805,-62.990633,14.493000030517578,24.987932205200195,205.92880005108265,-62.9906772678029,13.634585713481703,1.003461493040389,1.0629585918541762
SB68301_component_421a,203.571174,-60.140719,12.944999694824219,73.97142791748047,203.57125992059517,-60.14078011272772,14.101115078610672,0.8666284706705863,0.9180124850168686
SB68301_component_425a,204.148007,-61.790282,12.812000274658203,63.113304138183594,204.148085511821,-61.79020756839703,10.912205123182613,1.1083802613569298,1.1740981891404827
SB68301_component_426a,211.056244,-62.792191,12.809000015258789,21.206954956054688,211.05599897520187,-62.79214839509773,12.595724161919563,0.9600115313276689,1.0169324010749632
SB68301_component_427a,202.774964,-59.258504,12.47599983215332,71.29142761230469,202.77490543565435,-59.25856805836497,9.668653661827767,1.2181302305132562,1.2903554381525806
SB68301_component_429a,209.662967,-61.012212,12.13700008392334,51.21097183227539,209.66295298499747,-61.01219791024366,12.81620715674856,0.8939972876428868,0.9470040500658127
SB68301_component_430a,200.053488,-60.092508,13.062999725341797,37.97383499145508,200.0534439202508,-60.09257824734268,13.282291633849193,0.9284409149441655,0.9834899041104818
SB68301_component_432a,211.773259,-58.004447,12.32699966430664,24.313608169555664,211.77342457114568,-58.00458378295716,10.507490930025128,1.107497425061618,1.1731630078387478
SB68301_component_433a,209.99257,-60.635372,12.204000473022461,56.76279067993164,209.992515559327,-60.63545360818696,12.324393342640517,0.9348050069979947,0.9902313350222671
SB68301_component_435a,202.606008,-61.995898,12.119000434875488,60.595001220703125,202.6058614785738,-61.99595661242453,11.224284900753602,1.0192776096171,1.0797124754078378
SB68301_component_438a,208.162821,-58.77113,14.331999778747559,75.8306884765625,208.16269241590257,-58.77109118384788,13.878490071434541,0.974875011656526,1.0326771648053021
SB68301_component_442a,200.993748,-58.852674,11.875,56.54762268066406,200.99365851906904,-58.85269482033128,11.992123594780006,0.934806852443614,0.9902332898877904
SB68301_component_443a,207.758796,-61.144141,11.99899959564209,57.13809585571289,207.75871742343205,-61.143938592593265,11.99431959270277,0.9443952344912286,1.0003901849457277
SB68301_component_446a,199.083493,-61.609576,13.050999641418457,14.517241477966309,199.08376193168417,-61.609596270076224,10.260035096531645,1.2008238255785544,1.2720229042715734
SB68301_component_448a,209.162156,-62.805276,12.753000259399414,25.557113647460938,209.16199588695773,-62.805219412479175,11.573195152397044,1.0402637307157203,1.1019429026700556
SB68301_component_449a,209.94879,-60.709581,11.699000358581543,50.426727294921875,209.94889145413077,-60.70960991856328,11.879892301771582,0.9296524444147097,0.9847732674173264
SB68301_component_453a,212.272318,-58.461176,13.114999771118164,13.590673446655273,212.27250348914637,-58.46102706844195,12.806702479832435,0.9667525624216459,1.0240731204438633
SB68301_component_454a,208.565469,-57.710782,11.8100004196167,29.673368453979492,208.56534227923976,-57.7107586624567,13.806924042979468,0.8074903523307106,0.8553679576170217
SB68301_component_455a,201.375446,-62.403965,11.914999961853027,42.102474212646484,201.3754209094132,-62.40390865921014,11.652121759787079,0.9653246492955707,1.02256054369198
SB68301_component_456a,207.532126,-60.048004,11.869000434875488,57.89756393432617,207.5321600601286,-60.048061396515095,10.794492372021331,1.0379974504396865,1.099542250420151
SB68301_component_461a,205.664325,-58.937614,12.86299991607666,70.67582702636719,205.6642419494719,-58.937556038073794,12.797124949241951,0.9488863981110224,1.0051476380121311
SB68301_component_462a,204.942536,-62.903135,12.258000373840332,24.663984298706055,204.94254138297154,-62.903103711844466,9.837060999674991,1.1763556171597402,1.2461039302536934
SB68301_component_466a,210.824735,-58.65762,12.173999786376953,47.92913055419922,210.82466472227017,-58.65758046057903,12.83417331664872,0.8954673484976694,0.9485612735636523
SB68301_component_468a,211.57296,-62.523695,10.939000129699707,18.41582489013672,211.5729292564239,-62.523614644167445,11.37352023539818,0.907960776608337,0.9617954602704182
SB68301_component_469a,204.491604,-59.221504,11.550000190734863,58.62944412231445,204.49170799717294,-59.22154840511661,10.316700890446958,1.0568796041036623,1.119543962104195
SB68301_component_470a,205.709915,-59.965704,12.449999809265137,66.93547821044922,205.70984966278368,-59.96573001226798,12.563997942609376,0.9354613592576241,0.9909266036284814
SB68301_component_472a,210.041787,-60.970888,11.711000442504883,26.98387336730957,210.04155927678053,-60.97089921604783,9.883072233902658,1.1186298205632594,1.1849554637809632
SB68301_component_475a,199.524061,-59.344715,11.937000274658203,18.36461639404297,199.5239756880878,-59.34453389232571,11.542726529285046,0.9762727384720663,1.0341577654441387
SB68301_component_476a,200.637718,-59.128133,11.779000282287598,58.31188201904297,200.63774471934198,-59.12820353981007,10.630194916870185,1.0460478931771735,1.108070018885002
SB68301_component_477a,202.267906,-61.584092,12.329999923706055,58.160377502441406,202.26789661480655,-61.584239585633114,13.502595123076855,0.8620455081642854,0.9131577901371897
SB68301_component_478a,201.874153,-60.40684,10.82699966430664,57.89839172363281,201.87402487426186,-60.4068892897455,10.722474334342984,0.9532294968530224,1.0097482471586687
SB68301_component_480a,201.727702,-58.703139,11.755999565124512,54.6790657043457,201.72759384965994,-58.703131011587324,11.771565662357967,0.9427785580693975,0.9986776527710982
SB68301_component_481a,211.299967,-60.631468,10.947999954223633,23.34328269958496,211.2996476916279,-60.63143451798878,13.491054738747454,0.7660784528855064,0.8115006696088815
SB68301_component_486a,202.613643,-62.36251,12.550999641418457,57.83871078491211,202.613600611599,-62.36240424341054,11.459839858846658,1.0339133265754472,1.0952159712536869
SB68301_component_487a,207.634516,-62.775727,10.442999839782715,24.456674575805664,207.6343919350684,-62.77589347687564,10.675602475918156,0.9234582007998368,0.9782117555744378
SB68301_component_488a,207.218,-59.383512,12.791999816894531,65.26530456542969,207.21803566105686,-59.3834619071814,12.836747147851947,0.9407361271040456,0.996514122273967
SB68301_component_489a,205.474092,-62.766343,10.854999542236328,27.976802825927734,205.47387758913726,-62.76647103119889,10.477289497693183,0.9780593973915916,1.0360503586949952
SB68301_component_491a,211.5043,-60.354782,12.079000473022461,28.42117691040039,211.50412576584966,-60.35471482656865,10.97677469595065,1.0388207428492935,1.1004143573684193
SB68301_component_492a,206.108852,-60.405345,11.543000221252441,37.11575698852539,206.108683237818,-60.40536000393497,10.108748904926522,1.07796748102274,1.1418821784787763
SB68301_component_493a,204.490092,-63.023074,11.434000015258789,18.35312843322754,204.49036652251803,-63.02322622160081,14.105702921086486,0.7652226569857686,0.8105941319780815
SB68301_component_494a,206.10049,-62.242734,11.246999740600586,47.656776428222656,206.1003163546638,-62.24259619218697,14.088768557861277,0.7536123641123232,0.798295443239783
SB68301_component_495a,204.303719,-63.224529,12.810999870300293,640.5499877929688,204.30366971818842,-63.22469556179679,12.290025368411795,0.9840442143336507,1.0423900265680104
SB68301_component_496a,202.229981,-58.027763,11.270000457763672,46.37860107421875,202.22991365917653,-58.02779397148639,10.943684512448472,0.97217563825938,1.029817740537386
SB68301_component_497a,200.67761,-57.805717,11.04800033569336,16.223201751708984,200.67788736369346,-57.80586347318142,9.421206240047685,1.1070354607861,1.1726736528418722
SB68301_component_500a,209.212507,-59.49623,11.081999778747559,57.71875,209.2122659941346,-59.49616641246514,10.612913487501256,0.9857524789871214,1.044199577410929
SB68301_component_501a,205.996224,-61.78495,11.119999885559082,51.48147964477539,205.99612885582326,-61.784866654299044,10.899923192357548,0.9630874196958674,1.0201906645870533
SB68301_component_507a,205.783807,-61.968682,10.529000282287598,47.00446319580078,205.78361300007043,-61.96864598182739,10.479459863412265,0.9484896659411399,1.0047273828537955
SB68301_component_508a,212.235031,-59.625492,11.154000282287598,19.671958923339844,212.234737095814,-59.6256372396582,9.890805666702752,1.0645923644441944,1.1277140263545335
SB68301_component_509a,211.67127,-60.994282,10.64900016784668,24.650463104248047,211.67099156434662,-60.994262305040685,11.632515327279554,0.8642105530013939,0.9154512045106512
SB68301_component_510a,211.745641,-62.02046,11.645000457763672,19.505863189697266,211.74557913918923,-62.02024025326451,12.058375357688657,0.9116645678406744,0.9657188561756448
SB68301_component_512a,203.618266,-61.113452,10.432999610900879,54.05699157714844,203.6183791279311,-61.11334693014857,10.334766261030778,0.9529999925628331,1.0095051351321325
SB68301_component_513a,201.611453,-59.22625,10.553000450134277,49.54460144042969,201.61134541299583,-59.226393843481986,10.320986593460308,0.965248438090361,1.0224798137826263
SB68301_component_517a,199.16956,-58.846852,10.057000160217285,12.698232650756836,199.16964446003195,-58.84690401113227,10.03054771170186,0.946516466590953,1.0026371888430943
SB68301_component_519a,211.347507,-58.570931,11.364999771118164,31.657381057739258,211.3475879717294,-58.570822108371694,10.490851926220035,1.022687714738034,1.0833247720057273
SB68301_component_520a,205.352514,-58.134428,11.743000030517578,53.62100601196289,205.35227435247984,-58.13456900063213,11.331096481725895,0.9783437824430021,1.0363516054651882
SB68301_component_523a,201.946896,-60.937778,10.383999824523926,41.5359992980957,201.94706743781927,-60.93773968672961,9.993311530878952,0.9809335998077842,1.0390949779197578
SB68301_component_526a,200.007783,-61.828807,11.223999977111816,37.413330078125,200.00774601566985,-61.82888230535435,10.094935894088595,1.0496112007350535,1.1118446015773493
SB68301_component_528a,205.038039,-57.593328,9.609000205993652,17.220430374145508,205.03807762899112,-57.593547894327706,10.379391682384997,0.8739582099213923,0.925776818144479
SB68301_component_529a,211.357416,-61.610675,10.97700023651123,28.73560333251953,211.35732683746187,-61.610625894819535,12.076508659709608,0.8580777508076989,0.9089547770651111
SB68301_component_530a,199.348497,-61.890841,10.574000358581543,24.196796417236328,199.34855787337247,-61.89093630179833,8.274481099626135,1.2063766352175873,1.2779049503248376
SB68301_component_535a,212.057797,-61.508162,10.748000144958496,19.613140106201172,212.05789120514933,-61.50823498092557,12.372820304512345,0.820055645722881,0.8686782706315326
SB68301_component_536a,208.484116,-61.401098,10.24899959564209,50.240196228027344,208.48415139490868,-61.401027253711796,10.554177302603291,0.9167300236142681,0.9710846522460898
SB68301_component_545a,210.415518,-60.550479,10.723999977111816,40.467926025390625,210.41530651905697,-60.55048450642345,9.414642796214597,1.0753190067394727,1.1390766712278964
SB68301_component_547a,207.182534,-61.348588,10.932000160217285,58.1489372253418,207.18242827389938,-61.348587348323434,10.201800858992499,1.0115961141497414,1.07157552978317
SB68301_component_548a,208.237934,-61.496819,10.041999816894531,51.762882232666016,208.2380327380868,-61.496860725346245,8.571193861401392,1.1060207018879602,1.171598727000752
SB68301_component_568a,209.131407,-57.899634,9.447999954223633,30.875818252563477,209.13140295269778,-57.899613131105575,9.230151064706618,0.9663076958774455,1.0236018769346045
SB68301_component_569a,205.022471,-62.924755,9.987000465393066,18.46025848388672,205.02249436018943,-62.92488450803322,10.433356160525806,0.9036399063570619,0.9572183975831757
SB68301_component_571a,206.188972,-57.9516,9.666000366210938,33.562503814697266,206.1888470280302,-57.951595569727665,9.784425497263294,0.9326009239181456,0.9878965677560241
SB68301_component_573a,208.161401,-60.149588,9.197999954223633,47.41236877441406,208.16170944524706,-60.14970864315834,7.527909204491938,1.1534622761394977,1.2218532004524103
SB68301_component_576a,210.544116,-61.055755,10.463000297546387,24.276103973388672,210.54446655976068,-61.0557950483827,7.7162478801018395,1.280072099584329,1.3559699558807194
SB68301_component_580a,200.798755,-61.415007,10.043000221252441,33.58863067626953,200.7990413488867,-61.414925345366896,9.530337895345028,0.9948086167910061,1.0537926704737108
SB68301_component_581a,202.779238,-58.147416,9.366000175476074,37.919029235839844,202.77913337330557,-58.14743734905163,9.352153874674359,0.9454245653311445,1.0014805467261623
SB68301_component_582a,203.191581,-58.332694,9.140000343322754,45.70000076293945,203.19142347397855,-58.33270240267944,8.82988484480589,0.9771821767748822,1.0351211260358946
SB68301_component_583a,205.274966,-59.702669,10.102999687194824,55.20764923095703,205.2751113152522,-59.7026845525954,9.74995045028768,0.9782104449707814,1.0362103621661716
SB68301_component_589a,208.424652,-60.607518,9.230999946594238,45.92537307739258,208.4245203520712,-60.607529699603646,8.880512675324729,0.9812848068948106,1.0394670087283777
SB68301_component_593a,203.316599,-62.740618,9.27299976348877,19.687898635864258,203.31667125229183,-62.74067125005243,9.48126308737813,0.9232906039581749,0.978034221604228
SB68301_component_594a,204.237788,-62.132854,8.920000076293945,44.824119567871094,204.2378426263798,-62.13278390634397,9.668091809701098,0.8709805503829396,0.9226226076322003
SB68301_component_595a,201.115535,-60.131572,9.01099967956543,41.52534484863281,201.11563715155148,-60.13169929786101,8.94997599666083,0.9504635544446143,1.0068183068789645
SB68301_component_600a,208.451235,-59.965885,8.670000076293945,44.010154724121094,208.45116753263014,-59.96590500582095,8.408192770996951,0.9734212126351076,1.0311371673351812
SB68301_component_601a,199.193616,-62.536729,10.125,18.47627830505371,199.19365321657713,-62.536739665546,9.070150949347285,1.053816227388184,1.116298952083992
SB68301_component_603a,208.113584,-60.435842,8.60200023651123,45.036651611328125,208.11369165691926,-60.43618535280255,8.665371668684509,0.9371230498201906,0.9926868189159971
SB68301_component_605a,211.635663,-58.582485,8.557999610900879,17.254032135009766,211.63588721561274,-58.582472661020425,6.493920831380707,1.2440838073072604,1.3178478508000717
SB68301_component_608a,208.816172,-62.686933,9.831999778747559,29.00295066833496,208.8159320063877,-62.6869554482796,9.099181977733286,1.0200556698976055,1.080536668329918
SB68301_component_613a,203.785039,-60.007586,9.01099967956543,50.909603118896484,203.78494382287235,-60.007570754509466,8.459925710253351,1.0055201770472146,1.0651393390658481
SB68301_component_614a,206.433368,-58.401319,9.253000259399414,40.94247817993164,206.43325329314274,-58.40129772278132,8.5693385000579,1.0193413473557444,1.0797799922755875
SB68301_component_619a,210.45962,-60.189107,8.812999725341797,39.343746185302734,210.4599350640145,-60.18907014010577,8.52679092747561,0.9757139336303786,1.033565828023758
SB68301_component_621a,201.623038,-62.1463,9.687000274658203,39.70082092285156,201.62307832195629,-62.14632288383297,6.445816046625978,1.4187169895722003,1.5028353593380628
SB68301_component_622a,210.096773,-61.905241,9.878000259399414,30.582042694091797,210.0969600078027,-61.90518091055682,9.058358397435555,1.029446777146516,1.0904845917993156
SB68301_component_624a,207.468724,-60.501696,8.890000343322754,37.82978820800781,207.46889079997635,-60.5014552903992,8.906450150392784,0.9422833148172054,0.9981530456251074
SB68301_component_625a,206.951805,-58.827023,8.503000259399414,44.98942184448242,206.9515136464873,-58.82684570768186,8.927666815544606,0.8991219152087995,0.9524325263342294
SB68301_component_628a,199.206239,-60.75387,8.07800006866455,16.220884323120117,199.20663907788307,-60.75379451834029,6.973818441895572,1.0934969616741779,1.1583324309298835
SB68301_component_630a,201.112618,-59.716104,9.116999626159668,42.60280227661133,201.11250769995982,-59.71594360662029,10.070025530742745,0.8546843075586988,0.9053601302525413
SB68301_component_632a,210.44963,-62.309498,7.552999973297119,14.609283447265625,210.44966455286203,-62.30937703147348,7.095528102413752,1.0048913861795015,1.0644732660177534
SB68301_component_633a,200.15598,-60.045564,9.456999778747559,23.761306762695312,200.15601857641758,-60.04566297275916,10.089800855683793,0.8848204451189766,0.9372830954755896
SB68301_component_635a,200.052195,-59.167221,8.696000099182129,31.9705867767334,200.05243935378107,-59.16717841091493,8.682842873715899,0.9454573857135931,1.0015153130901469
SB68301_component_636a,200.799997,-61.64012,9.345999717712402,34.614810943603516,200.80018227357368,-61.64002077890448,7.6640541218795795,1.1512020794264408,1.21945899247125
SB68301_component_640a,205.126157,-60.849556,8.157999992370605,42.051544189453125,205.12619090178615,-60.84960631872018,8.928737300015136,0.8625375680608741,0.9136790251805007
SB68301_component_643a,210.319922,-58.077866,8.878000259399414,37.9401741027832,210.3199352157481,-58.077791430799216,8.840125104607754,0.9480715340441292,1.0042844591386968
SB68301_component_647a,209.160859,-61.957424,8.196000099182129,32.26771545410156,209.16072217674366,-61.957503345703294,4.33446747264823,1.7850507653049246,1.8908897461801963
SB68301_component_648a,207.979669,-62.782343,9.265999794006348,24.578248977661133,207.97955719911977,-62.782451854197035,8.180307230808523,1.0693183906187682,1.1327202674135404
SB68301_component_649a,203.747882,-61.342844,8.682999610900879,42.563724517822266,203.74794905634715,-61.34290215465543,7.526965070161671,1.089015962878157,1.1535857453785656
SB68301_component_651a,209.722398,-62.558548,7.584000110626221,20.01055335998535,209.72255675733723,-62.558393505621986,7.80926905319765,0.9167951552127234,0.9711536456181915
SB68301_component_654a,202.134529,-57.782625,7.959000110626221,23.271928787231445,202.13427969857725,-57.782564377132346,8.654165923834858,0.8681957548976402,0.9196726964416008
SB68301_component_655a,206.306853,-61.067979,8.42199993133545,40.88349533081055,206.30677617636508,-61.067968185495836,8.254032540651513,0.9632375882501043,1.0203497369142522
SB68301_component_656a,205.534426,-59.597054,8.317000389099121,42.433677673339844,205.53455755728118,-59.59708974661861,6.865797086957201,1.1435630717172531,1.2113670537829815
SB68301_component_658a,205.242638,-60.597441,8.074000358581543,37.37963104248047,205.24254592047853,-60.597452745830964,8.124249133048242,0.9381880489861502,0.9938149638638857
SB68301_component_659a,211.202751,-59.235137,8.253999710083008,21.49479103088379,211.20276079286472,-59.23508445984639,8.517837291537784,0.9147859256770405,0.969025285125264
SB68301_component_660a,206.570826,-58.915375,7.710999965667725,40.58420944213867,206.5708068969652,-58.91543363617779,9.304806751404994,0.7823258995395604,0.8287114576026406
SB68301_component_671a,200.066967,-62.162716,8.744999885559082,34.42913055419922,200.06699904519255,-62.162730311479024,8.431490831104112,0.9791287454652294,1.037183110405389
SB68301_component_679a,206.123861,-61.576505,8.25100040435791,38.55607604980469,206.123558166349,-61.57643327088482,8.075853765392115,0.9645006549810351,1.0216876932215342
SB68301_component_684a,200.688839,-61.984308,7.506999969482422,31.41004180908203,200.68880965578273,-61.984369587403016,7.9858941729556445,0.8874159457303717,0.9400324881470374
SB68301_component_685a,204.396568,-61.784344,8.036999702453613,37.55607223510742,204.3967511003804,-61.78422701802777,7.298635943487304,1.0395290144689964,1.1011646237301593
SB68301_component_688a,209.59001,-60.531952,7.896999835968018,37.96634292602539,209.5900895912623,-60.53196645658346,7.516582851830465,0.9918044326498161,1.0506103626656509
SB68301_component_689a,212.192618,-59.502145,7.869999885559082,12.632423400878906,212.19262520435166,-59.50210506926752,7.295028700832841,1.0184321153908649,1.0788168502559283
SB68301_component_691a,209.010949,-59.597854,7.36299991607666,35.91707229614258,209.01113621558446,-59.59783037990274,7.051144747799956,0.9857789275526149,1.0442275941610768
SB68301_component_698a,207.795595,-60.221242,7.993000030517578,39.181373596191406,207.79570535181776,-60.22117470036143,5.848098540996959,1.2902667256667233,1.366769040310146
SB68301_component_700a,211.701904,-62.092006,8.333000183105469,13.911520004272461,211.70166866441247,-62.09200029955339,9.71210512031331,0.8099764309451168,0.8580014404577045
SB68301_component_701a,202.264189,-61.280478,7.857999801635742,36.89201736450195,202.26429474321995,-61.28047541560757,6.876766815373641,1.0787283194107242,1.1426881283902872
SB68301_component_703a,207.188212,-62.690745,7.941999912261963,20.95514488220215,207.18863459493826,-62.69081767077626,7.842667480022932,0.9559835976687542,1.0126656437356363
SB68301_component_705a,204.501435,-62.690888,8.357999801635742,27.403276443481445,204.50149537543567,-62.690835850774555,7.573304900898327,1.0418406042911124,1.1036132720134293
SB68301_component_706a,211.617232,-61.384927,7.789000034332275,15.065763473510742,211.61773601704314,-61.38497219676803,7.203081172322509,1.0208166891529062,1.0813428098327047
SB68301_component_711a,206.900053,-60.617718,7.064000129699707,22.354429244995117,206.90018175311215,-60.617581054051094,6.346852596778909,1.0506949653472342,1.1129926246096777
SB68301_component_712a,210.212029,-60.69043,7.151000022888184,23.217533111572266,210.21204753502894,-60.69047398893579,6.341277266368006,1.0645704365563733,1.1276907983214477
SB68301_component_714a,202.357963,-62.195709,7.735000133514404,35.319637298583984,202.3578050851078,-62.1954974537616,7.081055160229394,1.0312090430595895,1.0923513457369856
SB68301_component_718a,210.320008,-59.640298,7.423999786376953,38.07179641723633,210.31999240832528,-59.64023677713359,6.524562300421463,1.0741648408914433,1.137854072739468
SB68301_component_720a,211.262713,-59.707887,7.552999973297119,31.735292434692383,211.26259917723465,-59.70783939254382,7.28506625959932,0.9787467699576321,1.0367784868592993
SB68301_component_722a,204.768637,-59.236759,7.499000072479248,41.661109924316406,204.76858747172798,-59.23682875824502,7.69943894628887,0.9194511134509078,0.9739670805615994
SB68301_component_728a,203.225536,-58.220983,7.429999828338623,36.42156982421875,203.22553866372436,-58.221116004479015,7.162108482877448,0.9793372500621419,1.037403977627765
SB68301_component_732a,201.452173,-60.400409,7.242000102996826,36.57575988769531,201.4523753209799,-60.4005750181283,6.304385057343791,1.084426596433806,1.1487242668594355
SB68301_component_734a,203.474118,-62.515752,7.604000091552734,28.58646583557129,203.47399285936922,-62.51582027873649,5.420202193731793,1.324375050400895,1.4028997110746901
SB68301_component_735a,201.029606,-60.386385,7.938000202178955,38.53398132324219,201.02968324588582,-60.38644984650247,7.59663808494658,0.9864476305450525,1.0449359457980254
SB68301_component_736a,207.61457,-59.83001,7.735000133514404,37.1875,207.61469010054682,-59.830291435204636,8.022740927249737,0.9101687542757939,0.9641343530416141
SB68301_component_737a,203.983087,-57.812854,6.421999931335449,12.921528816223145,203.98307911023235,-57.81284860158212,6.129617604238814,0.9890569054065266,1.0476999294204656
SB68301_component_738a,204.322168,-59.559985,7.665999889373779,41.21505355834961,204.3224544919221,-59.5601346768731,8.52716221240661,0.848689147634405,0.899009506142632
SB68301_component_740a,210.025158,-61.742874,7.150000095367432,26.094892501831055,210.02514337174188,-61.742884175454634,6.768730797109212,0.9972020681038226,1.0563280339677643
SB68301_component_752a,200.801924,-62.865838,7.867000102996826,12.7918701171875,200.8018800608104,-62.865574493578045,8.144941517483774,0.91181251827078,0.965875578862006
SB68301_component_753a,211.338972,-60.832724,7.151000022888184,18.289003372192383,211.33891025927625,-60.832705024539244,7.625114880442433,0.8853291279712097,0.9378219390805114
SB68301_component_755a,201.979892,-61.364221,6.291999816894531,20.83443832397461,201.98001939230653,-61.36427155107379,5.056701577804015,1.1746425854726081,1.2442893297308188
SB68301_component_758a,204.692816,-61.719304,6.811999797821045,21.1552791595459,204.69264800462537,-61.7191667986814,7.939812568622499,0.8099323408736896,0.8579547362039149
SB68301_component_764a,207.003967,-60.856788,7.40500020980835,33.50678634643555,207.00378153458064,-60.85679523774343,5.974501082533987,1.1700590923962872,1.2394340728226365
SB68301_component_765a,211.041107,-62.244416,6.302999973297119,17.90625,211.0409963537532,-62.24444750344049,6.4889557419208135,0.9169736542209108,0.9713427281646632
SB68301_component_767a,205.280065,-59.508569,6.626999855041504,26.09054946899414,205.28020374121508,-59.508584036912744,6.658513644769221,0.9395589455905186,0.9952671434784137
SB68301_component_772a,202.521757,-58.478361,6.952000141143799,37.78260803222656,202.52198198321986,-58.47825151680096,6.856031355013685,0.9572411105773101,1.0139977169240824
SB68301_component_773a,202.109323,-60.706451,7.294000148773193,39.42702865600586,202.10932366765485,-60.70639416697258,6.443239954845858,1.0686754365912288,1.132039191445523
SB68301_component_780a,207.69709,-60.456586,6.88700008392334,31.02252197265625,207.69717789287435,-60.45656967418053,5.71510712264415,1.1376012954922234,1.2050517927539743
SB68301_component_782a,205.073276,-57.801263,6.895999908447266,20.585073471069336,205.07301943512138,-57.801079258917916,6.645929963765297,0.9795482917275721,1.0376275323461714
SB68301_component_783a,201.759466,-60.533178,6.745999813079834,34.07070541381836,201.75955344316944,-60.53310723562526,6.964848837251356,0.9143637382975319,0.9685780654705652
SB68301_component_790a,205.368997,-61.885341,6.497000217437744,26.197582244873047,205.36888409935457,-61.885257021581,6.450245619392013,0.95086966724625,1.0072484988641623
SB68301_component_791a,209.267567,-59.272175,6.289000034332275,32.75520706176758,209.26768198218463,-59.2721836488215,5.671809013521746,1.0467533596000917,1.1088173137246211
SB68301_component_796a,200.289599,-58.694246,6.783999919891357,22.613332748413086,200.2895361632946,-58.69437648327848,7.104387604157927,0.9014539604214081,0.9549028428461506
SB68301_component_797a,207.555646,-59.97597,6.326000213623047,32.4410285949707,207.55598200191193,-59.97603682069895,6.056698823461063,0.9860015295700074,1.0444633946662207
SB68301_component_798a,205.623956,-61.023359,6.913000106811523,34.0541877746582,205.62402397330249,-61.0237813276545,6.901191649475404,0.9456421903345685,1.0017110751209202
SB68301_component_799a,201.642263,-58.051672,6.374000072479248,28.079296112060547,201.6423440165126,-58.051660711436284,6.756465206091643,0.8905880927353103,0.9433927176495243
SB68301_component_803a,210.486571,-59.011009,6.624000072479248,27.036733627319336,210.48644634526656,-59.011199304129164,5.022803720925273,1.244968852321858,1.318785371780168
SB68301_component_804a,210.993154,-59.914189,6.876999855041504,32.43867874145508,210.9930022879853,-59.91406465563925,5.682250317803321,1.1425179143008697,1.2102599270389158
SB68301_component_807a,207.931556,-59.335668,6.525000095367432,37.0738639831543,207.93126175617684,-59.33560891217305,7.219866977184079,0.8531702263905373,0.9037562763950449
SB68301_component_808a,209.378131,-58.284676,6.374000072479248,27.956140518188477,209.378311656026,-58.284657300541795,6.145742954152077,0.9790886970728884,1.037140687469358
SB68301_component_820a,206.331122,-62.922378,6.059000015258789,12.166666984558105,206.33163862154944,-62.92235479984328,4.930316856338509,1.160140231147636,1.2289271038369924
SB68301_component_821a,199.555014,-58.912503,7.0929999351501465,15.797327041625977,199.55540374072018,-58.91253087063964,7.209405303788261,0.9287843286950497,0.9838536795015606
SB68301_component_822a,203.155896,-59.933126,6.807000160217285,39.8070182800293,203.15574007855457,-59.93321480036557,6.979250153184995,0.920728021839852,0.9753196992245502
SB68301_component_823a,211.184669,-57.884983,6.163000106811523,17.02486228942871,211.18469790471934,-57.884858450913455,4.892304572528003,1.189222325392598,1.2597335295555634
SB68301_component_825a,201.878952,-61.082962,6.729000091552734,29.384279251098633,201.8788832154018,-61.08317278160231,6.57024803808933,0.9668367142984757,1.024162261842031
SB68301_component_826a,209.646831,-59.324362,6.461999893188477,32.6363639831543,209.6466187746236,-59.324308934436445,6.082940485567345,1.0028540757569984,1.0623151596699827
SB68301_component_834a,210.866911,-62.228728,6.4079999923706055,18.413793563842773,210.8667432113208,-62.22889541521462,6.427930327588358,0.9410998551396068,0.9968994164214549
SB68301_component_835a,210.232076,-57.985156,6.176000118255615,24.125,210.23212393773682,-57.985201769152965,5.3830657626020795,1.0830835880069558,1.1473016289643554
SB68301_component_837a,203.672042,-60.168606,6.291999816894531,34.19565200805664,203.67198605146896,-60.16875845702729,5.881153066829724,1.0099749059102492,1.069858197090979
SB68301_component_842a,204.002703,-58.079536,6.007999897003174,26.008657455444336,204.0027894156904,-58.07965919470969,6.163522669079237,0.9202064726395359,0.9747672264018303
SB68301_component_843a,208.037171,-62.65519,6.034999847412109,19.342947006225586,208.03769595040907,-62.65483453506668,7.5249947660232595,0.7571038001607563,0.8019938930271749
SB68301_component_844a,210.863894,-57.494673,6.934000015258789,10.34925365447998,210.86394282874272,-57.494660757252554,5.380612032671229,1.2165683802941285,1.2887009829282143
SB68301_component_848a,208.298574,-60.906022,6.173999786376953,31.5,208.29867638413387,-60.90599265003974,5.775984705032439,1.0090784708063947,1.068908610682043
SB68301_component_851a,211.401357,-60.95636,6.295000076293945,16.14102554321289,211.40112398415636,-60.95640591761182,5.5990362216526,1.0613700475596064,1.124300652306894
SB68301_component_856a,200.108036,-58.651718,6.239999771118164,17.002723693847656,200.1076511120132,-58.6516903488273,6.456489071244096,0.9123731967715654,0.9664695010342181
SB68301_component_858a,207.425759,-58.93023,6.046999931335449,31.49479103088379,207.42569096470268,-58.93015920253059,6.337383635874258,0.9007708643564422,0.9541792447446257
SB68301_component_862a,200.149147,-60.238587,5.894000053405762,21.049999237060547,200.1493890151514,-60.238788072637696,5.631919657968776,0.9879570154609454,1.046534824953719
SB68301_component_865a,205.2058,-61.409755,5.5,28.350515365600586,205.2057265708358,-61.40980981699877,5.765896788502409,0.9004926869506056,0.9538845736828614
SB68301_component_867a,203.407661,-59.325537,5.875999927520752,33.19773864746094,203.40781470601354,-59.32560526771804,5.4248410216362375,1.0225372341107464,1.083165369102086
SB68301_component_868a,200.407259,-61.976183,6.6020002365112305,28.456897735595703,200.40744386884072,-61.97603371687695,6.143131796226903,1.014542086007308,1.0746961737930094
SB68301_component_877a,207.836672,-58.258348,6.113999843597412,26.35344886779785,207.83675609608045,-58.25822349712169,6.438926998963788,0.8963885217423837,0.9495370648838438
SB68301_component_879a,206.547231,-60.921365,5.749000072479248,25.89639663696289,206.5471928557168,-60.92141509582786,6.206648530113667,0.874418879901455,0.9262648021047137
SB68301_component_888a,203.184224,-58.776818,5.803999900817871,33.74418258666992,203.18423361979688,-58.776691572683326,6.3883557041286885,0.8576748425213018,0.9085279795968221
SB68301_component_892a,202.127151,-59.873003,6.104000091552734,33.5384635925293,202.12709622506978,-59.87292680374483,6.033062257913266,0.9551269277608538,1.0117581802751037
SB68301_component_894a,210.797486,-60.052004,5.89900016784668,26.69230842590332,210.79759105992275,-60.051964566415045,6.184747808987227,0.9004109708390726,0.953798012471047
SB68301_component_897a,205.581731,-60.436357,5.583000183105469,23.757448196411133,205.58163839643694,-60.436342832405316,4.261730874130582,1.2367046282600334,1.31003114649853
SB68301_component_899a,207.357561,-62.81441,6.03000020980835,12.206478118896484,207.35776829121917,-62.81422821516347,7.476747366302814,0.7613581230344065,0.8065004626189652
SB68301_component_902a,200.09275,-59.097786,5.456999778747559,19.84363555908203,200.0928902909216,-59.09768158055564,5.427946358513799,0.9490798520079727,1.0053525621505432
SB68301_component_904a,201.232928,-58.17462,6.519999980926514,22.79720115661621,201.2329541415223,-58.17468915984699,6.360713634364634,0.9676674119862607,1.0250422131411974
SB68301_component_905a,211.876676,-58.389117,5.90500020980835,11.18371295928955,211.87621809550336,-58.3885668024323,7.307146119579208,0.7628804582267529,0.8081130598970966
SB68301_component_907a,209.30797,-58.115376,5.743000030517578,22.88047981262207,209.30792888772473,-58.11532351040677,5.658538029172011,0.9581178789900096,1.0149264705671557
SB68301_component_908a,204.538984,-62.071594,5.309000015258789,25.04245376586914,204.53883367190141,-62.07162321298291,5.569596079714062,0.899856775707689,0.9532109580792704
SB68301_component_909a,208.522705,-57.918681,5.744999885559082,19.607507705688477,208.52265189687856,-57.918675562476125,6.051448619737225,0.8962208410627146,0.9493594421047155
SB68301_component_912a,208.020995,-61.90245,5.781000137329102,25.134782791137695,208.02105760185728,-61.90244446498823,4.402565206947976,1.2395999424863575,1.3130981292919244
SB68301_component_916a,201.326473,-61.855238,5.309000015258789,22.49576187133789,201.32675385765071,-61.85517716356131,5.5310255635723635,0.9061319121889301,0.9598581590770712
SB68301_component_918a,204.569719,-62.411685,5.552999973297119,23.935344696044922,204.5694915394312,-62.41173205586205,5.016898909133969,1.0449047083936251,1.1068590525487971
SB68301_component_919a,206.279235,-62.304969,6.145999908447266,27.68468475341797,206.27899161841404,-62.30449606530836,4.855488262202881,1.1949342398898355,1.265784114090082
SB68301_component_920a,211.620846,-60.242467,6.289000034332275,16.37760353088379,211.6204730832318,-60.24234177883144,5.070680212082946,1.1708459006676664,1.2402675324202441
SB68301_component_922a,208.824417,-58.769539,5.604000091552734,28.446701049804688,208.82445656312345,-58.76939758675027,5.505002209236553,0.9610035697731398,1.0179832593255056
SB68301_component_925a,202.411979,-60.277542,6.035999774932861,30.484848022460938,202.41205465581376,-60.277551950013056,5.73961583307336,0.992774822868573,1.0516382891258418
SB68301_component_936a,207.362904,-58.398812,4.894999980926514,24.974491119384766,207.36217973061304,-58.39920993749298,6.119579781395256,0.7551191046986413,0.7998915212786817
SB68301_component_937a,206.97857,-61.946334,5.7789998054504395,25.458148956298828,206.97831130488734,-61.94624223341062,4.190441485664497,1.301898911822853,1.3790909204245905
SB68301_component_944a,203.419893,-61.705316,5.8429999351501465,30.118555068969727,203.4197096994126,-61.70535211165613,5.270100576852711,1.0466496745495408,1.108707480994522
SB68301_component_946a,208.979964,-60.397169,5.47599983215332,27.108909606933594,208.9792655514786,-60.39713518615788,5.626083177558687,0.9188437008149517,0.9733236533003957
SB68301_component_947a,204.191357,-57.825485,5.749000072479248,15.330666542053223,204.1916173461871,-57.82554243084629,5.707362619229366,0.9509139365630164,1.0072953929910806
SB68301_component_950a,205.144094,-60.78923,5.089000225067139,24.94607925415039,205.14442691146874,-60.78929826092475,5.4773350918051,0.8770967947292085,0.9291014954847354
SB68301_component_951a,203.460668,-62.234936,5.241000175476074,22.20762825012207,203.46074487620882,-62.23489963387284,4.097531151956343,1.2074697932907623,1.2790629237739386
SB68301_component_952a,204.983321,-58.704589,5.85099983215332,26.963132858276367,204.98332813530473,-58.70459595366397,5.592673904102198,0.9876315455185559,1.0461900572929241
SB68301_component_956a,211.139809,-59.599338,5.0920000076293945,22.043289184570312,211.13977006185357,-59.59925406266792,5.7252223936836275,0.8396154066232512,0.8893977661456719
SB68301_component_958a,200.703964,-58.509191,5.306000232696533,17.86532211303711,200.70422108421687,-58.50914585447795,5.036272446509801,0.9945861642881988,1.05355702834815
SB68301_component_969a,208.914407,-60.348557,5.506999969482422,27.954315185546875,208.91407775037968,-60.34843844785472,5.2305758865447,0.9939165713183337,1.0528477339653564
SB68301_component_970a,208.01825,-62.051548,5.204999923706055,23.34080696105957,208.01790401939041,-62.05153292435087,4.498338756431776,1.0923276688162102,1.1570938085229545
SB68301_component_978a,208.272832,-61.325669,5.306000232696533,24.118183135986328,208.27258218879948,-61.32556728248747,4.4697734849838255,1.1206399858320004,1.187084815488303
SB68301_component_979a,210.942003,-60.839769,5.729000091552734,16.605796813964844,210.94176167656337,-60.83933342898046,6.015512336237202,0.8990639256580216,0.9523710984750993
SB68301_component_981a,210.685772,-58.856196,5.202000141143799,18.985403060913086,210.6854555672546,-58.85604299331859,4.349671804023841,1.129011160661505,1.1959523328476132
SB68301_component_989a,202.11131,-59.086605,5.158999919891357,27.152631759643555,202.11109857783785,-59.08659249330445,4.8473888282088415,1.0047130154905002,1.0642843193987512
SB68301_component_991a,209.47587,-57.705702,4.928999900817871,10.162885665893555,209.47555192587885,-57.70594116085493,3.7058787090205314,1.2556019259206042,1.3300489000949014
SB68301_component_996a,206.050455,-62.42326,5.703999996185303,23.766666412353516,206.05072190669767,-62.42319976342462,5.6549249157343,0.9522194288759668,1.0086782903720712
SB68301_component_1005a,205.951419,-57.690275,5.21999979019165,10.255402565002441,205.9514617683669,-57.690473482529775,6.453347813397752,0.7636067831998905,0.8088824500291839
SB68301_component_1012a,208.369373,-58.100835,4.73799991607666,22.778844833374023,208.36930362677032,-58.10065787536745,5.350623988284365,0.8359397581656244,0.8855041816526267
SB68301_component_1018a,203.553265,-59.804345,5.098999977111816,28.486032485961914,203.55326323573627,-59.80435053501119,4.81999226369815,0.9986723679519856,1.0578855106293463
SB68301_component_1023a,208.50057,-58.970779,4.7829999923706055,27.808137893676758,208.50054338409564,-58.970696513945256,5.012752185299972,0.900758792363567,0.9541664569808337
SB68301_component_1024a,211.681917,-60.18976,4.953000068664551,12.93211555480957,211.68189514934897,-60.189946902724714,3.685230978350466,1.2687848537962956,1.3440134682905402
SB68301_component_1029a,208.346798,-62.442593,5.414999961853027,22.46887969970703,208.3464901746171,-62.442969360680074,6.034134427372312,0.8471646814757515,0.8973946515492365
SB68301_component_1034a,204.92914,-59.13945,5.013999938964844,25.4517765045166,204.92963205178575,-59.139543179984585,4.338222748398143,1.091080619969034,1.1557728198295552
SB68301_component_1040a,207.612285,-59.521664,4.965000152587891,25.46154022216797,207.61224736343354,-59.5219911512342,4.082162020480177,1.1481890298463602,1.2162672935759338
SB68301_component_1042a,202.892398,-61.714588,5.031000137329102,25.155000686645508,202.89243844371163,-61.71451094944496,5.160265178617818,0.9203789429169058,0.9749499227628181
SB68301_component_1043a,204.21119,-59.711879,4.951000213623047,25.78645896911621,204.2107876251866,-59.71162886497652,5.763052348819813,0.8110072663308381,0.8590933959912646
SB68301_component_1044a,203.254067,-59.791355,4.684000015258789,27.23255729675293,203.25401618482383,-59.79153851315378,4.873295219483596,0.9073577046441703,0.9611566310475099
SB68301_component_1045a,207.200352,-62.414542,5.361999988555908,20.007461547851562,207.2003189692861,-62.414615741685886,4.725192641596352,1.0712520216966457,1.1347685470754518
SB68301_component_1048a,207.483518,-59.808518,4.877999782562256,24.636362075805664,207.4835413121447,-59.808618463596254,3.368250081351956,1.367167772598871,1.4482296933855674
SB68301_component_1053a,209.679796,-61.889544,4.974999904632568,19.061302185058594,209.6800778915696,-61.88940335367779,4.361875554269975,1.0767234475983214,1.1405643839981603
SB68301_component_1054a,210.780269,-59.012644,5.39300012588501,17.566774368286133,210.7799580803262,-59.012648876751264,5.037239842008334,1.010699766759662,1.0706260362887219
SB68301_component_1056a,208.759581,-60.386439,4.692999839782715,23.348257064819336,208.75944268935427,-60.386354879464996,4.411927264885574,1.0041684222710117,1.06370743623409
SB68301_component_1058a,200.396278,-60.62808,4.848999977111816,25.255207061767578,200.39628950802867,-60.62805301738279,4.0407457752391265,1.1328568090562767,1.2000259968903533
SB68301_component_1063a,205.504049,-59.510848,4.38700008392334,19.94091033935547,205.50411630287573,-59.51083590916551,4.0466808467622535,1.0234180059897335,1.0840983635844115
SB68301_component_1065a,200.65815,-60.633072,4.74399995803833,27.108572006225586,200.65803870790714,-60.6329310549642,4.663614663518542,0.9602987911467319,1.0172366930631314
SB68301_component_1070a,200.977088,-62.23803,4.298999786376953,17.05952262878418,200.976666876865,-62.2381263599688,3.4828568142270546,1.165242102211146,1.2343314743276415
SB68301_component_1073a,211.455499,-61.048899,5.230000019073486,13.410257339477539,211.4555041205682,-61.048990951641116,5.549591067411582,0.8896620651233381,0.942411784137609
SB68301_component_1080a,202.75427,-60.67743,4.814000129699707,28.82634925842285,202.7538546468219,-60.67749764908745,4.538243479262483,1.001388662558332,1.0607628593964373
SB68301_component_1083a,205.079679,-58.849196,5.046000003814697,27.57377052307129,205.07946317142313,-58.84929473542006,4.619303863003694,1.031228909992005,1.0923723906167855
SB68301_component_1086a,203.084055,-58.341919,4.533999919891357,22.783918380737305,203.08393937120854,-58.34204860597047,3.7392343846269367,1.1446775999280046,1.2125476644448738
SB68301_component_1087a,205.525046,-58.142821,4.4029998779296875,21.3737850189209,205.52484406588235,-58.142898300880034,4.433127070816746,0.9376113547928382,0.9932040763989407
SB68301_component_1089a,204.598526,-62.038038,4.919000148773193,23.76328468322754,204.5984618589387,-62.03798597194056,4.104376946999911,1.131394233380784,1.1984767023820095
SB68301_component_1090a,205.125925,-62.202357,4.565000057220459,14.492063522338867,205.12577713122087,-62.20226240536423,4.121451691625534,1.0456225443412708,1.1076194503252774
SB68301_component_1091a,203.320265,-60.722131,4.39300012588501,23.745946884155273,203.32009412523266,-60.72213131482297,4.343108227996678,0.954871494402661,1.0114876017978822
SB68301_component_1093a,210.937532,-59.841692,4.593999862670898,22.30097007751465,210.93732345678288,-59.84184579020403,4.224008961180381,1.0267164298576912,1.087592357140058
SB68301_component_1095a,203.153897,-59.796592,4.494999885559082,25.9826602935791,203.1537885910837,-59.7965468732314,5.048684482414254,0.8404963262501709,0.8903309171361798
SB68301_component_1104a,208.499856,-57.745035,3.9489998817443848,10.474801063537598,208.49985027587692,-57.74499206989747,4.21769965178991,0.8838851465072854,0.9362923412691337
SB68301_component_1106a,201.073237,-58.399805,4.001999855041504,14.605839729309082,201.0731268572467,-58.399714326739165,3.907702290797955,0.9668073956076904,1.024131204791523
SB68301_component_1107a,203.504164,-59.778964,4.52400016784668,24.586957931518555,203.50408452362825,-59.77905068004026,4.609854922246286,0.9264451654509673,0.9813758229168368
SB68301_component_1111a,210.465095,-58.116062,4.519999980926514,20.269058227539062,210.46535194045583,-58.11607042847425,4.548571097959029,0.9380971364929834,0.993718660999861
SB68301_component_1115a,200.266151,-62.318442,4.7779998779296875,18.23664093017578,200.2660401350227,-62.31830273082251,4.327722471617767,1.042248062796911,1.1040448894920936
SB68301_component_1119a,207.022948,-58.433653,4.320000171661377,22.97872543334961,207.02294053926312,-58.43346613243091,3.2684111834977525,1.2477610971647906,1.3217431740146741
SB68301_component_1121a,205.967816,-58.554724,4.366000175476074,21.297561645507812,205.96765962938807,-58.55479058432322,4.825758005458823,0.8540879091240335,0.9047283702451142
SB68301_component_1125a,209.948373,-59.671684,4.811999797821045,23.246376037597656,209.94848530158393,-59.67158868220567,4.7544685614066,0.9554500450072574,1.0121004557441904
SB68301_component_1127a,205.615603,-60.933189,4.215000152587891,21.953125,205.61558399202536,-60.93327906258574,4.148437868582469,0.9591739370252367,1.016045144248036
SB68301_component_1132a,203.537174,-57.664108,4.760000228881836,10.842824935913086,203.53727861612103,-57.66411734364063,6.600100056603569,0.6808333466352864,0.7212012224147016
SB68301_component_1133a,211.159618,-59.936459,4.309000015258789,19.766056060791016,211.1592529325577,-59.936447696740665,4.091001870885465,0.9943314643350715,1.053287226760945
SB68301_component_1137a,203.804683,-59.576452,4.285999774932861,24.352272033691406,203.80448507836147,-59.576623662470006,4.177176703214769,0.9686205116557767,1.0260518238633145
SB68301_component_1139a,205.606954,-59.092838,4.775000095367432,24.74093246459961,205.60728204952736,-59.09242130608772,5.1432086510340564,0.8764428575260759,0.9284087851282107
SB68301_component_1141a,206.474944,-59.577078,4.1479997634887695,20.135921478271484,206.47495159753012,-59.576938298851246,4.352155857493818,0.8997433552982187,0.9530908127627095
SB68301_component_1142a,202.011277,-62.397479,4.492000102996826,18.71666717529297,202.01163022403904,-62.397230519551236,4.616070121675248,0.9186534807069393,0.9731221546882839
SB68301_component_1146a,200.204396,-59.492642,4.2829999923706055,12.133145332336426,200.20418068665919,-59.49228513798177,4.99748360507282,0.8090606152342562,0.8570313243295165
SB68301_component_1147a,204.673191,-61.411048,4.214000225067139,22.062828063964844,204.67343956872543,-61.41132976445736,4.74831435088199,0.8377982649162323,0.8874728827261398
SB68301_component_1151a,206.721629,-61.261473,4.133999824523926,18.705881118774414,206.721395645581,-61.26161562997722,4.491572427980341,0.8688732192890836,0.9203903289572024
SB68301_component_1152a,201.192743,-60.768371,4.2170000076293945,21.625642776489258,201.19283140187255,-60.76855008090775,3.829425946526131,1.0395713235970174,1.101209441445095
SB68301_component_1154a,203.511911,-62.725332,4.480999946594238,11.578811645507812,203.51186353334563,-62.725116699736766,5.387691971022626,0.7851570698147362,0.8317104932306866
SB68301_component_1159a,211.310859,-58.320937,4.7779998779296875,16.764911651611328,211.3109725150531,-58.32087864123575,4.1052053000324324,1.0987417273213214,1.1638881684898779
SB68301_component_1160a,205.060041,-60.477534,4.3520002365112305,23.652175903320312,205.05982867108997,-60.47763443680469,3.9935726856155687,1.0287543433943291,1.0897511023617226
SB68301_component_1161a,200.209931,-61.202978,3.759000062942505,10.678977966308594,200.21035783315804,-61.20283915609047,4.117240045544913,0.8618873559616022,0.9129902607961747
SB68301_component_1163a,207.810432,-62.08233,4.295000076293945,16.086143493652344,207.81074368138465,-62.08228120102083,4.348735682529449,0.9323619226459354,0.9876433956537343
SB68301_component_1165a,203.213104,-58.253567,4.296999931335449,21.378108978271484,203.21297850646354,-58.25339110501567,3.86660243954484,1.0491079810764712,1.1113115450889939
SB68301_component_1171a,208.602256,-58.354053,4.386000156402588,22.608247756958008,208.60215023372413,-58.353941171192815,4.588009981614103,0.902461437790193,0.9559700554224936
SB68301_component_1173a,203.377682,-61.021199,4.48199987411499,21.65217399597168,203.3778106248147,-61.02126841823682,4.328729677129348,0.9774526743618428,1.0354076619280337
SB68301_component_1177a,209.035564,-57.939061,4.0920000076293945,15.558935165405273,209.0352610562152,-57.938958209673295,4.381888414960697,0.8815738039977572,0.9338439549620748
SB68301_component_1184a,201.357809,-58.693543,4.166999816894531,17.884119033813477,201.35777762275575,-58.69342964785799,3.438003406889961,1.1441989462355024,1.2120406304844313
SB68301_component_1191a,205.788907,-58.207105,4.328999996185303,20.51658821105957,205.7890954585495,-58.20712385406892,4.279193735601482,0.9550145782504437,1.0116391693532005
SB68301_component_1195a,204.213147,-60.585861,4.045000076293945,21.515958786010742,204.2130698247592,-60.586070700772616,4.06766743684546,0.9387662337142445,0.9944274302401934
SB68301_component_1201a,208.71475,-59.178376,4.210000038146973,22.157896041870117,208.71491270546997,-59.1781767285933,3.9702631657978182,1.0010301772103893,1.0603831187852706
SB68301_component_1203a,204.004589,-61.85121,4.164999961853027,21.03535270690918,204.0044551775924,-61.851408312330385,3.858608767422402,1.0189869446157913,1.0794045763378335
SB68301_component_1204a,201.975949,-60.541669,4.521999835968018,22.058536529541016,201.97567452289925,-60.54176017702844,3.277892765084696,1.302327362424839,1.37954477465988
SB68301_component_1205a,201.800186,-58.123228,4.01800012588501,18.09910011291504,201.80019450425607,-58.12311412843213,4.054471446040438,0.9355350533285931,0.9910046671580224
SB68301_component_1207a,206.031861,-57.783095,4.315999984741211,10.475728034973145,206.03209230511223,-57.78313875548052,5.049225007429341,0.8069396856540344,0.8547846408885965
SB68301_component_1210a,204.316431,-58.405542,4.289000034332275,22.108247756958008,204.31605455683197,-58.40565461228799,3.9279356712050015,1.0308038878474335,1.0919221681185292
SB68301_component_1224a,206.955455,-58.560879,4.40500020980835,22.94270896911621,206.95544013798673,-58.56074159677408,3.0823580066058516,1.3491095573604623,1.4291007729692404
SB68301_component_1225a,206.609372,-58.58004,4.01800012588501,20.60512924194336,206.60914570737117,-58.579835110217836,4.3034948263001835,0.8813999583105615,0.9336598016406539
SB68301_component_1230a,204.782901,-58.291558,4.164000034332275,19.10091781616211,204.78310355771953,-58.29136631355582,3.001223233408893,1.3097752796787203,1.3874342927842327
SB68301_component_1239a,210.315134,-59.527587,3.7309999465942383,17.766666412353516,210.31526572001349,-59.52753052759307,2.829311454728402,1.2448838985500272,1.318695380941153
SB68301_component_1240a,200.677678,-60.253228,3.7699999809265137,16.042552947998047,200.6779884903587,-60.25327167744686,3.493872465499916,1.0186351649108965,1.0790319389597662
SB68301_component_1243a,207.876416,-58.304887,3.746999979019165,18.189319610595703,207.8760450527831,-58.30472176472409,4.274824494095445,0.8274652537667754,0.8765272081215657
SB68301_component_1245a,202.060216,-58.986639,3.921999931335449,19.22549057006836,202.06018998233992,-58.98673787774084,4.1584873734082795,0.8903413820907506,0.9431313790718556
SB68301_component_1249a,208.94718,-58.502107,4.239999771118164,21.743589401245117,208.94676212064707,-58.502000610532455,3.089638298668828,1.2955153348386987,1.3723288492847106
SB68301_component_1252a,199.859966,-61.80505,3.6570000648498535,10.883929252624512,199.860035324345,-61.80503928021403,2.527881135921019,1.3656917434675222,1.4466661477409404
SB68301_component_1262a,206.723275,-58.797347,4.076000213623047,20.585859298706055,206.72285040862982,-58.79714559854721,3.48273533637856,1.1048366962344836,1.1703445194492956
SB68301_component_1265a,205.262496,-59.166112,4.269000053405762,20.926471710205078,205.26269847762617,-59.16605056706695,3.9496197436487663,1.0203642636208148,1.0808635591491
SB68301_component_1266a,201.754536,-58.200358,4.063000202178955,18.98598289489746,201.7545094444844,-58.20031614213448,3.437358634604591,1.1158513993634913,1.182012304819143
SB68301_component_1268a,202.471995,-57.889741,3.6070001125335693,11.378549575805664,202.47201728622932,-57.889606598876206,6.289759598483171,0.5413728526540166,0.5734718562857996
SB68301_component_1271a,207.843544,-59.996623,3.7290000915527344,17.67298698425293,207.8437802058147,-59.99678032990303,3.1174593511930264,1.1292132343901318,1.196166387903559
SB68301_component_1274a,200.988681,-62.549421,3.5179998874664307,10.92546558380127,200.98840666215784,-62.549292395031,3.03790596663362,1.0932156976511092,1.158034490239609
SB68301_component_1276a,202.325547,-58.408049,3.7880001068115234,19.729167938232422,202.32574516597242,-58.40817516410943,4.085274371959786,0.8753326294226129,0.9272327295349678
SB68301_component_1281a,201.230795,-58.319671,3.5959999561309814,14.677550315856934,201.2305536430223,-58.31971177930408,3.2664628451406843,1.0392650441308915,1.1008850020996042
SB68301_component_1283a,206.136463,-58.697283,3.9639999866485596,21.197860717773438,206.13632239535363,-58.69732545982803,3.808934856174016,0.9824590648889293,1.040710890663618
SB68301_component_1291a,202.370394,-61.960507,4.068999767303467,18.665136337280273,202.36971457287214,-61.96043470430171,2.5703386764617178,1.4944509953170106,1.583059775182926
SB68301_component_1294a,206.558844,-62.091925,3.882999897003174,17.334819793701172,206.5583865119761,-62.09199145393601,3.2165901655988276,1.1396093768965523,1.2071789370407038
SB68301_component_1295a,210.989006,-59.155254,3.5959999561309814,10.333333969116211,210.98888084805924,-59.15529382008577,3.8636525104524186,0.8786299088034556,0.9307255107447289
SB68301_component_1296a,202.273163,-58.31444,3.7090001106262207,18.092683792114258,202.27308442958034,-58.31402334297036,4.000527435625926,0.8752335519754482,0.9271277776016319
SB68301_component_1298a,205.883104,-59.454741,4.066999912261963,20.75,205.88342443015705,-59.45468125222097,3.193108921752684,1.202388446648576,1.2736802946357382
SB68301_component_1300a,211.263343,-57.837212,3.885999917984009,10.093506813049316,211.2632685387858,-57.83711416536406,4.144219866484477,0.8852060298471386,0.937691542239646
SB68301_component_1303a,200.285966,-58.615468,3.634000062942505,10.719764709472656,200.2857994425726,-58.615379531155064,2.6568071379353464,1.291246822757177,1.3678072491805155
SB68301_component_1305a,204.906637,-60.050512,3.2809998989105225,18.22777557373047,204.90653679143134,-60.050674568021,3.375265118846452,0.9176618783011692,0.9720717583310474
SB68301_component_1306a,201.126864,-57.907404,3.7119998931884766,10.14207649230957,201.1270471193716,-57.90748412031886,4.1077614012385,0.8530747943643299,0.903655186026457
SB68301_component_1307a,204.708424,-58.224848,3.8310000896453857,18.24285888671875,204.70874580929612,-58.22481246168007,4.153622061166627,0.8707020149406538,0.9223275573053399
SB68301_component_1312a,202.062538,-60.373153,3.815999984741211,18.891088485717773,202.06254343489724,-60.373600827235755,4.996979736067979,0.7209167909135595,0.7636612886775369
SB68301_component_1316a,205.703993,-58.223764,3.4860000610351562,16.36619758605957,205.70419072828136,-58.22340955145454,4.921961808307354,0.668610997458342,0.7082541874159686
SB68301_component_1317a,203.23438,-59.037201,3.2939999103546143,18.61016845703125,203.23454693779593,-59.03698886042712,2.999668965524622,1.0366558859760946,1.0981211421035975
SB68301_component_1323a,205.754117,-62.716135,3.565000057220459,10.578635215759277,205.754124930899,-62.71578990721968,2.4316676200677096,1.3840114853660779,1.4660721012196527
SB68301_component_1327a,204.61349,-60.711289,3.880000114440918,22.045455932617188,204.61342064969264,-60.71130627449444,2.3728943237777895,1.54361043483684,1.6351339693306384
SB68301_component_1328a,211.067311,-58.546655,3.753000020980835,14.434616088867188,211.06737655099963,-58.54638903649234,3.320385661410858,1.0670245257772566,1.130290395057951
SB68301_component_1330a,203.13674,-60.685075,3.6389999389648438,19.564516067504883,203.13675901500932,-60.68512425504079,3.438797027235878,0.9989870776722561,1.0582188800744339
SB68301_component_1333a,200.155458,-60.158049,3.4149999618530273,11.615646362304688,200.1559101165164,-60.15843394523596,2.028566489055587,1.5892265837568778,1.6834547845867769
SB68301_component_1341a,208.067674,-62.464623,3.6530001163482666,15.882609367370605,208.06777865342497,-62.46459250089514,2.902374271044783,1.1881756158248657,1.2586247586302082
SB68301_component_1342a,202.323147,-59.733116,3.375,18.64640998840332,202.3233242432038,-59.733124722075104,2.5627212593663056,1.243245140342994,1.3169594577111947
SB68301_component_1345a,201.641393,-59.528589,3.375,17.85714340209961,201.64207210309297,-59.528667822303085,2.9005506365949487,1.0984434167648571,1.1635721705455289
SB68301_component_1360a,204.600684,-62.630311,3.3469998836517334,12.678030014038086,204.60111227901658,-62.6302516338537,2.8747139136021844,1.099120811316564,1.164289729080466
SB68301_component_1363a,199.912982,-60.9644,3.680000066757202,11.64556884765625,199.91319733601176,-60.96459424285447,4.357793217528222,0.7971968477251804,0.8444641319728635
SB68301_component_1366a,206.093921,-61.325558,3.4700000286102295,15.772727012634277,206.09377903218106,-61.32550387468215,2.7380600537136086,1.196384764761009,1.2673206432794988
SB68301_component_1367a,201.371527,-62.142485,2.872999906539917,11.355731010437012,201.3716352097109,-62.14242388750292,2.9661900857018084,0.9143679557563366,0.9685825329903487
SB68301_component_1371a,200.923899,-61.097684,3.247999906539917,13.939913749694824,200.92359694633464,-61.097662180951076,3.535044930939235,0.8673720726265821,0.9188001765162707
SB68301_component_1373a,204.239563,-60.266861,3.6459999084472656,20.25555419921875,204.23948273564204,-60.26710129068181,3.839965210095026,0.8963419625037945,0.9494877450613777
SB68301_component_1377a,207.521706,-60.980554,3.13700008392334,13.880531311035156,207.52194969468295,-60.980655713390405,3.787278223099254,0.781936857251427,0.8282993482734495
SB68301_component_1381a,209.583991,-60.847567,3.253000020980835,14.33039665222168,209.58388115267937,-60.84752294595382,3.0478590630846867,1.0075661070598154,1.0673065760752496
SB68301_component_1386a,207.718034,-61.394147,3.497999906539917,15.546667098999023,207.71811953932195,-61.394301354999,2.817165874041849,1.1721730698774104,1.2416733919615677
SB68301_component_1391a,205.949679,-58.198564,2.8340001106262207,13.30516529083252,205.94945525753585,-58.19843677031652,3.165775056496541,0.8450923585153792,0.8951994567050874
SB68301_component_1393a,211.505027,-58.108947,3.7720000743865967,10.5363130569458,211.505272950051,-58.10915878410357,3.504732308991813,1.0160175394691229,1.076259109635585
SB68301_component_1399a,204.120754,-58.974532,2.9159998893737793,15.67741870880127,204.12068942634323,-58.974271417270636,2.5705153608523776,1.070906771074272,1.1344028259013552
SB68301_component_1400a,201.459523,-62.131989,3.5999999046325684,13.899613380432129,201.45954192551545,-62.132013429105754,3.3097733493466674,1.026806476799885,1.0876877431329823
SB68301_component_1408a,207.674711,-59.899917,3.316999912261963,17.186527252197266,207.67498703759065,-59.899728092293515,2.4882258747836836,1.2584617582678987,1.3330782972226465
SB68301_component_1411a,208.161167,-60.481194,3.26200008392334,16.068965911865234,208.1612275603874,-60.481225887488414,3.346096080698142,0.9203010667406853,0.9748674291632247
SB68301_component_1416a,207.473829,-59.616227,3.7360000610351562,19.663158416748047,207.47377674411283,-59.61653221260831,3.738092055073229,0.9434985721312867,0.9994403578062682
SB68301_component_1419a,208.345475,-59.409886,3.441999912261963,18.211639404296875,208.34567671535027,-59.410005179234815,2.926854582197314,1.1101817255590691,1.1760064655067035
SB68301_component_1428a,204.819167,-62.117693,3.2209999561309814,15.265402793884277,204.81889843978388,-62.11784675766311,2.8618169103559223,1.0625105185362462,1.1255087439295297
SB68301_component_1434a,203.466055,-59.274415,3.312999963760376,18.005434036254883,203.46584800911052,-59.274454867167535,3.6221360284356194,0.8634576464973281,0.9146536567792133
SB68301_component_1436a,205.206863,-58.945187,3.5139999389648438,18.592592239379883,205.20669725952467,-58.94527371628368,2.567886778721023,1.2918445078105523,1.3684403720926699
SB68301_component_1437a,200.9466,-59.573839,3.1429998874664307,12.673386573791504,200.9466123481406,-59.574055225734824,3.2188749070604334,0.9217743754734711,0.9764280931117967
SB68301_component_1438a,206.334526,-59.340428,2.8529999256134033,15.095237731933594,206.33454852710065,-59.34052266256692,3.0045286834849776,0.8964163531105172,0.9495665464255729
SB68301_component_1441a,203.849812,-60.041415,3.382999897003174,18.486337661743164,203.8498896670104,-60.041761833476016,3.115651876667188,1.0250319984595286,1.0858080526704954
SB68301_component_1444a,211.140558,-59.993046,3.4089999198913574,15.855813026428223,211.1401669855722,-59.99307901786963,3.4099445645969255,0.943765369029245,0.9997229735886689
SB68301_component_1450a,209.070155,-60.20823,3.559999942779541,17.97979736328125,209.07029603745355,-60.20827673381965,3.299996096961029,1.0184059536855379,1.0787891373744198
SB68301_component_1455a,203.158017,-58.199558,3.242000102996826,16.291458129882812,203.15802473934846,-58.199517210650335,2.8713503263787974,1.0658871000811634,1.1290855292762112
SB68301_component_1456a,200.932848,-60.136613,3.3949999809265137,15.361990928649902,200.93320260620047,-60.13670760497876,2.3119826691962535,1.386243640250709,1.4684366047202095
SB68301_component_1459a,202.714072,-60.414201,2.9130001068115234,15.577540397644043,202.71430786471478,-60.41431997269566,2.8009949806583494,0.9817762790277225,1.03998762115841
SB68301_component_1469a,207.828729,-57.922182,3.4110000133514404,10.794302940368652,207.82871665228132,-57.92198923790141,3.005807801151409,1.071284641403303,1.1348031008652042
SB68301_component_1470a,200.814698,-62.281117,2.805999994277954,11.691666603088379,200.814310311594,-62.28114062316073,1.4948627629113935,1.7720285179392372,1.877095385540938
SB68301_component_1471a,204.954428,-61.398862,3.068000078201294,14.821256637573242,204.9544027543278,-61.39867630930981,1.9359561686458993,1.4960434628856782,1.5847466631164489
SB68301_component_1473a,201.271387,-62.169606,3.1080000400543213,11.908045768737793,201.2711464153814,-62.16902027620311,3.788151473153015,0.774529643519892,0.82045294705901
SB68301_component_1476a,202.169963,-57.882445,3.0959999561309814,10.901408195495605,202.17002969473316,-57.88225367226404,2.251550914795849,1.2980862164810283,1.3750521632826145
SB68301_component_1484a,202.870378,-60.438925,3.263000011444092,17.35638427734375,202.8702563446753,-60.43880166715761,3.6755446429333296,0.8380689258863269,0.8877595916887029
SB68301_component_1486a,201.280704,-60.093803,2.683000087738037,13.901555061340332,201.28068747244225,-60.093865709384545,3.422270037055389,0.7401006348683881,0.7839825784310582
SB68301_component_1488a,202.459755,-59.252005,3.2920000553131104,19.36470603942871,202.459561276414,-59.25202686597139,3.6640319745223913,0.8481739771285469,0.8984637902190318
SB68301_component_1489a,201.392303,-58.099903,3.052000045776367,10.00655746459961,201.3929466344151,-58.09978585925541,2.8196672531456652,1.0218120973249771,1.0823972376072062
SB68301_component_1491a,201.936234,-58.841655,3.000999927520752,15.15656566619873,201.93654235303828,-58.84156319763962,2.9009938170783003,0.9765703773723146,1.0344730519085255
SB68301_component_1494a,210.732984,-58.095801,3.190000057220459,14.5,210.73293358366473,-58.095776854172314,2.9210607019063706,1.0309425713995488,1.0920690744764636
SB68301_component_1495a,203.123224,-61.520696,3.015000104904175,16.037235260009766,203.12321743773674,-61.52076469202483,2.176147833836683,1.3079263854915948,1.3854757742209745
SB68301_component_1500a,211.331899,-58.348536,3.046999931335449,10.76678466796875,211.33234440883612,-58.34850087507163,2.8265946459063493,1.0176379097649626,1.0779755547008851
SB68301_component_1503a,205.903786,-59.85642,2.806999921798706,14.248730659484863,205.9044216464004,-59.85645976073456,3.0611450960547355,0.8656510297949299,0.9169770898532131
SB68301_component_1504a,209.145404,-60.765035,2.9030001163482666,14.661617279052734,209.14561303464652,-60.76492247886228,2.463180979044071,1.1125898556014646,1.178557378059522
SB68301_component_1505a,206.004124,-61.366232,2.9630000591278076,14.668316841125488,206.0043516291793,-61.366239931199765,2.405980905486881,1.1625826800050447,1.2315143700312146
SB68301_component_1506a,201.375029,-59.681096,2.7929999828338623,13.691176414489746,201.37533737886721,-59.68092471531029,2.1584434563336905,1.2215594891687256,1.293988023933702
SB68301_component_1508a,209.49953,-58.832189,3.0220000743865967,15.185930252075195,209.49953075281562,-58.83179474262236,3.1723691535896212,0.8992803775039108,0.9526003841536292
SB68301_component_1517a,202.385446,-60.219705,2.944999933242798,15.338541030883789,202.38530155647675,-60.2197317564611,2.401542670407968,1.1576555189091815,1.2262950683872333
SB68301_component_1522a,207.937435,-60.643939,2.9749999046325684,14.371979713439941,207.93721906664092,-60.644166281769934,2.4313089504201493,1.1551308218076697,1.2236206772974965
SB68301_component_1524a,209.889307,-61.496314,3.312000036239624,12.787644386291504,209.88943118607654,-61.49618392270093,3.7198524564358912,0.8405218025595722,0.8903579039833629
SB68301_component_1525a,209.068587,-60.990066,3.1419999599456787,14.890995025634766,209.06854402355899,-60.99008014206745,3.674196427400878,0.8072873912225876,0.8551529625671989
SB68301_component_1526a,204.628095,-60.603102,3.1070001125335693,17.653409957885742,204.6281108300588,-60.603328265972905,2.7501068277297382,1.0665373512253071,1.1297743350204519
SB68301_component_1527a,204.459792,-58.138172,3.1419999599456787,13.427350044250488,204.45979223070637,-58.138237500779475,2.787940193527286,1.0639153793909306,1.1269969015979637
SB68301_component_1536a,208.107801,-58.192013,2.7960000038146973,13.188679695129395,208.10782814715543,-58.19202431889641,2.1807876797531964,1.2103421212889385,1.2821055574429536
SB68301_component_1537a,199.841309,-60.742025,3.2060000896453857,11.786764144897461,199.8415359625814,-60.741979777876985,3.222825076013698,0.9390985302316276,0.9947794292363137
SB68301_component_1543a,206.712095,-58.851048,3.1519999504089355,16.50261688232422,206.71215530736532,-58.850851608681076,2.936750072877368,1.0132195913054205,1.0732952659198098
SB68301_component_1550a,208.944985,-59.977967,2.861999988555908,13.759614944458008,208.94457287825037,-59.978054052123895,2.8647656868048776,0.9431155082365669,0.9990345813405584
SB68301_component_1556a,206.154006,-62.169826,3.1610000133514404,13.394067764282227,206.15398164583905,-62.16970370387818,2.2849088682919505,1.3059903838798523,1.3834249834718348
SB68301_component_1560a,201.701994,-60.248862,2.825000047683716,15.188172340393066,201.70200297472644,-60.248927097055976,2.184122680258493,1.2210284851234086,1.293425535670631
SB68301_component_1569a,203.938225,-59.083866,2.688999891281128,13.932641983032227,203.93797015363472,-59.08400036205753,2.566286861091844,0.9891677510719115,1.0478173473315742
SB68301_component_1571a,209.783064,-59.517991,2.9110000133514404,14.3399019241333,209.78313267661085,-59.51798954208268,2.6241967496744203,1.047201315228889,1.1092918294760494
SB68301_component_1572a,201.427668,-60.194854,3.0409998893737793,15.921465873718262,201.42789085661724,-60.194742022678945,2.8282063095339063,1.0150552513040234,1.075239765614886
SB68301_component_1580a,209.574265,-60.241237,2.9730000495910645,15.015151977539062,209.57388214179235,-60.241094235332746,2.8736981923413545,0.9766481381074981,1.0345554232223682
SB68301_component_1581a,206.150439,-59.377118,2.6050000190734863,13.856383323669434,206.15028201595464,-59.37701096436811,2.597917311630638,0.9466005919091328,1.0027263021079
SB68301_component_1592a,210.743399,-60.481968,2.947000026702881,10.794872283935547,210.74294929654465,-60.48189153963066,2.5971896255009645,1.0711760284983847,1.1346880480990842
SB68301_component_1593a,204.152971,-60.607991,2.502000093460083,13.977653503417969,204.15321585432753,-60.60774238537522,1.8054093445548904,1.3082658360320607,1.385835351415516
SB68301_component_1597a,202.754602,-60.107159,3.0369999408721924,16.24064064025879,202.754671712124,-60.10732423468834,2.7939268880583947,1.026157706408059,1.0870005059376189
SB68301_component_1598a,206.224467,-59.588515,2.4519999027252197,12.019607543945312,206.22494083503753,-59.58855037333334,2.947631478757054,0.7852928216049941,0.8318542939971485
SB68301_component_1600a,203.999314,-58.18976,2.874000072479248,13.556604385375977,203.99865002377337,-58.18940094809739,2.242443992269592,1.2099001615832985,1.2816373931241216
SB68301_component_1602a,200.730603,-58.677557,2.4820001125335693,10.25619888305664,200.73078738557797,-58.67760469596745,2.273030626990132,1.030815343150254,1.091934302627566
SB68301_component_1606a,208.911139,-60.490829,2.9749999046325684,15.494791030883789,208.91092707844027,-60.49073593850346,2.767578319669231,1.014778836070239,1.0749469612076334
SB68301_component_1612a,208.542941,-60.738432,3.0269999504089355,15.603092193603516,208.5428796649143,-60.7382211413881,2.821240821646667,1.0128767900652922,1.072932139356389
SB68301_component_1616a,200.145419,-58.981712,2.7829999923706055,10.581748962402344,200.14598970908742,-58.98140370321416,2.2110421340471023,1.1882301045156967,1.258682478056892
SB68301_component_1618a,200.644832,-62.266142,3.0399999618530273,12.71966552734375,200.64500825183129,-62.26609009716232,2.7712948103551582,1.0355598751432455,1.0969601467493937
SB68301_component_1628a,201.171599,-60.721813,2.934999942779541,14.674999237060547,201.17133682252427,-60.72199158950623,2.160442846755885,1.282477280323808,1.3585177442609642
SB68301_component_1629a,202.503597,-61.023989,2.6679999828338623,12.294931411743164,202.5035237434115,-61.024071101022514,1.9701918741021427,1.2783849927764226,1.354182817371392
SB68301_component_1632a,204.00706,-58.981584,2.9619998931884766,16.5474853515625,204.0072060643742,-58.98167801985617,2.6031851342029726,1.0741485531944033,1.1378368193145678
SB68301_component_1633a,208.513879,-59.366089,2.755000114440918,13.571429252624512,208.51388119111792,-59.36609240015731,1.6578670489034948,1.5687592018200194,1.6617738534963111
SB68301_component_1634a,205.722282,-61.708516,2.8610000610351562,13.004546165466309,205.72210825944472,-61.7085174738655,3.330638830703969,0.8109137992760835,0.8589943871009427
SB68301_component_1637a,207.465114,-60.817056,3.0840001106262207,14.898550987243652,207.46489591146783,-60.816584909037765,3.1210338779501074,0.9328251935825399,0.9881341347860632
SB68301_component_1646a,204.977403,-59.539411,2.611999988555908,13.747368812561035,204.97757033245534,-59.53948866106084,2.497183846152522,0.9874315934472051,1.0459782496912617
SB68301_component_1655a,201.811124,-61.201743,2.9030001163482666,10.51811695098877,201.81113612827085,-61.20138715067292,3.4942684077689496,0.7842872527198624,0.8307891030620052
SB68301_component_1657a,207.936454,-60.127794,2.2890000343322754,10.746479034423828,207.93612575833706,-60.12788157757439,2.4187735341918293,0.8933773880544373,0.946347395477471
SB68301_component_1673a,207.316335,-59.208951,2.878000020980835,15.147368431091309,207.31609860935419,-59.208826452657036,2.182655275054376,1.244772566049188,1.3185774473292105
SB68301_component_1677a,204.632203,-59.67929,2.427000045776367,12.31979751586914,204.6324352908693,-59.679161195025486,1.6179955429651927,1.4160442615403306,1.5000041602887026
SB68301_component_1685a,202.997789,-58.462291,2.6059999465942383,13.364102363586426,202.99769678790156,-58.46214872787718,2.7367313351821005,0.8989315069993528,0.9522308284677994
SB68301_component_1688a,200.206201,-60.629619,2.825000047683716,12.725225448608398,200.2065196982237,-60.62978155296158,2.143939019084706,1.2439141150284463,1.3176680971503423
SB68301_component_1698a,200.976973,-60.860219,2.4030001163482666,11.608695983886719,200.97655815400762,-60.86037336370058,2.249167004804299,1.0085941685272906,1.0683955932197897
SB68301_component_1700a,203.989658,-58.621363,2.811000108718872,14.717278480529785,203.99003367165014,-58.62133335240096,2.080613856131519,1.2754215208874609,1.351043635720738
SB68301_component_1704a,204.374079,-60.276968,2.1559998989105225,12.534882545471191,204.37434639371725,-60.27712345785432,2.0855548410828204,0.9759138614074367,1.033777609890674
SB68301_component_1707a,209.359698,-59.560597,2.572999954223633,12.994949340820312,209.3600666413823,-59.5606798038166,2.2549164934353776,1.07719339066913,1.1410621908679435
SB68301_component_1708a,208.142107,-59.690284,2.3269999027252197,11.812182426452637,208.142112140309,-59.69037091928945,2.448238653698034,0.8972779171304794,0.9504791941791767
SB68301_component_1713a,201.875365,-59.232077,2.736999988555908,13.893401145935059,201.87474161457132,-59.23221947451721,2.610133877338871,0.9899115167792137,1.0486052122914025
SB68301_component_1715a,202.824923,-62.582796,2.884000062942505,10.083915710449219,202.8247843154695,-62.5830456243793,2.8019484187523838,0.9716715662067448,1.0292837811149487
SB68301_component_1718a,202.203319,-58.448794,2.6760001182556152,12.990291595458984,202.20332014180727,-58.44875080146334,3.0125219369639282,0.8385718413208502,0.8882923259149889
SB68301_component_1725a,203.739783,-58.262619,2.5950000286102295,13.803192138671875,203.73975557357772,-58.2629800481168,2.680544783607486,0.9138999728751033,0.9680868025334276
SB68301_component_1727a,203.817166,-58.565188,2.615999937057495,14.217391014099121,203.81700560859244,-58.56517742530477,2.451257757003758,1.0074722971187622,1.0672072039682625
SB68301_component_1732a,204.878208,-62.518237,2.6610000133514404,10.195402145385742,204.87841963552063,-62.51813875900729,1.583765616977029,1.5861283629332696,1.6801728644864475
SB68301_component_1734a,207.543067,-58.328557,2.5889999866485596,13.34536075592041,207.54283571423196,-58.328575226110054,2.356733717224632,1.037064809747878,1.0985543117265926
SB68301_component_1737a,203.91397,-58.72909,2.7219998836517334,14.556148529052734,203.913717047733,-58.72923169133902,2.9295506958684494,0.877145115380246,0.9291526811570712
SB68301_component_1745a,209.83129,-60.699922,2.555000066757202,11.995305061340332,209.83197490759383,-60.69960141409406,2.2521521421297073,1.0709706153261342,1.1344704555976899
SB68301_component_1746a,210.691307,-58.914942,2.8459999561309814,10.739623069763184,210.6911441647024,-58.914918077499614,2.799030368720442,0.9598682872016476,1.0167806637382113
SB68301_component_1748a,204.683395,-60.10484,2.635999917984009,13.87368392944336,204.68342448591258,-60.104812405562896,2.631441430223453,0.9456622421764401,1.0017323158738018
SB68301_component_1756a,206.874523,-61.151242,2.559999942779541,12.427184104919434,206.87524094972514,-61.15096144346787,2.8570187784316436,0.8458848087096509,0.8960388927456925
SB68301_component_1760a,203.774041,-59.813401,2.4670000076293945,13.705554962158203,203.7740364138222,-59.813561360581055,2.899293422862327,0.8032696259763625,0.8508969765446676
SB68301_component_1762a,200.993231,-61.73191,2.5220000743865967,10.047809600830078,200.99265820362942,-61.73186297564032,2.1212531962907324,1.1223723266414902,1.1889198700073234
SB68301_component_1764a,209.977769,-58.458108,2.6700000762939453,11.97309398651123,209.9778020121625,-58.458046544868424,2.0073875362241242,1.2556378981464733,1.330087005180967
SB68301_component_1779a,203.605034,-59.033846,2.427000045776367,13.634831428527832,203.60454790228692,-59.03418519718311,2.6388614942774797,0.86823552838305,0.9197148281709571
SB68301_component_1801a,202.369985,-60.294839,2.3519999980926514,11.819095611572266,202.36972142949182,-60.29491964119498,1.1826155199502395,1.8774920543801177,1.988812051267191
SB68301_component_1812a,201.809487,-62.032532,2.7060000896453857,11.41772174835205,201.80896516017143,-62.03272173568064,2.5433412625432372,1.0044019200232517,1.0639547785024712
SB68301_component_1821a,204.156714,-60.965881,2.239000082015991,11.909575462341309,204.15648572267958,-60.966258448265506,1.6273684614425592,1.298830801318366,1.375840895940222
SB68301_component_1831a,208.642636,-59.157597,2.3959999084472656,12.544502258300781,208.64227182381913,-59.15744368112145,2.8338400212014525,0.7981707942852166,0.8454958256364248
SB68301_component_1835a,210.40795,-58.550923,2.2219998836517334,10.1461181640625,210.40844513951498,-58.550689190545235,2.528156652150703,0.8297063540940195,0.8789011874566705
SB68301_component_1837a,202.868534,-58.5524,2.424999952316284,12.967913627624512,202.86849001897787,-58.55244133440822,1.455141837827381,1.5732247553434775,1.6665041779961207
SB68301_component_1839a,207.650359,-60.776846,2.3980000019073486,11.871286392211914,207.65070831783902,-60.77687572315004,1.7028622717748019,1.3293949370596125,1.4082172361526584
SB68301_component_1845a,203.352054,-60.540157,2.115000009536743,11.4945650100708,203.3518232877872,-60.54008359381198,1.816507217818188,1.0991516359095683,1.1643223813209373
SB68301_component_1850a,201.964499,-58.451463,2.0869998931884766,10.033653259277344,201.96467837008373,-58.45143435759731,2.1337629934965583,0.923337794952806,0.9780842106407273
SB68301_component_1852a,203.431879,-60.14457,2.1019999980926514,11.743016242980957,203.4320405861395,-60.14450281727166,1.5956950215456946,1.2435612651209287,1.3172943261153478
SB68301_component_1854a,208.55587,-59.274861,2.180999994277954,11.85326099395752,208.55538900930114,-59.274574135892244,1.9126255706067146,1.0764901777140161,1.1403172831084272
SB68301_component_1858a,207.584496,-58.935839,1.8990000486373901,10.550000190734863,207.58443966439873,-58.93562427418011,1.5272450416362846,1.1738175996859475,1.243415429002021
SB68301_component_1874a,206.960142,-59.764445,2.3440001010894775,12.1450777053833,206.95968605696706,-59.76418638423996,2.0818764440287567,1.0628868637024211,1.1259074033007792
SB68301_component_1924a,202.211441,-58.313317,2.2290000915527344,10.98029613494873,202.21130943001384,-58.313264669456785,2.483901765374991,0.8471494534353448,0.897378520609983
SB68301_component_1939a,208.991128,-60.581753,2.0169999599456787,10.034825325012207,208.99087329375828,-60.58175533308382,2.417700703728994,0.7875673755614278,0.8342637104893563
SB68301_component_1958a,203.483409,-58.664839,2.302999973297119,11.932641983032227,203.4831533501469,-58.66487097799986,2.5964989796839664,0.837317448655049,0.8869635579742956
SB68301_component_1960a,202.607924,-59.349208,2.243000030517578,12.530726432800293,202.60794256537585,-59.349102925507886,2.211093035748716,0.9576495911853045,1.0144304171072829
SB68301_component_1965a,201.31459,-60.6559,2.3399999141693115,11.470587730407715,201.3140866403029,-60.65544519575732,1.8287830411816204,1.2079195784575227,1.2795393775400399
SB68301_component_1972a,202.429216,-59.102259,1.9630000591278076,11.825302124023438,202.42930917506843,-59.1020583657282,1.9540633095534183,0.9483443195884976,1.004573418645495
SB68301_component_1984a,203.551406,-60.915511,1.8489999771118164,10.04891300201416,203.55113302822443,-60.91555658117372,1.8546907337643592,0.9411303270871582,0.996931695107468
SB68301_component_2005a,202.249999,-59.932901,2.115999937057495,11.626373291015625,202.24939298758514,-59.932440601228116,2.2622607834980797,0.8829931779503648,0.9353474862370089
SB68301_component_2010a,207.73639,-61.221385,2.0199999809265137,10.09999942779541,207.73577804338532,-61.22176638898045,1.8793418578374896,1.0146819699944456,1.0748443517619917
SB68301_component_2114a,203.847883,-59.528386,1.8700000047683716,10.0,203.84725090846842,-59.52814679341955,1.533831422757832,1.1509284928621817,1.2191691844506014
