Component_ID,RA,DEC,RA_comp,DEC_comp
SB66779_component_3a,79.549996,47.514892,79.550374,47.515424
SB66779_component_10a,75.958812,44.410431,75.959267,44.410939
