Component_ID,RA,DEC,RA_comp,DEC_comp
SB67292_component_10a,155.812416,-11.68026,155.81262,-11.680372
SB67292_component_28a,157.161582,-8.74398,157.161652,-8.744038
