Component_ID,RA,DEC,RA_comp,DEC_comp
SB67034_component_9a,128.205752,15.902542,128.205821,15.902395
SB67034_component_16a,126.299471,13.542457,126.299546,13.542372
