Component_ID,RA,DEC,RA_comp,DEC_comp
SB66883_component_5a,133.02148,28.566672,133.02154,28.566592
SB66883_component_6a,125.560413,25.642181,125.560227,25.642351
