Component_ID,RA,DEC,ASKAP_flux,ASKAP_flux_SNR,RA_comp,DEC_comp,Comp_flux,Flux_Ratio_AlphaCorr,Flux_Ratio_NOAlphaCorr
SB67730_component_3a,191.517536,-7.51308,574.656982421875,1968.00341796875,191.51767718695004,-7.512944580347801,651.8710558950906,0.7222551890948363,0.8815500814540811
SB67730_component_12a,191.051206,-8.101224,284.7820129394531,1116.792236328125,191.0513528049549,-8.101189039363236,230.7446580631587,1.0111709419126174,1.2341868077461775
SB67730_component_14a,191.830043,-10.365218,296.25201416015625,1204.2764892578125,191.83020775097643,-10.365213088633423,230.70156662675578,1.0520937698572428,1.284135250973186
SB67730_component_15a,192.042515,-8.524402,206.71200561523438,861.300048828125,192.04279080448435,-8.524304258797235,200.8401835682598,0.8432547028272915,1.029236290978488
SB67730_component_17a,195.606864,-10.141819,172.2220001220703,680.7194213867188,195.6070767358315,-10.14185350217761,154.43185963512903,0.9136827135695726,1.1151973467714074
SB67730_component_20a,191.331052,-10.439586,166.74400329589844,801.6538696289062,191.3311926672624,-10.439649865055964,131.4498740207605,1.0392827782335365,1.2684987683560942
SB67730_component_23a,190.155518,-11.356851,152.88099670410156,270.5858459472656,190.15563855954997,-11.356996246479124,148.2416084862338,0.8449423293671532,1.0312961270809375
SB67730_component_27a,194.694612,-8.245216,125.58899688720703,609.6553344726562,194.69494510277576,-8.245230916201864,103.94726109297612,0.9898792529291145,1.2081991922314659
SB67730_component_31a,192.364062,-10.643564,108.87200164794922,564.1036376953125,192.36435825183085,-10.643612997774833,97.37444191831052,0.9160409888117346,1.1180757445499327
SB67730_component_38a,194.413792,-7.290058,104.95099639892578,466.4488830566406,194.4139965113725,-7.2900488735149755,97.15960947104375,0.8850024774418606,1.0801916245886525
SB67730_component_42a,195.878147,-9.39477,98.93099975585938,445.6351318359375,195.8783715876267,-9.394792370397132,87.38916075232764,0.9275098066715921,1.13207403417276
SB67730_component_45a,191.747377,-11.834067,92.86299896240234,277.2029724121094,191.74751357406464,-11.834071466861284,68.61615006478121,1.1088174163373983,1.3533694163069399
SB67730_component_48a,194.538648,-8.566669,83.04900360107422,386.2744140625,194.53899591864771,-8.566661386268798,76.91685316920011,0.8846196846290086,1.079724406020417
SB67730_component_49a,190.948334,-11.255257,86.22000122070312,410.5714416503906,190.9485612698951,-11.255191357418813,70.56283268405703,1.0010959367547188,1.2218897391315142
SB67730_component_52a,195.284148,-7.267716,81.82599639892578,368.5855712890625,195.28433434255157,-7.267858345454075,76.83664173184162,0.8725023557305828,1.064934574893277
SB67730_component_54a,191.260154,-11.456699,89.63300323486328,378.1983337402344,191.26040632121752,-11.456629082453338,74.98695425364764,0.9793229107841096,1.1953146267506018
SB67730_component_56a,190.579026,-9.445237,80.572998046875,301.77154541015625,190.57921850178118,-9.445176932789726,76.14122280452015,0.8669885407673579,1.0582046765092372
SB67730_component_60a,194.22866,-11.230127,76.96499633789062,422.8846130371094,194.22881726477806,-11.230130346306511,64.56748845989982,0.976614212724916,1.1920085196699324
SB67730_component_61a,191.64544,-8.558637,83.30599975585938,420.73736572265625,191.64568404994387,-8.558569399696584,72.37951226825105,0.9429839681957402,1.1509610543811468
SB67730_component_63a,194.081118,-9.190189,76.6520004272461,418.8634033203125,194.08145655336298,-9.19020771535364,63.8947924999767,0.9828827432477674,1.1996595877085607
SB67730_component_64a,193.110036,-11.968652,71.81300354003906,137.83685302734375,193.11009973316467,-11.968759049891137,75.92642887309914,0.7749145195916625,0.9458235374149478
SB67730_component_65a,196.235698,-10.722309,74.04299926757812,299.76922607421875,196.23582675902966,-10.722314439283876,62.217610458244735,0.9750218669835657,1.1900649787453603
SB67730_component_66a,192.902631,-11.778134,71.9469985961914,231.34083557128906,192.902711690809,-11.778223173617102,59.360764378123264,0.9930174435094645,1.2120295173070017
SB67730_component_67a,191.995604,-10.278063,74.0469970703125,393.86700439453125,191.9957621783654,-10.278104116258023,62.257565570045195,0.9744487365997979,1.189365443256903
SB67730_component_68a,194.118641,-7.312726,75.19599914550781,361.51922607421875,194.11891335931765,-7.312704744710586,67.93095480168365,0.9069235853850895,1.1069474787309201
SB67730_component_70a,192.375407,-11.400921,76.5510025024414,394.5927734375,192.37574097504208,-11.4009372922736,65.94104763494717,0.9511274607088109,1.1609006111979212
SB67730_component_74a,193.730187,-9.178214,74.16000366210938,348.1690368652344,193.73062428472574,-9.178281714498823,58.12074317203049,1.0453994435188239,1.2759644769614282
SB67730_component_75a,189.99757,-11.62301,72.33699798583984,80.7332534790039,189.99752319827834,-11.623095263041256,68.59154435205188,0.8640394684426694,1.0546051801161394
SB67730_component_76a,191.210271,-6.563476,68.39199829101562,87.0127182006836,191.2103730894262,-6.563249125316712,65.85609011389114,0.850850054591986,1.0385068134585411
SB67730_component_79a,191.227857,-11.907164,73.73999786376953,146.3095245361328,191.2278568953771,-11.907154953670013,52.59916848261632,1.148597648707958,1.4019232621165887
SB67730_component_80a,193.846974,-10.600184,69.23100280761719,366.3016052246094,193.84728014213326,-10.600174103686124,58.612374472089684,0.9677317448582472,1.181167004939954
SB67730_component_81a,192.565208,-7.69813,64.44999694824219,344.6523742675781,192.56538916544963,-7.698048877118521,57.59139668640945,0.9168725505494097,1.1190907089678421
SB67730_component_83a,191.316223,-10.116392,67.30599975585938,336.5299987792969,191.3163697559808,-10.11640716238282,53.77913825034718,1.02537711788344,1.2515261855357986
SB67730_component_87a,191.367527,-8.997204,62.94499969482422,361.75286865234375,191.3677752143425,-8.997158782972578,52.31016249543327,0.9858681754835551,1.203303463267188
SB67730_component_89a,193.806007,-10.020784,60.84199905395508,360.0118408203125,193.80632277570328,-10.020881245282252,55.834461873082155,0.8927807572789817,1.0896854203100517
SB67730_component_90a,192.384386,-8.353499,55.73699951171875,298.0588073730469,192.38465697684722,-8.35342023067646,45.15459483598793,1.0113123637248227,1.2343594204348105
SB67730_component_92a,193.603521,-10.770938,58.26599884033203,278.78466796875,193.6037703384463,-10.770973298537426,46.96139549802247,1.0165245760690231,1.2407211971114784
SB67730_component_98a,190.635724,-6.684738,50.20899963378906,139.85794067382812,190.63579168483287,-6.684488539853519,51.18475984543712,0.8036826252535855,0.9809365089414395
SB67730_component_102a,195.195433,-11.77286,52.6150016784668,151.19253540039062,195.19544603985378,-11.772889637174798,37.42389013734873,1.1518723141228915,1.4059201618368762
SB67730_component_103a,191.873679,-10.901236,52.319000244140625,304.18023681640625,191.87395079567216,-10.901225726278671,39.443952906664414,1.086732576141048,1.3264137184207228
SB67730_component_105a,196.365852,-9.130743,46.74300003051758,166.34519958496094,196.36603462129088,-9.13073945227349,38.76214980209714,0.9879896790846988,1.2058928689241237
SB67730_component_106a,194.195114,-8.327354,49.428001403808594,249.63636779785156,194.19547070618606,-8.327353736877276,54.735451130704284,0.7398574125092104,0.9030345120528579
SB67730_component_112a,191.782561,-10.866994,44.198001861572266,242.84617614746094,191.78281962338806,-10.867004203143464,37.13589078875681,0.9751074415900928,1.1901694270103134
SB67730_component_117a,196.156212,-6.985576,43.07699966430664,145.0404052734375,196.156511174281,-6.985470628096962,38.97908029730801,0.9054355452583994,1.1051312482424487
SB67730_component_120a,190.689383,-7.154296,43.512001037597656,74.89157104492188,190.6895151199721,-7.154144900306673,52.20841533296971,0.6828294215829391,0.833428878468942
SB67730_component_121a,195.943892,-8.499457,41.96200180053711,172.68313598632812,195.9439526705644,-8.49946238457769,32.85802488431721,1.0463052988373647,1.2770701205648283
SB67730_component_123a,191.343763,-11.431062,40.74100112915039,183.5180206298828,191.34401411989091,-11.430986493811444,35.96880142763775,0.9280030665077823,1.1326760834973437
SB67730_component_124a,195.977367,-11.878737,42.77399826049805,84.2007827758789,195.97741834967078,-11.878802352460358,34.50630626287313,1.0156055270176254,1.2395994498698486
SB67730_component_125a,196.881795,-9.209276,43.542999267578125,51.83690643310547,196.88197027774538,-9.209243136902755,30.78434260311743,1.1588631076448146,1.414452789489442
SB67730_component_130a,196.315594,-10.676998,39.03900146484375,142.47811889648438,196.31572105156573,-10.677036973140074,28.967760432860675,1.104148435692366,1.3476706822167164
SB67730_component_131a,193.958371,-8.94552,39.76100158691406,225.91477966308594,193.9587074346418,-8.945545422459766,34.69544364853616,0.9389199165834251,1.1460006676868542
SB67730_component_139a,195.022167,-8.910725,37.625999450683594,193.9484405517578,195.02253771170732,-8.910774137693302,32.479629262824304,0.9491189887843924,1.158449166590388
SB67730_component_141a,191.450735,-11.399585,35.909000396728516,160.3080291748047,191.45100037569077,-11.399516688696469,29.039831633468573,1.0131013697624809,1.236542995495304
SB67730_component_148a,194.307257,-10.94869,34.733001708984375,169.4292755126953,194.30745293793092,-10.948680073590669,34.0746394807519,0.8351312384717164,1.0193211795712285
SB67730_component_150a,196.920918,-10.220831,36.54999923706055,33.90538024902344,196.92088124676937,-10.220787267985973,23.220628966498047,1.289606085887288,1.574031404997413
SB67730_component_152a,195.599617,-10.373973,35.52299880981445,180.31979370117188,195.5997837996525,-10.37400874283306,30.287584807166468,0.9609231558744483,1.1728567674174275
SB67730_component_153a,192.327909,-11.402809,35.237998962402344,185.46315002441406,192.32825177785725,-11.402816145350632,32.46700298225216,0.8892271586380314,1.0853480680574343
SB67730_component_155a,193.763859,-9.128987,36.4379997253418,187.82473754882812,193.76419970029212,-9.12902272614111,31.104519607433264,0.9597866630561281,1.171469618731355
SB67730_component_156a,195.266863,-10.865279,36.96500015258789,181.20098876953125,195.26699214698777,-10.865305850155925,30.299486858070214,0.9995375629185431,1.219987662686846
SB67730_component_158a,196.11955,-7.051068,35.64500045776367,146.68724060058594,196.1198666757065,-7.050988163992657,28.521440854632367,1.0239313589667696,1.2497615614666366
SB67730_component_159a,192.311383,-11.182924,34.875999450683594,185.51063537597656,192.3117269388007,-11.182940377090521,28.480419075336826,1.0032841876404748,1.2245606133262676
SB67730_component_165a,193.048617,-7.313102,32.83599853515625,162.554443359375,193.04878879440128,-7.313129182131863,29.726423155916464,0.9050055713229974,1.1046064426564177
SB67730_component_168a,195.321817,-7.114206,36.06100082397461,148.39918518066406,195.321991816873,-7.114283120544825,30.80131188928794,0.9592067854108006,1.1707618478586908
SB67730_component_172a,195.122258,-10.027371,30.756000518798828,171.82122802734375,195.1224405105547,-10.027430004274951,24.474150984478243,1.0295937687093064,1.256672827519312
SB67730_component_177a,196.160364,-11.963737,28.017000198364258,36.76771545410156,196.1604331888988,-11.963883465315346,25.155964088821726,0.9124820878734801,1.1137319205672527
SB67730_component_180a,195.561496,-9.076402,32.702999114990234,155.72857666015625,195.56178944915735,-9.076472125032115,28.682158593150824,0.9341560495698279,1.1401861198410488
SB67730_component_182a,191.700755,-6.68818,30.427000045776367,58.177818298339844,191.70093802209456,-6.687940727917491,27.4981485470851,0.906565864506904,1.1065108617649726
SB67730_component_183a,195.15445,-10.981322,29.944000244140625,147.5074005126953,195.1545549528845,-10.981321422542655,39.5244208923284,0.6207089150722737,0.7576075643388538
SB67730_component_186a,190.889924,-7.46638,29.250999450683594,92.27444458007812,190.89007438296667,-7.4662560522079335,26.809314296432007,0.8939200625106016,1.0910760016930587
SB67730_component_188a,194.767221,-8.173256,29.073999404907227,131.5565643310547,194.76751639286945,-8.173281251520905,23.90427165707613,0.9964899944884972,1.2162679466663757
SB67730_component_190a,196.490666,-9.840315,30.218000411987305,45.71558380126953,196.49081164382702,-9.840206659640138,32.11608987483733,0.7708799302843624,0.9408991109986536
SB67730_component_196a,195.592353,-9.332516,27.381000518798828,148.00540161132812,195.59261764382094,-9.332592231571958,24.773032011945688,0.905552909910101,1.10527449791352
SB67730_component_199a,192.629634,-7.600001,26.663000106811523,146.5,192.62982096397454,-7.599934247357111,23.358232525292586,0.9352177002756615,1.1414819198302137
SB67730_component_200a,193.416871,-7.790951,28.985000610351562,172.52976989746094,193.41714280732805,-7.79096431447938,23.935704160306955,0.9921350355307761,1.2109524924032924
SB67730_component_202a,196.20054,-9.589389,26.95199966430664,79.27058410644531,196.20071045517608,-9.589284276058615,20.18580604559957,1.0939275938841104,1.3351956123734814
SB67730_component_203a,192.211419,-9.12965,25.900999069213867,151.46783447265625,192.21174487325362,-9.129521319284356,22.366689904306156,0.9487646183618931,1.158016639030135
SB67730_component_205a,195.934587,-11.844407,24.316999435424805,50.87238693237305,195.9346512361106,-11.844471526454951,19.494178677189304,1.0219948873763842,1.2473979970173774
SB67730_component_208a,192.428172,-11.210793,27.299999237060547,145.2127685546875,192.42850981007126,-11.210824882039988,20.97627582979857,1.0662963695811494,1.3014702637671551
SB67730_component_210a,195.550279,-9.69027,25.297000885009766,142.92091369628906,195.55051222240579,-9.69034092905143,25.41087917562353,0.8156296886970186,0.9955185222114232
SB67730_component_211a,194.344134,-8.387254,25.332000732421875,120.62857818603516,194.34449366147481,-8.387259671802237,25.938963357347607,0.8001300055259304,0.9766003515034921
SB67730_component_212a,191.489547,-8.550002,26.75200080871582,140.8000030517578,191.48977339717862,-8.549964925544804,24.588482481296463,0.8913909558446662,1.0879890952629983
SB67730_component_213a,192.445908,-7.336688,24.56599998474121,129.9788360595703,192.44604035781197,-7.336584075486795,20.75112778097466,0.969921136104473,1.1838392710040635
SB67730_component_221a,192.307835,-11.054665,25.658000946044922,143.34078979492188,192.30817220910717,-11.054686895270784,26.74051778949876,0.7861341908724684,0.95951773065969
SB67730_component_223a,190.296267,-11.740021,24.93600082397461,50.58012390136719,190.29615420283778,-11.740021728063592,19.407975564331686,1.0526651561047449,1.284832657652477
SB67730_component_224a,195.933774,-11.669406,25.01099967956543,71.66475677490234,195.9338660675692,-11.669421023917355,19.43891268921327,1.0541508478289603,1.2866460217933964
SB67730_component_225a,190.420619,-8.898728,26.56100082397461,35.990516662597656,190.42093706001165,-8.898631839812833,24.248936136074715,0.8974193437009788,1.0953470566677883
SB67730_component_226a,196.763971,-7.834943,24.246999740600586,24.246999740600586,196.76420848622826,-7.834876583548459,15.991401315793377,1.2422676226772846,1.5162523447306548
SB67730_component_228a,193.821509,-11.462208,24.363000869750977,124.301025390625,193.82169250605887,-11.462261284206361,20.82253801995872,0.9586074454854164,1.170030322259403
SB67730_component_229a,191.028264,-8.937814,26.525999069213867,116.85462188720703,191.02851550822808,-8.937774814565916,21.29811092140819,1.0204091549370504,1.2454625279724114
SB67730_component_230a,194.012414,-7.249632,24.573999404907227,124.74111938476562,194.0126937955828,-7.249593280759855,21.799413018946478,0.9235804354535305,1.1272780319153217
SB67730_component_235a,193.947666,-9.892603,23.589000701904297,133.2711944580078,193.94798009516535,-9.892727260118942,20.555472790749707,0.9402119220996704,1.1475776277215928
SB67730_component_238a,191.747152,-9.632447,23.18000030517578,133.9884490966797,191.74725582875993,-9.632478068847456,20.081283244149738,0.9457267130869099,1.1543087173937845
SB67730_component_240a,196.11697,-11.003778,23.08799934387207,78.79862976074219,196.11701866190467,-11.003760840768152,17.992934367807667,1.0513032002885214,1.2831703196328175
SB67730_component_241a,190.357662,-8.429507,22.62700080871582,55.05352783203125,190.35770610253238,-8.429431668010222,12.200467811672034,1.519477206807679,1.854601082351027
SB67730_component_242a,195.139955,-9.548517,22.691999435424805,116.36923217773438,195.1401987744668,-9.548573663293169,19.212692334539874,0.967672093654833,1.1810941975388822
SB67730_component_243a,191.306798,-7.149856,22.43199920654297,95.45531463623047,191.3069554509759,-7.149761766769895,17.962684788569625,1.0231526015637464,1.2488110474898133
SB67730_component_246a,191.665479,-7.763259,22.42300033569336,111.00495147705078,191.665652695868,-7.763160475247098,22.750991235205944,0.8074898669405789,0.9855834457443315
SB67730_component_247a,194.802869,-11.416684,21.30900001525879,100.51415252685547,194.80302307390963,-11.416680061553151,20.132124348741396,0.8671957610932307,1.0584575997113275
SB67730_component_250a,194.34881,-8.038751,22.30299949645996,129.66859436035156,194.34916876817314,-8.038794216397443,18.052133968493404,1.012228142403501,1.2354771760161785
SB67730_component_251a,190.036745,-9.7716,22.257999420166016,32.73235321044922,190.0368369073943,-9.771532370715338,21.35910184608064,0.8537816590145783,1.042084989367206
SB67730_component_252a,193.239317,-9.472722,22.17300033569336,122.50276947021484,193.23961581783993,-9.4727580104618,19.158394611927093,0.9482198227390346,1.15735168759336
SB67730_component_257a,192.944508,-6.760574,20.954999923706055,49.65639877319336,192.94448691612084,-6.760405291346308,15.87310419401665,1.0816069703403648,1.3201576495418597
SB67730_component_260a,191.726354,-10.102052,22.246999740600586,118.3351058959961,191.72644743225487,-10.102063867354298,20.23772006605501,0.9006448007573478,1.0992838950231238
SB67730_component_265a,195.241502,-9.531034,20.125999450683594,109.38043212890625,195.24182690052817,-9.53111628795814,19.492621133684096,0.8459231214296562,1.032493234883891
SB67730_component_269a,193.259487,-6.99564,20.298999786376953,86.37872314453125,193.2594977470116,-6.9955847484964755,16.690188858212117,0.9964535732644701,1.2162234926652242
SB67730_component_271a,194.474256,-11.542211,21.05699920654297,102.21844482421875,194.47433034725196,-11.542197605420546,16.17799101883327,1.0663887913665466,1.3015830693705974
SB67730_component_272a,195.292731,-10.188869,21.117000579833984,114.14595031738281,195.2928821741935,-10.1888886767567,18.81802978164195,0.9193942031862002,1.1221685173670417
SB67730_component_275a,194.473039,-10.743941,20.900999069213867,123.67455291748047,194.47321974323438,-10.743903046210056,16.128673040404262,1.0617251103202818,1.295890803716732
SB67730_component_276a,190.943387,-12.129321,22.13800048828125,31.049089431762695,190.94304196316526,-12.129351994725578,17.01579096463825,1.0659330593364227,1.3010268246881873
SB67730_component_277a,194.189883,-8.35398,19.97100067138672,99.8550033569336,194.19023729483612,-8.354021286565555,18.273034763292305,0.895432445351593,1.092921943732377
SB67730_component_281a,195.241926,-11.342089,19.361000061035156,90.89671325683594,195.2420461704455,-11.342049982501093,15.90359912871372,0.9974153484502805,1.2173973893795618
SB67730_component_283a,190.161645,-7.628799,18.465999603271484,21.522144317626953,190.16180162117521,-7.628718862068478,18.2076442517161,0.8309267556305026,1.0141893892468288
SB67730_component_284a,193.497362,-9.719118,19.316999435424805,114.98213958740234,193.4977315415627,-9.719258918694958,26.09541373069615,0.6064837391383303,0.7402449961045121
SB67730_component_286a,191.817166,-7.898469,18.624000549316406,96.4974136352539,191.81744202514125,-7.898409795153313,20.341617780158053,0.7501207289484775,0.9155614243957985
SB67730_component_291a,196.995297,-10.362429,18.88800048828125,18.664031982421875,196.99534613163084,-10.362463336729784,14.12719183555958,1.0954027416727068,1.3369961070917313
SB67730_component_294a,196.36407,-9.29029,17.809999465942383,61.62629318237305,196.36427095891665,-9.290195436698324,11.685787900899633,1.2486754918482221,1.5240734828475944
SB67730_component_295a,190.443804,-11.593836,18.73200035095215,57.460121154785156,190.4438442455647,-11.593861635402789,15.299785520753368,1.0030959925432377,1.2243309114067749
SB67730_component_298a,192.217064,-11.9415,18.665000915527344,40.576087951660156,192.21722658677507,-11.94160416151834,18.692180477088392,0.8181100558160068,0.9985459394855317
SB67730_component_304a,191.455448,-6.711986,17.325000762939453,38.414634704589844,191.4556024267582,-6.71184325426818,15.405292297562887,0.9213974379062705,1.1246135696938553
SB67730_component_306a,191.737579,-8.629827,17.448999404907227,94.31891632080078,191.73785551254846,-8.629748251873757,16.993502023229986,0.841262094818376,1.026804209106197
SB67730_component_311a,191.019983,-11.532785,17.54800033569336,78.33928680419922,191.0201013723134,-11.532745342595431,14.504262099663165,0.9912328258933016,1.209851298543542
SB67730_component_312a,196.110647,-11.838097,15.835000038146973,26.391666412353516,196.11076015226465,-11.83813585863108,12.504037608272128,1.0375558379703522,1.2663909478064288
SB67730_component_313a,196.815958,-6.899862,16.34600067138672,19.982885360717773,196.81637523228562,-6.899622517145848,14.066979588493593,0.9520381154381753,1.1620121127322387
SB67730_component_314a,192.444089,-8.706045,16.895000457763672,101.77711486816406,192.44445237931882,-8.705935658620547,14.575352792369547,0.9496920734203356,1.1591486462412424
SB67730_component_315a,192.53102,-11.640889,17.8439998626709,77.24674987792969,192.53114476639715,-11.640966404864946,21.15364642271181,0.6911155284650851,0.843542503552131
SB67730_component_316a,194.662074,-8.280512,17.209999084472656,89.63541412353516,194.66238711369263,-8.280525338570575,15.554637140412309,0.9064933944274091,1.1064224082578933
SB67730_component_318a,192.956814,-6.848173,17.71500015258789,53.19819641113281,192.95678540029078,-6.8480871734974125,14.04638687798666,1.0332852151463061,1.2611784301876692
SB67730_component_320a,193.9309,-7.349907,16.554000854492188,85.32989501953125,193.93116750332712,-7.349902536242625,14.128051284444446,0.959984876835949,1.1717115489748264
SB67730_component_322a,192.370314,-9.125637,16.530000686645508,96.10465240478516,192.3706123301447,-9.125498834720972,14.761986493827443,0.9174274890107198,1.1197680402673
SB67730_component_324a,196.027692,-9.935867,16.325000762939453,68.02083587646484,196.02784624531364,-9.935845193440258,14.816461149167264,0.9027186282155102,1.1018151094640418
SB67730_component_325a,196.559074,-8.788341,17.42099952697754,52.15868377685547,196.55923598115533,-8.788330210693314,13.162772902154899,1.0843496942570545,1.323505286954052
SB67730_component_327a,196.573281,-10.661299,15.182999610900879,43.133522033691406,196.57334267574873,-10.66132676889148,14.163197289417097,0.8782940829994983,1.072003679723207
SB67730_component_330a,196.073028,-10.459828,15.104000091552734,72.2679443359375,196.07324535423456,-10.45986656630832,15.069515151928613,0.8211762512921453,1.0022883907860638
SB67730_component_331a,195.705961,-11.387744,16.382999420166016,75.49769592285156,195.7061645605685,-11.387842890847695,12.809329651705456,1.0478779317774443,1.2789896009885853
SB67730_component_333a,191.260219,-9.057306,15.482999801635742,85.07142639160156,191.26041350465292,-9.057234014134188,13.183710984202811,0.9621906121876386,1.174403763871039
SB67730_component_335a,191.773261,-7.168924,15.98799991607666,66.34024810791016,191.77336910903887,-7.168798980499588,13.380168277826252,0.9789854623806036,1.194902753396019
SB67730_component_336a,193.277778,-8.864623,16.201000213623047,89.50829315185547,193.2781059380993,-8.86464643134298,13.077594736040052,1.0149803485743645,1.2388363870135324
SB67730_component_337a,196.242664,-6.774213,16.836000442504883,40.76513671875,196.24291476568422,-6.773960676443105,12.763532609393799,1.0807163379485631,1.3190705863135257
SB67730_component_339a,195.197472,-8.705791,15.666000366210938,87.03333282470703,195.19775785283545,-8.705860070283357,13.76734372087942,0.9322913567212634,1.137910165085225
SB67730_component_342a,196.091371,-9.263354,15.619000434875488,73.67453002929688,196.09153648239473,-9.263373280939286,12.642540120846235,1.0121912468185599,1.2354321430328215
SB67730_component_347a,196.530667,-9.527321,16.413999557495117,27.44816017150879,196.53085964842643,-9.527131939961007,11.690215132433568,1.1503648278075982,1.4040801962622387
SB67730_component_352a,190.592734,-10.224954,15.906000137329102,46.3731803894043,190.59280193304517,-10.224872288087099,13.057777998086367,0.9980111240269318,1.2181245645055494
SB67730_component_353a,193.563897,-10.158354,14.958000183105469,82.64088439941406,193.56420031560575,-10.158408598770752,13.68149258060934,0.8957436452269516,1.0933017793910373
SB67730_component_356a,193.503843,-11.348657,14.333999633789062,79.19336700439453,193.50408146211961,-11.348702829775233,12.911318089180405,0.9095791344079601,1.1101887146441582
SB67730_component_357a,195.752736,-10.577929,15.083000183105469,75.41500091552734,195.7528509398618,-10.57795478901827,13.071066577841366,0.9454104325692809,1.153922680546576
SB67730_component_358a,192.130836,-8.786099,14.687000274658203,90.10429382324219,192.13120495556763,-8.786002018588853,14.092387864923378,0.8538708667040469,1.042193871999141
SB67730_component_359a,192.112341,-11.919025,14.998000144958496,35.8803825378418,192.11237551657365,-11.919066611703453,15.63514415972413,0.7859142157117742,0.9592492395172854
SB67730_component_365a,196.718543,-10.294416,14.62600040435791,24.70608139038086,196.71850241163625,-10.294467382575666,12.058129677140009,0.9937778481175078,1.2129576307415328
SB67730_component_368a,194.861135,-6.728062,14.791000366210938,27.960304260253906,194.8610925448005,-6.7280139558397245,14.71100812993043,0.8237563836935593,1.0054375767842694
SB67730_component_371a,193.849676,-7.958051,13.732000350952148,73.04255676269531,193.8500792148024,-7.95801048213744,10.874138280326367,1.0346242069643998,1.2628127394513884
SB67730_component_372a,193.828482,-8.917888,14.878000259399414,75.90816497802734,193.82881602073388,-8.917906369854533,13.22887530585227,0.92143630561313,1.1246610097547443
SB67730_component_375a,193.881555,-9.773871,14.324000358581543,95.49333190917969,193.8818739326571,-9.774018664299595,12.406614041365756,0.9459207058929556,1.1545454957188879
SB67730_component_376a,190.577504,-9.602023,14.506999969482422,65.0538101196289,190.57767694707212,-9.601909951618353,11.638696083937027,1.0212144777969472,1.2464454664731766
SB67730_component_377a,194.482232,-10.478036,14.477999687194824,87.74545288085938,194.48241193959726,-10.478003286555783,12.68190634337598,0.9353361120502338,1.1416264475692948
SB67730_component_378a,191.144594,-6.683663,16.104999542236328,25.482593536376953,191.14466926270487,-6.683499244064909,14.933615596870938,0.8835668828194917,1.0784394065701566
SB67730_component_380a,195.173331,-10.265538,15.418000221252441,89.63953399658203,195.1734540839695,-10.26559892791404,13.605420751326347,0.928452631377308,1.1332248008389885
SB67730_component_381a,194.149874,-9.666905,13.857000350952148,76.98332977294922,194.1501905254897,-9.666986124981534,11.47068553670937,0.9897454977358876,1.2080359370506593
SB67730_component_382a,194.843019,-10.639794,15.503999710083008,91.7396469116211,194.84314984613388,-10.639717702474499,13.966799316128435,0.9094745266282046,1.1100610353998186
SB67730_component_383a,195.987287,-11.49657,14.597000122070312,42.187862396240234,195.98729971769131,-11.496471222375089,11.360415286206498,1.0527205115814844,1.2849002218953727
SB67730_component_388a,196.431197,-8.998548,13.479000091552734,53.27668380737305,196.43144673890276,-8.998504179346208,11.351862359640911,0.9728239196181921,1.187382269492132
SB67730_component_391a,191.844548,-7.398742,14.10200023651123,77.4835205078125,191.84470488640082,-7.398608235793259,10.55138893603345,1.0950016322716323,1.3365065321734364
SB67730_component_392a,193.332338,-9.697999,14.543000221252441,81.24581146240234,193.33271111283432,-9.698103783856244,13.456934878405105,0.8854245121076143,1.0807067398825114
SB67730_component_394a,190.82786,-6.620664,11.411999702453613,11.85046672821045,190.82795455754072,-6.620555411214662,12.659505757789159,0.7385649301666911,0.9014569700268134
SB67730_component_399a,190.039079,-8.468682,13.6850004196167,16.93688201904297,190.03894987569913,-8.468542512150853,8.889187505479871,1.2613233301331954,1.5395108283159038
SB67730_component_404a,195.65405,-8.091307,13.456999778747559,67.96464538574219,195.6541782023073,-8.091390200769164,10.140400497166711,1.0872685306995533,1.3270678788779127
SB67730_component_405a,195.442914,-10.84541,13.190999984741211,66.95938873291016,195.44307385996717,-10.845444916662318,12.343637337184502,0.8755445464331268,1.0686477271171988
SB67730_component_406a,193.915098,-10.355555,13.843999862670898,80.02312469482422,193.91536660771155,-10.355531512840699,13.756710622459254,0.8245000101645287,1.0063452116285077
SB67730_component_407a,195.123287,-7.007089,14.541000366210938,55.288970947265625,195.12354196314254,-7.007171891220862,11.007722418646548,1.0822821526658841,1.3209817447412362
SB67730_component_409a,192.133972,-10.844158,14.579000473022461,76.32984924316406,192.13421533056783,-10.84418320422197,11.537582165293397,1.035277138973483,1.263609676980508
SB67730_component_410a,194.3543,-11.185753,13.526000022888184,68.3131332397461,194.35447556332363,-11.18568886107579,11.632279597247766,0.9526825976920055,1.1627987368949142
SB67730_component_412a,193.10768,-11.551731,13.607000350952148,63.58411407470703,193.1078296808976,-11.551814084571967,11.795551724914501,0.9451218801370925,1.1535704872720378
SB67730_component_419a,192.660536,-7.807748,12.95300006866455,71.17033386230469,192.6607400789899,-7.807790458601962,9.902549196331975,1.0716847234091995,1.3080470303002887
SB67730_component_424a,191.688849,-11.988366,13.067000389099121,29.167409896850586,191.68899825577745,-11.98837939816174,10.287014021773274,1.0407112591197727,1.270242303689077
SB67730_component_425a,196.321728,-9.476982,12.878999710083008,37.76832962036133,196.32186063795467,-9.476894887715613,10.03424850115305,1.0515767174959556,1.28350416163234
SB67730_component_426a,191.567378,-7.354188,12.461999893188477,61.69306564331055,191.56752333873976,-7.354109984870451,11.150011767705353,0.9157060811231101,1.117666972270212
SB67730_component_427a,191.892951,-8.450524,12.027999877929688,59.544551849365234,191.89329971101373,-8.450426219904106,12.98925737341246,0.7586697599472392,0.9259959620593585
SB67730_component_428a,195.218748,-7.650045,12.28499984741211,65.0,195.21896644573482,-7.650168109661579,13.864198417075293,0.7259790214747787,0.8860952128528234
SB67730_component_429a,194.831778,-9.101762,11.562999725341797,66.07428741455078,194.8321429719932,-9.101804280953804,10.40518130623934,0.9104677018771032,1.1112732575268232
SB67730_component_431a,192.513374,-7.638165,12.347000122070312,69.75706481933594,192.5135709515572,-7.638098990680136,11.611534463364185,0.8711952879457646,1.063339230575133
SB67730_component_432a,190.522189,-7.757385,12.468000411987305,35.72492980957031,190.52237930474683,-7.757349586065362,10.177970740297553,1.0036430713155604,1.224998649546403
SB67730_component_442a,196.492175,-9.509953,12.128999710083008,24.065475463867188,196.49240760716745,-9.50970536871441,7.6905345111268035,1.2921476471906517,1.577133512961232
SB67730_component_444a,194.017828,-8.377729,12.022000312805176,68.6971435546875,194.0181770901384,-8.377736774996489,10.896029901787191,0.9039660693149106,1.103337676306606
SB67730_component_446a,190.539196,-9.880376,11.64900016784668,48.33610153198242,190.5394067753989,-9.880283558550303,10.307259870044478,0.9259533486269305,1.1301742960514307
SB67730_component_447a,195.223904,-7.220762,11.817000389099121,55.219627380371094,195.2241176766788,-7.220899607562911,11.313143167741904,0.8557908672812422,1.0445373327188068
SB67730_component_449a,195.26729,-11.054647,11.340999603271484,57.56852722167969,195.26745688735934,-11.054633340583234,10.09891338410413,0.9200689375226192,1.122992065772385
SB67730_component_450a,192.747135,-12.056709,11.89900016784668,23.285715103149414,192.74708598098204,-12.056960983169366,10.037441469249666,0.9712502099363345,1.1854614748489458
SB67730_component_451a,192.843178,-10.091255,11.123000144958496,64.2947998046875,192.8434808972013,-10.091182363041284,9.975670068807567,0.9135315412220646,1.1150128330465199
SB67730_component_453a,193.507638,-6.703926,10.95300006866455,23.759220123291016,193.50759454934484,-6.703760146141663,13.182223267844828,0.6807507182216169,0.8308917127342257
SB67730_component_454a,194.661089,-9.959173,11.722999572753906,73.72956085205078,194.66125084119057,-9.959179451279063,10.820580776817058,0.8876297680991989,1.0833983696947458
SB67730_component_455a,194.248116,-8.969918,11.526000022888184,65.48863983154297,194.248486573268,-8.969929837722965,9.264640586072613,1.0192805124904345,1.2440849610739393
SB67730_component_457a,192.344477,-7.045623,11.107000350952148,47.063560485839844,192.34465479048842,-7.0454694475873065,8.648258022279089,1.0522327821504975,1.2843049227184256
SB67730_component_460a,192.3805,-9.063492,11.362000465393066,70.5714340209961,192.38084362393133,-9.063365672540096,9.906379258060918,0.9396876800340165,1.146937762972046
SB67730_component_461a,190.939786,-8.473449,11.52299976348877,55.666664123535156,190.93993918108953,-8.473373487244833,13.157809607810119,0.7175061632122194,0.8757536479817302
SB67730_component_462a,190.402573,-10.222993,11.288999557495117,23.276287078857422,190.40267401453997,-10.223013447292526,9.211268270048205,1.004106332327468,1.2255640837432735
SB67730_component_465a,191.430412,-9.189554,11.255000114440918,67.80120849609375,191.43068015163027,-9.189505291765643,11.705528436709068,0.7877676824520596,0.9615114922231727
SB67730_component_466a,192.839768,-7.815583,11.229000091552734,66.83928680419922,192.84002754080055,-7.8155500268729305,7.615607170510648,1.2080369887939637,1.4744720729601128
SB67730_component_467a,193.62825,-7.593842,11.090999603271484,57.170101165771484,193.62851665333778,-7.59390143302848,11.29361635708237,0.8046024300577919,0.9820591786187404
SB67730_component_469a,191.003102,-8.187732,11.107000350952148,59.07979202270508,191.00330548272095,-8.187674691954362,9.743090528895888,0.9339932306437596,1.1399873908603437
SB67730_component_473a,192.807601,-11.121774,11.826000213623047,72.10975646972656,192.8078577258462,-11.12183262124369,12.177335596670796,0.7956632298452975,0.9711484191054239
SB67730_component_475a,196.462104,-9.57632,9.923999786376953,18.276243209838867,196.46229304548055,-9.576285149673572,11.079639683469715,0.7338457611478237,0.8956969784119496
SB67730_component_481a,193.512975,-8.18176,10.829999923706055,64.46428680419922,193.51331668651173,-8.181743283163323,9.175304339482116,0.9670560715831261,1.180342310511014
SB67730_component_484a,196.067928,-7.518084,11.524999618530273,55.94660186767578,196.06826270738492,-7.518108451743166,8.40674001938198,1.1231997123952162,1.370923757837052
SB67730_component_485a,191.174842,-12.025093,10.862000465393066,16.21194076538086,191.1746929226431,-12.024873838518424,7.872406067789828,1.130436080293472,1.3797561218082042
SB67730_component_488a,195.69159,-7.270278,10.52299976348877,50.349281311035156,195.69190813141302,-7.27031191022342,9.34631604605541,0.922449880349213,1.1258981305184919
SB67730_component_489a,193.522364,-8.774469,11.765999794006348,68.40697479248047,193.5226771789719,-8.774436049327807,9.562482556598601,1.0080959299776626,1.2304335954983998
SB67730_component_492a,192.710761,-10.297848,10.97700023651123,57.773685455322266,192.71108799242867,-10.297850318597614,8.774458288443723,1.0249602918022762,1.2510174275907533
SB67730_component_493a,195.011922,-7.201099,10.49899959564209,50.96601867675781,195.01213757741428,-7.201257905272824,10.274126895453723,0.8372336487112045,1.021887280785667
SB67730_component_496a,194.650073,-9.501424,10.548999786376953,57.0216178894043,194.65038316634286,-9.50156243527753,7.4261501697474745,1.1638345273383046,1.420520666192732
SB67730_component_497a,190.870182,-11.264263,10.819999694824219,53.30049133300781,190.87047725102744,-11.264145136616348,7.456164245533575,1.1889277485015664,1.4511482497593402
SB67730_component_498a,194.692274,-7.313192,10.897000312805176,57.0523567199707,194.69251571969826,-7.313259605236688,10.2352962706526,0.8722685738242643,1.0646492318986274
SB67730_component_506a,192.918205,-7.397451,10.28600025177002,51.68844223022461,192.91837824415094,-7.397417880307087,11.612688588617827,0.7257005153920322,0.8857552816711058
SB67730_component_507a,194.62354,-9.538496,10.277000427246094,56.77901077270508,194.62380922490607,-9.538551875507956,11.01231055926068,0.7645952663592438,0.9332283513021493
SB67730_component_508a,194.193539,-9.805367,9.6850004196167,54.41011428833008,194.19378259110007,-9.805384225280537,8.754938377734,0.9063380878182873,1.1062328484513473
SB67730_component_511a,190.477828,-7.336947,10.715999603271484,15.37446117401123,190.47795891756397,-7.336785477466147,12.183986747808355,0.720587877611822,0.8795150409367499
SB67730_component_514a,192.132842,-10.03486,9.803999900817871,55.078651428222656,192.1331158126103,-10.034899166297215,8.06600902901212,0.995837038773362,1.2154709802027845
SB67730_component_516a,192.847577,-8.533907,9.965999603271484,57.27585983276367,192.847853073441,-8.533941099974465,8.10116402022281,1.007899248043985,1.2301935349529418
SB67730_component_519a,191.824228,-7.664976,9.743000030517578,51.27894973754883,191.82447690195622,-7.664872169622873,12.055419123121249,0.6621464743253362,0.8081842639407989
SB67730_component_522a,191.207528,-10.718613,9.604000091552734,47.544551849365234,191.2076481313173,-10.71858603487164,9.447952770936686,0.8328333787534871,1.016516522086782
SB67730_component_524a,190.77911,-11.080694,9.553999900817871,48.74489974975586,190.77935534393174,-11.080736425119227,7.118754649871068,1.099575078615142,1.3420886616721521
SB67730_component_525a,191.040295,-7.924733,9.47599983215332,48.101524353027344,191.04031184295033,-7.924735690038352,7.631935421688842,1.0172648498342693,1.2416247398037354
SB67730_component_528a,195.920639,-9.515632,9.527999877929688,44.943397521972656,195.92093583832843,-9.515674475387716,6.573187783657691,1.1875977997799478,1.4495249780659352
SB67730_component_529a,193.796488,-11.029318,9.923999786376953,51.95811462402344,193.79668634435532,-11.029323189228585,9.52140948093809,0.8539435923890536,1.0422826374860625
SB67730_component_530a,195.958046,-10.57923,9.541000366210938,49.18041229248047,195.95819821888884,-10.579237205364807,9.828280024184508,0.7953532711757505,0.9707700984031122
SB67730_component_532a,196.231235,-6.879311,10.1899995803833,30.41790771484375,196.23155135662606,-6.879227866750152,9.18081324661736,0.9093617730841833,1.1099234138258691
SB67730_component_533a,191.148845,-11.085314,10.248000144958496,54.222225189208984,191.1490650401829,-11.085240386327174,6.882694530266596,1.2199002174758398,1.4889517615365602
SB67730_component_534a,192.724401,-9.441994,9.095000267028809,53.1871337890625,192.72463456098185,-9.441921483450852,7.518914902184203,0.9910400998162588,1.209616066327172
SB67730_component_535a,191.38218,-7.661043,9.321999549865723,40.885963439941406,191.38236307547317,-7.660876838081682,9.881315968315542,0.7729260984046941,0.9433965657769402
SB67730_component_536a,195.393955,-9.696305,9.545000076293945,60.03144836425781,195.39426540507893,-9.696308261997958,8.030287032097082,0.9738421060116409,1.1886250190239216
SB67730_component_540a,191.534561,-7.717508,9.303999900817871,50.02150344848633,191.5346191702079,-7.717356103233182,8.620297482513175,0.884282691733138,1.0793130886366311
SB67730_component_541a,193.647798,-7.896484,9.071000099182129,49.298912048339844,193.648130091353,-7.8964038172186815,10.366128875696111,0.7169390708818886,0.8750614822520224
SB67730_component_544a,193.159036,-9.995741,9.663000106811523,54.28651809692383,193.1594326305536,-9.995743522939005,9.645438238510717,0.8207931071727168,1.0018207434298514
SB67730_component_546a,191.621963,-8.141094,9.097000122070312,46.89175033569336,191.62221287384432,-8.14107488812268,19.641828920225002,0.37945471826559873,0.4631442499075643
SB67730_component_548a,196.416944,-7.884169,9.472999572753906,22.081584930419922,196.41709257593124,-7.884292356610024,7.3423238394024635,1.0570551904021868,1.2901909231948072
SB67730_component_550a,190.943956,-9.622386,9.647000312805176,53.29834747314453,190.94421233229988,-9.622355253675327,6.632627271272206,1.1916545654420905,1.4544764718785084
SB67730_component_554a,194.502565,-10.525822,9.305000305175781,55.386905670166016,194.50281962484374,-10.525780944702495,7.649331722611548,0.99663601612442,1.2164461736794667
SB67730_component_555a,195.084035,-9.813283,9.114999771118164,52.99418258666992,195.08424008923845,-9.813277443382407,8.589923575869983,0.8693827983802184,1.0611269926455662
SB67730_component_557a,193.631418,-10.78714,9.345000267028809,46.26237487792969,193.631717856902,-10.787151350572003,7.261307225848704,1.054406772696834,1.2869583914260785
SB67730_component_559a,193.864934,-8.178347,8.838000297546387,52.295860290527344,193.86536919979406,-8.178278361229335,8.794370606857546,0.8233659998981121,1.0049610930263526
SB67730_component_561a,195.590079,-11.368917,8.34000015258789,39.52606964111328,195.5902046286094,-11.368934457695829,10.652352023881924,0.6414520973444844,0.7829256988400419
SB67730_component_565a,193.67813,-10.081625,8.993000030517578,52.900001525878906,193.67846475110517,-10.081641389352697,8.144687326939241,0.9046359848988353,1.1041553431735152
SB67730_component_566a,192.632808,-8.732425,9.048999786376953,53.544376373291016,192.63311058089766,-8.732372301203966,8.072399893264286,0.9184205461076183,1.1209801181836339
SB67730_component_567a,195.818476,-11.237009,8.802000045776367,36.073768615722656,195.8185288004094,-11.23701256927215,8.03453405139958,0.8975617809912658,1.0955209088003177
SB67730_component_568a,195.05164,-10.692142,8.300000190734863,44.1489372253418,195.05179096029258,-10.692202013866188,7.137376486532577,0.9527592577850452,1.1628923045317878
SB67730_component_569a,192.227363,-9.866312,8.593000411987305,49.67052459716797,192.22753306157767,-9.866310859781844,7.965415939537461,0.883853029125236,1.0787886630420314
SB67730_component_570a,196.288165,-6.70449,8.97599983215332,19.770925521850586,196.28857016340905,-6.704334358959828,7.7167044817187875,0.9530038338668692,1.1631908223799239
SB67730_component_573a,191.712708,-7.624295,9.791999816894531,49.95918273925781,191.71282616006303,-7.62411823021141,8.850650822588594,0.9064416868081424,1.1063592964150648
SB67730_component_574a,195.38004,-6.691471,8.776000022888184,15.985426902770996,195.37994461464967,-6.691405250876898,10.835256198778346,0.6635919544808064,0.8099485477673948
SB67730_component_575a,190.418876,-9.471256,9.071000099182129,26.523391723632812,190.41902812424448,-9.471207516144894,7.9405114986136285,0.9359450969979773,1.1423697454207928
SB67730_component_576a,193.828142,-8.778951,8.611000061035156,46.54594421386719,193.82859416403724,-8.77898427772283,5.383188225274317,1.310562411768558,1.5996096923763716
SB67730_component_577a,196.347725,-8.459131,8.177000045776367,24.55555534362793,196.34785811968655,-8.459129784896446,7.5082147261129855,0.8922796671380793,1.0890738136906766
SB67730_component_580a,190.826079,-7.026255,9.031999588012695,19.054851531982422,190.82610278780697,-7.026065195438833,7.099165951346605,1.0423660586725858,1.2722620727438356
SB67730_component_581a,191.717627,-11.527822,8.277000427246094,32.081398010253906,191.71780486418746,-11.527787534560177,6.8259423390566125,0.9934683666038573,1.2125798924328486
SB67730_component_587a,190.892318,-11.672253,8.902000427246094,35.047245025634766,190.8924032736148,-11.672196693618012,6.7547208184856675,1.0797516785810914,1.31789316930523
SB67730_component_589a,193.210378,-7.07484,8.157999992370605,40.58706283569336,193.21047194148136,-7.074834289939096,8.905093817176285,0.7505659911126167,0.9161048900613856
SB67730_component_594a,194.254567,-7.000769,8.694000244140625,32.931819915771484,194.25481211086853,-7.000784447010864,7.315392119462407,0.9737012303500892,1.1884530729406106
SB67730_component_595a,194.77866,-11.361172,8.607000350952148,47.552490234375,194.77873984249965,-11.361209503899637,7.836181777910638,0.8998932612115662,1.0983666018588754
SB67730_component_596a,194.293512,-6.455027,8.942999839782715,14.929883003234863,194.29362937795102,-6.45491095198512,8.127033245314376,0.9015604828704783,1.1004015327412107
SB67730_component_598a,192.913102,-11.014466,7.803999900817871,47.01205062866211,192.91336077687535,-11.014574471677262,6.7185295752023055,0.9516707094058086,1.1615636745311015
SB67730_component_599a,191.830376,-11.171115,8.4399995803833,44.65608215332031,191.830599241106,-11.171072879083912,6.767108801920449,1.0218401119188634,1.2472090855090285
SB67730_component_600a,191.788008,-10.673315,8.40999984741211,44.49735641479492,191.7882429175475,-10.67326541970376,7.334336357600883,0.9394611942047411,1.1466613252194893
SB67730_component_601a,196.428034,-11.811184,8.074000358581543,13.022581100463867,196.42775286642504,-11.811342737105601,5.485098859804011,1.2060018827204755,1.4719881199862341
SB67730_component_602a,190.810067,-11.946265,7.798999786376953,17.970046997070312,190.80972726721023,-11.94638526779075,6.334171897020139,1.0087713611613773,1.231257994442167
SB67730_component_605a,194.23127,-9.158072,8.149999618530273,49.09638595581055,194.23163400273592,-9.158089532896803,7.598985891728878,0.878710125894967,1.0725114817493142
SB67730_component_607a,195.073753,-11.775642,9.093000411987305,23.137405395507812,195.07377937439475,-11.775695482498982,5.868093203515322,1.2695619228974055,1.5495664599430834
SB67730_component_608a,193.488419,-8.523144,8.888999938964844,54.87036895751953,193.4887926973046,-8.52304830390862,7.280106045374646,1.0003658983620798,1.2209986892446978
SB67730_component_610a,191.968171,-7.892161,8.164999961853027,44.86263656616211,191.96842281663905,-7.892074146303477,7.118603871767324,0.9397342192273095,1.146994566481744
SB67730_component_612a,193.27269,-8.420209,8.758999824523926,50.051429748535156,193.27296898597976,-8.420219556566904,7.95354862326013,0.9022715384498381,1.1012694131155816
SB67730_component_617a,193.759877,-8.309663,8.51200008392334,44.56544494628906,193.76026198034006,-8.309656788656497,8.248156832284817,0.8455093020765209,1.0319881468070287
SB67730_component_618a,190.544886,-10.089398,7.681000232696533,26.7630672454834,190.5450386768753,-10.089338260685386,5.734672775348171,1.09736932811551,1.3393964282870863
SB67730_component_622a,192.466038,-11.948587,8.36400032043457,18.923076629638672,192.46608912211244,-11.948576301190215,6.203543100595399,1.10463275689988,1.3482618214793762
SB67730_component_625a,190.681463,-8.349143,8.149999618530273,35.58951950073242,190.6816075350662,-8.349044076075176,6.951444951097087,0.9605637240270944,1.1724180621244837
SB67730_component_629a,195.798735,-8.255945,8.312999725341797,39.58571243286133,195.79901378659724,-8.256044899021507,7.044586534193609,0.9668206966142834,1.180055023100569
SB67730_component_634a,191.067029,-10.673758,8.595000267028809,42.132354736328125,191.06724257698636,-10.67382711527964,7.115923316870258,0.9895968768638004,1.2078545375344323
SB67730_component_636a,194.949392,-7.690504,7.618000030517578,43.531429290771484,194.94966519600106,-7.690640624056627,6.902005958880761,0.9042933164214153,1.1037370984468005
SB67730_component_640a,196.591498,-10.212513,7.934999942779541,17.287582397460938,196.591793882263,-10.212486593150526,7.319274066194328,0.8882241957325858,1.0841238995857632
SB67730_component_643a,195.426429,-7.087972,7.966000080108643,29.50370216369629,195.42658843714366,-7.088067099262362,7.471926287329444,0.8734768685861349,1.0661240185970553
SB67730_component_645a,191.174688,-10.56018,7.331999778747559,36.84421920776367,191.17477341807538,-10.560296387534752,9.112952479049214,0.6591845479661714,0.8045690785290401
SB67730_component_646a,194.511295,-9.360877,7.374000072479248,43.63313674926758,194.5115932759534,-9.360926811397196,6.871381347120018,0.8792305438336434,1.0731466789526813
SB67730_component_649a,191.569555,-7.156495,7.764999866485596,34.20704650878906,191.5697384727102,-7.156295541856175,6.818957778483133,0.9329688248736306,1.1387370502553409
SB67730_component_650a,195.135603,-7.977994,7.839000225067139,43.54999923706055,195.13578406781173,-7.978172694549578,7.80260394631066,0.8231231092572472,1.0046646323467037
SB67730_component_651a,192.094303,-10.629138,7.894000053405762,44.59886932373047,192.09466410158402,-10.62922121960259,7.0591965903991545,0.9161899619102799,1.1182575739768998
SB67730_component_653a,193.274493,-8.955716,7.730000019073486,41.783782958984375,193.2747928282246,-8.955684081857548,6.325279583039767,1.001252121647825,1.222080370929414
SB67730_component_654a,190.530736,-9.061318,7.960000038146973,15.249041557312012,190.53093042216432,-9.061163213443699,8.650006593833641,0.7539461227480769,0.9202305167976917
SB67730_component_655a,194.650124,-6.661849,8.317999839782715,13.79436206817627,194.65001677649184,-6.6617597983668295,7.690773471775594,0.8861200613915381,1.0815556940155606
SB67730_component_657a,193.127408,-11.9264,7.4039998054504395,16.60089683532715,193.12747226396917,-11.926433203802782,5.194093135081127,1.1678857161910479,1.42546535321893
SB67730_component_658a,190.42537,-8.332024,8.699999809265137,26.934982299804688,190.42547535594505,-8.33208672664398,6.554237257777485,1.0875287968373577,1.3273855472566873
SB67730_component_662a,196.612629,-9.185415,8.210000038146973,19.830917358398438,196.6128009106848,-9.185516194159666,5.559549066546149,1.2098938592049713,1.4767384800234182
SB67730_component_664a,192.250201,-7.313432,7.988999843597412,42.49468231201172,192.25034706594232,-7.313378931643118,5.2178465889115175,1.2544252503320328,1.5310913625890978
SB67730_component_666a,192.427927,-7.449202,7.802000045776367,44.839080810546875,192.42813770707014,-7.449176007809683,7.8530489368486345,0.813975485754115,0.9934994813501375
SB67730_component_676a,191.87175,-9.958115,7.5320000648498535,40.934783935546875,191.87191434939982,-9.958106510990458,7.961979124433896,0.7750557835454531,0.9459959574291631
SB67730_component_677a,190.368959,-7.53583,7.618000030517578,12.208333015441895,190.36923020087124,-7.535574243657373,7.14881449061081,0.8730731321555628,1.0656312372524133
SB67730_component_682a,190.614448,-8.979131,7.507999897003174,12.834188461303711,190.61478419406976,-8.979124960459579,8.124845799069782,0.7570992423238139,0.9240790634897673
SB67730_component_686a,191.397734,-8.657632,7.39300012588501,41.301673889160156,191.39799711496556,-8.657612260394759,5.601779194428157,1.081280592872882,1.319759288841392
SB67730_component_687a,192.901367,-11.217528,7.066999912261963,41.816566467285156,192.90160960374305,-11.217600078913643,6.55763985497869,0.882940026447375,1.0776742957142664
SB67730_component_688a,191.056291,-11.359299,7.519999980926514,35.14018630981445,191.0564842970185,-11.35927192877606,5.762203001590608,1.0692345066576743,1.305056413120239
SB67730_component_690a,195.648695,-11.18613,6.7870001792907715,29.898679733276367,195.64877602338933,-11.186138503767554,5.600356233466339,0.992900863886337,1.2118872258041984
SB67730_component_696a,192.002277,-11.455404,7.633999824523926,41.94505310058594,192.00263316971325,-11.455368043918899,5.813440085580705,1.0758770056257314,1.3131639291267185
SB67730_component_698a,191.141319,-8.977462,7.4079999923706055,35.787437438964844,191.14157646615462,-8.977361724213997,5.249493504015307,1.1561847890671904,1.4111837621485328
SB67730_component_706a,190.412457,-11.048408,7.486000061035156,22.684846878051758,190.4126642377499,-11.048549518265967,6.695468831407098,0.91603594269071,1.1180695854963636
SB67730_component_710a,195.393978,-10.995154,7.267000198364258,35.62255096435547,195.39413360988212,-10.995309951188014,5.294629752948478,1.1245098322489968,1.3725228273643504
SB67730_component_712a,192.87865,-9.962993,7.048999786376953,43.51234436035156,192.8789719711822,-9.962930987257025,6.997052990136176,0.8253839419736224,1.007424096446605
SB67730_component_716a,196.198018,-9.81827,7.269999980926514,21.831830978393555,196.19802133805044,-9.818235415014954,6.9862806429388495,0.8525739582606824,1.0406109276864541
SB67730_component_717a,191.70701,-8.820189,7.50600004196167,42.89142990112305,191.70724290114026,-8.820101074143214,6.701764142296488,0.9176204927426421,1.1200036113759138
SB67730_component_725a,190.693946,-11.190305,7.341000080108643,34.46479034423828,190.69412117004268,-11.190306477360377,6.4648851679111985,0.9303322895237703,1.1355190215204576
SB67730_component_727a,193.342793,-7.77552,7.031000137329102,38.63187026977539,193.3431398547601,-7.775453817550811,5.358341133496752,1.0750543682389124,1.3121598573439097
SB67730_component_728a,196.390247,-10.237309,7.234000205993652,23.260452270507812,196.39034530983815,-10.237256650894215,5.312753092955458,1.1155847397127918,1.3616292870048312
SB67730_component_735a,192.010329,-9.778793,6.697000026702881,41.339508056640625,192.01034758290905,-9.778884887569626,6.511154065355465,0.8426864483511679,1.0285427067893025
SB67730_component_736a,192.920312,-10.423344,6.548999786376953,37.855491638183594,192.92064399330692,-10.423316125547093,6.3395868652143985,0.8463650090268102,1.0330325817146875
SB67730_component_738a,194.600389,-10.664081,6.890999794006348,38.07182312011719,194.6005530063577,-10.663997530567116,5.996286971343661,0.9415502620262062,1.1492111413177073
SB67730_component_739a,195.2624,-11.470766,6.539000034332275,29.858448028564453,195.26257565059583,-11.47082358220685,4.4585835680329895,1.2015949913486195,1.466609279506476
SB67730_component_740a,194.707802,-11.455946,6.861999988555908,35.554405212402344,194.70782059279276,-11.455958209797966,5.631712558444457,0.9982835470357391,1.2184570709786493
SB67730_component_745a,191.290549,-9.321277,6.551000118255615,35.9945068359375,191.29085631896265,-9.321245934903477,5.812694360823275,0.9233658327583328,1.1270160981469137
SB67730_component_747a,190.585499,-8.106386,6.290999889373779,27.2337646484375,190.58553998204965,-8.106326334282683,7.290064166346741,0.7070205018536021,0.8629553520825014
SB67730_component_748a,193.173225,-8.170928,7.317999839782715,41.57954406738281,193.17350592754028,-8.17085895846058,6.342226228272906,0.9453537410323414,1.1538534855726092
SB67730_component_749a,192.964186,-11.718765,6.39900016784668,23.966293334960938,192.9642556841636,-11.718818094650455,6.092917533449591,0.8604596357528281,1.050235807840287
SB67730_component_754a,196.661838,-6.997534,6.59499979019165,12.731659889221191,196.66197526558858,-6.997276503980568,5.383372132085072,1.0037003253641006,1.2250685310950804
SB67730_component_759a,196.509821,-9.327612,6.2230000495910645,15.215158462524414,196.5098076185207,-9.32751319505788,4.828768683762436,1.055861814361575,1.2887343455728104
SB67730_component_760a,191.016161,-11.373939,6.322000026702881,29.268518447875977,191.01630197856971,-11.373776060830188,5.671622236835843,0.9132525164962724,1.114672268833948
SB67730_component_763a,192.094588,-9.403024,6.583000183105469,38.052024841308594,192.09479153916715,-9.402990754418012,7.252319849346408,0.7436876996669795,0.9077095770532984
SB67730_component_767a,195.184117,-9.53169,6.870999813079834,37.75274658203125,195.18437709891785,-9.53171687963653,5.502329621646434,1.023097477683222,1.248743765922162
SB67730_component_768a,194.595959,-10.599663,6.985000133514404,38.8055534362793,194.5962144064623,-10.599619714185437,6.995140875681224,0.8181136416922015,0.99855031623422
SB67730_component_771a,192.127618,-8.812894,6.6479997634887695,41.29192352294922,192.1279650794851,-8.812797128304197,5.2419639352512215,1.0390600504921612,1.2682269175455827
SB67730_component_772a,192.112407,-10.953115,6.598999977111816,38.590641021728516,192.11265627598252,-10.953078943804854,7.619606044296327,0.7095602696151483,0.8660552709351047
SB67730_component_774a,192.38991,-9.182079,6.388000011444092,40.43037796020508,192.3901602735642,-9.181864147559942,7.73092552667819,0.6769819655146192,0.8262917537363571
SB67730_component_778a,192.284469,-11.675999,6.6570000648498535,25.60384750366211,192.284693109302,-11.676127892645365,5.006542313349199,1.089392424773788,1.329660202231779
SB67730_component_779a,193.434454,-9.744653,6.322000026702881,38.31515121459961,193.43490472787184,-9.744847692981383,5.667887105445403,0.9138543489037114,1.1154068366374201
SB67730_component_780a,196.437032,-10.931767,5.833000183105469,16.956396102905273,196.43699659879212,-10.931884036589874,4.7983172095032565,0.9959710519668036,1.2156345502862924
SB67730_component_785a,193.758018,-10.079506,6.409999847412109,35.810054779052734,193.75831510900466,-10.07963142328633,4.807109993886725,1.092490427869494,1.3334414763888913
SB67730_component_790a,193.302155,-10.965565,6.60099983215332,36.269229888916016,193.30238837309523,-10.965508443981927,5.811527140712947,0.9306001799835226,1.1358459957813296
SB67730_component_791a,192.555278,-9.629026,6.0920000076293945,35.418601989746094,192.55550107521924,-9.628899774380637,5.512672102898526,0.9054019278872549,1.1050902164897967
SB67730_component_792a,194.972067,-11.593156,6.729000091552734,19.561046600341797,194.97199896549915,-11.593159609464344,6.383652217900098,0.8636245839804771,1.0540987920181903
SB67730_component_797a,194.362653,-8.913547,6.0289998054504395,33.68156051635742,194.3629943070947,-8.913579254515094,4.953431107850433,0.9972012712595675,1.2171360970167515
SB67730_component_808a,195.226264,-7.906786,6.066999912261963,31.598957061767578,195.22650584519621,-7.906877669199781,5.311576623904282,0.9358240856453185,1.142222044761242
SB67730_component_810a,195.338561,-9.095589,6.21999979019165,33.26203155517578,195.33885174356936,-9.095625615921103,5.468006328907544,0.9319766731054329,1.1375260773398461
SB67730_component_813a,195.295977,-6.964276,6.639999866485596,21.6993465423584,195.29594661377973,-6.9643102752437835,5.679156859464673,0.9579170146713937,1.1691876154854954
SB67730_component_814a,195.155528,-8.094365,6.290999889373779,34.190216064453125,195.15557967096692,-8.094570916715952,4.6363812044815305,1.1116913381611837,1.3568771875990036
SB67730_component_816a,191.256334,-7.289193,6.376999855041504,32.70256423950195,191.25656474082257,-7.289143593077608,6.5747467935678765,0.794659456726574,0.9699232617262417
SB67730_component_817a,196.100286,-8.378492,6.007999897003174,22.088233947753906,196.10064022414542,-8.378563333075663,4.1452461164178676,1.187471722028118,1.4493710936022812
SB67730_component_820a,191.274478,-9.804482,6.5929999351501465,34.51832580566406,191.27463034599504,-9.804377754681557,5.260908277288316,1.0267530988659566,1.2532056420015072
SB67730_component_826a,192.641716,-7.187825,5.913000106811523,26.515695571899414,192.64190375608305,-7.187779624642009,6.097003420022289,0.7945754253588542,0.9698206970646421
SB67730_component_829a,194.711003,-11.283951,5.449999809265137,29.459457397460938,194.71105172881582,-11.28383576833981,5.398285449085623,0.827150092393872,1.009579775035474
SB67730_component_831a,194.046351,-7.699146,5.610000133514404,29.067358016967773,194.04663812558405,-7.699076847570768,5.96672022227088,0.7703194756167316,0.9402150468820354
SB67730_component_832a,194.017673,-8.228325,5.789999961853027,31.813186645507812,194.0181219019387,-8.228345924918406,4.832929312746813,0.9815485788594281,1.1980311705743238
SB67730_component_835a,194.814803,-10.951267,5.959000110626221,33.85795593261719,194.81490380641984,-10.951244101639633,5.367713195205206,0.9095524992591079,1.1101562050575264
SB67730_component_836a,195.624346,-7.118226,5.927000045776367,23.062257766723633,195.6246301916267,-7.118164371490616,4.301110016065909,1.1290107058196712,1.3780163780134154
SB67730_component_838a,196.572621,-8.505406,5.203999996185303,11.119658470153809,196.57265743761255,-8.505412561831246,3.6765208717936426,1.1596953948816133,1.4154686394168239
SB67730_component_839a,190.824628,-10.290824,5.756999969482422,21.724529266357422,190.82470100740548,-10.290764591682255,6.633684926598504,0.7110253218082306,0.8678434434531378
SB67730_component_843a,190.425688,-7.795311,6.0269999504089355,15.573643684387207,190.42579824769516,-7.795234775832112,5.571433133839169,0.8862942792724547,1.0817683360144437
SB67730_component_844a,195.107886,-7.765273,5.7769999504089355,27.509525299072266,195.1082113522532,-7.7652964906395825,6.042459911146959,0.7833074676660113,0.9560675677387102
SB67730_component_845a,192.055769,-11.144272,6.089000225067139,36.02958679199219,192.0561341663449,-11.144156392038088,5.528104124898874,0.9024298586098273,1.1014626511179408
SB67730_component_847a,195.479233,-7.653858,5.754000186920166,29.06060791015625,195.47959432478095,-7.653964046850902,5.1140221589856845,0.9218302320931706,1.1251418175437502
SB67730_component_849a,194.669895,-10.810189,5.636000156402588,32.95906448364258,194.67021355097413,-10.810297710828765,4.219423518168979,1.094363395200688,1.3357275305817922
SB67730_component_851a,192.921952,-10.654841,5.7230000495910645,35.3271598815918,192.922156441097,-10.654798419668127,6.780324437325944,0.691539442119305,0.8440599122492918
SB67730_component_853a,196.219743,-11.079337,5.9720001220703125,17.7738094329834,196.2197510547158,-11.079539942468196,4.337559755570105,1.1280231639235794,1.3768110316869597
SB67730_component_854a,190.885837,-9.873816,5.853000164031982,29.710660934448242,190.88608666322492,-9.873842100769862,5.150898314665698,0.9309776193660716,1.1363066802090136
SB67730_component_856a,195.47238,-10.353495,6.458000183105469,32.7817268371582,195.47249048622618,-10.353470879983325,3.734875423765055,1.4166599402872264,1.729107252684558
SB67730_component_857a,192.85651,-6.683946,5.619999885559082,11.353534698486328,192.8564370049187,-6.6839791760847165,5.380671907899132,0.8557432384155516,1.044479199207185
SB67730_component_861a,192.26028,-9.308248,5.841000080108643,34.157894134521484,192.26062296838782,-9.308249425269462,5.701080724933342,0.839409157014977,1.0245426019953325
SB67730_component_862a,194.750466,-6.839008,6.019000053405762,15.881266593933105,194.75044835299974,-6.839094233485404,4.8878305672693845,1.0089087417067213,1.2314256745540817
SB67730_component_864a,190.486858,-7.947771,5.89900016784668,23.224409103393555,190.48690942843808,-7.947759080751018,6.959759457121576,0.6944290167622301,0.8475867886224898
SB67730_component_866a,194.214019,-6.645934,5.609000205993652,10.80732250213623,194.2138578748464,-6.645645998964683,4.5676610068288035,1.0060863851134854,1.2279808413120004
SB67730_component_867a,190.428095,-10.000784,5.565999984741211,17.669841766357422,190.42802641305005,-10.000818165123913,4.9081923740274345,0.9291060869477761,1.1340223774020517
SB67730_component_869a,196.039651,-9.385476,5.14900016784668,24.060749053955078,196.03986474002105,-9.38559191667619,3.726344760059303,1.132096776105387,1.3817830875543398
SB67730_component_874a,192.785636,-7.316485,5.47599983215332,27.656564712524414,192.78578456371017,-7.316349607510099,5.380498455834933,0.8338435925905394,1.0177495406981893
SB67730_component_877a,193.237828,-7.478748,6.099999904632568,34.078208923339844,193.23795034266828,-7.4788575033322005,5.103177823050461,0.9793384533401257,1.1953335972498504
SB67730_component_880a,195.036776,-11.190043,5.620999813079834,28.678571701049805,195.036714305764,-11.18993424561387,4.696908511803597,0.9804944749788218,1.1967445818784723
SB67730_component_881a,191.87526,-8.715165,5.506999969482422,30.4254150390625,191.87551843782038,-8.715081687879852,3.521380065611985,1.2812853294006026,1.5638754882669428
SB67730_component_884a,194.834882,-10.175801,5.821000099182129,34.04093551635742,194.8349457420223,-10.175796110363388,4.706915541204119,1.0132226320776054,1.2366910024676172
SB67730_component_888a,194.493747,-11.916229,5.86299991607666,14.584576606750488,194.4938287493438,-11.916265963549064,4.906512417119301,0.9790179770807901,1.1949424392813275
SB67730_component_892a,194.166906,-9.977269,5.625,33.28402328491211,194.16719899414895,-9.977371383393237,5.269911562746674,0.8745061751140166,1.0673803408321818
SB67730_component_895a,190.707282,-7.484924,5.473999977111816,13.318734169006348,190.70753643960174,-7.484698287831773,4.460022278758446,1.0055679990045334,1.2273481240626527
SB67730_component_896a,195.928889,-7.832596,5.355999946594238,25.02803611755371,195.92912547533973,-7.832622597897627,4.42500839934514,0.9916767824444861,1.2103931706405069
SB67730_component_906a,194.514925,-9.063363,5.447000026702881,32.230770111083984,194.51531662375334,-9.063409125264473,5.66034272230922,0.7884212672191889,0.9623092264774908
SB67730_component_909a,192.423672,-10.684609,5.494999885559082,33.30302810668945,192.42401076350416,-10.684598317774736,5.012997669777884,0.8980776031995031,1.0961504966752866
SB67730_component_910a,196.256754,-11.385743,5.645999908447266,12.141935348510742,196.25671078584458,-11.385651391641552,4.312495263014008,1.0726447626161122,1.3092188081619525
SB67730_component_912a,193.732006,-8.491674,5.616000175476074,29.098445892333984,193.73226249019285,-8.491635828919195,4.773056976278565,0.9639936540115782,1.1766044703398306
SB67730_component_916a,191.16267,-9.701095,5.64900016784668,32.65318298339844,191.16276516349487,-9.700969813539858,4.637070658749779,0.998094252797447,1.2182260275002434
SB67730_component_917a,195.49916,-8.054159,5.051000118255615,26.445026397705078,195.49929646406258,-8.054240290882527,4.191419972632627,0.9873244250614981,1.2050808917349045
SB67730_component_918a,190.786972,-8.089368,5.426000118255615,28.113988876342773,190.7871584468532,-8.089481641127984,4.019666575638576,1.1059447953241428,1.3498632327218894
SB67730_component_921a,196.253295,-7.79383,5.383999824523926,19.57818031311035,196.25371090316457,-7.793830615449038,4.140505695234987,1.0653574115753341,1.3003242166095768
SB67730_component_923a,193.914871,-6.910332,5.339000225067139,18.6027889251709,193.9150633066471,-6.910084271885465,4.602673993140631,0.950371502118467,1.1599779243595907
SB67730_component_926a,191.284431,-9.373676,4.992000102996826,27.428571701049805,191.28458926685357,-9.373707482770667,3.6143432456415217,1.1315894046022381,1.3811638142051392
SB67730_component_930a,193.226165,-7.025726,4.913000106811523,22.43379020690918,193.22633866573796,-7.025890460904586,6.518585513715696,0.6175001781939014,0.7536911338317378
SB67730_component_931a,193.489123,-7.590211,5.35699987411499,30.265535354614258,193.48936953445804,-7.590056149124595,4.710811746775499,0.9316859958888989,1.1371712906553313
SB67730_component_933a,196.023763,-7.216743,5.122000217437744,23.176471710205078,196.02395457990363,-7.216870006078049,3.8595869621655536,1.0872826119240877,1.3270850657459652
SB67730_component_936a,193.974017,-7.669093,5.4079999923706055,28.314136505126953,193.9742205072109,-7.669014671648134,4.240703110006612,1.0448224470183836,1.275260222676181
SB67730_component_939a,192.881796,-8.881613,5.324999809265137,29.74860191345215,192.88191607623827,-8.881631391991245,4.381012717817906,0.9958381583868832,1.215472346749409
SB67730_component_946a,195.741482,-8.029193,5.380000114440918,25.619049072265625,195.74175972608504,-8.029243251935847,4.044589090770193,1.089811934715017,1.3301722359678392
SB67730_component_947a,196.313262,-9.827161,5.330999851226807,13.59949016571045,196.31355657872737,-9.826947125697398,4.594364855981901,0.9506636099419263,1.1603344571743799
SB67730_component_954a,194.566515,-11.855205,5.164999961853027,15.990711212158203,194.5663468280869,-11.855150368809896,2.9406262679578834,1.4390443249361113,1.7564285601787333
SB67730_component_955a,193.785059,-8.638569,4.9670000076293945,27.594444274902344,193.7853910849022,-8.63859115417603,5.720279419226277,0.7114110362006938,0.8683142279614776
SB67730_component_956a,191.542679,-11.669887,4.873000144958496,17.09824562072754,191.54269682625562,-11.669828175415347,4.767004593013887,0.837518742611034,1.0222352527413017
SB67730_component_958a,192.518455,-9.765924,5.269999980926514,31.74698829650879,192.518761167398,-9.76593805584378,4.413535291876848,0.978290172516172,1.1940541158979736
SB67730_component_962a,191.133425,-7.496073,4.9730000495910645,23.568721771240234,191.1336746971632,-7.495969607174439,4.879744537423667,0.8349588221962899,1.019110736525694
SB67730_component_964a,196.250004,-9.320644,5.314000129699707,20.43846321105957,196.25026381077814,-9.320527964419984,4.4581733849583385,0.9765810362911689,1.1919680261043428
SB67730_component_965a,191.882685,-7.812501,4.75,25.956283569335938,191.88283291108615,-7.812306919733074,3.522660062883767,1.1047564726845265,1.3484128230390449
SB67730_component_970a,192.577631,-9.468282,4.696000099182129,27.46198844909668,192.5778547699582,-9.468312763183363,5.669698988325439,0.6785967510378944,0.8282626835836845
SB67730_component_973a,194.213722,-11.526793,4.947000026702881,21.98666763305664,194.21369545812524,-11.526823943364619,4.114356828343649,0.9851075310976727,1.202375057171314
SB67730_component_975a,194.660862,-10.22848,4.75,26.388887405395508,194.6611950724321,-10.22851411699401,3.6358910872028405,1.0703515072922787,1.3064197705807146
SB67730_component_978a,194.865199,-7.467678,4.811999797821045,27.34090805053711,194.865387324821,-7.468006379859131,4.77405829663944,0.8258127110810969,1.0079474314773895
SB67730_component_981a,192.539768,-10.761293,5.0229997634887695,28.378530502319336,192.5399843898894,-10.761331737406806,4.860993029160026,0.8466069712452392,1.0333279092063907
SB67730_component_985a,191.953577,-8.343627,4.855000019073486,26.530054092407227,191.9541146762288,-8.343615423995782,4.1386520070681305,0.9611120138099127,1.1730872783655046
SB67730_component_986a,193.90866,-9.192219,5.190000057220459,32.03703689575195,193.90896209741197,-9.192137358167747,4.7029698011259535,0.904146599882305,1.1035580232681708
SB67730_component_988a,191.87006,-9.879135,4.861999988555908,29.82822036743164,191.8700881689607,-9.879032791967711,4.852140551398102,0.8209661709836309,1.0020319768261794
SB67730_component_989a,191.779731,-9.305323,4.889999866485596,28.764705657958984,191.7796996016714,-9.305425571963262,3.7443134379932426,1.0699915095887318,1.3059803746308112
SB67730_component_998a,191.8819,-11.808883,5.0929999351501465,16.27156639099121,191.88200035715005,-11.808621085427825,3.369757120457768,1.238279695839929,1.5113848722896333
SB67730_component_999a,194.364265,-8.356966,5.031000137329102,25.80000114440918,194.36449189602519,-8.35693797633903,4.95522699063098,0.8318297649531319,1.0152915591639675
SB67730_component_1000a,192.351181,-8.629601,4.563000202178955,26.07428741455078,192.35135540656054,-8.629432928536877,3.3305151928904686,1.122490695448931,1.3700583657205432
SB67730_component_1002a,192.925658,-11.479515,4.9670000076293945,28.06214714050293,192.92592477912177,-11.479513502252063,3.8202575935797847,1.0652344270785048,1.3001741076247821
SB67730_component_1008a,191.570268,-10.161566,5.179999828338623,29.10112190246582,191.5705084175679,-10.161601515282863,3.9878167495604866,1.0642367040275524,1.2989563346684703
SB67730_component_1011a,196.095272,-9.465778,4.658999919891357,19.33194923400879,196.09544363110936,-9.465758667791672,4.081733482045169,0.9351725270803328,1.1414267835921876
SB67730_component_1015a,194.131098,-8.856557,4.603000164031982,26.918128967285156,194.13136101621137,-8.856601393714548,4.862227907125959,0.7756206435888009,0.9466853985363255
SB67730_component_1020a,191.566869,-7.939271,4.468999862670898,23.52105140686035,191.5669412131117,-7.9390355484086905,3.958676177276529,0.9249197318001529,1.1289127128719731
SB67730_component_1021a,196.059711,-11.56525,4.715000152587891,12.539894104003906,196.0596985053365,-11.565214640269737,3.7918562797905357,1.0187638448236336,1.2434543412727526
SB67730_component_1027a,193.827839,-10.427509,4.620999813079834,26.40571403503418,193.82820267151845,-10.427442248768845,4.253785637132031,0.8900287411450356,1.0863264412626548
SB67730_component_1028a,194.918856,-7.157946,4.693999767303467,21.832555770874023,194.91927968022213,-7.158231166199152,3.6026868799627083,1.0674811790006218,1.3029163853818055
SB67730_component_1032a,192.074553,-11.616473,4.916999816894531,21.950891494750977,192.0749203585582,-11.61648050773455,4.173954751401207,0.9651529362861938,1.1780194347444428
SB67730_component_1038a,193.847344,-10.558342,4.730999946594238,25.852458953857422,193.84763988226626,-10.558421979106278,3.8290740801130525,1.0122851255064031,1.2355467268615907
SB67730_component_1039a,192.587305,-8.563838,4.60099983215332,25.848312377929688,192.58766138373826,-8.563748152291662,3.738604724619502,1.0082920612411899,1.2306729839222543
SB67730_component_1048a,193.740102,-6.881494,4.192999839782715,12.629518508911133,193.74018337068185,-6.881233919253124,3.886912875711605,0.8838197873892417,1.0787480897716475
SB67730_component_1054a,191.448764,-8.531571,4.0879998207092285,21.629629135131836,191.44888954918844,-8.53146246911278,4.089789479924337,0.8189428498506321,0.9995624079860604
SB67730_component_1057a,194.315036,-7.843685,4.203000068664551,22.12105369567871,194.31540121601424,-7.843732334841226,3.938348080298075,0.8743573809175303,1.067198729764497
SB67730_component_1060a,194.761787,-9.491332,4.4720001220703125,21.5,194.76193579245611,-9.491299521579972,3.570463551775755,1.0261737087284044,1.2524984661574776
SB67730_component_1062a,194.307954,-10.400871,4.454999923706055,25.457143783569336,194.3081803949801,-10.400870145983921,4.923124742754126,0.7413965173997058,0.9049130697455798
SB67730_component_1064a,193.633443,-7.077363,4.317999839782715,18.29660987854004,193.63360799789928,-7.077384088631871,4.312857915814294,0.8202781662799946,1.0011922312463777
SB67730_component_1067a,192.327199,-10.618688,4.367000102996826,23.863388061523438,192.3274656107482,-10.61877248497286,3.5511866914207193,1.0075193100986617,1.2297298008992383
SB67730_component_1068a,192.596373,-8.290974,4.498000144958496,24.850830078125,192.59670804862785,-8.290937784231389,3.3721917047285968,1.0928256759541184,1.3338506641396615
SB67730_component_1070a,194.459994,-8.54881,4.205999851226807,20.617647171020508,194.46027067369008,-8.548786300533662,4.135365890212879,0.8332954157087504,1.017080462258756
SB67730_component_1071a,195.70034,-9.491889,4.210999965667725,22.63978385925293,195.70039401858662,-9.491924569216794,3.824731597431185,0.9020444837278121,1.1009922809997883
SB67730_component_1072a,191.811277,-10.213246,4.248000144958496,23.600000381469727,191.81115378476557,-10.213271207512637,2.737663772935879,1.2713001396215187,1.5516880440007168
SB67730_component_1075a,191.626998,-10.069439,4.254000186920166,24.589597702026367,191.62712624511312,-10.069543081127811,3.5174454492589815,0.9908634631707451,1.2094004721001015
SB67730_component_1076a,195.531212,-10.593448,4.3470001220703125,22.5233154296875,195.53124345233957,-10.593501117411137,3.710259365254184,0.9599067889861531,1.1716162386864581
SB67730_component_1077a,196.028951,-9.807897,4.441999912261963,17.284046173095703,196.02905414203784,-9.807675832063893,5.0441966448664655,0.7214898363499038,0.8806159285607223
SB67730_component_1080a,195.997903,-10.580997,3.885999917984009,19.42999839782715,195.99827254325223,-10.581023179635558,3.5042528036705773,0.908554614462816,1.108938234682602
SB67730_component_1081a,192.602425,-11.765261,4.500999927520752,15.848590850830078,192.6024482029293,-11.765346006185204,3.788836782954113,0.9733001489320899,1.1879635321771167
SB67730_component_1083a,191.110055,-11.007326,4.479000091552734,23.698413848876953,191.11031647789596,-11.007244728830955,3.387637851818358,1.0832476994019893,1.3221602448291732
SB67730_component_1085a,195.380915,-7.442719,4.248000144958496,21.34673500061035,195.3811645944981,-7.442804635157886,3.614222815579742,0.9629711598762848,1.1753564629847242
SB67730_component_1086a,192.623221,-9.157974,4.4120001792907715,28.101911544799805,192.6235728425999,-9.158003596470426,3.007201540267225,1.2020337649832695,1.4671448255838262
SB67730_component_1088a,195.850031,-9.357129,4.250999927520752,19.772092819213867,195.85039563368062,-9.35710244023055,3.6260048509849785,0.96051996780583,1.1723646553771152
SB67730_component_1091a,190.845772,-9.804247,4.538000106811523,26.080461502075195,190.845950101279,-9.804309156183564,3.489835472712846,1.0653767868908468,1.3003478651914442
SB67730_component_1092a,195.240595,-10.072243,3.930000066757202,22.329545974731445,195.24088428926677,-10.07213683075135,4.006992191100559,0.8035589498582745,0.9807855566790585
SB67730_component_1094a,194.293427,-9.050802,4.349999904632568,25.144508361816406,194.2937582838337,-9.050701367009747,3.004744813480961,1.1861110013664886,1.4477102631531447
SB67730_component_1095a,193.266709,-9.3016,4.166999816894531,24.803569793701172,193.2670458083161,-9.30169815976146,4.8424398339479815,0.7050224213662434,0.8605165907652027
SB67730_component_1096a,193.304356,-8.964208,4.435999870300293,22.74871826171875,193.30461855925716,-8.964120322611201,4.174832365334431,0.8705548992584581,1.0625576028236385
SB67730_component_1098a,192.724169,-9.391701,4.230000019073486,25.792682647705078,192.72448289328008,-9.391736716226921,4.193363884401393,0.8264593544746843,1.008736693423715
SB67730_component_1103a,191.217821,-10.798618,4.290999889373779,20.93170738220215,191.2179837207674,-10.79871662488306,2.921282956505097,1.2034514076881595,1.4688751323519018
SB67730_component_1104a,193.242859,-9.138326,4.267000198364258,25.39881134033203,193.24315580304543,-9.138181534331515,3.8106094498117837,0.9174278163616051,1.1197684398161079
SB67730_component_1105a,192.782645,-8.385998,4.080999851226807,24.43712615966797,192.78302999036148,-8.385930133498272,3.4297332576096125,0.974877203635565,1.1898884095934332
SB67730_component_1107a,192.567198,-8.095467,4.684999942779541,26.17318344116211,192.56753609798338,-8.095457824013211,3.9736289544372636,0.9659751611553671,1.1790230030279765
SB67730_component_1115a,192.972613,-10.535353,3.867000102996826,23.295183181762695,192.97301994767025,-10.535417807515259,3.316885161413766,0.955184857599308,1.1658528754575823
SB67730_component_1117a,191.335339,-9.85483,3.9839999675750732,22.256982803344727,191.33542687746754,-9.854880350622269,3.126067512339266,1.0441542343486239,1.2744446343047173
SB67730_component_1122a,190.935824,-8.137135,4.014999866485596,21.243385314941406,190.93604392843747,-8.137060019350677,4.00891855717731,0.8205442047740936,1.0015169450866988
SB67730_component_1124a,196.228945,-9.686129,3.9579999446868896,10.963988304138184,196.2290454846731,-9.686003700737045,3.7619136216829396,0.8620067076543951,1.0521240896850332
SB67730_component_1126a,195.945659,-7.7675,4.052999973297119,20.264999389648438,195.94614566973945,-7.767558051697028,3.9031046510869056,0.8507659224903419,1.0384041258459396
SB67730_component_1128a,194.891612,-8.987874,3.9609999656677246,22.378530502319336,194.8919043793002,-8.987827825995657,4.029127640617636,0.8054479744176202,0.9830912095553597
SB67730_component_1129a,196.413339,-7.33275,4.170000076293945,15.218978881835938,196.41351082727863,-7.332738801546579,3.9082764566570356,0.8741671198479448,1.066966506218134
SB67730_component_1135a,192.258958,-8.664501,4.5289998054504395,27.61585235595703,192.25947936309873,-8.664317865546717,5.330550117348803,0.6961037157099627,0.8496308459253317
SB67730_component_1138a,192.209689,-11.076543,4.285999774932861,24.21468734741211,192.2098070712486,-11.076493429575136,4.4530905466442725,0.7885591925136446,0.9624775714840728
SB67730_component_1139a,191.343553,-6.893701,3.928999900817871,12.052146911621094,191.3436725439804,-6.893488272208983,3.0009880349211304,1.072658391965819,1.3092354434932394
SB67730_component_1143a,196.417522,-10.136886,4.394999980926514,12.521367073059082,196.41771850285483,-10.136812404890582,5.077006955548206,0.7092425784000137,0.8656675122581056
SB67730_component_1145a,194.536147,-8.049043,4.2829999923706055,27.280254364013672,194.53646153434929,-8.048952397120992,3.6727238440366157,0.9554401334551436,1.1661644529372641
SB67730_component_1152a,191.918107,-11.190269,4.195000171661377,24.676471710205078,191.9184795465206,-11.19026842564806,3.4501168390321566,0.9961892731215178,1.2159009005730306
SB67730_component_1160a,193.5752,-11.895073,4.2230000495910645,11.698060989379883,193.57536780287916,-11.895172234420908,2.989511911175323,1.1573493691268,1.4126051927756986
SB67730_component_1161a,195.92335,-10.444991,3.7070000171661377,19.010257720947266,195.92346269133523,-10.44497037427308,2.81786710651258,1.0778188169710943,1.3155340110250824
SB67730_component_1163a,192.172013,-10.692018,3.7079999446868896,22.20359230041504,192.1724301449775,-10.692099029629258,3.7130314426807196,0.818191141122427,0.9986449083258511
SB67730_component_1164a,190.367028,-11.349544,4.046000003814697,12.526315689086914,190.366745076164,-11.349589023656396,3.5223003124606587,0.9411160464504841,1.1486811585887136
SB67730_component_1172a,195.77654,-10.891293,3.7839999198913574,16.102127075195312,195.7767156673586,-10.891093400579976,3.402226219995528,0.9112375592967067,1.1122129086102719
SB67730_component_1173a,193.376812,-8.378522,4.033999919891357,23.31791877746582,193.37724766176984,-8.378587961544493,2.711807520613636,1.218767052660452,1.4875686748514259
SB67730_component_1175a,196.281874,-10.337032,3.921999931335449,15.751004219055176,196.28177821555747,-10.337065439520094,3.020215212227479,1.063930776275133,1.2985829339104888
SB67730_component_1178a,191.325887,-11.4586,3.740000009536743,16.40350914001465,191.32633166919962,-11.458430403037385,3.5163771789441904,0.8714045661588509,1.063594665535765
SB67730_component_1179a,192.007615,-9.937486,3.8459999561309814,21.72881317138672,192.0078198269056,-9.937518108956052,3.1450174030413276,1.001912748858689,1.2228867008531599
SB67730_component_1180a,192.344701,-8.671756,3.4660000801086426,20.879518508911133,192.34488696777726,-8.671531029589914,2.1584929266786888,1.3155931981630644,1.6057500292307365
SB67730_component_1182a,191.525383,-9.706805,3.5329999923706055,21.80864143371582,191.52544395106185,-9.706826351505104,3.1875211029960893,0.9081011980686968,1.1083848163545602
SB67730_component_1190a,194.663107,-11.066974,4.080999851226807,21.940858840942383,194.66318928516804,-11.066766477214502,2.584484819714771,1.2937080310509848,1.5790380427450892
SB67730_component_1202a,193.924494,-8.365984,3.256999969482422,17.994476318359375,193.92480846017034,-8.365845797470376,3.312002757249587,0.8056951431881271,0.9833928919150896
SB67730_component_1205a,192.000878,-10.172317,3.4189999103546143,18.481081008911133,192.00118424968173,-10.172446346523426,3.6120727178692054,0.7755080055043083,0.9465479178867455
SB67730_component_1207a,194.618329,-9.220674,3.555999994277954,19.016042709350586,194.6187005254063,-9.220590039437695,2.320467066840866,1.2555384677489134,1.5324501024352692
SB67730_component_1209a,192.489024,-8.928417,3.9630000591278076,25.901962280273438,192.48937091574908,-8.928298165233747,4.3037423708986555,0.7544344192328343,0.9208265080933044
SB67730_component_1210a,191.056128,-11.232188,3.513000011444092,18.98918914794922,191.05643136404262,-11.232168003001139,3.705623905811406,0.7767128542703438,0.9480184985677503
SB67730_component_1220a,190.847788,-7.911327,3.7899999618530273,17.962085723876953,190.8479669876948,-7.911189959591753,3.7986592289828227,0.8174337239279651,0.9977204411852142
SB67730_component_1221a,193.786363,-10.836194,3.868000030517578,18.159624099731445,193.78677485488933,-10.836107453778668,3.2782654206406963,0.9666873531997762,1.17989227051714
SB67730_component_1222a,193.37934,-8.970998,3.615999937057495,22.459627151489258,193.3795229865242,-8.971023348965792,4.11433301376058,0.7200665796738088,0.8788787696483522
SB67730_component_1226a,194.113723,-9.832332,3.5179998874664307,19.7640438079834,194.11410339228155,-9.832443785047483,3.7755439536428,0.7634137388937295,0.9317862354832658
SB67730_component_1227a,194.484126,-9.954929,3.944000005722046,20.435232162475586,194.48422277866402,-9.954727355466758,2.9161993806483744,1.1080602471085719,1.3524452518212782
SB67730_component_1233a,192.156159,-10.900863,3.4800000190734863,19.44133949279785,192.15643589267606,-10.900994193134144,2.3820430641907047,1.1969425845616608,1.4609307746733835
SB67730_component_1235a,192.986722,-9.217309,3.609999895095825,20.511363983154297,192.9871000310989,-9.217421955138514,3.542557979030519,0.8348989277714679,1.0190376322602244
SB67730_component_1237a,191.706263,-9.851751,3.6029999256134033,22.240739822387695,191.70633281338147,-9.85178488244999,3.693982716876012,0.7991219775314138,0.9753700008267628
SB67730_component_1238a,194.438083,-10.422321,3.9489998817443848,23.366863250732422,194.43823300436577,-10.422268257643937,2.967385943828484,1.0903269992031,1.330800899005889
SB67730_component_1239a,191.917114,-8.752205,3.561000108718872,20.11864471435547,191.91733458418523,-8.752000206357803,2.8905855406476904,1.0093222377079365,1.2319303679630815
SB67730_component_1241a,195.676246,-10.687179,3.6089999675750732,18.31979751586914,195.6764421634034,-10.68719455050002,2.4642549628180186,1.199899629254377,1.4645400017569499
SB67730_component_1242a,194.34275,-9.619131,3.759000062942505,23.34782600402832,194.34300383831638,-9.619243349668372,2.286046940718819,1.347196264866688,1.6443232183852419
SB67730_component_1243a,195.489939,-9.228209,3.6579999923706055,19.151832580566406,195.49049699890656,-9.228036013578935,2.942326269054737,1.0185833009815064,1.2432339781086847
SB67730_component_1244a,193.676888,-8.204068,3.9719998836517334,19.85999870300293,193.6773622371262,-8.204036087658915,3.3076172053177877,0.9838698805421472,1.200864440197551
SB67730_component_1251a,195.457951,-8.216762,3.5789999961853027,19.557376861572266,195.4581347494565,-8.216754436348168,3.1971302731929,0.9171598740322804,1.1194414022457204
SB67730_component_1254a,192.034157,-10.873477,3.4600000381469727,19.22222137451172,192.03457928256182,-10.873524022374493,3.7731933020934627,0.751295399695527,0.9169951712326208
SB67730_component_1260a,192.291105,-10.369452,3.558000087738037,20.44827651977539,192.29137171306212,-10.369673799686321,3.95302960405364,0.7374279064050209,0.9000691732967243
SB67730_component_1261a,195.167354,-9.778054,3.4760000705718994,20.20930290222168,195.1675269286057,-9.778007991090822,2.87926355167874,0.9891041814645706,1.2072531771345612
SB67730_component_1263a,195.278805,-8.390042,3.559999942779541,20.342857360839844,195.27909318315713,-8.389992195615196,3.7042144572227147,0.7874038780777475,0.961067450033306
SB67730_component_1264a,190.72782,-9.617848,3.450000047683716,17.602041244506836,190.72806759708402,-9.617730682287663,3.662872878753503,0.7716865579851342,0.9418836421256779
SB67730_component_1273a,196.120479,-10.484182,3.2730000019073486,16.202970504760742,196.12061412305061,-10.484214267540953,3.307239601542963,0.8108192049253982,0.9896470761841264
SB67730_component_1274a,196.067229,-8.158467,3.4070000648498535,12.124555587768555,196.06733434875125,-8.15851916034091,1.9943845554469126,1.3996096247791527,1.7082964544349846
SB67730_component_1284a,191.069617,-8.298358,3.632999897003174,19.427806854248047,191.06963163408903,-8.298481320613504,2.903192309944983,1.0252582238964525,1.251381069231346
SB67730_component_1288a,192.055584,-7.522039,3.372999906539917,18.53296661376953,192.0559758043778,-7.521905799178093,3.1838280757921567,0.8679813662228947,1.0594164716952228
SB67730_component_1291a,195.115489,-10.990816,3.447999954223633,16.576923370361328,195.11588117666813,-10.990824262292744,2.785583758076752,1.0141325230807892,1.2378015718343476
SB67730_component_1295a,196.244383,-7.715449,3.6419999599456787,14.567999839782715,196.24475257548855,-7.715425926074792,3.2690450916365976,0.9127728347501484,1.11408679227559
SB67730_component_1296a,193.450606,-11.30796,3.749000072479248,20.048128128051758,193.45093522234768,-11.308114790529622,2.9900749001755162,1.0272521580591878,1.2538147697434547
SB67730_component_1299a,190.58315,-8.016595,3.50600004196167,14.855932235717773,190.58352151533555,-8.016652462930606,3.234640276448649,0.8880340287189219,1.083891790839552
SB67730_component_1300a,195.924052,-8.559047,3.23799991607666,15.34597110748291,195.92416685265317,-8.559221578782703,4.3761460512430626,0.606217830689299,0.7399204409909703
SB67730_component_1304a,191.539691,-11.123854,3.382999897003174,17.80526351928711,191.53977770323078,-11.12387607138518,3.433053649968414,0.8073559960103712,0.9854200493005111
SB67730_component_1311a,194.729729,-10.145602,3.2100000381469727,19.337350845336914,194.72983384951283,-10.145728005257064,3.3435473049079154,0.7865770057350758,0.9600582092662748
SB67730_component_1313a,192.138869,-11.001639,2.9100000858306885,16.256982803344727,192.1391670456342,-11.001574429932603,3.0143372609119226,0.7909423695668394,0.9653863632201298
SB67730_component_1319a,191.936157,-10.626642,3.5339999198913574,20.546510696411133,191.9362557262895,-10.626672231603953,4.1507888391757755,0.6975567986402762,0.8514044093346618
SB67730_component_1320a,192.470024,-10.479174,2.941999912261963,16.71590805053711,192.4704684154713,-10.479241712909062,2.4938634331762186,0.9665262842284359,1.1796956774473377
SB67730_component_1326a,192.69563,-7.34404,3.496999979019165,18.801074981689453,192.6959010055113,-7.343986067064762,2.816076178404293,1.0174074459446982,1.241798785784521
SB67730_component_1335a,194.571473,-8.488604,3.2960000038146973,17.43915367126465,194.57187944257768,-8.488472518349534,3.2375798240250204,0.8340851698065131,1.0180443982743406
SB67730_component_1340a,195.906558,-10.1536,3.427999973297119,15.797235488891602,195.90656142131354,-10.153478356300644,3.2480438793346504,0.8646943136869694,1.055404452848504
SB67730_component_1343a,191.681507,-7.378664,3.5160000324249268,17.067960739135742,191.68151343667557,-7.378522820956419,3.0708907489090063,0.938054746186264,1.1449446821493257
SB67730_component_1346a,194.214597,-10.78275,2.869999885559082,17.289155960083008,194.21488500788755,-10.782746001479135,1.9300186173544265,1.2183275414079617,1.4870322284730781
SB67730_component_1347a,192.792124,-9.945913,3.390000104904175,20.925926208496094,192.79237983465262,-9.945809583546835,3.226190918844574,0.8609012295660049,1.0507747960924356
SB67730_component_1349a,193.990323,-8.8702,3.1070001125335693,17.165746688842773,193.9908722829459,-8.870166365628599,2.241640668852298,1.1355831837262946,1.3860384296669317
SB67730_component_1354a,195.363348,-10.994801,3.4719998836517334,16.93658447265625,195.36326946621926,-10.994924631595941,3.2184418306063938,0.8838482749106317,1.078782860275454
SB67730_component_1358a,192.3096,-10.521642,3.075000047683716,17.275279998779297,192.3096094561695,-10.52164714275352,2.3788953134066015,1.059042714636963,1.2926168000559408
SB67730_component_1361a,193.333219,-7.390353,3.2330000400543213,19.8343563079834,193.33346796906102,-7.3901405938171525,2.468442546700293,1.0730658342573325,1.309732748034203
SB67730_component_1364a,192.156833,-10.586625,3.0899999141693115,17.758621215820312,192.1570954177192,-10.586787722638302,2.04082313997769,1.2405000277144163,1.5140949030022715
SB67730_component_1365a,193.793158,-9.800643,2.569999933242798,15.962732315063477,193.79364665407496,-9.800830523030013,3.3712505154408374,0.6245766831922654,0.7623283768061166
SB67730_component_1366a,196.087433,-8.731339,2.9140000343322754,14.354680061340332,196.0878446252658,-8.731534677476843,2.464635825946504,0.9686803194090794,1.1823247895916633
SB67730_component_1379a,192.589263,-10.342201,2.7880001068115234,15.48888874053955,192.5894241688115,-10.342543347466089,2.744857288118201,0.8321788953498933,1.015717690999848
SB67730_component_1382a,191.715201,-9.435821,3.009999990463257,17.810651779174805,191.71530751234533,-9.435861997909784,2.421574445446639,1.0183858354139805,1.2429929610972947
SB67730_component_1391a,192.51224,-10.025969,3.0789999961853027,17.297752380371094,192.51247872984848,-10.025895409203297,2.9255674060463863,0.862269968081845,1.0524454127502962
SB67730_component_1399a,195.376033,-8.741192,2.9040000438690186,17.389223098754883,195.3767128091672,-8.741413913317656,4.1317974941707165,0.5758392604137176,0.7028418135124199
SB67730_component_1410a,193.141744,-10.217506,3.002000093460083,15.883598327636719,193.1419786641593,-10.217675762841862,3.466496433431285,0.7095183379829725,0.8660040911937636
SB67730_component_1411a,193.190498,-9.697461,3.190999984741211,18.339080810546875,193.19087205234936,-9.69754226263548,2.8118669445743767,0.929770401439182,1.134833207843774
SB67730_component_1415a,193.541416,-7.583265,3.046999931335449,16.650272369384766,193.54178520582892,-7.583403026893257,3.051516683449332,0.8180886673222075,0.9985198337146964
SB67730_component_1416a,195.850333,-8.423975,2.7699999809265137,12.706421852111816,195.85042798912505,-8.423997129267216,2.7465453947991736,0.8262979313673148,1.0085396681124417
SB67730_component_1417a,194.720825,-9.784848,2.881999969482422,16.282485961914062,194.72129615426675,-9.784990037882434,2.2694478703346648,1.0404409605576725,1.2699123902138483
SB67730_component_1422a,192.633251,-8.499449,3.0390000343322754,18.875776290893555,192.63361390279795,-8.499146156347761,2.8656900697484513,0.8688507234565842,1.0604775674848317
SB67730_component_1427a,194.608474,-11.344331,2.9809999465942383,16.28961753845215,194.608541440706,-11.344121070185759,2.8635152827526835,0.8529157688432332,1.041028125307792
SB67730_component_1428a,195.545192,-9.530439,2.8940000534057617,16.44318199157715,195.5453845874074,-9.530442290276152,2.41249633939381,0.9828235461430345,1.1995873345585841
SB67730_component_1435a,195.761619,-9.099337,2.9189999103546143,15.778377532958984,195.76223719901446,-9.09931131945052,2.6048028737787683,0.9181272980202133,1.1206221936173015
SB67730_component_1441a,191.951893,-8.108929,2.9719998836517334,17.380115509033203,191.9522267302643,-8.108773805842834,2.7194245170753373,0.8953966399136988,1.0928782413302773
SB67730_component_1442a,193.567591,-9.357642,2.640000104904175,14.585636138916016,193.56818642754328,-9.357715503537126,2.2976816066758468,0.9413644150579168,1.1489843054119124
SB67730_component_1447a,195.404786,-8.7765,3.1619999408721924,18.710058212280273,195.40527234790096,-8.776577787708877,2.3426342719339073,1.1058622821443997,1.3497625210877995
SB67730_component_1449a,192.670642,-8.338311,2.934000015258789,16.032787322998047,192.67097830991395,-8.338300078698794,2.7501622074770653,0.8740685274251309,1.0668461690302886
SB67730_component_1496a,195.989404,-9.602725,2.2950000762939453,10.154868125915527,195.9893932052227,-9.602661006366265,2.754785891855115,0.6825563871476111,0.8330956257179236
SB67730_component_1498a,190.666059,-9.771438,2.7809998989105225,13.632352828979492,190.66652281708937,-9.77131928507955,2.801904253977953,0.8131887528861124,0.9925392329028546
SB67730_component_1500a,192.705046,-11.418789,2.5940001010894775,15.721212387084961,192.70525607914368,-11.418829638142752,2.1485174609813247,0.9891787589013357,1.2073442027809635
SB67730_component_1518a,193.678457,-8.914828,2.7149999141693115,13.923076629638672,193.67876239049596,-8.914952707238859,2.6601604042773372,0.8361913606904151,1.0206151139622244
SB67730_component_1519a,192.050977,-10.297903,2.7690000534057617,14.421875,192.05122004803414,-10.297871653598255,2.723531139296863,0.8329794741129491,1.016694839083293
SB67730_component_1543a,196.261666,-8.999247,2.6410000324249268,12.576190948486328,196.26155420807615,-8.99917276945697,2.7808235726372494,0.7781057974824788,0.9497186583182916
SB67730_component_1545a,191.080711,-9.000305,2.760999917984009,14.158974647521973,191.08076561993394,-9.000167430030437,2.3508318749623807,0.9622512942445184,1.1744778294824643
SB67730_component_1549a,192.056577,-8.222317,2.3959999084472656,13.38547420501709,192.0566941890809,-8.222159629567926,2.0317980298372325,0.9661619795341404,1.1792510245908692
SB67730_component_1554a,193.502616,-11.426531,2.3959999084472656,12.040200233459473,193.50297953794248,-11.426606175465556,2.1200895161048625,0.9259260005812,1.1301409163370233
SB67730_component_1561a,193.729969,-8.296384,2.617000102996826,13.92021369934082,193.73058816043746,-8.296465440256624,2.0361342759556145,1.0530306345283924,1.2852787431067605
SB67730_component_1565a,192.893894,-10.373695,2.625,15.532544136047363,192.89446440468745,-10.373908973962141,2.397265790931591,0.8971329350718527,1.094997480016561
SB67730_component_1567a,193.552998,-8.028972,2.26200008392334,13.075145721435547,193.5530942369887,-8.028877008128143,1.7196942205444181,1.0776681950919964,1.3153501691755638
SB67730_component_1572a,193.442295,-10.242888,2.3289999961853027,13.232954978942871,193.44275587693082,-10.242885396009564,3.611718669751633,0.5283226798985126,0.6448453517963129
SB67730_component_1577a,195.614271,-10.525657,2.450000047683716,12.500000953674316,195.61409869641005,-10.525636171597851,2.983695595561708,0.6727524072969405,0.8211293576087747
SB67730_component_1588a,193.128978,-9.639576,2.502000093460083,15.256097793579102,193.12909710106172,-9.639641244452337,2.12409777745413,0.9650648501386364,1.177911921012833
SB67730_component_1593a,192.347291,-9.228513,2.2980000972747803,13.678572654724121,192.34789608404986,-9.228383802119348,3.1499987676865677,0.5977001154165414,0.7295241258022729
SB67730_component_1600a,195.277634,-10.785463,2.7149999141693115,13.243902206420898,195.2780746547012,-10.78551289002022,2.932491719956291,0.7585368896252455,0.9258337869099861
SB67730_component_1613a,195.489759,-11.099447,2.489000082015991,11.685446739196777,195.48972465351622,-11.099423097448648,2.972322815991025,0.6860766149378935,0.8373922471089718
SB67730_component_1614a,192.291297,-10.410961,2.4070000648498535,14.07602310180664,192.29158295025925,-10.411071116721704,1.8990631618747256,1.0384375250482099,1.267467092813122
SB67730_component_1622a,194.364399,-10.466078,2.5269999504089355,14.276835441589355,194.36452351061465,-10.465723674038392,1.4315539081795416,1.446242791477604,1.765214663569628
SB67730_component_1632a,195.507461,-8.356364,2.125999927520752,11.308510780334473,195.50772520667016,-8.35648219996438,2.5839501210867475,0.674097629882648,0.8227712718489346
SB67730_component_1642a,190.677041,-11.232496,2.5859999656677246,11.917051315307617,190.67710792927627,-11.232339441533865,2.459920301438891,0.8612934786481191,1.0512535565298946
SB67730_component_1645a,191.870065,-9.849847,2.134999990463257,12.485380172729492,191.87038439539145,-9.84998973129051,2.0287422152450385,0.8622132487362104,1.0523761838343686
SB67730_component_1651a,195.205401,-10.5849,2.5409998893737793,13.885245323181152,195.20559476415283,-10.584862064477576,2.3590174894349376,0.8825049830312851,1.0771433025629804
SB67730_component_1653a,191.511047,-8.110327,2.378999948501587,12.455496788024902,191.51173544753723,-8.110236176908447,2.048731252188035,0.9513780365155461,1.1612064520228442
SB67730_component_1656a,192.309037,-7.240609,2.3350000381469727,12.4866304397583,192.30915287847887,-7.240382256030258,3.4801495280413586,0.5497087736675876,0.670948193269477
SB67730_component_1664a,192.111382,-9.85241,2.4010000228881836,13.878613471984863,192.11163261307,-9.852539965009345,2.0798319879406817,0.9458180365224514,1.1544201824040135
SB67730_component_1672a,192.550622,-10.138275,2.3910000324249268,14.759259223937988,192.55088010480048,-10.138421661288916,3.3068465161455083,0.5923920543889076,0.7230453608145984
SB67730_component_1676a,191.6677,-10.786485,2.239000082015991,11.722513198852539,191.66812045497306,-10.786242996462647,2.851937932385623,0.6432173059834344,0.7850802279357763
SB67730_component_1699a,195.064137,-10.877092,2.3450000286102295,12.407407760620117,195.06401407536777,-10.877181336126496,2.833250149412879,0.6781122858212806,0.8276713685504165
SB67730_component_1706a,193.83548,-9.781627,2.5199999809265137,16.47058868408203,193.8358322028115,-9.781558975434715,2.484947459270438,0.8308583861722377,1.0141059407615671
SB67730_component_1707a,194.013453,-7.497101,2.3380000591278076,13.209039688110352,194.0138211128415,-7.4972474547542705,2.327948691421666,0.8228388613530975,1.004317692972865
SB67730_component_1744a,194.088996,-10.912318,2.0869998931884766,11.594443321228027,194.08881419959718,-10.912226030017733,2.22703969605182,0.767782394650858,0.937118407403509
SB67730_component_1770a,193.718151,-8.135232,2.371000051498413,13.172222137451172,193.71848602653628,-8.135310675649912,1.9952898673549386,0.9735746275595526,1.1882985476398653
SB67730_component_1771a,193.352936,-7.36389,2.1700000762939453,12.7647066116333,193.35309919640463,-7.363858138520844,1.7154530458249282,1.0363932949598835,1.2649720035038523
SB67730_component_1777a,194.902634,-7.262409,2.0940001010894775,10.470000267028809,194.90292350219605,-7.262629838598724,3.19933081295107,0.5362424991479328,0.6545119037433854
SB67730_component_1819a,192.236967,-9.084366,2.3399999141693115,13.846153259277344,192.23719541971357,-9.084194291817614,1.743742264300127,1.0994544169529519,1.3419413878280344
SB67730_component_1848a,192.242915,-9.136367,1.9509999752044678,11.6130952835083,192.24341217379057,-9.13631722088863,2.136465398097876,0.7481782542194687,0.9131905328031381
SB67730_component_1853a,194.663671,-10.402584,2.122999906539917,12.6369047164917,194.66398535264412,-10.402544019610943,2.463495287532944,0.7060605067375877,0.8617836280360761
SB67730_component_1864a,195.941696,-9.003902,1.9630000591278076,10.610811233520508,195.94189542661937,-9.003807914607965,2.234159248616835,0.7198630258511838,0.8786303216044685
SB67730_component_1884a,192.440314,-10.544852,1.9160000085830688,10.703910827636719,192.44052664001796,-10.544923600182264,2.11245246284328,0.74310852375248,0.907002662679664
SB67730_component_1885a,193.535374,-8.87002,1.9220000505447388,10.737430572509766,193.5357448037272,-8.869984899570111,2.174597530553409,0.7241327425570995,0.8838417332588494
SB67730_component_1932a,193.783878,-8.151982,1.968000054359436,11.644970893859863,193.78443682045386,-8.151968863311021,2.212464903626297,0.728773205505396,0.8895056600146851
SB67730_component_2029a,195.112487,-9.023728,1.8539999723434448,10.970414161682129,195.11305037640625,-9.023931980963184,2.1233639971466745,0.7153670866588911,0.8731427936212564
