Component_ID,RA,DEC,RA_comp,DEC_comp
SB67322_component_4a,105.006299,17.155906,105.006356,17.156028
