Component_ID,RA,DEC,RA_comp,DEC_comp
SB66852_component_7a,176.998992,26.594933,176.999016,26.595092
SB66852_component_37a,177.287157,28.409602,177.287106,28.409693
