Component_ID,RA,DEC,RA_comp,DEC_comp
SB67362_component_25a,72.716446,22.81835,72.716436,22.818305
SB67362_component_30a,76.641931,21.683234,76.641806,21.683378
