Component_ID,RA,DEC,RA_comp,DEC_comp
SB66833_component_7a,93.571562,-25.614726,93.571712,-25.614868
SB66833_component_30a,94.258322,-22.007781,94.258511,-22.007826
