Component_ID,RA,DEC,RA_comp,DEC_comp
SB67028_component_10a,102.136175,20.885823,102.136308,20.885812
SB67028_component_15a,104.273649,24.398838,104.273648,24.398721
