Component_ID,RA,DEC,RA_comp,DEC_comp
SB66840_component_7a,131.121156,38.515117,131.121241,38.515475
SB66840_component_40a,131.813186,38.519045,131.813205,38.51944
