Component_ID,RA,DEC,RA_comp,DEC_comp
SB67332_component_15a,145.306522,11.759137,145.306495,11.758982
