Component_ID,RA,DEC,ASKAP_flux,ASKAP_flux_SNR,RA_comp,DEC_comp,Comp_flux,Flux_Ratio_AlphaCorr,Flux_Ratio_NOAlphaCorr
SB71907_component_13a,52.912899,-49.157519,199.2310028076172,287.4906311035156,52.91256068731446,-49.157420364532,169.4604975318454,0.9632347115810411,1.1756781415691127
SB71907_component_23a,56.089579,-44.143045,118.40899658203125,473.635986328125,56.089512428557214,-44.142973639531924,102.48660751891623,0.9465885877154391,1.155360680274017
SB71907_component_24a,55.025044,-44.536135,118.9749984741211,639.6505126953125,55.02474623071308,-44.536099519251515,106.6273111616883,0.9141783482530428,1.1158022947208048
SB71907_component_30a,58.493078,-47.934644,110.27999877929688,589.7326049804688,58.49330851252541,-47.934655494174,95.3205565972054,0.9478810999785602,1.1569382588197146
SB71907_component_33a,53.147248,-48.673922,96.02799987792969,385.6546325683594,53.146915051915514,-48.67388550370926,81.5578274722711,0.9646636534725566,1.177422239583053
SB71907_component_47a,56.953841,-45.97289,74.71099853515625,444.7083435058594,56.95403159299937,-45.97296627111057,68.84065464793929,0.8891667828567951,1.0852743762713868
SB71907_component_51a,53.721196,-49.375252,74.20800018310547,91.5018539428711,53.720794082331736,-49.37509687204019,58.10155019901694,1.0464215838660593,1.2772120524997808
SB71907_component_61a,60.0134,-46.82626,59.255001068115234,192.38636779785156,60.01364059798609,-46.82620221841993,47.96362543457507,1.0121775218223652,1.235415390960014
SB71907_component_64a,57.156905,-48.617389,56.03499984741211,241.53018188476562,57.15711220137168,-48.617409296416106,46.011543176140215,0.9977833593635579,1.2178465658693591
SB71907_component_67a,56.047556,-46.007762,58.03099822998047,349.5843505859375,56.047256618609346,-46.0077427256331,47.88056550345509,0.992989030693285,1.2119948379847962
SB71907_component_70a,59.470046,-46.270061,59.94499969482422,348.5174255371094,59.47037761889445,-46.270012601762815,52.094879721020696,0.9427609894268106,1.1506888971784293
SB71907_component_72a,53.433631,-44.345485,51.457000732421875,236.04129028320312,53.43337393075109,-44.3454081414943,41.38254755269593,1.0187577534038168,1.2434469063775564
SB71907_component_74a,58.074958,-44.476805,55.73899841308594,298.0694885253906,58.07518537235935,-44.47685152353262,42.92179728381812,1.063959121685342,1.298617530960196
SB71907_component_77a,56.472088,-48.712354,49.09400177001953,271.2375793457031,56.47226831192481,-48.71236842473014,47.301386367434475,0.8503510357230124,1.0378977349344505
SB71907_component_84a,57.209695,-47.541239,46.45399856567383,283.2560729980469,57.2097451186135,-47.54107319303707,37.595055110193684,1.0123625177857007,1.2356411881699327
SB71907_component_89a,52.496972,-46.273847,45.47600173950195,200.33480834960938,52.49653828106944,-46.27365748026742,47.3243617272336,0.7873017014632542,0.9609427381528111
SB71907_component_92a,60.697321,-44.464905,42.86899948120117,96.55179595947266,60.69761356546728,-44.46497149017622,41.00072509237683,0.8566343621640395,1.04556686216195
SB71907_component_95a,56.135958,-48.461435,46.0880012512207,272.7100524902344,56.13603422063121,-48.46142453812876,40.41424398622407,0.934323120321697,1.1403900383966266
SB71907_component_105a,60.946165,-44.115485,35.678001403808594,42.8822135925293,60.94620130417368,-44.11542833020429,26.220924207552294,1.1147980590953788,1.3606691023321147
SB71907_component_110a,56.919559,-47.46396,37.481998443603516,235.73585510253906,56.91955260714882,-47.46382497765076,31.62544535165005,0.9710235640396734,1.1851848417258068
SB71907_component_111a,54.964344,-47.666681,35.310001373291016,185.8421173095703,54.964222238439376,-47.666598973815496,35.43329854574211,0.8164504483800474,0.9965203021589444
SB71907_component_113a,56.817518,-46.434931,34.62099838256836,212.3987579345703,56.81759002111616,-46.4349557754132,36.013032912727255,0.7876323957508794,0.961346367757131
SB71907_component_118a,58.458081,-48.996943,33.27199935913086,85.97415924072266,58.458303775575,-48.996907728320096,28.233787556840497,0.9655025769728258,1.178446189415692
SB71907_component_119a,58.417653,-43.987246,34.56700134277344,115.60870361328125,58.41798810441467,-43.98710029731732,28.089666937207078,1.008228100602211,1.2305949166305918
SB71907_component_122a,52.116057,-45.623644,34.986000061035156,120.22679901123047,52.11588696265072,-45.62361396768756,31.0736794934024,0.9224552172027783,1.1259046444262717
SB71907_component_123a,58.318944,-48.852139,32.816001892089844,124.77566528320312,58.31923491519177,-48.85212149647036,27.782579441310844,0.9677357479118707,1.1811718908754252
SB71907_component_124a,59.120264,-44.46377,31.548999786376953,151.67788696289062,59.120565363687376,-44.463644274704535,26.461624186979684,0.9768160318290746,1.1922548503995642
SB71907_component_127a,54.730467,-45.671245,32.604000091552734,205.05661010742188,54.72999876571051,-45.671072469145386,29.481093591387374,0.9060892482233684,1.1059291267633873
SB71907_component_136a,52.773641,-44.399041,27.79199981689453,93.89189147949219,52.77350539788201,-44.39893206279976,25.587855189661674,0.8898762066913066,1.0861402650161707
SB71907_component_140a,56.949066,-44.663158,27.851999282836914,168.79998779296875,56.9492611646002,-44.663061323627815,24.008423024609012,0.950465640111958,1.1600928246844109
SB71907_component_142a,59.136766,-48.026509,29.045000076293945,160.46961975097656,59.13693708872418,-48.02648287003994,28.75532376795343,0.8275548741580041,1.0100738322641787
SB71907_component_143a,60.593275,-45.694306,28.232999801635742,75.0877685546875,60.593704698045755,-45.69425701025133,23.312264221649457,0.9922388998811822,1.2110792642533852
SB71907_component_148a,52.279926,-44.961923,27.92099952697754,109.4941177368164,52.279795397694606,-44.96189861369695,24.26402007925723,0.9427833095244535,1.1507161400202839
SB71907_component_149a,56.196095,-43.652919,25.854000091552734,35.416439056396484,56.196148684400626,-43.652767897542844,25.426952969513103,0.8330615827113986,1.0167950569048387
SB71907_component_150a,56.995714,-47.28117,26.659000396728516,158.6845245361328,56.99571222736252,-47.28103117682477,25.254525104368486,0.8648650270236592,1.0556128173686024
SB71907_component_151a,58.286345,-44.345772,28.44700050354004,140.1330108642578,58.28654490575223,-44.345654374242955,23.61722139233992,0.9868504887179921,1.2045024277397265
SB71907_component_155a,54.623446,-48.982828,26.06800079345703,76.89675903320312,54.623220964832925,-48.982715489140105,26.975706450480743,0.7917326944404462,0.9663509958973647
SB71907_component_159a,58.192407,-47.703782,26.766000747680664,156.5263214111328,58.19261897983648,-47.703750399065385,23.613366750052787,0.9286867604718709,1.1335105675949757
SB71907_component_160a,52.560921,-45.333716,26.304000854492188,152.04624938964844,52.56078868771213,-45.33369416238133,20.83387012239955,1.0344167357812166,1.2625595100648834
SB71907_component_162a,54.911888,-44.594732,26.60099983215332,161.21817016601562,54.91157967948681,-44.5946725504087,22.900307753943753,0.9517005548151546,1.1616001024078926
SB71907_component_164a,58.658736,-47.292105,23.86199951171875,140.3647003173828,58.658899444668336,-47.292053004616875,21.019021948896047,0.9301179155037544,1.135257366862021
SB71907_component_167a,54.04389,-47.974343,23.621999740600586,144.0365753173828,54.04361601662112,-47.97426758350836,20.51715226636727,0.9432857196065391,1.1513293576966301
SB71907_component_175a,56.240779,-48.528803,23.614999771118164,146.67701721191406,56.2408850227719,-48.528788358449454,19.99710579902455,0.9675300940907632,1.1809208796740023
SB71907_component_179a,52.0381,-48.750649,22.20199966430664,82.84327697753906,52.037765633396674,-48.75069339163464,20.20715304646032,0.9001826576318382,1.098719825264834
SB71907_component_182a,55.096344,-44.412169,21.908000946044922,113.51295471191406,55.09607340150708,-44.41210683485485,18.286467167866686,0.9815594786700006,1.1980444743609122
SB71907_component_183a,57.025929,-44.813374,23.77400016784668,145.85275268554688,57.02612853218296,-44.813272376280295,19.180701696068805,1.015503562211692,1.2394749965127343
SB71907_component_185a,51.299623,-48.026347,22.485000610351562,28.679847717285156,51.2992444758168,-48.02637420309656,21.843998073103627,0.8433434087282694,1.0293445611514311
SB71907_component_188a,54.369782,-44.647117,22.632999420166016,126.44133758544922,54.36945618156425,-44.64708395264153,16.907452359851508,1.096749943642369,1.3386404372731169
SB71907_component_189a,55.571157,-48.607732,21.5,114.36170959472656,55.571174758541424,-48.607707845257174,18.797572324060624,0.9370879995802969,1.1437647175577192
SB71907_component_190a,56.027095,-47.248169,22.336999893188477,142.2738800048828,56.027049567672556,-47.24809421676331,17.591007792693024,1.040346000674002,1.2697964867292508
SB71907_component_191a,58.701191,-43.544095,22.679000854492188,128.8579559326172,58.70122764344272,-43.54417262400994,17.735342039513103,1.0476784952640075,1.2787461783350418
SB71907_component_193a,56.197672,-45.070407,22.52400016784668,139.90061950683594,56.197719081085516,-45.070427346677995,19.692848005624374,0.9370886415628384,1.143765501130853
SB71907_component_194a,54.881313,-47.554052,22.10700035095215,115.74345397949219,54.881252734745914,-47.55394062621542,22.9908556305227,0.7878043321253723,0.9615562250585775
SB71907_component_195a,60.882397,-44.662078,20.84600067138672,32.21947479248047,60.88268018141768,-44.662212350401205,21.24878135598383,0.8037711252400115,0.9810445277849459
SB71907_component_197a,51.5781,-48.988549,23.35300064086914,40.82692337036133,51.57784170931335,-48.988439713417556,20.661881288580535,0.9260117770400755,1.1302456109732826
SB71907_component_199a,57.792768,-48.022538,20.992000579833984,129.5802459716797,57.79291532092529,-48.022444665292475,18.596301185790182,0.9248492296183316,1.1288266612865145
SB71907_component_200a,58.488494,-48.343433,22.2810001373291,116.65444946289062,58.48869664546124,-48.34340507342905,20.374226075199505,0.8959777839366356,1.0935875578827807
SB71907_component_201a,52.737483,-44.573894,20.79400062561035,78.76515197753906,52.73730936117024,-44.5738248204501,18.60055640755902,0.9159163209134705,1.1179235808859969
SB71907_component_202a,51.941797,-46.576838,21.035999298095703,81.2200698852539,51.941407437647555,-46.57667282645192,20.359166531198376,0.8465387327693293,1.0332446205919161
SB71907_component_203a,54.27052,-49.112852,22.191999435424805,49.09734344482422,54.27018621636318,-49.11273010458995,21.83166086796937,0.8328242015701499,1.0165053208564683
SB71907_component_204a,56.743606,-46.991221,20.32900047302246,126.26708221435547,56.74362630467936,-46.991142685602796,17.866379136758557,0.9322301851086373,1.13783550194551
SB71907_component_206a,53.282259,-44.165186,20.045000076293945,76.50763702392578,53.28195199485303,-44.16517711131673,17.016824959482694,0.9650975463978599,1.1779518285004036
SB71907_component_208a,56.983478,-45.375811,21.047000885009766,133.2088623046875,56.98371106932664,-45.37588479031616,18.71934880576071,0.9211771643188837,1.1243447143061271
SB71907_component_209a,58.14796,-43.941554,23.826000213623047,68.26934051513672,58.14841661990856,-43.94142439423396,20.07004014715394,0.972627581393704,1.187142628461644
SB71907_component_212a,58.846596,-48.315345,21.948999404907227,100.68348693847656,58.846752213435124,-48.315436049856714,13.846730508457732,1.2987069592002265,1.585139494951573
SB71907_component_213a,60.311684,-48.88411,21.486000061035156,32.212894439697266,60.31205205042727,-48.8841468618053,19.685992181931535,0.8942149887222338,1.091435974497426
SB71907_component_215a,54.570315,-45.954427,20.08799934387207,126.3396224975586,54.56965086775113,-45.95425955856715,16.084775198011602,1.0232114015949165,1.2488828159908225
SB71907_component_217a,52.765131,-47.790066,19.09000015258789,98.40206146240234,52.76479846584689,-47.789980136736496,15.094094405270479,1.0361975253692284,1.264733056520578
SB71907_component_218a,57.568592,-46.975088,20.863000869750977,136.35948181152344,57.568475055226436,-46.97495594163552,14.907533839072238,1.1466071699586335,1.3994937791165445
SB71907_component_220a,52.180677,-47.662155,20.891000747680664,64.67801666259766,52.18032664349904,-47.6621158461384,31.61047945789327,0.5414668115811607,0.6608884492090199
SB71907_component_221a,51.481941,-48.20053,19.93400001525879,48.38349533081055,51.481546654702164,-48.20057544010466,17.373498381877432,0.9400497904834403,1.1473797376383479
SB71907_component_225a,53.320846,-48.784794,20.15399932861328,79.66007995605469,53.32050999913581,-48.78470979824747,16.52235785659685,0.9993851601510375,1.2198016471702573
SB71907_component_231a,57.33298,-47.663987,18.604000091552734,122.39474487304688,57.333056134103416,-47.66387977172686,17.139049706455282,0.8893306814475512,1.0854744230390843
SB71907_component_233a,61.083153,-44.714179,17.07699966430664,16.824630737304688,61.083434042043734,-44.71436496051672,15.059517592451895,0.9290609162949123,1.1339672442672364
SB71907_component_235a,60.457556,-48.005095,18.823999404907227,56.698795318603516,60.45753423828755,-48.00514594522334,18.30031019637256,0.8427468347832634,1.0286164115752787
SB71907_component_236a,53.832869,-47.854381,19.775999069213867,123.5999984741211,53.83258606655273,-47.85428091437447,17.69674796707304,0.9155638737978504,1.1174934008219775
SB71907_component_239a,57.418142,-48.312948,20.009000778198242,108.74456787109375,57.41829122042958,-48.312963219220556,14.55450798957067,1.1263453050691687,1.3747631175534136
SB71907_component_248a,51.768578,-45.090594,18.145999908447266,48.132625579833984,51.76844347314209,-45.09059932966183,14.795231304874006,1.0048536769153633,1.2264762567429015
SB71907_component_252a,56.293297,-48.72442,17.56399917602539,91.95811462402344,56.29348460899658,-48.72439043340874,13.176265283196173,1.0921310607410166,1.3330028500887077
SB71907_component_254a,52.417177,-48.075904,15.87600040435791,76.3269271850586,52.41682145272596,-48.07584924773981,14.159233588087638,0.918639331283929,1.121247156888111
SB71907_component_255a,57.625888,-45.36919,17.214000701904297,103.69880676269531,57.626233830918714,-45.36926020201404,14.035223533555286,1.004861398710387,1.226485681595966
SB71907_component_256a,53.475268,-47.289902,17.49799919128418,106.04847717285156,53.47474397781383,-47.28976263150292,14.547340187225318,0.9854815050685408,1.2028315118835242
SB71907_component_258a,55.631878,-49.063127,17.768999099731445,47.0079345703125,55.631922083503895,-49.06305536505627,14.463498343986695,1.006545232167315,1.2285408880431086
SB71907_component_259a,55.281788,-48.2697,16.47800064086914,102.98750305175781,55.2817297338782,-48.269639156156444,14.452349929992062,0.9341351792972067,1.1401606465861562
SB71907_component_260a,52.719477,-44.103817,17.99799919128418,46.748050689697266,52.71919957361127,-44.10373020062705,16.273661154948133,0.9061135811323435,1.1059588263463227
SB71907_component_266a,59.091249,-45.030725,16.149999618530273,95.0,59.0916144131452,-45.03075006819986,14.030433643771119,0.9430725480224363,1.151069170673862
SB71907_component_267a,53.413618,-48.809414,15.87399959564209,66.69747924804688,53.41329432358078,-48.809313523360295,12.927287687394207,1.0060571037043422,1.2279451018268366
SB71907_component_269a,51.917982,-46.41228,15.675999641418457,45.56976318359375,51.91762153551443,-46.412091773060126,13.86857417376938,0.9260770296163983,1.1303252551417715
SB71907_component_271a,53.693258,-43.708138,17.125,23.299320220947266,53.69297649266707,-43.70821666731317,14.031805371983346,0.9999095328239824,1.220441671332806
SB71907_component_275a,59.060955,-46.755258,16.875999450683594,107.49044036865234,59.06113968533397,-46.7551779974605,14.710141113245587,0.9399318032812155,1.1472357281119339
SB71907_component_276a,53.468818,-47.676382,16.731000900268555,104.56875610351562,53.468501056996224,-47.67623406696943,13.920666799920275,0.9847036890667774,1.2018821469359768
SB71907_component_286a,54.425173,-45.569677,15.41100025177002,93.4000015258789,54.424704345291154,-45.569569161169184,13.075133798319053,0.9656691707891818,1.1786495258466316
SB71907_component_288a,59.713862,-47.396696,14.220999717712402,72.55612182617188,59.71389579842773,-47.39664332103993,10.076452728499234,1.1562883149011751,1.4113101208217
SB71907_component_293a,60.637562,-44.958455,15.375,26.739131927490234,60.63769351183281,-44.95864584606971,12.383462672188154,1.0172242522837005,1.2415751883784896
SB71907_component_294a,54.396565,-47.605092,15.484999656677246,97.38993835449219,54.396421196010465,-47.60494561348709,11.269637275487305,1.12575774327403,1.374045967775628
SB71907_component_298a,58.815356,-47.207812,16.52199935913086,96.61988067626953,58.81547480791655,-47.20776771190155,15.217384044004028,0.889541636335627,1.0857319044688813
SB71907_component_301a,52.998336,-48.534693,14.435999870300293,69.07176971435547,52.99799981923633,-48.534650624922655,13.524773648360414,0.8745014720840238,1.067374600539089
SB71907_component_302a,53.915552,-45.573353,14.649999618530273,89.8772964477539,53.91513424199204,-45.573230761238705,11.89404946117143,1.0091403092860813,1.2317083148473313
SB71907_component_306a,53.636054,-43.684044,14.092000007629395,18.940858840942383,53.635875821396525,-43.684148807884505,12.966444102517965,0.8904210603297437,1.0868052872639815
SB71907_component_307a,54.251205,-49.259722,15.270000457763672,21.628896713256836,54.25082545174392,-49.259653669444766,11.204699494383311,1.1165611621187037,1.3628210614142944
SB71907_component_308a,52.220118,-47.414769,14.291000366210938,47.165016174316406,52.21977986078509,-47.414673332568704,13.386686988983916,0.8746477886903419,1.0675531875789128
SB71907_component_309a,56.772614,-44.680146,13.753999710083008,80.90587615966797,56.77280628460773,-44.68007971714738,12.114534497949181,0.9301777795653201,1.1353304340675545
SB71907_component_310a,53.050851,-43.705682,15.161999702453613,22.83433723449707,53.05063158362937,-43.70566822552779,13.885850728121635,0.8945974838070223,1.0919028296730513
SB71907_component_313a,55.848141,-46.931983,14.142999649047852,90.6602554321289,55.847896739124806,-46.93194726139601,12.413193302087862,0.93347285428835,1.1393522444115198
SB71907_component_316a,59.877142,-44.324812,14.11299991607666,69.52217102050781,59.877456287101,-44.324657365866074,10.953109173119188,1.0556637368866497,1.288492581696564
SB71907_component_317a,51.268519,-48.644288,15.038000106811523,25.402027130126953,51.26820576330495,-48.64420194402201,11.502159117799273,1.0711601149990924,1.3074067184082538
SB71907_component_318a,52.575273,-48.914915,14.619999885559082,48.73332977294922,52.57488811275343,-48.914919544121794,11.431738399483233,1.0478009127764343,1.2788955952858378
SB71907_component_320a,53.86993,-44.80008,13.597000122070312,77.25568389892578,53.86961829622753,-44.799931739038435,11.737223038782329,0.9491206553268468,1.1584512006922658
SB71907_component_321a,52.437877,-48.905803,14.340999603271484,49.451725006103516,52.43768580651937,-48.90586378374283,13.291435562600023,0.8839978616958476,1.0789654387389702
SB71907_component_326a,55.925232,-47.052544,14.586000442504883,90.59627532958984,55.925140785377096,-47.05250389773125,12.5633001687808,0.9512094735296099,1.1610007121178554
SB71907_component_333a,53.264177,-44.035295,13.211000442504883,44.33221435546875,53.26387774492548,-44.03532286042546,10.744646710229857,1.0073659049071524,1.2295425618719356
SB71907_component_335a,52.023942,-48.711631,13.713000297546387,51.167911529541016,52.023725962654176,-48.71170084166083,11.54994422687898,0.9727388898363765,1.1872784862141197
SB71907_component_336a,53.28249,-43.754976,12.244999885559082,22.8026065826416,53.2821694761594,-43.75505067518465,10.545793599943964,0.951312490781556,1.1611264500401512
SB71907_component_337a,51.343147,-45.147124,13.555999755859375,16.06161117553711,51.34286851318994,-45.14713486556731,9.391784224442107,1.1825707342372431,1.443389182705018
SB71907_component_338a,58.128392,-46.85114,13.11400032043457,86.27632141113281,58.12842921009385,-46.85100636510811,10.989383163026172,0.9776998639418957,1.1933336135331674
SB71907_component_348a,54.468107,-44.608544,13.142999649047852,81.12962341308594,54.46779606348477,-44.6084775197523,11.487952782383564,0.9373365139051181,1.1440680422365814
SB71907_component_353a,60.891352,-46.522266,13.286999702453613,16.423978805541992,60.891676718850384,-46.52205088860068,9.525059699221469,1.1428859658288253,1.3949518556339995
SB71907_component_354a,56.91955,-45.662111,12.991999626159668,81.710693359375,56.919726640241365,-45.66212219296802,12.587254121066954,0.8456461580108142,1.0321551866038283
SB71907_component_356a,60.508748,-45.887333,13.152999877929688,51.378902435302734,60.509165759442595,-45.88727456854982,12.37328538710683,0.8709304341589129,1.06301596273172
SB71907_component_357a,54.742845,-44.692601,13.152000427246094,78.28572082519531,54.74252353947737,-44.69257713406613,13.249583865454548,0.8132671993530198,0.9926349809020883
SB71907_component_358a,56.147322,-45.304855,12.911999702453613,86.07999420166016,56.14742915128677,-45.30490188629177,12.950318211680244,0.8168771506159215,0.9970411144652747
SB71907_component_369a,59.65451,-46.155234,12.722000122070312,76.63855743408203,59.654859709362576,-46.15513621772567,10.24471178325702,1.0174177999748564,1.2418114234176831
SB71907_component_371a,52.855895,-48.441633,11.625,58.417083740234375,52.855589273882444,-48.44159667273185,10.742080078707117,0.8866419121495589,1.082192640049575
SB71907_component_375a,58.478361,-44.302155,11.380999565124512,62.191253662109375,58.47859086834457,-44.30203071025211,10.471242540403866,0.8904834832157007,1.0868814776479772
SB71907_component_376a,57.762833,-48.086937,11.664999961853027,66.27841186523438,57.76293587609142,-48.08692581783528,9.966428526920424,0.9589343282965663,1.1704292997581405
SB71907_component_378a,60.178022,-45.805387,11.831000328063965,57.712196350097656,60.17854139985482,-45.8053023990783,9.662984281741494,1.0031222746250605,1.2243629900567057
SB71907_component_385a,52.154238,-45.98581,10.918999671936035,26.310842514038086,52.15390718037736,-45.98555855152625,10.287638394242828,0.8695826041808817,1.0613708660334067
SB71907_component_388a,51.984937,-45.80071,12.734000205993652,29.006834030151367,51.98453818255866,-45.800628792540124,12.228870267372061,0.8531437149127109,1.0413063453595817
SB71907_component_390a,55.611837,-43.961361,11.100000381469727,35.806453704833984,55.61170024199605,-43.961306695683604,9.676576348615383,0.9398205715862886,1.147099964034079
SB71907_component_392a,60.885521,-45.543504,11.609999656677246,14.386616706848145,60.886122906581576,-45.543392552881144,7.943500772061081,1.1974680802041233,1.4615721694787256
SB71907_component_397a,56.23086,-44.814796,11.5,67.64705657958984,56.23078055874978,-44.81484373526001,10.232208463269275,0.9208144834101429,1.1239020433645128
SB71907_component_400a,54.126304,-48.102057,11.503999710083008,71.45341491699219,54.12590865526077,-48.10204248987665,10.068316285383657,0.9361289863213704,1.142594191919016
SB71907_component_401a,53.734156,-45.489023,11.762999534606934,73.0621109008789,53.733709068968146,-45.488899566112536,10.410135484302518,0.925774851219441,1.12995643066744
SB71907_component_404a,58.220266,-49.213865,12.375,22.29729652404785,58.22045258966269,-49.21380699753084,12.878115806031277,0.7872933122631501,0.9609324986970804
SB71907_component_406a,55.37064,-46.188365,11.602999687194824,77.35332489013672,55.37021244743589,-46.18828754565327,10.182061156889795,0.9336374422189921,1.139553132554457
SB71907_component_407a,56.519487,-48.914735,11.487000465393066,45.948001861572266,56.51975620792552,-48.914841720819076,7.016079774558057,1.3413922754798715,1.6372391470016647
SB71907_component_409a,54.031576,-45.244432,11.013999938964844,69.27043914794922,54.03124075289915,-45.24433594601954,10.339183733321914,0.8727754015572997,1.065267841548079
SB71907_component_411a,59.647117,-46.021642,10.859000205993652,67.03086853027344,59.64750662864567,-46.02155582651697,9.065196279577233,0.9814231779138858,1.1978781121879996
SB71907_component_414a,54.26723,-45.69023,12.383999824523926,78.87897491455078,54.26673908709163,-45.69005141462653,11.075886950336889,0.9160646061748287,1.1181045707718467
SB71907_component_416a,53.199525,-47.735161,10.991999626159668,67.85185241699219,53.199152106122334,-47.73506762371634,9.367253384329967,0.961408854731892,1.1734495881735902
SB71907_component_424a,59.228892,-46.205663,10.258000373840332,61.05952835083008,59.22933608341224,-46.205596609203575,7.250019646541089,1.1592235835554896,1.4148927691160562
SB71907_component_425a,54.258077,-45.231531,12.069000244140625,78.37013244628906,54.2576480683881,-45.23144455050522,9.47946031529386,1.043113014948404,1.2731737717883458
SB71907_component_427a,61.041942,-45.837664,11.125,15.6030855178833,61.04243142536028,-45.83751050896329,8.40064639757764,1.0850031420538475,1.3243028540289397
SB71907_component_429a,58.481447,-47.832634,10.58899974822998,63.78915786743164,58.48165932112141,-47.83264583929006,8.258755283307297,1.0504708880061062,1.282154439135956
SB71907_component_431a,55.779974,-46.038166,10.274999618530273,68.04635620117188,55.77950093167462,-46.0381285555112,8.706717881764598,0.9668765399644866,1.180123182818441
SB71907_component_432a,54.411158,-48.626611,10.593999862670898,54.051021575927734,54.41090005081657,-48.626463211914576,10.00426827683806,0.8675975450384228,1.0589479979458556
SB71907_component_433a,59.509696,-47.859282,10.630000114440918,56.24338912963867,59.50984458184119,-47.85922435979148,9.127941299115143,0.9541224430655997,1.1645561431767077
SB71907_component_434a,59.949449,-48.14254,10.279999732971191,42.655601501464844,59.94963597389037,-48.142553871447745,9.034101570886268,0.9322916943638873,1.1379105771956357
SB71907_component_437a,58.235787,-48.635877,10.362000465393066,56.622955322265625,58.2361154020215,-48.63585474921819,8.851950380713088,0.9590656078975325,1.170589533349636
SB71907_component_439a,54.807582,-47.326844,10.147000312805176,62.63580322265625,54.80741533791145,-47.32686326065776,7.7620289170928585,1.0710410051647157,1.3072613386508187
SB71907_component_441a,55.978382,-44.770109,10.222999572753906,63.496891021728516,55.97831839108273,-44.77016112666051,7.942026240156769,1.0546071365131862,1.2872029459011347
SB71907_component_444a,52.880463,-48.57029,10.906999588012695,52.18659973144531,52.88007743491136,-48.57027559985191,8.155586971166898,1.0957052793546234,1.3373653700920716
SB71907_component_445a,51.123498,-47.05823,10.388999938964844,11.441630363464355,51.123184380259936,-47.05820520550707,9.870726357645184,0.8623197088267252,1.0525061239204794
SB71907_component_446a,54.781911,-44.776284,9.975000381469727,61.196319580078125,54.7815768747461,-44.776291700876584,10.238402344836196,0.7982233163839859,0.9742731380839592
SB71907_component_449a,53.597659,-45.794139,10.097999572753906,58.034481048583984,53.59703180302356,-45.79418204949785,8.37209573637978,0.9881999848730165,1.2061495580938535
SB71907_component_453a,59.553309,-48.391445,10.708999633789062,54.63775634765625,59.5535640526621,-48.391449185810494,8.919687472050118,0.9836553236156337,1.200602562292206
SB71907_component_454a,58.316368,-49.329729,9.034000396728516,11.52295970916748,58.31643730779282,-49.329840919273245,7.592209401844758,0.9748899834204383,1.1899040079865857
SB71907_component_457a,59.265895,-45.530323,10.965999603271484,65.6646728515625,59.26622964426224,-45.53035007310476,8.159668041620543,1.1010813734116298,1.3439271729360196
SB71907_component_459a,59.278047,-45.628234,11.241999626159668,65.36045837402344,59.2784189868705,-45.62825838329288,10.625791060158251,0.8668141165643888,1.0579917826835417
SB71907_component_461a,56.466287,-43.67343,10.17199993133545,17.477663040161133,56.466001583679635,-43.67353698911183,10.143923815056016,0.8215690128520261,1.0027677767293324
SB71907_component_464a,53.216915,-44.10212,9.946000099182129,34.415225982666016,53.21663823088469,-44.10208129833257,7.855790215348284,1.0372949480309939,1.2660725180453634
SB71907_component_468a,55.634158,-46.143382,10.293999671936035,67.28104400634766,55.633698945574615,-46.14334420051487,8.824560044220778,0.9557290094329876,1.1665170411161285
SB71907_component_474a,60.441787,-46.840223,9.177000045776367,18.354000091552734,60.442144485524395,-46.840371802572164,8.383238016062949,0.8968764446145765,1.094684420052551
SB71907_component_479a,56.824077,-46.58384,9.531000137329102,61.096153259277344,56.82418925586334,-46.583754497988394,10.731014437439025,0.7276815730303813,0.8881732657144473
SB71907_component_480a,55.399944,-45.188121,9.378000259399414,60.8961067199707,55.39982728428451,-45.1878883456743,10.79116556743126,0.7120091345556006,0.8690442381593226
SB71907_component_482a,58.381037,-48.747315,9.229000091552734,38.29460525512695,58.381360810511566,-48.747334518263294,8.07280842844845,0.9366421217529997,1.143220500443177
SB71907_component_483a,54.016968,-44.138651,9.303999900817871,35.511451721191406,54.016625208599464,-44.13867394275292,7.750137593644294,0.9835670359747428,1.2004948026274866
SB71907_component_484a,54.46088,-46.498886,9.876999855041504,59.86060333251953,54.46017790662137,-46.49870328242603,8.636730472249928,0.9369563557235513,1.1436040393730704
SB71907_component_485a,57.279183,-46.584289,9.519000053405762,63.88590621948242,57.27925978486747,-46.58424386853898,5.490127261653542,1.420537158642274,1.7338395996559806
SB71907_component_487a,55.630399,-48.408294,9.647000312805176,59.54938507080078,55.63033156834479,-48.40826720953051,8.287457692641041,0.9537062947187681,1.1640482124417189
SB71907_component_488a,53.724124,-44.38697,9.015000343322754,42.52358627319336,53.72378938361329,-44.386885980466566,7.213468386427823,1.0239182779269076,1.2497455953760777
SB71907_component_490a,60.333961,-47.869239,9.982000350952148,39.928001403808594,60.33390681557606,-47.869269117561466,8.100834488007141,1.0095585301563972,1.2322187752051932
SB71907_component_494a,59.220012,-49.257658,9.059000015258789,13.4806547164917,59.2202046151525,-49.25791093222976,9.481713032763642,0.7827753375306092,0.9554180751891366
SB71907_component_499a,57.310042,-49.170084,9.670000076293945,16.96491241455078,57.31053803788735,-49.1699035159159,6.9124805858120215,1.1461362108813904,1.3989189490299296
SB71907_component_500a,54.726391,-47.869418,10.055999755859375,56.81355667114258,54.72632861042868,-47.86929962818282,7.797526780039222,1.0566035366024624,1.28963965620504
SB71907_component_501a,57.730151,-46.083531,9.199999809265137,58.598724365234375,57.73059861013734,-46.08351042352111,8.779821304746992,0.8585109175121222,1.0478572957163679
SB71907_component_507a,60.644062,-47.707546,9.385000228881836,31.076160430908203,60.64400034244799,-47.70761897170617,8.904167505479581,0.8635443500321711,1.0540008623047974
SB71907_component_508a,57.931266,-49.185701,9.788000106811523,20.43423843383789,57.93157944469732,-49.18566303591387,6.19487280585566,1.2945095314060222,1.5800163156795546
SB71907_component_517a,59.42355,-43.566064,9.28600025177002,10.049783706665039,59.42366860412818,-43.56588269973904,5.832820580307443,1.3043488342408676,1.5920256973309066
SB71907_component_521a,57.223711,-47.389788,9.039999961853027,56.8553466796875,57.223716107654134,-47.38964095723104,8.238525570018243,0.8990060523409856,1.0972837172165273
SB71907_component_522a,55.381059,-44.990993,9.062999725341797,57.360755920410156,55.38100417776553,-44.99081414788069,7.0646643452208036,1.0510517874160685,1.2828634571255821
SB71907_component_525a,57.578831,-48.160187,8.668999671936035,52.22289276123047,57.57898223579351,-48.16012556653814,7.04468480958583,1.0082102317057084,1.2305731067115977
SB71907_component_528a,58.691371,-44.972554,8.751999855041504,49.727272033691406,58.69163892853954,-44.972466889101526,8.053989320104504,0.8903072977712184,1.0866664341352694
SB71907_component_530a,56.409574,-46.691438,8.602999687194824,58.523807525634766,56.40950933521523,-46.691348491152446,7.875122432158427,0.8950272820511781,1.092427420818764
SB71907_component_531a,56.409373,-47.653175,9.053999900817871,56.943397521972656,56.40941732052951,-47.653058215572806,8.445848491262435,0.8782959493832465,1.0720059577417937
SB71907_component_536a,59.619098,-45.851626,8.791999816894531,50.82080841064453,59.619430074087276,-45.85157001147878,7.275657228753395,0.9900545428284716,1.208413142684698
SB71907_component_538a,58.14115,-48.134441,8.829999923706055,54.17177963256836,58.141326808143496,-48.134410330103705,7.332706892937039,0.9865976012096623,1.2041937653625878
SB71907_component_539a,54.039155,-48.109752,8.442000389099121,52.434783935546875,54.038805100210894,-48.10976795642658,7.284571041584116,0.9494783483281928,1.1588877836330782
SB71907_component_542a,53.038543,-44.775029,8.616000175476074,42.86567306518555,53.03837919780444,-44.77497717035198,8.249343132183462,0.8557167075023491,1.0444468168455934
SB71907_component_543a,57.200011,-43.989005,8.418000221252441,30.500001907348633,57.20030235836272,-43.988886218285195,7.75065977999228,0.8898441302067367,1.0861011139958494
SB71907_component_545a,56.296119,-45.302253,8.383999824523926,57.8206901550293,56.296195185550374,-45.30230186674951,7.766605970072043,0.8844304146906112,1.0794933922012984
SB71907_component_547a,54.241246,-46.534018,7.988999843597412,50.24528503417969,54.240433522793694,-46.53382577962832,7.2356890546979304,0.9045991976727813,1.1041104424478243
SB71907_component_548a,58.659693,-44.330508,8.387999534606934,41.939998626708984,58.65987210723304,-44.33041647619975,7.001764268893001,0.9815096942538003,1.197983709887608
SB71907_component_550a,56.851544,-45.2242,8.166000366210938,53.37255096435547,56.85167240071151,-45.22429027804743,9.152405242049623,0.7310007705238004,0.8922245191562578
SB71907_component_552a,52.865273,-43.864117,8.907999992370605,18.558334350585938,52.864696944298956,-43.86425294143617,7.79810856405397,0.9359111294849463,1.1423282863017288
SB71907_component_556a,52.202626,-48.973472,8.437999725341797,25.03857421875,52.202218927314235,-48.97332813242887,4.297085067149097,1.60882659372942,1.963656663408805
SB71907_component_566a,57.379246,-46.931489,7.517000198364258,49.78145980834961,57.37921908318463,-46.93135118842586,5.839960695981035,1.05457705596267,1.2871662310222967
SB71907_component_567a,56.678006,-44.236333,7.88700008392334,34.898231506347656,56.67819471440522,-44.236204164416236,6.485266592946914,0.9963861744278271,1.2161412288742128
SB71907_component_568a,54.155798,-47.362662,8.27400016784668,48.385963439941406,54.15547047593574,-47.36264677013845,5.457456708883005,1.2421353079073876,1.5160908476615558
SB71907_component_570a,52.913819,-48.972684,8.463000297546387,24.042613983154297,52.91349973768964,-48.97267367887139,7.746040455830622,0.895134459228847,1.0925582361471005
SB71907_component_573a,57.754875,-45.735169,8.192000389099121,53.19480895996094,57.75511535140223,-45.73533749332878,7.642576741083358,0.8782008170577454,1.0718898437829596
SB71907_component_574a,54.913024,-47.466217,7.714000225067139,47.03658676147461,54.91280498267004,-47.46610333766418,5.953195239421298,1.0616300482706986,1.2957747755333162
SB71907_component_577a,55.964448,-49.031418,7.196000099182129,21.164705276489258,55.96452357180468,-49.0313237982317,7.869834281730003,0.7491508112813627,0.9143775893588769
SB71907_component_578a,60.65159,-44.047484,7.959000110626221,15.36486530303955,60.65163882129109,-44.047442756086696,5.924042828161777,1.1007381074593505,1.3435081989601159
SB71907_component_579a,53.488114,-47.594377,7.290999889373779,44.1878776550293,53.487739833291606,-47.59427609393366,6.799204332923172,0.87856253504507,1.0723313394288254
SB71907_component_582a,52.016181,-49.200935,7.460999965667725,12.841652870178223,52.0161516006028,-49.20099028779383,6.334147631988469,0.9650560494500097,1.1779011793139251
SB71907_component_584a,52.663964,-46.359831,7.548999786376953,39.11398696899414,52.66351248960761,-46.35969685580406,7.988796090058862,0.7741974878651376,0.9449483628416571
SB71907_component_585a,53.632075,-46.70977,7.310999870300293,43.7784423828125,53.63132447237292,-46.709586369864155,5.613415684271814,1.067070843082279,1.302415549018564
SB71907_component_588a,59.33043,-46.763459,7.021999835968018,42.81707000732422,59.330563479208166,-46.76339729561955,6.888500492944581,0.8351794543298121,1.0193800295376578
SB71907_component_589a,58.428846,-45.241436,7.373000144958496,48.5065803527832,58.42919228182822,-45.24154338611968,6.622025424496339,0.912214727292276,1.1134055930507507
SB71907_component_592a,58.907954,-44.039799,7.857999801635742,25.105430603027344,58.90795262793323,-44.03959767238258,6.679895157073,0.9637980609437236,1.1763657388118296
SB71907_component_594a,59.142794,-49.173211,7.918000221252441,15.315279960632324,59.14315026749825,-49.17325135787004,7.783736725178961,0.8334336906176549,1.0172492339879846
SB71907_component_597a,59.05109,-47.356937,7.269999980926514,41.5428581237793,59.05128142756986,-47.35675818119589,8.301426874716412,0.7175056807898265,0.8757530591600695
SB71907_component_609a,58.489074,-45.941877,7.96999979019165,53.48992919921875,58.48969657082941,-45.94184967750527,7.480399168905114,0.8729255747280745,1.0654511357257153
SB71907_component_611a,54.553849,-45.850806,6.9679999351501465,44.10126495361328,54.553299700133,-45.8506509515726,6.572591798580492,0.8685906663766075,1.060160154272026
SB71907_component_612a,53.241075,-47.238726,7.355000019073486,44.57575607299805,53.24067576589979,-47.23858898181927,5.728260860290754,1.0519705257684888,1.2839848251429253
SB71907_component_615a,57.719288,-48.131306,6.789999961853027,39.02299118041992,57.7195118688001,-48.131253411017006,7.977232521263088,0.6973666937015451,0.8511723763541397
SB71907_component_616a,60.370662,-48.035493,7.605999946594238,24.535484313964844,60.37074659296333,-48.03553522793792,6.541912471145751,0.9525664246974707,1.1626569417034898
SB71907_component_619a,60.485097,-47.533981,7.368000030517578,30.44628143310547,60.48520129509778,-47.53389254834399,6.0745926583853835,0.993747705500377,1.2129208401071587
SB71907_component_623a,54.63236,-47.009488,7.146999835968018,44.94968795776367,54.631913089346575,-47.00954574543478,6.186338439237416,0.9465286795347517,1.1552875592187972
SB71907_component_625a,56.675101,-48.420524,7.11899995803833,44.21739196777344,56.67517211972938,-48.42050804193712,7.592578037380201,0.7681984152148318,0.9376261821728634
SB71907_component_628a,52.975469,-48.842059,7.296000003814697,24.73220443725586,52.9749778346404,-48.84197680586873,5.725425955478752,1.0440485724755308,1.2743156684845498
SB71907_component_629a,52.98016,-49.112423,7.445000171661377,14.372587203979492,52.97973046333151,-49.112350438650715,6.56847031503711,0.9286330826910276,1.1334450510673146
SB71907_component_631a,58.656956,-45.240093,7.057000160217285,48.33561706542969,58.657191432208286,-45.24022468641461,8.249581681734396,0.700860979320098,0.8554373339732322
SB71907_component_633a,52.023192,-47.622175,7.14300012588501,17.724565505981445,52.02272777957025,-47.622049045428,6.067360131914861,0.9645495996379122,1.1772830309366646
SB71907_component_634a,53.749354,-44.341808,6.697000026702881,32.66829299926758,53.7489962208627,-44.341722761508656,5.787149321852605,0.948111235575513,1.1572191513038428
SB71907_component_637a,58.045906,-45.491362,7.045000076293945,46.96666717529297,58.04617774460958,-45.49138171365814,4.62650408026496,1.247589564628115,1.522748052108165
SB71907_component_642a,51.960372,-46.988888,7.196000099182129,30.62127685546875,51.96003102226578,-46.98879520952277,6.723350736889594,0.8768979884478585,1.0702996735986432
SB71907_component_644a,52.86847,-47.434573,7.309000015258789,39.29569625854492,52.86818867200351,-47.43444541233665,5.366216457082652,1.1159210163632243,1.3620397301737495
SB71907_component_646a,52.036948,-45.09316,7.5370001792907715,28.549243927001953,52.0367039373106,-45.09309192766615,5.683456701317774,1.0864998000316304,1.3261296030535838
SB71907_component_647a,53.908158,-43.928679,6.8979997634887695,17.641942977905273,53.907975362769385,-43.92863540344614,8.506259137962768,0.6643978935951506,0.8109322384388147
SB71907_component_653a,55.53805,-44.43712,6.379000186920166,37.97024154663086,55.537914064501095,-44.43704412568689,5.573134812185296,0.9377708894305289,1.1445982201925022
SB71907_component_654a,51.857951,-46.84535,7.3979997634887695,29.011764526367188,51.85763051012746,-46.845125205525136,6.0554448235264715,1.0009489831170872,1.2217103745617885
SB71907_component_656a,57.758123,-43.757037,6.769999980926514,10.990260124206543,57.758409618082624,-43.75663414627563,7.542463598588563,0.7353923799532601,0.8975847072292663
SB71907_component_658a,52.27318,-46.016395,6.828000068664551,19.233802795410156,52.272935625623816,-46.01615538871391,6.435272123287886,0.8693012044591907,1.061027403014624
SB71907_component_661a,51.772378,-45.355593,7.104000091552734,19.67867088317871,51.772245816426974,-45.355617149304855,6.724625441231802,0.8655228540861282,1.0564157295653689
SB71907_component_663a,55.509159,-44.928727,7.269999980926514,46.602561950683594,55.50902413062408,-44.92858791349275,6.5439065812029975,0.9102087365335496,1.1109571768351918
SB71907_component_664a,53.418356,-47.550396,6.186999797821045,38.911949157714844,53.41798989473912,-47.55025706990797,5.21876592146793,0.9713057616049005,1.1855292785541858
SB71907_component_665a,59.889006,-44.359669,7.091000080108643,37.71808624267578,59.889217548794186,-44.35960291017874,5.671788404675475,1.024309382307918,1.2502229586462106
SB71907_component_666a,53.30438,-45.704063,6.543000221252441,39.89634323120117,53.303953532546835,-45.70404392723694,4.862244875265953,1.1025131765266711,1.3456747632223183
SB71907_component_673a,56.639034,-46.527933,6.7170000076293945,43.90196228027344,56.63913085339977,-46.52784445146461,4.837419742314061,1.1376410563731445,1.3885501704295367
SB71907_component_677a,59.034299,-48.611414,6.091000080108643,29.283653259277344,59.034370114143385,-48.61145166684588,4.4691616219814945,1.1166221161576146,1.3628954589939561
SB71907_component_678a,55.086392,-45.498438,6.130000114440918,40.86666488647461,55.08623373822091,-45.4981963426796,5.691430351041519,0.8824350259176366,1.0770579162616198
SB71907_component_683a,51.935246,-48.020096,6.665999889373779,22.907215118408203,51.934681226597135,-48.02014061031423,6.66013272930459,0.820023122812569,1.0008809374088559
SB71907_component_685a,55.241292,-44.844693,6.7769999504089355,41.57668685913086,55.24110401007227,-44.84458167313409,6.033234363713882,0.9203032745512295,1.1232780863227088
SB71907_component_686a,54.138267,-49.143366,6.663000106811523,14.484782218933105,54.1380914507926,-49.143130565997076,6.554587410843964,0.8328525917645716,1.0165399725676403
SB71907_component_687a,56.378487,-47.257774,6.421999931335449,40.64556884765625,56.378397637414004,-47.25769254859548,6.157135903656655,0.8545455909306473,1.0430174080649244
SB71907_component_688a,60.998383,-46.115151,6.321000099182129,10.345335960388184,60.998400440845714,-46.11503859902748,5.094468899695294,1.0165542552883304,1.2407574221446704
SB71907_component_691a,60.24076,-47.790708,6.495999813079834,28.61673927307129,60.24061581445376,-47.79067245904627,5.55498381100998,0.9580912788880613,1.1694003140395766
SB71907_component_693a,55.650599,-46.445696,6.313000202178955,38.03012466430664,55.650149316225566,-46.44575454719995,5.910703717144724,0.8750649600055758,1.0680623669001241
SB71907_component_694a,52.592004,-47.256613,6.620999813079834,35.596771240234375,52.5915647174724,-47.256500210234876,4.104231488903749,1.3217076642868222,1.6132130536448666
SB71907_component_695a,55.833053,-48.510924,6.288000106811523,32.24615478515625,55.83312002609979,-48.510928885354126,5.902800967712881,0.8727665268832255,1.0652570095460787
SB71907_component_696a,55.877834,-49.00154,6.192999839782715,19.29283332824707,55.87811402458617,-49.00152754905805,6.288263159244981,0.8068894577235058,0.984850615018837
SB71907_component_699a,56.779453,-46.822958,6.525000095367432,45.000003814697266,56.77943962581372,-46.822826962950046,5.445157308757122,0.981779076628715,1.1983125051086518
SB71907_component_701a,51.061423,-46.77478,6.795000076293945,16.37349510192871,51.06081231895409,-46.77443541147,3.3618342113800384,1.6559867378367508,2.02121807592189
SB71907_component_706a,54.725688,-48.452656,6.099999904632568,35.88235092163086,54.725450241342905,-48.45268581812034,5.776390756334389,0.8652008645477022,1.0560227245608877
SB71907_component_707a,57.593983,-45.095572,6.590000152587891,39.226192474365234,57.594131978032365,-45.09564324338126,6.273702279910545,0.8606076459641318,1.0504164620132175
SB71907_component_712a,53.769577,-48.400044,6.59499979019165,37.90229797363281,53.76931000360079,-48.39997076559472,5.411103046471921,0.9985565445945084,1.218790278719907
SB71907_component_716a,55.429828,-45.506662,6.197999954223633,44.589927673339844,55.42977908655497,-45.5064992475382,5.191790013844301,0.9780884507375045,1.1938079039591734
SB71907_component_719a,59.153857,-44.799962,6.322999954223633,36.13142776489258,59.154232745523935,-44.80001773640389,6.245631580064002,0.8294505457109759,1.0123875981424506
SB71907_component_721a,59.123847,-43.911632,6.11299991607666,14.589498519897461,59.12351638676799,-43.91161898256102,5.904078876328366,0.8482930713556593,1.0353858822221933
SB71907_component_728a,60.459273,-48.268665,6.301000118255615,14.191441535949707,60.459459105522654,-48.26868431273219,5.356984060739445,0.9636799303714778,1.1762215542948364
SB71907_component_730a,53.94672,-45.110879,6.322999954223633,37.86227798461914,53.94623032320987,-45.110890957163804,5.359015251817061,0.9666780703110105,1.1798809402678445
SB71907_component_732a,52.412774,-47.361341,5.72599983215332,25.33628273010254,52.412426689907505,-47.36123407040154,3.7052156158820617,1.2661394075500192,1.5453891016785515
SB71907_component_733a,53.466228,-46.584998,6.071000099182129,34.691429138183594,53.46551340633698,-46.58494932822317,4.805998639298354,1.0349521648530342,1.2632130291381976
SB71907_component_734a,60.476672,-48.039042,5.920000076293945,16.81818199157715,60.47660539368984,-48.038874465661586,5.967308604473884,0.8128059887544972,0.9920720493415625
SB71907_component_736a,54.442058,-46.380328,6.507999897003174,39.442420959472656,54.441423825384305,-46.380058863480286,4.944566368273051,1.0783581070120916,1.3161922426124033
SB71907_component_737a,53.655112,-48.714004,6.368000030517578,31.524751663208008,53.65473493916271,-48.713929678573706,5.3784819831649395,0.9700341402766657,1.1839771984827514
SB71907_component_740a,54.392534,-45.489701,6.192999839782715,38.949684143066406,54.39219819451572,-45.48960597702967,5.0713292477354655,1.0005134754071787,1.2211788147157112
SB71907_component_741a,58.016647,-44.516347,5.599999904632568,31.46067237854004,58.01695823012538,-44.51625312478759,4.364494554361614,1.0512299956858286,1.283080969601913
SB71907_component_745a,59.184237,-48.717842,6.0289998054504395,29.12560272216797,59.184616753105814,-48.71787316197813,4.848829457219083,1.0187134526851551,1.243392835042751
SB71907_component_749a,56.986486,-48.470477,5.289999961853027,27.989418029785156,56.986747143675615,-48.47049246310866,5.500484104455825,0.7879495934458306,0.9617335240670383
SB71907_component_750a,52.713602,-46.246885,6.3379998207092285,31.849245071411133,52.713111640216006,-46.2467890953821,4.165836989898308,1.2465038709245846,1.5214229063878817
SB71907_component_751a,54.433646,-47.186315,6.080999851226807,36.19642639160156,54.4332785739526,-47.18615415853606,5.056875357133212,0.985227270737545,1.2025212056391639
SB71907_component_752a,52.012461,-46.346412,6.264999866485596,19.3364200592041,52.01203507330353,-46.34622661509765,6.190518966000714,0.8291587505449313,1.012031446942323
SB71907_component_753a,59.278789,-44.300368,5.410999774932861,24.04888916015625,59.278885571994984,-44.300176824691896,3.787699568886318,1.1704306125157609,1.4285715317500316
SB71907_component_756a,59.034823,-46.659785,6.067999839782715,37.92499923706055,59.03511016174042,-46.659760617861714,6.0522815377773345,0.8214291665640646,1.0025970870501097
SB71907_component_758a,52.051437,-47.823124,5.109000205993652,15.026471138000488,52.050921431906126,-47.82299370312822,4.921570339366175,0.8505031072114672,1.038083346107701
SB71907_component_764a,56.165174,-44.152158,5.860000133514404,24.93617057800293,56.164940685221055,-44.15208036082918,5.400967870299493,0.8889344003636827,1.0849907413334523
SB71907_component_774a,55.07814,-44.492211,5.7820000648498535,31.76923179626465,55.07781285866332,-44.49220783281869,4.97184525015535,0.9528053134669536,1.1629485178906542
SB71907_component_776a,53.214755,-47.895435,6.056000232696533,33.27472686767578,53.21442848310629,-47.89538819619254,4.765877186011579,1.0410862662240752,1.270700019394461
SB71907_component_778a,58.657647,-48.76885,5.301000118255615,20.467182159423828,58.65763914138092,-48.76883023054017,4.646912387169137,0.9346241751963232,1.1407574915534275
SB71907_component_780a,54.684411,-44.990938,5.869999885559082,36.459625244140625,54.68415218092553,-44.990838873882666,4.011654920551957,1.1988316644773194,1.4632364951149481
SB71907_component_781a,59.68964,-43.920655,5.535999774932861,15.682719230651855,59.68943800694185,-43.920300844903295,4.3753573213314745,1.0366358366944564,1.2652680383251966
SB71907_component_785a,56.542546,-46.952729,6.008999824523926,41.44137954711914,56.542550777258754,-46.952575598033675,4.948306967336508,0.994922469155203,1.2143547003427617
SB71907_component_790a,58.601762,-43.756479,4.9679999351501465,10.222222328186035,58.60210420554464,-43.756449029877,3.9565065764244545,1.0287583433400687,1.2556531473378192
SB71907_component_800a,60.785198,-44.390091,4.942999839782715,10.046747207641602,60.78566173780377,-44.39015547411089,5.008844063152605,0.8085311675790496,0.9868544074162199
SB71907_component_801a,53.546115,-46.995982,5.434000015258789,33.33742141723633,53.54558623355764,-46.99590686333551,4.756044569018885,0.9360895572422212,1.1425460666740048
SB71907_component_802a,59.374981,-47.289642,5.5229997634887695,29.85405158996582,59.375157630503956,-47.28950392028521,4.365732354113398,1.036481603411033,1.2650797885685763
SB71907_component_806a,60.270637,-47.524937,5.4029998779296875,25.36619758605957,60.27067697687195,-47.524950294844736,4.93956638766183,0.8961687833416155,1.0938206826059538
SB71907_component_808a,56.842823,-48.170427,5.622000217437744,33.07059097290039,56.84301654497853,-48.170366558302945,4.332994934611212,1.0630320476888115,1.2974859888550023
SB71907_component_812a,52.01552,-45.115057,5.734000205993652,21.885498046875,52.01557757442363,-45.115062282800565,4.570616344370344,1.0278426076537763,1.254535444230898
SB71907_component_814a,59.531848,-47.214705,5.396999835968018,29.491802215576172,59.53180186911695,-47.21459567705496,5.909085673939145,0.7483000926472612,0.9133392429509729
SB71907_component_815a,57.430763,-45.641312,5.324999809265137,35.26490020751953,57.43090079136034,-45.64142011493951,5.2242786624526065,0.8350970380154134,1.0192794361327666
SB71907_component_818a,58.974478,-46.299329,5.0879998207092285,32.20252990722656,58.97495303828941,-46.299324038581275,4.550107445467765,0.9161553373245231,1.1182153128663463
SB71907_component_822a,54.403219,-44.799182,5.0960001945495605,30.69879722595215,54.402865408802256,-44.7991275292657,4.991571826203144,0.8364419233421682,1.0209209387308067
SB71907_component_826a,57.343235,-47.896552,5.308000087738037,34.467533111572266,57.34332457251362,-47.896502314618786,5.274393381832226,0.8245216893816207,1.0063716722422658
SB71907_component_828a,55.880218,-47.49026,4.921000003814697,31.954545974731445,55.880217826473306,-47.490121511381716,5.035053721448964,0.8007426069135631,0.97734806340826
SB71907_component_833a,55.482841,-47.861406,5.355999946594238,34.114646911621094,55.48287908831511,-47.86130868756135,4.70078326740589,0.9334993430092798,1.139384575275245
SB71907_component_835a,54.897138,-48.414518,5.534999847412109,34.81132125854492,54.89698450520005,-48.41454617180445,4.454956055402363,1.0179298963340395,1.242436463699797
SB71907_component_837a,52.729582,-45.888863,5.336999893188477,26.16176414489746,52.72915247109097,-45.88876008779618,4.558318747185958,0.9592596666642157,1.1708263921831334
SB71907_component_841a,57.251457,-46.981833,4.804999828338623,29.478525161743164,57.25127819062839,-46.981700457031266,5.750409313192586,0.6846022127835893,0.8355926624762162
SB71907_component_842a,51.836259,-46.815571,4.866000175476074,19.0078125,51.83584653775563,-46.815473715624584,6.124959034720439,0.6508975138574074,0.7944543217174632
SB71907_component_843a,55.864182,-47.544132,5.449999809265137,35.855262756347656,55.864091472156744,-47.54404559355598,4.580890904913455,0.9747432105816604,1.189724864091279
SB71907_component_846a,58.016586,-47.907188,4.870999813079834,30.63521957397461,58.01673803285472,-47.907144025410936,3.4327921414985885,1.162557082868409,1.4189614786735658
SB71907_component_850a,57.195158,-46.334639,5.709000110626221,37.31372833251953,57.1953621267497,-46.33473035558869,5.270906411908855,0.8873979623391434,1.0831154386895498
SB71907_component_851a,60.360677,-46.301814,5.5329999923706055,21.698040008544922,60.361083551246736,-46.301845261552664,4.567045463578065,0.9925879888487915,1.2115053455228275
SB71907_component_854a,54.549597,-44.254319,5.103000164031982,24.65217399597168,54.549266910195634,-44.25421755332387,6.0530515692016085,0.6907086410211118,0.8430458762314927
SB71907_component_856a,57.481889,-44.397972,5.046000003814697,28.03333282470703,57.48231111398842,-44.39773485947772,4.58115731681818,0.9024345657993333,1.1014683964879364
SB71907_component_861a,56.443969,-44.101678,4.9710001945495605,18.41111183166504,56.44422302699106,-44.10158970576049,4.681988217348003,0.8698755909980637,1.0617284717058217
SB71907_component_862a,53.197532,-48.222132,5.281000137329102,27.941801071166992,53.19721690772997,-48.22210114408367,4.469658388415783,0.9680226695884657,1.1815220937278137
SB71907_component_866a,59.874783,-47.269241,5.361000061035156,25.898550033569336,59.874891024248925,-47.26930268399777,5.088459262382453,0.86318362118624,1.053560573957528
SB71907_component_869a,58.260169,-49.123975,4.553999900817871,10.165178298950195,58.26022817165985,-49.12388161907844,3.9071156680458836,0.9549495517508199,1.1655656724121306
SB71907_component_877a,54.700858,-48.984114,5.230999946594238,17.094772338867188,54.700909509498096,-48.98387758626404,4.580897526928204,0.9355733009439162,1.141915948969496
SB71907_component_879a,58.028191,-44.442307,5.341000080108643,28.870269775390625,58.028265918418434,-44.44220193259743,5.092100820121841,0.8593483976800836,1.0488794838867401
SB71907_component_880a,56.394726,-45.844497,4.826000213623047,28.898204803466797,56.39448050164163,-45.84449946638598,3.383733290959338,1.1685166189701035,1.4262354029252717
SB71907_component_883a,53.969667,-44.099897,4.934999942779541,16.843002319335938,53.969590108874556,-44.09980390020646,4.002435661219293,1.0101979280284508,1.2329991936150584
SB71907_component_885a,55.614045,-44.808386,4.560999870300293,26.36416244506836,55.61385359812998,-44.808224378051115,4.110543305744958,0.9090850436243746,1.1095856511049937
SB71907_component_890a,59.231982,-45.789125,4.791999816894531,27.227272033691406,59.23258729930545,-45.788974306027626,3.819892783683093,1.02780162569294,1.2544854236128966
SB71907_component_891a,54.047651,-46.778587,4.552000045776367,28.62893295288086,54.04676161667276,-46.77844671929364,3.9121553571595653,0.9533005546518812,1.1635529855545828
SB71907_component_893a,56.029442,-46.498697,4.703000068664551,31.563758850097656,56.029184016049236,-46.49860673517971,4.160699221560433,0.9260881866820924,1.1303388729216366
SB71907_component_894a,57.641001,-48.281255,5.125999927520752,27.85869598388672,57.640932739207706,-48.28131533061384,4.484111642417145,0.9365821139227083,1.1431472577604245
SB71907_component_895a,54.855563,-49.123958,5.061999797821045,12.979487419128418,54.85538043028777,-49.124025113156726,3.4622126910737157,1.1978765423326967,1.4620707187839452
SB71907_component_896a,53.601543,-44.206071,4.4039998054504395,19.400880813598633,53.60115347646311,-44.20580884093582,3.8844295604699,0.9288887894854304,1.1337571545299656
SB71907_component_903a,54.726783,-45.937372,4.951000213623047,30.94375228881836,54.725973968467116,-45.93719178877813,4.081177385228865,0.9939193700641574,1.2131303656494714
SB71907_component_904a,58.020929,-45.891686,4.927000045776367,31.993507385253906,58.02123634847535,-45.891715284112934,4.851464986629586,0.8320575118205759,1.0155695360792982
SB71907_component_912a,53.752971,-45.243012,4.232999801635742,26.29192543029785,53.75247334742098,-45.24287216145578,4.631832517368927,0.7487538726705893,0.9138931051074061
SB71907_component_915a,57.033445,-46.464254,4.368000030517578,27.471698760986328,57.033547451006065,-46.46421700550729,4.44734925633943,0.8046834644834241,0.9821580853564078
SB71907_component_916a,53.498614,-47.531298,5.025000095367432,32.8431396484375,53.498312896748146,-47.53102753478714,4.538686232515024,0.9070883620055528,1.107148597179613
SB71907_component_918a,56.392627,-46.331512,4.664999961853027,29.15625,56.39248862190355,-46.33130933760128,3.9820026239080852,0.9598288145069754,1.1715210667728349
SB71907_component_919a,53.248079,-45.584908,4.623000144958496,26.267045974731445,53.247619424066144,-45.584798374636826,4.008423714504478,0.9449176584450724,1.1533212240587674
SB71907_component_925a,58.125857,-48.500848,4.585000038146973,25.614524841308594,58.1261755460563,-48.50091943435629,4.410637563607868,0.8516902050181953,1.0395322608182018
SB71907_component_928a,55.608978,-44.270714,4.665999889373779,22.98522186279297,55.60876325908465,-44.27048332819927,3.478449138570375,1.0990127920708304,1.3414023616546198
SB71907_component_931a,58.953296,-45.57579,4.439000129699707,27.571430206298828,58.95350855736262,-45.575906721410846,3.5942930275230163,1.011848187671569,1.235013421473545
SB71907_component_934a,59.956227,-44.854519,3.8910000324249268,18.01388931274414,59.95653559149135,-44.854364532736376,3.669947067878963,0.8686505817837693,1.0602332841475344
SB71907_component_937a,54.530427,-47.725798,4.5929999351501465,29.63225746154785,54.53028163406856,-47.725669940847645,3.802112728518664,0.9897263458696847,1.2080125612003143
SB71907_component_940a,54.072633,-46.425373,4.328999996185303,26.55828094482422,54.0720164771704,-46.42526672258667,2.8275839094760515,1.2543414234076011,1.5309890474611811
SB71907_component_942a,53.481158,-47.339077,4.339000225067139,26.783952713012695,53.480705925339706,-47.33895577168263,4.025618661188884,0.8830813661783379,1.0778468082184676
SB71907_component_949a,58.091213,-47.533649,4.431000232696533,25.912281036376953,58.091227484143225,-47.533540935040946,3.9341053162623134,0.9227827593434988,1.1263044266710953
SB71907_component_950a,58.746757,-47.52985,4.232999801635742,26.7911376953125,58.74696326536843,-47.529730301483916,3.5882298111031936,0.9665218554870899,1.1796902719378264
SB71907_component_954a,56.473942,-47.099969,4.659999847412109,30.86092758178711,56.473657444436576,-47.099918884104255,4.626697350848733,0.82519861744565,1.0071978982064316
SB71907_component_956a,53.709852,-48.254823,4.525000095367432,25.279329299926758,53.70946791722304,-48.25495935497489,2.3702932395859926,1.5640844405240184,1.9090465347476546
SB71907_component_957a,57.740375,-46.172373,4.656000137329102,29.10000228881836,57.74066707676982,-46.17245507753343,5.357386880553776,0.7120387932328229,0.8690804381198294
SB71907_component_958a,52.107578,-45.579018,4.269000053405762,15.637362480163574,52.107360137115066,-45.57894683304383,3.42074580763035,1.0224663822492819,1.2479734810704985
SB71907_component_963a,52.948395,-44.071988,4.639999866485596,14.276923179626465,52.94792885036264,-44.07215243651465,4.155579221189129,0.9148082717593328,1.1165711491737242
SB71907_component_969a,54.397648,-46.196685,4.269000053405762,26.190183639526367,54.39697618512985,-46.196240155921046,2.9878182671478095,1.17061925384807,1.4288017783226745
SB71907_component_970a,59.483859,-47.701705,4.460000038146973,25.485715866088867,59.48413458620822,-47.70183448652504,4.532309723337197,0.8062300157459712,0.9840457317341098
SB71907_component_973a,57.848835,-47.825861,4.044000148773193,23.788236618041992,57.84889928557961,-47.825830253177045,3.6129324120446804,0.9170542049040761,1.119312427570312
SB71907_component_974a,60.259065,-44.140262,4.068999767303467,13.384867668151855,60.259164562116055,-44.140232512930424,3.075055298608526,1.0841226444640957,1.3232281608544418
SB71907_component_975a,60.559885,-48.175277,4.545000076293945,10.306121826171875,60.56026872596769,-48.17547603147442,3.9419937947238246,0.9446297942590774,1.1529698708245602
SB71907_component_978a,59.65334,-45.135513,3.9539999961853027,18.828571319580078,59.65358358767423,-45.135595705656115,3.866735695351812,0.8377913225658833,1.0225679507752212
SB71907_component_980a,60.052242,-45.900918,3.88100004196167,21.324176788330078,60.05255708989659,-45.90076994390883,3.531672328332074,0.9003407887639446,1.0989128325488156
SB71907_component_984a,52.12633,-45.684337,4.421000003814697,14.785953521728516,52.12576189567126,-45.68411923441549,4.155777531218476,0.87158933096387,1.0638201806049175
SB71907_component_986a,57.221361,-48.394332,4.171999931335449,23.84000015258789,57.221350214725604,-48.394495205234016,3.369390295915352,1.0144640298286665,1.2382061930887276
SB71907_component_987a,57.096981,-45.388642,4.185999870300293,26.327043533325195,57.09723804005325,-45.38860761520179,3.9803344165982764,0.8616349954230645,1.0516703955437456
SB71907_component_989a,54.797736,-47.011052,4.4019999504089355,27.512500762939453,54.797240519422836,-47.01112210374068,2.9576394236893973,1.219406449415309,1.4883490918976947
SB71907_component_990a,57.198602,-44.136341,4.089000225067139,18.58636474609375,57.19885192481063,-44.13614738396308,3.5497732475119625,0.9437570377170008,1.1519046260019905
SB71907_component_999a,58.600361,-47.991243,3.809000015258789,20.589189529418945,58.60048503970588,-47.99121067494408,3.660325129721631,0.852579707720024,1.0406179452010769
SB71907_component_1003a,51.988625,-47.128178,4.211999893188477,16.076335906982422,51.988213415023836,-47.127852646678924,3.2786318392613083,1.0525418681857879,1.28468217832517
SB71907_component_1006a,60.111584,-46.36778,4.192999839782715,21.176767349243164,60.11192919718214,-46.3676498814459,2.930696622840086,1.1721890572497469,1.430717805147417
SB71907_component_1007a,59.061212,-46.319771,4.302000045776367,26.392637252807617,59.061349049637855,-46.31975962934954,3.7629267070933117,0.9366737127310186,1.143259058877462
SB71907_component_1010a,51.675155,-46.554263,4.043000221252441,10.447029113769531,51.67474986344814,-46.55420671395293,2.7740594872390667,1.1940751933223042,1.4574309742998017
SB71907_component_1011a,53.764976,-46.701541,4.320000171661377,24.827587127685547,53.76426105773021,-46.701333374451714,3.837135633172702,0.922402123776797,1.1258398411341595
SB71907_component_1019a,59.135426,-47.403732,4.392000198364258,22.875,59.13579431288851,-47.40378280686812,3.632869739067966,0.9905039366121828,1.2089616512071946
SB71907_component_1020a,59.883737,-48.882712,4.298999786376953,10.883543014526367,59.88415588624569,-48.882695107986216,2.909682518232663,1.2105019674009339,1.4774807077536964
SB71907_component_1021a,51.97593,-46.823233,3.88700008392334,17.668182373046875,51.975559038999315,-46.823079043235765,3.5909323900301904,0.8868516993482847,1.0824486962536937
SB71907_component_1028a,56.285877,-47.672875,3.8480000495910645,24.98701286315918,56.285988860957175,-47.67272254203985,3.7587734810215836,0.838750120676026,1.0237382138136268
SB71907_component_1030a,59.265228,-47.509008,4.0879998207092285,22.0972957611084,59.265372047252995,-47.508824668017205,4.014188912301039,0.834366275517029,1.0183875024371682
SB71907_component_1032a,57.956356,-47.249997,3.9860000610351562,22.90804672241211,57.95620726582399,-47.24993537470287,3.275625964739656,0.9969805296250971,1.2168666703531763
SB71907_component_1037a,52.340917,-45.837542,4.215000152587891,15.271739959716797,52.34034330017496,-45.837333166825175,3.704692321105488,0.932157139784842,1.1377463463227968
SB71907_component_1038a,55.933247,-45.04157,4.11299991607666,25.706249237060547,55.933067460791136,-45.041535294590204,3.0104615413565647,1.1193587488363097,1.366235661732876
SB71907_component_1040a,59.647482,-46.048867,3.7239999771118164,23.130434036254883,59.64802235958999,-46.04876780449436,3.2754553150438683,0.9314974524537833,1.1369411635713127
SB71907_component_1041a,56.188132,-45.910357,4.288000106811523,24.786128997802734,56.187715133166634,-45.91035220402875,3.6663782870229475,0.9582110969657778,1.1695465582449007
SB71907_component_1046a,55.122188,-45.910229,3.5910000801086426,25.288732528686523,55.12155993161005,-45.91016228481276,2.98817489421752,0.9845847006857873,1.2017369154187267
SB71907_component_1049a,55.704362,-48.071058,3.869999885559082,25.294116973876953,55.704306228178886,-48.070932071897865,3.7294485017272945,0.8501783052028945,1.0376869083369005
SB71907_component_1053a,56.867636,-45.94976,3.822999954223633,24.824674606323242,56.86788513253465,-45.94971239815719,2.8718388022620407,1.0906563056252492,1.3312028346481
SB71907_component_1056a,56.712632,-44.922873,4.014999866485596,25.737178802490234,56.712894840325724,-44.92287080067656,3.372342223477908,0.9754332957675618,1.1905671490080603
SB71907_component_1057a,56.150633,-43.911868,4.089000225067139,12.698758125305176,56.15061585126603,-43.91147174627322,4.038851712578086,0.8294742473970386,1.0124165272849401
SB71907_component_1058a,58.334646,-48.624072,3.5329999923706055,17.0676326751709,58.33498310753481,-48.62398955503199,2.714827640225515,1.0662156556869131,1.3013717482547535
SB71907_component_1062a,52.219047,-47.064578,3.5810000896453857,18.847368240356445,52.2185207507265,-47.0643748346465,3.20540110485362,0.9153045693704284,1.1171769062608212
SB71907_component_1068a,55.410288,-48.740707,3.875,20.61170196533203,55.410516556972695,-48.74057646568983,3.3047074894204482,0.9606879935102182,1.172569739501987
SB71907_component_1070a,59.235493,-47.898919,3.51200008392334,17.827411651611328,59.23552610784952,-47.89889041624192,2.8977483798053174,0.9929731990536982,1.2119755146439908
SB71907_component_1072a,57.39609,-46.972779,3.555999994277954,22.94193458557129,57.39599552133624,-46.97265046589181,3.52999010686547,0.8253381956784699,1.0073682607103904
SB71907_component_1073a,55.555055,-46.421041,3.811000108718872,23.968555450439453,55.554686880595106,-46.420988720889376,4.794717693358178,0.6512078099811134,0.7948330543001544
SB71907_component_1076a,58.656495,-46.782925,3.680000066757202,23.74193572998047,58.65641612694266,-46.782708709523185,2.368187316442139,1.273137928677017,1.5539311612756517
SB71907_component_1084a,53.268118,-47.103158,3.61899995803833,21.414201736450195,53.267519786315674,-47.10302575834752,2.951162068632306,1.0047064692486145,1.2262965821174059
SB71907_component_1085a,57.231222,-47.201598,3.312000036239624,21.506494522094727,57.23143562534489,-47.201442949674224,2.756522087514346,0.9844021123770903,1.2015140568767118
SB71907_component_1088a,55.109513,-45.189153,3.7279999256134033,24.051612854003906,55.10954118658596,-45.18883989452774,3.2380372729504074,0.9432737141077296,1.1513147043599519
SB71907_component_1090a,53.753096,-45.444577,3.634999990463257,22.438270568847656,53.75298266183388,-45.444459121558815,3.082462947588363,0.9661626177745993,1.1792518035965962
SB71907_component_1092a,56.430579,-48.659925,4.019000053405762,24.80864143371582,56.430843481726605,-48.660083949688655,3.5500639554774382,0.9275247684045237,1.1320922957471784
SB71907_component_1097a,53.534078,-44.124691,3.943000078201294,15.646825790405273,53.53388284671792,-44.12478321695516,2.8501183601127953,1.1334635815699994,1.383451344822482
SB71907_component_1099a,58.993378,-47.821017,3.6989998817443848,20.78089714050293,58.99360629173182,-47.8210388043197,3.1613978735099155,0.9586252001398775,1.1700519927400346
SB71907_component_1101a,53.941661,-48.496028,3.441999912261963,21.11656379699707,53.94129666331501,-48.496062726856856,3.022932947076275,0.9328805142575038,1.1386292625481493
SB71907_component_1108a,56.654718,-45.267466,3.7960000038146973,24.178342819213867,56.654960543186384,-45.267556550669184,3.117613139340957,0.9975798353014975,1.217598154149795
SB71907_component_1109a,55.002601,-45.73394,3.989000082015991,25.735485076904297,55.00208067015345,-45.7338274934175,3.2979632379096104,0.9909732142890015,1.2095344290570047
SB71907_component_1112a,53.061348,-46.710695,3.944999933242798,22.936044692993164,53.060496211371884,-46.710514198269465,2.1840565826539566,1.4798810039979833,1.8062718542067397
SB71907_component_1113a,58.446744,-45.837566,3.5329999923706055,21.80864143371582,58.44713227959062,-45.837509858901946,4.792467233474799,0.6039877982433833,0.737198570225589
SB71907_component_1116a,59.301572,-46.517323,3.578000068664551,21.817073822021484,59.30207157475569,-46.51729419509815,2.8263275002477006,1.0371976907779568,1.2659538105017814
SB71907_component_1117a,59.07086,-44.348301,3.747999906539917,16.295652389526367,59.07095360332074,-44.34820973478104,3.0633247263868557,1.002421137461941,1.2235072156260185
SB71907_component_1122a,54.787035,-45.855083,3.7360000610351562,23.64556884765625,54.78656946491325,-45.85486152781046,2.4256907258137383,1.261871488483465,1.5401798841366525
SB71907_component_1124a,54.796532,-46.098925,3.4719998836517334,21.974681854248047,54.79614031966601,-46.098594353689606,2.9824590691015707,0.9537814917066345,1.1641399942825137
SB71907_component_1134a,57.5872,-46.665644,3.5199999809265137,22.138364791870117,57.58742135563894,-46.665592298974374,2.7358106950667294,1.0541448684733903,1.2866387236784513
SB71907_component_1141a,58.356266,-48.303258,3.2209999561309814,18.726743698120117,58.35650950010372,-48.303172463377855,2.8805278744296006,0.9161409958653011,1.1181978083683015
SB71907_component_1142a,56.785025,-44.091694,3.493000030517578,13.131579399108887,56.78515669936442,-44.09166193248092,2.6417924680855944,1.0832871028072244,1.3222083387378347
SB71907_component_1145a,55.574963,-45.510288,3.6070001125335693,23.887418746948242,55.57513735709572,-45.51012655458449,2.777476572256504,1.0639946208072644,1.2986608594876954
SB71907_component_1147a,54.326462,-47.860426,3.7239999771118164,23.421384811401367,54.32618682753691,-47.86035335105412,3.2932211223571803,0.9264723406746842,1.1308077528806504
SB71907_component_1150a,57.048445,-44.982852,3.561000108718872,22.681528091430664,57.048696807166905,-44.98275925987535,3.3741434253413303,0.8646734588283226,1.0553789984071704
SB71907_component_1154a,59.199574,-44.996154,3.746999979019165,20.932960510253906,59.199639882085435,-44.99632668981031,3.2624612065592644,0.940983515292259,1.1485193974063883
SB71907_component_1155a,55.587126,-48.189983,3.428999900817871,22.5592098236084,55.587010950043634,-48.18977598312216,3.0742243848144866,0.9138514185662503,1.1154032600079038
SB71907_component_1157a,60.512412,-47.562757,3.572999954223633,14.235060691833496,60.512601852793864,-47.562662500573836,2.726824932912641,1.0735429769239968,1.310315125513817
SB71907_component_1158a,54.182721,-48.66121,2.885999917984009,15.031249046325684,54.182307966453145,-48.66115323983286,2.728633022763896,0.8665524699386397,1.0576724293473192
SB71907_component_1163a,57.088092,-48.065729,3.428999900817871,23.64827537536621,57.088081412812315,-48.065832619307194,3.4991272703377017,0.8028814324271613,0.9799586113616661
SB71907_component_1164a,57.399972,-48.28264,3.7660000324249268,20.806631088256836,57.40014118466583,-48.2827606177907,3.007714847138456,1.0258582150385254,1.2521133896745247
SB71907_component_1165a,57.625245,-47.880178,3.506999969482422,20.875,57.625490780609596,-47.880081556545385,2.575774784382155,1.1155050882399373,1.3615320682330687
SB71907_component_1170a,57.754465,-47.88945,3.1410000324249268,18.156070709228516,57.75463578802642,-47.88973626767495,1.880743010117762,1.368302641346696,1.6700846503362807
SB71907_component_1171a,54.091912,-45.586514,3.24399995803833,19.901840209960938,54.09157127053589,-45.58631379935028,3.0739784565321555,0.8646168625265006,1.0553099196726254
SB71907_component_1174a,57.55596,-46.171165,3.513000011444092,21.685184478759766,57.55601751901815,-46.171281516226905,3.356873999228351,0.8574065399525908,1.0465093453765706
SB71907_component_1175a,54.961959,-45.799213,3.5309998989105225,22.49044418334961,54.96160043293222,-45.798978810857854,3.0418780559224916,0.9510417577576188,1.1607960062816187
SB71907_component_1177a,58.682106,-47.639009,3.4010000228881836,21.124223709106445,58.6824419652635,-47.6390779233595,2.9629402304854984,0.940432057335506,1.147846314244046
SB71907_component_1180a,57.440287,-46.364903,3.3299999237060547,21.07594871520996,57.44063124442314,-46.36485217194857,3.4076896805744816,0.8006226370227889,0.9772016339071903
SB71907_component_1185a,54.446772,-47.428951,3.190999984741211,19.819875717163086,54.446355246633274,-47.42903883224719,2.6002915612442496,1.005422121432986,1.227170072887636
SB71907_component_1188a,55.290054,-48.984881,2.9570000171661377,10.560714721679688,55.28952563830621,-48.98474829176259,2.3421416438033784,1.0343841374165421,1.262519722062709
SB71907_component_1190a,57.963233,-46.031543,3.4709999561309814,23.937931060791016,57.96343853598118,-46.03156107802834,3.2135074958242833,0.8849504852843004,1.080128165452015
SB71907_component_1191a,57.004954,-46.036439,3.3359999656677246,21.662338256835938,57.00527558348567,-46.03645440350925,5.337626527732855,0.5120608057931281,0.6249968873496069
SB71907_component_1192a,56.009468,-47.111589,3.427999973297119,23.47945213317871,56.009517231732424,-47.11155113593384,2.661836677271517,1.0551229897190093,1.2878325716102719
SB71907_component_1194a,55.918941,-47.428721,3.302999973297119,21.44805145263672,55.919011137299925,-47.42861693054989,3.250536492477449,0.8325248487844317,1.0161399451878432
SB71907_component_1197a,55.852938,-47.317053,3.7130000591278076,24.753332138061523,55.85291852989856,-47.316969657182746,3.68240159454468,0.82610925387025,1.0083093773988305
SB71907_component_1198a,58.268348,-45.942295,3.371999979019165,21.61538314819336,58.26871638335705,-45.94220462211826,4.115196356424268,0.671337151809244,0.8194019645636368
SB71907_component_1199a,53.329032,-44.736304,2.8329999446868896,13.752427101135254,53.32890185316489,-44.73624086465038,3.2056867382854435,0.7240510144054856,0.8837419797924844
SB71907_component_1215a,52.493831,-45.526867,3.0850000381469727,15.73979663848877,52.49349022756543,-45.526946444456016,2.8423326720516418,0.8892501505129081,1.0853761308383967
SB71907_component_1218a,53.918148,-48.438786,3.309000015258789,19.464706420898438,53.917760234923854,-48.43876385027021,3.3472638885601382,0.8099356174845946,0.9885686116854656
SB71907_component_1220a,52.827405,-48.387546,3.1010000705718994,16.32105255126953,52.827414674573824,-48.387466950298396,2.930497516598271,0.8669700590151171,1.0581821185678901
SB71907_component_1221a,53.515656,-47.392428,3.3259999752044678,20.530864715576172,53.51527956842172,-47.39232226218504,2.405087579008932,1.1330133499979043,1.382901813735622
SB71907_component_1223a,58.441296,-44.230581,3.1579999923706055,16.03045654296875,58.44146322117733,-44.230541900572796,2.936584181604474,0.881075957267884,1.0753991021790343
SB71907_component_1224a,54.606238,-46.532975,3.203000068664551,20.401273727416992,54.60571129937119,-46.532928192098325,2.993231316409575,0.8767188585317317,1.070081036204912
SB71907_component_1226a,59.626973,-46.533401,2.9260001182556152,15.731183052062988,59.62735176879346,-46.53346784749234,2.661025866313012,0.9008841043773917,1.0995759775570084
SB71907_component_1227a,54.795044,-44.116641,2.8320000171661377,12.421052932739258,54.79509750146503,-44.11686724737562,1.3913313633013824,1.6676555664130068,2.0354604890428862
SB71907_component_1229a,56.948907,-44.077845,2.9860000610351562,12.138211250305176,56.9491661167843,-44.07783397576832,1.562403183154061,1.5658147435761194,1.9111584597563644
SB71907_component_1233a,57.766266,-47.420242,3.4010000228881836,20.99382781982422,57.766345651443324,-47.42008353718244,2.80471688564613,0.9934849363862602,1.2126001167154117
SB71907_component_1236a,54.830875,-46.185136,3.2660000324249268,21.207792282104492,54.83048081185294,-46.18496670336353,3.3337090048318476,0.8026610288296024,0.9796895972897502
SB71907_component_1237a,52.930279,-45.30042,3.247999906539917,17.748634338378906,52.93013161595755,-45.30032968111141,3.8704945410551805,0.6875324958140991,0.8391692255570117
SB71907_component_1239a,55.00654,-46.561704,3.364000082015991,20.765432357788086,55.00600809434309,-46.56150559060552,2.451430269304099,1.1242946246514243,1.3722601552810836
SB71907_component_1242a,57.658312,-46.023772,3.1649999618530273,19.537036895751953,57.6587442821827,-46.02399233822912,2.8488047271460797,0.9102374686406282,1.110992245868572
SB71907_component_1246a,54.164788,-45.742382,3.1440000534057617,19.170730590820312,54.16414015601888,-45.74222241386962,3.0053731113265654,0.857092764964503,1.046126366658683
SB71907_component_1248a,60.11564,-47.557187,2.934999942779541,15.128865242004395,60.115653435194645,-47.55714957653944,2.7182182286397127,0.8846418023104541,1.0797514018027585
SB71907_component_1251a,54.840753,-45.544469,3.242000102996826,20.649681091308594,54.84017941515981,-45.54441164849395,3.4516486250178007,0.7695380999486033,0.9392613371762621
SB71907_component_1254a,55.903113,-44.306309,2.9149999618530273,15.3421049118042,55.90284812084954,-44.30638473174213,2.580290486748647,0.9255792994460653,1.1297177495415016
SB71907_component_1256a,53.807502,-46.698491,3.072999954223633,18.512048721313477,53.80684214666867,-46.698229592811686,2.5650988186386408,0.9815267361014726,1.1980045103504229
SB71907_component_1258a,54.468605,-47.82794,3.319999933242798,20.880502700805664,54.46839596098294,-47.82798835228214,3.1929732904429544,0.8518957864370774,1.0397831836489373
SB71907_component_1268a,53.642985,-47.383466,3.321000099182129,21.5649356842041,53.64253015514395,-47.38335968260687,2.9366347944361864,0.9265367061690712,1.1308863143194277
SB71907_component_1275a,51.994816,-48.628739,3.2990000247955322,13.632231712341309,51.99409973680211,-48.6287807980138,3.057897252607179,0.8838999532368043,1.0788459363645355
SB71907_component_1277a,55.679419,-44.948158,3.325000047683716,19.910181045532227,55.67938442693596,-44.94797880312593,2.481175195564691,1.0979382261332107,1.34009079795229
SB71907_component_1280a,57.383976,-47.11247,2.9519999027252197,17.571428298950195,57.38403033684484,-47.1123206647026,3.0618550213849853,0.789905970867744,0.964121384620597
SB71907_component_1288a,57.078199,-47.60058,2.8420000076293945,18.697368621826172,57.078165023996,-47.60058478097665,2.84219941413062,0.8192438880398493,0.9999298407774507
SB71907_component_1292a,54.521545,-48.232873,2.750999927520752,17.52229118347168,54.52130810024825,-48.23291685209268,1.6258317112081453,1.386304617392755,1.6920569998456367
SB71907_component_1294a,56.606446,-48.164803,3.200000047683716,20.779220581054688,56.60643802659951,-48.164740592285106,2.6278460044182546,0.9976857157297718,1.2177273867279461
SB71907_component_1298a,59.447226,-44.869376,3.0160000324249268,15.873684883117676,59.44791917742269,-44.86929457912367,2.9181717618270215,0.8467674828341959,1.033523821961959
SB71907_component_1301a,54.506397,-47.256942,3.059000015258789,20.66891860961914,54.50566118626715,-47.25682538454682,2.63443447802987,0.9513400021785171,1.1611600291332451
SB71907_component_1303a,52.347115,-46.51302,3.0959999561309814,15.63636302947998,52.34657400798781,-46.512978433186696,2.8550629774470515,0.8884416996529679,1.084389374450637
SB71907_component_1307a,52.633871,-45.817338,2.927999973297119,14.423645973205566,52.6337966835038,-45.81684953993424,2.563777239537833,0.9356953292499771,1.1420648908736486
SB71907_component_1311a,55.37625,-47.437318,3.0269999504089355,18.5705509185791,55.37590067052339,-47.437202285612734,2.755506637522524,0.900025124722447,1.0985275481428385
SB71907_component_1312a,56.437743,-46.667819,2.881999969482422,19.739727020263672,56.43783937870614,-46.66762856276055,2.27341643727154,1.0386247250769458,1.2676955801996745
SB71907_component_1314a,52.472227,-46.915846,2.750999927520752,17.52229118347168,52.471564843052086,-46.915713117051425,1.4977176743123102,1.504888435923888,1.836794727540287
SB71907_component_1315a,53.743055,-44.416141,2.7290000915527344,13.645000457763672,53.74312245593868,-44.415980028889486,2.1456407138106237,1.042054011289362,1.2718812026576778
SB71907_component_1321a,55.870323,-46.265866,2.5510001182556152,16.2484073638916,55.86980721466886,-46.266077073340135,2.7479453503939704,0.7605820437454147,0.9283300040482539
SB71907_component_1328a,55.701422,-48.917091,3.1459999084472656,11.782772064208984,55.70171691165716,-48.91718594350467,3.056194399683858,0.8433763356080894,1.0293847501234532
SB71907_component_1330a,56.037064,-44.278894,2.819000005722046,14.994681358337402,56.03665127707264,-44.27893438633274,2.897735595324303,0.79703978833696,0.972828580451128
SB71907_component_1332a,59.3564,-46.085635,3.1740000247955322,19.35365867614746,59.356833873191725,-46.08562063771719,2.2243297713452996,1.1690993848503306,1.4269466990390824
SB71907_component_1334a,56.001408,-45.545478,3.0190000534057617,20.26174545288086,56.00121222623689,-45.54552180885991,4.296409856676119,0.5757064528410857,0.7026797149519123
SB71907_component_1335a,55.292172,-45.054957,2.931999921798706,18.67515754699707,55.291971252320124,-45.054572641997225,1.8440981233642992,1.3026375989017955,1.5899370454592092
SB71907_component_1337a,56.515348,-47.854755,2.986999988555908,18.905061721801758,56.51564723184139,-47.85479256180295,2.4691806157907874,0.9911195503194745,1.2097130398050215
SB71907_component_1339a,55.751208,-48.658752,2.556999921798706,12.118483543395996,55.750795133342116,-48.65871490975553,1.8505159220214742,1.132091603770136,1.381776774449733
SB71907_component_1348a,55.456619,-44.68035,2.74399995803833,16.141176223754883,55.456544505856364,-44.68043868008305,2.7077771851215107,0.830261417416631,1.01337730929851
SB71907_component_1349a,54.208981,-45.526475,2.8310000896453857,17.693750381469727,54.208535123505726,-45.52641297512884,2.967554236626688,0.7816006265765478,0.9539842792775618
SB71907_component_1355a,57.645186,-46.634323,2.625999927520752,16.515724182128906,57.645194974750396,-46.63434131997294,2.836861090624668,0.7584034848457433,0.9256709594273842
SB71907_component_1358a,56.338121,-47.892807,2.760999917984009,17.69871711730957,56.33836543474809,-47.89263751691567,2.0205459911744734,1.1195444321061674,1.3664622978362078
SB71907_component_1360a,56.352705,-47.736243,2.744999885559082,17.373416900634766,56.3527941649447,-47.7360889411967,1.6817291386507451,1.3373034420745087,1.632248512838043
SB71907_component_1361a,54.781004,-44.262774,2.8410000801086426,14.952631950378418,54.780932488870334,-44.26267175848883,1.9845983698504266,1.1728495256222238,1.4315239412006373
SB71907_component_1362a,58.697422,-44.117988,2.999000072479248,11.94820785522461,58.697557228972315,-44.11775745851562,2.0335614814331144,1.2082668211447902,1.4747525953165472
SB71907_component_1367a,56.653666,-45.046039,2.7920000553131104,18.012903213500977,56.65387809639744,-45.04599033186266,2.498117090518973,0.9156854488072536,1.117641789453946
SB71907_component_1372a,60.104208,-46.03262,2.86299991607666,15.644808769226074,60.104687592227464,-46.03242629628316,2.9708922477798043,0.7895472325265065,0.9636835257879939
SB71907_component_1374a,53.40519,-45.095917,2.556999921798706,14.611428260803223,53.404748475229674,-45.095750202193926,3.3241167434136423,0.6302286290378862,0.7692268711275286
SB71907_component_1376a,55.635338,-46.320726,2.763000011444092,17.8258056640625,55.6351098842491,-46.320518498942974,2.183971968031627,1.0365195738227464,1.2651261334339983
SB71907_component_1380a,53.112331,-47.380458,3.0329999923706055,18.053571701049805,53.11193990468863,-47.38039948657217,1.9853032933536594,1.2516682242081243,1.5277262685879758
SB71907_component_1385a,54.5999,-45.053845,2.8480000495910645,18.02531623840332,54.59947218715799,-45.05382354959038,2.3450820028153405,0.9950058626574448,1.2144564864563183
SB71907_component_1388a,54.70127,-46.938589,2.684999942779541,16.174699783325195,54.70081660896003,-46.93847328045687,3.3787955810205625,0.6510675409951161,0.7946618486959601
SB71907_component_1391a,54.815189,-47.869151,2.746999979019165,15.346367835998535,54.81523336073078,-47.86899940125704,2.4023218291816573,0.9368523474777127,1.1434770918911066
SB71907_component_1397a,54.827613,-44.181054,2.8889999389648438,14.161765098571777,54.82730055619546,-44.18074296623752,2.414355245831929,0.9803700639401887,1.196592731725096
SB71907_component_1399a,54.496356,-48.06482,2.5769999027252197,16.31012535095215,54.49619832014993,-48.0645954260198,2.6772427579323312,0.7886246189190865,0.9625574278200568
SB71907_component_1403a,57.319313,-48.254357,2.803999900817871,16.022857666015625,57.31951750019325,-48.25435489297571,2.007309971232268,1.1444774309826775,1.3968943217556593
SB71907_component_1405a,54.282073,-48.35886,2.5959999561309814,16.327043533325195,54.28190572910566,-48.35886374999515,1.9457478013059326,1.0931048299673338,1.334191386154268
SB71907_component_1407a,53.216282,-45.334344,2.674999952316284,15.373563766479492,53.21637434746051,-45.334244431648095,1.9902602556641802,1.101178159158104,1.3440453049812804
SB71907_component_1408a,60.287943,-45.96928,2.882999897003174,14.937823295593262,60.28842438040199,-45.96915535368277,2.7904116219384454,0.8464864988244761,1.0331808663412925
SB71907_component_1410a,54.042542,-48.9171,2.9570000171661377,10.911438941955566,54.04212517460416,-48.91694096589427,2.7031979279411753,0.896225222315885,1.0938895693140251
SB71907_component_1417a,60.458745,-47.59552,2.631999969482422,11.058823585510254,60.45862185504254,-47.595475287773134,2.5924335539164876,0.8318057666288351,1.015262267959061
SB71907_component_1418a,55.462088,-46.950946,2.815999984741211,17.936304092407227,55.46202170537551,-46.95095618028871,2.21852127047427,1.039950653149317,1.2693139444812325
SB71907_component_1420a,59.305433,-47.73085,2.7300000190734863,14.9180326461792,59.305615419401406,-47.730646785383634,2.061549745435292,1.0849569648037267,1.3242464922897372
SB71907_component_1422a,57.888756,-46.856524,2.553999900817871,16.267515182495117,57.888552300951766,-46.85644127723111,1.8572931805101398,1.1266372151812525,1.3751194090511698
SB71907_component_1424a,56.00873,-46.136755,2.558000087738037,17.053333282470703,56.00839181263531,-46.13679516050379,2.592633943847949,0.8083566830791608,0.9866414399949927
SB71907_component_1426a,53.809895,-45.335697,2.8389999866485596,17.0,53.809995963667554,-45.33523389345428,1.926595945763665,1.2073089754149688,1.4735834947079345
SB71907_component_1433a,57.930497,-45.777891,2.6760001182556152,17.376625061035156,57.93071100019536,-45.77802046331079,2.1633306975768916,1.0134606624671174,1.2369815309573131
SB71907_component_1434a,58.253505,-45.373314,2.2839999198913574,14.547769546508789,58.25372186625294,-45.37330636444778,2.2480437602479078,0.832405621097503,1.0159944215852295
SB71907_component_1435a,54.179824,-44.770303,2.5190000534057617,12.722222328186035,54.179603961570095,-44.769992602341624,1.8008575719136348,1.146020776952357,1.3987780559064487
SB71907_component_1438a,59.112883,-44.129668,2.696000099182129,10.059701919555664,59.11279926800514,-44.12920872359235,1.8807210302062571,1.1744626333147836,1.4334928231681765
SB71907_component_1439a,58.011558,-48.214907,2.5169999599456787,14.54913330078125,58.011998655617255,-48.21469731402997,1.404943735232102,1.4678036299390815,1.7915307900425357
SB71907_component_1440a,54.000903,-46.597062,2.6619999408721924,16.637500762939453,54.00006450543807,-46.59689664644199,2.3000081818188707,0.9482488865201716,1.1573871614522062
SB71907_component_1441a,55.473669,-48.82044,2.7909998893737793,12.861750602722168,55.473213882978044,-48.820481776455864,2.206474325156194,1.0363456333076329,1.2649138299745262
SB71907_component_1445a,55.086927,-47.598903,2.2320001125335693,12.901735305786133,55.086669169117215,-47.59892459410482,1.7628343181223523,1.0373525919695132,1.2661428754750699
SB71907_component_1448a,59.135985,-46.864246,2.447999954223633,14.399999618530273,59.1359286712332,-46.86426542497244,2.2713691995601324,0.8830135213741028,1.0777640001007789
SB71907_component_1452a,53.35566,-47.77213,2.3929998874664307,13.752873420715332,53.35517159623556,-47.77199436151785,1.884168819681493,1.0405586085190308,1.2700559856791136
SB71907_component_1453a,54.67264,-44.415494,2.7950000762939453,16.736528396606445,54.672187029289184,-44.41524578736272,2.339172271201054,0.9789562823979373,1.1948671377071536
SB71907_component_1454a,54.85623,-47.752848,2.746999979019165,16.3511905670166,54.85573136448216,-47.752642136248255,1.8879736416896225,1.1920827681956503,1.454999115644838
SB71907_component_1455a,54.95753,-44.325601,2.5339999198913574,13.06185531616211,54.95729306910021,-44.3254331310055,1.4998050490723978,1.3842529775348504,1.6895528665266133
SB71907_component_1457a,53.334134,-48.150531,2.568000078201294,14.032787322998047,53.333385885277906,-48.15068484125694,2.0448016992592613,1.0289339948866167,1.2558675392002872
SB71907_component_1458a,57.083917,-48.154113,2.6630001068115234,16.237804412841797,57.08406004624803,-48.15413245129954,2.0902858998799347,1.0437804870837326,1.2739884562989614
SB71907_component_1462a,52.528948,-46.877987,2.4049999713897705,14.40119743347168,52.52839238185582,-46.87787610128631,2.128765949957802,0.9256159750466363,1.1297625140224758
SB71907_component_1464a,56.556829,-48.89841,2.749000072479248,11.174797058105469,56.55706662503444,-48.89848237601783,2.4169573369361257,0.9318573770243004,1.1373804702585437
SB71907_component_1471a,52.552768,-45.720523,2.6589999198913574,12.722487449645996,52.55241767730348,-45.72047061573776,2.503700393451587,0.8701209944275091,1.0620279993748274
SB71907_component_1472a,53.333999,-47.434008,2.453000068664551,15.049079895019531,53.33384835094685,-47.43384892089621,1.8221794201941708,1.102935470338946,1.3461901948180053
SB71907_component_1478a,57.629847,-47.295785,2.552000045776367,13.36125659942627,57.629574361022456,-47.29563865444197,1.5329668374163194,1.3639284827678015,1.6647457619354236
SB71907_component_1483a,58.592951,-45.902704,2.618000030517578,17.453332901000977,58.59341773704212,-45.90257108308202,2.2695886188388887,0.945074800242489,1.1535130238082243
SB71907_component_1487a,56.532998,-48.084591,2.3559999465942383,15.199999809265137,56.53295511018849,-48.08448377401996,2.2908178025252757,0.8426134897605839,1.0284536570289917
SB71907_component_1490a,54.642528,-44.972472,2.388000011444092,15.018868446350098,54.642385962965626,-44.97242843672305,1.8262709191394522,1.0713041857293333,1.3075825642393348
SB71907_component_1495a,54.364698,-45.712909,1.9769999980926514,13.006579399108887,54.36400700434573,-45.7128550588595,1.868983754764819,0.8666521589507196,1.0577941049794863
SB71907_component_1498a,58.572728,-45.136438,2.5360000133514404,15.369696617126465,58.572767728577844,-45.13636177506976,1.6955952109993482,1.2253798965301606,1.4956399952656008
SB71907_component_1501a,59.71559,-45.10225,2.549999952316284,11.971830368041992,59.716154244288475,-45.10230607706159,1.9687152809944601,1.061209040001009,1.2952609130093198
SB71907_component_1502a,55.820979,-44.862489,2.509000062942505,16.08333396911621,55.82102524250662,-44.86245273198734,2.2978001445144134,0.8946066057006906,1.0919139634194444
SB71907_component_1504a,59.271358,-48.120952,2.4179999828338623,12.659686088562012,59.27151842784321,-48.120691136814315,2.141882853178603,0.924920190969878,1.1289132733125413
SB71907_component_1506a,55.316868,-46.511972,2.252000093460083,14.343949317932129,55.316409540457265,-46.51195155626543,1.7417291955143748,1.059330443351123,1.292967987939717
SB71907_component_1507a,58.522139,-47.271619,2.4000000953674316,14.814815521240234,58.52207296016649,-47.27164735283176,1.6424259627044504,1.197206698989108,1.4612531400901292
SB71907_component_1508a,52.159686,-44.990952,2.677999973297119,10.420233726501465,52.159236984005005,-44.99113433402821,2.776176595804724,0.7903276215179716,0.9646360312035025
SB71907_component_1510a,56.10059,-48.038247,2.328000068664551,14.923076629638672,56.10075388342406,-48.03807088325807,1.7399582472363384,1.0961950654189239,1.3379631794971105
SB71907_component_1514a,57.922367,-44.528476,2.4670000076293945,14.861446380615234,57.92263619315426,-44.528281590496356,3.687821889379273,0.5480786615109666,0.6689585564677678
SB71907_component_1520a,57.584376,-44.993487,2.260999917984009,13.70302963256836,57.58469863174395,-44.99349558532574,2.2002536756653384,0.8419212520484347,1.027608744841797
SB71907_component_1525a,57.480109,-46.92215,2.3420000076293945,14.917197227478027,57.480289269801524,-46.922009334909994,1.758476754038363,1.0911738295185924,1.3318344995183833
SB71907_component_1531a,58.177668,-48.64291,2.309999942779541,12.486486434936523,58.17805782443484,-48.642643995903484,2.395665573268362,0.7900043052683215,0.9642414068788622
SB71907_component_1534a,52.917556,-48.280171,2.4779999256134033,13.251336097717285,52.917293201211,-48.28025734617161,2.0595987630052646,0.9857399263189833,1.203146928481171
SB71907_component_1537a,53.854517,-48.815529,2.5450000762939453,11.892523765563965,53.85393732657161,-48.81544314100727,2.706815116923174,0.770323039453367,0.9402193967302934
SB71907_component_1538a,58.897303,-46.425677,2.321000099182129,14.416150093078613,58.89764099953865,-46.425737433195536,1.9953647959214444,0.9530079732579799,1.1631958747224005
SB71907_component_1542a,58.559349,-48.05815,2.5789999961853027,14.488763809204102,58.55929778105607,-48.05821404749021,1.9299666528936075,1.0948262892892058,1.3362925169295525
SB71907_component_1550a,56.225121,-47.580426,2.4070000648498535,15.234176635742188,56.225457986634375,-47.58052410254994,2.4405442137711977,0.8080404520433325,0.9862554635428994
SB71907_component_1554a,56.828704,-47.143986,2.246999979019165,14.312101364135742,56.82878522227829,-47.14371877730771,1.1718183612592752,1.5710371343677647,1.9175326597583466
SB71907_component_1565a,58.428703,-45.035874,2.25,14.150943756103516,58.42902087861103,-45.035898200784274,2.6360337377138783,0.6993188498298271,0.8535550845989288
SB71907_component_1568a,53.913762,-45.522263,2.2269999980926514,13.662576675415039,53.913631044141724,-45.522174484878704,2.116904845257103,0.8619112722971238,1.0520076058601384
SB71907_component_1573a,58.44502,-46.226742,2.4030001163482666,15.503226280212402,58.44544802281146,-46.22681435887987,2.263719956711397,0.8697106197278588,1.0615271156769799
SB71907_component_1574a,56.892895,-48.303602,2.243000030517578,14.106919288635254,56.89332815751817,-48.30367936608597,1.8323901279153034,1.002893962912474,1.2240843237184553
SB71907_component_1577a,59.833339,-47.285502,2.2100000381469727,11.450777053833008,59.83348680811088,-47.28531661806175,1.9777136440401994,0.9155299421114139,1.1174519854311384
SB71907_component_1582a,54.338842,-48.608154,2.2909998893737793,12.186169624328613,54.338433384813825,-48.60823801071407,1.8529753677037895,1.0129758764216856,1.2363898243357605
SB71907_component_1583a,58.761231,-44.522568,2.447000026702881,13.29891300201416,58.761367688481954,-44.52244304292269,2.4821583888010124,0.8076964315824535,0.9858355686499465
SB71907_component_1584a,54.690306,-47.62814,2.1419999599456787,14.092105865478516,54.6903870480698,-47.6283987046877,2.3462845894638455,0.7479670235739654,0.9129327147970365
SB71907_component_1590a,57.407978,-47.163205,2.364000082015991,14.503067970275879,57.407975311347506,-47.163001729331555,1.95492009987578,0.9907456090008429,1.2092566249465668
SB71907_component_1600a,58.446794,-44.540722,2.2139999866485596,13.75155258178711,58.44738088595842,-44.540750663648105,1.668601966491144,1.0870976168997175,1.3268592696821027
SB71907_component_1601a,52.922314,-44.977852,2.3440001010894775,12.020513534545898,52.92242436502961,-44.977892623851176,2.264598712807182,0.8480277244148231,1.0350620124586531
SB71907_component_1609a,58.914076,-47.150705,2.2060000896453857,13.130952835083008,58.91408641699761,-47.15033461163885,1.9317407806029778,0.9356218561536453,1.1419752131322713
SB71907_component_1610a,58.778707,-47.769087,2.1659998893737793,12.306818008422852,58.779244422678914,-47.76902746160924,2.258933324450169,0.7855949782497959,0.9588595935654676
SB71907_component_1612a,59.417574,-46.746454,2.203000068664551,12.171271324157715,59.41762124410572,-46.746123554233456,1.953765526902557,0.9238165729735909,1.12756625005925
SB71907_component_1618a,54.450726,-46.755286,2.4210000038146973,15.619355201721191,54.44990231715483,-46.755172319717204,1.9076224553875663,1.039790978185178,1.269119052869835
SB71907_component_1620a,55.992063,-46.608806,1.9299999475479126,11.913579940795898,55.99152820154921,-46.608822383082504,2.561163955140132,0.6173956950921848,0.753563606763439
SB71907_component_1634a,56.770781,-48.280758,1.9019999504089355,12.350648880004883,56.77075803323923,-48.28068084394716,2.887415668832482,0.5396906240917139,0.6587205198543525
SB71907_component_1637a,56.559115,-47.215017,2.1760001182556152,14.315791130065918,56.55927641715944,-47.21470209670637,2.1918325714839044,0.8133832393508315,0.992776613764084
SB71907_component_1643a,53.58698,-48.244912,2.068000078201294,11.300546646118164,53.5866991309305,-48.2446935929133,2.1643560720086743,0.7828265035909013,0.9554805260310263
SB71907_component_1644a,53.914865,-46.363153,1.8539999723434448,11.236363410949707,53.91423305181354,-46.36289880113777,2.053305041486545,0.739775477030673,0.9029345055331829
SB71907_component_1647a,58.163307,-48.576523,2.119999885559082,11.843574523925781,58.16344776474282,-48.57644413451144,1.6774754853817324,1.0354361806768952,1.2638037956642014
SB71907_component_1650a,59.155211,-45.467884,1.875,11.227544784545898,59.155469416771126,-45.46784598352953,2.0887071335589185,0.735474132918808,0.8976844909823304
SB71907_component_1653a,55.874947,-46.219874,2.2230000495910645,13.638036727905273,55.87419652319514,-46.21989144211839,1.4786828647691392,1.2317089949549267,1.5033649895835728
SB71907_component_1654a,58.228481,-44.697012,2.010999917984009,12.114458084106445,58.228747858048685,-44.69697503438975,2.253665681638695,0.7310822543322255,0.8923239743890327
SB71907_component_1662a,56.619372,-46.983946,2.2230000495910645,15.654929161071777,56.61918985819528,-46.98403720536184,2.771583813604619,0.6571358139276848,0.8020684919139838
SB71907_component_1667a,53.053199,-47.509352,1.9900000095367432,11.242938041687012,53.052917178907876,-47.50934930202276,1.7837456642632978,0.9140371107586778,1.115629907001697
SB71907_component_1674a,56.783619,-45.366089,2.193000078201294,13.70625114440918,56.783735502474784,-45.36638027738156,1.750794086346743,1.0262360271753963,1.252574529068276
SB71907_component_1678a,60.146152,-47.729123,2.2769999504089355,11.5,60.14584106197369,-47.728992987363306,1.6874438837033643,1.1055473879375863,1.349378176305156
SB71907_component_1682a,59.217436,-48.47476,2.1619999408721924,11.814207077026367,59.21805283057015,-48.47497641736284,1.7410517133942323,1.017390522622836,1.2417781299886315
SB71907_component_1692a,56.983753,-48.267738,1.965999960899353,12.135802268981934,56.98414529585912,-48.2673809040463,1.915200513424699,0.8410328053288223,1.0265243493402245
SB71907_component_1701a,57.063356,-47.628438,1.88100004196167,12.29411792755127,57.06343487958202,-47.62866676251128,1.4364222875399104,1.0728780275414176,1.3095035201543452
SB71907_component_1703a,58.947672,-45.248176,1.9290000200271606,12.445160865783691,58.94794862625758,-45.248283775857054,3.06940240970192,0.5148990413723668,0.6284611017212606
SB71907_component_1707a,57.234486,-46.187684,2.1040000915527344,14.120805740356445,57.23462044786158,-46.187561322350795,1.676389866732863,1.028287148967219,1.2550780300606603
SB71907_component_1720a,57.309082,-45.600999,2.0269999504089355,13.07741928100586,57.30952919536616,-45.601053756925744,1.9198408828756577,0.8650320192344437,1.0558166400606952
SB71907_component_1728a,58.150812,-48.191329,1.7949999570846558,11.080246925354004,58.15113629965758,-48.191256989347714,1.7153189646177733,0.8573600324973508,1.0464525806048193
SB71907_component_1765a,53.584599,-47.246002,1.8910000324249268,11.058479309082031,53.584017227677506,-47.245969662264436,1.726548456984187,0.8973387976384741,1.0952487460027576
SB71907_component_1774a,59.249197,-46.669723,2.052000045776367,11.725714683532715,59.24950574154598,-46.6698044688362,1.3030588504204226,1.2901999379035567,1.574756232317753
SB71907_component_1775a,55.100052,-45.961288,2.1410000324249268,13.902597427368164,55.098947349394386,-45.96097343306298,2.354699574393056,0.7449460975520145,0.9092455172234819
SB71907_component_1776a,56.471136,-45.43836,1.7289999723434448,11.526665687561035,56.47120734041131,-45.438328667138,1.5015182150499988,0.9434264807168208,1.1515011639641488
SB71907_component_1779a,58.775231,-45.30438,1.996999979019165,12.481249809265137,58.77539465542815,-45.304619772443054,1.8009311081865056,0.9084993925853815,1.1088708335046176
SB71907_component_1795a,57.296591,-47.517438,1.88100004196167,11.68323040008545,57.29680977800572,-47.517080741471226,1.6296219646447767,0.9456830749751698,1.1542554548052428
SB71907_component_1800a,54.579685,-44.466189,1.7430000305175781,10.375,54.57922814237734,-44.466289144477535,1.4548261113830225,0.9815896903552459,1.198081349296518
SB71907_component_1807a,53.717575,-46.111494,1.8309999704360962,11.030120849609375,53.7173790611902,-46.111485573312585,1.7775416190326783,0.8439412992807244,1.030074317715559
SB71907_component_1822a,53.793812,-47.145343,1.9259999990463257,12.671052932739258,53.79337883352122,-47.14569557137394,1.891090126275082,0.8344258240887393,1.0184601845708994
SB71907_component_1840a,57.490043,-46.808422,1.7039999961853027,10.784810066223145,57.48992406683486,-46.80808509471376,1.5743477532379966,0.8867732861303651,1.0823529888365817
SB71907_component_1843a,59.111129,-46.926646,1.75600004196167,10.906832695007324,59.111779063356984,-46.926562742873564,2.121483704305289,0.6781542730940276,0.827722616203973
SB71907_component_1863a,55.890698,-45.638352,1.7549999952316284,11.470588684082031,55.89085398298399,-45.63818431670915,1.8085769785382138,0.7950305222178428,0.9703761664875945
SB71907_component_1892a,52.337847,-46.648922,1.9600000381469727,10.425532341003418,52.337379369474625,-46.64865081544473,1.5111763253673927,1.062636231581996,1.2970028746780846
SB71907_component_1898a,57.141411,-47.287057,1.562000036239624,10.41333293914795,57.14164134395854,-47.28671422928757,1.7226707936105903,0.7428864375785736,0.9067315949356684
SB71907_component_1917a,55.917724,-46.411512,1.7519999742507935,11.679999351501465,55.917044827314136,-46.41134145647916,1.9680562129661532,0.7293572048212137,0.8902184616008855
SB71907_component_1920a,55.712282,-48.287452,1.628000020980835,10.049383163452148,55.71205225713242,-48.2871759803979,1.7497601382920305,0.7622888518761121,0.9304132522815113
SB71907_component_1934a,54.472574,-46.88535,1.8569999933242798,12.13725471496582,54.47214029369253,-46.88511030566472,1.907438123107237,0.7976366936480938,0.9735571344769008
SB71907_component_1946a,52.671789,-46.930686,1.74399995803833,10.25882339477539,52.671544445325615,-46.930751075528505,1.6330025117129967,0.8749904203647376,1.0679713873856194
SB71907_component_1950a,53.727241,-46.711796,1.9160000085830688,11.07514476776123,53.72628464097571,-46.711391338680315,1.4519069655411778,1.081185963300098,1.3196437885184378
SB71907_component_1975a,56.543425,-45.507797,1.7660000324249268,11.932432174682617,56.54372246086773,-45.50798970037884,1.7777541288708145,0.8138843396614175,0.9933882327960877
SB71907_component_2039a,54.460119,-44.988653,1.569000005722046,10.122580528259277,54.459516561063346,-44.98847435645922,1.9919265961634092,0.6453470002589319,0.787679630737423
