Component_ID,RA,DEC,RA_comp,DEC_comp
SB66815_component_2a,246.49033,41.577529,246.49029,41.577953
SB66815_component_25a,245.781607,39.15848,245.78176,39.159003
