Component_ID,RA,DEC,RA_comp,DEC_comp
SB67044_component_3a,168.494609,14.707495,168.494563,14.707487
SB67044_component_16a,175.532177,15.798435,175.532233,15.798383
