Component_ID,RA,DEC,RA_comp,DEC_comp
SB67036_component_15a,132.868397,8.754307,132.868438,8.754253
SB67036_component_25a,137.300514,8.594863,137.300656,8.59475
