Component_ID,RA,DEC,RA_comp,DEC_comp
SB66819_component_12a,283.119429,48.930577,283.118949,48.929856
