Component_ID,RA,DEC,RA_comp,DEC_comp
SB67032_component_7a,119.53203,11.612798,119.531908,11.612791
