Component_ID,RA,DEC,RA_comp,DEC_comp
SB66832_component_12a,86.031286,-22.686059,86.03153,-22.686106
SB66832_component_55a,82.487662,-25.266276,82.487781,-25.26637
