Component_ID,RA,DEC,ASKAP_flux,ASKAP_flux_SNR,RA_comp,DEC_comp,Comp_flux,Flux_Ratio_AlphaCorr,Flux_Ratio_NOAlphaCorr
SB67421_component_1a,272.29995,27.970132,860.3150024414062,2312.6748046875,272.3001708984375,27.970043182373047,972.2073974609375,1.1241681575775146,0.88490891456604
SB67421_component_3a,275.137244,26.828475,493.6719970703125,1557.324951171875,275.13739013671875,26.828330993652344,686.1216430664062,0.914050281047821,0.7195109128952026
SB67421_component_6a,271.356114,26.667614,363.3320007324219,1350.6766357421875,271.3563232421875,26.667476654052734,512.6083374023438,0.9004315733909607,0.70879065990448
SB67421_component_8a,276.633603,27.135815,331.85101318359375,331.51947021484375,276.6336364746094,27.13559913635254,314.4558410644531,1.340652346611023,1.0553183555603027
SB67421_component_11a,273.090516,25.752868,283.5199890136719,1016.2006225585938,273.0907287597656,25.752756118774414,358.06658935546875,1.0058948993682861,0.791808009147644
SB67421_component_14a,271.501219,26.092028,229.32899475097656,878.6551513671875,271.50146484375,26.09185028076172,284.1052551269531,1.0254451036453247,0.8071972727775574
SB67421_component_18a,275.305027,25.758963,208.8350067138672,722.6124877929688,275.30523681640625,25.758737564086914,181.64102172851562,1.4605690240859985,1.1497128009796143
SB67421_component_20a,270.801403,25.355376,204.53900146484375,323.63763427734375,270.8016662597656,25.355239868164062,178.82106018066406,1.4530823230743408,1.1438194513320923
SB67421_component_21a,273.014884,26.320513,201.44400024414062,783.8287963867188,273.01507568359375,26.320449829101562,263.01556396484375,0.9729837775230408,0.7659014463424683
SB67421_component_22a,269.800793,27.857041,205.62899780273438,548.343994140625,269.80096435546875,27.856958389282227,319.27960205078125,0.818174421787262,0.6440405249595642
SB67421_component_23a,270.601333,26.461511,195.2429962158203,682.6677856445312,270.6015930175781,26.461423873901367,238.71437072753906,1.0390336513519287,0.8178937435150146
SB67421_component_24a,272.066412,27.094761,171.43299865722656,630.2683715820312,272.06658935546875,27.094619750976562,223.13800048828125,0.9760084748268127,0.768282413482666
SB67421_component_26a,270.436672,27.974739,186.7989959716797,699.6217651367188,270.43682861328125,27.97457504272461,265.3524475097656,0.8943019509315491,0.7039656043052673
SB67421_component_28a,269.973394,28.606097,155.4929962158203,365.8658752441406,269.97344970703125,28.606019973754883,214.6308135986328,0.920346736907959,0.7244672775268555
SB67421_component_29a,276.833786,26.640303,156.06300354003906,156.53260803222656,276.83380126953125,26.639997482299805,129.702392578125,1.5285676717758179,1.2032392024993896
SB67421_component_30a,271.25322,25.466898,155.8179931640625,371.8806457519531,271.2535400390625,25.46673011779785,206.52667236328125,0.9584603905677795,0.754469096660614
SB67421_component_31a,270.451355,27.393553,141.677001953125,592.7908325195312,270.4515686035156,27.393396377563477,182.11685180664062,0.9882844090461731,0.7779455780982971
SB67421_component_32a,271.542179,28.835499,138.79299926757812,622.39013671875,271.5423889160156,28.83539390563965,155.32386779785156,1.1351730823516846,0.8935716152191162
SB67421_component_35a,271.834351,25.533634,131.7899932861328,313.78570556640625,271.8346252441406,25.53342628479004,164.5431365966797,1.0175023078918457,0.8009449243545532
SB67421_component_45a,270.332862,26.158088,116.81300354003906,465.3904724121094,270.3331298828125,26.158010482788086,164.89430236816406,0.8999497890472412,0.7084113955497742
SB67421_component_46a,270.287334,27.785904,100.75199890136719,441.8947448730469,270.2875061035156,27.78577423095703,132.3885498046875,0.9667984843254089,0.7610325813293457
SB67421_component_47a,272.438928,29.172395,101.1719970703125,464.09173583984375,272.4391174316406,29.172286987304688,115.34754943847656,1.1142551898956299,0.877105712890625
SB67421_component_48a,276.186846,28.744312,99.5719985961914,313.1195068359375,276.1871032714844,28.744001388549805,141.94664001464844,0.8911377191543579,0.7014748454093933
SB67421_component_50a,270.482284,25.047728,100.36799621582031,446.0799865722656,270.4825744628906,25.04758644104004,131.01121520996094,0.973239004611969,0.7661023139953613
SB67421_component_51a,270.873388,30.270311,95.51200103759766,260.9617614746094,270.8733825683594,30.270435333251953,149.00027465820312,0.8143359422683716,0.6410189867019653
SB67421_component_53a,270.915601,25.95416,87.16000366210938,316.9454650878906,270.9158630371094,25.954002380371094,108.23360443115234,1.0230287313461304,0.8052952289581299
SB67421_component_54a,276.700369,29.621055,92.0999984741211,138.49623107910156,276.7004699707031,29.6209716796875,100.89813232421875,1.1596027612686157,0.9128018021583557
SB67421_component_59a,274.852574,27.80374,87.28399658203125,407.869140625,274.8528137207031,27.80353355407715,124.89625549316406,0.887805700302124,0.698852002620697
SB67421_component_61a,273.064723,28.876605,80.43499755859375,310.5598449707031,273.06488037109375,28.876489639282227,108.05518341064453,0.9456537365913391,0.7443881630897522
SB67421_component_62a,275.500806,30.522888,86.5530014038086,148.2071990966797,275.5010070800781,30.522985458374023,132.29029846191406,0.8311643004417419,0.6542657017707825
SB67421_component_64a,272.708757,26.321383,78.89900207519531,373.9289245605469,272.7089538574219,26.321306228637695,107.8155746459961,0.9296569228172302,0.7317959666252136
SB67421_component_65a,271.752866,29.590665,80.15399932861328,376.3098449707031,271.7530517578125,29.590604782104492,110.87444305419922,0.9183885455131531,0.7229258418083191
SB67421_component_66a,275.460645,30.093096,79.96199798583984,259.61688232421875,275.46087646484375,30.093156814575195,107.90301513671875,0.9414185881614685,0.741054356098175
SB67421_component_67a,271.731962,26.811342,84.15299987792969,379.06756591796875,271.7321472167969,26.81119728088379,106.50858306884766,1.0037318468093872,0.7901053428649902
SB67421_component_71a,272.62978,28.926042,76.4800033569336,326.8376159667969,272.62994384765625,28.925905227661133,103.06851196289062,0.9426589608192444,0.7420307397842407
SB67421_component_73a,272.032057,26.98004,78.8219985961914,344.20086669921875,272.0322570800781,26.97989845275879,105.16710662841797,0.9521387815475464,0.749492883682251
SB67421_component_75a,277.029838,29.67239,74.47599792480469,57.82297897338867,277.0299377441406,29.672231674194336,85.33325958251953,1.108742594718933,0.872766375541687
SB67421_component_76a,272.356028,28.979622,74.14099884033203,354.7416076660156,272.356201171875,28.979515075683594,90.92684173583984,1.0358551740646362,0.8153917789459229
SB67421_component_77a,272.831145,28.047964,74.58599853515625,321.49139404296875,272.831298828125,28.047840118408203,95.45117950439453,0.9926787614822388,0.7814046740531921
SB67421_component_78a,276.315417,28.378556,75.84400177001953,257.09832763671875,276.315673828125,28.378190994262695,109.4807357788086,0.8800680637359619,0.6927611827850342
SB67421_component_79a,271.304094,28.482364,77.98100280761719,352.855224609375,271.30426025390625,28.48225212097168,106.21786499023438,0.9326613545417786,0.7341609001159668
SB67421_component_80a,269.686303,28.95931,70.16200256347656,217.89442443847656,269.68634033203125,28.959272384643555,93.14964294433594,0.9568712115287781,0.7532181739807129
SB67421_component_81a,269.808534,28.793237,75.44999694824219,224.55355834960938,269.8085632324219,28.79319953918457,58.29467010498047,1.644231915473938,1.2942863702774048
SB67421_component_82a,272.834618,26.196011,74.06700134277344,346.10748291015625,272.8348083496094,26.1959285736084,101.74681091308594,0.9247762560844421,0.7279540300369263
SB67421_component_91a,274.979056,26.764529,66.86699676513672,288.2198181152344,274.9792175292969,26.764368057250977,102.18727111816406,0.8312807679176331,0.654357373714447
SB67421_component_93a,276.16072,27.598811,69.80000305175781,153.40660095214844,276.160888671875,27.59851837158203,102.96739196777344,0.861169159412384,0.6778845191001892
SB67421_component_94a,276.682596,29.706976,72.09300231933594,132.03846740722656,276.6827087402344,29.706884384155273,90.18004608154297,1.0155829191207886,0.7994340658187866
SB67421_component_95a,273.788318,28.312447,65.91100311279297,302.34405517578125,273.7885437011719,28.31226348876953,75.09469604492188,1.1150166988372803,0.8777051568031311
SB67421_component_97a,274.354747,28.499441,63.055999755859375,300.26666259765625,274.3550109863281,28.499221801757812,92.32051849365234,0.8676826357841492,0.6830117702484131
SB67421_component_98a,270.328793,28.145839,63.92300033569336,254.67332458496094,270.32891845703125,28.145709991455078,85.85971069335938,0.9458025097846985,0.7445051670074463
SB67421_component_99a,272.06506,29.710314,67.2969970703125,308.70184326171875,272.06524658203125,29.71026039123535,93.46003723144531,0.9147500991821289,0.720061719417572
SB67421_component_105a,271.636427,27.21413,63.159000396728516,274.6043395996094,271.6365661621094,27.213977813720703,76.52898406982422,1.0484362840652466,0.8252951502799988
SB67421_component_107a,273.821612,29.18963,58.04800033569336,281.7864074707031,273.8218078613281,29.189489364624023,73.99523162841797,0.9965893626213074,0.784483015537262
SB67421_component_110a,274.520615,26.708564,56.332000732421875,260.7962951660156,274.520751953125,26.708477020263672,79.54710388183594,0.8996291756629944,0.7081590294837952
SB67421_component_111a,270.390755,25.74009,57.05500030517578,212.10037231445312,270.3910217285156,25.739973068237305,50.540401458740234,1.4341274499893188,1.1288988590240479
SB67421_component_112a,271.387224,25.677572,60.56100082397461,233.8262481689453,271.3875427246094,25.677335739135742,74.03014373779297,1.0392431020736694,0.8180586695671082
SB67421_component_113a,273.937225,28.508381,58.03799819946289,277.6937561035156,273.9374694824219,28.508169174194336,82.63851928710938,0.8922008275985718,0.7023116946220398
SB67421_component_115a,274.755787,30.706454,56.08000183105469,84.84114837646484,274.75604248046875,30.706668853759766,64.22216796875,1.1093173027038574,0.8732187747955322
SB67421_component_117a,273.712664,25.8251,55.85200119018555,237.6680908203125,273.71282958984375,25.824966430664062,55.43091583251953,1.2800278663635254,1.0075966119766235
SB67421_component_118a,270.202186,28.908856,55.06399917602539,226.60081481933594,270.20220947265625,28.908781051635742,71.92041015625,0.9726314544677734,0.7656241059303284
SB67421_component_119a,276.13167,27.931229,55.20000076293945,182.78146362304688,276.1319274902344,27.930850982666016,72.9894027709961,0.9607535600662231,0.7562741637229919
SB67421_component_120a,276.410888,30.334091,56.48699951171875,125.52667236328125,276.4110412597656,30.334049224853516,75.19660186767578,0.954295814037323,0.7511908411979675
SB67421_component_121a,276.280416,29.103116,57.02199935913086,108.20113372802734,276.2806091308594,29.102956771850586,85.1701889038086,0.8505258560180664,0.6695065498352051
SB67421_component_123a,274.216572,30.308218,59.39400100708008,186.77359008789062,274.2166748046875,30.308292388916016,94.54923248291016,0.7980265021324158,0.6281806826591492
SB67421_component_124a,272.335767,25.617061,50.678001403808594,179.07421875,272.33599853515625,25.61686134338379,60.34465408325195,1.066874623298645,0.8398092985153198
SB67421_component_125a,271.900971,26.261917,51.87200164794922,239.04148864746094,271.90118408203125,26.261741638183594,74.58887481689453,0.8834697008132935,0.6954388618469238
SB67421_component_126a,273.666033,30.681082,53.15800094604492,87.57495880126953,273.6661376953125,30.681163787841797,80.6607666015625,0.8372188806533813,0.6590316891670227
SB67421_component_128a,271.807075,28.926898,51.665000915527344,219.85107421875,271.8072814941406,28.926788330078125,67.24200439453125,0.9760869741439819,0.7683441638946533
SB67421_component_129a,276.958178,28.252205,49.75400161743164,44.985538482666016,276.958251953125,28.25192642211914,40.079105377197266,1.5770399570465088,1.2413949966430664
SB67421_component_131a,271.911405,26.567577,49.75,204.73251342773438,271.91156005859375,26.567420959472656,58.36280822753906,1.0829031467437744,0.8524264097213745
SB67421_component_134a,276.470417,30.532688,51.24100112915039,70.77486419677734,276.47052001953125,30.532712936401367,53.650794982910156,1.2133166790008545,0.9550837278366089
SB67421_component_138a,276.041067,27.294796,48.1349983215332,145.42295837402344,276.04119873046875,27.29457664489746,45.67925262451172,1.3386735916137695,1.0537606477737427
SB67421_component_139a,274.640303,26.360887,46.500999450683594,202.17825317382812,274.6404724121094,26.360780715942383,61.524070739746094,0.9601739645004272,0.7558180093765259
SB67421_component_141a,269.860488,30.185062,50.3380012512207,71.50284576416016,269.8605041503906,30.185178756713867,77.83487701416016,0.8215886354446411,0.6467280983924866
SB67421_component_142a,269.239992,29.394734,46.71799850463867,66.17280578613281,269.2400207519531,29.394712448120117,59.84845733642578,0.9916626811027527,0.780604898929596
SB67421_component_144a,270.30547,27.896581,44.18199920654297,181.8189239501953,270.3056335449219,27.896434783935547,59.93391036987305,0.9364950060844421,0.7371786236763
SB67421_component_147a,275.07568,25.462363,46.76599884033203,104.15589904785156,275.07586669921875,25.462162017822266,65.60043334960938,0.9056412577629089,0.7128916382789612
SB67421_component_148a,275.700249,28.490044,43.95199966430664,196.2142791748047,275.7005310058594,28.489599227905273,47.295738220214844,1.1805634498596191,0.9293015003204346
SB67421_component_149a,272.514543,25.168185,43.79999923706055,56.58914566040039,272.5148010253906,25.167987823486328,56.522647857666016,0.9844288229942322,0.7749106287956238
SB67421_component_151a,274.428915,27.127657,42.808998107910156,201.9292449951172,274.4291076660156,27.127527236938477,47.13432693481445,1.1537997722625732,0.9082340002059937
SB67421_component_152a,272.019058,30.277164,43.8120002746582,141.7864227294922,272.01922607421875,30.277137756347656,48.850196838378906,1.139356017112732,0.8968643546104431
SB67421_component_158a,274.821055,29.116235,39.34000015258789,184.69483947753906,274.8213195800781,29.11612892150879,57.620121002197266,0.8673470616340637,0.6827476024627686
SB67421_component_164a,271.721251,25.631353,41.4739990234375,138.7090301513672,271.721435546875,25.631113052368164,53.939491271972656,0.9767913222312927,0.768898606300354
SB67421_component_166a,271.595177,25.554642,38.051998138427734,113.24999237060547,271.595458984375,25.55441665649414,45.81248474121094,1.055179476737976,0.8306032419204712
SB67421_component_167a,272.424136,28.197094,38.474998474121094,153.89999389648438,272.4242858886719,28.19699478149414,42.004737854003906,1.1636250019073486,0.9159680604934692
SB67421_component_171a,275.883465,25.935665,37.590999603271484,97.3860092163086,275.8835754394531,25.935443878173828,39.48052978515625,1.2095773220062256,0.952140212059021
SB67421_component_172a,274.938079,25.647837,39.948001861572266,123.67801666259766,274.938232421875,25.647628784179688,49.3011589050293,1.0293679237365723,0.8102852702140808
SB67421_component_174a,275.545554,26.356374,36.07600021362305,137.1710968017578,275.5456848144531,26.356107711791992,48.03958511352539,0.954007625579834,0.7509640455245972
SB67421_component_175a,273.217832,28.007777,35.805999755859375,166.53953552246094,273.2179870605469,28.007593154907227,52.39125061035156,0.8682199120521545,0.6834347248077393
SB67421_component_179a,273.55275,29.471437,35.861000061035156,159.38223266601562,273.5528869628906,29.471378326416016,48.33119583129883,0.9426003098487854,0.7419845461845398
SB67421_component_182a,273.800758,27.823071,32.76599884033203,131.06399536132812,273.8009338378906,27.8228759765625,49.237884521484375,0.8453893065452576,0.6654631495475769
SB67421_component_185a,276.557435,30.22591,34.444000244140625,84.00975799560547,276.55755615234375,30.225940704345703,48.29126739501953,0.906103253364563,0.7132552266120911
SB67421_component_186a,272.800039,25.237924,32.83399963378906,42.04096984863281,272.80029296875,25.237802505493164,41.19293975830078,1.0125901699066162,0.7970783114433289
SB67421_component_188a,274.61992,30.617359,33.07899856567383,55.22370529174805,274.6201171875,30.61768341064453,55.330360412597656,0.759489119052887,0.5978453755378723
SB67421_component_193a,270.513007,25.18633,33.069000244140625,34.956661224365234,270.5133056640625,25.186243057250977,41.209495544433594,1.01942777633667,0.8024606704711914
SB67421_component_194a,274.69369,30.122879,32.04100036621094,131.85597229003906,274.6939392089844,30.12298011779785,41.72328567504883,0.9755741357803345,0.7679404616355896
SB67421_component_196a,277.005374,29.597032,28.91699981689453,19.95652198791504,277.00537109375,29.597074508666992,25.979183197021484,1.4140360355377197,1.1130834817886353
SB67421_component_199a,275.647887,28.296095,30.44099998474121,129.53616333007812,275.648193359375,28.2957706451416,37.342342376708984,1.0355952978134155,0.8151872158050537
SB67421_component_200a,275.243488,30.264444,30.312000274658203,99.05882263183594,275.2437438964844,30.264530181884766,41.93699645996094,0.9182268381118774,0.7227985262870789
SB67421_component_202a,272.983333,29.264697,33.35200119018555,153.69586181640625,272.9835205078125,29.264442443847656,50.41017150878906,0.8404975533485413,0.6616125106811523
SB67421_component_206a,274.042151,25.310535,32.58700180053711,51.643428802490234,274.0422668457031,25.310388565063477,36.559940338134766,1.1323264837265015,0.8913308382034302
SB67421_component_207a,270.901793,26.464859,30.149999618530273,126.6806640625,270.90203857421875,26.46468734741211,34.77466583251953,1.1014304161071777,0.8670104742050171
SB67421_component_209a,275.392397,29.024632,28.27199935913086,124.54625701904297,275.3926086425781,29.024564743041992,37.97655487060547,0.9457441568374634,0.7444592714309692
SB67421_component_215a,272.508679,29.045365,27.493999481201172,143.19790649414062,272.50885009765625,29.045276641845703,35.601470947265625,0.9810761213302612,0.772271454334259
SB67421_component_218a,270.832717,25.593212,27.086999893188477,75.24166107177734,270.8330078125,25.593034744262695,29.094388961791992,1.1827266216278076,0.9310042262077332
SB67421_component_219a,269.836274,29.301802,30.81399917602539,113.70479583740234,269.8362731933594,29.301774978637695,42.455406188964844,0.922035813331604,0.7257968187332153
SB67421_component_221a,272.161169,26.746405,28.202999114990234,143.1624298095703,272.161376953125,26.7463321685791,39.03702163696289,0.9178069233894348,0.7224680185317993
SB67421_component_224a,269.259918,25.421164,27.898000717163086,34.105133056640625,269.26025390625,25.421201705932617,31.62860107421875,1.120535969734192,0.8820497989654541
SB67421_component_225a,276.449491,28.350873,26.979000091552734,75.99718475341797,276.4496765136719,28.35051155090332,38.077335357666016,0.9001026153564453,0.7085317373275757
SB67421_component_226a,275.131281,28.31787,27.16200065612793,117.58441162109375,275.1315612792969,28.317636489868164,17.594348907470703,1.9611972570419312,1.5437911748886108
SB67421_component_229a,270.675601,25.917229,29.815000534057617,112.08646392822266,270.6758117675781,25.91710090637207,41.605533599853516,0.9103668332099915,0.7166114449501038
SB67421_component_230a,276.946137,26.572405,26.60099983215332,25.142723083496094,276.9461975097656,26.572166442871094,31.381568908691406,1.0768519639968872,0.847663164138794
SB67421_component_232a,276.625244,27.75554,26.902999877929688,28.589797973632812,276.62530517578125,27.75519561767578,24.78407096862793,1.3789889812469482,1.0854955911636353
SB67421_component_233a,273.767251,29.661648,25.4950008392334,112.31278228759766,273.767333984375,29.661678314208984,35.680450439453125,0.9077314734458923,0.7145369648933411
SB67421_component_235a,277.015616,29.950377,27.91699981689453,28.05728530883789,277.0157470703125,29.950220108032227,22.269256591796875,1.592559814453125,1.25361168384552
SB67421_component_236a,276.188909,28.44659,25.260000228881836,103.10204315185547,276.18914794921875,28.446226119995117,23.266441345214844,1.379228115081787,1.085683822631836
SB67421_component_237a,271.156115,25.550086,28.62299919128418,93.2345199584961,271.1564636230469,25.54994010925293,37.03776931762695,0.9817547798156738,0.7728056907653809
SB67421_component_239a,269.483455,28.87149,26.663000106811523,57.09421920776367,269.4835205078125,28.871448516845703,35.254756927490234,0.9607800841331482,0.7562950849533081
SB67421_component_240a,273.289953,28.236777,26.437000274658203,128.9609832763672,273.2901306152344,28.236600875854492,22.686037063598633,1.4804245233535767,1.1653423309326172
SB67421_component_241a,276.117578,28.195122,26.489999771118164,105.1190414428711,276.1178283691406,28.194795608520508,30.039365768432617,1.1202731132507324,0.881842851638794
SB67421_component_244a,272.729409,28.802085,25.395999908447266,112.8711166381836,272.7295837402344,28.802000045776367,33.815574645996094,0.9540722966194153,0.7510148882865906
SB67421_component_245a,270.681688,30.295548,25.19499969482422,79.98412322998047,270.6816711425781,30.29560661315918,34.478755950927734,0.928315281867981,0.7307398319244385
SB67421_component_247a,273.044473,28.989123,27.621999740600586,132.1626739501953,273.04461669921875,28.989084243774414,38.38251876831055,0.9142276644706726,0.7196505069732666
SB67421_component_251a,271.758167,29.317247,24.799999237060547,120.38834381103516,271.7583923339844,29.317161560058594,32.075042724609375,0.9822389483451843,0.7731868028640747
SB67421_component_252a,276.615475,26.18025,26.069000244140625,26.90299415588379,276.615478515625,26.17976951599121,30.02058219909668,1.103158712387085,0.8683708906173706
SB67421_component_253a,273.689226,25.582702,25.0,71.63323974609375,273.68939208984375,25.582576751708984,33.84835433959961,0.9382858276367188,0.7385883331298828
SB67421_component_256a,272.530626,30.743341,26.908000946044922,34.720001220703125,272.53082275390625,30.743257522583008,39.0153923034668,0.8761494159698486,0.6896765232086182
SB67421_component_258a,273.049429,26.779441,24.906999588012695,120.32366943359375,273.04962158203125,26.779386520385742,34.56063461303711,0.9155296683311462,0.7206754088401794
SB67421_component_259a,276.144552,25.867261,27.54400062561035,46.21476364135742,276.14471435546875,25.866947174072266,34.669464111328125,1.0092822313308716,0.7944743633270264
SB67421_component_261a,271.588689,27.105686,25.540000915527344,115.0450439453125,271.5888977050781,27.10561752319336,35.81929016113281,0.9058090448379517,0.7130236625671387
SB67421_component_262a,269.613527,29.126547,23.69099998474121,64.90684509277344,269.6135559082031,29.12655258178711,25.236360549926758,1.1925852298736572,0.9387645125389099
SB67421_component_263a,271.367168,26.066265,23.902000427246094,118.32672882080078,271.3674621582031,26.06606674194336,29.360136032104492,1.034210443496704,0.8140970468521118
SB67421_component_271a,271.863609,29.062853,23.052000045776367,107.2186050415039,271.86383056640625,29.062692642211914,31.091827392578125,0.9418789148330688,0.7414166927337646
SB67421_component_273a,274.32609,29.375049,24.635000228881836,121.35468292236328,274.3262939453125,29.37494468688965,33.38724899291992,0.9373562335968018,0.7378565669059753
SB67421_component_276a,275.299233,26.701863,23.805999755859375,95.2239990234375,275.2994079589844,26.701709747314453,29.30575942993164,1.0319678783416748,0.8123317956924438
SB67421_component_277a,272.033158,29.448959,22.700000762939453,107.07547760009766,272.0333251953125,29.44890785217285,32.842247009277344,0.8780630826950073,0.6911829113960266
SB67421_component_278a,271.583252,28.068443,22.0049991607666,109.47760772705078,271.5834045410156,28.068344116210938,29.92782211303711,0.9340689778327942,0.7352689504623413
SB67421_component_281a,269.958666,29.783186,20.29400062561035,45.50224304199219,269.9586486816406,29.78329849243164,28.904191970825195,0.8919480443000793,0.7021127343177795
SB67421_component_283a,273.452918,30.496956,22.349000930786133,52.09557342529297,273.4530029296875,30.496963500976562,36.0537109375,0.7874823808670044,0.619880735874176
SB67421_component_285a,276.322427,30.68396,24.614999771118164,34.37849044799805,276.3223876953125,30.68412971496582,34.355072021484375,0.9102101922035217,0.7164880633354187
SB67421_component_289a,276.773643,28.575843,21.582000732421875,31.23299789428711,276.77386474609375,28.575328826904297,31.791351318359375,0.8624132871627808,0.6788638830184937
SB67421_component_291a,270.277548,30.129799,21.66900062561035,63.92035675048828,270.2775573730469,30.129785537719727,26.713472366333008,1.0304840803146362,0.8111637830734253
SB67421_component_296a,274.148761,28.468271,21.027000427246094,96.45413208007812,274.1490173339844,28.46815299987793,18.251977920532227,1.4635249376296997,1.1520395278930664
SB67421_component_298a,272.820053,27.216075,20.76799964904785,103.32337951660156,272.8201599121094,27.216062545776367,24.52825927734375,1.0756244659423828,0.8466968536376953
SB67421_component_300a,271.436219,30.405409,21.542999267578125,59.675899505615234,271.4364013671875,30.405458450317383,28.19293212890625,0.9707304239273071,0.7641276717185974
SB67421_component_302a,270.591216,28.382066,20.52400016784668,100.60784912109375,270.5913391113281,28.381948471069336,24.74938201904297,1.0534899234771729,0.8292732238769531
SB67421_component_303a,271.336204,30.424269,20.843000411987305,54.42036819458008,271.3363037109375,30.42426300048828,26.859956741333008,0.9857973456382751,0.7759878635406494
SB67421_component_305a,274.52083,29.963909,19.875999450683594,96.48543548583984,274.52105712890625,29.963987350463867,27.095739364624023,0.9318814873695374,0.733547031879425
SB67421_component_306a,273.564314,28.694598,19.819000244140625,88.47767639160156,273.5644836425781,28.69441032409668,25.088211059570312,1.0035632848739624,0.7899726629257202
SB67421_component_307a,271.571793,25.878866,20.54400062561035,84.19672393798828,271.572021484375,25.878664016723633,27.39626121520996,0.9526348114013672,0.7498833537101746
SB67421_component_311a,272.951861,30.169361,19.57900047302246,74.72901153564453,272.9520263671875,30.169315338134766,25.341920852661133,0.9814850091934204,0.7725933790206909
SB67421_component_312a,274.326273,29.136897,20.79599952697754,101.94117736816406,274.3265380859375,29.136764526367188,27.755373001098633,0.9518433213233948,0.7492603063583374
SB67421_component_314a,273.338357,27.24369,21.520999908447266,107.60499572753906,273.3385009765625,27.243515014648438,28.986297607421875,0.9431970119476318,0.7424542307853699
SB67421_component_316a,271.57986,28.17832,20.382999420166016,98.94660186767578,271.5801086425781,28.178245544433594,27.234922409057617,0.950768232345581,0.7484140992164612
SB67421_component_317a,269.935913,30.375074,18.464000701904297,26.605188369750977,269.9359130859375,30.3752384185791,28.730600357055664,0.8164203763008118,0.6426597833633423
SB67421_component_318a,274.160083,30.518007,20.24799919128418,46.01818084716797,274.1602783203125,30.51801872253418,29.654741287231445,0.8674025535583496,0.6827912926673889
SB67421_component_319a,274.741912,27.069786,20.124000549316406,88.2631607055664,274.7420654296875,27.069730758666992,24.656999588012695,1.0368281602859497,0.8161576986312866
SB67421_component_320a,275.146975,30.638921,20.812000274658203,34.51409912109375,275.1471252441406,30.638978958129883,34.04794692993164,0.7765253186225891,0.6112556457519531
SB67421_component_321a,276.063429,29.896442,19.312000274658203,77.55823516845703,276.0634460449219,29.89640235900879,18.7972354888916,1.3051667213439941,1.0273851156234741
SB67421_component_325a,272.75235,26.607211,19.577999114990234,97.4029769897461,272.7525634765625,26.607078552246094,25.777437210083008,0.9648533463478088,0.7595013976097107
SB67421_component_326a,270.204784,27.925405,20.915000915527344,84.33468627929688,270.2049255371094,27.92535400390625,33.10658264160156,0.802557647228241,0.6317474842071533
SB67421_component_328a,273.812937,27.78783,21.503999710083008,86.70967864990234,273.8132019042969,27.78763198852539,29.40550422668457,0.9290162920951843,0.731291651725769
SB67421_component_330a,275.059559,28.26535,21.735000610351562,100.16129302978516,275.0599060058594,28.265039443969727,30.937374114990234,0.8925014138221741,0.7025483250617981
SB67421_component_331a,271.082219,25.136801,17.441999435424805,19.209251403808594,271.08251953125,25.136611938476562,20.70210838317871,1.0703219175338745,0.8425228595733643
SB67421_component_333a,275.698194,29.875538,19.597999572753906,85.58078002929688,275.6983947753906,29.87552261352539,26.710411071777344,0.9321029782295227,0.7337213754653931
SB67421_component_335a,270.653893,30.77278,20.417999267578125,21.978469848632812,270.6539001464844,30.773040771484375,26.035259246826172,0.9962859153747559,0.7842441201210022
SB67421_component_340a,274.846827,30.094784,20.299999237060547,83.88429260253906,274.846923828125,30.09498405456543,21.760242462158203,1.1851272583007812,0.9328939914703369
SB67421_component_341a,271.074686,27.892537,18.549999237060547,89.18268585205078,271.0748291015625,27.892471313476562,17.902294158935547,1.3163394927978516,1.036180019378662
SB67421_component_342a,273.333147,25.597426,18.972000122070312,73.25096130371094,273.3332824707031,25.597309112548828,20.2094669342041,1.192589521408081,0.9387679696083069
SB67421_component_343a,271.503325,25.3521,18.652000427246094,33.9744987487793,271.50360107421875,25.35194206237793,20.80600357055664,1.1388577222824097,0.8964720368385315
SB67421_component_344a,271.446005,26.392651,17.96299934387207,84.33332824707031,271.4462890625,26.392581939697266,17.22815704345703,1.3245633840560913,1.0426535606384277
SB67421_component_355a,271.622152,27.148198,17.884000778198242,79.13275146484375,271.622314453125,27.148160934448242,25.82305335998535,0.8798118829727173,0.6925594806671143
SB67421_component_358a,269.633491,28.385146,17.753000259399414,21.676435470581055,269.6336975097656,28.385074615478516,21.310636520385742,1.0582982301712036,0.8330581784248352
SB67421_component_360a,270.850548,29.404931,18.400999069213867,82.1473159790039,270.85064697265625,29.404855728149414,24.9421443939209,0.9372173547744751,0.7377472519874573
SB67421_component_361a,271.458305,28.736595,17.211999893188477,79.6851806640625,271.45843505859375,28.73662567138672,25.110347747802734,0.8707857728004456,0.6854544878005981
SB67421_component_362a,272.23018,26.762681,17.26799964904785,89.9375,272.2303466796875,26.76262855529785,16.930419921875,1.2957077026367188,1.0199391841888428
SB67421_component_363a,273.172086,27.756801,18.479999542236328,98.82352447509766,273.17218017578125,27.75665855407715,26.911375045776367,0.8723661303520203,0.6866984367370605
SB67421_component_364a,276.028482,30.492292,17.097999572753906,37.99555587768555,276.0285949707031,30.492250442504883,25.808189392089844,0.8416285514831543,0.6625028848648071
SB67421_component_371a,275.626478,29.47075,16.608999252319336,66.43599700927734,275.6266784667969,29.470731735229492,14.56422233581543,1.4487347602844238,1.140397310256958
SB67421_component_373a,275.774654,25.106108,15.869999885559082,13.529412269592285,275.77496337890625,25.105627059936523,14.743582725524902,1.3674347400665283,1.0764005184173584
SB67421_component_375a,271.251962,26.470742,15.920999526977539,70.76000213623047,271.25225830078125,26.470436096191406,11.886663436889648,1.7015435695648193,1.3394001722335815
SB67421_component_377a,275.612087,28.727638,16.663000106811523,65.60236358642578,275.6123046875,28.72743034362793,24.320838928222656,0.8703769445419312,0.685132622718811
SB67421_component_378a,274.493891,27.21668,16.35700035095215,81.78500366210938,274.49407958984375,27.216575622558594,23.248977661132812,0.8937839269638062,0.7035578489303589
SB67421_component_380a,271.632712,27.671993,18.0,90.0,271.63287353515625,27.671897888183594,28.836978912353516,0.7929676175117493,0.6241985559463501
SB67421_component_384a,273.478804,28.09313,15.258999824523926,68.7342300415039,273.47900390625,28.092926025390625,22.095272064208984,0.8773228526115417,0.6906002163887024
SB67421_component_385a,274.536462,26.657768,15.854000091552734,73.39814758300781,274.53656005859375,26.657711029052734,20.783658981323242,0.969057559967041,0.7628108263015747
SB67421_component_386a,272.964131,26.964281,16.77899932861328,91.19021606445312,272.9643249511719,26.96433448791504,16.009538650512695,1.331434965133667,1.0480626821517944
SB67421_component_390a,269.387626,29.243563,15.208000183105469,30.05533790588379,269.3876953125,29.243621826171875,15.391152381896973,1.2552599906921387,0.9881001710891724
SB67421_component_392a,269.804298,28.150603,14.907999992370605,30.611909866333008,269.8045654296875,28.150508880615234,12.93493366241455,1.4641579389572144,1.1525378227233887
SB67421_component_394a,273.263675,29.807658,14.982999801635742,75.67171478271484,273.2638244628906,29.8077392578125,12.741844177246094,1.4938232898712158,1.1758893728256226
SB67421_component_397a,274.52473,25.59693,14.513999938964844,51.28622055053711,274.52490234375,25.596641540527344,11.83740520477295,1.557626485824585,1.2261133193969727
SB67421_component_399a,272.017566,26.526931,15.583000183105469,76.01463317871094,272.01776123046875,26.52672004699707,21.206331253051758,0.9335084557533264,0.7348276972770691
SB67421_component_400a,269.747647,29.878005,16.020999908447266,25.757234573364258,269.74774169921875,29.878183364868164,23.168210983276367,0.8784758448600769,0.691507875919342
SB67421_component_401a,273.640342,27.980666,15.111000061035156,79.95238494873047,273.640625,27.980411529541016,19.711774826049805,0.9738682508468628,0.7665976285934448
SB67421_component_405a,271.102913,27.918671,16.179000854492188,75.6028060913086,271.1030578613281,27.91863441467285,19.665573120117188,1.0451480150222778,0.8227068185806274
SB67421_component_406a,269.068591,29.187588,14.121000289916992,11.87636661529541,269.0687255859375,29.187484741210938,14.832596778869629,1.2094306945800781,0.9520248174667358
SB67421_component_409a,270.201179,30.163766,14.01099967956543,37.8675651550293,270.20111083984375,30.16390037536621,21.000022888183594,0.8475826978683472,0.6671897172927856
SB67421_component_411a,275.459382,27.397397,14.479000091552734,67.97652435302734,275.4595947265625,27.397111892700195,19.80030632019043,0.9289650321006775,0.7312512993812561
SB67421_component_412a,274.492996,25.153922,15.994000434875488,18.55452537536621,274.49322509765625,25.153770446777344,18.735334396362305,1.084497094154358,0.8536810874938965
SB67421_component_414a,271.030789,30.314347,16.155000686645508,49.40367126464844,271.0308837890625,30.3143253326416,24.876663208007812,0.8249879479408264,0.6494038701057434
SB67421_component_415a,274.038791,29.9315,15.994999885559082,75.0938949584961,274.03900146484375,29.931522369384766,21.48663330078125,0.9456895589828491,0.7444162964820862
SB67421_component_416a,276.105164,27.186126,14.892000198364258,47.42675018310547,276.105224609375,27.185935974121094,20.112531661987305,0.9406303763389587,0.7404338717460632
SB67421_component_419a,269.512264,27.202225,13.72700023651123,26.96856689453125,269.5125427246094,27.201993942260742,14.526061058044434,1.2004953622817993,0.9449912309646606
SB67421_component_422a,274.782367,25.353086,14.0,23.29450798034668,274.78265380859375,25.3529052734375,19.888635635375977,0.8942434191703796,0.7039195895195007
SB67421_component_425a,271.097016,26.339139,14.831999778747559,66.5112075805664,271.0973205566406,26.338932037353516,20.959857940673828,0.8989676833152771,0.7076383829116821
SB67421_component_430a,270.942431,25.148767,13.932000160217285,13.699115753173828,270.9427490234375,25.14837074279785,14.201306343078613,1.2462865114212036,0.9810365438461304
SB67421_component_432a,269.530193,29.57447,13.067999839782715,24.426166534423828,269.5301513671875,29.574438095092773,9.375356674194336,1.7707369327545166,1.3938668966293335
SB67421_component_433a,275.822954,25.103617,13.758999824523926,12.2738618850708,275.82293701171875,25.10370635986328,12.40749740600586,1.4087547063827515,1.1089262962341309
SB67421_component_438a,276.259456,25.877913,13.925999641418457,17.969032287597656,276.2596435546875,25.87754249572754,19.993446350097656,0.8848536610603333,0.6965281963348389
SB67421_component_439a,273.12689,26.328916,13.604999542236328,62.40825653076172,273.1271057128906,26.328792572021484,18.178985595703125,0.9507396221160889,0.7483915686607361
SB67421_component_440a,274.076759,28.927617,13.383999824523926,68.98968505859375,274.0769958496094,28.92743682861328,16.78881072998047,1.0127416849136353,0.7971976399421692
SB67421_component_441a,269.526055,25.166218,12.631999969482422,16.278350830078125,269.5262145996094,25.166282653808594,14.872721672058105,1.0789824724197388,0.8493402004241943
SB67421_component_444a,273.051854,27.106304,13.560999870300293,64.2701416015625,273.052001953125,27.10617446899414,18.726566314697266,0.9199543595314026,0.7241584062576294
SB67421_component_446a,269.071961,29.459944,13.25100040435791,14.141942977905273,269.07220458984375,29.460041046142578,18.45782470703125,0.9120126962661743,0.7179069519042969
SB67421_component_449a,273.083069,26.67691,13.262999534606934,60.28636169433594,273.0832824707031,26.676847457885742,12.590919494628906,1.3381876945495605,1.0533781051635742
SB67421_component_453a,272.236632,29.990745,13.805000305175781,63.03653335571289,272.2367858886719,29.990798950195312,17.484350204467773,1.003043293952942,0.7895632386207581
SB67421_component_464a,274.626264,27.74359,12.619999885559082,62.47524642944336,274.6264953613281,27.743450164794922,12.474651336669922,1.2851791381835938,1.0116515159606934
SB67421_component_466a,276.373984,29.901346,12.85200023651123,44.31724166870117,276.3741149902344,29.901203155517578,13.986015319824219,1.167372465133667,0.9189179539680481
SB67421_component_472a,273.940795,28.749983,12.312000274658203,57.802818298339844,273.94097900390625,28.74976348876953,7.923030376434326,1.9741039276123047,1.5539509057998657
SB67421_component_473a,274.30716,25.499219,13.340999603271484,41.049232482910156,274.307373046875,25.499006271362305,17.067153930664062,0.9930245876312256,0.7816768884658813
SB67421_component_474a,270.800367,28.793317,12.404999732971191,58.239437103271484,270.8004455566406,28.793176651000977,16.52473258972168,0.9536632299423218,0.7506929039955139
SB67421_component_477a,274.276104,25.095612,11.972000122070312,11.034101486206055,274.276123046875,25.095535278320312,15.964666366577148,0.9526636600494385,0.749906063079834
SB67421_component_478a,273.142985,25.275861,12.505000114440918,22.65398597717285,273.1433410644531,25.27565574645996,7.94438362121582,1.9996602535247803,1.5740679502487183
SB67421_component_480a,271.749558,27.26976,13.897000312805176,64.0414810180664,271.7496643066406,27.26964569091797,17.796117782592773,0.9920384883880615,0.7809006571769714
SB67421_component_487a,275.173219,28.451035,12.678999900817871,60.665069580078125,275.1734619140625,28.45072364807129,16.10700798034668,1.0000065565109253,0.7871728539466858
SB67421_component_489a,271.365845,30.812327,12.336000442504883,12.823285102844238,271.3658447265625,30.812477111816406,20.966670989990234,0.7474421858787537,0.5883623957633972
SB67421_component_493a,272.212265,26.55417,12.84000015258789,61.43540573120117,272.21246337890625,26.554052352905273,18.5661678314209,0.8785682320594788,0.6915805339813232
SB67421_component_496a,272.273409,27.611401,11.631999969482422,54.867923736572266,272.2735595703125,27.611249923706055,14.861289024353027,0.9943302273750305,0.7827046513557434
SB67421_component_497a,275.56163,26.561457,12.866000175476074,54.51694869995117,275.5616760253906,26.561264038085938,16.993825912475586,0.961800754070282,0.7570984959602356
SB67421_component_498a,272.351244,28.509447,11.402000427246094,55.89215850830078,272.3514404296875,28.509286880493164,16.504478454589844,0.8776310086250305,0.6908428072929382
SB67421_component_499a,273.073482,26.560694,11.847999572753906,44.878787994384766,273.0736999511719,26.560693740844727,14.564353942871094,1.0334429740905762,0.8134929537773132
SB67421_component_500a,271.918377,26.216268,11.494999885559082,55.26441955566406,271.91864013671875,26.215978622436523,15.077362060546875,0.9685372114181519,0.762401282787323
SB67421_component_502a,274.441399,30.743043,11.501999855041504,12.598028182983398,274.44140625,30.743267059326172,22.615495681762695,0.6461003422737122,0.5085893273353577
SB67421_component_504a,271.381591,28.000585,11.567999839782715,56.98522186279297,271.3818054199219,28.000486373901367,14.200040817260742,1.0349072217941284,0.814645528793335
SB67421_component_505a,274.828577,25.189945,10.888999938964844,11.547189712524414,274.8287353515625,25.18970489501953,11.583183288574219,1.1942431926727295,0.9400697350502014
SB67421_component_507a,269.718841,26.452114,11.164999961853027,21.721790313720703,269.71917724609375,26.452056884765625,12.716460227966309,1.1153861284255981,0.8779959082603455
SB67421_component_509a,269.751207,29.316467,11.583999633789062,40.64561462402344,269.75115966796875,29.316452026367188,12.801135063171387,1.1495895385742188,0.9049197435379028
SB67421_component_510a,270.951499,25.418472,10.833000183105469,24.960830688476562,270.95172119140625,25.41835594177246,16.102323532104492,0.8546591401100159,0.6727600693702698
SB67421_component_514a,272.877829,29.302389,11.946000099182129,53.33035659790039,272.8780517578125,29.302400588989258,18.562387466430664,0.8175632953643799,0.643559455871582
SB67421_component_519a,269.899853,25.464517,12.116999626159668,30.216957092285156,269.900146484375,25.464433670043945,11.858840942382812,1.298032522201538,1.0217692852020264
SB67421_component_523a,273.765374,29.769771,11.972999572753906,56.47641372680664,273.7655029296875,29.76968002319336,15.790771484375,0.9632351398468018,0.7582276463508606
SB67421_component_525a,275.368153,25.186777,10.95199966430664,14.941336631774902,275.3683166503906,25.186559677124023,14.783296585083008,0.9411413073539734,0.7408360838890076
SB67421_component_526a,276.821836,28.500521,12.484999656677246,16.006410598754883,276.8219909667969,28.50017547607422,15.717330932617188,1.0091191530227661,0.794346034526825
SB67421_component_528a,275.15884,29.232663,11.083000183105469,50.149322509765625,275.1590576171875,29.232580184936523,15.286444664001465,0.9210507273674011,0.7250214219093323
SB67421_component_529a,273.423039,28.49988,11.168999671936035,57.57216262817383,273.4233093261719,28.499549865722656,16.640535354614258,0.852667510509491,0.6711923480033875
SB67421_component_532a,274.230364,28.657395,11.166999816894531,53.94685745239258,274.2306823730469,28.657115936279297,12.759073257446289,1.1118600368499756,0.8752202987670898
SB67421_component_533a,271.863157,25.902659,10.625,48.29545593261719,271.8633117675781,25.902385711669922,6.79536771774292,1.98631751537323,1.5635651350021362
SB67421_component_534a,272.929686,25.828376,10.770000457763672,45.06276321411133,272.9298095703125,25.828174591064453,6.134842872619629,2.230206251144409,1.75554621219635
SB67421_component_535a,275.311469,28.65605,10.208999633789062,44.58078384399414,275.311767578125,28.655841827392578,12.275200843811035,1.0565433502197266,0.8316767811775208
SB67421_component_536a,275.259708,28.31282,12.039999961853027,52.576419830322266,275.2601013183594,28.312545776367188,16.05495262145996,0.9526868462562561,0.74992436170578
SB67421_component_538a,272.775383,30.511321,11.10200023651123,31.629629135131836,272.7755126953125,30.51131248474121,16.53912925720215,0.8527491688728333,0.6712566614151001
SB67421_component_539a,273.910382,25.158791,11.842000007629395,27.668224334716797,273.91064453125,25.158567428588867,14.779012680053711,1.0179169178009033,0.801271378993988
SB67421_component_540a,270.504982,27.969341,10.930999755859375,51.56132125854492,270.505126953125,27.969196319580078,14.000892639160156,0.9918292164802551,0.7807359099388123
SB67421_component_544a,276.257287,28.519189,11.800000190734863,43.54243469238281,276.25750732421875,28.518972396850586,14.705598831176758,1.0193703174591064,0.8024154901504517
SB67421_component_546a,272.034332,27.991292,11.295999526977539,51.34545135498047,272.03448486328125,27.991191864013672,16.691598892211914,0.8597248196601868,0.6767476201057434
SB67421_component_547a,271.0967,30.439597,10.644000053405762,25.04470443725586,271.0967712402344,30.439733505249023,14.437681198120117,0.9365697503089905,0.7372375130653381
SB67421_component_550a,276.762765,26.440144,10.946000099182129,11.757250785827637,276.7630310058594,26.439491271972656,8.181424140930176,1.6996490955352783,1.3379088640213013
SB67421_component_551a,276.744046,27.941649,11.336000442504883,13.399527549743652,276.7440490722656,27.94110870361328,16.078903198242188,0.8956454992294312,0.7050232291221619
SB67421_component_552a,270.939021,27.004302,10.470000267028809,49.62085723876953,270.9393310546875,27.00422477722168,10.716533660888672,1.241152286529541,0.976995050907135
SB67421_component_555a,270.893943,29.693047,10.777000427246094,48.327354431152344,270.8939208984375,29.69317054748535,8.610367774963379,1.590043067932129,1.2516306638717651
SB67421_component_557a,271.68441,30.169624,10.571000099182129,46.98222351074219,271.6846008300781,30.16960334777832,14.212196350097656,0.9449037909507751,0.743797779083252
SB67421_component_565a,275.443131,29.783311,10.48900032043457,47.67727279663086,275.443359375,29.783184051513672,10.878358840942383,1.2249078750610352,0.9642079472541809
SB67421_component_568a,271.248928,25.769133,9.930000305175781,42.61802673339844,271.2491149902344,25.768911361694336,12.107634544372559,1.0418919324874878,0.8201436996459961
SB67421_component_573a,270.169331,30.529792,10.111000061035156,15.296520233154297,270.16937255859375,30.530044555664062,13.969901084899902,0.9194613695144653,0.7237703204154968
SB67421_component_574a,269.581641,26.523379,10.10099983215332,12.378676414489746,269.5817565917969,26.523242950439453,13.858880996704102,0.9259103536605835,0.7288467288017273
SB67421_component_575a,275.022467,28.980605,9.875,45.29816436767578,275.02264404296875,28.980628967285156,9.007534980773926,1.3927202224731445,1.0963044166564941
SB67421_component_577a,274.881289,26.076993,10.060999870300293,41.920833587646484,274.8814697265625,26.07677459716797,16.973649978637695,0.7530062794685364,0.5927422642707825
SB67421_component_580a,273.165519,28.234326,10.335000038146973,47.62672805786133,273.1656799316406,28.234291076660156,13.31118106842041,0.9863399267196655,0.7764149308204651
SB67421_component_581a,272.347008,25.423802,10.04800033569336,24.871286392211914,272.3472595214844,25.423725128173828,11.547629356384277,1.1054002046585083,0.8701353073120117
SB67421_component_583a,274.064351,25.247156,9.258999824523926,13.189457893371582,274.0644836425781,25.246915817260742,11.989465713500977,0.981063187122345,0.7722612619400024
SB67421_component_588a,275.651137,28.444144,10.529999732971191,46.387664794921875,275.6514892578125,28.443828582763672,15.30853271484375,0.8738311529159546,0.6878516674041748
SB67421_component_590a,269.861709,28.79208,9.440999984741211,30.259614944458008,269.8617248535156,28.792043685913086,10.482135772705078,1.1441973447799683,0.9006752371788025
SB67421_component_592a,273.585284,28.651118,9.878000259399414,46.375587463378906,273.58544921875,28.65088653564453,14.397010803222656,0.8716245293617249,0.6861146688461304
SB67421_component_593a,275.272219,26.0335,9.164999961853027,37.71604919433594,275.2723693847656,26.033206939697266,11.06489086151123,1.0522478818893433,0.8282955884933472
SB67421_component_596a,269.928573,27.038916,8.930000305175781,25.014007568359375,269.9286804199219,27.038904190063477,11.81955337524414,0.9598052501678467,0.7555277347564697
SB67421_component_597a,271.947403,27.287689,9.498000144958496,45.444976806640625,271.947509765625,27.287561416625977,8.630162239074707,1.3981248140335083,1.1005587577819824
SB67421_component_598a,272.119603,26.71201,10.38599967956543,49.4571418762207,272.1198425292969,26.711875915527344,12.41519546508789,1.0627410411834717,0.8365554809570312
SB67421_component_600a,271.178257,28.518408,10.859000205993652,58.38172149658203,271.17840576171875,28.51833152770996,15.941385269165039,0.865359365940094,0.6811829805374146
SB67421_component_602a,274.633195,29.224191,9.923999786376953,47.9420280456543,274.633544921875,29.224088668823242,13.558709144592285,0.9298247694969177,0.7319280505180359
SB67421_component_603a,271.785385,25.743399,10.239999771118164,39.999996185302734,271.78558349609375,25.743244171142578,8.860740661621094,1.4681236743927002,1.155659556388855
SB67421_component_605a,273.148355,29.443621,9.656999588012695,45.12616729736328,273.1485290527344,29.443567276000977,13.446167945861816,0.9123813509941101,0.7181971669197083
SB67421_component_606a,275.124343,30.263997,9.48799991607666,34.00716781616211,275.1244812011719,30.264205932617188,8.216787338256836,1.4669163227081299,1.1547092199325562
SB67421_component_607a,271.285712,30.503128,10.526000022888184,23.134065628051758,271.2857360839844,30.503286361694336,13.867721557617188,0.9642529487609863,0.7590287923812866
SB67421_component_609a,274.59748,27.737952,9.67199993133545,45.622642517089844,274.5976867675781,27.737733840942383,11.215651512145996,1.0955305099487305,0.8623663187026978
SB67421_component_612a,270.105294,26.661943,10.460000038146973,30.674488067626953,270.10565185546875,26.661901473999023,16.03418731689453,0.8287383913993835,0.6523560881614685
SB67421_component_615a,274.188954,26.368162,9.11299991607666,44.45365905761719,274.1891784667969,26.367952346801758,11.452325820922852,1.0108819007873535,0.7957335710525513
SB67421_component_616a,271.948866,27.148448,9.472999572753906,46.209754943847656,271.9490966796875,27.148193359375,12.654542922973633,0.9509852528572083,0.7485848665237427
SB67421_component_623a,273.404385,29.826096,8.878999710083008,35.0948600769043,273.4044494628906,29.826196670532227,11.348995208740234,0.9938923120498657,0.7823599576950073
SB67421_component_624a,273.477547,29.332287,10.305000305175781,46.00446319580078,273.4778137207031,29.33235740661621,14.477202415466309,0.9042657613754272,0.7118088006973267
SB67421_component_626a,275.790366,30.045792,9.145000457763672,37.32653045654297,275.79046630859375,30.045928955078125,8.563121795654297,1.3567016124725342,1.0679516792297363
SB67421_component_628a,274.63121,27.507526,8.897000312805176,46.33854293823242,274.63140869140625,27.507349014282227,9.757237434387207,1.1583757400512695,0.9118359684944153
SB67421_component_631a,275.73972,30.341393,9.53600025177002,26.126028060913086,275.73980712890625,30.341419219970703,14.052574157714844,0.8620710968971252,0.6785945296287537
SB67421_component_634a,276.366528,28.505969,9.906999588012695,30.021209716796875,276.36676025390625,28.50570297241211,12.416550636291504,1.0136170387268066,0.7978866100311279
SB67421_component_636a,272.289627,26.876234,9.562000274658203,45.31753921508789,272.2899169921875,26.875991821289062,12.103508949279785,1.003622055053711,0.7900188565254211
SB67421_component_637a,275.391665,28.970493,8.883000373840332,42.50239181518555,275.3919677734375,28.970233917236328,10.449350357055664,1.0799486637115479,0.8501007556915283
SB67421_component_642a,276.841512,29.71295,9.194999694824219,11.818765640258789,276.8417663574219,29.71270179748535,10.269082069396973,1.1375036239624023,0.895406186580658
SB67421_component_643a,272.268376,30.418248,9.902000427246094,23.86024284362793,272.2686462402344,30.418123245239258,15.566969871520996,0.8080747723579407,0.6360903978347778
SB67421_component_648a,274.622167,26.746576,9.0649995803833,42.16278839111328,274.6223449707031,26.746257781982422,10.234331130981445,1.1252293586730957,0.8857442140579224
SB67421_component_649a,269.967453,26.930079,8.916999816894531,23.041343688964844,269.9676818847656,26.93006134033203,11.02586555480957,1.0273981094360352,0.808734655380249
SB67421_component_650a,273.596572,28.211347,9.270000457763672,48.534034729003906,273.5968017578125,28.21114158630371,12.564711570739746,0.9372597336769104,0.7377806305885315
SB67421_component_660a,269.748836,26.145111,8.534000396728516,27.980327606201172,269.7491455078125,26.14507293701172,9.844563484191895,1.101257562637329,0.8668744564056396
SB67421_component_665a,271.653368,25.596604,8.359999656677246,26.125,271.6534729003906,25.596595764160156,6.988093376159668,1.5197784900665283,1.1963205337524414
SB67421_component_668a,275.384509,29.499004,9.288000106811523,38.8619270324707,275.3847961425781,29.49917221069336,11.423799514770508,1.0328669548034668,0.8130394816398621
SB67421_component_669a,269.588495,25.811131,8.112000465393066,19.268409729003906,269.5887145996094,25.810998916625977,8.923638343811035,1.1548317670822144,0.9090462923049927
SB67421_component_674a,272.342311,30.029434,8.939000129699707,37.401676177978516,272.34228515625,30.02947425842285,12.786580085754395,0.8881109952926636,0.6990923285484314
SB67421_component_676a,273.088098,28.944483,8.45300006866455,37.90583038330078,273.0882873535156,28.94440460205078,9.00401496887207,1.1926345825195312,0.9388034343719482
SB67421_component_677a,275.698677,29.906678,8.602999687194824,38.57847213745117,275.6989440917969,29.90668487548828,11.774927139282227,0.9281632900238037,0.7306202054023743
SB67421_component_678a,272.859572,27.673003,8.133999824523926,40.26732635498047,272.8596496582031,27.672731399536133,5.990412712097168,1.7249644994735718,1.3578362464904785
SB67421_component_679a,276.27546,29.135302,8.425999641418457,15.77902603149414,276.2756652832031,29.135005950927734,13.81745719909668,0.7746865749359131,0.6098082661628723
SB67421_component_681a,269.692613,26.239341,8.444000244140625,21.110000610351562,269.6927490234375,26.239404678344727,8.807193756103516,1.2179890871047974,0.9587616920471191
SB67421_component_685a,274.740268,25.442389,7.7170000076293945,15.87860107421875,274.7404479980469,25.44228744506836,10.424281120300293,0.9404486417770386,0.7402908802032471
SB67421_component_686a,269.994511,30.323719,8.178000450134277,15.08856201171875,269.9945373535156,30.323640823364258,8.72632884979248,1.1905517578125,0.9371638894081116
SB67421_component_691a,276.118537,26.239337,8.159000396728516,20.974294662475586,276.1186828613281,26.239233016967773,5.2481889724731445,1.974968671798706,1.5546315908432007
SB67421_component_693a,275.736496,27.962455,8.366999626159668,36.22077560424805,275.7366943359375,27.96221351623535,10.226449012756348,1.039387822151184,0.8181725144386292
SB67421_component_694a,270.403532,30.102172,8.003000259399414,28.379432678222656,270.4035339355469,30.10227394104004,9.380935668945312,1.0837756395339966,0.8531132340431213
SB67421_component_695a,274.932153,26.754731,8.012999534606934,36.58903884887695,274.9320983886719,26.754682540893555,10.203303337097168,0.9976702332496643,0.7853338718414307
SB67421_component_696a,273.439678,29.698714,8.027000427246094,33.726890563964844,273.4398498535156,29.698659896850586,9.202820777893066,1.1080645322799683,0.8722326159477234
SB67421_component_697a,272.440169,29.459829,8.46500015258789,41.29268264770508,272.44024658203125,29.459888458251953,10.70913314819336,1.0041656494140625,0.7904468178749084
SB67421_component_698a,271.718097,29.503704,8.081999778747559,38.85576629638672,271.7184143066406,29.503738403320312,10.843120574951172,0.9468850493431091,0.7453573942184448
SB67421_component_703a,273.378743,28.733341,8.762999534606934,41.14084243774414,273.37896728515625,28.733417510986328,10.763983726501465,1.0342189073562622,0.8141037225723267
SB67421_component_709a,271.152856,25.798647,8.157999992370605,34.13389205932617,271.15313720703125,25.798425674438477,10.656484603881836,0.9725287556648254,0.7655432820320129
SB67421_component_711a,269.340616,29.220129,8.307999610900879,14.601053237915039,269.3409423828125,29.220218658447266,9.507864952087402,1.1100592613220215,0.8738028407096863
SB67421_component_715a,275.236874,25.612491,8.13700008392334,25.588050842285156,275.23699951171875,25.61220932006836,11.752116203308105,0.8795913457870483,0.6923859715461731
SB67421_component_716a,269.801108,29.985587,8.335000038146973,13.16745662689209,269.8011474609375,29.986101150512695,10.414819717407227,1.0166853666305542,0.8003019094467163
SB67421_component_719a,269.910143,27.976483,7.965000152587891,26.908784866333008,269.9103088378906,27.976469039916992,10.836339950561523,0.9337613582611084,0.7350267767906189
SB67421_component_722a,270.992836,26.53931,7.688000202178955,37.32038879394531,270.9931945800781,26.53916358947754,7.765974998474121,1.2576220035552979,0.9899594187736511
SB67421_component_725a,271.22508,30.018083,7.36299991607666,31.0675106048584,271.22515869140625,30.018104553222656,9.63463306427002,0.9708504676818848,0.7642221450805664
SB67421_component_727a,269.882357,30.207253,7.5289998054504395,11.154073715209961,269.8824462890625,30.207216262817383,10.282283782958984,0.9302088022232056,0.7322303056716919
SB67421_component_728a,273.68389,28.95845,8.437999725341797,39.99052047729492,273.6839904785156,28.958433151245117,12.080103874206543,0.8873635530471802,0.6985039114952087
SB67421_component_730a,274.893256,28.338351,8.321999549865723,44.7419319152832,274.89349365234375,28.338117599487305,13.740748405456543,0.769396185874939,0.6056438088417053
SB67421_component_732a,276.618901,26.794748,7.8480000495910645,14.614524841308594,276.6188049316406,26.794336318969727,12.852009773254395,0.7757479548454285,0.6106438040733337
SB67421_component_738a,270.196795,28.107154,7.166999816894531,27.996091842651367,270.19708251953125,28.10707664489746,9.992658615112305,0.9111482501029968,0.717226505279541
SB67421_component_742a,275.667136,28.530712,7.107999801635742,32.45661926269531,275.66741943359375,28.53030014038086,9.751582145690918,0.9259873032569885,0.7289073467254639
SB67421_component_746a,273.018849,29.630959,8.380999565124512,38.80092239379883,273.01910400390625,29.631010055541992,10.631919860839844,1.001421332359314,0.788286566734314
SB67421_component_753a,273.046194,29.934348,7.668000221252441,37.58823776245117,273.04632568359375,29.934404373168945,11.794339179992676,0.8259261250495911,0.6501424312591553
SB67421_component_755a,270.187711,25.90401,7.883999824523926,39.029701232910156,270.1880187988281,25.903879165649414,10.322563171386719,0.970268189907074,0.7637637853622437
SB67421_component_756a,275.035914,29.633941,7.5929999351501465,35.985782623291016,275.03607177734375,29.63433074951172,8.644240379333496,1.11588454246521,0.8783883452415466
SB67421_component_757a,275.977939,29.212105,7.501999855041504,24.677631378173828,275.9781494140625,29.21196746826172,9.16025161743164,1.0404049158096313,0.8189731240272522
SB67421_component_759a,275.400808,29.990173,7.377999782562256,27.2250919342041,275.40093994140625,29.990249633789062,10.490460395812988,0.8934635519981384,0.7033056020736694
SB67421_component_763a,274.979909,30.672385,7.942999839782715,13.349578857421875,274.9801330566406,30.672334671020508,10.660018920898438,0.9465842843055725,0.7451205849647522
SB67421_component_765a,276.523799,29.573083,7.5879998207092285,16.388769149780273,276.5238952636719,29.573078155517578,7.219551086425781,1.3352108001708984,1.0510348081588745
SB67421_component_766a,272.831007,29.172344,7.059000015258789,31.09691619873047,272.83123779296875,29.172119140625,4.327911376953125,2.0720372200012207,1.6310408115386963
SB67421_component_768a,273.768371,28.396129,7.5970001220703125,35.83490753173828,273.76849365234375,28.39606475830078,11.037972450256348,0.8743504285812378,0.6882604956626892
SB67421_component_769a,270.428085,30.538517,7.98199987411499,16.39014434814453,270.4282531738281,30.538434982299805,10.384830474853516,0.9764387607574463,0.7686210870742798
SB67421_component_771a,272.203989,26.192685,6.734000205993652,36.20429992675781,272.2041931152344,26.192520141601562,7.2335920333862305,1.1826379299163818,0.930934488773346
SB67421_component_776a,275.739275,26.897658,7.849999904632568,32.04081344604492,275.7393798828125,26.89746856689453,10.35469913482666,0.9630856513977051,0.7581099271774292
SB67421_component_779a,274.542335,30.517718,7.052999973297119,15.778523445129395,274.5426330566406,30.517648696899414,9.632577896118164,0.9301736950874329,0.7322027683258057
SB67421_component_782a,272.894361,25.308728,7.3460001945495605,13.212230682373047,272.89459228515625,25.30913734436035,12.740482330322266,0.7324833869934082,0.5765873193740845
SB67421_component_783a,269.757379,29.007822,6.932000160217285,27.291337966918945,269.7572937011719,29.007890701293945,9.454221725463867,0.9314627647399902,0.7332174181938171
SB67421_component_787a,274.946802,29.850809,6.979000091552734,34.549503326416016,274.9469909667969,29.851036071777344,7.473625183105469,1.1863001585006714,0.9338172674179077
SB67421_component_790a,270.671591,28.455876,6.88700008392334,37.02688217163086,270.6717224121094,28.455686569213867,8.945868492126465,0.978003203868866,0.7698525786399841
SB67421_component_791a,275.047193,28.42399,6.833000183105469,34.862247467041016,275.04754638671875,28.42374610900879,5.8774919509887695,1.4769034385681152,1.1625707149505615
SB67421_component_794a,270.00836,28.179405,6.974999904632568,20.88323402404785,270.0086975097656,28.179292678833008,9.538898468017578,0.9289208054542542,0.7312164902687073
SB67421_component_797a,276.469595,29.707116,6.618000030517578,17.415790557861328,276.4699401855469,29.707212448120117,7.409829616546631,1.1346220970153809,0.8931379318237305
SB67421_component_798a,272.133746,30.400621,6.742000102996826,19.713449478149414,272.1339111328125,30.4008731842041,8.858939170837402,0.9668068885803223,0.7610391974449158
SB67421_component_799a,273.978049,25.300224,7.035999774932861,11.045525550842285,273.97802734375,25.300411224365234,4.007960319519043,2.2301554679870605,1.7555063962936401
SB67421_component_800a,270.726894,30.366945,7.510000228881836,20.631868362426758,270.72698974609375,30.36717414855957,9.96591854095459,0.9573160409927368,0.7535682916641235
SB67421_component_801a,272.694112,30.268561,6.78000020980835,29.478261947631836,272.6943054199219,30.268619537353516,3.4070515632629395,2.528038740158081,1.989990472793579
SB67421_component_802a,269.867377,27.651479,7.072999954223633,28.98770523071289,269.8677062988281,27.65166664123535,9.57816219329834,0.938110888004303,0.7384506464004517
SB67421_component_804a,269.595574,25.897031,6.630000114440918,16.784809112548828,269.5958251953125,25.8972110748291,8.496598243713379,0.9912909865379333,0.7803122997283936
SB67421_component_805a,275.804028,28.846053,6.696000099182129,24.2608699798584,275.8043212890625,28.845739364624023,7.9562907218933105,1.0691472291946411,0.8415982127189636
SB67421_component_808a,275.259594,27.835648,6.578000068664551,29.630630493164062,275.2596740722656,27.835330963134766,7.413565158843994,1.127196192741394,0.8872923851013184
SB67421_component_809a,270.651046,29.066615,6.685999870300293,30.39090919494629,270.651123046875,29.066484451293945,8.394888877868652,1.0117753744125366,0.7964369654655457
SB67421_component_811a,274.751048,25.653127,6.5970001220703125,20.810726165771484,274.7511901855469,25.65276336669922,9.613266944885254,0.8717826008796692,0.6862391233444214
SB67421_component_822a,274.630254,29.139266,6.840000152587891,35.625,274.6305236816406,29.139137268066406,9.440457344055176,0.920440673828125,0.724541187286377
SB67421_component_823a,271.299317,30.164912,6.508999824523926,24.018449783325195,271.2994384765625,30.16492462158203,7.418182849884033,1.1146780252456665,0.8774386048316956
SB67421_component_824a,272.413711,26.729812,6.421000003814697,33.617801666259766,272.4139404296875,26.729761123657227,9.62618637084961,0.8473857045173645,0.6670346856117249
SB67421_component_825a,270.161413,28.846293,6.296999931335449,24.406978607177734,270.1612854003906,28.846328735351562,8.225025177001953,0.9725885987281799,0.7655903697013855
SB67421_component_826a,275.001787,29.606671,6.044000148773193,29.920791625976562,275.001953125,29.606626510620117,7.055776596069336,1.0882091522216797,0.8566030859947205
SB67421_component_828a,273.366425,26.172791,6.328999996185303,28.7681827545166,273.36669921875,26.172422409057617,5.164801597595215,1.5567331314086914,1.2254101037979126
SB67421_component_829a,269.93481,27.940096,6.638000011444092,21.835527420043945,269.93505859375,27.93994903564453,7.484477996826172,1.1267004013061523,0.8869022130966187
SB67421_component_831a,270.822692,26.365853,6.361999988555908,24.851560592651367,270.8228759765625,26.365819931030273,5.556535720825195,1.454528570175171,1.1449580192565918
SB67421_component_845a,271.489865,30.048215,6.433000087738037,28.71875,271.4899597167969,30.04831886291504,10.458444595336914,0.7814103960990906,0.6151010394096375
SB67421_component_848a,271.437928,26.158926,6.265999794006348,25.892560958862305,271.4382019042969,26.15882682800293,8.714506149291992,0.9134406447410583,0.7190309762954712
SB67421_component_849a,273.42534,26.751463,7.002999782562256,37.85405349731445,273.425537109375,26.751455307006836,8.429181098937988,1.0554348230361938,0.8308042883872986
SB67421_component_854a,271.041338,26.639702,6.364999771118164,29.604650497436523,271.04156494140625,26.639419555664062,7.61284065246582,1.0621464252471924,0.8360873460769653
SB67421_component_858a,276.437642,30.052492,6.965000152587891,20.729167938232422,276.4378356933594,30.05241584777832,6.070455074310303,1.4575806856155396,1.1473604440689087
SB67421_component_866a,274.24946,28.703902,6.36899995803833,30.04245376586914,274.249755859375,28.703779220581055,9.343361854553223,0.8659659028053284,0.6816604137420654
SB67421_component_868a,275.537073,29.294015,6.515999794006348,26.16867446899414,275.5374755859375,29.293766021728516,8.555120468139648,0.9675816893577576,0.7616490721702576
SB67421_component_871a,273.66844,25.775678,6.421999931335449,26.758333206176758,273.66864013671875,25.77544403076172,8.21018123626709,0.9936885237693787,0.7821995615959167
SB67421_component_876a,271.796361,26.778262,6.440000057220459,32.69035720825195,271.7965393066406,26.77803611755371,7.94054651260376,1.0303106307983398,0.8110272884368896
SB67421_component_878a,270.556208,28.448292,6.442999839782715,33.73298263549805,270.556396484375,28.44817352294922,7.885619163513184,1.0379705429077148,0.8170569539070129
SB67421_component_881a,276.398489,29.761963,6.171000003814697,19.590476989746094,276.3987731933594,29.761829376220703,6.787012100219727,1.1550735235214233,0.9092366099357605
SB67421_component_882a,272.608929,29.362708,6.696000099182129,29.497798919677734,272.6090393066406,29.362518310546875,9.389419555664062,0.9059608578681946,0.7131431102752686
SB67421_component_884a,275.137585,26.600843,6.119999885559082,25.394189834594727,275.1376037597656,26.60074234008789,7.287970542907715,1.066786527633667,0.8397399187088013
SB67421_component_886a,275.448151,26.201676,5.960000038146973,24.937238693237305,275.44842529296875,26.201364517211914,7.237396240234375,1.046156406402588,0.8235005736351013
SB67421_component_897a,276.457017,30.43049,6.455999851226807,12.415385246276855,276.4571838378906,30.430204391479492,7.978080749511719,1.0280110836029053,0.8092171549797058
SB67421_component_907a,270.699361,27.28754,6.36899995803833,29.21559715270996,270.69970703125,27.287227630615234,7.9859466552734375,1.013158917427063,0.7975260019302368
SB67421_component_912a,275.179812,30.553526,6.730999946594238,14.200421333312988,275.1804504394531,30.553512573242188,9.6078519821167,0.8899917602539062,0.7005728483200073
SB67421_component_913a,274.352139,26.218818,5.729000091552734,28.502487182617188,274.352294921875,26.218708038330078,5.399194240570068,1.3479772806167603,1.061084270477295
SB67421_component_914a,271.328055,27.972054,5.617000102996826,26.74761962890625,271.3282470703125,27.971942901611328,8.191156387329102,0.8711479902267456,0.6857395768165588
SB67421_component_916a,272.002128,27.784625,5.625999927520752,27.048076629638672,272.0023193359375,27.78464126586914,5.8949809074401855,1.2124114036560059,0.9543712139129639
SB67421_component_917a,270.256952,28.244962,5.748000144958496,20.676259994506836,270.257080078125,28.244670867919922,4.23556661605835,1.7240028381347656,1.3570793867111206
SB67421_component_919a,272.551593,25.391929,5.663000106811523,12.178494453430176,272.55169677734375,25.391407012939453,3.958739757537842,1.8172820806503296,1.4305057525634766
SB67421_component_921a,270.168404,27.695185,5.965000152587891,25.934782028198242,270.16839599609375,27.695241928100586,8.813270568847656,0.8598170876502991,0.6768202781677246
SB67421_component_922a,274.089099,30.454225,6.007999897003174,15.769027709960938,274.08892822265625,30.45448112487793,5.970926761627197,1.2782649993896484,1.006208896636963
SB67421_component_924a,272.157918,25.698985,5.708000183105469,24.60344886779785,272.1582336425781,25.698747634887695,6.291921138763428,1.1524800062179565,0.9071951508522034
SB67421_component_926a,274.319125,26.193199,6.310999870300293,30.341344833374023,274.31927490234375,26.192996978759766,7.377610683441162,1.0867137908935547,0.8554259538650513
SB67421_component_929a,274.127836,30.38495,5.834000110626221,16.764368057250977,274.12799072265625,30.385162353515625,8.926692008972168,0.8302494287490845,0.6535455584526062
SB67421_component_934a,276.037645,29.576069,6.104000091552734,21.95683479309082,276.0378723144531,29.57600975036621,5.85209321975708,1.3250614404678345,1.0430456399917603
SB67421_component_935a,269.970045,27.593448,6.077000141143799,26.537118911743164,269.9701843261719,27.593257904052734,7.62352991104126,1.0126651525497437,0.7971373200416565
SB67421_component_944a,273.592578,29.356474,5.310999870300293,25.533653259277344,273.5927734375,29.356050491333008,4.249992847442627,1.5875258445739746,1.249649167060852
SB67421_component_945a,275.666408,26.475105,5.715000152587891,23.044355392456055,275.66644287109375,26.474857330322266,6.003776550292969,1.2092732191085815,0.9519008994102478
SB67421_component_950a,273.945966,28.550014,5.869999885559082,28.357486724853516,273.94622802734375,28.5496768951416,6.9642791748046875,1.0707662105560303,0.8428725600242615
SB67421_component_951a,273.871288,27.666156,5.434000015258789,27.03482437133789,273.8715515136719,27.66567039489746,6.457540512084961,1.0690184831619263,0.8414968252182007
SB67421_component_952a,276.052917,27.325072,5.36299991607666,15.149717330932617,276.05303955078125,27.32512092590332,6.155675411224365,1.1067888736724854,0.8712285161018372
SB67421_component_955a,273.084663,27.283425,5.4029998779296875,24.671232223510742,273.084716796875,27.283477783203125,7.852688312530518,0.874076247215271,0.6880446076393127
SB67421_component_957a,271.42205,26.933958,4.942999839782715,22.265764236450195,271.4224548339844,26.93366050720215,5.625542640686035,1.1162433624267578,0.8786707520484924
SB67421_component_960a,269.772125,26.019656,6.059000015258789,22.032726287841797,269.7724304199219,26.019624710083008,7.990102291107178,0.9633438587188721,0.7583131790161133
SB67421_component_962a,276.376247,29.420913,5.8480000495910645,14.091567039489746,276.3763732910156,29.420663833618164,6.879485130310059,1.0799015760421753,0.8500636219978333
SB67421_component_967a,270.932335,29.904548,5.791999816894531,26.20814323425293,270.9322814941406,29.904512405395508,8.716257095336914,0.8441725373268127,0.6645053625106812
SB67421_component_968a,271.975222,28.972152,6.2220001220703125,29.349058151245117,271.9752502441406,28.972232818603516,8.241167068481445,0.959122359752655,0.7549901604652405
SB67421_component_970a,270.479438,29.494589,5.409999847412109,22.827003479003906,270.4793701171875,29.494592666625977,7.11700439453125,0.965678870677948,0.7601512670516968
SB67421_component_973a,270.283975,27.192576,5.275000095367432,22.737070083618164,270.2840576171875,27.192399978637695,8.823308944702148,0.7594928741455078,0.5978482961654663
SB67421_component_975a,271.14286,25.399855,5.810999870300293,14.419354438781738,271.1431579589844,25.399677276611328,7.355531215667725,1.0036205053329468,0.7900177240371704
SB67421_component_977a,275.108491,29.249517,5.468999862670898,25.43720817565918,275.1087341308594,29.249433517456055,7.08767557144165,0.9802499413490295,0.77162104845047
SB67421_component_979a,269.610286,27.299629,5.861000061035156,15.028205871582031,269.6105651855469,27.299257278442383,7.541125774383545,0.987343430519104,0.7772049307823181
SB67421_component_980a,270.974884,28.452345,4.908999919891357,24.6683406829834,270.9748840332031,28.452293395996094,4.192790985107422,1.4873820543289185,1.1708191633224487
SB67421_component_981a,271.689817,27.230722,5.284999847412109,24.46759033203125,271.68988037109375,27.23060417175293,7.1779561042785645,0.9353559613227844,0.7362819910049438
SB67421_component_982a,273.47122,25.51433,5.166999816894531,15.020347595214844,273.4714050292969,25.514381408691406,7.54815149307251,0.8696220517158508,0.6845384240150452
SB67421_component_989a,272.782446,25.617651,5.01200008392334,15.961783409118652,272.78265380859375,25.617563247680664,6.202024459838867,1.0266214609146118,0.8081232309341431
SB67421_component_996a,272.449376,30.519789,5.0229997634887695,11.415908813476562,272.44940185546875,30.51953887939453,8.106770515441895,0.7871327996253967,0.619605541229248
SB67421_component_997a,275.086651,29.495517,5.623000144958496,25.675800323486328,275.0869445800781,29.495512008666992,7.581245422363281,0.9422371983528137,0.7416987419128418
SB67421_component_998a,271.708431,27.200191,5.901000022888184,27.704225540161133,271.70867919921875,27.199993133544922,6.460953235626221,1.1602771282196045,0.9133327007293701
SB67421_component_1004a,274.746732,27.577392,5.420000076293945,27.65306282043457,274.7470397949219,27.576976776123047,5.465553283691406,1.259789228439331,0.9916654229164124
SB67421_component_1006a,273.986835,26.593245,5.254000186920166,27.652633666992188,273.9869689941406,26.593170166015625,8.215409278869629,0.812444269657135,0.6395299434661865
SB67421_component_1010a,270.294345,26.229856,5.460999965667725,22.473251342773438,270.29449462890625,26.229843139648438,4.842715740203857,1.432570219039917,1.1276730298995972
SB67421_component_1014a,275.132526,26.937802,4.431000232696533,17.444881439208984,275.1323547363281,26.93802833557129,2.8871898651123047,1.949661135673523,1.53471040725708
SB67421_component_1017a,271.311774,25.618188,5.146999835968018,18.448026657104492,271.31182861328125,25.6180362701416,6.809270858764648,0.9602543115615845,0.7558811902999878
SB67421_component_1018a,273.593046,26.620497,5.249000072479248,24.9952392578125,273.5931396484375,26.62029457092285,6.935640335083008,0.9614412188529968,0.756815493106842
SB67421_component_1019a,271.610403,27.183928,4.736000061035156,21.237667083740234,271.6105651855469,27.184017181396484,6.273896217346191,0.9589745402336121,0.7548738121986389
SB67421_component_1023a,273.621613,29.654496,5.392000198364258,24.962963104248047,273.6216735839844,29.654682159423828,8.27881908416748,0.8273975849151611,0.6513006687164307
SB67421_component_1025a,275.393465,29.9232,4.6570000648498535,18.778226852416992,275.39373779296875,29.923093795776367,6.00690221786499,0.9848914742469788,0.7752748131752014
SB67421_component_1026a,274.450753,29.456275,5.381999969482422,27.459184646606445,274.4510803222656,29.456085205078125,6.588656902313232,1.037718415260315,0.8168584108352661
SB67421_component_1028a,273.978847,26.268819,5.019999980926514,24.72906494140625,273.9790954589844,26.268606185913086,6.092081069946289,1.0468169450759888,0.8240205645561218
SB67421_component_1029a,273.702714,28.703375,4.900000095367432,23.004695892333984,273.703125,28.703601837158203,6.012736797332764,1.0352771282196045,0.8149367570877075
SB67421_component_1031a,275.927822,30.314145,4.85699987411499,16.748275756835938,275.92803955078125,30.313953399658203,5.875425338745117,1.050174593925476,0.8266635537147522
SB67421_component_1032a,270.80466,28.462608,4.785999774932861,22.26046371459961,270.80487060546875,28.462657928466797,5.708383083343506,1.065104603767395,0.8384160399436951
SB67421_component_1037a,273.99115,25.572748,4.843999862670898,14.858895301818848,273.9914855957031,25.57240867614746,5.781139373779297,1.0644453763961792,0.8378970623016357
SB67421_component_1038a,273.529051,29.270613,5.138999938964844,22.94196319580078,273.5291748046875,29.270538330078125,7.1329145431518555,0.9152596592903137,0.7204628586769104
SB67421_component_1039a,273.107865,28.109211,4.750999927520752,22.2009334564209,273.1082458496094,28.108814239501953,4.9572038650512695,1.2175335884094238,0.9584031701087952
SB67421_component_1041a,270.414663,28.873045,4.986000061035156,21.037975311279297,270.41473388671875,28.87285614013672,5.49040412902832,1.1536675691604614,0.908129870891571
SB67421_component_1043a,273.365681,28.526109,4.631999969482422,21.054546356201172,273.3657531738281,28.52597999572754,3.9513580799102783,1.489206314086914,1.1722551584243774
SB67421_component_1045a,273.428978,29.411922,4.828000068664551,20.810346603393555,273.4289245605469,29.411954879760742,6.158031940460205,0.9959970712661743,0.7840167284011841
SB67421_component_1046a,272.413681,25.638345,5.232999801635742,19.973281860351562,272.41400146484375,25.638416290283203,6.851702690124512,0.9702528715133667,0.763751745223999
SB67421_component_1052a,269.602107,29.008813,4.952000141143799,14.148571968078613,269.6023254394531,29.008485794067383,5.343807220458984,1.1772334575653076,0.9266801476478577
SB67421_component_1056a,272.753446,28.29497,4.935999870300293,24.557212829589844,272.753662109375,28.294891357421875,6.63926362991333,0.9444695115089417,0.7434559464454651
SB67421_component_1059a,275.428448,30.255828,4.306000232696533,12.095505714416504,275.42852783203125,30.255565643310547,5.366553783416748,1.0193216800689697,0.8023771643638611
SB67421_component_1062a,276.03274,29.522369,5.0329999923706055,18.10431671142578,276.03289794921875,29.522470474243164,7.679018020629883,0.8326336145401001,0.6554223299026489
SB67421_component_1063a,270.441365,28.424487,5.271999835968018,23.32743263244629,270.4414367675781,28.424684524536133,6.878911972045898,0.9736174941062927,0.7664002180099487
SB67421_component_1064a,270.953485,25.864528,4.296999931335449,18.05462074279785,270.953857421875,25.86431312561035,5.52319860458374,0.98834228515625,0.7779911756515503
SB67421_component_1065a,275.290558,28.271906,4.4720001220703125,18.94915199279785,275.2907409667969,28.271785736083984,4.731441974639893,1.2007179260253906,0.9451664090156555
SB67421_component_1067a,271.133691,27.613364,4.829999923706055,23.910890579223633,271.1338806152344,27.61302947998047,6.7233195304870605,0.9126328229904175,0.7183951139450073
SB67421_component_1070a,272.849616,27.899487,4.835000038146973,20.062240600585938,272.849609375,27.899518966674805,3.4386091232299805,1.7862670421600342,1.4060918092727661
SB67421_component_1075a,275.95098,26.984592,4.940000057220459,20.0,275.9509582519531,26.984394073486328,5.75491189956665,1.090488314628601,0.8583971858024597
SB67421_component_1076a,276.062994,29.437338,5.051000118255615,18.169065475463867,276.06304931640625,29.437280654907227,6.196991920471191,1.0354499816894531,0.8150728940963745
SB67421_component_1079a,270.737715,29.310707,4.302999973297119,17.007905960083008,270.7377624511719,29.310848236083984,5.479955673217773,0.9975323677062988,0.7852253317832947
SB67421_component_1080a,273.727368,26.520809,4.505000114440918,21.25,273.7273864746094,26.520671844482422,5.63969612121582,1.014779806137085,0.7988018989562988
SB67421_component_1081a,274.787542,30.114651,4.425000190734863,19.323144912719727,274.78759765625,30.114973068237305,3.2485034465789795,1.7304644584655762,1.3621658086776733
SB67421_component_1085a,270.886553,26.506095,5.043000221252441,22.716217041015625,270.8868103027344,26.50586700439453,5.742372512817383,1.1156561374664307,0.8782084584236145
SB67421_component_1091a,270.249906,25.893793,4.419000148773193,20.178083419799805,270.2500305175781,25.89366912841797,6.8665032386779785,0.8175627589225769,0.6435590386390686
SB67421_component_1097a,270.111419,26.762187,4.296000003814697,11.966573715209961,270.11181640625,26.762001037597656,4.163427829742432,1.310828685760498,1.0318421125411987
SB67421_component_1100a,274.208988,28.108458,4.415999889373779,23.741933822631836,274.20916748046875,28.10841178894043,6.515135288238525,0.8610697388648987,0.6778063178062439
SB67421_component_1102a,273.215018,26.314736,4.211999893188477,19.590696334838867,273.2149658203125,26.31453514099121,3.7590267658233643,1.4234611988067627,1.1205027103424072
SB67421_component_1105a,274.803781,29.414657,4.769000053405762,24.20812225341797,274.8040771484375,29.414520263671875,4.923044204711914,1.2306265830993652,0.9687095880508423
SB67421_component_1107a,271.378254,30.04117,4.375999927520752,20.073394775390625,271.37835693359375,30.041488647460938,7.2528815269470215,0.7664775848388672,0.6033464074134827
SB67421_component_1108a,275.670096,29.777765,4.019999980926514,16.680498123168945,275.67022705078125,29.778026580810547,5.803674221038818,0.8799453973770142,0.692664623260498
SB67421_component_1109a,270.769308,26.801988,4.125999927520752,20.029125213623047,270.76953125,26.80248260498047,6.016928195953369,0.8711382746696472,0.6857319474220276
SB67421_component_1110a,271.141199,30.254991,4.230999946594238,14.009934425354004,271.14129638671875,30.25472068786621,5.933361053466797,0.9058889746665955,0.7130865454673767
SB67421_component_1112a,270.225394,27.323718,5.0960001945495605,22.852018356323242,270.2256774902344,27.323596954345703,6.21035099029541,1.042427897453308,0.8205655813217163
SB67421_component_1114a,272.808654,28.577858,3.9619998931884766,18.009090423583984,272.8088684082031,28.577749252319336,6.37633752822876,0.7893614172935486,0.6213598251342773
SB67421_component_1117a,274.5689,29.436905,4.050000190734863,19.660194396972656,274.5693054199219,29.436561584472656,3.442979097366333,1.4943536520004272,1.176306962966919
SB67421_component_1123a,274.983666,29.484633,4.568999767303467,21.966344833374023,274.9838562011719,29.4846248626709,4.651259899139404,1.2479100227355957,0.9823144674301147
SB67421_component_1125a,271.118287,26.778938,4.251999855041504,19.327272415161133,271.1186828613281,26.778791427612305,5.765320301055908,0.9369199872016907,0.7375131845474243
SB67421_component_1126a,274.227245,27.214909,4.489999771118164,21.902437210083008,274.22747802734375,27.21483039855957,2.4515655040740967,2.326673984527588,1.8314826488494873
SB67421_component_1127a,276.013392,28.327005,4.63100004196167,20.860361099243164,276.0137939453125,28.326984405517578,5.456541538238525,1.0781769752502441,0.848706066608429
SB67421_component_1129a,270.67105,28.220442,4.499000072479248,21.526315689086914,270.67120361328125,28.22017478942871,6.257725238800049,0.9133394360542297,0.7189513444900513
SB67421_component_1132a,271.602943,25.786447,4.192999839782715,16.315174102783203,271.6031799316406,25.786487579345703,3.7817368507385254,1.4085304737091064,1.1087497472763062
SB67421_component_1133a,270.593669,27.422841,4.234000205993652,19.601852416992188,270.5939025878906,27.422569274902344,5.994794845581055,0.8972412943840027,0.7062793970108032
SB67421_component_1134a,275.43031,28.761811,3.619999885559082,16.454545974731445,275.43048095703125,28.761709213256836,4.701409339904785,0.9781674146652222,0.769981861114502
SB67421_component_1136a,271.926372,27.909567,4.4039998054504395,21.275362014770508,271.9265441894531,27.909486770629883,4.874794960021973,1.147687554359436,0.9034225940704346
SB67421_component_1145a,276.167394,29.613053,4.228000164031982,15.154121398925781,276.1676330566406,29.613107681274414,5.38045597076416,0.9982713460922241,0.7858070135116577
SB67421_component_1146a,275.597502,28.337291,4.139999866485596,19.620853424072266,275.5977478027344,28.337142944335938,5.268131256103516,0.9983353614807129,0.7858573794364929
SB67421_component_1148a,275.996581,26.428785,4.275000095367432,14.108911514282227,275.99664306640625,26.428630828857422,4.76258659362793,1.1403179168701172,0.8976215124130249
SB67421_component_1150a,272.454722,26.798164,4.375,19.977169036865234,272.4549560546875,26.79804801940918,6.797209739685059,0.8176738619804382,0.6436464786529541
SB67421_component_1152a,275.728052,29.93812,4.228000164031982,18.875,275.728271484375,29.93825912475586,6.11604642868042,0.8782070875167847,0.6912962794303894
SB67421_component_1157a,276.260538,29.640913,3.9149999618530273,12.548076629638672,276.2607421875,29.640850067138672,5.667785167694092,0.8775079846382141,0.690746009349823
SB67421_component_1160a,270.24891,28.803291,4.355000019073486,17.35059928894043,270.2490234375,28.8033390045166,4.461073875427246,1.2401707172393799,0.9762223362922668
SB67421_component_1165a,272.887409,27.477837,4.5320000648498535,23.12244987487793,272.8875732421875,27.477706909179688,5.4298176765441895,1.0603210926055908,0.8346505165100098
SB67421_component_1168a,270.037021,25.428655,4.7230000495910645,10.68552017211914,270.0372619628906,25.42848014831543,4.85398530960083,1.2360960245132446,0.9730148911476135
SB67421_component_1172a,274.33836,27.070141,4.017000198364258,19.405797958374023,274.33843994140625,27.06980323791504,4.620910167694092,1.1043508052825928,0.8693093061447144
SB67421_component_1173a,274.107793,26.875415,4.255000114440918,22.27748680114746,274.1076965332031,26.875713348388672,4.471003532409668,1.2090027332305908,0.9516879320144653
SB67421_component_1180a,271.586774,25.599419,4.005000114440918,13.622448921203613,271.5867614746094,25.599510192871094,4.428709506988525,1.1488360166549683,0.9043266773223877
SB67421_component_1182a,270.610704,29.468986,3.813999891281128,16.510822296142578,270.6106262207031,29.46895980834961,5.932672500610352,0.8167008757591248,0.6428805589675903
SB67421_component_1187a,274.847695,29.509124,4.081999778747559,20.108373641967773,274.847900390625,29.50946044921875,6.592079162597656,0.7866531014442444,0.619227945804596
SB67421_component_1189a,275.503007,25.803462,3.749000072479248,13.437275886535645,275.50323486328125,25.80341148376465,4.404675006866455,1.0812703371047974,0.8511411547660828
SB67421_component_1196a,273.812926,26.201273,4.230000019073486,20.735294342041016,273.8131103515625,26.2011661529541,5.405709266662598,0.9940778613090515,0.782505989074707
SB67421_component_1207a,272.517414,29.789777,4.4079999923706055,20.890995025634766,272.5174560546875,29.789901733398438,6.309780120849609,0.8874830007553101,0.6985980272293091
SB67421_component_1211a,270.450376,26.239248,3.878999948501587,16.29831886291504,270.45062255859375,26.239112854003906,5.456206798553467,0.9031537175178528,0.7109334468841553
SB67421_component_1215a,269.795028,29.432801,3.8389999866485596,12.925926208496094,269.7947998046875,29.433008193969727,4.980892658233643,0.9791374206542969,0.7707453966140747
SB67421_component_1220a,271.026593,28.206654,3.7920000553131104,18.497560501098633,271.0266418457031,28.206527709960938,4.524459362030029,1.064717411994934,0.8381112217903137
SB67421_component_1223a,274.029701,29.544802,4.056000232696533,18.520549774169922,274.0297546386719,29.54511833190918,4.404636383056641,1.169824242591858,0.9208478927612305
SB67421_component_1225a,270.936807,26.120332,4.078999996185303,18.457014083862305,270.93701171875,26.120038986206055,6.152101993560791,0.8422924280166626,0.663025438785553
SB67421_component_1226a,274.626079,29.546663,3.375999927520752,16.153108596801758,274.6261901855469,29.546611785888672,4.763545036315918,0.9003365635871887,0.7087158560752869
SB67421_component_1234a,271.035495,28.743977,3.678999900817871,17.6875,271.03564453125,28.74365997314453,4.443687915802002,1.0517655611038208,0.8279159069061279
SB67421_component_1244a,274.088926,26.232382,3.7309999465942383,17.9375,274.08917236328125,26.232133865356445,4.593132972717285,1.0319269895553589,0.8122995495796204
SB67421_component_1256a,273.733945,30.02969,3.552999973297119,17.24757194519043,273.73382568359375,30.0297794342041,3.8743736743927,1.1650012731552124,0.9170514345169067
SB67421_component_1257a,270.187084,27.439611,3.447999954223633,16.81951141357422,270.1875,27.43914222717285,4.4657416343688965,0.980858564376831,0.7721002101898193
SB67421_component_1258a,274.301254,30.340315,3.6480000019073486,11.507885932922363,274.3013610839844,30.34033966064453,5.454829216003418,0.8495841026306152,0.6687651872634888
SB67421_component_1260a,270.173458,27.103189,3.6519999504089355,13.426469802856445,270.17352294921875,27.10332489013672,4.664695739746094,0.9945810437202454,0.7829020619392395
SB67421_component_1263a,273.099455,29.88067,3.6679999828338623,18.432161331176758,273.0996398925781,29.88025665283203,2.2193284034729004,2.099618911743164,1.6527522802352905
SB67421_component_1265a,274.159915,29.963388,3.755000114440918,17.22477149963379,274.15972900390625,29.963823318481445,1.970710277557373,2.4205825328826904,1.9054044485092163
SB67421_component_1269a,270.81955,26.22376,3.440000057220459,14.453781127929688,270.81988525390625,26.223896026611328,3.4400792121887207,1.270348072052002,0.9999769926071167
SB67421_component_1273a,270.258584,26.317423,3.484999895095825,14.766948699951172,270.2588195800781,26.316946029663086,5.76173734664917,0.7683905363082886,0.6048522591590881
SB67421_component_1275a,269.9609,26.375543,3.6059999465942383,11.55769157409668,269.96087646484375,26.375226974487305,4.073349952697754,1.1246223449707031,0.8852664232254028
SB67421_component_1278a,273.302156,28.677449,3.302999973297119,17.854053497314453,273.30224609375,28.677480697631836,4.550522327423096,0.9221042990684509,0.7258507609367371
SB67421_component_1280a,276.158163,30.109156,3.565000057220459,13.87159538269043,276.15850830078125,30.108766555786133,4.120617866516113,1.0990815162658691,0.8651615381240845
SB67421_component_1285a,272.428724,26.496377,3.941999912261963,19.809043884277344,272.42913818359375,26.49620246887207,5.083425045013428,0.9851285219192505,0.7754613757133484
SB67421_component_1289a,272.6131,30.247443,3.822000026702881,15.288000106811523,272.61328125,30.247528076171875,3.802161455154419,1.2770057916641235,1.0052176713943481
SB67421_component_1290a,272.007609,30.068936,3.259000062942505,13.751054763793945,272.00762939453125,30.069013595581055,4.549354076385498,0.9100543856620789,0.7163654565811157
SB67421_component_1291a,270.556213,30.307327,3.5510001182556152,11.166666984558105,270.556396484375,30.307357788085938,4.564112663269043,0.9883870482444763,0.7780264019966125
SB67421_component_1292a,273.44372,28.943178,3.132999897003174,14.437788009643555,273.44390869140625,28.943090438842773,4.63980770111084,0.8578140139579773,0.6752434968948364
SB67421_component_1300a,270.669821,27.378919,3.9709999561309814,17.887386322021484,270.67022705078125,27.3790340423584,4.5133442878723145,1.1177228689193726,0.8798353672027588
SB67421_component_1301a,271.546472,30.435316,3.743000030517578,11.733542442321777,271.5464782714844,30.435306549072266,4.696784019470215,1.0123995542526245,0.7969282865524292
SB67421_component_1307a,271.636131,26.57796,3.8410000801086426,17.380090713500977,271.63641357421875,26.577756881713867,5.351995944976807,0.911719560623169,0.7176762223243713
SB67421_component_1310a,274.029924,27.534511,3.5859999656677246,17.076190948486328,274.0302734375,27.533870697021484,3.8065896034240723,1.1967597007751465,0.942050576210022
SB67421_component_1312a,271.601297,26.458689,3.3369998931884766,14.897320747375488,271.6015319824219,26.45878028869629,4.95012092590332,0.8563929796218872,0.6741248965263367
SB67421_component_1315a,271.663369,28.752661,3.572000026702881,17.949748992919922,271.6633605957031,28.75267791748047,4.200178146362305,1.080379843711853,0.8504401445388794
SB67421_component_1327a,271.586997,29.052266,3.736999988555908,18.873737335205078,271.5871887207031,29.052377700805664,5.578680992126465,0.8509896993637085,0.6698716282844543
SB67421_component_1332a,272.638522,30.380686,3.756999969482422,11.5600004196167,272.6387634277344,30.38030433654785,5.285926818847656,0.9029272198677063,0.7107552289962769
SB67421_component_1333a,272.439274,25.747602,3.453000068664551,13.92338752746582,272.43939208984375,25.74744415283203,5.032543182373047,0.8716493248939514,0.6861342191696167
SB67421_component_1343a,271.765081,28.283823,3.5329999923706055,16.823810577392578,271.76519775390625,28.283843994140625,5.421751976013184,0.8278215527534485,0.6516343951225281
SB67421_component_1350a,274.615085,29.435309,3.5239999294281006,16.861242294311523,274.6152648925781,29.435367584228516,5.348680019378662,0.8369932770729065,0.6588541269302368
SB67421_component_1351a,272.872099,29.594325,3.693000078201294,17.502370834350586,272.87213134765625,29.59418487548828,3.6917452812194824,1.2708090543746948,1.0003398656845093
SB67421_component_1352a,274.535596,28.435876,3.174999952316284,17.06989097595215,274.5361633300781,28.435495376586914,4.8625407218933105,0.8294938802719116,0.6529508233070374
SB67421_component_1364a,274.96256,29.640116,3.118000030517578,15.284314155578613,274.9629821777344,29.640233993530273,2.18003249168396,1.8169621229171753,1.4302539825439453
SB67421_component_1368a,274.308611,27.69374,3.065999984741211,14.327102661132812,274.3089599609375,27.693349838256836,3.805558681488037,1.0234966278076172,0.8056635856628418
SB67421_component_1369a,270.811512,25.9561,3.111999988555908,12.806584358215332,270.8117980957031,25.95579719543457,5.847447395324707,0.676092267036438,0.5321980118751526
SB67421_component_1370a,273.234523,27.753371,3.2219998836517334,14.986045837402344,273.23455810546875,27.75306510925293,5.032946586608887,0.8132721781730652,0.6401816010475159
SB67421_component_1372a,270.39608,28.337302,2.938999891281128,13.86320686340332,270.396240234375,28.3372859954834,3.974644899368286,0.9393640756607056,0.7394371032714844
SB67421_component_1384a,270.812332,26.040819,3.1080000400543213,12.79012393951416,270.81268310546875,26.0407772064209,4.256106853485107,0.9276864528656006,0.7302448153495789
SB67421_component_1388a,269.945825,28.816313,2.7899999618530273,10.528302192687988,269.9459228515625,28.816190719604492,3.0948336124420166,1.1452481746673584,0.9015024304389954
SB67421_component_1390a,271.957974,26.700082,3.1489999294281006,14.444953918457031,271.95843505859375,26.699752807617188,3.236025333404541,1.2362134456634521,0.9731073379516602
SB67421_component_1392a,273.859744,25.867197,3.194000005722046,13.47679328918457,273.8597717285156,25.86717987060547,5.012614727020264,0.809474766254425,0.63719242811203
SB67421_component_1393a,272.780534,26.745499,3.174999952316284,17.3497257232666,272.7808532714844,26.74527931213379,3.711658477783203,1.0866968631744385,0.8554127216339111
SB67421_component_1395a,270.784837,27.51982,3.003000020980835,15.090452194213867,270.7851257324219,27.519807815551758,3.6486940383911133,1.0455639362335205,0.8230342268943787
SB67421_component_1398a,270.505028,27.679224,3.0139999389648438,14.77450942993164,270.5052490234375,27.678966522216797,4.286112308502197,0.8933310508728027,0.7032013535499573
SB67421_component_1399a,274.323529,27.726166,2.7939999103546143,15.102702140808105,274.3236389160156,27.7259578704834,2.881762981414795,1.2316884994506836,0.9695453643798828
SB67421_component_1401a,271.730797,29.103058,3.2829999923706055,15.059633255004883,271.731201171875,29.102764129638672,3.346060037612915,1.2464357614517212,0.9811539649963379
SB67421_component_1404a,271.933632,30.243565,3.296999931335449,13.680498123168945,271.9337463378906,30.243993759155273,3.378953695297241,1.2395652532577515,0.9757457971572876
SB67421_component_1405a,271.606192,26.064033,3.127000093460083,15.25365924835205,271.6063232421875,26.063650131225586,2.8071930408477783,1.4151039123535156,1.1139241456985474
SB67421_component_1406a,273.963259,25.641206,3.2130000591278076,11.393616676330566,273.9635009765625,25.640792846679688,5.01481819152832,0.8139322400093079,0.6407012343406677
SB67421_component_1408a,271.059729,26.364264,2.874000072479248,13.556604385375977,271.059814453125,26.36457633972168,2.734272003173828,1.3352967500686646,1.0511025190353394
SB67421_component_1410a,272.282078,25.915667,3.134999990463257,15.597014427185059,272.2824401855469,25.915542602539062,3.416059732437134,1.1658556461334229,0.9177240133285522
SB67421_component_1411a,271.542025,25.734908,3.1649999618530273,11.988636016845703,271.542236328125,25.734920501708984,2.886343002319336,1.3930236101150513,1.096543312072754
SB67421_component_1412a,272.84805,29.756344,3.1740000247955322,15.558823585510254,272.8479919433594,29.75664520263672,3.3226664066314697,1.2135367393493652,0.9552568793296814
SB67421_component_1415a,274.977646,30.159805,3.5380001068115234,15.449782371520996,274.9777526855469,30.160158157348633,4.86699914932251,0.9234838485717773,0.7269366383552551
SB67421_component_1421a,271.289306,26.933124,3.2300000190734863,15.99009895324707,271.2893981933594,26.93295669555664,5.0713582038879395,0.8091163039207458,0.6369102597236633
SB67421_component_1427a,271.932248,25.934508,3.1489999294281006,15.212559700012207,271.9321594238281,25.934417724609375,2.923166036605835,1.3685222864151,1.0772565603256226
SB67421_component_1433a,274.093238,30.236783,3.0309998989105225,10.309523582458496,274.0933532714844,30.23638153076172,4.071004390716553,0.9458386301994324,0.7445336580276489
SB67421_component_1434a,274.194279,27.083117,2.819000005722046,12.473451614379883,274.1946716308594,27.08281707763672,3.368678331375122,1.063085675239563,0.8368266820907593
SB67421_component_1435a,273.470175,29.68575,2.6700000762939453,11.608695983886719,273.47039794921875,29.685638427734375,4.120881080627441,0.8231024742126465,0.6479197144508362
SB67421_component_1437a,275.105164,27.276025,3.178999900817871,15.138094902038574,275.10552978515625,27.276029586791992,4.340065956115723,0.9305225610733032,0.7324773073196411
SB67421_component_1438a,272.332296,27.604486,3.132999897003174,17.30939292907715,272.33245849609375,27.604463577270508,3.9359800815582275,1.0112073421478271,0.7959897518157959
SB67421_component_1442a,271.501459,28.015736,2.8940000534057617,13.7156400680542,271.5017395019531,28.01543617248535,3.952882766723633,0.9300735592842102,0.7321239113807678
SB67421_component_1450a,270.454258,30.039566,3.007999897003174,10.517481803894043,270.4544982910156,30.03901481628418,3.421950101852417,1.1167008876800537,0.8790308833122253
SB67421_component_1453a,272.406209,28.961923,2.677999973297119,13.127450942993164,272.4061279296875,28.961732864379883,3.7331631183624268,0.9113103747367859,0.7173541188240051
SB67421_component_1456a,273.419951,27.985776,3.1589999198913574,14.359090805053711,273.4200439453125,27.985687255859375,4.5136895179748535,0.8891000747680664,0.6998708844184875
SB67421_component_1459a,275.678851,29.353071,3.1619999408721924,13.175000190734863,275.6789855957031,29.353271484375,3.6962029933929443,1.0867727994918823,0.8554725050926208
SB67421_component_1466a,274.36594,29.80094,3.124000072479248,14.80568790435791,274.3663024902344,29.80116081237793,3.886671781539917,1.0210944414138794,0.8037725687026978
SB67421_component_1469a,270.646995,28.96637,3.1730000972747803,14.357466697692871,270.64715576171875,28.966205596923828,3.7866387367248535,1.0645079612731934,0.837946355342865
SB67421_component_1471a,275.539074,27.607448,2.7690000534057617,12.41703987121582,275.5392761230469,27.607168197631836,3.458202600479126,1.0171973705291748,0.8007049560546875
SB67421_component_1473a,270.346177,28.99743,3.3989999294281006,17.080402374267578,270.3462829589844,28.997486114501953,5.2780938148498535,0.8181006908416748,0.643982470035553
SB67421_component_1474a,275.393063,29.769148,3.0139999389648438,13.825688362121582,275.3930969238281,29.76970100402832,4.952288627624512,0.7731611132621765,0.6086074709892273
SB67421_component_1478a,274.820756,28.693541,2.9670000076293945,13.929577827453613,274.8210144042969,28.693767547607422,4.13700008392334,0.9110972881317139,0.7171863317489624
SB67421_component_1481a,274.524738,27.812432,2.6540000438690186,13.680412292480469,274.5251770019531,27.812299728393555,3.651432514190674,0.9233585596084595,0.7268380522727966
SB67421_component_1483a,274.336577,30.152555,2.822999954223633,11.027342796325684,274.33660888671875,30.152429580688477,4.491990089416504,0.7983710765838623,0.628451943397522
SB67421_component_1485a,273.814153,28.678351,3.3010001182556152,16.587940216064453,273.8139343261719,28.678646087646484,4.010074615478516,1.0457450151443481,0.8231767416000366
SB67421_component_1487a,276.038482,28.588309,2.8550000190734863,11.512097358703613,276.0386962890625,28.587812423706055,4.251813888549805,0.8530305624008179,0.6714781522750854
SB67421_component_1493a,274.175967,26.026691,3.0460000038146973,15.229999542236328,274.17584228515625,26.026700973510742,4.53985595703125,0.8523550629615784,0.6709464192390442
SB67421_component_1495a,270.206772,29.243204,2.3570001125335693,10.762557983398438,270.2069396972656,29.24279022216797,2.7929720878601074,1.0720763206481934,0.8439038991928101
SB67421_component_1497a,271.115968,25.985964,2.885999917984009,12.602619171142578,271.1163330078125,25.985671997070312,3.8070740699768066,0.9630253314971924,0.758062481880188
SB67421_component_1501a,274.148597,26.006654,2.440999984741211,12.144278526306152,274.148681640625,26.00655746459961,2.4702720642089844,1.2553236484527588,0.9881502389907837
SB67421_component_1504a,272.054863,28.161316,2.9489998817443848,13.404544830322266,272.05523681640625,28.161237716674805,4.5135650634765625,0.8300185203552246,0.6533637642860413
SB67421_component_1505a,275.274799,29.517949,2.8940000534057617,12.262712478637695,275.27496337890625,29.517826080322266,3.9839725494384766,0.9228156208992004,0.7264106273651123
SB67421_component_1506a,271.865835,28.790672,3.006999969482422,13.246696472167969,271.8662109375,28.79014015197754,3.4496631622314453,1.1073615550994873,0.8716793060302734
SB67421_component_1508a,272.731024,28.382772,2.628000020980835,12.280373573303223,272.7312316894531,28.382482528686523,3.0120139122009277,1.1084116697311401,0.8725059628486633
SB67421_component_1520a,272.347159,26.17946,2.7139999866485596,13.989689826965332,272.3472900390625,26.17919158935547,2.2220327854156494,1.5516440868377686,1.2214040756225586
SB67421_component_1521a,271.020057,25.834483,3.140000104904175,12.71255111694336,271.0206604003906,25.834110260009766,3.0184149742126465,1.321549415588379,1.0402811765670776
SB67421_component_1523a,270.902784,26.770735,3.1679999828338623,14.599079132080078,270.9029846191406,26.770889282226562,3.7663419246673584,1.0685580968856812,0.8411344885826111
SB67421_component_1524a,271.194507,26.041887,2.861999988555908,14.029412269592285,271.1946105957031,26.041738510131836,4.090713024139404,0.8887985348701477,0.6996335387229919
SB67421_component_1528a,270.294194,28.670775,3.190000057220459,13.8695650100708,270.2942810058594,28.670650482177734,2.308760166168213,1.755272626876831,1.381693959236145
SB67421_component_1529a,274.823647,28.834093,2.8989999294281006,13.117646217346191,274.823974609375,28.834239959716797,3.5219414234161377,1.0456799268722534,0.8231255412101746
SB67421_component_1532a,273.823593,27.899103,2.6530001163482666,11.534783363342285,273.823974609375,27.898544311523438,4.373708248138428,0.7705843448638916,0.6065791249275208
SB67421_component_1534a,271.470615,27.862057,2.7160000801086426,13.057692527770996,271.47064208984375,27.86231231689453,3.638028144836426,0.94841068983078,0.7465583086013794
SB67421_component_1535a,273.335097,25.666723,2.813999891281128,11.078739166259766,273.335205078125,25.666597366333008,3.7540462017059326,0.952263593673706,0.7495911717414856
SB67421_component_1537a,270.812125,28.986968,3.1459999084472656,14.63255786895752,270.8119201660156,28.98732566833496,2.6123294830322266,1.5299015045166016,1.2042890787124634
SB67421_component_1540a,274.663221,29.026661,2.687000036239624,12.556075096130371,274.66357421875,29.02633285522461,2.438312292098999,1.3999452590942383,1.1019917726516724
SB67421_component_1544a,274.453671,28.984458,2.6730000972747803,12.608490943908691,274.453857421875,28.98440170288086,3.696767568588257,0.9185642600059509,0.723064124584198
SB67421_component_1549a,275.338737,30.130657,2.8369998931884766,10.665412902832031,275.3391418457031,30.13088607788086,3.4845705032348633,1.03429114818573,0.8141605854034424
SB67421_component_1550a,272.396644,26.046879,2.885999917984009,16.305084228515625,272.3968200683594,26.046985626220703,3.2410264015197754,1.131218433380127,0.8904586434364319
SB67421_component_1551a,274.074721,27.328796,2.5320000648498535,13.119171142578125,274.074951171875,27.328357696533203,3.166044235229492,1.0159666538238525,0.7997361421585083
SB67421_component_1555a,272.657805,27.41847,2.7339999675750732,13.33658504486084,272.6578063964844,27.41834831237793,4.565262794494629,0.7607911229133606,0.5988702178001404
SB67421_component_1558a,272.59608,28.475498,2.49399995803833,12.922279357910156,272.59600830078125,28.475107192993164,3.5798048973083496,0.8850540518760681,0.6966860294342041
SB67421_component_1559a,275.434312,30.194057,3.119999885559082,10.297029495239258,275.43450927734375,30.194286346435547,3.780412197113037,1.0484510660171509,0.82530677318573
SB67421_component_1560a,273.034561,27.901603,2.8610000610351562,14.233830451965332,273.03436279296875,27.90207862854004,4.067573547363281,0.8935424089431763,0.7033677697181702
SB67421_component_1562a,274.877481,26.005129,2.687999963760376,11.686956405639648,274.8776550292969,26.004850387573242,3.145021677017212,1.0857712030410767,0.854684054851532
SB67421_component_1566a,274.378346,27.494777,2.937999963760376,14.26213550567627,274.378662109375,27.494766235351562,2.354118585586548,1.5854631662368774,1.2480254173278809
SB67421_component_1571a,271.709688,26.704879,2.8389999866485596,13.519047737121582,271.7096862792969,26.704708099365234,2.9226768016815186,1.2340061664581299,0.9713698029518127
SB67421_component_1574a,275.414071,28.328196,2.7850000858306885,12.214912414550781,275.4141845703125,28.327911376953125,3.4307003021240234,1.0312765836715698,0.8117876648902893
SB67421_component_1575a,273.453786,28.032912,2.696000099182129,12.838095664978027,273.4538269042969,28.03265953063965,3.185126543045044,1.0752907991409302,0.8464342355728149
SB67421_component_1577a,270.499938,26.327757,2.753000020980835,11.714893341064453,270.5000915527344,26.32764434814453,4.005895137786865,0.8730504512786865,0.6872371435165405
SB67421_component_1579a,273.94147,29.827727,2.997999906539917,13.383927345275879,273.94140625,29.827396392822266,2.74381685256958,1.3880630731582642,1.0926384925842285
SB67421_component_1581a,273.723085,29.5942,2.9779999256134033,12.94782543182373,273.72314453125,29.594511032104492,3.317626476287842,1.1403284072875977,0.8976296782493591
SB67421_component_1589a,273.301343,28.48964,3.010999917984009,13.939813613891602,273.3016662597656,28.489303588867188,4.757923603057861,0.8039444088935852,0.6328390836715698
SB67421_component_1591a,273.007587,25.961812,2.703000068664551,12.28636360168457,273.00762939453125,25.961946487426758,3.6445071697235107,0.9421931505203247,0.7416641116142273
SB67421_component_1597a,269.927207,25.905603,2.821000099182129,11.19444465637207,269.92718505859375,25.905542373657227,3.4457085132598877,1.0400573015213013,0.8186995983123779
SB67421_component_1600a,271.878426,27.617912,2.8329999446868896,13.62019157409668,271.8786315917969,27.617368698120117,2.527390956878662,1.4239897727966309,1.1209187507629395
SB67421_component_1608a,275.217968,28.318951,2.3929998874664307,10.139829635620117,275.2184143066406,28.318653106689453,2.966218948364258,1.0248780250549316,0.8067509531974792
SB67421_component_1611a,274.629801,27.170303,2.7260000705718994,13.297561645507812,274.6298828125,27.169721603393555,2.5455801486968994,1.360416293144226,1.0708757638931274
SB67421_component_1612a,270.837567,27.668819,2.490999937057495,12.151219367980957,270.8376770019531,27.66899871826172,3.520310401916504,0.8989291787147522,0.7076080441474915
SB67421_component_1615a,269.976181,27.706843,2.3970000743865967,10.287553787231445,269.9764099121094,27.706308364868164,3.29231858253479,0.9249088168144226,0.7280583381652832
SB67421_component_1616a,270.758627,28.451596,2.6600000858306885,13.103448867797852,270.7588806152344,28.45221710205078,2.615135431289673,1.292171597480774,1.0171557664871216
SB67421_component_1618a,273.709536,29.261615,2.446000099182129,12.353535652160645,273.7093505859375,29.262006759643555,3.4182255268096924,0.9090514779090881,0.7155759930610657
SB67421_component_1622a,270.514967,29.106089,2.7820000648498535,13.184834480285645,270.51513671875,29.10613250732422,3.405379295349121,1.037825584411621,0.8169428110122681
SB67421_component_1625a,271.539523,29.307817,2.3980000019073486,12.172589302062988,271.5398254394531,29.307353973388672,2.8816843032836914,1.0571472644805908,0.832152247428894
SB67421_component_1631a,272.206014,29.890783,2.7890000343322754,13.538835525512695,272.2063903808594,29.89067840576172,1.8686352968215942,1.8960801362991333,1.4925330877304077
SB67421_component_1636a,271.974686,27.441034,2.2809998989105225,10.41552448272705,271.97491455078125,27.44084930419922,3.7623324394226074,0.7701951861381531,0.60627281665802
SB67421_component_1638a,274.023583,29.179661,2.296999931335449,10.536697387695312,274.0239562988281,29.17900848388672,2.80263090133667,1.0411847829818726,0.8195870518684387
SB67421_component_1646a,272.668157,27.16853,2.6070001125335693,13.793651580810547,272.668701171875,27.168428421020508,3.0399739742279053,1.0894415378570557,0.8575731515884399
SB67421_component_1647a,271.465645,28.879211,2.5450000762939453,13.9071044921875,271.4658203125,28.87933921813965,3.0106589794158936,1.0738879442214966,0.8453298807144165
SB67421_component_1652a,273.069788,28.11444,2.7300000190734863,12.580645561218262,273.0701599121094,28.11389923095703,2.513335943222046,1.3798911571502686,1.0862057209014893
SB67421_component_1655a,273.020144,29.429708,2.3350000381469727,11.119048118591309,273.02001953125,29.429821014404297,3.554655075073242,0.8344919085502625,0.6568851470947266
SB67421_component_1661a,274.512586,27.437495,2.450000047683716,12.628866195678711,274.512939453125,27.437334060668945,4.455842971801758,0.6985040307044983,0.5498398542404175
SB67421_component_1662a,275.577638,29.974517,2.4649999141693115,10.357142448425293,275.5777282714844,29.974428176879883,2.3353097438812256,1.340927004814148,1.0555344820022583
SB67421_component_1665a,271.876987,29.497337,2.7899999618530273,13.47826099395752,271.8768005371094,29.496797561645508,1.8716914653778076,1.8936628103256226,1.4906302690505981
SB67421_component_1666a,271.967187,30.202124,2.8010001182556152,11.432653427124023,271.96722412109375,30.2021427154541,3.4593942165374756,1.0285983085632324,0.809679388999939
SB67421_component_1667a,274.658205,29.151721,2.7829999923706055,14.126903533935547,274.65863037109375,29.151594161987305,4.349092483520508,0.812919020652771,0.6399036049842834
SB67421_component_1671a,271.108204,29.260968,2.4679999351501465,13.05820083618164,271.10845947265625,29.26085662841797,3.4356510639190674,0.9125754833221436,0.7183499932289124
SB67421_component_1672a,273.411078,28.042656,2.496000051498413,12.0,273.4114074707031,28.04269027709961,3.5414154529571533,0.8953656554222107,0.704802930355072
SB67421_component_1673a,274.594745,28.629509,2.375999927520752,10.241379737854004,274.5951843261719,28.629602432250977,2.754460334777832,1.095828652381897,0.8626008629798889
SB67421_component_1676a,270.051931,28.822721,2.7360000610351562,10.285714149475098,270.0518798828125,28.82308578491211,2.1338863372802734,1.6288366317749023,1.282167673110962
SB67421_component_1677a,272.437303,29.757641,2.246000051498413,12.010695457458496,272.4374694824219,29.757953643798828,3.388812303543091,0.8419668078422546,0.662769079208374
SB67421_component_1693a,270.476512,28.476059,2.1730000972747803,10.651961326599121,270.4771423339844,28.475574493408203,3.177123546600342,0.868877112865448,0.6839520335197449
SB67421_component_1694a,270.75599,29.051973,2.4609999656677246,11.831729888916016,270.7563171386719,29.05143928527832,2.71555495262146,1.1512925624847412,0.9062604308128357
SB67421_component_1720a,272.587709,26.368268,2.3299999237060547,12.072538375854492,272.587646484375,26.368545532226562,2.6427133083343506,1.1200530529022217,0.8816695809364319
SB67421_component_1723a,272.821988,26.884782,2.558000087738037,13.679144859313965,272.8224792480469,26.885009765625,3.078044891357422,1.0557432174682617,0.8310470581054688
SB67421_component_1724a,274.423999,26.390143,2.433000087738037,11.868292808532715,274.4241943359375,26.390287399291992,4.677366256713867,0.6608052253723145,0.5201645493507385
SB67421_component_1727a,273.226779,29.195879,2.2829999923706055,11.301980018615723,273.2268371582031,29.195987701416016,2.766646146774292,1.0482985973358154,0.8251868486404419
SB67421_component_1731a,275.165811,29.384755,2.492000102996826,11.125,275.1661071777344,29.384321212768555,3.105145215988159,1.0195273160934448,0.8025389909744263
SB67421_component_1734a,272.392317,26.170486,2.359999895095825,13.038673400878906,272.3921813964844,26.170455932617188,2.511486530303955,1.193751335144043,0.9396824836730957
SB67421_component_1735a,270.861404,28.463387,2.36299991607666,10.939814567565918,270.86187744140625,28.463396072387695,1.7590632438659668,1.7065341472625732,1.343328595161438
SB67421_component_1744a,273.322838,26.3445,2.569000005722046,12.291865348815918,273.3230285644531,26.344470977783203,3.1788370609283447,1.0266646146774292,0.808157205581665
SB67421_component_1746a,273.916242,27.575455,2.3919999599456787,12.929729461669922,273.916015625,27.575132369995117,2.4798271656036377,1.2253847122192383,0.9645833373069763
SB67421_component_1747a,273.822438,26.1317,2.260999917984009,10.818181037902832,273.822509765625,26.131229400634766,2.6232848167419434,1.0949336290359497,0.8618964552879333
SB67421_component_1751a,273.534417,27.880223,2.140000104904175,10.700000762939453,273.53460693359375,27.879941940307617,3.431025981903076,0.7923598885536194,0.6237201690673828
SB67421_component_1759a,273.217628,27.556621,2.5,13.7362642288208,273.2174987792969,27.556161880493164,2.808534860610962,1.130818486213684,0.8901438117027283
SB67421_component_1762a,271.355452,27.58999,2.128999948501587,10.38536548614502,271.3555908203125,27.589651107788086,2.0231781005859375,1.3368240594863892,1.052304744720459
SB67421_component_1765a,273.694838,26.577237,2.3320000171661377,10.897195816040039,273.6949768066406,26.577268600463867,2.9533398151397705,1.0031083822250366,0.7896144986152649
SB67421_component_1770a,274.706254,27.380802,2.436000108718872,12.059406280517578,274.7065124511719,27.3803653717041,3.8682637214660645,0.8000072836875916,0.6297399401664734
SB67421_component_1771a,270.70093,28.405569,2.4600000381469727,12.300000190734863,270.7010498046875,28.405256271362305,2.5816807746887207,1.2105013132095337,0.9528676271438599
SB67421_component_1772a,271.871852,26.607184,2.315999984741211,10.575342178344727,271.8721008300781,26.607147216796875,3.1326165199279785,0.9392128586769104,0.7393180727958679
SB67421_component_1774a,273.677629,29.283635,2.2300000190734863,10.420560836791992,273.67779541015625,29.283241271972656,3.180154800415039,0.89081871509552,0.7012237310409546
SB67421_component_1777a,274.893691,26.721247,2.4159998893737793,11.615384101867676,274.89398193359375,26.720294952392578,3.286527156829834,0.9338828921318054,0.7351224422454834
SB67421_component_1803a,270.645177,27.358667,2.444999933242798,11.113636016845703,270.6454162597656,27.358402252197266,3.302165985107422,0.9406166672706604,0.7404230833053589
SB67421_component_1812a,273.697837,28.218246,2.2669999599456787,12.254054069519043,273.69793701171875,28.218141555786133,2.8541934490203857,1.0090224742889404,0.7942699193954468
SB67421_component_1813a,274.998634,29.032095,2.2820000648498535,10.918660163879395,274.99920654296875,29.031848907470703,3.7198619842529297,0.7793302536010742,0.6134636402130127
SB67421_component_1822a,272.692168,28.192592,2.2279999256134033,11.139999389648438,272.6923828125,28.19174575805664,2.6697287559509277,1.060182809829712,0.8345416784286499
SB67421_component_1828a,274.374361,27.367336,2.2360000610351562,11.236181259155273,274.37420654296875,27.36728858947754,2.3619086742401123,1.2026560306549072,0.9466919898986816
SB67421_component_1830a,275.468064,29.070727,2.0759999752044678,10.176470756530762,275.4682312011719,29.070615768432617,2.9458277225494385,0.8952673077583313,0.7047255039215088
SB67421_component_1833a,271.572278,28.514529,2.075000047683716,10.12195110321045,271.572509765625,28.514619827270508,3.5790634155273438,0.7365147471427917,0.5797606110572815
SB67421_component_1840a,271.645184,29.670428,2.4119999408721924,12.69473648071289,271.64501953125,29.670595169067383,2.4844932556152344,1.2333098649978638,0.9708216786384583
SB67421_component_1871a,272.139226,29.418981,2.255000114440918,11.50510311126709,272.139404296875,29.4195613861084,2.9898433685302734,0.9581441283226013,0.7542201280593872
SB67421_component_1913a,270.733377,27.1477,2.1419999599456787,10.39805793762207,270.7337341308594,27.147441864013672,2.4991118907928467,1.0888460874557495,0.857104480266571
SB67421_component_1917a,274.443114,28.910786,2.009000062942505,10.197970390319824,274.44305419921875,28.91065788269043,2.889517068862915,0.8832576274871826,0.695271909236908
SB67421_component_1920a,274.065027,27.041622,2.0280001163482666,10.039604187011719,274.0652770996094,27.04131317138672,3.587965726852417,0.718046247959137,0.5652227997779846
SB67421_component_1931a,271.337231,28.351114,2.180999994277954,11.663101196289062,271.3375549316406,28.351041793823242,2.9826345443725586,0.9289414286613464,0.7312327027320862
SB67421_component_2087a,271.469259,28.09119,2.0439999103546143,10.019607543945312,271.4694519042969,28.090953826904297,3.1457645893096924,0.8254435062408447,0.6497625112533569
