Component_ID,RA,DEC,RA_comp,DEC_comp
SB67323_component_6a,112.085793,21.88505,112.085868,21.885108
SB67323_component_7a,111.559385,21.888884,111.55942,21.888921
