Component_ID,RA,DEC,RA_comp,DEC_comp
SB66890_component_13a,159.432665,28.583498,159.432647,28.583183
