Component_ID,RA,DEC,ASKAP_flux,ASKAP_flux_SNR,RA_comp,DEC_comp,Comp_flux,Flux_Ratio_AlphaCorr,Flux_Ratio_NOAlphaCorr
SB71888_component_4a,352.997608,-38.196654,637.5029907226562,2423.965576171875,352.997802734375,-38.1965446472168,514.2003173828125,1.575007438659668,1.2397949695587158
SB71888_component_6a,351.029522,-37.239625,542.3839721679688,2062.29638671875,351.0297546386719,-37.23954391479492,493.704345703125,1.3956373929977417,1.0986007452011108
SB71888_component_13a,356.289584,-37.503019,273.7969970703125,1061.228759765625,356.2898254394531,-37.5029411315918,409.37957763671875,0.8496405482292175,0.6688095927238464
SB71888_component_23a,353.446502,-38.270473,163.41600036621094,785.65380859375,353.44671630859375,-38.27037048339844,223.88490295410156,0.9272620677947998,0.7299107909202576
SB71888_component_25a,354.600163,-39.678779,142.8560028076172,371.0545654296875,354.6003723144531,-39.6787223815918,200.3745880126953,0.9057087898254395,0.7129446864128113
SB71888_component_30a,357.745356,-38.593136,130.4929962158203,126.81534576416016,357.7455139160156,-38.59299087524414,159.8096923828125,1.0373296737670898,0.816552460193634
SB71888_component_31a,351.064649,-34.501722,133.55099487304688,201.43438720703125,351.0647888183594,-34.501617431640625,120.31288146972656,1.4101577997207642,1.1100307703018188
SB71888_component_33a,350.356315,-37.975282,116.2030029296875,507.4366760253906,350.3564453125,-37.97521209716797,168.9457550048828,0.8737813830375671,0.6878125071525574
SB71888_component_41a,350.017926,-40.006367,105.37200164794922,158.45413208007812,350.01806640625,-40.00630569458008,147.1524200439453,0.9096840023994446,0.7160738706588745
SB71888_component_42a,353.870281,-37.58275,91.96900177001953,516.6797485351562,353.8705139160156,-37.58262252807617,136.4049530029297,0.856532871723175,0.6742350459098816
SB71888_component_43a,357.154942,-35.941903,97.83599853515625,122.60150909423828,357.1551208496094,-35.94184494018555,113.35851287841797,1.0964207649230957,0.863067090511322
SB71888_component_44a,354.930787,-35.986481,94.11499786376953,517.1153564453125,354.9309387207031,-35.9864387512207,115.81871032714844,1.0323163270950317,0.812606155872345
SB71888_component_50a,350.651667,-36.888759,94.39700317382812,481.61737060546875,350.6518249511719,-36.88867950439453,126.13509368896484,0.9507251977920532,0.748380184173584
SB71888_component_51a,351.437078,-38.777133,87.27100372314453,498.69146728515625,351.437255859375,-38.777042388916016,129.0657501220703,0.8589970469474792,0.6761747598648071
SB71888_component_54a,355.160879,-34.713747,78.35099792480469,203.50909423828125,355.1610107421875,-34.71372604370117,87.45085144042969,1.138185977935791,0.8959432244300842
SB71888_component_56a,355.37235,-39.510383,81.73200225830078,282.8096923828125,355.3725280761719,-39.510318756103516,118.99463653564453,0.8725643754005432,0.6868544816970825
SB71888_component_64a,353.274674,-36.472676,63.88100051879883,358.88201904296875,353.2749328613281,-36.47259521484375,86.0191650390625,0.9434289932250977,0.7426368594169617
SB71888_component_65a,352.487146,-38.003647,63.52799987792969,360.9545593261719,352.48736572265625,-38.00350570678711,85.18942260742188,0.9473538398742676,0.7457264065742493
SB71888_component_70a,352.633423,-35.095348,61.14500045776367,263.5560302734375,352.6335754394531,-35.095306396484375,94.71440887451172,0.8201203942298889,0.645572304725647
SB71888_component_71a,349.364061,-35.435405,65.51499938964844,65.97683715820312,349.3641662597656,-35.435359954833984,95.12960052490234,0.8748987317085266,0.688692033290863
SB71888_component_72a,356.206146,-37.356843,59.06700134277344,309.2513122558594,356.2063903808594,-37.35675811767578,82.18899536132812,0.9129856824874878,0.7186728715896606
SB71888_component_74a,355.682562,-37.823517,57.94499969482422,329.2329406738281,355.68280029296875,-37.82343292236328,74.44673156738281,0.9887876510620117,0.7783417701721191
SB71888_component_80a,350.242865,-36.866438,56.45199966430664,214.64637756347656,350.24298095703125,-36.86636734008789,84.25714874267578,0.8511484265327454,0.6699965596199036
SB71888_component_83a,357.783738,-35.210657,55.380001068115234,77.23849487304688,357.7839050292969,-35.21065139770508,75.94786071777344,0.9263393878936768,0.7291844487190247
SB71888_component_85a,354.801224,-37.800138,54.61199951171875,315.6763000488281,354.80145263671875,-37.800010681152344,71.62836456298828,0.9685806035995483,0.7624353766441345
SB71888_component_88a,353.090746,-36.205571,48.5989990234375,296.3353576660156,353.09100341796875,-36.20553207397461,59.38239669799805,1.0396863222122192,0.8184074759483337
SB71888_component_90a,354.409033,-39.637688,46.31399917602539,146.5632781982422,354.4092102050781,-39.63761520385742,68.271240234375,0.8618014454841614,0.6783822774887085
SB71888_component_91a,355.534154,-34.781553,46.6510009765625,135.2202911376953,355.5343017578125,-34.78147888183594,43.78009033203125,1.3536832332611084,1.0655757188796997
SB71888_component_92a,355.73215,-38.30499,49.56399917602539,295.0238037109375,355.73236083984375,-38.30487823486328,69.24676513671875,0.9092840552330017,0.7157590389251709
SB71888_component_93a,356.357867,-36.536423,51.45399856567383,263.8666687011719,356.3581237792969,-36.53630065917969,69.91785430908203,0.9348969459533691,0.7359207272529602
SB71888_component_95a,355.613821,-38.680384,47.56100082397461,261.3241882324219,355.614013671875,-38.68029022216797,46.7407341003418,1.29267156124115,1.0175492763519287
SB71888_component_96a,352.610454,-38.292404,47.869998931884766,254.62765502929688,352.61065673828125,-38.29227828979492,60.9892578125,0.9971094131469727,0.7848923206329346
SB71888_component_105a,350.405653,-39.018218,41.22100067138672,226.489013671875,350.40582275390625,-39.01811981201172,51.95073699951172,1.0079976320266724,0.7934632301330566
SB71888_component_106a,350.398088,-38.254846,42.6510009765625,193.86819458007812,350.39825439453125,-38.25477600097656,61.737178802490234,0.877637505531311,0.6908479332923889
SB71888_component_110a,353.715932,-35.027242,40.224998474121094,171.90170288085938,353.7160339355469,-35.027191162109375,53.80198669433594,0.949796199798584,0.7476489543914795
SB71888_component_111a,356.115318,-39.235601,41.46799850463867,219.40740966796875,356.1155090332031,-39.23552322387695,55.0877685546875,0.9562921524047852,0.7527623772621155
SB71888_component_114a,350.478227,-36.86294,41.60599899291992,201.9708709716797,350.4783630371094,-36.86287307739258,57.43009567260742,0.9203417301177979,0.7244633436203003
SB71888_component_115a,355.820899,-35.677951,39.90800094604492,206.77720642089844,355.821044921875,-35.677913665771484,52.55154800415039,0.9647331237792969,0.7594067454338074
SB71888_component_118a,350.486697,-39.244983,41.04600143432617,208.3553466796875,350.4868469238281,-39.244876861572266,49.69843292236328,1.049206256866455,0.8259013295173645
SB71888_component_119a,353.239418,-37.127859,43.236000061035156,282.5882263183594,353.2396240234375,-37.12769317626953,54.1383171081543,1.0145500898361206,0.7986210584640503
SB71888_component_120a,350.771521,-35.43874,41.775001525878906,212.05584716796875,350.7716979980469,-35.438697814941406,60.792171478271484,0.8729745149612427,0.687177300453186
SB71888_component_121a,353.247784,-34.80467,41.604000091552734,145.97894287109375,353.2479248046875,-34.80462646484375,61.66256332397461,0.8571290969848633,0.674704372882843
SB71888_component_126a,353.677013,-34.869864,36.64400100708008,122.14666748046875,353.6771240234375,-34.86983108520508,22.254531860351562,2.091785430908203,1.6465860605239868
SB71888_component_127a,350.779032,-39.295793,36.229000091552734,172.51905822753906,350.7791748046875,-39.29570388793945,41.089515686035156,1.1201032400131226,0.881709098815918
SB71888_component_130a,357.051859,-35.887233,36.888999938964844,67.935546875,357.05206298828125,-35.887210845947266,58.41136169433594,0.8022916913032532,0.6315380930900574
SB71888_component_134a,351.283435,-37.902073,33.29600143432617,200.5783233642578,351.2835998535156,-37.901981353759766,36.248470306396484,1.1669039726257324,0.918549120426178
SB71888_component_135a,353.155904,-36.993241,35.21900177001953,203.5780487060547,353.1561584472656,-36.99309158325195,54.050682067871094,0.8277679085731506,0.6515921950340271
SB71888_component_136a,350.876313,-35.234815,38.4010009765625,193.9444580078125,350.8764953613281,-35.2347412109375,47.52405548095703,1.0265065431594849,0.8080329298973083
SB71888_component_138a,349.726307,-37.917372,37.31399917602539,128.22679138183594,349.72637939453125,-37.91734313964844,52.74592971801758,0.8987017273902893,0.7074289917945862
SB71888_component_143a,351.117009,-38.532493,37.11899948120117,210.90341186523438,351.1171875,-38.5323600769043,50.1183967590332,0.9408747553825378,0.7406262159347534
SB71888_component_148a,356.638544,-36.580079,30.132999420166016,153.7397918701172,356.6387939453125,-36.579959869384766,36.83210372924805,1.0393182039260864,0.8181177973747253
SB71888_component_151a,350.4185,-37.229821,30.601999282836914,166.31521606445312,350.4186096191406,-37.22975540161133,38.45547103881836,1.0109376907348633,0.7957774996757507
SB71888_component_152a,350.167557,-38.094849,30.340999603271484,125.37602996826172,350.1676940917969,-38.094783782958984,46.30207824707031,0.8324576020240784,0.6552837491035461
SB71888_component_156a,350.581756,-35.971633,27.8700008392334,152.2950897216797,350.5819396972656,-35.971553802490234,43.904544830322266,0.8064180016517639,0.6347862482070923
SB71888_component_158a,357.622372,-38.152347,28.56599998474121,36.9547233581543,357.62249755859375,-38.15224838256836,34.408729553222656,1.0546624660491943,0.8301963210105896
SB71888_component_162a,355.280944,-36.373625,28.305999755859375,172.59754943847656,355.2811279296875,-36.373565673828125,39.406280517578125,0.9125271439552307,0.7183119058609009
SB71888_component_165a,349.295035,-39.931562,25.892000198364258,26.7203311920166,349.2951354980469,-39.93149948120117,27.030473709106445,1.2168712615966797,0.9578818678855896
SB71888_component_167a,354.982294,-38.905702,29.64900016784668,174.4058837890625,354.9825134277344,-38.90557861328125,40.14116668701172,0.9383238554000854,0.7386183142662048
SB71888_component_168a,353.630666,-38.037615,27.503000259399414,169.7716064453125,353.630859375,-38.03748321533203,27.369138717651367,1.2765905857086182,1.0048909187316895
SB71888_component_169a,351.370907,-36.377215,26.427000045776367,151.8793182373047,351.3711242675781,-36.37713623046875,30.161741256713867,1.1130743026733398,0.8761761784553528
SB71888_component_170a,355.075138,-37.420341,27.28700065612793,162.42262268066406,355.07537841796875,-37.42026138305664,23.639068603515625,1.4664192199707031,1.1543179750442505
SB71888_component_171a,356.893985,-39.898545,27.715999603271484,26.987342834472656,356.894287109375,-39.898597717285156,41.7376708984375,0.8435969948768616,0.6640523672103882
SB71888_component_175a,356.054827,-38.916535,26.466999053955078,139.3000030517578,356.0550231933594,-38.916419982910156,25.65825843811035,1.3104192018508911,1.0315196514129639
SB71888_component_181a,354.992576,-37.026291,27.239999771118164,167.11656188964844,354.9927978515625,-37.02621841430664,37.63308334350586,0.9195387363433838,0.7238311767578125
SB71888_component_190a,354.864254,-36.452671,23.850000381469727,147.22222900390625,354.86444091796875,-36.45261001586914,33.38827896118164,0.9074591398239136,0.714322566986084
SB71888_component_197a,352.466236,-39.886445,24.590999603271484,56.01594161987305,352.4664611816406,-39.886409759521484,35.795963287353516,0.8727198243141174,0.6869769096374512
SB71888_component_198a,355.85774,-34.680665,25.77199935913086,61.95191955566406,355.85784912109375,-34.680633544921875,21.35273551940918,1.5333006381988525,1.2069647312164307
SB71888_component_199a,351.416985,-36.203785,25.427000045776367,149.57058715820312,351.4172058105469,-36.20369338989258,29.51567840576172,1.0943974256515503,0.861474335193634
SB71888_component_200a,355.984044,-36.479236,23.499000549316406,134.27999877929688,355.9842224121094,-36.47916793823242,29.645771026611328,1.0069764852523804,0.7926594614982605
SB71888_component_203a,351.184146,-38.587977,23.128000259399414,133.6878662109375,351.18438720703125,-38.58788299560547,21.69301414489746,1.354412317276001,1.0661497116088867
SB71888_component_204a,349.736237,-39.817116,24.461999893188477,54.119468688964844,349.73638916015625,-39.81702423095703,28.99053955078125,1.0719348192214966,0.8437924981117249
SB71888_component_205a,354.43853,-37.629451,22.559999465942383,138.4049072265625,354.4387512207031,-37.629329681396484,31.0237979888916,0.923797607421875,0.7271836996078491
SB71888_component_210a,349.185178,-39.745208,22.27199935913086,26.140844345092773,349.1852111816406,-39.745147705078125,30.753835678100586,0.9200101494789124,0.7242023348808289
SB71888_component_211a,353.125218,-35.700423,24.38599967956543,137.7740020751953,353.12542724609375,-35.70038986206055,35.2052116394043,0.8799668550491333,0.6926815509796143
SB71888_component_213a,352.26124,-36.608206,22.038000106811523,131.96408081054688,352.261474609375,-36.60811996459961,29.98609161376953,0.9336519837379456,0.7349407076835632
SB71888_component_215a,353.568286,-36.115067,22.018999099731445,126.54597473144531,353.5685119628906,-36.11505889892578,28.324909210205078,0.9875560402870178,0.7773723006248474
SB71888_component_218a,353.848692,-38.387978,21.406999588012695,128.9578399658203,353.84893798828125,-38.387882232666016,28.794109344482422,0.944462776184082,0.7434506416320801
SB71888_component_220a,351.551877,-34.729891,20.797000885009766,56.82240676879883,351.55206298828125,-34.729835510253906,26.358184814453125,1.0023466348648071,0.7890149354934692
SB71888_component_222a,350.467987,-39.021464,21.325000762939453,115.27027130126953,350.4681701660156,-39.02136993408203,27.195682525634766,0.9961432814598083,0.7841318249702454
SB71888_component_223a,355.657021,-38.593342,20.655000686645508,107.0207290649414,355.6572265625,-38.59322738647461,26.33855438232422,0.9962446093559265,0.7842116355895996
SB71888_component_227a,356.146367,-36.402678,20.465999603271484,108.28571319580078,356.1465759277344,-36.40260314941406,23.12515640258789,1.1242969036102295,0.8850102424621582
SB71888_component_229a,354.430229,-35.069429,21.027999877929688,108.3917465209961,354.4303283691406,-35.069366455078125,27.81846809387207,0.960279107093811,0.7559007406234741
SB71888_component_231a,355.36289,-37.6761,20.351999282836914,119.01753997802734,355.3631286621094,-37.67598342895508,30.481792449951172,0.8482019901275635,0.6676772236824036
SB71888_component_232a,356.300821,-39.217525,19.621999740600586,99.10100555419922,356.301025390625,-39.217430114746094,21.892019271850586,1.138649821281433,0.8963083624839783
SB71888_component_235a,350.845542,-34.880407,20.316999435424805,75.80970001220703,350.8457336425781,-34.88033676147461,26.5179386138916,0.97331303358078,0.7661606073379517
SB71888_component_239a,353.045592,-35.553648,18.972999572753906,118.58125305175781,353.0458068847656,-35.55363845825195,25.443212509155273,0.9473201036453247,0.7456998229026794
SB71888_component_240a,354.924731,-38.880295,20.14900016784668,115.13714599609375,354.92498779296875,-38.88019561767578,21.534530639648438,1.1886411905288696,0.9356600642204285
SB71888_component_241a,356.668659,-38.142145,19.36199951171875,97.78787994384766,356.6688537597656,-38.14203643798828,25.642940521240234,0.9592130780220032,0.7550615668296814
SB71888_component_242a,353.053404,-38.964643,20.235000610351562,124.90740966796875,353.0535888671875,-38.96455764770508,25.878173828125,0.9933499693870544,0.781933069229126
SB71888_component_243a,349.607641,-36.888365,19.451000213623047,25.90013313293457,349.607666015625,-36.88838577270508,23.481611251831055,1.0523173809051514,0.828350305557251
SB71888_component_244a,355.761378,-38.511541,19.42099952697754,107.89443969726562,355.7615966796875,-38.51142501831055,26.135520935058594,0.9440025091171265,0.7430883049964905
SB71888_component_248a,355.652163,-39.931777,20.142000198364258,34.31345748901367,355.6523132324219,-39.93165588378906,23.993099212646484,1.0664708614349365,0.8394913673400879
SB71888_component_249a,356.335318,-38.564532,19.17300033569336,104.20108795166016,356.3354797363281,-38.56443405151367,27.897689819335938,0.8730810284614563,0.6872612237930298
SB71888_component_251a,352.232916,-36.994556,19.062000274658203,114.83132934570312,352.233154296875,-36.99444580078125,22.16699981689453,1.092431664466858,0.8599269390106201
SB71888_component_252a,350.27488,-39.488676,19.253999710083008,82.63519287109375,350.2751159667969,-39.488563537597656,16.871538162231445,1.4497696161270142,1.1412118673324585
SB71888_component_256a,349.680609,-40.024375,17.79400062561035,23.505945205688477,349.68072509765625,-40.024288177490234,23.530941009521484,0.960654079914093,0.7561959028244019
SB71888_component_257a,349.643082,-39.953835,17.958999633789062,26.17930030822754,349.643310546875,-39.9537353515625,30.380470275878906,0.7509661316871643,0.5911363363265991
SB71888_component_259a,355.812934,-37.039155,18.45199966430664,102.5111083984375,355.8131103515625,-37.039119720458984,21.328990936279297,1.0990206003189087,0.8651135563850403
SB71888_component_260a,350.010034,-39.642001,18.979000091552734,64.11824035644531,350.0101623535156,-39.64189529418945,25.50882339477539,0.9451823234558105,0.7440170645713806
SB71888_component_263a,349.381882,-39.996352,19.253999710083008,18.407264709472656,349.382080078125,-39.996150970458984,8.037178993225098,3.043336868286133,2.3956165313720703
SB71888_component_264a,352.949053,-39.466223,18.663000106811523,91.93596649169922,352.94927978515625,-39.46613693237305,26.198158264160156,0.9049892425537109,0.7123783230781555
SB71888_component_268a,356.7765,-36.681531,18.913000106811523,97.99481964111328,356.7767333984375,-36.6814079284668,26.680770874023438,0.9005229473114014,0.7088626027107239
SB71888_component_269a,349.357829,-39.402987,18.10700035095215,42.90758514404297,349.35791015625,-39.40298080444336,11.241714477539062,2.0461935997009277,1.6106973886489868
SB71888_component_270a,352.993203,-34.715205,17.924999237060547,56.015625,352.9933166503906,-34.71515655517578,23.717742919921875,0.9601045250892639,0.7557632923126221
SB71888_component_274a,352.420257,-36.128954,16.753000259399414,99.13018035888672,352.4205322265625,-36.1289176940918,17.99131202697754,1.1829394102096558,0.9311716556549072
SB71888_component_276a,357.087939,-37.723046,18.624000549316406,40.48695755004883,357.0880432128906,-37.72290802001953,27.410377502441406,0.8631587624549866,0.6794506907463074
SB71888_component_279a,353.446311,-35.533797,16.02899932861328,95.41071319580078,353.4465026855469,-35.53374099731445,22.975540161132812,0.8862850069999695,0.6976549625396729
SB71888_component_285a,351.609198,-34.641641,16.82699966430664,37.89864730834961,351.609375,-34.64152145385742,23.550933837890625,0.9076768159866333,0.7144939303398132
SB71888_component_286a,349.830598,-38.792199,16.51300048828125,63.51154327392578,349.8307800292969,-38.79210662841797,23.224058151245117,0.903276264667511,0.7110299468040466
SB71888_component_287a,353.29248,-36.278786,15.498000144958496,92.80239868164062,353.2927551269531,-36.27872085571289,21.437856674194336,0.9183897376060486,0.7229267358779907
SB71888_component_289a,350.252915,-36.040314,16.548999786376953,88.49732208251953,350.25311279296875,-36.04022216796875,27.96285057067871,0.751835823059082,0.5918208956718445
SB71888_component_293a,354.657973,-35.980825,16.552000045776367,102.17283630371094,354.6581115722656,-35.98080825805664,18.98019027709961,1.1078542470932007,0.8720671534538269
SB71888_component_295a,357.709213,-35.002602,16.673999786376953,15.819733619689941,357.7093505859375,-35.00259780883789,19.978830337524414,1.0602357387542725,0.8345834016799927
SB71888_component_298a,355.683683,-37.241193,16.635000228881836,93.9830551147461,355.6839294433594,-37.241146087646484,22.8830623626709,0.9235095381736755,0.7269569039344788
SB71888_component_299a,349.986738,-35.076401,15.347000122070312,29.23238182067871,349.98687744140625,-35.076351165771484,19.662132263183594,0.9915750622749329,0.780535876750946
SB71888_component_300a,355.518549,-39.289855,15.845999717712402,80.4365463256836,355.51873779296875,-39.289794921875,19.029836654663086,1.0578334331512451,0.8326923847198486
SB71888_component_301a,353.09446,-38.702068,16.231000900268555,102.72785186767578,353.09466552734375,-38.70195770263672,19.055482864379883,1.0820767879486084,0.8517758846282959
SB71888_component_302a,352.830877,-38.301355,15.258000373840332,89.22807312011719,352.83111572265625,-38.30122756958008,19.045629501342773,1.0177357196807861,0.8011286854743958
SB71888_component_303a,354.585474,-35.99566,14.678000450134277,92.89873504638672,354.5856018066406,-35.995670318603516,17.614992141723633,1.0585640668869019,0.8332675099372864
SB71888_component_306a,352.491916,-35.74256,15.40999984741211,87.55681610107422,352.4921569824219,-35.74251937866211,8.207141876220703,2.3853023052215576,1.877632975578308
SB71888_component_309a,357.143263,-35.266586,15.829999923706055,52.07236862182617,357.1434020996094,-35.26651382446289,22.414960861206055,0.8971717953681946,0.7062247395515442
SB71888_component_317a,355.405166,-34.375792,15.744000434875488,19.97969627380371,355.4053955078125,-34.375732421875,27.841203689575195,0.7183892130851746,0.5654928088188171
SB71888_component_318a,354.171555,-38.186619,15.774999618530273,97.98136138916016,354.1717529296875,-38.1865119934082,17.43817138671875,1.1492146253585815,0.9046246409416199
SB71888_component_319a,354.744455,-35.272993,15.675000190734863,86.12637329101562,354.74456787109375,-35.272945404052734,20.925636291503906,0.9516157507896423,0.7490811944007874
SB71888_component_321a,350.745946,-35.646601,15.411999702453613,83.7608642578125,350.74615478515625,-35.64655303955078,23.74709129333496,0.8244822025299072,0.6490057706832886
SB71888_component_322a,356.135848,-37.013914,15.128999710083008,87.95929718017578,356.1361083984375,-37.0137939453125,19.806541442871094,0.9703631401062012,0.763838529586792
SB71888_component_328a,351.950114,-36.334733,14.946000099182129,85.40571594238281,351.9504089355469,-36.33467483520508,19.714298248291016,0.9631111025810242,0.7581299543380737
SB71888_component_336a,355.72115,-38.123564,13.824000358581543,82.77845001220703,355.72137451171875,-38.12348556518555,19.00326919555664,0.9241407513618469,0.7274538278579712
SB71888_component_337a,353.020852,-37.526255,15.206000328063965,88.40697479248047,353.0210876464844,-37.526161193847656,22.482872009277344,0.8592032194137573,0.6763371229171753
SB71888_component_341a,355.254805,-38.00225,13.871000289916992,83.05988311767578,355.2549743652344,-38.00212860107422,18.60839080810547,0.9469600915908813,0.7454164028167725
SB71888_component_344a,353.897945,-35.101391,12.730999946594238,60.91387176513672,353.8980712890625,-35.101341247558594,14.008002281188965,1.1545666456222534,0.9088376760482788
SB71888_component_349a,355.51385,-35.544031,14.055999755859375,79.86363220214844,355.5139465332031,-35.543983459472656,18.773910522460938,0.951129674911499,0.7486985325813293
SB71888_component_350a,354.151602,-38.123167,13.817000389099121,81.75740051269531,354.15185546875,-38.123050689697266,19.270614624023438,0.9108585119247437,0.7169983983039856
SB71888_component_351a,351.453476,-36.076372,13.017000198364258,77.94611358642578,351.4537658691406,-36.07632827758789,19.936031341552734,0.8294780850410461,0.6529383659362793
SB71888_component_355a,352.624918,-39.281517,14.331999778747559,87.39024353027344,352.6250915527344,-39.28141403198242,18.459938049316406,0.986300528049469,0.7763839364051819
SB71888_component_360a,350.89894,-37.860622,14.199000358581543,86.0545425415039,350.89910888671875,-37.86053466796875,20.653486251831055,0.8733677268028259,0.6874868869781494
SB71888_component_361a,353.490316,-39.06882,12.916999816894531,77.8132553100586,353.4905090332031,-39.06867599487305,15.168096542358398,1.0818406343460083,0.8515900373458862
SB71888_component_365a,353.161287,-35.99672,13.102999687194824,84.53548431396484,353.16156005859375,-35.9967155456543,17.250774383544922,0.9649278521537781,0.7595601081848145
SB71888_component_366a,355.323522,-35.707334,13.107000350952148,74.05084991455078,355.3236083984375,-35.7072868347168,17.64441680908203,0.9436886310577393,0.7428412437438965
SB71888_component_369a,353.967642,-36.482812,13.805999755859375,81.69230651855469,353.96783447265625,-36.482730865478516,18.633686065673828,0.9412431120872498,0.7409161925315857
SB71888_component_371a,349.835313,-36.265427,12.538000106811523,41.24342346191406,349.83544921875,-36.265342712402344,16.051101684570312,0.992330014705658,0.7811301946640015
SB71888_component_372a,352.06725,-35.585758,13.243000030517578,76.99418640136719,352.06744384765625,-35.58576202392578,19.373119354248047,0.8683995008468628,0.6835760474205017
SB71888_component_373a,354.004362,-37.947881,13.38599967956543,78.74117279052734,354.00457763671875,-37.94777297973633,17.651004791259766,0.9634165167808533,0.7583703994750977
SB71888_component_374a,352.379946,-36.056653,12.357999801635742,74.89696502685547,352.3802185058594,-36.056617736816406,18.228687286376953,0.8612425923347473,0.6779423952102661
SB71888_component_377a,351.067484,-35.732221,12.526000022888184,71.17045593261719,351.0677490234375,-35.7321662902832,18.12649917602539,0.8778719305992126,0.6910324692726135
SB71888_component_380a,353.272026,-35.184594,13.09000015258789,77.45561981201172,353.2722473144531,-35.18457794189453,17.082828521728516,0.9734476208686829,0.7662665247917175
SB71888_component_383a,350.261263,-38.335465,12.57699966430664,55.65044021606445,350.2614440917969,-38.33533477783203,18.103378295898438,0.8825719952583313,0.6947321891784668
SB71888_component_389a,352.617287,-34.770802,11.494999885559082,36.9614143371582,352.6173400878906,-34.77077865600586,16.153135299682617,0.9040341973304749,0.7116265296936035
SB71888_component_391a,356.677928,-39.334843,11.435999870300293,35.62616729736328,356.67822265625,-39.334739685058594,17.069137573242188,0.8511287569999695,0.6699811220169067
SB71888_component_393a,355.094985,-36.430833,11.753999710083008,72.11042785644531,355.0951843261719,-36.430721282958984,14.32732105255127,1.042205572128296,0.8203906416893005
SB71888_component_395a,353.011886,-38.379672,11.979000091552734,69.64534759521484,353.0120849609375,-38.37956619262695,15.734652519226074,0.9671550989151001,0.7613133192062378
SB71888_component_397a,355.657021,-35.559915,12.069999694824219,62.86458206176758,355.6571044921875,-35.559906005859375,15.981146812438965,0.9594713449478149,0.755264937877655
SB71888_component_399a,350.16519,-35.591084,11.668999671936035,47.05241775512695,350.16534423828125,-35.591026306152344,12.054342269897461,1.2297669649124146,0.9680328965187073
SB71888_component_402a,356.772012,-39.89321,11.751999855041504,14.401961326599121,356.7721862792969,-39.893043518066406,16.27826499938965,0.9171416163444519,0.721944272518158
SB71888_component_404a,350.817467,-38.235331,11.357999801635742,66.42105102539062,350.817626953125,-38.2352409362793,16.462617874145508,0.876467227935791,0.6899266839027405
SB71888_component_405a,356.193382,-38.306982,10.77299976348877,57.0,356.19354248046875,-38.306884765625,11.507160186767578,1.1893267631530762,0.9361996650695801
SB71888_component_406a,356.050151,-37.619806,11.430000305175781,64.5762710571289,356.0504455566406,-37.619693756103516,15.564545631408691,0.9329159259796143,0.7343613505363464
SB71888_component_408a,357.38349,-35.028268,10.954999923706055,21.06730842590332,357.3837585449219,-35.02816390991211,15.111461639404297,0.9209554195404053,0.7249464392662048
SB71888_component_411a,354.116015,-38.284183,12.342000007629395,69.72881317138672,354.11627197265625,-38.28411102294922,17.98519515991211,0.8717724084854126,0.6862310767173767
SB71888_component_412a,356.853505,-37.887134,11.607999801635742,41.90613555908203,356.8537292480469,-37.88700485229492,16.07053565979004,0.9176133871078491,0.7223156690597534
SB71888_component_413a,354.369159,-35.995945,10.854999542236328,63.85293960571289,354.36932373046875,-35.99593734741211,14.682312965393066,0.9392215609550476,0.7393249273300171
SB71888_component_414a,352.194768,-37.917992,11.081000328063965,69.69182586669922,352.1949462890625,-37.917850494384766,15.632303237915039,0.9005103707313538,0.7088527083396912
SB71888_component_415a,349.9847,-37.727487,10.982999801635742,60.01639175415039,349.98480224609375,-37.727439880371094,14.66748046875,0.9512576460838318,0.7487993240356445
SB71888_component_419a,357.079468,-35.995727,11.015000343322754,18.669492721557617,357.07952880859375,-35.99571990966797,14.634592056274414,0.956173300743103,0.7526687383651733
SB71888_component_422a,350.20174,-37.606327,10.402000427246094,60.127174377441406,350.20184326171875,-37.60626983642578,12.655816078186035,1.0441416501998901,0.8219146132469177
SB71888_component_423a,356.761706,-39.289684,10.539999961853027,31.842899322509766,356.76190185546875,-39.289588928222656,15.14838695526123,0.8839077353477478,0.6957836747169495
SB71888_component_425a,352.897692,-39.611137,10.984000205993652,42.573646545410156,352.89788818359375,-39.611061096191406,14.319753646850586,0.9744458198547363,0.7670522928237915
SB71888_component_430a,354.178446,-38.823178,10.503000259399414,63.654544830322266,354.1786193847656,-38.823116302490234,13.632909774780273,0.9787179231643677,0.7704151272773743
SB71888_component_432a,352.929132,-37.838741,10.807999610900879,62.11494064331055,352.9293518066406,-37.838645935058594,10.223361015319824,1.343025803565979,1.057186484336853
SB71888_component_436a,352.694295,-36.820665,10.701000213623047,65.25,352.694580078125,-36.82057571411133,15.466720581054688,0.8789392709732056,0.6918725967407227
SB71888_component_437a,355.29658,-35.392756,10.222999572753906,50.35960388183594,355.2967224121094,-35.392765045166016,7.347392559051514,1.7675749063491821,1.3913779258728027
SB71888_component_439a,355.91359,-38.283915,10.041999816894531,55.48066329956055,355.9137878417969,-38.28385543823242,9.855669021606445,1.2943949699401855,1.0189059972763062
SB71888_component_441a,350.097721,-35.898301,9.890000343322754,50.20304870605469,350.0978698730469,-35.898197174072266,14.599854469299316,0.8605586886405945,0.6774040460586548
SB71888_component_446a,356.443081,-36.501849,10.236000061035156,48.74285888671875,356.4432067871094,-36.50174331665039,5.205948829650879,2.497831344604492,1.9662121534347534
SB71888_component_449a,355.967988,-36.450636,10.302000045776367,55.989131927490234,355.96820068359375,-36.45054244995117,13.257555961608887,0.9871673583984375,0.7770662903785706
SB71888_component_454a,353.005835,-38.858392,9.97700023651123,59.386905670166016,353.0060119628906,-38.85829544067383,14.07091999053955,0.9007623195648193,0.7090510129928589
SB71888_component_461a,350.402253,-37.416106,9.859999656677246,57.66081619262695,350.4024353027344,-37.41605758666992,13.770678520202637,0.9096079468727112,0.7160140872001648
SB71888_component_463a,356.118211,-36.576528,10.128999710083008,56.272216796875,356.1184387207031,-36.57646560668945,8.536399841308594,1.5073862075805664,1.1865657567977905
SB71888_component_464a,352.02277,-39.720589,10.866000175476074,33.640865325927734,352.0230407714844,-39.72047805786133,12.359896659851074,1.1168313026428223,0.8791335821151733
SB71888_component_470a,350.009361,-36.126303,9.609000205993652,43.67727279663086,350.00958251953125,-36.126220703125,13.93697738647461,0.8758754134178162,0.6894608736038208
SB71888_component_472a,353.821443,-37.567335,9.817000389099121,59.13855743408203,353.8216552734375,-37.56721496582031,13.152922630310059,0.9481766223907471,0.7463740706443787
SB71888_component_473a,353.556671,-38.771749,9.52299976348877,58.423309326171875,353.556884765625,-38.77161407470703,13.112066268920898,0.9226465225219727,0.7262775897979736
SB71888_component_474a,351.023712,-36.351306,9.131999969482422,52.182857513427734,351.02386474609375,-36.351192474365234,9.134057998657227,1.2700910568237305,0.999774694442749
SB71888_component_479a,353.311593,-35.58199,9.586999893188477,57.40718460083008,353.3117370605469,-35.58197021484375,13.17131233215332,0.9246691465377808,0.7278697490692139
SB71888_component_481a,351.375047,-34.622708,9.989999771118164,21.255319595336914,351.3752746582031,-34.62260818481445,9.09559440612793,1.3952983617782593,1.0983339548110962
SB71888_component_484a,355.72065,-37.507477,10.291999816894531,63.53086471557617,355.7208557128906,-37.50737380981445,11.879080772399902,1.1006510257720947,0.866396963596344
SB71888_component_487a,355.970627,-39.328312,9.465999603271484,46.86138153076172,355.9708251953125,-39.328216552734375,12.341836929321289,0.974359929561615,0.7669846415519714
SB71888_component_491a,355.182249,-39.828688,9.156000137329102,20.4375,355.18255615234375,-39.828651428222656,7.350490093231201,1.5824216604232788,1.245631217956543
SB71888_component_492a,356.460237,-37.450254,9.336000442504883,43.830989837646484,356.4604797363281,-37.450130462646484,11.560164451599121,1.0259579420089722,0.8076010346412659
SB71888_component_493a,349.8713,-36.079367,9.503000259399414,39.106998443603516,349.8714294433594,-36.07926559448242,11.768808364868164,1.025795817375183,0.8074734210968018
SB71888_component_494a,355.790359,-39.074675,8.822999954223633,51.0,355.79046630859375,-39.074527740478516,12.423977851867676,0.9021698832511902,0.7101590037345886
SB71888_component_503a,352.582968,-38.94629,9.456999778747559,58.018402099609375,352.5832214355469,-38.94622802734375,15.170963287353516,0.7919047474861145,0.6233618259429932
SB71888_component_509a,356.1711,-36.203408,9.925000190734863,51.69270706176758,356.1711730957031,-36.20335388183594,5.543064594268799,2.2746431827545166,1.7905257940292358
SB71888_component_510a,350.44046,-36.71286,9.043999671936035,43.27272415161133,350.4405822753906,-36.71278762817383,12.576752662658691,0.9135340452194214,0.719104528427124
SB71888_component_512a,354.45765,-36.609589,9.166999816894531,56.58641815185547,354.45782470703125,-36.6095085144043,12.170023918151855,0.9569042921066284,0.753244161605835
SB71888_component_514a,355.95196,-37.476238,9.628000259399414,58.000003814697266,355.95220947265625,-37.47620391845703,12.477954864501953,0.9802241325378418,0.7716008424758911
SB71888_component_515a,356.90137,-37.559473,10.07800006866455,27.237836837768555,356.9017028808594,-37.559364318847656,14.901275634765625,0.8591789603233337,0.6763179302215576
SB71888_component_517a,350.025473,-38.260222,9.979000091552734,33.942176818847656,350.0255126953125,-38.26015090942383,12.963465690612793,0.9779093861579895,0.7697787284851074
SB71888_component_518a,356.330565,-40.005945,10.210000038146973,15.611620903015137,356.33074951171875,-40.005889892578125,10.908428192138672,1.1890395879745483,0.9359735250473022
SB71888_component_520a,356.201136,-38.834777,9.258000373840332,45.60591506958008,356.2012634277344,-38.834716796875,12.697982788085938,0.9262221455574036,0.7290922403335571
SB71888_component_524a,352.481491,-35.348379,8.776000022888184,49.5819206237793,352.481689453125,-35.34833908081055,12.164963722229004,0.9164705872535706,0.7214160561561584
SB71888_component_533a,356.035905,-38.157402,8.388999938964844,40.72330093383789,356.0361328125,-38.157318115234375,12.590705871582031,0.8464334607124329,0.6662850975990295
SB71888_component_537a,355.806583,-36.631327,9.430999755859375,55.152042388916016,355.8068542480469,-36.6312141418457,12.977545738220215,0.9232044219970703,0.7267167568206787
SB71888_component_540a,354.921841,-37.932726,9.085000038146973,56.42857360839844,354.92205810546875,-37.932621002197266,12.172602653503418,0.9481438398361206,0.7463482022285461
SB71888_component_541a,357.356289,-35.042664,8.342000007629395,18.01727867126465,357.3565368652344,-35.04264450073242,7.778024196624756,1.3624908924102783,1.0725089311599731
SB71888_component_543a,355.016264,-39.280424,9.206000328063965,53.83625793457031,355.0165100097656,-39.28032684326172,11.414958000183105,1.0245410203933716,0.8064857125282288
SB71888_component_545a,352.987182,-38.326549,8.276000022888184,47.022727966308594,352.9873962402344,-38.3264274597168,9.963515281677246,1.0552141666412354,0.8306305408477783
SB71888_component_546a,349.547094,-38.897832,8.8100004196167,26.298507690429688,349.54718017578125,-38.89775085449219,13.101431846618652,0.8542596101760864,0.6724455952644348
SB71888_component_547a,349.821044,-37.132006,9.041999816894531,28.168222427368164,349.8211669921875,-37.131919860839844,12.237092018127441,0.9386830925941467,0.7389010190963745
SB71888_component_554a,353.608301,-35.378151,8.607000350952148,48.08380126953125,353.6083984375,-35.37813949584961,11.769848823547363,0.9289956092834473,0.7312753796577454
SB71888_component_557a,350.150284,-38.122325,8.072999954223633,34.063289642333984,350.1505126953125,-38.122310638427734,7.913097858428955,1.2960481643676758,1.0202072858810425
SB71888_component_558a,354.971208,-35.167251,8.770000457763672,44.07035446166992,354.9713439941406,-35.167205810546875,9.026859283447266,1.2342287302017212,0.9715450406074524
SB71888_component_559a,350.258465,-34.742068,9.03600025177002,17.964214324951172,350.2586669921875,-34.74205017089844,9.262144088745117,1.2393598556518555,0.975584089756012
SB71888_component_562a,351.406206,-37.162137,8.324999809265137,49.55356979370117,351.4063415527344,-37.162078857421875,9.356816291809082,1.1302872896194458,0.8897256851196289
SB71888_component_566a,350.279946,-37.975279,8.406000137329102,39.280372619628906,350.2799987792969,-37.975242614746094,11.640849113464355,0.9173550605773926,0.7221122980117798
SB71888_component_569a,354.247448,-37.763159,8.218999862670898,48.3470573425293,354.2476501464844,-37.76301574707031,9.888729095458984,1.055871844291687,0.8311482667922974
SB71888_component_570a,351.03212,-37.143281,8.390999794006348,48.502891540527344,351.03228759765625,-37.14323425292969,12.651436805725098,0.8425710797309875,0.6632447838783264
SB71888_component_571a,352.65767,-37.087588,8.996999740600586,56.23125076293945,352.6579284667969,-37.08748245239258,12.080972671508789,0.9460813999176025,0.7447248101234436
SB71888_component_574a,352.436114,-37.401818,8.359000205993652,45.42934799194336,352.4363708496094,-37.40160369873047,9.653865814208984,1.099982500076294,0.8658707737922668
SB71888_component_576a,352.04563,-38.916723,8.744999885559082,54.316768646240234,352.04583740234375,-38.91653823852539,11.4230375289917,0.9725477695465088,0.7655581831932068
SB71888_component_577a,354.395649,-38.906561,7.886000156402588,48.380367279052734,354.39593505859375,-38.90646743774414,11.878812789916992,0.8433666825294495,0.6638710498809814
SB71888_component_578a,353.829473,-37.780018,8.230999946594238,52.094932556152344,353.8297119140625,-37.77986526489258,6.149618625640869,1.7003453969955444,1.3384569883346558
SB71888_component_579a,352.815749,-35.229128,8.161999702453613,46.375,352.8159484863281,-35.22915267944336,7.448680400848389,1.3920342922210693,1.0957645177841187
SB71888_component_582a,356.244107,-37.488917,8.468000411987305,39.02304458618164,356.2442932128906,-37.48888397216797,12.624971389770508,0.852085530757904,0.6707342267036438
SB71888_component_583a,349.905719,-35.676702,7.640999794006348,27.28928565979004,349.9058532714844,-35.67667007446289,9.2398681640625,1.050550937652588,0.8269598484039307
SB71888_component_584a,355.632871,-35.763854,8.178000450134277,47.824562072753906,355.633056640625,-35.76380920410156,11.220999717712402,0.9258663654327393,0.7288120985031128
SB71888_component_585a,352.617926,-35.656631,8.376999855041504,46.281768798828125,352.6181335449219,-35.65664291381836,11.85505485534668,0.8976719379425049,0.7066183686256409
SB71888_component_586a,353.370345,-36.94836,8.105999946594238,52.98039245605469,353.3706359863281,-36.948219299316406,10.173422813415527,1.0122137069702148,0.7967819571495056
SB71888_component_590a,351.857287,-38.008424,7.460000038146973,44.404762268066406,351.8574523925781,-38.00831604003906,10.2665376663208,0.9230974912643433,0.7266325354576111
SB71888_component_591a,355.552093,-38.415825,7.428999900817871,41.73595428466797,355.55230712890625,-38.41572189331055,7.366878986358643,1.2810896635055542,1.0084325075149536
SB71888_component_595a,355.013755,-37.626965,8.42199993133545,56.90540313720703,355.01385498046875,-37.62694549560547,10.89520263671875,0.9820025563240051,0.7730007767677307
SB71888_component_596a,357.175317,-37.073002,8.201000213623047,26.201278686523438,357.1755676269531,-37.07295608520508,8.724770545959473,1.1941132545471191,0.9399674534797668
SB71888_component_598a,351.773148,-35.014802,8.395999908447266,40.95609664916992,351.7733154296875,-35.01469039916992,10.68803596496582,0.9979465007781982,0.7855512499809265
SB71888_component_612a,353.16457,-36.377654,8.069999694824219,48.909088134765625,353.164794921875,-36.377662658691406,8.132205963134766,1.2606596946716309,0.9923506379127502
SB71888_component_615a,349.324956,-39.169744,7.0879998207092285,17.415233612060547,349.3250427246094,-39.169803619384766,5.454167366027832,1.6509273052215576,1.2995567321777344
SB71888_component_616a,351.205156,-37.470844,7.952000141143799,46.77647018432617,351.205322265625,-37.47077178955078,11.743151664733887,0.8602495193481445,0.6771606206893921
SB71888_component_619a,353.76546,-36.495683,7.664999961853027,45.625,353.7657165527344,-36.49555969238281,5.630836486816406,1.7293064594268799,1.3612542152404785
SB71888_component_621a,349.163414,-39.688558,8.22700023651123,10.008515357971191,349.1639099121094,-39.688621520996094,9.758744239807129,1.0709773302078247,0.84303879737854
SB71888_component_622a,350.68801,-38.864957,7.269999980926514,37.28205108642578,350.6882019042969,-38.86497116088867,8.644230842590332,1.068416953086853,0.841023325920105
SB71888_component_624a,350.833815,-34.624416,8.17199993133545,20.90025520324707,350.8338623046875,-34.624351501464844,10.1338472366333,1.0244404077529907,0.8064064383506775
SB71888_component_629a,349.799024,-35.797808,6.526000022888184,22.349315643310547,349.7991027832031,-35.797752380371094,9.31960391998291,0.8895745277404785,0.7002443671226501
SB71888_component_631a,352.66734,-36.617281,7.60699987411499,47.24844741821289,352.6675109863281,-36.617210388183594,8.209808349609375,1.177099347114563,0.9265745878219604
SB71888_component_634a,356.036731,-38.947647,7.61899995803833,41.633880615234375,356.0368347167969,-38.94748306274414,6.807689666748047,1.421775221824646,1.1191755533218384
SB71888_component_636a,353.562411,-35.323771,7.546999931335449,44.656803131103516,353.5626220703125,-35.32374954223633,11.18004035949707,0.8575584292411804,0.6750422716140747
SB71888_component_640a,354.343313,-36.471687,7.188000202178955,43.30120849609375,354.3435363769531,-36.471588134765625,9.00841999053955,1.0136597156524658,0.7979201674461365
SB71888_component_646a,357.419348,-38.564918,7.390999794006348,17.14849090576172,357.419677734375,-38.5647087097168,6.360876560211182,1.4761106967926025,1.1619467735290527
SB71888_component_647a,355.817092,-36.200526,8.001999855041504,48.20481872558594,355.8172302246094,-36.200462341308594,10.668577194213867,0.9528504610061646,0.7500531673431396
SB71888_component_648a,352.421209,-34.679852,6.554999828338623,16.428571701049805,352.4212951660156,-34.679847717285156,9.809800148010254,0.8488779067993164,0.6682093143463135
SB71888_component_650a,357.618788,-38.539486,8.029000282287598,13.05528450012207,357.6186218261719,-38.53947448730469,5.743753910064697,1.7758175134658813,1.3978663682937622
SB71888_component_655a,352.364762,-36.241604,7.7179999351501465,46.21556854248047,352.36492919921875,-36.241615295410156,11.092875480651855,0.883880078792572,0.6957618594169617
SB71888_component_659a,356.110576,-35.564543,7.750999927520752,36.219627380371094,356.1106872558594,-35.56440353393555,9.302827835083008,1.0584625005722046,0.8331875205039978
SB71888_component_664a,357.131805,-34.852098,7.2270002365112305,19.068601608276367,357.1318664550781,-34.85205078125,9.214387893676758,0.9963784217834473,0.784316897392273
SB71888_component_668a,352.313054,-39.346583,6.986999988555908,38.39011001586914,352.31329345703125,-39.346473693847656,8.36876392364502,1.060625672340393,0.8348903059959412
SB71888_component_670a,353.432898,-34.491724,6.423999786376953,10.21303653717041,353.4330749511719,-34.49177932739258,7.649522304534912,1.0668513774871826,0.8397909998893738
SB71888_component_677a,352.431384,-35.041078,7.060999870300293,33.306602478027344,352.4315185546875,-35.04106521606445,7.466604232788086,1.2013672590255737,0.9456775188446045
SB71888_component_678a,354.637632,-39.67253,6.98199987411499,20.237680435180664,354.6377868652344,-39.67261505126953,7.985605716705322,1.1107202768325806,0.8743231296539307
SB71888_component_680a,349.695951,-38.267933,6.565000057220459,13.53608226776123,349.69622802734375,-38.2679328918457,9.851006507873535,0.8466167449951172,0.666429340839386
SB71888_component_682a,350.420668,-35.40384,6.228000164031982,26.058578491210938,350.4208068847656,-35.40385818481445,9.17749309539795,0.8620992302894592,0.6786167025566101
SB71888_component_686a,354.182392,-39.304636,6.942999839782715,38.35911560058594,354.1826171875,-39.3044548034668,8.773616790771484,1.0053128004074097,0.7913497686386108
SB71888_component_687a,355.166717,-36.164889,7.418000221252441,45.790122985839844,355.1667785644531,-36.164794921875,10.641044616699219,0.8855953216552734,0.6971120238304138
SB71888_component_688a,353.561774,-37.579739,7.158999919891357,46.187095642089844,353.5619812011719,-37.57958221435547,9.156275749206543,0.9932674765586853,0.7818681001663208
SB71888_component_689a,354.343275,-37.483898,6.665999889373779,33.16417694091797,354.3435974121094,-37.48377227783203,8.225820541381836,1.029482126235962,0.8103750944137573
SB71888_component_690a,356.48798,-36.873891,6.729000091552734,39.81657028198242,356.4881286621094,-36.87381362915039,8.666890144348145,0.9863248467445374,0.7764030694961548
SB71888_component_693a,352.321743,-35.85787,7.026000022888184,42.07185745239258,352.3221130371094,-35.8578987121582,9.213639259338379,0.9687454104423523,0.7625651359558105
SB71888_component_700a,357.423854,-38.057792,6.583000183105469,13.352941513061523,357.4239807128906,-38.057647705078125,6.336818218231201,1.3197307586669922,1.0388494729995728
SB71888_component_701a,355.813664,-38.045803,6.308000087738037,37.772457122802734,355.8140563964844,-38.045684814453125,8.436500549316406,0.9498654007911682,0.7477033734321594
SB71888_component_703a,349.618117,-35.64716,6.270999908447266,14.790094375610352,349.61834716796875,-35.64714431762695,7.56410026550293,1.0532033443450928,0.829047679901123
SB71888_component_704a,353.974094,-37.369654,6.7769999504089355,42.09316635131836,353.97430419921875,-37.369564056396484,6.477241039276123,1.3291687965393066,1.0462788343429565
SB71888_component_707a,355.317104,-39.215076,6.2779998779296875,33.752685546875,355.3172607421875,-39.214988708496094,8.224607467651367,0.9697032570838928,0.7633190751075745
SB71888_component_709a,355.072371,-35.89861,6.98799991607666,41.84431076049805,355.07244873046875,-35.89861297607422,8.213770866394043,1.0807942152023315,0.8507663607597351
SB71888_component_710a,352.564722,-39.977607,6.263000011444092,12.834015846252441,352.56500244140625,-39.97745132446289,9.190149307250977,0.8657501339912415,0.6814905405044556
SB71888_component_713a,354.187147,-37.768551,7.077000141143799,37.84492111206055,354.18707275390625,-37.76853561401367,10.758856773376465,0.8356334567070007,0.6577836275100708
SB71888_component_717a,351.576055,-37.508256,6.867000102996826,42.91875076293945,351.5762023925781,-37.50813674926758,9.63061237335205,0.9058282375335693,0.7130388021469116
SB71888_component_718a,353.209705,-37.845829,6.741000175476074,42.93630599975586,353.20989990234375,-37.84568786621094,9.446030616760254,0.906583309173584,0.713633120059967
SB71888_component_721a,354.455687,-35.026237,6.3979997634887695,28.061403274536133,354.455810546875,-35.02625274658203,8.549938201904297,0.9506353139877319,0.7483094930648804
SB71888_component_733a,354.076902,-39.084769,6.7170000076293945,40.2215576171875,354.0770568847656,-39.08464813232422,11.0369873046875,0.7731388807296753,0.6085900068283081
SB71888_component_734a,351.64909,-34.78372,5.925000190734863,19.949495315551758,351.6493225097656,-34.78364562988281,9.399948120117188,0.8007475733757019,0.6303226351737976
SB71888_component_736a,352.678865,-38.740717,6.070000171661377,36.56626892089844,352.67913818359375,-38.740692138671875,7.813798427581787,0.9868683218955994,0.7768309116363525
SB71888_component_740a,354.349611,-36.332879,5.868000030517578,32.78212356567383,354.34979248046875,-36.33279800415039,7.636244773864746,0.9762094020843506,0.7684405446052551
SB71888_component_741a,355.640238,-37.514466,5.989999771118164,34.034088134765625,355.64044189453125,-37.51435470581055,7.002497673034668,1.086692214012146,0.8554090261459351
SB71888_component_743a,354.003713,-36.28077,6.242000102996826,39.25786209106445,354.0038757324219,-36.28083419799805,6.631361484527588,1.195786952972412,0.9412848353385925
SB71888_component_745a,352.810695,-37.081919,6.178999900817871,37.448482513427734,352.8109130859375,-37.08182144165039,8.552467346191406,0.9178241491317749,0.7224815487861633
SB71888_component_747a,356.16924,-37.300475,6.302000045776367,33.70053482055664,356.1695251464844,-37.30038833618164,8.613192558288574,0.9294947981834412,0.7316682934761047
SB71888_component_748a,351.312008,-35.632667,6.019999980926514,35.411766052246094,351.3121337890625,-35.63255310058594,8.126912117004395,0.9410303831100464,0.7407487630844116
SB71888_component_749a,356.757866,-35.488715,6.223999977111816,28.42009162902832,356.75823974609375,-35.48869705200195,4.328456878662109,1.8267083168029785,1.4379258155822754
SB71888_component_751a,354.360924,-37.551773,6.251999855041504,34.54143524169922,354.3610534667969,-37.551666259765625,4.8501973152160645,1.6375412940979004,1.2890197038650513
SB71888_component_755a,350.786972,-36.579506,6.181000232696533,36.14619827270508,350.7869567871094,-36.57938766479492,8.438521385192871,0.9305187463760376,0.7324743270874023
SB71888_component_756a,353.649131,-34.57943,6.216000080108643,12.685713768005371,353.6493225097656,-34.57950973510742,7.9243292808532715,0.9965089559555054,0.7844197154045105
SB71888_component_757a,350.87293,-38.259285,6.21999979019165,36.588233947753906,350.8730163574219,-38.25921630859375,8.42776870727539,0.937584638595581,0.7380363941192627
SB71888_component_759a,353.3484,-34.865214,6.425000190734863,27.109704971313477,353.3485412597656,-34.865047454833984,9.15835952758789,0.8912266492843628,0.7015448808670044
SB71888_component_765a,356.29906,-34.757019,5.215000152587891,16.19565200805664,356.29925537109375,-34.75701141357422,8.1786470413208,0.8100383877754211,0.6376360654830933
SB71888_component_767a,355.300741,-34.717641,5.682000160217285,17.70093536376953,355.3007507324219,-34.717628479003906,8.2968168258667,0.8700064420700073,0.684840977191925
SB71888_component_772a,356.614042,-39.071235,6.1020002365112305,23.559846878051758,356.61431884765625,-39.071170806884766,6.660180568695068,1.1639087200164795,0.9161913990974426
SB71888_component_775a,357.302183,-36.378212,5.177999973297119,10.610655784606934,357.30242919921875,-36.37786102294922,7.968716144561768,0.8254797458648682,0.6497910022735596
SB71888_component_778a,356.750557,-39.65243,5.831999778747559,11.734405517578125,356.7506408691406,-39.652339935302734,8.34399700164795,0.8879245519638062,0.6989455819129944
SB71888_component_779a,352.186283,-35.248709,5.76200008392334,32.925716400146484,352.1863098144531,-35.248722076416016,7.3945393562316895,0.9899080991744995,0.7792236804962158
SB71888_component_784a,353.582509,-36.667169,5.886000156402588,34.421051025390625,353.5826416015625,-36.6671142578125,5.5765204429626465,1.3408793210983276,1.0554969310760498
SB71888_component_786a,357.002554,-35.456384,5.929999828338623,21.962961196899414,357.0027160644531,-35.45628356933594,4.962579250335693,1.5180284976959229,1.1949430704116821
SB71888_component_787a,354.554673,-38.110456,5.795000076293945,36.21875,354.55499267578125,-38.110286712646484,4.7091450691223145,1.5633063316345215,1.2305842638015747
SB71888_component_796a,349.945293,-37.577282,5.388000011444092,29.60439682006836,349.9453430175781,-37.57724380493164,7.628359317779541,0.8972824215888977,0.7063117623329163
SB71888_component_797a,354.782282,-39.696379,5.877999782562256,20.918149948120117,354.7825012207031,-39.6964111328125,5.91898775100708,1.261580228805542,0.9930751919746399
SB71888_component_798a,354.72332,-36.480461,5.5329999923706055,32.35672378540039,354.7235412597656,-36.48037338256836,8.138238906860352,0.8637000918388367,0.6798768043518066
SB71888_component_799a,350.776598,-39.185571,5.644999980926514,28.084575653076172,350.7767333984375,-39.185462951660156,7.310974597930908,0.9808924198150635,0.7721268534660339
SB71888_component_802a,353.630977,-37.716077,5.552000045776367,35.13924026489258,353.6311950683594,-37.715965270996094,7.338267803192139,0.9611443281173706,0.7565818428993225
SB71888_component_803a,351.778949,-39.235592,5.624000072479248,32.508670806884766,351.7791748046875,-39.235572814941406,7.330728530883789,0.9746100306510925,0.7671815752983093
SB71888_component_805a,349.986126,-37.596064,5.519000053405762,29.35638427734375,349.98614501953125,-37.596004486083984,5.0196428298950195,1.3967552185058594,1.0994806289672852
SB71888_component_810a,354.484466,-36.870227,5.953000068664551,39.16447448730469,354.4847106933594,-36.870094299316406,8.35985279083252,0.9046278595924377,0.7120938897132874
SB71888_component_811a,354.050219,-39.625626,5.9770002365112305,22.13703727722168,354.0505065917969,-39.62554931640625,9.115018844604492,0.8330256938934326,0.6557309627532959
SB71888_component_812a,352.921077,-36.393681,5.5320000648498535,32.92857360839844,352.9212951660156,-36.393611907958984,7.189004421234131,0.977566123008728,0.7695084810256958
SB71888_component_813a,355.289448,-39.450347,5.2179999351501465,22.204254150390625,355.2897033691406,-39.45022201538086,7.32691764831543,0.9047226309776306,0.7121685147285461
SB71888_component_818a,356.288375,-36.572604,5.4120001792907715,29.413043975830078,356.2886657714844,-36.57246398925781,6.761246204376221,1.0168660879135132,0.8004441857337952
SB71888_component_819a,352.089822,-36.208349,5.380000114440918,33.625,352.0900573730469,-36.208309173583984,6.548806667327881,1.0436451435089111,0.8215237259864807
SB71888_component_820a,349.486196,-37.876992,5.421999931335449,14.343915939331055,349.4861145019531,-37.87700653076172,8.668865203857422,0.7945659756660461,0.625456690788269
SB71888_component_829a,350.913931,-36.808437,4.857999801635742,28.08092498779297,350.9140319824219,-36.808372497558594,7.92160177230835,0.7790713310241699,0.6132597923278809
SB71888_component_830a,351.399431,-38.38445,5.34499979019165,32.00598907470703,351.39959716796875,-38.38429641723633,6.885081768035889,0.9862143397331238,0.7763161063194275
SB71888_component_831a,355.533304,-36.168509,4.747000217437744,27.439308166503906,355.5335388183594,-36.168392181396484,6.464273929595947,0.9328937530517578,0.7343438863754272
SB71888_component_832a,355.155809,-39.057368,5.758999824523926,34.279762268066406,355.15606689453125,-39.057247161865234,7.689914226531982,0.9513893723487854,0.7489029765129089
SB71888_component_834a,355.509742,-37.838115,4.698999881744385,26.54802131652832,355.5098876953125,-37.83802032470703,3.192246913909912,1.8700002431869507,1.4720039367675781
SB71888_component_835a,351.982191,-35.803151,5.499000072479248,35.477420806884766,351.982421875,-35.80304718017578,5.710634708404541,1.2232974767684937,0.9629402756690979
SB71888_component_836a,350.921407,-35.428776,5.420000076293945,29.944753646850586,350.92144775390625,-35.428680419921875,6.618651390075684,1.0403094291687012,0.8188979625701904
SB71888_component_838a,350.481275,-37.027492,4.994999885559082,26.289472579956055,350.48150634765625,-37.027427673339844,5.164712905883789,1.2286324501037598,0.9671398997306824
SB71888_component_840a,354.436698,-39.251526,5.34499979019165,29.048912048339844,354.4367980957031,-39.25136184692383,4.32819128036499,1.5688230991363525,1.2349269390106201
SB71888_component_842a,353.15453,-39.229293,5.668000221252441,33.14619827270508,353.1548156738281,-39.2292594909668,7.353024482727051,0.9792567491531372,0.770839273929596
SB71888_component_844a,350.059796,-38.181085,5.414000034332275,19.33571434020996,350.05975341796875,-38.18093490600586,8.058465957641602,0.8534903526306152,0.6718400120735168
SB71888_component_846a,351.441488,-39.33751,5.5289998054504395,30.546960830688477,351.44183349609375,-39.337425231933594,7.520471096038818,0.9339728355407715,0.7351932525634766
SB71888_component_847a,356.568267,-35.758881,5.15500020980835,22.02991485595703,356.56842041015625,-35.75877380371094,6.379772663116455,1.0264934301376343,0.8080225586891174
SB71888_component_848a,357.023991,-38.688117,5.14300012588501,17.552900314331055,357.024169921875,-38.68807601928711,4.713117599487305,1.3862481117248535,1.0912097692489624
SB71888_component_852a,350.020698,-36.670314,5.614999771118164,18.11290168762207,350.0209045410156,-36.67020034790039,10.638195991516113,0.6705242395401001,0.527815043926239
SB71888_component_853a,350.070478,-36.079045,5.348999977111816,27.015151977539062,350.0705871582031,-36.07893753051758,7.466827869415283,0.9100582003593445,0.7163684368133545
SB71888_component_854a,356.924721,-38.153664,5.0320000648498535,21.783550262451172,356.9250793457031,-38.153587341308594,6.831676483154297,0.9357203841209412,0.7365688681602478
SB71888_component_860a,354.640996,-34.912989,4.894000053405762,19.343873977661133,354.6409606933594,-34.91294860839844,6.555672645568848,0.948373556137085,0.7465290427207947
SB71888_component_861a,356.347479,-37.872873,5.193999767303467,24.851673126220703,356.3477478027344,-37.872764587402344,7.164101600646973,0.921028196811676,0.7250036597251892
SB71888_component_862a,356.728848,-36.452472,5.099999904632568,21.61016845703125,356.72906494140625,-36.452354431152344,8.254716873168945,0.7848753929138184,0.6178285479545593
SB71888_component_869a,351.398199,-36.429038,5.691999912261963,32.1581916809082,351.3984680175781,-36.4289436340332,8.700286865234375,0.8311205506324768,0.6542313098907471
SB71888_component_873a,353.747704,-39.5951,5.664000034332275,25.061946868896484,353.74798583984375,-39.595008850097656,7.488154888153076,0.9609065055847168,0.756394624710083
SB71888_component_879a,350.181239,-37.564373,5.201000213623047,29.219100952148438,350.18145751953125,-37.564422607421875,6.46563196182251,1.0219005346298218,0.8044071197509766
SB71888_component_882a,353.051625,-38.723657,5.545000076293945,33.81097412109375,353.0519104003906,-38.72353744506836,6.870021343231201,1.0253595113754272,0.807129979133606
SB71888_component_890a,352.254121,-36.928216,5.276000022888184,33.60509490966797,352.2542724609375,-36.92819595336914,7.413305282592773,0.904119074344635,0.7116933465003967
SB71888_component_891a,351.281281,-38.092283,4.747000217437744,29.302471160888672,351.2814025878906,-38.092079162597656,6.852835178375244,0.8799980282783508,0.6927060484886169
SB71888_component_892a,356.418564,-35.465106,5.461999893188477,29.684782028198242,356.4187316894531,-35.464969635009766,6.726525783538818,1.0315577983856201,0.8120090365409851
SB71888_component_894a,357.025365,-36.67604,4.389999866485596,18.680850982666016,357.02557373046875,-36.67589569091797,5.756127834320068,0.9688728451728821,0.7626654505729675
SB71888_component_900a,355.145052,-38.101735,4.822999954223633,29.40853500366211,355.14520263671875,-38.10166549682617,4.296872138977051,1.4259278774261475,1.1224443912506104
SB71888_component_904a,353.798093,-34.674796,4.629000186920166,11.930412292480469,353.7980651855469,-34.67485427856445,6.6770195960998535,0.8807188272476196,0.6932734251022339
SB71888_component_906a,354.693569,-36.952909,4.3979997634887695,26.023666381835938,354.6937561035156,-36.95286178588867,5.906810283660889,0.9458774924278259,0.7445642352104187
SB71888_component_907a,349.775212,-38.561417,4.90500020980835,13.080000877380371,349.7755432128906,-38.561424255371094,6.720479488372803,0.9271959066390991,0.7298586964607239
SB71888_component_911a,355.265764,-38.716137,4.660999774932861,27.417644500732422,355.2660217285156,-38.716064453125,6.441895484924316,0.91917484998703,0.7235447764396667
SB71888_component_912a,351.102106,-38.904284,4.839000225067139,27.033519744873047,351.10235595703125,-38.90419006347656,7.0285420417785645,0.8746274709701538,0.6884785294532776
SB71888_component_916a,353.715737,-39.750255,5.065000057220459,17.169492721557617,353.71575927734375,-39.75017166137695,7.496048927307129,0.8583803772926331,0.6756892800331116
SB71888_component_917a,356.60235,-39.660256,4.75600004196167,11.830845832824707,356.60247802734375,-39.66030502319336,6.297772407531738,0.9593732357025146,0.7551876902580261
SB71888_component_918a,356.79971,-36.389585,5.315000057220459,21.007905960083008,356.79974365234375,-36.38926315307617,7.217791557312012,0.9354738593101501,0.7363748550415039
SB71888_component_920a,355.667709,-35.774808,4.736999988555908,26.463685989379883,355.667724609375,-35.77475357055664,6.358631610870361,0.9463949799537659,0.7449716329574585
SB71888_component_924a,350.077885,-35.507645,4.920000076293945,16.73469352722168,350.0779724121094,-35.50764846801758,5.688800811767578,1.098694920539856,0.8648571372032166
SB71888_component_926a,351.030712,-38.672204,4.882999897003174,28.225433349609375,351.03082275390625,-38.672061920166016,6.648069858551025,0.9330906867980957,0.7344988584518433
SB71888_component_928a,352.546816,-36.028783,5.103000164031982,28.350000381469727,352.54718017578125,-36.02872085571289,5.786813259124756,1.1202600002288818,0.8818325400352478
SB71888_component_931a,351.740329,-37.723757,4.666999816894531,28.631900787353516,351.740478515625,-37.723690032958984,6.194986343383789,0.9570401310920715,0.753351092338562
SB71888_component_934a,350.344354,-38.910438,4.583000183105469,25.043716430664062,350.3445739746094,-38.9102897644043,6.650546073913574,0.8754377365112305,0.689116358757019
SB71888_component_935a,354.891892,-36.808016,4.841000080108643,30.256250381469727,354.89215087890625,-36.807945251464844,6.163690090179443,0.9977620840072632,0.7854061722755432
SB71888_component_936a,350.308368,-39.304339,4.646999835968018,23.9536075592041,350.3084411621094,-39.304203033447266,6.12026309967041,0.9645733833312988,0.7592810392379761
SB71888_component_938a,352.84226,-39.104982,4.541999816894531,28.566038131713867,352.842529296875,-39.104888916015625,3.9021286964416504,1.4786937236785889,1.1639800071716309
SB71888_component_939a,349.811788,-35.677824,4.960000038146973,14.7619047164917,349.8118591308594,-35.677791595458984,6.881669998168945,0.9156311750411987,0.7207552790641785
SB71888_component_941a,357.083842,-35.375679,4.7829999923706055,16.32423210144043,357.08392333984375,-35.37550735473633,6.099517345428467,0.9961795210838318,0.7841603755950928
SB71888_component_948a,354.725205,-35.835264,4.35699987411499,26.089820861816406,354.7255859375,-35.83530807495117,6.5752692222595215,0.8417957425117493,0.6626344323158264
SB71888_component_950a,355.531179,-36.443789,4.86899995803833,29.33132553100586,355.5313415527344,-36.44379806518555,6.503378868103027,0.9511159062385559,0.748687744140625
SB71888_component_951a,353.537022,-35.486829,4.4019999504089355,26.359281539916992,353.53729248046875,-35.48676681518555,4.782812118530273,1.1692285537719727,0.9203790426254272
SB71888_component_952a,355.901137,-38.457041,4.386000156402588,25.5,355.9012145996094,-38.45698928833008,6.254830360412598,0.8908115029335022,0.7012180685997009
SB71888_component_959a,353.520914,-35.35476,4.603000164031982,30.08496856689453,353.5209045410156,-35.35464096069336,6.077418804168701,0.9621760845184326,0.7573939561843872
SB71888_component_964a,349.889699,-36.477096,4.660999774932861,13.789939880371094,349.8898620605469,-36.476993560791016,5.6376800537109375,1.050295114517212,0.8267585039138794
SB71888_component_965a,357.053138,-38.011379,4.046999931335449,13.672296524047852,357.0533447265625,-38.01113510131836,6.3478007316589355,0.8099209666252136,0.6375436186790466
SB71888_component_966a,353.992246,-37.844644,4.5,28.66242027282715,353.9924011230469,-37.84462356567383,6.2022857666015625,0.9217081665992737,0.725538969039917
SB71888_component_967a,354.186551,-35.566203,4.491000175476074,26.11046600341797,354.18658447265625,-35.566402435302734,4.3222198486328125,1.319984793663025,1.039049506187439
SB71888_component_972a,354.718885,-36.979836,4.63700008392334,27.93373680114746,354.7190246582031,-36.97978210449219,5.538095951080322,1.0636759996414185,0.837291419506073
SB71888_component_976a,350.96058,-37.297398,4.308000087738037,23.161291122436523,350.9606628417969,-37.29729461669922,5.205269813537598,1.0513932704925537,0.8276228308677673
SB71888_component_978a,353.121616,-34.680073,4.2230000495910645,13.363924026489258,353.1218566894531,-34.67998504638672,5.27094841003418,1.0178061723709106,0.8011841177940369
SB71888_component_980a,353.602387,-38.85186,4.394000053405762,27.123456954956055,353.6025695800781,-38.851810455322266,6.124549388885498,0.9114201664924622,0.7174405455589294
SB71888_component_981a,355.180783,-38.154675,4.35699987411499,27.062110900878906,355.1810607910156,-38.1545524597168,5.8174333572387695,0.9514563679695129,0.7489557266235352
SB71888_component_983a,350.006969,-35.257961,4.2769999504089355,10.13507080078125,350.0072021484375,-35.2576904296875,1.6417135000228882,3.3095929622650146,2.6052048206329346
SB71888_component_988a,352.758228,-35.557196,4.270999908447266,27.378204345703125,352.7584533691406,-35.55715560913086,4.388541221618652,1.2363518476486206,0.9732162952423096
SB71888_component_992a,350.537705,-39.558089,4.541999816894531,15.608246803283691,350.5379638671875,-39.558082580566406,5.717029571533203,1.0092747211456299,0.7944684624671936
SB71888_component_993a,355.224692,-35.095807,4.49399995803833,16.522058486938477,355.2249755859375,-35.0957145690918,6.841723442077637,0.8344498872756958,0.6568520069122314
SB71888_component_996a,352.093876,-39.302992,4.452000141143799,23.43157958984375,352.0939636230469,-39.30287170410156,5.284141540527344,1.0703195333480835,0.8425210118293762
SB71888_component_997a,351.29391,-36.014594,4.10099983215332,23.843021392822266,351.29437255859375,-36.014591217041016,6.69895601272583,0.7777057886123657,0.6121849417686462
SB71888_component_999a,353.435938,-39.085205,4.449999809265137,26.646705627441406,353.4361572265625,-39.085166931152344,4.932285308837891,1.1461580991744995,0.9022186398506165
SB71888_component_1003a,352.802874,-34.73565,3.809000015258789,11.008670806884766,352.8030700683594,-34.73567581176758,4.697534561157227,1.0300865173339844,0.8108508586883545
SB71888_component_1009a,350.661592,-37.88165,4.376999855041504,23.65945816040039,350.66168212890625,-37.88153839111328,5.666133880615234,0.9813465476036072,0.7724843621253967
SB71888_component_1014a,354.232192,-36.119764,4.2729997634887695,25.58682632446289,354.23248291015625,-36.11976623535156,5.043324947357178,1.0763379335403442,0.847258448600769
SB71888_component_1016a,352.79592,-37.542999,4.116000175476074,24.500001907348633,352.7961730957031,-37.542781829833984,5.2499494552612305,0.9959854483604431,0.7840076088905334
SB71888_component_1020a,356.147699,-38.837509,4.035999774932861,20.804121017456055,356.1477966308594,-38.83745193481445,5.579752445220947,0.9189014434814453,0.7233295440673828
SB71888_component_1022a,355.9178,-37.341337,4.165999889373779,25.716049194335938,355.9180603027344,-37.34120559692383,4.767871856689453,1.1100112199783325,0.8737650513648987
SB71888_component_1023a,352.50997,-38.365285,4.386000156402588,24.64044952392578,352.51025390625,-38.36526107788086,3.9842798709869385,1.3984647989273071,1.1008262634277344
SB71888_component_1029a,356.153306,-37.778114,4.235000133514404,24.47977066040039,356.1534729003906,-37.77816390991211,4.601859092712402,1.1691031455993652,0.9202802777290344
SB71888_component_1031a,355.697593,-36.583492,4.249000072479248,25.59638786315918,355.6979064941406,-36.58346939086914,5.907576084136963,0.9137136936187744,0.7192459106445312
SB71888_component_1032a,353.577385,-35.883991,4.13100004196167,24.44378662109375,353.57757568359375,-35.883975982666016,4.249104022979736,1.2350671291351318,0.9722049832344055
SB71888_component_1033a,352.703868,-39.4622,4.510000228881836,23.48958396911621,352.70404052734375,-39.462188720703125,6.52203369140625,0.8784685730934143,0.6915021538734436
SB71888_component_1038a,355.8934,-37.484293,4.0970001220703125,23.41143035888672,355.8936767578125,-37.483909606933594,2.7988739013671875,1.8595821857452393,1.4638030529022217
SB71888_component_1041a,356.410883,-36.014086,3.9079999923706055,16.700855255126953,356.4110107421875,-36.01395034790039,4.568542957305908,1.0866997241973877,0.8554149866104126
SB71888_component_1048a,350.057543,-38.143363,3.8369998931884766,14.263940811157227,350.0576171875,-38.143348693847656,3.1508066654205322,1.547044277191162,1.2177833318710327
SB71888_component_1054a,357.314441,-38.493098,4.228000164031982,10.730964660644531,357.3147888183594,-38.49304962158203,3.1649041175842285,1.697098970413208,1.3359014987945557
SB71888_component_1055a,356.699851,-35.917374,4.447000026702881,15.5489501953125,356.69989013671875,-35.917301177978516,7.7403244972229,0.729861855506897,0.5745237469673157
SB71888_component_1057a,356.529728,-34.739255,3.9779999256134033,12.548895835876465,356.52972412109375,-34.73928451538086,5.713198184967041,0.8845414519309998,0.6962825059890747
SB71888_component_1063a,351.45587,-36.988202,3.684000015258789,23.16981315612793,351.4560546875,-36.988067626953125,5.351776123046875,0.8744890689849854,0.688369631767273
SB71888_component_1068a,357.026232,-35.272332,4.104000091552734,15.664122581481934,357.0265808105469,-35.272300720214844,5.791338920593262,0.9002458453178406,0.708644449710846
SB71888_component_1073a,353.18873,-38.227016,4.079999923706055,24.727272033691406,353.1889343261719,-38.22686004638672,7.398343086242676,0.7005810737609863,0.5514748096466064
SB71888_component_1076a,350.384698,-35.648672,4.270999908447266,21.039409637451172,350.3850402832031,-35.64857864379883,6.46834135055542,0.8388211131095886,0.66029292345047
SB71888_component_1077a,351.064308,-35.279186,3.747999906539917,20.593406677246094,351.064453125,-35.278961181640625,4.621740818023682,1.0302122831344604,0.8109498023986816
SB71888_component_1084a,355.860509,-39.192147,4.09499979019165,21.439788818359375,355.8607482910156,-39.1920280456543,5.1620893478393555,1.007769227027893,0.7932834029197693
SB71888_component_1086a,354.757999,-38.009863,3.859999895095825,23.113773345947266,354.7581481933594,-38.00975799560547,5.338331699371338,0.9185746908187866,0.723072350025177
SB71888_component_1089a,350.604265,-39.38926,4.043000221252441,17.968891143798828,350.6044921875,-39.38905334472656,5.0446672439575195,1.0181317329406738,0.801440417766571
SB71888_component_1092a,356.051051,-37.061057,3.868000030517578,22.358383178710938,356.05120849609375,-37.06108856201172,2.6656227111816406,1.843403935432434,1.4510680437088013
SB71888_component_1093a,355.727013,-38.340544,3.6489999294281006,21.59171485900879,355.7271728515625,-38.34043502807617,4.122165679931641,1.124556064605713,0.8852142691612244
SB71888_component_1094a,352.212334,-35.861733,3.739000082015991,21.994117736816406,352.2126159667969,-35.861656188964844,5.58005952835083,0.8512347936630249,0.6700645685195923
SB71888_component_1101a,353.8524,-35.169055,3.76200008392334,20.010639190673828,353.8526306152344,-35.16902542114258,5.198587894439697,0.9193187355995178,0.7236580848693848
SB71888_component_1103a,350.485723,-36.89054,4.050000190734863,20.149253845214844,350.4857482910156,-36.890438079833984,3.9320127964019775,1.3084973096847534,1.0300068855285645
SB71888_component_1108a,357.069586,-35.032326,4.045000076293945,13.349835395812988,357.0696716308594,-35.032196044921875,5.678377628326416,0.9049549698829651,0.712351381778717
SB71888_component_1110a,350.104739,-38.148474,3.746000051498413,14.924304008483887,350.1045227050781,-38.14839553833008,4.425647735595703,1.0752851963043213,0.8464297652244568
SB71888_component_1111a,349.908177,-36.286625,3.378999948501587,11.814684867858887,349.90826416015625,-36.28646469116211,5.36124324798584,0.8006733655929565,0.6302642226219177
SB71888_component_1112a,354.819618,-39.801319,3.950000047683716,11.482558250427246,354.8199462890625,-39.801265716552734,4.926968097686768,1.0184743404388428,0.8017100691795349
SB71888_component_1114a,355.30948,-39.534645,4.031000137329102,14.9296293258667,355.3094787597656,-39.534759521484375,4.042198181152344,1.2668579816818237,0.9972296953201294
SB71888_component_1115a,349.669102,-39.087927,3.8559999465942383,16.066667556762695,349.6692810058594,-39.08785629272461,4.850100040435791,1.009994626045227,0.7950351238250732
SB71888_component_1119a,353.847386,-35.981298,3.690999984741211,23.509553909301758,353.8475036621094,-35.981346130371094,5.167672634124756,0.9073644280433655,0.71424800157547
SB71888_component_1123a,353.899023,-35.506909,3.736999988555908,21.726743698120117,353.89923095703125,-35.506935119628906,5.362281799316406,0.8853321075439453,0.6969048380851746
SB71888_component_1125a,350.029376,-37.458233,3.4679999351501465,17.0,350.02935791015625,-37.45811462402344,3.9027774333953857,1.1288546323776245,0.8885979056358337
SB71888_component_1126a,351.752503,-38.01545,3.677999973297119,22.564416885375977,351.75262451171875,-38.015438079833984,5.2555832862854,0.8890445828437805,0.6998271942138672
SB71888_component_1128a,349.719588,-39.512332,3.505000114440918,11.23397445678711,349.7198791503906,-39.51219177246094,4.947848796844482,0.8999208807945251,0.7083886861801147
SB71888_component_1135a,353.917863,-37.627952,3.7950000762939453,22.323530197143555,353.9180908203125,-37.62773513793945,4.776174545288086,1.0094023942947388,0.7945689558982849
SB71888_component_1137a,354.891257,-38.888767,3.4809999465942383,20.238370895385742,354.8913879394531,-38.88862991333008,3.668278932571411,1.2055199146270752,0.9489463567733765
SB71888_component_1143a,351.788911,-35.880792,3.4100000858306885,21.446542739868164,351.7890625,-35.88069152832031,4.062801837921143,1.0662559270858765,0.8393222689628601
SB71888_component_1146a,354.062394,-37.674903,3.5869998931884766,22.702529907226562,354.0624694824219,-37.67474365234375,5.0724406242370605,0.8983532190322876,0.7071546316146851
SB71888_component_1151a,353.933367,-35.80227,3.434999942779541,21.203702926635742,353.9336242675781,-35.802242279052734,4.280224800109863,1.0195132493972778,0.802527904510498
SB71888_component_1153a,350.364344,-38.978664,3.690000057220459,19.020618438720703,350.3644104003906,-38.97865676879883,4.441810131072998,1.0553562641143799,0.8307424187660217
SB71888_component_1156a,351.538089,-38.066342,3.9509999752044678,22.19662857055664,351.53826904296875,-38.066192626953125,5.168480396270752,0.9711288809776306,0.7644413113594055
SB71888_component_1163a,352.516009,-35.84017,3.5980000495910645,22.48750114440918,352.5162353515625,-35.840171813964844,5.157390117645264,0.8862656354904175,0.6976397037506104
SB71888_component_1165a,355.761596,-35.060494,3.3570001125335693,13.374503135681152,355.76177978515625,-35.06031036376953,6.139835357666016,0.6945881247520447,0.5467573404312134
SB71888_component_1166a,356.825385,-36.640684,3.7300000190734863,17.429906845092773,356.8258056640625,-36.640628814697266,5.792349815368652,0.8180630803108215,0.6439528465270996
SB71888_component_1167a,350.400827,-37.659618,3.812000036239624,23.677019119262695,350.4011535644531,-37.659454345703125,4.590583801269531,1.0549155473709106,0.8303954601287842
SB71888_component_1171a,351.655084,-37.381064,3.4639999866485596,22.205127716064453,351.65545654296875,-37.38102340698242,4.724351406097412,0.9314689636230469,0.7332223653793335
SB71888_component_1177a,350.071301,-38.836029,3.690000057220459,17.826087951660156,350.0714111328125,-38.83583450317383,4.217014789581299,1.1116138696670532,0.8750265836715698
SB71888_component_1182a,353.458679,-37.525857,3.4619998931884766,21.2392635345459,353.4588928222656,-37.52571105957031,5.107386112213135,0.8611148595809937,0.67784184217453
SB71888_component_1183a,354.726072,-39.352819,3.8359999656677246,20.083768844604492,354.72637939453125,-39.35272979736328,5.3555989265441895,0.9099201560020447,0.716259777545929
SB71888_component_1185a,355.944095,-38.854079,3.578000068664551,19.76795768737793,355.9442138671875,-38.853912353515625,5.591008186340332,0.8129857778549194,0.6399561762809753
SB71888_component_1187a,349.97346,-37.343378,3.5390000343322754,16.693397521972656,349.97344970703125,-37.34331130981445,3.953310251235962,1.1372406482696533,0.895199179649353
SB71888_component_1189a,353.429425,-37.544698,3.7200000286102295,22.822086334228516,353.4295959472656,-37.54461669921875,4.766576766967773,0.9914460182189941,0.7804343104362488
SB71888_component_1190a,356.830563,-38.159527,3.5989999771118164,17.386472702026367,356.8308410644531,-38.159446716308594,6.434218883514404,0.7105894088745117,0.5593530535697937
SB71888_component_1191a,355.680367,-39.348279,3.2839999198913574,16.177339553833008,355.6805114746094,-39.34816360473633,4.915780067443848,0.8486788868904114,0.6680526733398438
SB71888_component_1192a,355.455472,-38.648519,3.7079999446868896,20.15217399597168,355.4558410644531,-38.648502349853516,3.4115777015686035,1.3807567358016968,1.0868871212005615
SB71888_component_1195a,354.221125,-37.951901,3.691999912261963,22.790122985839844,354.22149658203125,-37.95171356201172,5.277907371520996,0.8886538743972778,0.6995196342468262
SB71888_component_1197a,355.534141,-37.448799,3.5329999923706055,20.304597854614258,355.5343933105469,-37.44873809814453,5.13187837600708,0.8745809197425842,0.6884418725967407
SB71888_component_1198a,353.06265,-36.490713,3.434999942779541,20.446428298950195,353.06298828125,-36.490596771240234,5.001183032989502,0.8725427389144897,0.6868374943733215
SB71888_component_1205a,355.567751,-37.321783,3.5139999389648438,21.041915893554688,355.56793212890625,-37.32172775268555,2.558868646621704,1.7445622682571411,1.3732631206512451
SB71888_component_1207a,355.344131,-38.148583,3.3889999389648438,21.449365615844727,355.344482421875,-38.14850616455078,4.400514125823975,0.978364884853363,0.7701372504234314
SB71888_component_1215a,355.583266,-36.445241,2.9539999961853027,16.977012634277344,355.5835266113281,-36.445213317871094,4.511927127838135,0.8317276239395142,0.6547091603279114
SB71888_component_1216a,351.678269,-36.366838,3.3949999809265137,19.289772033691406,351.67828369140625,-36.366886138916016,4.141716957092285,1.0413388013839722,0.8197083473205566
SB71888_component_1217a,354.25932,-39.258024,3.555999994277954,19.977527618408203,354.25933837890625,-39.257850646972656,4.34820032119751,1.0389267206192017,0.8178095817565918
SB71888_component_1218a,350.616788,-34.923125,3.571000099182129,13.177122116088867,350.61688232421875,-34.923038482666016,3.240666389465332,1.399871826171875,1.1019338369369507
SB71888_component_1223a,353.87276,-37.65638,3.242000102996826,20.389938354492188,353.8728332519531,-37.65641784667969,4.6710591316223145,0.8817193508148193,0.6940610408782959
SB71888_component_1225a,356.57785,-36.958757,3.4059998989105225,19.5747127532959,356.57830810546875,-36.958648681640625,3.049325704574585,1.418971061706543,1.1169682741165161
SB71888_component_1230a,353.928814,-36.634268,3.2750000953674316,20.216049194335938,353.9290771484375,-36.634239196777344,5.154062271118164,0.8072245121002197,0.6354211568832397
SB71888_component_1231a,351.902136,-38.7389,3.4860000610351562,21.000001907348633,351.90252685546875,-38.7388801574707,4.065093040466309,1.0894056558609009,0.8575449585914612
SB71888_component_1232a,355.209181,-38.142501,3.6059999465942383,22.39751625061035,355.2091369628906,-38.14237976074219,4.894724369049072,0.9359015822410583,0.7367115616798401
SB71888_component_1233a,355.115081,-35.377414,3.0230000019073486,16.60988998413086,355.11517333984375,-35.37730407714844,3.952146530151367,0.971712589263916,0.764900803565979
SB71888_component_1237a,354.404418,-36.530318,3.1449999809265137,19.65625,354.40472412109375,-36.530208587646484,4.470828533172607,0.893645703792572,0.703449010848999
SB71888_component_1243a,354.508434,-35.921595,3.5810000896453857,20.69942283630371,354.5085754394531,-35.92153549194336,4.434915542602539,1.0257740020751953,0.8074561953544617
SB71888_component_1244a,355.212305,-37.896841,3.6480000019073486,23.088605880737305,355.2125549316406,-37.89670181274414,5.296096324920654,0.8750475645065308,0.6888092160224915
SB71888_component_1245a,355.33131,-38.77413,3.450000047683716,20.175437927246094,355.3314514160156,-38.774112701416016,4.5901994705200195,0.9548172354698181,0.7516013383865356
SB71888_component_1246a,355.849467,-37.982259,2.9690001010894775,16.86931800842285,355.8497314453125,-37.98237991333008,3.627486228942871,1.0397696495056152,0.8184731602668762
SB71888_component_1248a,354.640192,-35.5584,2.7839999198913574,16.3764705657959,354.6402282714844,-35.55832290649414,4.461109161376953,0.7927916646003723,0.6240600347518921
SB71888_component_1252a,354.482434,-35.191643,3.5269999504089355,19.273223876953125,354.48260498046875,-35.19145965576172,4.464702606201172,1.0035653114318848,0.7899742126464844
SB71888_component_1258a,354.476093,-38.130805,2.9830000400543213,17.242774963378906,354.47637939453125,-38.130836486816406,4.606866359710693,0.8225841522216797,0.6475117206573486
SB71888_component_1261a,355.099081,-37.449474,2.881999969482422,16.56321907043457,355.0993347167969,-37.44948196411133,3.108353853225708,1.1778669357299805,0.9271788597106934
SB71888_component_1262a,356.71196,-38.888156,3.384000062942505,12.216606140136719,356.712158203125,-38.88834762573242,3.762749671936035,1.142504096031189,0.8993423581123352
SB71888_component_1264a,354.875673,-37.472241,3.25,21.241830825805664,354.8759765625,-37.47221374511719,4.214532852172852,0.9796403050422668,0.7711412310600281
SB71888_component_1266a,356.526113,-36.281776,3.1740000247955322,14.626729011535645,356.5259704589844,-36.28160095214844,2.086381196975708,1.9326177835464478,1.521294355392456
SB71888_component_1268a,356.543547,-34.897727,3.2880001068115234,13.047618865966797,356.5436706542969,-34.8975944519043,4.909764289855957,0.8507537841796875,0.669685959815979
SB71888_component_1269a,356.599216,-36.901921,3.118000030517578,16.94565200805664,356.599609375,-36.901790618896484,4.367237091064453,0.9069890975952148,0.7139525413513184
SB71888_component_1273a,355.834968,-38.898026,3.0510001182556152,16.950000762939453,355.8351745605469,-38.89796447753906,4.379998207092285,0.8849138617515564,0.6965756416320801
SB71888_component_1274a,355.782618,-35.692215,3.1050000190734863,16.967212677001953,355.78277587890625,-35.692203521728516,3.7722744941711426,1.0456613302230835,0.823110818862915
SB71888_component_1282a,353.262129,-35.143937,3.071000099182129,18.956790924072266,353.26251220703125,-35.143917083740234,4.466921329498291,0.873382031917572,0.687498152256012
SB71888_component_1287a,350.58084,-39.113786,3.25,16.839378356933594,350.58099365234375,-39.11366653442383,4.226983547210693,0.9767547249794006,0.7688698172569275
SB71888_component_1288a,355.679356,-37.74608,3.1670000553131104,18.52046775817871,355.67938232421875,-37.7460823059082,3.567978858947754,1.1276090145111084,0.8876174092292786
SB71888_component_1292a,353.181992,-37.642492,3.1510000228881836,17.903409957885742,353.1824645996094,-37.64223861694336,4.051074981689453,0.9881226420402527,0.7778182625770569
SB71888_component_1295a,354.391263,-35.110079,3.009000062942505,16.26486587524414,354.3914794921875,-35.11016082763672,3.275747299194336,1.1669292449951172,0.918569028377533
SB71888_component_1299a,352.409088,-36.004423,3.013000011444092,18.83125114440918,352.4093933105469,-36.00444412231445,3.9692516326904297,0.9643245339393616,0.7590851783752441
SB71888_component_1303a,350.734397,-38.971919,3.0920000076293945,16.1884822845459,350.7344970703125,-38.971923828125,4.511306285858154,0.8707026839256287,0.6853890419006348
SB71888_component_1307a,354.192421,-36.494318,2.9000000953674316,18.012422561645508,354.19256591796875,-36.49425506591797,3.588542938232422,1.026626706123352,0.8081274628639221
SB71888_component_1308a,351.9858,-35.338324,3.000999927520752,17.65294075012207,351.9859619140625,-35.33835220336914,2.3404688835144043,1.6289052963256836,1.2822216749191284
SB71888_component_1310a,353.484828,-37.155413,3.1500000953674316,19.936708450317383,353.48504638671875,-37.155303955078125,4.545017242431641,0.8804562091827393,0.6930667161941528
SB71888_component_1313a,351.201275,-39.687901,3.388000011444092,11.682759284973145,351.2014465332031,-39.68784713745117,3.642145872116089,1.1817314624786377,0.9302208423614502
SB71888_component_1318a,353.359532,-37.082556,3.187000036239624,19.79503059387207,353.3597717285156,-37.08245086669922,3.906771659851074,1.0363268852233887,0.8157630562782288
SB71888_component_1320a,352.180609,-35.781745,2.9240000247955322,17.614458084106445,352.18084716796875,-35.781639099121094,3.9939489364624023,0.9300527572631836,0.7321075201034546
SB71888_component_1322a,350.111549,-37.783776,2.878999948501587,15.64673900604248,350.1116943359375,-37.78369903564453,4.428859710693359,0.825814425945282,0.6500544548034668
SB71888_component_1323a,352.690204,-38.151983,3.305999994277954,18.573034286499023,352.69049072265625,-38.15158462524414,3.699880838394165,1.1351358890533447,0.8935422897338867
SB71888_component_1326a,351.717064,-37.60796,3.0269999504089355,19.037736892700195,351.7171630859375,-37.607757568359375,4.388083457946777,0.8763352036476135,0.689822793006897
SB71888_component_1328a,353.494437,-38.247048,2.821000099182129,16.40116310119629,353.4945983886719,-38.246768951416016,3.591926336288452,0.9977193474769592,0.7853724956512451
SB71888_component_1329a,354.381477,-36.748423,2.930999994277954,20.075342178344727,354.3817443847656,-36.74839401245117,3.35923433303833,1.1084299087524414,0.8725202679634094
SB71888_component_1330a,354.095557,-38.948881,2.937000036239624,17.48214340209961,354.0956726074219,-38.948890686035156,3.3353559970855713,1.1186505556106567,0.8805657029151917
SB71888_component_1332a,351.944526,-38.861213,3.0369999408721924,17.354286193847656,351.9447021484375,-38.86114501953125,4.358632564544678,0.885171115398407,0.6967781782150269
SB71888_component_1333a,353.32013,-36.648234,3.2750000953674316,19.969512939453125,353.3204040527344,-36.648033142089844,4.154456615447998,1.0014512538909912,0.7883101105690002
SB71888_component_1340a,352.103275,-39.734082,3.2079999446868896,10.056426048278809,352.1031188964844,-39.73399353027344,4.543867588043213,0.8968945741653442,0.7060064673423767
SB71888_component_1342a,356.177967,-38.987086,3.0329999923706055,16.21925163269043,356.1781005859375,-38.98702621459961,4.644867897033691,0.829529345035553,0.6529787182807922
SB71888_component_1343a,356.907642,-36.413559,3.1089999675750732,11.866412162780762,356.9076232910156,-36.41327667236328,5.103353023529053,0.7739231586456299,0.6092073321342468
SB71888_component_1346a,354.535493,-35.232738,3.0889999866485596,17.551136016845703,354.53546142578125,-35.232627868652344,3.09486722946167,1.2679688930511475,0.9981042146682739
SB71888_component_1348a,355.219838,-37.711621,2.98799991607666,18.0,355.219970703125,-37.71150207519531,3.646632671356201,1.0409294366836548,0.8193860650062561
SB71888_component_1354a,351.413188,-35.445288,3.2360000610351562,19.261905670166016,351.41326904296875,-35.44532775878906,3.2130608558654785,1.2794469594955444,1.0071393251419067
SB71888_component_1362a,354.301325,-36.845702,2.881999969482422,18.47435760498047,354.30133056640625,-36.84574508666992,2.017275810241699,1.8149363994598389,1.4286593198776245
SB71888_component_1367a,350.430684,-36.323955,3.0420000553131104,14.911765098571777,350.4308776855469,-36.32371520996094,3.2756097316741943,1.179776668548584,0.9286820888519287
SB71888_component_1369a,352.24579,-36.753542,2.9579999446868896,19.460527420043945,352.2460021972656,-36.75360107421875,3.139331817626953,1.1969985961914062,0.9422386884689331
SB71888_component_1371a,354.261275,-36.287607,2.878999948501587,17.239521026611328,354.2613830566406,-36.2874641418457,3.6936895847320557,0.9901796579360962,0.7794374227523804
SB71888_component_1372a,353.651187,-38.443069,3.1730000972747803,18.66470718383789,353.6514587402344,-38.44300842285156,2.5050559043884277,1.6091086864471436,1.2666383981704712
SB71888_component_1377a,352.477441,-36.473551,3.065000057220459,18.919754028320312,352.4776611328125,-36.47340774536133,4.117207050323486,0.9457154870033264,0.7444366812705994
SB71888_component_1378a,356.253121,-37.378911,2.5269999504089355,13.230366706848145,356.2533874511719,-37.37879943847656,3.1385512351989746,1.0228424072265625,0.8051485419273376
SB71888_component_1381a,352.628454,-39.192918,3.1730000972747803,19.70807456970215,352.6287536621094,-39.192806243896484,4.615629196166992,0.8733169436454773,0.6874469518661499
SB71888_component_1390a,350.323067,-37.551631,3.059000015258789,18.539392471313477,350.32342529296875,-37.55155563354492,4.379276275634766,0.8873804807662964,0.6985172629356384
SB71888_component_1391a,353.577166,-36.462928,2.812999963760376,16.945783615112305,353.5772705078125,-36.462890625,3.5740127563476562,0.9998764395713806,0.7870705127716064
SB71888_component_1396a,355.735734,-38.80082,2.7130000591278076,14.664864540100098,355.73590087890625,-38.80079650878906,3.5816965103149414,0.9622628688812256,0.7574623227119446
SB71888_component_1398a,353.735029,-35.535519,2.9189999103546143,17.690908432006836,353.7349853515625,-35.53544235229492,3.594513416290283,1.0316364765167236,0.8120709657669067
SB71888_component_1402a,351.511015,-36.262038,2.6419999599456787,15.91566276550293,351.5115051269531,-36.2619514465332,4.062307834625244,0.8262142539024353,0.6503692269325256
SB71888_component_1404a,355.784935,-37.52552,2.9579999446868896,17.819276809692383,355.7851257324219,-37.525394439697266,4.042247772216797,0.9296253323554993,0.7317710518836975
SB71888_component_1405a,356.454151,-38.670717,3.063999891281128,15.793813705444336,356.4544982910156,-38.670597076416016,3.5383641719818115,1.1000664234161377,0.865936815738678
SB71888_component_1411a,352.739467,-36.121871,2.7119998931884766,17.610389709472656,352.73968505859375,-36.121795654296875,3.7209134101867676,0.9259186387062073,0.7288532853126526
SB71888_component_1412a,352.728864,-38.100629,2.6740000247955322,14.938547134399414,352.7289733886719,-38.10053634643555,3.434633255004883,0.9890397787094116,0.7785401940345764
SB71888_component_1417a,351.20623,-36.698973,2.884000062942505,18.487178802490234,351.2065124511719,-36.69899368286133,4.398329734802246,0.8329907655715942,0.6557034850120544
SB71888_component_1418a,354.965068,-36.189457,2.6510000228881836,15.969880104064941,354.96533203125,-36.189491271972656,3.6917946338653564,0.9122311472892761,0.7180789709091187
SB71888_component_1420a,354.28888,-38.280151,2.884999990463257,17.484848022460938,354.28900146484375,-38.280208587646484,2.0784826278686523,1.7633240222930908,1.3880318403244019
SB71888_component_1424a,354.861943,-35.04646,2.618000030517578,12.407583236694336,354.8619689941406,-35.046382904052734,4.982942581176758,0.667446494102478,0.5253923535346985
SB71888_component_1425a,352.863258,-37.457326,2.7699999809265137,16.011560440063477,352.86346435546875,-37.45714569091797,3.369987964630127,1.044201135635376,0.8219614028930664
SB71888_component_1426a,355.556935,-36.974443,3.009000062942505,18.806251525878906,355.5570373535156,-36.97438049316406,3.8147132396698,1.0020583868026733,0.7887880206108093
SB71888_component_1428a,351.991337,-39.032801,2.760999917984009,16.632530212402344,351.9914245605469,-39.03261184692383,3.7633776664733887,0.9320115447044373,0.7336494326591492
SB71888_component_1432a,350.174996,-35.715164,2.989000082015991,14.2333345413208,350.17474365234375,-35.71526336669922,4.007901191711426,0.9474179744720459,0.745776891708374
SB71888_component_1433a,353.315909,-37.887168,2.6670000553131104,17.31818199157715,353.31622314453125,-37.88710021972656,4.229213237762451,0.8011174201965332,0.6306137442588806
SB71888_component_1434a,353.471972,-36.493503,2.9549999237060547,17.801204681396484,353.47216796875,-36.49330139160156,2.71183705329895,1.3842884302139282,1.0896672010421753
SB71888_component_1443a,351.26637,-36.576644,2.5920000076293945,15.069766998291016,351.2665710449219,-36.57661437988281,4.357039928436279,0.755746603012085,0.5948992967605591
SB71888_component_1445a,350.472519,-35.658604,2.74399995803833,13.38536548614502,350.4726867675781,-35.658390045166016,5.294920921325684,0.6583507657051086,0.5182324647903442
SB71888_component_1448a,353.116689,-37.622588,2.7769999504089355,17.03680992126465,353.1168212890625,-37.62232208251953,4.263105869293213,0.8275275826454163,0.65140300989151
SB71888_component_1453a,352.839406,-36.375504,2.9130001068115234,18.554140090942383,352.83984375,-36.37565612792969,3.3606064319610596,1.1011730432510376,0.8668078780174255
SB71888_component_1454a,354.480249,-37.335666,2.625999927520752,16.209875106811523,354.48040771484375,-37.33560562133789,3.748448371887207,0.8899710774421692,0.7005565166473389
SB71888_component_1457a,356.283393,-36.025511,3.005000114440918,15.100502967834473,356.283447265625,-36.025611877441406,3.900522232055664,0.978710949420929,0.7704097032546997
SB71888_component_1463a,354.717802,-38.601724,2.9100000858306885,17.962963104248047,354.7180480957031,-38.601646423339844,3.515791654586792,1.0514837503433228,0.8276941180229187
SB71888_component_1465a,352.448646,-37.931286,2.7209999561309814,16.90062141418457,352.4488220214844,-37.93104934692383,3.637857437133789,0.950201153755188,0.7479677200317383
SB71888_component_1467a,352.592698,-37.09396,2.7119998931884766,15.767440795898438,352.5929870605469,-37.093929290771484,4.024420738220215,0.856089174747467,0.6738857626914978
SB71888_component_1468a,355.239538,-36.449542,2.4860000610351562,15.537500381469727,355.2399597167969,-36.44938659667969,4.263899326324463,0.7406736612319946,0.5830343961715698
SB71888_component_1469a,354.832034,-35.419814,2.7039999961853027,15.363636016845703,354.8320007324219,-35.41973114013672,5.202698707580566,0.6602535247802734,0.519730269908905
SB71888_component_1474a,355.580391,-35.571069,2.7869999408721924,15.229508399963379,355.5802001953125,-35.57101821899414,3.1376190185546875,1.128416657447815,0.8882531523704529
SB71888_component_1475a,353.541618,-38.409315,2.890000104904175,18.291139602661133,353.5418701171875,-38.40930938720703,3.2426090240478516,1.1322335004806519,0.891257643699646
SB71888_component_1480a,351.47304,-36.725508,2.881999969482422,17.361446380615234,351.4731140136719,-36.725425720214844,3.5355048179626465,1.0355600118637085,0.8151593804359436
SB71888_component_1490a,352.895803,-39.305294,2.509000062942505,13.067708969116211,352.8959655761719,-39.30514144897461,4.136486053466797,0.7705518007278442,0.6065534949302673
SB71888_component_1491a,350.614483,-37.836694,2.7829999923706055,15.8125,350.614501953125,-37.83665466308594,4.54847526550293,0.7772846817970276,0.6118533611297607
SB71888_component_1495a,353.397874,-39.137428,2.8540000915527344,17.192771911621094,353.3980712890625,-39.13706970214844,3.3117868900299072,1.0947736501693726,0.8617704510688782
SB71888_component_1496a,355.823601,-38.977465,2.5230000019073486,14.094971656799316,355.8238830566406,-38.977481842041016,3.098578453063965,1.0343974828720093,0.8142443299293518
SB71888_component_1497a,353.43773,-37.043365,2.691999912261963,16.216867446899414,353.43792724609375,-37.04318618774414,3.7395176887512207,0.9145178198814392,0.7198789119720459
SB71888_component_1499a,352.054866,-36.336203,2.563999891281128,14.0109281539917,352.0551452636719,-36.33591079711914,3.090149164199829,1.0540744066238403,0.8297333717346191
SB71888_component_1501a,356.166582,-38.083833,2.813999891281128,14.656249046325684,356.16693115234375,-38.08359909057617,2.9833920001983643,1.1982473134994507,0.9432216286659241
SB71888_component_1503a,350.315728,-37.948534,2.38100004196167,11.904999732971191,350.31610107421875,-37.948509216308594,2.9928970336914062,1.0106489658355713,0.7955502867698669
SB71888_component_1509a,353.228293,-36.959499,2.5820000171661377,16.658063888549805,353.2283935546875,-36.95939636230469,3.7163445949554443,0.8826184272766113,0.6947687268257141
SB71888_component_1517a,350.658783,-37.714331,2.9519999027252197,17.063583374023438,350.6587219238281,-37.71440124511719,4.068739414215088,0.9216991066932678,0.725531816482544
SB71888_component_1519a,355.729075,-39.293888,2.803999900817871,14.757894515991211,355.7290954589844,-39.293724060058594,1.8575663566589355,1.9176369905471802,1.5095019340515137
SB71888_component_1521a,353.868042,-34.965809,2.3389999866485596,10.303964614868164,353.8681640625,-34.965972900390625,2.2834091186523438,1.3013052940368652,1.0243455171585083
SB71888_component_1522a,353.306717,-38.647456,2.5250000953674316,14.940829277038574,353.3067932128906,-38.64723205566406,2.477954626083374,1.2944961786270142,1.018985629081726
SB71888_component_1523a,354.958283,-35.498882,2.8289999961853027,15.804469108581543,354.9586181640625,-35.498870849609375,3.8510260581970215,0.9332310557365417,0.7346094250679016
SB71888_component_1526a,356.802596,-36.95747,2.502000093460083,13.238096237182617,356.802978515625,-36.9571647644043,2.8790175914764404,1.104016900062561,0.8690464496612549
SB71888_component_1534a,356.581877,-38.482832,2.2980000972747803,11.320198059082031,356.5821838378906,-38.482879638671875,2.787501573562622,1.04729163646698,0.824394166469574
SB71888_component_1535a,353.776395,-35.171089,2.5179998874664307,13.537633895874023,353.7765197753906,-35.1710205078125,3.1486170291900635,1.0159412622451782,0.7997161746025085
SB71888_component_1538a,351.348297,-35.641329,2.7249999046325684,15.751444816589355,351.3486633300781,-35.64125061035156,4.451486110687256,0.7776679396629333,0.6121550798416138
SB71888_component_1539a,351.313294,-37.141351,2.6429998874664307,15.366277694702148,351.3133239746094,-37.141117095947266,3.8360564708709717,0.8752756714820862,0.6889888048171997
SB71888_component_1541a,352.498759,-35.951252,2.3519999980926514,14.608695983886719,352.4989929199219,-35.95113754272461,3.0897393226623535,0.9670482873916626,0.7612292766571045
SB71888_component_1544a,354.109804,-35.776155,2.374000072479248,14.047337532043457,354.10968017578125,-35.77609634399414,4.016640663146973,0.7508453130722046,0.5910412073135376
SB71888_component_1550a,350.168968,-35.669885,2.2309999465942383,10.281105995178223,350.16937255859375,-35.669921875,2.646350383758545,1.0709888935089111,0.8430478572845459
SB71888_component_1554a,351.359892,-39.167518,2.384000062942505,13.545454978942871,351.3602600097656,-39.1675910949707,1.8571810722351074,1.6307400465011597,1.2836658954620361
SB71888_component_1557a,349.916107,-36.003899,2.377000093460083,10.8538818359375,349.91607666015625,-36.003944396972656,2.5599277019500732,1.1795985698699951,0.928541898727417
SB71888_component_1558a,350.218959,-37.823195,2.4539999961853027,14.184971809387207,350.2192077636719,-37.82310485839844,2.9074645042419434,1.0722421407699585,0.8440343737602234
SB71888_component_1560a,353.249094,-37.164352,2.2339999675750732,14.601306915283203,353.24920654296875,-37.164249420166016,2.980982542037964,0.9520427584648132,0.7494173049926758
SB71888_component_1567a,355.879585,-37.809071,2.5940001010894775,15.721212387084961,355.8798828125,-37.808937072753906,3.2969062328338623,0.9995306730270386,0.7867982387542725
SB71888_component_1573a,351.790354,-37.766673,2.578000068664551,16.849674224853516,351.7904968261719,-37.766632080078125,3.831653594970703,0.8547309041023254,0.6728165745735168
SB71888_component_1574a,350.129082,-38.984847,2.322999954223633,11.974225997924805,350.1290588378906,-38.984798431396484,3.2339866161346436,0.9125227928161621,0.7183084487915039
SB71888_component_1575a,353.749116,-38.62703,2.5859999656677246,14.862069129943848,353.74957275390625,-38.62688446044922,2.5226690769195557,1.302269697189331,1.0251047611236572
SB71888_component_1577a,354.848709,-39.158623,2.5829999446868896,15.467065811157227,354.8486328125,-39.158790588378906,1.7040265798568726,1.925665020942688,1.5158213376998901
SB71888_component_1579a,352.998539,-35.740089,2.2929999828338623,13.730539321899414,352.99859619140625,-35.74033737182617,3.2631635665893555,0.8926843404769897,0.7026923298835754
SB71888_component_1580a,354.918868,-38.023951,2.3410000801086426,14.540372848510742,354.9190368652344,-38.02376174926758,2.558529853820801,1.1623680591583252,0.9149786233901978
SB71888_component_1583a,351.474112,-38.44736,2.2679998874664307,14.823529243469238,351.4739990234375,-38.447166442871094,3.311068296432495,0.8701770305633545,0.684975266456604
SB71888_component_1586a,353.886192,-35.868241,2.506999969482422,15.867087364196777,353.88616943359375,-35.868080139160156,1.7950211763381958,1.7742608785629272,1.3966408967971802
SB71888_component_1587a,356.46684,-39.202433,2.5390000343322754,10.804255485534668,356.4672546386719,-39.20233917236328,3.142023801803589,1.0265637636184692,0.8080779314041138
SB71888_component_1597a,356.793433,-37.06114,2.562000036239624,11.971962928771973,356.7937316894531,-37.0610237121582,2.2550370693206787,1.443305253982544,1.1361232995986938
SB71888_component_1599a,354.049814,-36.397458,2.5889999866485596,15.596385955810547,354.050048828125,-36.39731979370117,3.63716983795166,0.904276430606842,0.71181720495224
SB71888_component_1602a,355.8592,-38.74657,2.3259999752044678,12.994412422180176,355.859375,-38.7467155456543,2.020146131515503,1.462714672088623,1.1514018774032593
SB71888_component_1604a,350.193047,-36.066692,2.174999952316284,12.150836944580078,350.193115234375,-36.06664276123047,2.7284998893737793,1.0126701593399048,0.7971413135528564
SB71888_component_1606a,353.635968,-36.031691,2.382999897003174,16.43448257446289,353.6358642578125,-36.03127670288086,2.012566566467285,1.504203200340271,1.1840602159500122
SB71888_component_1611a,355.992743,-36.183321,2.3450000286102295,13.875740051269531,355.99322509765625,-36.18318176269531,2.9828367233276367,0.9987253546714783,0.786164402961731
SB71888_component_1616a,356.86833,-38.301652,2.505000114440918,11.133334159851074,356.8686218261719,-38.30162811279297,3.6194915771484375,0.8792105317115784,0.6920861601829529
SB71888_component_1629a,356.410771,-38.665044,2.424999952316284,12.247474670410156,356.410888671875,-38.66507339477539,2.4141933917999268,1.2760637998580933,1.0044763088226318
SB71888_component_1631a,350.559648,-38.038007,2.494999885559082,12.994791030883789,350.5597839355469,-38.037994384765625,2.7676877975463867,1.1452126502990723,0.9014744758605957
SB71888_component_1634a,355.578844,-35.95714,2.3429999351501465,14.286584854125977,355.5791015625,-35.95712661743164,2.628727912902832,1.1322942972183228,0.8913056254386902
SB71888_component_1635a,351.813884,-37.545688,2.2090001106262207,14.25161361694336,351.8137512207031,-37.54560089111328,2.9386935234069824,0.9549357295036316,0.7516946196556091
SB71888_component_1636a,352.119501,-37.961525,2.38700008392334,14.826087951660156,352.1197814941406,-37.96125030517578,2.5642457008361816,1.1825662851333618,0.9308780431747437
SB71888_component_1639a,354.234324,-35.043446,2.6429998874664307,14.133688926696777,354.23455810546875,-35.04341506958008,3.965373992919922,0.8467314839363098,0.6665197014808655
SB71888_component_1640a,352.58791,-35.882177,2.056999921798706,12.856249809265137,352.5882263183594,-35.88203811645508,2.7014341354370117,0.9673254489898682,0.7614473700523376
SB71888_component_1642a,352.857751,-38.955655,2.2360000610351562,13.634146690368652,352.858154296875,-38.955421447753906,3.3464741706848145,0.8488227725028992,0.668165922164917
SB71888_component_1643a,355.408214,-38.02333,2.375,14.84375,355.408203125,-38.02332305908203,3.30610728263855,0.9125977754592896,0.7183675169944763
SB71888_component_1648a,352.754329,-39.201302,2.2049999237060547,14.50657844543457,352.75457763671875,-39.201141357421875,3.207062244415283,0.8734416961669922,0.687545120716095
SB71888_component_1651a,351.773409,-37.826512,2.240000009536743,13.913043975830078,351.7735290527344,-37.8264274597168,3.17185115814209,0.8971559405326843,0.7062122225761414
SB71888_component_1654a,351.204895,-36.487822,2.5250000953674316,14.595376968383789,351.2049560546875,-36.48773956298828,2.2169082164764404,1.4469263553619385,1.1389737129211426
SB71888_component_1655a,352.468236,-38.522713,2.11299991607666,12.284882545471191,352.46856689453125,-38.522483825683594,3.5425009727478027,0.7577434778213501,0.5964712500572205
SB71888_component_1662a,356.329016,-37.117075,2.003999948501587,11.133332252502441,356.3294677734375,-37.117061614990234,2.8304834365844727,0.8994350433349609,0.7080062627792358
SB71888_component_1666a,352.270198,-35.329811,2.443000078201294,13.423077583312988,352.2704772949219,-35.32970428466797,3.1095950603485107,0.9980500936508179,0.785632848739624
SB71888_component_1667a,352.898567,-35.841195,2.437000036239624,15.522293090820312,352.8984375,-35.84122085571289,3.523606300354004,0.8786195516586304,0.6916210055351257
SB71888_component_1670a,353.778164,-35.203083,2.4089999198913574,13.458099365234375,353.7781677246094,-35.203067779541016,3.555506467819214,0.8607321381568909,0.6775406002998352
SB71888_component_1674a,355.124364,-36.799178,2.496999979019165,15.704402923583984,355.12445068359375,-36.79907989501953,2.7649567127227783,1.1472629308700562,0.9030882716178894
SB71888_component_1675a,351.323087,-38.82576,2.234999895095825,12.994185447692871,351.3232116699219,-38.82579040527344,3.075233221054077,0.9232773184776306,0.7267740964889526
SB71888_component_1682a,351.681256,-36.129215,2.4000000953674316,14.201184272766113,351.681640625,-36.12912368774414,3.528024196624756,0.8641963601112366,0.6802674531936646
SB71888_component_1685a,355.651237,-39.18413,2.3570001125335693,12.276041984558105,355.6514587402344,-39.183990478515625,3.033552408218384,0.9870537519454956,0.7769768834114075
SB71888_component_1698a,350.604751,-38.950163,2.178999900817871,11.408376693725586,350.6047668457031,-38.950130462646484,3.627440929412842,0.7631142735481262,0.6006989479064941
SB71888_component_1706a,353.926923,-37.225943,2.4030001163482666,15.208860397338867,353.92724609375,-37.22588348388672,2.436119556427002,1.2531062364578247,0.9864048361778259
SB71888_component_1709a,352.10433,-38.273467,2.2279999256134033,12.878612518310547,352.1045837402344,-38.27347946166992,2.9640941619873047,0.9548956155776978,0.7516630291938782
SB71888_component_1712a,353.699443,-37.075784,2.3010001182556152,14.381251335144043,353.69964599609375,-37.07577133178711,3.313420534133911,0.8822116851806641,0.6944485306739807
SB71888_component_1713a,352.634818,-39.071285,2.2109999656677246,14.26451587677002,352.63519287109375,-39.07128143310547,3.119694471359253,0.9003459215164185,0.708723247051239
SB71888_component_1715a,352.533002,-36.637516,2.2869999408721924,14.383647918701172,352.5333251953125,-36.637359619140625,3.475811004638672,0.8358776569366455,0.6579759120941162
SB71888_component_1719a,351.859549,-35.541025,2.3519999980926514,14.886075019836426,351.8599853515625,-35.540924072265625,3.1314585208892822,0.9541648030281067,0.7510877251625061
SB71888_component_1721a,353.926439,-38.24855,2.4019999504089355,14.213017463684082,353.926513671875,-38.24853515625,2.394249200820923,1.2744897603988647,1.003237247467041
SB71888_component_1722a,351.612346,-38.952244,2.25600004196167,13.270587921142578,351.6126708984375,-38.95216751098633,1.7327505350112915,1.6540011167526245,1.301976203918457
SB71888_component_1724a,352.358989,-38.251505,2.0510001182556152,11.924418449401855,352.3589172363281,-38.2512321472168,3.5258965492248535,0.7389734983444214,0.5816960334777832
SB71888_component_1725a,353.739644,-38.954797,2.2760000228881836,14.779220581054688,353.73974609375,-38.954498291015625,3.119067430496216,0.9270009994506836,0.729705274105072
SB71888_component_1738a,353.132343,-37.166707,2.2230000495910645,13.981132507324219,353.1326599121094,-37.166595458984375,2.8290390968322754,0.9982360601425171,0.7857791781425476
SB71888_component_1760a,352.653441,-37.162174,2.0899999141693115,12.294116973876953,352.6534118652344,-37.16202926635742,3.0548996925354004,0.8691245913505554,0.6841468214988708
SB71888_component_1765a,356.364663,-37.959381,2.1480000019073486,11.365079879760742,356.3646545410156,-37.959312438964844,2.0663368701934814,1.3205835819244385,1.0395207405090332
SB71888_component_1767a,350.264176,-38.510809,2.250999927520752,10.231818199157715,350.2642822265625,-38.510738372802734,2.2977118492126465,1.2445508241653442,0.9796702265739441
SB71888_component_1771a,354.278854,-38.894877,2.118000030517578,13.320755004882812,354.2791442871094,-38.894752502441406,2.399458408355713,1.1213610172271729,0.882699191570282
SB71888_component_1776a,355.329515,-37.800706,2.055999994277954,12.31137752532959,355.32958984375,-37.80084228515625,2.8225457668304443,0.9253687262535095,0.7284204363822937
SB71888_component_1779a,350.169134,-39.156367,2.2899999618530273,12.378377914428711,350.1694030761719,-39.156288146972656,2.989471197128296,0.9731366634368896,0.766021728515625
SB71888_component_1781a,354.324571,-37.02145,2.3499999046325684,15.359477043151855,354.32489013671875,-37.02144241333008,1.9934519529342651,1.4975963830947876,1.1788595914840698
SB71888_component_1784a,353.746959,-39.374573,1.9550000429153442,11.107954978942871,353.747314453125,-39.374515533447266,2.865011692047119,0.866868257522583,0.6823707222938538
SB71888_component_1785a,354.795485,-37.181677,2.128000020980835,13.468354225158691,354.79583740234375,-37.18136978149414,2.149801731109619,1.2574940919876099,0.9898587465286255
SB71888_component_1786a,352.422447,-36.644363,2.0989999771118164,13.037266731262207,352.42291259765625,-36.644100189208984,3.516780376434326,0.7582281827926636,0.596852719783783
SB71888_component_1788a,351.446569,-39.260573,2.375999927520752,14.227544784545898,351.4466247558594,-39.26045227050781,3.0071356296539307,1.0037513971328735,0.7901206612586975
SB71888_component_1790a,355.213952,-38.328748,1.9709999561309814,10.711956024169922,355.214111328125,-38.32863235473633,3.4506583213806152,0.7256336212158203,0.5711953639984131
SB71888_component_1793a,356.31377,-38.247094,1.9589999914169312,10.944133758544922,356.31402587890625,-38.246734619140625,2.525787353515625,0.9853042960166931,0.7755997180938721
SB71888_component_1795a,350.619518,-38.123132,2.1059999465942383,11.383783340454102,350.6195983886719,-38.123252868652344,2.4980077743530273,1.0710192918777466,0.8430718183517456
SB71888_component_1803a,355.588478,-35.802467,1.8919999599456787,11.2619047164917,355.58868408203125,-35.80233383178711,2.6015565395355225,0.9238906502723694,0.7272568941116333
SB71888_component_1806a,352.708063,-37.896591,2.2009999752044678,13.101190567016602,352.70819091796875,-37.896427154541016,3.5553855895996094,0.7864407896995544,0.6190608143806458
SB71888_component_1807a,353.579458,-37.817624,1.9700000286102295,12.960526466369629,353.5796203613281,-37.81745529174805,2.9659507274627686,0.8437911868095398,0.6642052531242371
SB71888_component_1808a,353.809306,-37.506605,2.0230000019073486,13.309210777282715,353.8092956542969,-37.50655746459961,2.1396429538726807,1.201122522354126,0.9454848766326904
SB71888_component_1816a,353.721832,-35.487644,2.058000087738037,12.397591590881348,353.7221984863281,-35.4878044128418,2.752854108810425,0.9497185349464417,0.7475878000259399
SB71888_component_1829a,350.207579,-37.754848,1.878000020980835,10.491620063781738,350.2073974609375,-37.7548828125,2.4814200401306152,0.9614529013633728,0.7568247318267822
SB71888_component_1830a,352.685525,-36.124037,2.2079999446868896,13.629629135131836,352.6857604980469,-36.12423324584961,2.815101146697998,0.9964093565940857,0.7843412756919861
SB71888_component_1835a,355.402735,-38.866232,1.9919999837875366,10.82608699798584,355.4029541015625,-38.86643600463867,2.6207401752471924,0.9656018614768982,0.7600905895233154
SB71888_component_1849a,351.776132,-36.852059,1.7790000438690186,10.91411018371582,351.77642822265625,-36.85197448730469,2.9596972465515137,0.763592004776001,0.6010749936103821
SB71888_component_1859a,352.409681,-36.589337,1.965000033378601,11.909090995788574,352.4098815917969,-36.589202880859375,1.7667495012283325,1.412928819656372,1.112212061882019
SB71888_component_1860a,355.803167,-35.231901,2.109999895095825,10.09569263458252,355.8034973144531,-35.2318115234375,2.35947322845459,1.136056900024414,0.8942673802375793
SB71888_component_1866a,353.943534,-36.219989,2.135999917984009,12.867469787597656,353.9437561035156,-36.2198600769043,2.790684700012207,0.9723511934280396,0.7654035091400146
SB71888_component_1873a,354.143783,-37.455779,2.0829999446868896,12.548192977905273,354.14434814453125,-37.45573425292969,2.0792455673217773,1.272671103477478,1.0018056631088257
SB71888_component_1874a,354.072814,-35.673388,1.8969999551773071,11.224851608276367,354.07293701171875,-35.673343658447266,3.4835455417633057,0.6917968392372131,0.5445601344108582
SB71888_component_1883a,352.75933,-36.226609,1.8940000534057617,11.98734188079834,352.7596740722656,-36.22652053833008,2.389940023422241,1.0067594051361084,0.7924885153770447
SB71888_component_1884a,355.415826,-37.602578,2.062000036239624,12.058479309082031,355.41595458984375,-37.602359771728516,1.9456132650375366,1.3463714122772217,1.0598200559616089
SB71888_component_1891a,356.259836,-38.51366,1.9329999685287476,10.5054349899292,356.2602233886719,-38.513614654541016,2.036407232284546,1.2058684825897217,0.9492207169532776
SB71888_component_1896a,350.780257,-35.511744,2.010999917984009,10.64021110534668,350.78057861328125,-35.51153564453125,2.103907346725464,1.2142781019210815,0.955840528011322
SB71888_component_1906a,351.881498,-36.630478,2.015000104904175,13.256580352783203,351.88165283203125,-36.630184173583984,2.2330918312072754,1.1463077068328857,0.9023364186286926
SB71888_component_1908a,355.781067,-39.023981,1.9249999523162842,10.635358810424805,355.7810363769531,-39.02390670776367,3.4666242599487305,0.7054344415664673,0.5552952289581299
SB71888_component_1914a,353.795672,-37.698486,1.9930000305175781,13.11184310913086,353.7957458496094,-37.698097229003906,2.5288307666778564,1.001198649406433,0.7881112694740295
SB71888_component_1916a,352.552452,-38.04633,1.9759999513626099,11.975756645202637,352.5525207519531,-38.04644012451172,1.6487382650375366,1.5225372314453125,1.198492169380188
SB71888_component_1923a,350.91653,-37.942655,1.8799999952316284,10.561797142028809,350.9164123535156,-37.94249725341797,2.784230947494507,0.8577985167503357,0.6752313375473022
SB71888_component_1924a,353.608428,-38.484026,1.965000033378601,12.515923500061035,353.60845947265625,-38.484031677246094,2.150805950164795,1.160630702972412,0.9136110544204712
SB71888_component_1930a,352.166445,-35.873035,1.7760000228881836,10.325581550598145,352.1667785644531,-35.87279510498047,2.30534029006958,0.9786798357963562,0.770385205745697
SB71888_component_1932a,350.434994,-35.882059,1.9299999475479126,10.320855140686035,350.43560791015625,-35.88199234008789,2.7261807918548584,0.8993636965751648,0.7079501152038574
SB71888_component_1934a,354.364129,-38.106124,1.6950000524520874,10.272727012634277,354.36431884765625,-38.1060676574707,2.572634220123291,0.836997926235199,0.6588577628135681
SB71888_component_1936a,350.932906,-37.541682,1.746999979019165,10.276470184326172,350.9329833984375,-37.54155731201172,2.954780101776123,0.7511046528816223,0.5912453532218933
SB71888_component_1949a,353.989084,-35.9297,1.8109999895095825,11.042682647705078,353.9892883300781,-35.929542541503906,1.7101296186447144,1.3453092575073242,1.0589840412139893
SB71888_component_1952a,350.392857,-38.374099,2.0360000133514404,10.441025733947754,350.3932189941406,-38.37388610839844,2.7386600971221924,0.9444356560707092,0.7434292435646057
SB71888_component_1954a,352.830297,-36.735499,2.0920000076293945,12.993788719177246,352.83087158203125,-36.73526382446289,3.211573600769043,0.8275162577629089,0.6513940691947937
SB71888_component_1961a,353.970721,-37.621312,1.815000057220459,11.067072868347168,353.9708557128906,-37.62138366699219,1.5685993432998657,1.4699323177337646,1.15708327293396
SB71888_component_1965a,350.712575,-38.478551,1.8899999856948853,11.385542869567871,350.71234130859375,-38.47861862182617,3.3626654148101807,0.7140207886695862,0.5620541572570801
SB71888_component_1973a,355.134315,-36.374443,1.784000039100647,11.220126152038574,355.134521484375,-36.37437057495117,2.349294900894165,0.9646950364112854,0.7593768239021301
SB71888_component_1975a,352.963219,-35.823222,2.0209999084472656,12.02976131439209,352.9632263183594,-35.82307434082031,1.8121306896209717,1.416803002357483,1.1152616739273071
SB71888_component_1977a,354.188476,-38.468843,1.6410000324249268,10.655844688415527,354.1890563964844,-38.46889114379883,1.4818085432052612,1.406854510307312,1.1074305772781372
SB71888_component_1980a,351.251361,-36.92214,1.9830000400543213,12.55063247680664,351.2516784667969,-36.92232894897461,2.364367723464966,1.0654680728912354,0.8387020230293274
SB71888_component_1984a,350.349362,-36.102336,1.9509999752044678,10.838888168334961,350.3498840332031,-36.10211181640625,2.481778383255005,0.9986814856529236,0.7861298322677612
SB71888_component_1990a,354.974221,-36.519468,1.8079999685287476,11.300000190734863,354.97454833984375,-36.51934051513672,2.635561943054199,0.8714810013771057,0.686001718044281
SB71888_component_1993a,353.663968,-36.847882,1.7569999694824219,10.77914047241211,353.6639709472656,-36.84781265258789,2.2197976112365723,1.0055208206176758,0.7915135622024536
SB71888_component_1996a,351.149489,-39.236466,1.8609999418258667,10.634285926818848,351.14984130859375,-39.236515045166016,2.694422721862793,0.8774317502975464,0.6906859874725342
SB71888_component_2009a,353.251332,-36.861674,1.86899995803833,11.681249618530273,353.2512512207031,-36.86161804199219,1.6196839809417725,1.465924859046936,1.1539287567138672
SB71888_component_2010a,354.363015,-38.763863,1.7450000047683716,10.575757026672363,354.3634033203125,-38.764068603515625,2.012463331222534,1.1015397310256958,0.8670965433120728
SB71888_component_2011a,352.86067,-36.187904,1.875,10.838150978088379,352.86053466796875,-36.18796920776367,2.362217903137207,1.0083563327789307,0.7937455773353577
SB71888_component_2019a,354.966262,-37.502505,1.965000033378601,12.055214881896973,354.9664611816406,-37.50242233276367,2.4280364513397217,1.028111219406128,0.8092959523200989
SB71888_component_2020a,354.477655,-38.363674,1.628999948501587,10.375795364379883,354.478271484375,-38.3637809753418,1.829463243484497,1.1311757564544678,0.8904250860214233
SB71888_component_2037a,352.669577,-36.737695,1.937000036239624,11.59880256652832,352.669921875,-36.73759078979492,2.962498903274536,0.8306233882904053,0.6538399457931519
SB71888_component_2039a,351.944242,-38.65453,1.975000023841858,12.19135856628418,351.9447326660156,-38.654319763183594,2.0914852619171143,1.199623703956604,0.9443050026893616
SB71888_component_2060a,354.719664,-36.152177,1.7760000228881836,11.03105640411377,354.7198181152344,-36.152061462402344,2.428842782974243,0.9289156198501587,0.7312124371528625
SB71888_component_2091a,351.309871,-38.01296,1.725000023841858,10.147058486938477,351.3100280761719,-38.01274490356445,1.791028380393982,1.2235432863235474,0.9631338119506836
SB71888_component_2092a,353.623298,-39.467875,1.7990000247955322,10.05027961730957,353.6235046386719,-39.46805953979492,2.1647837162017822,1.0557215213775635,0.8310298919677734
SB71888_component_2111a,353.555645,-39.236078,1.6330000162124634,10.142857551574707,353.55609130859375,-39.2358512878418,2.082761287689209,0.9960460066795349,0.7840552926063538
SB71888_component_2141a,352.273138,-35.901425,1.7580000162124634,10.34117603302002,352.2734375,-35.901451110839844,2.2163937091827393,1.0076383352279663,0.7931804060935974
SB71888_component_2155a,355.414153,-37.058209,1.6419999599456787,10.392404556274414,355.4146423339844,-37.05831527709961,2.0759756565093994,1.0048091411590576,0.7909533977508545
SB71888_component_2170a,356.310044,-36.604285,1.7669999599456787,10.097143173217773,356.31024169921875,-36.60401916503906,2.1295595169067383,1.0540943145751953,0.8297490477561951
SB71888_component_2175a,355.746656,-36.029011,1.75,10.355030059814453,355.74688720703125,-36.02891159057617,1.7707325220108032,1.2555030584335327,0.9882915616035461
SB71888_component_2179a,354.242666,-36.802959,1.7079999446868896,11.540539741516113,354.24261474609375,-36.80284118652344,1.883183479309082,1.1522002220153809,0.9069747924804688
SB71888_component_2203a,352.319326,-37.446506,1.6360000371932983,10.161491394042969,352.3191833496094,-37.44643783569336,2.248645544052124,0.9242618083953857,0.7275490760803223
SB71888_component_2204a,353.846696,-36.259365,1.6929999589920044,10.32317066192627,353.84698486328125,-36.25936508178711,2.113457441329956,1.0176446437835693,0.8010570406913757
SB71888_component_2210a,354.908567,-37.371786,1.559000015258789,10.60544204711914,354.9092102050781,-37.37131118774414,1.60360586643219,1.235040545463562,0.9721840023994446
