Component_ID,RA,DEC,RA_comp,DEC_comp
SB67335_component_8a,156.484481,12.896896,156.484522,12.896951
SB67335_component_25a,153.933324,12.451934,153.933431,12.451964
