Component_ID,RA,DEC,RA_comp,DEC_comp
SB66394_component_1a,277.301813,-58.231992,277.301676,-58.231989
