Component_ID,RA,DEC,RA_comp,DEC_comp
SB66920_component_1a,69.256043,-18.746893,69.256178,-18.746837
SB66920_component_39a,68.120966,-16.234913,68.121176,-16.234908
