Component_ID,RA,DEC,RA_comp,DEC_comp
SB67355_component_6a,286.368989,-11.892334,286.369116,-11.892337
SB67355_component_32a,283.976691,-12.166111,283.976856,-12.166102
