Component_ID,RA,DEC,RA_comp,DEC_comp
SB66773_component_3a,37.690298,40.547833,37.690462,40.548075
SB66773_component_19a,37.051938,42.200362,37.051947,42.200957
