Component_ID,RA,DEC,RA_comp,DEC_comp
SB66907_component_38a,257.846126,-25.150432,257.84626,-25.150434
