Component_ID,RA,DEC,ASKAP_flux,ASKAP_flux_SNR,RA_comp,DEC_comp,Comp_flux,Flux_Ratio_AlphaCorr,Flux_Ratio_NOAlphaCorr
SB68141_component_8a,272.795363,9.922523,331.8299865722656,1424.1630859375,272.79541015625,9.922350883483887,442.2480773925781,0.9531964063644409,0.7503254413604736
SB68141_component_9a,270.50747,10.524404,335.0249938964844,267.59185791015625,270.5074768066406,10.524404525756836,445.0296630859375,0.9563590288162231,0.7528149485588074
SB68141_component_11a,275.349154,11.661871,285.75201416015625,633.5964965820312,275.3490905761719,11.661626815795898,391.43206787109375,0.9273968935012817,0.7300168871879578
SB68141_component_18a,275.742315,7.195995,229.0590057373047,795.3438110351562,275.7423400878906,7.195865154266357,289.8722229003906,1.0038608312606812,0.790206789970398
SB68141_component_19a,276.016595,11.460749,205.44700622558594,611.4494018554688,276.0164489746094,11.460506439208984,255.81338500976562,1.0202562808990479,0.803112804889679
SB68141_component_20a,271.460191,9.507994,199.8419952392578,691.4948120117188,271.4602355957031,9.507909774780273,266.15252685546875,0.9538692831993103,0.7508551478385925
SB68141_component_23a,272.761976,10.494028,151.38600158691406,714.0848999023438,272.7619934082031,10.493849754333496,167.33302307128906,1.1493089199066162,0.90469890832901
SB68141_component_24a,272.266196,8.869149,147.71499633789062,734.9004516601562,272.2662658691406,8.868943214416504,217.9316864013672,0.8610669374465942,0.6778041124343872
SB68141_component_25a,274.391781,10.028963,149.35699462890625,543.1163330078125,274.3916931152344,10.028677940368652,225.64613342285156,0.8408729434013367,0.6619080901145935
SB68141_component_28a,274.051866,6.855609,135.9290008544922,420.8327941894531,274.0518798828125,6.85552978515625,148.0683135986328,1.1662260293960571,0.9180154800415039
SB68141_component_29a,277.066997,7.38151,131.85499572753906,151.73187255859375,277.0669860839844,7.381278038024902,167.72860717773438,0.9986703395843506,0.7861210703849792
SB68141_component_39a,274.666982,9.06309,97.56600189208984,478.26470947265625,274.6668701171875,9.062891006469727,88.84603118896484,1.3950610160827637,1.0981470346450806
SB68141_component_40a,271.549583,9.934692,93.60199737548828,351.88720703125,271.5496520996094,9.93463134765625,129.76431274414062,0.9163525104522705,0.7213231325149536
SB68141_component_43a,277.388567,8.027386,92.81400299072266,132.5914306640625,277.3885803222656,8.027194023132324,106.9464340209961,1.1025032997131348,0.8678550720214844
SB68141_component_48a,273.33866,9.272781,85.51699829101562,423.3514709472656,273.3386535644531,9.272600173950195,118.23033905029297,0.9188745617866516,0.7233083844184875
SB68141_component_49a,272.463327,9.762293,82.58699798583984,436.96826171875,272.46337890625,9.762121200561523,111.62370300292969,0.9399136900901794,0.7398697137832642
SB68141_component_51a,271.568555,9.746228,80.63700103759766,308.9540100097656,271.568603515625,9.746160507202148,116.47421264648438,0.8795030117034912,0.6923163533210754
SB68141_component_52a,277.097926,8.702136,88.38099670410156,148.78956604003906,277.0979309082031,8.701919555664062,132.3856658935547,0.8481069803237915,0.6676024794578552
SB68141_component_55a,274.9531,10.557049,76.94499969482422,352.9587097167969,274.9530029296875,10.556818962097168,104.01451110839844,0.9397647976875305,0.7397525310516357
SB68141_component_56a,275.695815,9.294599,77.95600128173828,401.8350524902344,275.69573974609375,9.29440975189209,111.60552978515625,0.8873533010482788,0.6984958648681641
SB68141_component_58a,272.209716,11.681015,75.8290023803711,247.0,272.20977783203125,11.680829048156738,109.86566162109375,0.8768112063407898,0.6901974678039551
SB68141_component_61a,273.61079,6.862437,71.13700103759766,200.38592529296875,273.6108093261719,6.862308025360107,58.13936996459961,1.5543826818466187,1.223559856414795
SB68141_component_63a,271.42807,6.908405,72.9749984741211,231.66665649414062,271.4281005859375,6.908332347869873,100.64363098144531,0.9211291074752808,0.7250831127166748
SB68141_component_64a,271.75683,11.998287,71.80500030517578,129.61190795898438,271.7568359375,11.99804401397705,61.3275032043457,1.487414836883545,1.1708450317382812
SB68141_component_67a,274.975757,10.640759,66.20500183105469,316.77032470703125,274.97564697265625,10.640519142150879,91.09565734863281,0.9232638478279114,0.7267635464668274
SB68141_component_69a,270.70077,10.696173,66.23100280761719,97.39852905273438,270.7008361816406,10.696130752563477,93.48312377929688,0.900037944316864,0.7084808349609375
SB68141_component_71a,276.506097,8.982638,63.54499816894531,230.23550415039062,276.50604248046875,8.982499122619629,69.2964096069336,1.1649394035339355,0.9170027375221252
SB68141_component_74a,277.067637,9.089621,61.917999267578125,99.54662322998047,277.0676574707031,9.089498519897461,88.57627868652344,0.8880393505096436,0.6990358829498291
SB68141_component_75a,274.632902,6.57355,65.19499969482422,81.18929290771484,274.6328430175781,6.5734686851501465,75.4863052368164,1.0971823930740356,0.8636665940284729
SB68141_component_77a,275.966988,11.301766,65.21800231933594,261.919677734375,275.96685791015625,11.30152702331543,88.48065185546875,0.9363794922828674,0.7370877265930176
SB68141_component_78a,271.85422,9.098998,63.84299850463867,295.5694274902344,271.8542785644531,9.09886360168457,89.11576843261719,0.9101048707962036,0.7164052128791809
SB68141_component_79a,275.027389,8.77399,68.80400085449219,351.04083251953125,275.0273132324219,8.773772239685059,98.98169708251953,0.8830626010894775,0.6951184272766113
SB68141_component_80a,273.321954,9.230842,61.566001892089844,289.0422668457031,273.32196044921875,9.230660438537598,91.83039093017578,0.8517011404037476,0.6704316735267639
SB68141_component_83a,274.152487,9.857464,62.34299850463867,273.4342041015625,274.1523742675781,9.85718059539795,22.13141441345215,3.5785841941833496,2.816946029663086
SB68141_component_86a,274.279579,11.152888,62.34199905395508,321.3504943847656,274.279541015625,11.152642250061035,81.89884948730469,0.9670203924179077,0.7612072825431824
SB68141_component_87a,273.42949,7.882793,60.617000579833984,304.6080322265625,273.42950439453125,7.882605075836182,85.09343719482422,0.904963493347168,0.7123581171035767
SB68141_component_90a,273.078275,9.11667,59.055999755859375,320.9565124511719,273.0782775878906,9.116477966308594,84.25914001464844,0.8903889060020447,0.7008853554725647
SB68141_component_91a,276.177437,7.384877,55.89799880981445,254.08181762695312,276.177490234375,7.384721279144287,39.65687942504883,1.7906489372253418,1.4095410108566284
SB68141_component_94a,274.392103,10.151106,60.06399917602539,252.36973571777344,274.39202880859375,10.150835037231445,47.29361343383789,1.6134089231491089,1.2700234651565552
SB68141_component_100a,274.664257,7.894265,53.624000549316406,260.3106689453125,274.6642150878906,7.894064426422119,62.80949020385742,1.0845927000045776,0.8537563681602478
SB68141_component_101a,270.533557,10.77272,54.650001525878906,48.44858169555664,270.5335693359375,10.772696495056152,66.7780990600586,1.039654016494751,0.8183820843696594
SB68141_component_102a,275.098258,7.65937,51.382999420166016,259.5101013183594,275.0982360839844,7.65920877456665,72.57530975341797,0.8994215130805969,0.707995593547821
SB68141_component_104a,272.621903,10.374749,50.18600082397461,243.62136840820312,272.6219177246094,10.374564170837402,59.04467010498047,1.0797783136367798,0.8499666452407837
SB68141_component_105a,275.140198,9.328982,51.22100067138672,251.08334350585938,275.14013671875,9.328741073608398,72.13633728027344,0.9020418524742126,0.7100582122802734
SB68141_component_107a,270.978059,9.658496,52.652000427246094,61.79812240600586,270.9781188964844,9.658394813537598,78.30891418457031,0.8541544079780579,0.6723628044128418
SB68141_component_109a,273.568971,8.263056,45.80500030517578,248.94021606445312,273.5689392089844,8.262832641601562,68.41828155517578,0.8504983186721802,0.6694847941398621
SB68141_component_110a,275.66982,7.145029,50.354000091552734,172.44520568847656,275.66986083984375,7.144888401031494,62.85887145996094,1.0176539421081543,0.8010643124580383
SB68141_component_111a,273.135624,9.205922,44.94499969482422,218.1796112060547,273.1356506347656,9.205738067626953,67.36921691894531,0.8475251793861389,0.6671444773674011
SB68141_component_114a,274.0365,9.700409,48.395999908447266,250.7564697265625,274.03643798828125,9.700182914733887,69.76617431640625,0.8812462091445923,0.6936886310577393
SB68141_component_116a,270.991887,10.670708,47.04399871826172,139.1834259033203,270.9919128417969,10.670656204223633,59.44792938232422,1.0053105354309082,0.7913479804992676
SB68141_component_118a,275.009901,7.675248,45.643001556396484,237.72396850585938,275.0098876953125,7.675095081329346,63.62357711791992,0.911357581615448,0.717391312122345
SB68141_component_119a,273.850423,11.696357,43.63999938964844,188.91773986816406,273.8503723144531,11.696067810058594,57.313819885253906,0.9672931432723999,0.7614219188690186
SB68141_component_120a,275.759079,6.97919,42.09400177001953,124.53846740722656,275.7591247558594,6.979071617126465,55.01300811767578,0.9720475673675537,0.7651644945144653
SB68141_component_123a,271.474562,11.905876,45.22600173950195,71.44707489013672,271.4747009277344,11.90571403503418,83.59605407714844,0.6872822642326355,0.5410064458847046
SB68141_component_124a,273.681461,9.46944,46.96500015258789,231.3546905517578,273.6814270019531,9.469244956970215,81.33195495605469,0.7335772514343262,0.577448308467865
SB68141_component_126a,270.797616,10.000086,45.44300079345703,45.216915130615234,270.7976989746094,10.000126838684082,53.87438201904297,1.0715622901916504,0.8434992432594299
SB68141_component_128a,274.067257,7.655316,42.935001373291016,249.62208557128906,274.0672302246094,7.6551513671875,60.91712188720703,0.8953747153282166,0.7048100829124451
SB68141_component_130a,276.480067,6.726788,42.058998107910156,80.57279205322266,276.48016357421875,6.72664737701416,58.04547119140625,0.9204989671707153,0.724587082862854
SB68141_component_133a,274.363085,10.82302,40.18199920654297,213.73403930664062,274.3630676269531,10.822770118713379,54.4720344543457,0.937110185623169,0.7376629114151001
SB68141_component_136a,273.664826,11.987611,38.645999908447266,85.6895751953125,273.664794921875,11.987326622009277,66.97319030761719,0.733054518699646,0.5770368576049805
SB68141_component_138a,274.652294,9.594413,42.85100173950195,225.53158569335938,274.6522216796875,9.594132423400879,64.39447021484375,0.8453667163848877,0.6654453873634338
SB68141_component_139a,272.604579,8.711901,37.944000244140625,201.8297882080078,272.6046447753906,8.711689949035645,50.306968688964844,0.9581813216209412,0.7542493939399719
SB68141_component_140a,272.93005,9.190445,41.112998962402344,213.02072143554688,272.9300842285156,9.190225601196289,60.53078842163086,0.8628504872322083,0.6792080402374268
SB68141_component_145a,276.76838,10.450555,37.32699966430664,108.19419860839844,276.76812744140625,10.450307846069336,49.74065399169922,0.953332245349884,0.7504324316978455
SB68141_component_146a,276.393611,9.727317,36.6150016784668,188.73712158203125,276.3935546875,9.727173805236816,54.411006927490234,0.8548797369003296,0.6729336977005005
SB68141_component_147a,273.527435,9.113146,37.29999923706055,208.3798828125,273.52740478515625,9.112971305847168,52.890506744384766,0.895908772945404,0.7052305340766907
SB68141_component_148a,271.356313,7.485139,37.12099838256836,176.76666259765625,271.3563537597656,7.485044002532959,52.58195877075195,0.8968413472175598,0.7059645652770996
SB68141_component_152a,275.557349,9.726274,37.0989990234375,195.2578887939453,275.5572509765625,9.726073265075684,50.90372848510742,0.9258600473403931,0.7288070917129517
SB68141_component_153a,274.447482,8.307696,35.20500183105469,179.6173553466797,274.44744873046875,8.30748176574707,43.41990280151367,1.0300261974334717,0.8108033537864685
SB68141_component_155a,274.140836,9.109869,34.52199935913086,195.03955078125,274.1407775878906,9.109639167785645,55.017051696777344,0.7971340417861938,0.6274781823158264
SB68141_component_157a,275.853122,11.619517,35.27899932861328,125.10282897949219,275.85302734375,11.619283676147461,68.33133697509766,0.6558870673179626,0.5162931084632874
SB68141_component_159a,275.419821,11.105063,33.99399948120117,173.43878173828125,275.4197082519531,11.104827880859375,56.58329772949219,0.7632147073745728,0.6007779836654663
SB68141_component_160a,274.568238,6.582949,34.40399932861328,47.0,274.56817626953125,6.58289098739624,45.50705337524414,0.9604237675666809,0.7560146450996399
SB68141_component_162a,276.206212,9.647178,32.60599899291992,170.7120361328125,276.2061462402344,9.647014617919922,34.084224700927734,1.2152812480926514,0.9566302299499512
SB68141_component_164a,273.802572,9.182666,32.63800048828125,174.53475952148438,273.802490234375,9.182474136352539,46.49552536010742,0.8917540907859802,0.701960027217865
SB68141_component_166a,273.532516,7.624837,32.915000915527344,175.07980346679688,273.53253173828125,7.624664783477783,55.2330322265625,0.7570554614067078,0.5959296226501465
SB68141_component_168a,277.486266,11.373131,34.930999755859375,48.180686950683594,277.4861145019531,11.372879028320312,37.36199951171875,1.1877187490463257,0.9349339008331299
SB68141_component_169a,274.304704,11.454523,31.81599998474121,142.67263793945312,274.3046875,11.454293251037598,48.76462936401367,0.8288450241088867,0.6524401307106018
SB68141_component_171a,276.651853,7.125021,35.47999954223633,81.37614440917969,276.65185546875,7.124922275543213,56.965553283691406,0.7912322878837585,0.6228325366973877
SB68141_component_174a,276.465767,9.049975,34.882999420166016,151.00865173339844,276.4657287597656,9.049814224243164,47.723289489746094,0.9285731911659241,0.7309429049491882
SB68141_component_176a,272.146839,9.594395,31.67799949645996,177.96629333496094,272.14691162109375,9.594259262084961,37.42144012451172,1.0753998756408691,0.8465200662612915
SB68141_component_177a,272.583548,11.704068,30.902000427246094,107.67247772216797,272.5836181640625,11.703843116760254,35.31267166137695,1.1117029190063477,0.8750966191291809
SB68141_component_178a,276.91291,9.018324,31.475000381469727,64.23469543457031,276.91290283203125,9.01817512512207,46.40882110595703,0.8615846633911133,0.6782115697860718
SB68141_component_181a,276.465215,9.160493,31.086000442504883,128.987548828125,276.4651794433594,9.160347938537598,27.822940826416016,1.419366478919983,1.1172794103622437
SB68141_component_182a,273.481528,7.171448,30.15999984741211,146.4077606201172,273.4815368652344,7.171326637268066,47.98664855957031,0.7984424829483032,0.6285081505775452
SB68141_component_183a,274.247632,10.815232,29.402000427246094,152.3419647216797,274.2475891113281,10.814959526062012,37.54777526855469,0.9947762489318848,0.7830557227134705
SB68141_component_184a,272.671397,8.427523,29.643999099731445,152.0205078125,272.67138671875,8.427271842956543,40.117149353027344,0.9387272596359253,0.7389358282089233
SB68141_component_186a,271.397463,9.896415,29.461000442504883,99.1952896118164,271.39752197265625,9.896368980407715,42.372737884521484,0.8832704424858093,0.695281982421875
SB68141_component_187a,275.901228,8.031781,28.257999420166016,130.82406616210938,275.90118408203125,8.031617164611816,45.92424774169922,0.7816855311393738,0.6153176426887512
SB68141_component_191a,271.490847,9.763793,29.054000854492188,100.18621063232422,271.4909362792969,9.763725280761719,36.365234375,1.0149677991867065,0.7989498972892761
SB68141_component_192a,270.748778,7.459597,28.562000274658203,47.05436706542969,270.7488098144531,7.459489822387695,27.177404403686523,1.3350987434387207,1.050946593284607
SB68141_component_193a,270.848724,9.318184,29.687000274658203,53.586639404296875,270.8487854003906,9.318084716796875,45.10103988647461,0.836204469203949,0.6582331657409668
SB68141_component_195a,270.75089,8.417273,29.618999481201172,32.5483512878418,270.75091552734375,8.417241096496582,37.82889175415039,0.9946710467338562,0.7829729914665222
SB68141_component_197a,271.302283,9.70302,28.517000198364258,75.04473876953125,271.3023376464844,9.702933311462402,42.844627380371094,0.8455517888069153,0.6655910611152649
SB68141_component_202a,272.205788,10.568394,28.59600067138672,145.89796447753906,272.205810546875,10.568246841430664,30.307788848876953,1.198626160621643,0.9435198307037354
SB68141_component_203a,276.918089,7.172773,27.908000946044922,45.75082015991211,276.9181823730469,7.172622203826904,39.861351013183594,0.8894252181053162,0.7001268267631531
SB68141_component_205a,276.446164,8.869813,27.81100082397461,118.85043334960938,276.4461364746094,8.869694709777832,31.53837776184082,1.1202372312545776,0.8818145394325256
SB68141_component_206a,272.817542,10.08999,26.179000854492188,127.70244598388672,272.8175354003906,10.089866638183594,26.318878173828125,1.2636256217956543,0.9946852922439575
SB68141_component_208a,273.579287,6.917393,25.940000534057617,85.32894897460938,273.57928466796875,6.9172773361206055,37.250038146972656,0.8846591711044312,0.6963751316070557
SB68141_component_209a,274.681307,9.434609,24.96500015258789,124.82499694824219,274.6812744140625,9.434338569641113,36.79512405395508,0.8619340062141418,0.6784866452217102
SB68141_component_211a,276.721635,8.991361,25.322999954223633,86.13265228271484,276.72161865234375,8.99121379852295,35.26926040649414,0.9121190309524536,0.7179906964302063
SB68141_component_213a,273.619339,11.575332,25.753999710083008,112.46288299560547,273.6192932128906,11.57504653930664,25.21392059326172,1.2975887060165405,1.021419882774353
SB68141_component_216a,271.382745,8.890918,26.312000274658203,142.22702026367188,271.3828430175781,8.890804290771484,35.813804626464844,0.9333319067955017,0.7346887588500977
SB68141_component_222a,272.862227,9.062435,25.982999801635742,138.94651794433594,272.8623046875,9.062135696411133,24.581039428710938,1.3428322076797485,1.0570342540740967
SB68141_component_225a,273.187808,8.351603,23.52199935913086,120.01020050048828,273.18780517578125,8.351372718811035,36.12085723876953,0.8272730708122253,0.6512026786804199
SB68141_component_226a,274.202626,9.491424,23.961999893188477,127.45745086669922,274.2024841308594,9.491192817687988,26.76119041442871,1.1374971866607666,0.895401120185852
SB68141_component_229a,273.903838,11.918154,23.077999114990234,63.05464172363281,273.90380859375,11.917803764343262,15.46865463256836,1.8953015804290771,1.4919202327728271
SB68141_component_231a,276.642922,6.575347,22.341999053955078,22.77471923828125,276.64312744140625,6.575290203094482,32.61398696899414,0.8702636957168579,0.685043454170227
SB68141_component_232a,270.653784,10.283592,22.59600067138672,24.88546371459961,270.65374755859375,10.283513069152832,24.476028442382812,1.1727983951568604,0.9231890439987183
SB68141_component_236a,275.918459,9.592663,23.165000915527344,116.99495697021484,275.9183654785156,9.592501640319824,30.5028076171875,0.9647731781005859,0.7594383358955383
SB68141_component_238a,274.473935,7.648572,22.590999603271484,113.52261352539062,274.473876953125,7.648409843444824,28.310752868652344,1.0137170553207397,0.7979653477668762
SB68141_component_239a,273.709843,8.561318,23.038000106811523,123.19786071777344,273.7098083496094,8.56115436553955,34.121707916259766,0.8577224016189575,0.6751713752746582
SB68141_component_241a,275.803882,9.511381,22.017000198364258,124.38983154296875,275.8038024902344,9.511189460754395,30.600543975830078,0.9140326380729675,0.71949702501297
SB68141_component_244a,270.737086,8.774395,24.540000915527344,40.62914276123047,270.73712158203125,8.774311065673828,32.755882263183594,0.9517392516136169,0.7491784691810608
SB68141_component_246a,277.341762,11.908559,22.865999221801758,27.351673126220703,277.3415222167969,11.908194541931152,34.2796516418457,0.847396194934845,0.6670429110527039
SB68141_component_247a,273.180567,7.583846,22.06399917602539,105.56937408447266,273.1805725097656,7.583687782287598,30.862489700317383,0.9082093834877014,0.7149131298065186
SB68141_component_252a,272.733351,10.144202,21.198999404907227,99.99528503417969,272.7334289550781,10.144033432006836,29.081560134887695,0.9260413646697998,0.7289498448371887
SB68141_component_257a,274.161692,9.600279,20.93600082397461,99.69524383544922,274.16162109375,9.599998474121094,27.628009796142578,0.9626687169075012,0.7577817440032959
SB68141_component_260a,276.355139,6.805507,22.13599967956543,50.08144760131836,276.3551940917969,6.805333614349365,26.74777603149414,1.0513423681259155,0.827582836151123
SB68141_component_262a,272.944727,8.676978,22.336999893188477,123.40884399414062,272.94476318359375,8.676799774169922,31.992326736450195,0.8869757652282715,0.698198676109314
SB68141_component_270a,270.982904,11.498699,20.68400001525879,19.330841064453125,270.9829406738281,11.498650550842285,35.100067138671875,0.7486163377761841,0.5892866253852844
SB68141_component_273a,276.696207,10.880259,23.280000686645508,101.65939331054688,276.696044921875,10.880098342895508,27.88494110107422,1.0605862140655518,0.8348592519760132
SB68141_component_279a,273.060024,11.640666,20.174999237060547,88.10043334960938,273.06005859375,11.640396118164062,28.936607360839844,0.8857244253158569,0.6972137093544006
SB68141_component_280a,271.129958,10.057068,20.875999450683594,41.420631408691406,271.1298522949219,10.057068824768066,32.91139602661133,0.805811882019043,0.6343091726303101
SB68141_component_282a,273.995693,6.891926,18.538000106811523,58.112850189208984,273.99566650390625,6.891838550567627,22.011137008666992,1.0699244737625122,0.8422099947929382
SB68141_component_283a,276.467903,8.952505,19.864999771118164,77.90196228027344,276.46783447265625,8.952338218688965,29.403562545776367,0.8582648038864136,0.6755983829498291
SB68141_component_284a,273.204619,9.568432,19.69300079345703,100.98975372314453,273.20465087890625,9.568230628967285,27.093563079833984,0.9233757853507996,0.7268516421318054
SB68141_component_291a,276.447939,12.022046,20.700000762939453,34.5,276.44775390625,12.021743774414062,29.79800796508789,0.8825023174285889,0.6946773529052734
SB68141_component_292a,276.545286,9.48379,19.2450008392334,96.70854949951172,276.5452575683594,9.48371410369873,20.283788681030273,1.2053178548812866,0.948787271976471
SB68141_component_293a,272.385731,10.653749,18.93899917602539,104.63536071777344,272.3857727050781,10.653552055358887,19.284744262695312,1.2476013898849487,0.982071578502655
SB68141_component_296a,277.268089,11.415783,18.97800064086914,45.18571853637695,277.26788330078125,11.415457725524902,30.164398193359375,0.7992607951164246,0.6291522979736328
SB68141_component_299a,276.411708,10.253557,18.52199935913086,79.49356079101562,276.4115295410156,10.253355979919434,23.80230712890625,0.9885565638542175,0.7781598567962646
SB68141_component_300a,274.769977,9.204006,18.29199981689453,98.34408569335938,274.7699279785156,9.203789710998535,17.991186141967773,1.2916181087493896,1.0167200565338135
SB68141_component_304a,275.035169,8.892042,19.006000518798828,77.89344024658203,275.0350646972656,8.891800880432129,22.187673568725586,1.088207483291626,0.8566017746925354
SB68141_component_306a,274.928569,9.929152,20.617000579833984,102.57213592529297,274.9284362792969,9.928852081298828,25.199241638183594,1.039371371269226,0.8181595802307129
SB68141_component_313a,270.934197,8.774904,18.145000457763672,47.624671936035156,270.9343566894531,8.774823188781738,15.223998069763184,1.5141223669052124,1.1918683052062988
SB68141_component_314a,272.895481,12.260894,17.69099998474121,19.06357765197754,272.89556884765625,12.260581970214844,27.463850021362305,0.8183209896087646,0.6441558599472046
SB68141_component_316a,272.49543,6.784949,18.55900001525879,50.29539489746094,272.4954528808594,6.78502082824707,16.231178283691406,1.4525705575942993,1.1434166431427002
SB68141_component_317a,271.346582,6.797922,17.73900032043457,46.07532501220703,271.3465881347656,6.797895431518555,23.87130355834961,0.9440298080444336,0.7431098222732544
SB68141_component_318a,272.436426,9.297333,17.815000534057617,96.29730224609375,272.43646240234375,9.297125816345215,23.132890701293945,0.9783374071121216,0.7701156139373779
SB68141_component_320a,271.427702,10.866936,18.052000045776367,64.93524932861328,271.4277038574219,10.866833686828613,26.46668815612793,0.8664798140525818,0.682064950466156
SB68141_component_321a,274.852202,9.379869,18.17300033569336,96.1534423828125,274.85211181640625,9.379607200622559,25.828161239624023,0.8938525319099426,0.7036118507385254
SB68141_component_323a,273.645412,7.389802,16.952999114990234,89.22631072998047,273.64544677734375,7.38962984085083,21.79371452331543,0.9882071018218994,0.7778847813606262
SB68141_component_324a,273.306646,7.027105,18.073999404907227,68.98473358154297,273.3066711425781,7.026957035064697,21.512861251831055,1.067305564880371,0.8401485681533813
SB68141_component_326a,277.132874,11.209807,17.562000274658203,55.05329132080078,277.1327209472656,11.20956802368164,21.41167640686035,1.041972041130066,0.8202067017555237
SB68141_component_327a,274.787156,10.161304,18.23900032043457,94.50259399414062,274.7870788574219,10.160990715026855,25.31998634338379,0.9151036143302917,0.7203400731086731
SB68141_component_329a,275.326353,6.712325,17.91699981689453,38.7813835144043,275.32635498046875,6.712235450744629,26.619325637817383,0.855068564414978,0.6730824112892151
SB68141_component_331a,275.245448,10.193834,18.03700065612793,91.55838012695312,275.2453308105469,10.193607330322266,24.84208869934082,0.9223780035972595,0.7260661721229553
SB68141_component_332a,273.967538,6.848513,17.054000854492188,52.31288528442383,273.967529296875,6.848430633544922,23.83492088317871,0.9089610576629639,0.7155048251152039
SB68141_component_334a,274.048551,11.460835,16.520000457763672,87.87234497070312,274.04852294921875,11.460528373718262,23.194477081298828,0.9048116207122803,0.7122385501861572
SB68141_component_335a,274.065258,9.149838,16.573999404907227,86.77486419677734,274.065185546875,9.149669647216797,24.03415870666504,0.8760544657707214,0.6896018385887146
SB68141_component_337a,273.927929,9.13612,16.91900062561035,87.66321563720703,273.92779541015625,9.135872840881348,23.86344337463379,0.9006878733634949,0.7089924216270447
SB68141_component_338a,272.881907,8.77455,16.26300048828125,79.33171081542969,272.8819274902344,8.774384498596191,24.212709426879883,0.8532769083976746,0.6716720461845398
SB68141_component_339a,274.919243,11.253706,16.579999923706055,75.36363983154297,274.919189453125,11.253531455993652,25.244421005249023,0.8343568444252014,0.6567787528038025
SB68141_component_344a,276.348281,8.437668,15.8100004196167,70.58036041259766,276.3482666015625,8.437446594238281,14.741679191589355,1.3624407052993774,1.0724694728851318
SB68141_component_345a,276.187217,9.507461,16.069000244140625,82.40513610839844,276.18719482421875,9.507307052612305,21.298723220825195,0.9584468007087708,0.7544583678245544
SB68141_component_349a,273.324298,8.312358,15.954999923706055,83.97368621826172,273.3242492675781,8.312088012695312,20.134300231933594,1.006683588027954,0.7924288511276245
SB68141_component_352a,274.838013,8.211934,17.264999389648438,95.91665649414062,274.8379211425781,8.211753845214844,23.191492080688477,0.9457374811172485,0.744454026222229
SB68141_component_354a,273.279994,8.695526,17.39699935913086,94.03783416748047,273.280029296875,8.695329666137695,25.985836029052734,0.8504922986030579,0.6694800853729248
SB68141_component_355a,276.694344,8.691284,16.128000259399414,52.87868881225586,276.69427490234375,8.691095352172852,25.43564796447754,0.805509090423584,0.6340707540512085
SB68141_component_356a,276.333126,10.905809,15.182999610900879,71.95734405517578,276.3330078125,10.90555477142334,21.199607849121094,0.9098346829414368,0.7161924839019775
SB68141_component_358a,275.413156,9.579657,16.37700080871582,84.41752624511719,275.4131164550781,9.579545974731445,21.146339416503906,0.9838567972183228,0.7744603157043457
SB68141_component_360a,273.660412,9.558691,15.529000282287598,77.25870513916016,273.660400390625,9.558465957641602,23.699600219726562,0.8324059247970581,0.6552431583404541
SB68141_component_363a,271.010398,11.461667,14.380999565124512,13.605485916137695,271.0104675292969,11.46155834197998,13.916220664978027,1.3128057718276978,1.0333983898162842
SB68141_component_364a,275.280397,7.514377,15.692999839782715,67.93506622314453,275.2803955078125,7.514145374298096,20.246700286865234,0.9846557378768921,0.7750892639160156
SB68141_component_366a,277.114515,11.110881,16.56399917602539,51.44099044799805,277.1143798828125,11.110633850097656,21.82249641418457,0.9642584919929504,0.759033203125
SB68141_component_369a,274.588914,8.470854,15.513999938964844,88.65142822265625,274.58892822265625,8.470601081848145,19.58700180053711,1.0062097311019897,0.7920559048652649
SB68141_component_372a,271.290192,7.655104,15.215999603271484,62.87602996826172,271.290283203125,7.654983043670654,21.70372200012207,0.8906334638595581,0.7010778784751892
SB68141_component_375a,275.09995,11.740122,15.079999923706055,48.33333206176758,275.0998229980469,11.739877700805664,12.091707229614258,1.584332823753357,1.2471357583999634
SB68141_component_380a,273.207636,6.726993,14.866999626159668,33.48423385620117,273.20758056640625,6.726770401000977,11.638030052185059,1.6228432655334473,1.2774498462677002
SB68141_component_382a,276.159987,11.507265,14.824000358581543,55.72932434082031,276.15985107421875,11.507083892822266,24.148319244384766,0.7798502445220947,0.6138729453086853
SB68141_component_384a,273.47805,11.041596,14.553000450134277,76.19371795654297,273.4780578613281,11.041309356689453,14.95875072479248,1.2359188795089722,0.9728754162788391
SB68141_component_386a,273.870402,11.267867,14.75100040435791,80.1684799194336,273.870361328125,11.267606735229492,17.535614013671875,1.068644404411316,0.8412023782730103
SB68141_component_391a,273.685498,8.18597,16.163999557495117,93.97673797607422,273.6854248046875,8.185761451721191,23.161523818969727,0.8865728378295898,0.6978815197944641
SB68141_component_393a,277.337609,9.537056,15.21399974822998,29.145591735839844,277.3376770019531,9.53691291809082,10.871779441833496,1.777769684791565,1.3994028568267822
SB68141_component_398a,271.244508,10.194657,16.31399917602539,51.14106369018555,271.24456787109375,10.194613456726074,23.53366470336914,0.8806504607200623,0.6932196617126465
SB68141_component_400a,272.116813,11.584383,14.529999732971191,63.173912048339844,272.11688232421875,11.584266662597656,20.63100814819336,0.8947008848190308,0.7042796611785889
SB68141_component_402a,274.446675,12.186321,15.390000343322754,13.278688430786133,274.4466552734375,12.186243057250977,30.536495208740234,0.6402537822723389,0.5039871335029602
SB68141_component_403a,272.030674,7.022159,14.006999969482422,47.96917724609375,272.0306701660156,7.0220417976379395,18.15240478515625,0.9802654385566711,0.7716333270072937
SB68141_component_404a,276.796382,11.477318,14.196000099182129,63.6591911315918,276.7962951660156,11.476972579956055,18.331283569335938,0.9837977290153503,0.7744138836860657
SB68141_component_406a,271.816997,6.83934,13.831999778747559,36.11488342285156,271.8170166015625,6.839210510253906,17.43685531616211,1.0077424049377441,0.7932623028755188
SB68141_component_407a,272.934995,6.988616,13.17300033569336,44.20469665527344,272.9350280761719,6.988547325134277,17.935680389404297,0.9330384731292725,0.734457790851593
SB68141_component_408a,272.388287,8.970759,14.987000465393066,91.94478607177734,272.3883972167969,8.970541954040527,17.48100471496582,1.089133381843567,0.8573306202888489
SB68141_component_409a,273.065143,11.684133,15.668000221252441,61.928855895996094,273.0651550292969,11.683877944946289,20.626968383789062,0.9649635553359985,0.7595881223678589
SB68141_component_410a,271.413517,11.208347,14.305999755859375,39.738887786865234,271.41363525390625,11.208224296569824,20.31340789794922,0.8946808576583862,0.7042638659477234
SB68141_component_411a,270.794357,7.019879,13.645999908447266,21.798723220825195,270.7945556640625,7.019956588745117,16.371501922607422,1.0588868856430054,0.8335215449333191
SB68141_component_412a,271.16198,9.903079,13.795000076293945,24.459218978881836,271.16217041015625,9.903016090393066,17.983396530151367,0.97450190782547,0.7670964598655701
SB68141_component_413a,270.697056,11.065264,14.159000396728516,14.330972671508789,270.69708251953125,11.065306663513184,16.680246353149414,1.0783576965332031,0.8488484025001526
SB68141_component_415a,274.092664,10.195256,14.48799991607666,82.78857421875,274.0926208496094,10.194997787475586,22.393043518066406,0.8219171166419983,0.6469866633415222
SB68141_component_420a,276.925207,12.256674,15.46500015258789,14.466791152954102,276.9250793457031,12.25624942779541,22.386127471923828,0.8776142597198486,0.6908296346664429
SB68141_component_421a,272.167124,8.443938,14.067999839782715,71.7755126953125,272.1672058105469,8.443731307983398,19.666521072387695,0.9087355732917786,0.7153273224830627
SB68141_component_428a,274.835231,11.837239,12.604999542236328,39.26791000366211,274.8351745605469,11.837011337280273,14.160818099975586,1.1308035850524902,0.8901321291923523
SB68141_component_433a,275.484296,10.813062,13.51099967956543,72.63977813720703,275.48419189453125,10.812775611877441,18.36223030090332,0.9347484707832336,0.7358038425445557
SB68141_component_435a,274.020299,11.257455,12.562999725341797,67.9081039428711,274.020263671875,11.25717830657959,15.79524040222168,1.0104150772094727,0.7953661680221558
SB68141_component_437a,271.39506,10.273197,12.663999557495117,53.43459701538086,271.3951110839844,10.273138046264648,14.886537551879883,1.080711841583252,0.8507015109062195
SB68141_component_439a,271.922052,10.622441,12.57699966430664,63.520198822021484,271.9221496582031,10.622282981872559,16.12724494934082,0.9907169342041016,0.7798603773117065
SB68141_component_442a,275.721112,6.737233,13.394000053405762,23.87522315979004,275.7210998535156,6.736919403076172,10.396821022033691,1.6365996599197388,1.2882784605026245
SB68141_component_444a,276.035959,12.041685,13.491000175476074,21.014019012451172,276.0359191894531,12.041417121887207,22.068008422851562,0.7766292691230774,0.6113374829292297
SB68141_component_447a,272.420137,10.463282,12.71500015258789,66.92105102539062,272.4201354980469,10.463151931762695,16.297393798828125,0.9911307096481323,0.780186116695404
SB68141_component_448a,277.261253,9.424988,12.312999725341797,24.925100326538086,277.2612609863281,9.424917221069336,17.781394958496094,0.8796921968460083,0.6924653649330139
SB68141_component_453a,270.873665,7.166553,12.055999755859375,27.907405853271484,270.873779296875,7.166537284851074,12.971219062805176,1.1807423830032349,0.929442286491394
SB68141_component_456a,276.942568,8.942019,12.357000350952148,23.947675704956055,276.9426574707031,8.941754341125488,23.334095001220703,0.6727516651153564,0.5295684337615967
SB68141_component_458a,271.432121,8.214079,12.130000114440918,39.38311767578125,271.4320983886719,8.2138671875,18.26441192626953,0.84369957447052,0.6641330718994141
SB68141_component_459a,276.883542,7.447398,12.4350004196167,24.672618865966797,276.883544921875,7.447118759155273,16.308334350585938,0.9686545133590698,0.7624936103820801
SB68141_component_461a,273.306957,10.965682,12.774999618530273,65.5128173828125,273.30694580078125,10.965396881103516,14.066749572753906,1.1537184715270996,0.9081699848175049
SB68141_component_462a,274.046123,8.475074,11.54699993133545,60.773685455322266,274.0460205078125,8.474933624267578,14.129610061645508,1.038177728652954,0.8172199726104736
SB68141_component_465a,271.074255,8.784512,12.232999801635742,43.68928527832031,271.0743408203125,8.78438663482666,15.122373580932617,1.0276511907577515,0.8089338541030884
SB68141_component_466a,271.217462,10.586082,11.847999572753906,48.16259765625,271.21746826171875,10.586027145385742,17.181262969970703,0.8760374188423157,0.6895883679389954
SB68141_component_467a,272.015689,8.833356,11.932999610900879,58.78325271606445,272.01580810546875,8.833198547363281,16.704984664916992,0.9074783325195312,0.7143376469612122
SB68141_component_472a,272.125329,7.591922,11.784000396728516,62.34920883178711,272.1253662109375,7.591735363006592,17.94362449645996,0.834286630153656,0.6567234992980957
SB68141_component_475a,275.720811,11.716049,12.687000274658203,42.00993728637695,275.72076416015625,11.715822219848633,21.59326934814453,0.7464028596878052,0.5875442028045654
SB68141_component_482a,271.796791,7.056755,10.98799991607666,39.956363677978516,271.796875,7.056612014770508,16.279659271240234,0.8574445843696594,0.6749526858329773
SB68141_component_483a,275.164508,10.427404,11.729000091552734,63.400001525878906,275.1644287109375,10.427199363708496,17.464107513427734,0.8531930446624756,0.6716060638427734
SB68141_component_489a,277.227113,9.973157,10.23799991607666,24.970731735229492,277.22705078125,9.972898483276367,11.967964172363281,1.086744785308838,0.8554503917694092
SB68141_component_492a,272.242782,11.878426,11.175000190734863,28.219697952270508,272.24285888671875,11.878260612487793,18.905763626098633,0.7509068250656128,0.5910896062850952
SB68141_component_493a,271.162743,7.120057,11.303000450134277,42.49248123168945,271.16278076171875,7.119992256164551,16.035659790039062,0.8954464793205261,0.7048665881156921
SB68141_component_496a,274.402367,9.641528,11.239999771118164,52.52336120605469,274.4023132324219,9.6412353515625,16.365318298339844,0.8725183010101318,0.6868183016777039
SB68141_component_500a,272.920272,8.502262,10.895999908447266,64.47337341308594,272.9202880859375,8.502058982849121,14.349092483520508,0.964662492275238,0.7593511343002319
SB68141_component_501a,272.995717,9.532186,10.70300006866455,54.329952239990234,272.9956970214844,9.532047271728516,15.888204574584961,0.8557825088500977,0.6736444234848022
SB68141_component_502a,275.399298,8.966008,10.234999656677246,48.738094329833984,275.399169921875,8.965806007385254,11.951642036437988,1.0879100561141968,0.8563676476478577
SB68141_component_503a,274.540356,7.931848,11.027999877929688,59.290321350097656,274.54034423828125,7.93171501159668,13.917295455932617,1.0066410303115845,0.7923953533172607
SB68141_component_505a,276.623903,11.510463,10.302000045776367,44.21459197998047,276.6238098144531,11.51012897491455,10.89543628692627,1.2011842727661133,0.9455335140228271
SB68141_component_515a,272.792323,7.355673,11.435999870300293,61.81621551513672,272.7923889160156,7.355496883392334,15.620315551757812,0.9300730228424072,0.7321234941482544
SB68141_component_516a,273.122027,11.238891,10.262999534606934,48.639808654785156,273.1220397949219,11.238683700561523,14.494757652282715,0.8994894623756409,0.7080490589141846
SB68141_component_519a,273.748322,9.784845,10.442999839782715,56.75543212890625,273.748291015625,9.78458023071289,8.675856590270996,1.5291342735290527,1.2036851644515991
SB68141_component_520a,272.956612,7.628678,10.717000007629395,50.55188751220703,272.9566650390625,7.628468036651611,15.9108304977417,0.8556833863258362,0.6735663414001465
SB68141_component_524a,274.981714,10.820398,11.156999588012695,55.232669830322266,274.9814758300781,10.82019329071045,11.453657150268555,1.2374736070632935,0.974099338054657
SB68141_component_530a,274.626328,10.508007,10.14900016784668,54.272727966308594,274.626220703125,10.507752418518066,13.19306755065918,0.977260172367096,0.7692676782608032
SB68141_component_531a,276.61454,6.556248,10.585000038146973,10.490585327148438,276.6145935058594,6.555823802947998,16.29639434814453,0.8251484036445618,0.6495301723480225
SB68141_component_533a,276.473777,8.373541,10.72700023651123,48.5384635925293,276.4737854003906,8.373373985290527,15.210367202758789,0.8959242701530457,0.7052426934242249
SB68141_component_536a,274.426824,10.577575,10.352999687194824,59.15999984741211,274.4267272949219,10.577375411987305,13.660462379455566,0.962794303894043,0.7578806281089783
SB68141_component_541a,273.045957,11.618477,10.765999794006348,45.61864471435547,273.0459289550781,11.61829662322998,15.779716491699219,0.8667380809783936,0.6822682619094849
SB68141_component_542a,271.669588,10.758699,10.28499984741211,45.91517639160156,271.669677734375,10.758551597595215,13.64772891998291,0.9573630094528198,0.7536052465438843
SB68141_component_543a,276.846272,7.756582,10.614999771118164,32.06948471069336,276.8463134765625,7.756278991699219,13.84687328338623,0.973870038986206,0.7665990591049194
SB68141_component_545a,274.944097,12.029043,9.501999855041504,17.43486213684082,274.9440002441406,12.028824806213379,13.153392791748047,0.9177194237709045,0.7223991751670837
SB68141_component_546a,276.833193,6.760916,10.395999908447266,11.525498390197754,276.8332214355469,6.760740756988525,12.874826431274414,1.0257879495620728,0.8074671626091003
SB68141_component_551a,277.367808,7.6843,10.34000015258789,11.325301170349121,277.3677978515625,7.684020519256592,12.430631637573242,1.0567203760147095,0.8318161368370056
SB68141_component_558a,276.114772,11.573179,9.545000076293945,34.83576965332031,276.1147155761719,11.572932243347168,7.944069862365723,1.5263903141021729,1.2015252113342285
SB68141_component_562a,273.121491,11.461256,9.807999610900879,48.315269470214844,273.1214599609375,11.461102485656738,12.714556694030762,0.9799680709838867,0.7713992595672607
SB68141_component_565a,273.678963,8.554165,10.555000305175781,54.973960876464844,273.6789245605469,8.553954124450684,14.581082344055176,0.9196047782897949,0.7238832116127014
SB68141_component_566a,276.658582,11.608541,10.347000122070312,42.06097412109375,276.65850830078125,11.608221054077148,13.872947692871094,0.9474982619285583,0.7458400726318359
SB68141_component_570a,274.548484,7.187974,9.37600040435791,44.226417541503906,274.54852294921875,7.187847137451172,10.026963233947754,1.187902808189392,0.9350787401199341
SB68141_component_571a,275.347512,7.076422,9.819000244140625,38.96428680419922,275.34747314453125,7.076205253601074,11.657855987548828,1.0699938535690308,0.8422646522521973
SB68141_component_572a,273.846334,8.920784,9.239999771118164,50.21738815307617,273.8463134765625,8.920633316040039,12.439743041992188,0.9436116218566895,0.7427806258201599
SB68141_component_576a,272.113123,8.106139,9.317999839782715,52.943180084228516,272.1131286621094,8.105950355529785,14.657562255859375,0.8075950741767883,0.6357128024101257
SB68141_component_581a,274.526433,11.294576,9.289999961853027,50.489131927490234,274.5264587402344,11.294349670410156,10.05955696105957,1.173193335533142,0.9234998822212219
SB68141_component_584a,276.22068,11.025954,9.050999641418457,44.15121841430664,276.2204895019531,11.025710105895996,11.520980834960938,0.9980213642120361,0.7856101393699646
SB68141_component_585a,272.289862,9.369595,9.402999877929688,49.48947525024414,272.2898864746094,9.369537353515625,12.687838554382324,0.9414808750152588,0.7411033511161804
SB68141_component_586a,272.112927,11.668015,8.805999755859375,32.374996185302734,272.11297607421875,11.66782283782959,8.081708908081055,1.3842297792434692,1.0896209478378296
SB68141_component_590a,275.283752,12.121931,9.467000007629395,11.644526481628418,275.2837219238281,12.12171745300293,16.158899307250977,0.7442748546600342,0.5858691334724426
SB68141_component_592a,271.882921,10.332742,9.628000259399414,49.62886428833008,271.88299560546875,10.332597732543945,13.164081573486328,0.9291337728500366,0.7313840985298157
SB68141_component_596a,271.41708,10.575945,9.222000122070312,43.5,271.4171447753906,10.57583999633789,8.010257720947266,1.4625520706176758,1.1512738466262817
SB68141_component_600a,276.873948,7.80769,8.345000267028809,26.159875869750977,276.8740539550781,7.807564735412598,9.57041072845459,1.1077162027359009,0.8719584345817566
SB68141_component_603a,272.281425,6.704286,9.324999809265137,19.925212860107422,272.2816162109375,6.704372882843018,11.309370994567871,1.0474735498428345,0.824537456035614
SB68141_component_607a,272.088129,10.765023,8.715999603271484,46.609622955322266,272.088134765625,10.764959335327148,11.42739200592041,0.9689531326293945,0.7627286911010742
SB68141_component_608a,271.521108,9.756761,9.364999771118164,34.685184478759766,271.521240234375,9.756648063659668,14.640984535217285,0.8125876188278198,0.6396427750587463
SB68141_component_615a,275.599211,11.586087,8.760000228881836,33.56321716308594,275.59912109375,11.585734367370605,11.67540168762207,0.9531582593917847,0.7502954006195068
SB68141_component_616a,274.366963,11.062493,8.607000350952148,47.03279113769531,274.3670349121094,11.062352180480957,13.74916934967041,0.7952580451965332,0.6260014772415161
SB68141_component_618a,276.769438,7.468681,8.880999565124512,24.002700805664062,276.7695007324219,7.468426704406738,10.808977127075195,1.043782353401184,0.8216318488121033
SB68141_component_628a,272.967847,8.776425,7.9679999351501465,43.540985107421875,272.9678649902344,8.776355743408203,6.779106616973877,1.4931710958480835,1.175376057624817
SB68141_component_629a,274.617874,8.928112,8.342000007629395,45.09189224243164,274.6177978515625,8.927919387817383,13.055944442749023,0.8116982579231262,0.6389426589012146
SB68141_component_630a,273.709023,11.252277,8.133999824523926,49.296966552734375,273.70892333984375,11.252045631408691,11.739130973815918,0.8802396059036255,0.6928962469100952
SB68141_component_631a,276.732104,9.51658,7.890999794006348,34.762115478515625,276.7320556640625,9.516404151916504,10.115551948547363,0.9910034537315369,0.7800859212875366
SB68141_component_636a,274.29226,9.302817,8.380000114440918,46.0439567565918,274.2922058105469,9.302508354187012,11.606937408447266,0.9171895980834961,0.7219820022583008
SB68141_component_639a,273.650538,11.155736,8.102999687194824,43.79999923706055,273.65045166015625,11.155447006225586,10.621456146240234,0.9691577553749084,0.7628897428512573
SB68141_component_640a,273.261947,7.908726,8.13700008392334,42.826316833496094,273.26190185546875,7.908598899841309,6.786223411560059,1.5232418775558472,1.1990468502044678
SB68141_component_641a,271.849066,11.032211,8.109999656677246,37.37327194213867,271.84918212890625,11.032110214233398,11.920831680297852,0.8642651438713074,0.6803216338157654
SB68141_component_648a,272.348779,11.499101,7.520999908447266,30.573169708251953,272.3489074707031,11.498910903930664,11.408981323242188,0.8374549150466919,0.6592174768447876
SB68141_component_655a,271.34763,11.361977,8.765999794006348,23.06842041015625,271.3476257324219,11.361969947814941,12.047734260559082,0.9243337512016296,0.7276057004928589
SB68141_component_658a,275.165712,7.145441,7.645999908447266,37.11650466918945,275.1657409667969,7.145327568054199,9.414212226867676,1.0317703485488892,0.8121762871742249
SB68141_component_663a,273.923981,8.649306,7.736000061035156,45.775146484375,273.9240417480469,8.649113655090332,8.269344329833984,1.188442349433899,0.9355034232139587
SB68141_component_664a,272.085595,12.108346,7.177999973297119,10.167139053344727,272.0857238769531,12.108262062072754,8.58549690246582,1.0621130466461182,0.8360611200332642
SB68141_component_670a,274.099468,11.274275,7.525000095367432,41.12022018432617,274.0994567871094,11.274090766906738,10.779326438903809,0.8868447542190552,0.6980955600738525
SB68141_component_671a,273.784446,8.778469,7.783999919891357,44.99422073364258,273.7843933105469,8.778289794921875,10.16779899597168,0.9725425243377686,0.7655540704727173
SB68141_component_672a,275.258263,6.801382,7.918000221252441,20.78215217590332,275.2581787109375,6.801252365112305,8.898040771484375,1.1304564476013184,0.8898588418960571
SB68141_component_673a,274.486136,10.393844,7.822000026702881,41.82887649536133,274.4860534667969,10.39362621307373,11.065253257751465,0.8980265855789185,0.706897497177124
SB68141_component_674a,271.763085,11.443779,7.96999979019165,33.3472785949707,271.7630615234375,11.443659782409668,10.115842819213867,1.0008959770202637,0.7878730297088623
SB68141_component_675a,271.874489,8.776805,7.489999771118164,37.44999694824219,271.8746032714844,8.776577949523926,7.9416046142578125,1.1981364488601685,0.9431343078613281
SB68141_component_676a,272.364752,11.371809,7.017000198364258,33.574161529541016,272.36474609375,11.371474266052246,4.337974548339844,2.0549306869506836,1.6175752878189087
SB68141_component_681a,273.841831,8.822288,7.5920000076293945,43.884395599365234,273.8417663574219,8.822027206420898,4.965930461883545,1.9421746730804443,1.5288171768188477
SB68141_component_682a,272.234342,8.269042,7.5320000648498535,37.103450775146484,272.2344970703125,8.268693923950195,11.561213493347168,0.8276364207267761,0.651488721370697
SB68141_component_683a,274.841933,10.332932,7.458000183105469,39.46031951904297,274.8417663574219,10.33267593383789,5.355066299438477,1.7692543268203735,1.3926998376846313
SB68141_component_686a,274.863357,8.448296,6.920000076293945,36.80851364135742,274.8633117675781,8.447982788085938,8.654921531677246,1.0157239437103271,0.7995451092720032
SB68141_component_687a,272.902618,11.10829,7.525000095367432,42.51412582397461,272.9028015136719,11.108050346374512,8.268664360046387,1.1561225652694702,0.9100623726844788
SB68141_component_688a,273.897784,7.300206,6.940000057220459,36.14583206176758,273.8978576660156,7.3001227378845215,7.368685722351074,1.1964709758758545,0.9418233036994934
SB68141_component_689a,272.374479,6.804737,7.872000217437744,21.39130401611328,272.3746032714844,6.804633617401123,7.667211055755615,1.3043086528778076,1.0267096757888794
SB68141_component_692a,273.790197,11.79444,7.368000030517578,28.015207290649414,273.7901611328125,11.794238090515137,11.135137557983398,0.8405949473381042,0.6616891622543335
SB68141_component_693a,271.261089,10.070857,7.295000076293945,19.98630142211914,271.2609558105469,10.070786476135254,7.921028137207031,1.169974684715271,0.9209663271903992
SB68141_component_695a,274.145691,8.858822,7.500999927520752,40.54594421386719,274.1455993652344,8.858574867248535,9.286474227905273,1.026126742362976,0.8077338933944702
SB68141_component_696a,275.887525,8.249932,8.253000259399414,40.063106536865234,275.8874206542969,8.24970817565918,11.261846542358398,0.9309684038162231,0.7328283190727234
SB68141_component_704a,271.111187,7.66286,7.413000106811523,24.06818199157715,271.1112976074219,7.662830829620361,10.562189102172852,0.8916055560112,0.7018431425094604
SB68141_component_708a,273.75421,11.149143,7.066999912261963,36.616580963134766,273.7542724609375,11.148818969726562,10.101653099060059,0.8887412548065186,0.6995884776115417
SB68141_component_710a,271.237827,10.64757,6.875,26.544401168823242,271.23773193359375,10.647489547729492,8.419082641601562,1.0373866558074951,0.8165972828865051
SB68141_component_713a,271.346259,10.321814,7.256999969482422,28.570865631103516,271.34625244140625,10.321892738342285,9.479333877563477,0.9725501537322998,0.7655600905418396
SB68141_component_714a,274.052471,11.0618,7.796999931335449,43.07735061645508,274.0523681640625,11.061695098876953,10.972588539123535,0.9027159810066223,0.7105889320373535
SB68141_component_717a,277.146356,7.998723,7.760000228881836,19.20792007446289,277.1464538574219,7.99852180480957,9.85067081451416,1.0007569789886475,0.7877636551856995
SB68141_component_725a,272.825665,11.984011,7.533999919891357,18.19806671142578,272.8258361816406,11.983771324157715,10.741930961608887,0.8909963965415955,0.7013636231422424
SB68141_component_729a,273.792908,7.661668,6.625999927520752,38.30057907104492,273.79302978515625,7.661458969116211,8.696099281311035,0.9679650068283081,0.7619507908821106
SB68141_component_732a,276.085624,10.275107,6.464000225067139,34.56684494018555,276.08544921875,10.274991989135742,8.715214729309082,0.9422279596328735,0.7416914701461792
SB68141_component_733a,271.398233,7.646886,6.381999969482422,26.37190055847168,271.3983154296875,7.646814823150635,7.891438961029053,1.0273852348327637,0.8087244629859924
SB68141_component_734a,276.589578,7.19536,6.560999870300293,18.96242904663086,276.5893859863281,7.195115566253662,8.938972473144531,0.9324276447296143,0.7339769601821899
SB68141_component_738a,276.644611,10.939129,6.110000133514404,25.45833396911621,276.6445007324219,10.938867568969727,7.144015789031982,1.086504578590393,0.8552612662315369
SB68141_component_739a,274.303969,11.087432,6.744999885559082,32.58454132080078,274.3039855957031,11.087160110473633,9.200854301452637,0.9312933683395386,0.7330840826034546
SB68141_component_740a,272.523139,6.844909,6.4629998207092285,20.009286880493164,272.5233459472656,6.8446784019470215,6.233659267425537,1.3171154260635376,1.0367907285690308
SB68141_component_742a,274.987664,8.322637,6.5370001792907715,36.116024017333984,274.9875793457031,8.322244644165039,4.61110782623291,1.800967812538147,1.4176636934280396
SB68141_component_744a,275.887553,8.461007,6.377999782562256,32.70769119262695,275.8874816894531,8.46090030670166,9.831137657165527,0.8241636157035828,0.6487550139427185
SB68141_component_745a,276.211062,11.393573,6.909999847412109,30.57522201538086,276.2108154296875,11.39338207244873,9.544522285461426,0.9197220206260681,0.7239754796028137
SB68141_component_749a,273.788138,10.990546,6.585999965667725,35.989070892333984,273.7880859375,10.990253448486328,7.680827617645264,1.0892972946166992,0.8574596643447876
SB68141_component_750a,277.064815,11.607314,6.710000038146973,21.575563430786133,277.06463623046875,11.606968879699707,8.920690536499023,0.9555573463439941,0.7521839141845703
SB68141_component_751a,276.123924,9.803567,6.2789998054504395,31.712120056152344,276.1238098144531,9.803370475769043,9.656571388244629,0.8260384202003479,0.6502307653427124
SB68141_component_752a,277.41582,11.512849,7.140999794006348,11.517741203308105,277.415771484375,11.51240062713623,5.2876763343811035,1.7156428098678589,1.3504986763000488
SB68141_component_754a,277.093218,11.5686,6.756999969482422,21.79677391052246,277.0931091308594,11.568258285522461,8.065983772277832,1.064214825630188,0.8377155661582947
SB68141_component_756a,272.556797,6.739881,6.119999885559082,14.67625904083252,272.55670166015625,6.739838123321533,5.3860063552856445,1.443501591682434,1.1362779140472412
SB68141_component_757a,272.755985,8.72357,6.307000160217285,33.19473648071289,272.75604248046875,8.723341941833496,8.031721115112305,0.9975781440734863,0.785261332988739
SB68141_component_758a,271.981993,11.193808,6.3460001945495605,30.657005310058594,271.9821472167969,11.193734169006348,5.7461256980896,1.402999997138977,1.1043963432312012
SB68141_component_759a,274.458765,7.303844,6.130000114440918,32.78074645996094,274.4588623046875,7.303647041320801,5.769395351409912,1.349779725074768,1.0625030994415283
SB68141_component_763a,275.721904,9.474755,6.421000003814697,32.92820739746094,275.7218322753906,9.474639892578125,8.922356605529785,0.9142307043075562,0.7196529507637024
SB68141_component_766a,276.204804,10.814892,6.093999862670898,29.582523345947266,276.2045593261719,10.814702987670898,9.792393684387207,0.7905808687210083,0.622319757938385
SB68141_component_767a,276.379546,11.237456,6.557000160217285,30.356481552124023,276.37945556640625,11.237184524536133,8.643594741821289,0.9637036919593811,0.7585964202880859
SB68141_component_770a,271.95088,8.039862,6.129000186920166,31.111677169799805,271.9509582519531,8.039813995361328,8.117889404296875,0.9591338634490967,0.7549992203712463
SB68141_component_772a,271.671415,10.419955,6.314000129699707,29.231481552124023,271.67138671875,10.419961929321289,6.53902006149292,1.226661205291748,0.9655881524085999
SB68141_component_776a,276.533128,11.871468,6.788000106811523,17.05527687072754,276.5329895019531,11.871200561523438,9.45655632019043,0.9118881225585938,0.7178089022636414
SB68141_component_777a,272.055738,7.224423,6.284999847412109,28.438913345336914,272.05584716796875,7.2242231369018555,3.314608335494995,2.408827781677246,1.8961515426635742
SB68141_component_779a,273.194098,6.841461,6.341000080108643,18.92835807800293,273.1942138671875,6.841200351715088,5.11152458190918,1.5759412050247192,1.2405301332473755
SB68141_component_780a,275.227897,10.635113,5.754000186920166,33.453487396240234,275.2276611328125,10.63478946685791,6.040888786315918,1.210045576095581,0.9525088667869568
SB68141_component_781a,275.719049,9.646139,6.316999912261963,33.962364196777344,275.71893310546875,9.6459321975708,9.863909721374512,0.813569188117981,0.6404154300689697
SB68141_component_783a,271.582305,7.159116,6.5329999923706055,28.528383255004883,271.5821838378906,7.158868312835693,8.005617141723633,1.0366939306259155,0.8160520195960999
SB68141_component_784a,274.026188,9.776617,5.815000057220459,29.36868667602539,274.0261535644531,9.776415824890137,3.9070112705230713,1.890765905380249,1.4883499145507812
SB68141_component_789a,275.543274,10.700948,6.446000099182129,37.69590759277344,275.5431213378906,10.70078182220459,7.508123874664307,1.090665578842163,0.8585367202758789
SB68141_component_790a,276.351905,7.48723,6.9079999923706055,29.27118682861328,276.35186767578125,7.4871015548706055,8.781986236572266,0.999291718006134,0.7866101861000061
SB68141_component_791a,273.681849,8.848704,6.4079999923706055,31.106796264648438,273.6818542480469,8.84856128692627,9.348723411560059,0.8707689046859741,0.6854411959648132
SB68141_component_793a,273.277951,7.289388,5.834000110626221,29.614213943481445,273.27801513671875,7.289369106292725,7.387972831726074,1.0031684637069702,0.7896618247032166
SB68141_component_794a,276.202592,11.753437,6.730000019073486,17.946666717529297,276.20245361328125,11.753288269042969,5.511229991912842,1.5513123273849487,1.2211430072784424
SB68141_component_796a,270.854084,10.333879,6.188000202178955,13.336207389831543,270.85406494140625,10.333712577819824,5.478034496307373,1.4350210428237915,1.129602313041687
SB68141_component_799a,271.163801,10.457279,6.343999862670898,24.030302047729492,271.163818359375,10.457364082336426,6.972009658813477,1.155946969985962,0.9099241495132446
SB68141_component_802a,272.947233,10.922921,6.13100004196167,32.43915557861328,272.947265625,10.922700881958008,9.6002779006958,0.8112977147102356,0.6386273503303528
SB68141_component_805a,271.596507,8.960984,6.210000038146973,33.3870964050293,271.59661865234375,8.960806846618652,7.658816814422607,1.0300602912902832,0.8108302354812622
SB68141_component_808a,271.399686,7.039201,6.015999794006348,22.03662872314453,271.3997802734375,7.039341449737549,5.966470718383789,1.2809230089187622,1.0083012580871582
SB68141_component_809a,272.185597,6.919162,5.4039998054504395,16.679012298583984,272.1856994628906,6.919149875640869,7.919296741485596,0.8668848872184753,0.6823837757110596
SB68141_component_813a,274.169056,6.745649,5.813000202178955,15.626344680786133,274.1690368652344,6.7455010414123535,8.238335609436035,0.8963829278945923,0.7056037187576294
SB68141_component_822a,276.686602,10.011461,6.480999946594238,32.08415603637695,276.6865234375,10.011228561401367,9.2649564743042,0.8886512517929077,0.6995176076889038
SB68141_component_823a,273.651278,10.963945,6.056000232696533,35.41520690917969,273.6512756347656,10.963574409484863,9.049674987792969,0.850130558013916,0.6691953539848328
SB68141_component_824a,273.560974,9.07156,5.86299991607666,32.754188537597656,273.5609436035156,9.071393966674805,8.366287231445312,0.8902660608291626,0.7007887363433838
SB68141_component_825a,274.597072,12.08943,6.267000198364258,11.415300369262695,274.59674072265625,12.089366912841797,11.027247428894043,0.7219802737236023,0.56831955909729
SB68141_component_826a,274.246716,8.794911,5.9120001792907715,33.782859802246094,274.24676513671875,8.794429779052734,2.163691520690918,3.471137285232544,2.732367515563965
SB68141_component_830a,275.231243,7.903971,6.135000228881836,34.08333206176758,275.2312927246094,7.903692722320557,8.36884593963623,0.9312831163406372,0.7330760359764099
SB68141_component_831a,275.217328,6.799278,6.36299991607666,18.025495529174805,275.2173156738281,6.799248695373535,7.514041900634766,1.0757739543914795,0.8468145132064819
SB68141_component_837a,276.683898,9.638558,5.73799991607666,27.454544067382812,276.6839599609375,9.638352394104004,8.90709114074707,0.8183844089508057,0.6442058086395264
SB68141_component_841a,271.814251,11.588442,5.689000129699707,22.22265625,271.8143310546875,11.588181495666504,7.615542411804199,0.9490035772323608,0.7470249533653259
SB68141_component_844a,275.31009,7.975793,5.684999942779541,29.921052932739258,275.31011962890625,7.9757466316223145,8.134892463684082,0.8877922892570496,0.6988414525985718
SB68141_component_845a,275.588017,11.639798,5.310999870300293,20.348657608032227,275.5877380371094,11.639583587646484,6.712889671325684,1.0050773620605469,0.7911644577980042
SB68141_component_846a,276.566956,7.400866,5.605000019073486,18.62126350402832,276.567138671875,7.4008026123046875,6.791652679443359,1.0484141111373901,0.8252778053283691
SB68141_component_853a,273.640138,11.275667,6.021999835968018,34.21590805053711,273.6401062011719,11.275362014770508,7.208978176116943,1.0612061023712158,0.8353472352027893
SB68141_component_862a,272.776061,11.369729,5.942999839782715,33.576271057128906,272.7761535644531,11.369416236877441,5.658600807189941,1.3342258930206299,1.0502595901489258
SB68141_component_865a,271.630607,10.976968,5.927000045776367,22.115671157836914,271.6307373046875,10.976808547973633,7.708189964294434,0.9768215417861938,0.7689223885536194
SB68141_component_868a,272.124003,8.202173,5.340000152587891,29.502763748168945,272.12408447265625,8.20203971862793,7.59075403213501,0.8936944603919983,0.7034874558448792
SB68141_component_872a,275.881485,10.61877,5.390999794006348,23.439128875732422,275.8813171386719,10.618738174438477,6.6633992195129395,1.0277942419052124,0.8090465068817139
SB68141_component_883a,272.673377,8.208856,5.040999889373779,26.67195701599121,272.6733703613281,8.208715438842773,6.855884075164795,0.9340839982032776,0.7352808117866516
SB68141_component_885a,271.330082,7.080098,5.078999996185303,20.235061645507812,271.33001708984375,7.080029487609863,7.521548748016357,0.8578347563743591,0.6752598881721497
SB68141_component_887a,273.421774,11.521393,5.843999862670898,26.443437576293945,273.42169189453125,11.521186828613281,7.355799198150635,1.009283185005188,0.7944751977920532
SB68141_component_888a,271.875168,11.712052,5.367000102996826,17.77152442932129,271.8751525878906,11.71193790435791,7.20766544342041,0.9459533095359802,0.7446238994598389
SB68141_component_889a,274.293134,11.243121,5.446000099182129,28.21761703491211,274.29302978515625,11.24280071258545,5.877933025360107,1.1770250797271729,0.9265161752700806
SB68141_component_891a,274.489422,11.508911,5.35099983215332,24.773147583007812,274.4894104003906,11.508758544921875,7.478966236114502,0.9089208841323853,0.7154731750488281
SB68141_component_892a,274.465732,6.96142,5.665999889373779,22.3952579498291,274.4657897949219,6.96135139465332,6.901912689208984,1.0428931713104248,0.8209318518638611
SB68141_component_893a,274.486648,6.685157,4.827000141143799,10.65562915802002,274.4864501953125,6.684957504272461,3.840129852294922,1.596850037574768,1.256988763809204
SB68141_component_895a,273.659546,7.948209,5.406000137329102,29.221622467041016,273.6594543457031,7.947975158691406,6.5275044441223145,1.052111029624939,0.828187882900238
SB68141_component_897a,271.305546,9.747894,5.439000129699707,14.275590896606445,271.3056640625,9.747809410095215,8.01793384552002,0.86176598072052,0.6783543229103088
SB68141_component_898a,272.002,9.633359,5.383999824523926,26.65346336364746,272.00201416015625,9.633312225341797,6.5693840980529785,1.041149616241455,0.8195592761039734
SB68141_component_904a,277.319779,11.468133,5.811999797821045,12.418803215026855,277.3198547363281,11.467962265014648,4.41755485534668,1.6713844537734985,1.3156598806381226
SB68141_component_910a,272.813819,10.683485,5.322000026702881,29.566665649414062,272.8138732910156,10.683313369750977,7.975890159606934,0.8476731777191162,0.6672609448432922
SB68141_component_912a,275.197549,11.021195,5.071000099182129,26.27461051940918,275.1973876953125,11.020964622497559,3.8548736572265625,1.671152949333191,1.3154776096343994
SB68141_component_913a,274.50858,7.811344,5.307000160217285,26.9390869140625,274.50860595703125,7.811241626739502,10.289944648742676,0.6551922559738159,0.5157462358474731
SB68141_component_914a,271.91544,10.074098,5.616000175476074,28.948453903198242,271.9155578613281,10.07406234741211,7.264283180236816,0.9821256995201111,0.7730976343154907
SB68141_component_916a,271.757475,9.077919,5.327000141143799,29.430940628051758,271.75750732421875,9.077936172485352,4.509278297424316,1.5007500648498535,1.1813421249389648
SB68141_component_917a,276.584824,9.162577,5.448999881744385,21.03860855102539,276.5846862792969,9.162507057189941,9.78477668762207,0.7074546217918396,0.5568854808807373
SB68141_component_923a,273.928821,9.843516,4.9670000076293945,24.834999084472656,273.9286804199219,9.84327507019043,6.979496002197266,0.9040716290473938,0.7116559743881226
SB68141_component_925a,274.106414,8.730552,5.040999889373779,27.102149963378906,274.1063537597656,8.730249404907227,7.092952728271484,0.9028639793395996,0.7107053995132446
SB68141_component_926a,273.213162,10.783678,5.348999977111816,28.152631759643555,273.21319580078125,10.783312797546387,6.6364312171936035,1.0239310264587402,0.8060054779052734
SB68141_component_927a,273.841286,7.564213,5.388000011444092,28.812833786010742,273.8413391113281,7.5640549659729,5.9484477043151855,1.1506855487823486,0.9057825207710266
SB68141_component_929a,272.497983,7.374947,4.589000225067139,24.152633666992188,272.49798583984375,7.374939918518066,3.929539680480957,1.4835736751556396,1.1678212881088257
SB68141_component_934a,274.280356,10.565465,5.326000213623047,29.26373863220215,274.2803039550781,10.565080642700195,7.4838385581970215,0.9040855169296265,0.7116668820381165
SB68141_component_936a,271.679474,6.978708,4.4629998207092285,15.336769104003906,271.6795654296875,6.978555679321289,7.202617168426514,0.7871713042259216,0.6196358799934387
SB68141_component_939a,276.022831,9.799916,4.883999824523926,25.570680618286133,276.0227355957031,9.799717903137207,5.185457706451416,1.196523666381836,0.9418647289276123
SB68141_component_945a,276.008825,7.540802,5.447999954223633,24.763635635375977,276.00860595703125,7.540505886077881,6.556207180023193,1.0556432008743286,0.8309682607650757
SB68141_component_950a,274.408054,7.391341,5.138999938964844,29.033897399902344,274.4079284667969,7.391096115112305,6.727496147155762,0.9704158902168274,0.7638800144195557
SB68141_component_953a,274.404579,10.807806,4.991000175476074,26.83333396911621,274.4046630859375,10.807448387145996,6.318921089172363,1.0034074783325195,0.7898500561714172
SB68141_component_954a,276.558211,10.638713,4.49399995803833,18.048192977905273,276.55804443359375,10.63855266571045,6.773329257965088,0.8428758382797241,0.6634846329689026
SB68141_component_956a,274.677343,8.88191,4.968999862670898,28.07344627380371,274.6772155761719,8.881765365600586,7.221103668212891,0.8741744756698608,0.6881219148635864
SB68141_component_961a,274.464491,9.089123,5.03000020980835,28.908048629760742,274.4643859863281,9.088895797729492,7.354208946228027,0.8688899278640747,0.6839621067047119
SB68141_component_965a,273.764481,10.636851,4.769000053405762,28.386905670166016,273.7644348144531,10.636552810668945,6.180378437042236,0.9802682995796204,0.7716355919837952
SB68141_component_971a,275.240607,7.25343,4.556000232696533,23.606218338012695,275.2405700683594,7.253260612487793,6.220186233520508,0.9304929375648499,0.7324540019035339
SB68141_component_974a,276.413452,6.777512,5.0289998054504395,10.632135391235352,276.4136962890625,6.777322292327881,6.259284496307373,1.0206800699234009,0.8034464120864868
SB68141_component_976a,276.907869,8.395249,4.914000034332275,17.121952056884766,276.9079895019531,8.394972801208496,5.725677967071533,1.090287208557129,0.8582389950752258
SB68141_component_980a,275.930326,7.263147,4.543000221252441,19.08823585510254,275.93023681640625,7.262842178344727,3.641227960586548,1.5849939584732056,1.2476561069488525
SB68141_component_981a,272.57634,8.689774,5.109000205993652,27.175533294677734,272.5764465332031,8.689583778381348,6.764071941375732,0.9595341086387634,0.755314290523529
SB68141_component_983a,274.776602,9.106553,4.86899995803833,25.097936630249023,274.7765197753906,9.106379508972168,7.246371269226074,0.8535950779914856,0.671922504901886
SB68141_component_984a,275.72441,10.141856,4.625999927520752,24.8709659576416,275.72412109375,10.141674041748047,4.76193380355835,1.234113097190857,0.9714540839195251
SB68141_component_988a,273.539125,8.043685,4.7870001792907715,26.594444274902344,273.5391845703125,8.043577194213867,7.296935558319092,0.8334041237831116,0.6560288667678833
SB68141_component_989a,273.970053,11.33717,5.195000171661377,27.632980346679688,273.9700622558594,11.336843490600586,7.263506889343262,0.9085983037948608,0.715219259262085
SB68141_component_991a,272.139237,6.905968,4.331999778747559,11.430078506469727,272.1393127441406,6.905886650085449,5.699886798858643,0.9655058979988098,0.760015070438385
SB68141_component_995a,276.196922,11.281916,5.140999794006348,22.064376831054688,276.1966247558594,11.281462669372559,6.6214470863342285,0.986341655254364,0.7764163613319397
SB68141_component_997a,275.189305,9.851545,4.497000217437744,25.697145462036133,275.189208984375,9.851289749145508,6.32474946975708,0.9032590389251709,0.7110163569450378
SB68141_component_998a,276.887412,10.992813,4.714000225067139,17.856061935424805,276.8872985839844,10.99247932434082,5.5341362953186035,1.0821125507354736,0.8518041372299194
SB68141_component_1000a,272.005105,8.985866,4.390999794006348,21.737621307373047,272.00518798828125,8.98568344116211,5.85813045501709,0.9522194862365723,0.7495564818382263
SB68141_component_1002a,273.725041,7.567106,4.348999977111816,23.508108139038086,273.724853515625,7.566878795623779,7.025277614593506,0.78642737865448,0.6190502643585205
SB68141_component_1003a,272.087297,9.711793,4.5929999351501465,25.098360061645508,272.0873107910156,9.711607933044434,7.285890579223633,0.8008413910865784,0.6303964853286743
SB68141_component_1005a,271.693139,6.830093,4.941999912261963,13.143617630004883,271.6932067871094,6.830048561096191,6.735708236694336,0.9320778250694275,0.7337015867233276
SB68141_component_1007a,271.173088,8.624075,4.447000026702881,15.33448314666748,271.1730651855469,8.62414836883545,4.716812610626221,1.1977088451385498,0.9427976608276367
SB68141_component_1012a,272.386203,9.592795,4.486999988555908,24.927776336669922,272.38629150390625,9.592536926269531,5.877458572387695,0.9698379635810852,0.7634251713752747
SB68141_component_1013a,272.693438,9.283808,4.394000053405762,23.880435943603516,272.6933898925781,9.283646583557129,6.754063606262207,0.8264710307121277,0.650571346282959
SB68141_component_1017a,275.444814,10.717116,4.388000011444092,23.718917846679688,275.44476318359375,10.716927528381348,6.318155765533447,0.8822852373123169,0.6945064663887024
SB68141_component_1018a,275.75248,9.050998,4.2270002365112305,23.09836196899414,275.75238037109375,9.050917625427246,4.727833271026611,1.1358026266098022,0.894067108631134
SB68141_component_1019a,271.816049,9.419813,4.603000164031982,23.60512924194336,271.8160705566406,9.419731140136719,6.268351078033447,0.9328684210777283,0.7343239188194275
SB68141_component_1021a,270.936535,9.129493,4.53000020980835,12.112299919128418,270.9366149902344,9.12961483001709,6.632922649383545,0.867612898349762,0.682956874370575
SB68141_component_1022a,275.069352,7.91647,4.702000141143799,26.268156051635742,275.0693359375,7.916274070739746,6.714077949523926,0.8896700143814087,0.7003195881843567
SB68141_component_1031a,271.369112,7.411746,4.85699987411499,24.28499984741211,271.3692626953125,7.411649227142334,5.682518482208252,1.0858252048492432,0.8547266125679016
SB68141_component_1032a,271.08832,7.063129,4.422999858856201,13.821874618530273,271.0882263183594,7.063028812408447,5.097516059875488,1.1022777557373047,0.8676774501800537
SB68141_component_1033a,273.634496,11.752875,4.26800012588501,14.923076629638672,273.63470458984375,11.752471923828125,6.849586009979248,0.7915763258934021,0.6231033802032471
SB68141_component_1036a,275.563644,10.657364,4.269000053405762,23.327869415283203,275.5634460449219,10.657135963439941,5.519365310668945,0.9825840592384338,0.7734584808349609
SB68141_component_1038a,273.558915,10.791256,4.171999931335449,23.049724578857422,273.5589294433594,10.79105281829834,6.156284809112549,0.8609110713005066,0.6776814460754395
SB68141_component_1040a,271.127802,8.98283,4.172999858856201,17.833332061767578,271.12786865234375,8.98278522491455,5.7885541915893555,0.9158218502998352,0.7209053635597229
SB68141_component_1046a,276.638571,7.87809,4.190000057220459,17.2427978515625,276.63848876953125,7.878191947937012,7.960567951202393,0.6686559319496155,0.526344358921051
SB68141_component_1047a,272.251627,9.214806,4.355999946594238,24.61016845703125,272.2516784667969,9.21441650390625,4.541867733001709,1.2183893918991089,0.9590768218040466
SB68141_component_1049a,271.485777,9.307673,3.9779999256134033,18.5023250579834,271.48577880859375,9.307486534118652,5.953890323638916,0.8487829566001892,0.6681345701217651
SB68141_component_1051a,271.898262,7.316491,4.568999767303467,20.76818084716797,271.8984680175781,7.316234588623047,5.800418376922607,1.0006784200668335,0.7877017855644226
SB68141_component_1054a,276.050316,8.779199,4.111000061035156,20.452735900878906,276.0503234863281,8.779016494750977,5.952268123626709,0.8774001598358154,0.6906610727310181
SB68141_component_1057a,275.249406,10.155754,4.2129998207092285,22.173683166503906,275.2491455078125,10.15570068359375,5.149465560913086,1.0393505096435547,0.8181431293487549
SB68141_component_1058a,270.939242,8.81275,4.669000148773193,12.286842346191406,270.93927001953125,8.812602043151855,5.305421829223633,1.1179869174957275,0.8800431489944458
SB68141_component_1062a,276.007817,9.630095,4.63700008392334,25.33879852294922,276.0078125,9.629758834838867,4.864477157592773,1.2109707593917847,0.9532371163368225
SB68141_component_1066a,272.819645,9.129384,4.105000019073486,22.55494499206543,272.8196105957031,9.128985404968262,3.5319082736968994,1.4765101671218872,1.1622612476348877
SB68141_component_1068a,272.454171,8.713797,4.107999801635742,22.08601951599121,272.45416259765625,8.71363353729248,5.364070892333984,0.972900927066803,0.765836238861084
SB68141_component_1069a,272.484378,8.661136,4.256999969482422,22.887096405029297,272.4844055175781,8.660962104797363,5.766006946563721,0.9379100799560547,0.7382925748825073
SB68141_component_1070a,271.294869,7.934461,3.8559999465942383,12.478964805603027,271.2949523925781,7.934167385101318,5.687607288360596,0.8612716197967529,0.6779652237892151
SB68141_component_1072a,271.088136,10.279669,3.812999963760376,11.348214149475098,271.0883483886719,10.27925968170166,4.6448540687561035,1.042863368988037,0.8209084272384644
SB68141_component_1074a,272.711206,10.671775,4.23199987411499,24.045454025268555,272.71124267578125,10.671684265136719,6.10233736038208,0.8810126781463623,0.6935047507286072
SB68141_component_1076a,275.623579,9.453832,4.10699987411499,21.061538696289062,275.6235046386719,9.453649520874023,6.596988201141357,0.7908819913864136,0.6225568056106567
SB68141_component_1087a,273.775008,9.231591,3.8499999046325684,19.845359802246094,273.7750549316406,9.231426239013672,6.281700611114502,0.778603196144104,0.6128913164138794
SB68141_component_1091a,274.523774,7.991031,4.175000190734863,22.326204299926758,274.5237121582031,7.990672588348389,8.36043930053711,0.6343955397605896,0.49937570095062256
SB68141_component_1092a,276.81887,11.029456,3.9660000801086426,16.456432342529297,276.8186340332031,11.029088973999023,5.18934965133667,0.9708955883979797,0.7642576098442078
SB68141_component_1099a,272.142147,11.752065,3.5320000648498535,11.580327987670898,272.1421813964844,11.75196647644043,5.580211639404297,0.8040865063667297,0.6329509019851685
SB68141_component_1111a,274.894382,10.192468,4.021999835968018,20.731956481933594,274.89434814453125,10.192440032958984,5.398239612579346,0.9465043544769287,0.7450576424598694
SB68141_component_1113a,273.123456,10.625139,3.927999973297119,20.565444946289062,273.1235046386719,10.62483024597168,5.648770332336426,0.8833854794502258,0.6953725814819336
SB68141_component_1114a,272.861401,7.233911,3.8399999141693115,18.199052810668945,272.86151123046875,7.233612537384033,5.0214009284973145,0.9714915156364441,0.7647268176078796
SB68141_component_1119a,273.960632,10.438455,4.041999816894531,22.707862854003906,273.9606628417969,10.438124656677246,3.24517560005188,1.58230721950531,1.2455412149429321
SB68141_component_1120a,272.43752,11.001043,4.1620001792907715,20.70646858215332,272.4377136230469,11.000605583190918,5.543805122375488,0.9537330865859985,0.7507479190826416
SB68141_component_1121a,273.41547,7.094391,4.238999843597412,20.379806518554688,273.4154052734375,7.094228267669678,4.537059783935547,1.186920404434204,0.9343054890632629
SB68141_component_1122a,276.807245,8.499782,4.192999839782715,15.247271537780762,276.80706787109375,8.499670028686523,3.2838807106018066,1.6220722198486328,1.2768429517745972
SB68141_component_1126a,275.716,9.577847,3.614000082015991,19.43010711669922,275.71588134765625,9.577491760253906,5.317830562591553,0.8633489608764648,0.6796004772186279
SB68141_component_1136a,272.289616,11.681342,4.081999778747559,14.630823135375977,272.28961181640625,11.680962562561035,4.666205406188965,1.1113269329071045,0.8748006820678711
SB68141_component_1137a,275.897845,9.618171,4.203999996185303,21.34010124206543,275.89776611328125,9.617871284484863,7.190157413482666,0.7427745461463928,0.5846881866455078
SB68141_component_1138a,274.306593,7.815106,3.5929999351501465,19.213903427124023,274.30657958984375,7.814988136291504,4.430256366729736,1.0302938222885132,0.8110139966011047
SB68141_component_1139a,272.656569,9.264912,3.671999931335449,20.513965606689453,272.65673828125,9.264852523803711,5.420436382293701,0.8605995774269104,0.6774362325668335
SB68141_component_1141a,272.223376,8.508766,3.697000026702881,18.862245559692383,272.223388671875,8.508549690246582,5.47600793838501,0.8576657772064209,0.675126850605011
SB68141_component_1143a,274.57419,10.607535,3.7039999961853027,20.021621704101562,274.5742492675781,10.607189178466797,5.6559648513793945,0.8319495916366577,0.654883861541748
SB68141_component_1144a,272.683663,11.493686,3.8269999027252197,17.717592239379883,272.68365478515625,11.493358612060547,5.853661060333252,0.8305458426475525,0.6537788510322571
SB68141_component_1147a,272.889962,9.855604,3.5820000171661377,18.852632522583008,272.8899230957031,9.855351448059082,4.850496768951416,0.9381495714187622,0.7384810447692871
SB68141_component_1148a,272.926895,11.494949,3.7890000343322754,19.734375,272.9267883300781,11.494640350341797,5.077404975891113,0.9480156898498535,0.7462473511695862
SB68141_component_1150a,272.139405,9.049802,3.6459999084472656,19.393617630004883,272.1392822265625,9.049604415893555,5.161786079406738,0.8973242044448853,0.7063446640968323
SB68141_component_1153a,271.402689,6.878079,4.098999977111816,11.481792449951172,271.4024658203125,6.877901077270508,3.1139450073242188,1.6722443103790283,1.3163366317749023
SB68141_component_1158a,272.958357,10.796838,3.619999885559082,18.564102172851562,272.9583740234375,10.796658515930176,2.8447022438049316,1.6166070699691772,1.2725409269332886
SB68141_component_1160a,272.527018,7.529644,3.5369999408721924,19.649999618530273,272.52703857421875,7.529510974884033,5.047560214996338,0.8901972770690918,0.700734555721283
SB68141_component_1161a,272.932741,9.509259,3.5269999504089355,20.039772033691406,272.9329528808594,9.509337425231934,2.935260534286499,1.5264813899993896,1.2015968561172485
SB68141_component_1163a,273.927421,7.086402,3.253999948501587,14.33480167388916,273.9273681640625,7.0863728523254395,5.07144021987915,0.8151151537895203,0.6416323184967041
SB68141_component_1167a,275.475685,10.675001,3.697000026702881,18.958974838256836,275.47552490234375,10.674749374389648,6.133188724517822,0.7657655477523804,0.6027859449386597
SB68141_component_1168a,275.014078,7.75001,3.5869998931884766,18.585491180419922,275.01385498046875,7.749980449676514,3.256639242172241,1.399247169494629,1.1014422178268433
SB68141_component_1172a,273.104231,10.852364,3.569000005722046,18.116750717163086,273.1044006347656,10.85209846496582,4.308516502380371,1.0523289442062378,0.8283593654632568
SB68141_component_1174a,275.489012,10.425691,3.440999984741211,18.80327796936035,275.48876953125,10.425223350524902,5.59793758392334,0.780889093875885,0.6146906614303589
SB68141_component_1175a,273.353017,7.901162,3.8440001010894775,20.446809768676758,273.3529357910156,7.9008026123046875,4.963462829589844,0.9838555455207825,0.7744593024253845
SB68141_component_1177a,272.725132,10.940299,3.680999994277954,19.37368392944336,272.72503662109375,10.94012451171875,5.155294418334961,0.9070788621902466,0.714023232460022
SB68141_component_1180a,271.335339,9.059721,3.8340001106262207,19.363637924194336,271.3351745605469,9.05954647064209,4.819840431213379,1.0105369091033936,0.7954620122909546
SB68141_component_1191a,272.348656,8.917922,3.2899999618530273,19.239765167236328,272.3487854003906,8.917762756347656,5.378683567047119,0.7770565152168274,0.6116738319396973
SB68141_component_1193a,271.952083,7.980001,3.515000104904175,18.11855697631836,271.95208740234375,7.979816913604736,5.729062080383301,0.7794253826141357,0.6135385036468506
SB68141_component_1196a,276.062626,8.606555,3.4570000171661377,17.81958770751953,276.0626220703125,8.606472969055176,5.686746597290039,0.7722683548927307,0.6079047322273254
SB68141_component_1198a,275.531923,7.768073,3.2130000591278076,16.30964469909668,275.5318908691406,7.767912864685059,4.730452537536621,0.8628608584403992,0.679216206073761
SB68141_component_1199a,275.781258,7.911761,3.424999952316284,18.6141300201416,275.7813720703125,7.911513328552246,4.964217662811279,0.8764809370040894,0.6899375319480896
SB68141_component_1200a,274.246951,10.48312,3.3010001182556152,18.544944763183594,274.2468566894531,10.482975959777832,5.274618625640869,0.7950367331504822,0.6258272528648376
SB68141_component_1204a,277.04055,11.193094,3.259000062942505,11.39510440826416,277.0403747558594,11.19294261932373,4.379495143890381,0.9453508853912354,0.7441497445106506
SB68141_component_1210a,276.993011,10.950327,3.4539999961853027,11.513333320617676,276.99285888671875,10.949999809265137,3.70243763923645,1.1851335763931274,0.9328988790512085
SB68141_component_1211a,276.979013,10.071058,3.8540000915527344,12.71947193145752,276.9788818359375,10.070769309997559,4.992166042327881,0.9807434678077698,0.7720096111297607
SB68141_component_1212a,276.268666,8.47107,3.6530001163482666,17.733009338378906,276.26849365234375,8.470749855041504,4.945854187011719,0.9382986426353455,0.7385984063148499
SB68141_component_1222a,273.659125,11.783222,3.4110000133514404,11.843750953674316,273.6591796875,11.78283405303955,4.155263423919678,1.0428357124328613,0.8208866119384766
SB68141_component_1223a,271.765842,9.026245,3.321000099182129,17.664894104003906,271.7659606933594,9.026169776916504,4.27517032623291,0.9868432879447937,0.7768111824989319
SB68141_component_1226a,271.584171,8.244435,3.696000099182129,16.0,271.5843811035156,8.244004249572754,3.0547335147857666,1.5370618104934692,1.2099255323410034
SB68141_component_1228a,273.911613,9.49497,3.8450000286102295,19.922279357910156,273.9115295410156,9.49494743347168,6.442779064178467,0.7581511735916138,0.5967921614646912
SB68141_component_1232a,274.830685,9.056879,3.7090001106262207,18.092683792114258,274.8304443359375,9.056722640991211,3.8174092769622803,1.2343002557754517,0.9716013669967651
SB68141_component_1235a,273.460954,11.239475,3.427000045776367,17.75647735595703,273.4609069824219,11.239224433898926,2.2513275146484375,1.93378484249115,1.5222129821777344
SB68141_component_1240a,275.267133,11.64024,3.8519999980926514,12.425806045532227,275.2672424316406,11.639946937561035,2.7503151893615723,1.7792481184005737,1.4005666971206665
SB68141_component_1241a,275.07047,10.182917,3.7290000915527344,20.71666717529297,275.0702209472656,10.182610511779785,4.406259536743164,1.0751153230667114,0.8462960720062256
SB68141_component_1245a,276.157766,7.833827,3.3910000324249268,16.147619247436523,276.157470703125,7.833505630493164,3.8394508361816406,1.1219961643218994,0.8831992149353027
SB68141_component_1246a,273.224789,9.255096,3.6670000553131104,17.887805938720703,273.2248229980469,9.254487037658691,4.349095344543457,1.071136236190796,0.8431638479232788
SB68141_component_1247a,274.9333,10.241881,3.5940001010894775,17.1961727142334,274.93267822265625,10.241514205932617,2.2238097190856934,2.053114414215088,1.6161454916000366
SB68141_component_1250a,275.836361,8.215562,3.503999948501587,18.25,275.8362731933594,8.215152740478516,4.7493157386779785,0.937272310256958,0.7377904653549194
SB68141_component_1252a,276.94694,9.780052,3.5409998893737793,15.808034896850586,276.94677734375,9.779909133911133,4.247066974639893,1.0591793060302734,0.8337518572807312
SB68141_component_1256a,276.331665,8.245741,3.302000045776367,17.020618438720703,276.3314208984375,8.245403289794922,3.022862672805786,1.3876866102218628,1.0923420190811157
SB68141_component_1257a,274.402754,9.368949,3.114000082015991,17.299999237060547,274.4026184082031,9.368700981140137,4.241966724395752,0.9325757026672363,0.7340934872627258
SB68141_component_1258a,275.746292,7.961216,3.759999990463257,20.65934181213379,275.746337890625,7.961014747619629,5.165022373199463,0.9248011112213135,0.7279736399650574
SB68141_component_1261a,276.191975,9.414096,3.4019999504089355,17.44615364074707,276.1920166015625,9.414111137390137,2.6376953125,1.6384845972061157,1.289762258529663
SB68141_component_1264a,274.801413,8.832873,3.447000026702881,18.532257080078125,274.80120849609375,8.832658767700195,4.934797286987305,0.8873698711395264,0.6985089182853699
SB68141_component_1269a,276.141988,9.436513,3.3239998817443848,17.3125,276.1419982910156,9.436360359191895,4.096551418304443,1.0308021306991577,0.8114141821861267
SB68141_component_1271a,275.792671,8.22328,3.052000045776367,15.979058265686035,275.7926330566406,8.223082542419434,4.689772129058838,0.8267334699630737,0.6507778763771057
SB68141_component_1274a,276.624892,8.085646,3.3350000381469727,15.159090995788574,276.62506103515625,8.085603713989258,4.331089019775391,0.9782085418701172,0.770014226436615
SB68141_component_1278a,277.059247,11.366913,3.430999994277954,11.630509376525879,277.0589904785156,11.366744041442871,5.332931041717529,0.8173112273216248,0.6433610320091248
SB68141_component_1279a,276.183216,9.882591,3.3259999752044678,17.8817195892334,276.1830139160156,9.882495880126953,4.328368663787842,0.9761818051338196,0.7684188485145569
SB68141_component_1280a,271.912745,7.863752,3.5480000972747803,17.919193267822266,271.9131164550781,7.863526821136475,5.003034591674805,0.9009129405021667,0.7091696262359619
SB68141_component_1288a,274.054779,10.59713,3.378000020980835,17.685863494873047,274.0550842285156,10.596820831298828,2.684070348739624,1.5988160371780396,1.2585363388061523
SB68141_component_1292a,275.843199,9.892777,3.256999969482422,17.052356719970703,275.84326171875,9.892696380615234,3.7693378925323486,1.0977044105529785,0.8640774488449097
SB68141_component_1295a,276.38862,9.331784,3.3310000896453857,16.99489974975586,276.38861083984375,9.331534385681152,4.443996429443359,0.9522120356559753,0.7495505809783936
SB68141_component_1296a,276.593554,10.932291,3.2790000438690186,14.381579399108887,276.59344482421875,10.93202018737793,5.1823344230651855,0.8038013577461243,0.6327264308929443
SB68141_component_1297a,273.884575,10.595627,3.0969998836517334,17.205554962158203,273.8846130371094,10.595297813415527,2.6669232845306396,1.4752424955368042,1.1612632274627686
SB68141_component_1299a,273.181866,6.928805,3.3540000915527344,11.255033493041992,273.1819763183594,6.92869758605957,2.894010305404663,1.4722979068756104,1.1589454412460327
SB68141_component_1302a,274.985548,8.456529,3.0799999237060547,15.794872283935547,274.98553466796875,8.45592975616455,3.635582447052002,1.0762407779693604,0.8471819758415222
SB68141_component_1307a,275.710538,10.06547,3.01200008392334,14.7647066116333,275.710205078125,10.065384864807129,3.9485366344451904,0.9690618515014648,0.7628142833709717
SB68141_component_1308a,271.409688,10.475149,2.9730000495910645,13.827906608581543,271.4096374511719,10.475055694580078,8.069143295288086,0.4680585563182831,0.3684405982494354
SB68141_component_1310a,273.435448,7.49373,2.9149999618530273,16.10497283935547,273.43548583984375,7.493505001068115,4.620361328125,0.8014848828315735,0.6309030055999756
SB68141_component_1312a,272.404734,9.724178,2.936000108718872,16.777143478393555,272.4048156738281,9.72392749786377,4.931369304656982,0.7563472986221313,0.595372200012207
SB68141_component_1316a,272.689898,11.05702,3.493000030517578,18.38421058654785,272.68994140625,11.056692123413086,4.480257511138916,0.9904403686523438,0.7796427011489868
SB68141_component_1323a,274.636999,11.208134,2.813999891281128,13.46411418914795,274.636962890625,11.207962989807129,4.3136701583862305,0.8287239074707031,0.6523447036743164
SB68141_component_1325a,272.664002,10.934987,3.377000093460083,18.55494499206543,272.6639404296875,10.934915542602539,3.973923683166504,1.0795537233352661,0.8497898578643799
SB68141_component_1326a,273.783116,8.4441,2.8489999771118164,15.568305969238281,273.7831115722656,8.443538665771484,6.146287441253662,0.5888603329658508,0.46353185176849365
SB68141_component_1329a,272.58334,10.858643,3.0490000247955322,16.661203384399414,272.5833435058594,10.858488082885742,2.9562740325927734,1.3102236986160278,1.0313658714294434
SB68141_component_1332a,271.631865,9.304148,3.4110000133514404,15.939251899719238,271.63201904296875,9.303988456726074,4.521311283111572,0.9584071040153503,0.7544271349906921
SB68141_component_1338a,273.325915,9.1083,2.9619998931884766,16.829544067382812,273.3258972167969,9.108399391174316,4.155090808868408,0.9056017398834229,0.7128604650497437
SB68141_component_1340a,271.449453,9.93106,3.203000068664551,10.89455795288086,271.4494323730469,9.93105411529541,4.67398738861084,0.8705668449401855,0.6852821111679077
SB68141_component_1342a,272.397359,10.963406,3.2039999961853027,16.601036071777344,272.39739990234375,10.963319778442383,5.124490261077881,0.7942816615104675,0.6252329349517822
SB68141_component_1346a,274.810875,9.178154,3.0769999027252197,16.02604103088379,274.8109130859375,9.177912712097168,4.070622444152832,0.9602832794189453,0.7559040188789368
SB68141_component_1347a,276.245907,11.69278,3.244999885559082,10.367411613464355,276.2458190917969,11.692305564880371,4.499478340148926,0.9161893725395203,0.7211946845054626
SB68141_component_1348a,273.283812,11.282746,3.3610000610351562,18.366121292114258,273.2839050292969,11.282486915588379,3.8714818954467773,1.1028691530227661,0.8681430220603943
SB68141_component_1351a,275.970114,7.883303,2.9760000705718994,14.171429634094238,275.9701843261719,7.8832173347473145,3.8800556659698486,0.9743785262107849,0.7669993042945862
SB68141_component_1357a,274.746133,9.082803,2.627000093460083,13.471796035766602,274.7461242675781,9.082392692565918,2.1235570907592773,1.5715523958206177,1.2370753288269043
SB68141_component_1364a,273.726818,7.205743,2.9600000381469727,14.230769157409668,273.72711181640625,7.205594539642334,3.079331398010254,1.2211471796035767,0.9612476229667664
SB68141_component_1369a,273.645271,9.190548,3.25600004196167,16.612245559692383,273.6454162597656,9.19048023223877,3.8945837020874023,1.0620771646499634,0.8360328674316406
SB68141_component_1376a,273.129064,7.46757,2.934000015258789,15.202072143554688,273.129150390625,7.467607498168945,3.597083330154419,1.0361969470977783,0.815660834312439
SB68141_component_1378a,272.113732,10.811896,2.618000030517578,13.289340019226074,272.1138610839844,10.81181526184082,2.8634238243103027,1.1614933013916016,0.9142900705337524
SB68141_component_1380a,272.819145,7.984147,3.1489999294281006,18.308137893676758,272.8192138671875,7.983896255493164,3.360670804977417,1.1903629302978516,0.9370152950286865
SB68141_component_1381a,275.111071,8.477722,3.0390000343322754,16.079364776611328,275.1108093261719,8.477371215820312,4.147117614746094,0.9309300780296326,0.732798159122467
SB68141_component_1384a,273.444398,7.585265,3.371999979019165,18.227025985717773,273.4441833496094,7.585179805755615,4.695181846618652,0.9123634099960327,0.7181830406188965
SB68141_component_1386a,273.1868,9.148952,3.2279999256134033,15.226414680480957,273.1868896484375,9.148663520812988,3.722353458404541,1.1016626358032227,0.8671932816505432
SB68141_component_1395a,274.034274,10.275339,2.9609999656677246,16.823863983154297,274.0342712402344,10.274986267089844,4.478414535522461,0.8399372696876526,0.6611714959144592
SB68141_component_1398a,273.035091,10.465062,3.135999917984009,16.951351165771484,273.0350646972656,10.46490478515625,3.9928574562072754,0.9977573752403259,0.7854024171829224
SB68141_component_1404a,271.905342,9.295905,2.9000000953674316,14.427861213684082,271.9055480957031,9.295663833618164,3.8404362201690674,0.9592905640602112,0.7551226019859314
SB68141_component_1409a,272.51715,6.967996,2.753000020980835,10.924603462219238,272.51739501953125,6.9677534103393555,3.142432928085327,1.1129429340362549,0.8760728240013123
SB68141_component_1423a,276.153819,10.316099,2.6059999465942383,14.010751724243164,276.1532287597656,10.315957069396973,3.8117542266845703,0.8685247898101807,0.683674693107605
SB68141_component_1426a,276.129421,8.664176,2.5759999752044678,13.142857551574707,276.129150390625,8.664017677307129,4.251501083374023,0.7697262167930603,0.6059036254882812
SB68141_component_1430a,275.511361,7.878548,2.5329999923706055,12.539603233337402,275.5111389160156,7.878337860107422,3.574636220932007,0.9001938700675964,0.70860356092453
SB68141_component_1441a,272.169435,11.203057,2.7750000953674316,12.906976699829102,272.16937255859375,11.202905654907227,3.7464280128479004,0.9409754872322083,0.7407055497169495
SB68141_component_1443a,274.662823,10.739965,2.4579999446868896,13.580110549926758,274.6628723144531,10.739677429199219,3.178805351257324,0.9823147058486938,0.7732464671134949
SB68141_component_1454a,273.606947,9.300904,2.568000078201294,11.116883277893066,273.60675048828125,9.300719261169434,4.087003231048584,0.7982202768325806,0.6283332705497742
SB68141_component_1459a,271.757076,10.14474,2.7219998836517334,13.149757385253906,271.757080078125,10.144767761230469,3.9049816131591797,0.8855270743370056,0.6970583200454712
SB68141_component_1460a,275.994041,8.260049,2.871999979019165,14.578680038452148,275.9937744140625,8.259926795959473,2.659130573272705,1.372073769569397,1.0800522565841675
SB68141_component_1462a,275.411541,10.775629,2.864000082015991,15.315507888793945,275.41119384765625,10.775314331054688,3.759749412536621,0.9677135944366455,0.7617529034614563
SB68141_component_1463a,274.939461,9.355045,2.86899995803833,15.020942687988281,274.9394226074219,9.354718208312988,3.2703638076782227,1.114466905593872,0.8772724270820618
SB68141_component_1464a,272.696162,10.752749,2.7290000915527344,15.161110877990723,272.6962890625,10.752556800842285,4.70967960357666,0.7361137270927429,0.579444944858551
SB68141_component_1466a,274.434868,11.103163,2.507999897003174,13.856353759765625,274.4348449707031,11.102790832519531,3.235271453857422,0.9848033785820007,0.7752053737640381
SB68141_component_1467a,273.006969,8.118709,2.6689999103546143,14.272726058959961,273.0070495605469,8.118409156799316,3.821073055267334,0.8873519897460938,0.6984948515892029
SB68141_component_1471a,273.604241,10.178855,2.796999931335449,15.368131637573242,273.6042175292969,10.17862319946289,2.907590389251709,1.2220582962036133,0.9619649052619934
SB68141_component_1472a,272.394309,7.2949,2.7119998931884766,14.819671630859375,272.3941345214844,7.29460334777832,3.7587227821350098,0.91660475730896,0.7215216755867004
SB68141_component_1474a,274.934206,8.294988,2.8369998931884766,16.11931800842285,274.9338684082031,8.294953346252441,2.2866291999816895,1.5761454105377197,1.24069082736969
SB68141_component_1476a,274.541003,10.164636,3.049999952316284,16.39784812927246,274.54083251953125,10.164263725280762,2.9084129333496094,1.3322216272354126,1.0486818552017212
SB68141_component_1481a,272.779109,8.031839,2.509000062942505,14.337143898010254,272.7790222167969,8.031495094299316,2.9341845512390137,1.0862903594970703,0.8550927639007568
SB68141_component_1486a,272.960619,10.43765,2.6489999294281006,12.921951293945312,272.960693359375,10.43724536895752,4.248744487762451,0.7920526266098022,0.6234782934188843
SB68141_component_1488a,273.522216,10.957571,2.628000020980835,15.642857551574707,273.5223693847656,10.957219123840332,3.347163438796997,0.9974271059036255,0.7851424217224121
SB68141_component_1494a,275.993692,7.744206,2.6029999256134033,13.417525291442871,275.9938659667969,7.74353551864624,2.290816068649292,1.4434995651245117,1.1362762451171875
SB68141_component_1497a,272.717267,9.692298,2.5260000228881836,14.686046600341797,272.7172546386719,9.691949844360352,4.912552833557129,0.6532190442085266,0.5141929388046265
SB68141_component_1501a,274.336283,10.789885,2.872999906539917,15.699453353881836,274.336181640625,10.789652824401855,2.7162065505981445,1.343709945678711,1.0577250719070435
SB68141_component_1503a,271.584941,9.450446,2.309000015258789,10.64055347442627,271.5848388671875,9.450481414794922,2.7052206993103027,1.0843112468719482,0.8535348176956177
SB68141_component_1504a,276.527484,10.31633,2.868000030517578,12.000000953674316,276.5272521972656,10.316150665283203,4.539546489715576,0.8026004433631897,0.6317811608314514
SB68141_component_1507a,274.118252,9.31675,2.6659998893737793,16.06024169921875,274.1181335449219,9.316466331481934,3.709134578704834,0.9131039977073669,0.7187660336494446
SB68141_component_1511a,276.078355,8.859059,2.684999942779541,14.672130584716797,276.0784912109375,8.8587646484375,2.565490484237671,1.329555869102478,1.0465835332870483
SB68141_component_1512a,272.364696,7.208568,2.546999931335449,12.928934097290039,272.3647155761719,7.208536148071289,2.8889195919036865,1.120021104812622,0.8816444277763367
SB68141_component_1515a,273.997014,10.61402,2.4070000648498535,12.871657371520996,273.9969482421875,10.613805770874023,3.913980484008789,0.7812502384185791,0.6149749755859375
SB68141_component_1516a,274.317331,8.957521,2.615000009536743,14.059139251708984,274.3173522949219,8.957494735717773,1.8888245820999146,1.7587851285934448,1.3844588994979858
SB68141_component_1518a,276.404262,8.967611,2.3369998931884766,10.527026176452637,276.4043273925781,8.967524528503418,3.2116758823394775,0.9243994951248169,0.7276574373245239
SB68141_component_1524a,272.235731,8.335818,2.3989999294281006,11.645630836486816,272.23565673828125,8.335461616516113,2.7995107173919678,1.088631272315979,0.856935441493988
SB68141_component_1532a,273.501416,9.224491,2.5299999713897705,11.71296215057373,273.5016784667969,9.224157333374023,3.609254837036133,0.8905035853385925,0.7009757161140442
SB68141_component_1534a,274.984748,7.18084,2.2860000133514404,10.885714530944824,274.9850158691406,7.18056583404541,3.4004549980163574,0.8540276288986206,0.672262966632843
SB68141_component_1536a,274.175658,11.446579,2.627000093460083,12.275701522827148,274.1755065917969,11.446290969848633,2.945706367492676,1.1329307556152344,0.8918064832687378
SB68141_component_1538a,273.833561,10.997869,2.6459999084472656,15.383719444274902,273.8335266113281,10.99781322479248,4.051332950592041,0.8297067284584045,0.653118371963501
SB68141_component_1544a,273.343242,10.220512,2.505000114440918,14.073034286499023,273.343017578125,10.220381736755371,2.850106954574585,1.1165529489517212,0.8789144158363342
SB68141_component_1545a,274.277219,10.118047,2.5999999046325684,12.682926177978516,274.2772216796875,10.1177978515625,3.5924782752990723,0.9194156527519226,0.7237343192100525
SB68141_component_1547a,275.601812,11.466546,2.700000047683716,10.588235855102539,275.601806640625,11.46627140045166,4.053721904754639,0.8461406230926514,0.6660546064376831
SB68141_component_1549a,273.437487,10.494856,2.2950000762939453,12.338709831237793,273.4372253417969,10.494853973388672,3.248957872390747,0.8973695635795593,0.7063803672790527
SB68141_component_1556a,273.062978,10.698479,2.744999885559082,14.679142951965332,273.06329345703125,10.697961807250977,3.2439324855804443,1.0749870538711548,0.8461951613426208
SB68141_component_1564a,274.968795,11.106536,2.5480000972747803,13.202073097229004,274.9685363769531,11.106528282165527,2.648855686187744,1.2220075130462646,0.9619248509407043
SB68141_component_1575a,272.870778,10.657173,2.497999906539917,13.801104545593262,272.87115478515625,10.656962394714355,2.5568480491638184,1.2411383390426636,0.9769840836524963
SB68141_component_1576a,272.667507,11.079526,2.5450000762939453,13.831521987915039,272.6674499511719,11.079399108886719,3.036842107772827,1.064629077911377,0.8380416035652161
SB68141_component_1578a,276.194816,8.688024,2.4059998989105225,12.09045124053955,276.1949462890625,8.687925338745117,2.5450806617736816,1.2009551525115967,0.945353090763092
SB68141_component_1584a,274.133562,11.375661,2.3529999256134033,12.191709518432617,274.1333923339844,11.375460624694824,2.6506547927856445,1.1277204751968384,0.8877051472663879
SB68141_component_1585a,274.190285,10.88751,2.3949999809265137,13.232044219970703,274.1903076171875,10.887434005737305,3.69950532913208,0.822421669960022,0.6473838686943054
SB68141_component_1589a,274.700781,8.506566,2.4579999446868896,13.28648567199707,274.70086669921875,8.50621223449707,2.77937912940979,1.1234837770462036,0.8843701481819153
SB68141_component_1593a,272.467679,10.776454,2.25600004196167,11.628866195678711,272.46783447265625,10.775936126708984,3.5082225799560547,0.8169296383857727,0.6430606842041016
SB68141_component_1605a,275.081099,10.573343,2.2980000972747803,12.421622276306152,275.0807800292969,10.573186874389648,3.3645410537719727,0.8676746487617493,0.6830055117607117
SB68141_component_1606a,274.077772,10.313328,2.4690001010894775,15.147239685058594,274.0774841308594,10.31279182434082,2.1574289798736572,1.453842282295227,1.1444177627563477
SB68141_component_1608a,274.803126,7.782302,2.5399999618530273,13.439153671264648,274.8030090332031,7.781920909881592,3.6164321899414062,0.8922490477561951,0.7023496627807617
SB68141_component_1612a,275.542475,9.616105,2.3010001182556152,12.854748725891113,275.5422668457031,9.616232872009277,3.336503028869629,0.8761083483695984,0.6896442174911499
SB68141_component_1614a,273.658082,11.404262,2.569000005722046,11.838709831237793,273.65814208984375,11.40403938293457,2.6495327949523926,1.2317640781402588,0.9696049094200134
SB68141_component_1616a,273.63423,7.238579,2.562999963760376,13.010151863098145,273.6344299316406,7.238564491271973,3.687950611114502,0.8828689455986023,0.6949658989906311
SB68141_component_1618a,275.424301,8.929097,2.5899999141693115,13.214285850524902,275.42401123046875,8.929102897644043,2.1890735626220703,1.5030454397201538,1.1831488609313965
SB68141_component_1622a,273.798106,9.700425,2.0789999961853027,10.5,273.79815673828125,9.700522422790527,2.9647631645202637,0.8908348083496094,0.7012364268302917
SB68141_component_1624a,271.529926,8.976509,2.3529999256134033,12.449735641479492,271.5296630859375,8.976583480834961,2.2599387168884277,1.3226896524429321,1.041178584098816
SB68141_component_1625a,273.676178,9.155667,2.0350000858306885,10.382654190063477,273.67626953125,9.155290603637695,2.3977785110473633,1.0781720876693726,0.8487022519111633
SB68141_component_1632a,271.73739,10.192507,2.309999942779541,11.105769157409668,271.7374267578125,10.192300796508789,4.18289041519165,0.7015654444694519,0.5522496700286865
SB68141_component_1633a,273.696721,11.013102,2.3989999294281006,13.254143714904785,273.6968078613281,11.01292610168457,2.9240736961364746,1.0422565937042236,0.8204307556152344
SB68141_component_1634a,275.125743,11.093,2.131999969482422,10.65999984741211,275.1256408691406,11.092782974243164,3.6763765811920166,0.7367157340049744,0.5799188017845154
SB68141_component_1637a,271.589873,9.826237,2.572000026702881,10.852320671081543,271.5899353027344,9.826313018798828,2.6452460289001465,1.2352010011672974,0.9723103046417236
SB68141_component_1638a,274.5771,10.520563,2.128000020980835,11.888267517089844,274.5768127441406,10.520221710205078,3.3024797439575195,0.8185857534408569,0.6443642973899841
SB68141_component_1639a,275.230269,10.294152,2.5759999752044678,14.804597854614258,275.2301025390625,10.29383659362793,4.623159885406494,0.7078474164009094,0.5571946501731873
SB68141_component_1644a,273.898359,8.587703,2.197000026702881,12.626437187194824,273.8984680175781,8.587615966796875,3.4597532749176025,0.806710422039032,0.6350163817405701
SB68141_component_1646a,273.938432,10.025478,2.1389999389648438,11.883332252502441,273.9383850097656,10.025115013122559,2.9970338344573975,0.9066754579544067,0.7137056589126587
SB68141_component_1651a,272.21813,7.344507,2.1679999828338623,11.061224937438965,272.2179260253906,7.344729423522949,3.5369932651519775,0.778677761554718,0.6129499673843384
SB68141_component_1653a,273.685796,11.597991,2.3420000076293945,10.549549102783203,273.6859436035156,11.59762954711914,2.9525222778320312,1.0076887607574463,0.7932201027870178
SB68141_component_1655a,275.082582,9.642636,2.134000062942505,12.125,275.0823974609375,9.642312049865723,2.988834857940674,0.9070374965667725,0.7139906287193298
SB68141_component_1658a,274.645852,11.354022,2.2920000553131104,11.346534729003906,274.64605712890625,11.353950500488281,2.8071138858795166,1.0372593402862549,0.8164969682693481
SB68141_component_1662a,274.519939,6.958473,2.4779999256134033,10.114285469055176,274.5198059082031,6.958542823791504,3.0877809524536133,1.0195006132125854,0.8025180697441101
SB68141_component_1663a,272.92154,9.606247,2.121999979019165,12.056818008422852,272.9216613769531,9.605860710144043,3.31943678855896,0.8121078610420227,0.6392650604248047
SB68141_component_1667a,274.657372,10.152416,2.2829999923706055,12.340539932250977,274.6571350097656,10.151959419250488,2.8788397312164307,1.0074445009231567,0.7930278182029724
SB68141_component_1674a,275.020648,11.198476,2.4100000858306885,12.751323699951172,275.0205383300781,11.198129653930664,2.332655191421509,1.312499761581421,1.033157467842102
SB68141_component_1679a,274.256348,8.988308,2.0999999046325684,12.28070068359375,274.25628662109375,8.988334655761719,2.658963441848755,1.003320336341858,0.789781391620636
SB68141_component_1680a,273.893431,11.532816,2.3459999561309814,12.612902641296387,273.89324951171875,11.532700538635254,3.053865909576416,0.9759122133255005,0.7682065963745117
SB68141_component_1686a,275.094937,8.170661,2.2769999504089355,12.9375,275.0946960449219,8.170500755310059,3.261160373687744,0.8869999051094055,0.6982176899909973
SB68141_component_1687a,273.198675,9.218497,2.2739999294281006,10.93269157409668,273.1983337402344,9.218301773071289,3.190110921859741,0.9055603742599487,0.7128278613090515
SB68141_component_1690a,275.503898,7.921947,2.3239998817443848,12.041449546813965,275.5036926269531,7.921937942504883,2.807936429977417,1.0514328479766846,0.8276540040969849
SB68141_component_1693a,273.971844,7.739785,2.2890000343322754,12.646409034729004,273.9718322753906,7.739444255828857,2.851151943206787,1.0199013948440552,0.8028334379196167
SB68141_component_1695a,275.06983,9.19459,2.2100000381469727,11.510416984558105,275.0696716308594,9.194286346435547,2.546405792236328,1.1025477647781372,0.867889940738678
SB68141_component_1696a,273.44483,11.013691,2.0869998931884766,10.702564239501953,273.4450988769531,11.013703346252441,1.7863430976867676,1.4841926097869873,1.1683084964752197
SB68141_component_1697a,272.51491,8.775483,2.0920000076293945,11.431694030761719,272.51513671875,8.77501392364502,2.277463674545288,1.1669249534606934,0.9185656905174255
SB68141_component_1700a,274.831791,10.627483,2.184000015258789,10.653658866882324,274.8316650390625,10.627303123474121,2.7984347343444824,0.9914485216140747,0.7804362773895264
SB68141_component_1702a,276.338879,9.156955,2.313999891281128,11.019047737121582,276.3384704589844,9.156559944152832,2.1547725200653076,1.3642520904541016,1.0738952159881592
SB68141_component_1706a,274.981573,10.772275,2.0840001106262207,10.687180519104004,274.9813537597656,10.772222518920898,2.730954647064209,0.9694288372993469,0.7631031274795532
SB68141_component_1711a,273.530282,7.34707,2.1579999923706055,12.619882583618164,273.5303039550781,7.3470892906188965,2.3976125717163086,1.143418312072754,0.9000620245933533
SB68141_component_1717a,275.401359,10.464816,2.3510000705718994,13.829412460327148,275.4008483886719,10.464346885681152,3.0444281101226807,0.9810240268707275,0.7722304463386536
SB68141_component_1719a,274.29818,10.431032,2.003999948501587,10.547368049621582,274.2980041503906,10.430419921875,2.529559850692749,1.0064343214035034,0.7922326922416687
SB68141_component_1720a,272.283044,10.654504,2.2860000133514404,12.98863697052002,272.282958984375,10.654248237609863,2.821714401245117,1.0291907787322998,0.8101457953453064
SB68141_component_1725a,271.840019,10.034182,2.2039999961853027,10.965173721313477,271.8403015136719,10.03415298461914,2.8279621601104736,0.9900809526443481,0.7793598175048828
SB68141_component_1745a,272.198912,9.912841,2.0889999866485596,12.216373443603516,272.1990661621094,9.912569999694824,3.378406524658203,0.7855236530303955,0.6183388233184814
SB68141_component_1751a,271.703094,8.606049,2.240999937057495,10.570755004882812,271.703125,8.605761528015137,2.9746649265289307,0.9570541977882385,0.7533621191978455
SB68141_component_1752a,273.99713,9.898396,2.265000104904175,11.556123733520508,273.9967956542969,9.898494720458984,2.9742236137390137,0.9674473404884338,0.761543333530426
SB68141_component_1755a,274.5099,8.952049,1.8020000457763672,10.41618537902832,274.51007080078125,8.95207405090332,3.154167890548706,0.725776195526123,0.5713075995445251
SB68141_component_1756a,272.484165,7.598222,1.9299999475479126,10.265957832336426,272.4842834472656,7.598154544830322,2.135493278503418,1.1481319665908813,0.9037724137306213
SB68141_component_1757a,272.372523,10.777187,1.940000057220459,10.051813125610352,272.3721923828125,10.777193069458008,3.482452392578125,0.7077001333236694,0.5570787191390991
SB68141_component_1758a,274.933665,8.756673,1.9210000038146973,10.383783340454102,274.9336242675781,8.756494522094727,2.7179250717163086,0.8978888988494873,0.7067891955375671
SB68141_component_1763a,272.408005,11.058704,1.9589999914169312,10.532258033752441,272.40802001953125,11.058512687683105,3.022595167160034,0.8233550786972046,0.6481185555458069
SB68141_component_1766a,274.33871,7.716951,1.8769999742507935,11.041175842285156,274.33892822265625,7.716899394989014,2.541717052459717,0.9381445646286011,0.7384771704673767
SB68141_component_1767a,273.614865,10.217117,2.0989999771118164,10.494999885559082,273.61492919921875,10.216719627380371,3.10483455657959,0.8588290214538574,0.6760424375534058
SB68141_component_1774a,275.677681,10.677999,2.053999900817871,10.642486572265625,275.67742919921875,10.678064346313477,2.954129934310913,0.8832904696464539,0.6952977776527405
SB68141_component_1778a,275.81033,8.600178,2.1089999675750732,11.278074264526367,275.81024169921875,8.600175857543945,2.1794958114624023,1.2292869091033936,0.9676550030708313
SB68141_component_1791a,273.979593,11.0911,2.059999942779541,11.13513469696045,273.9795227050781,11.09114933013916,1.8256984949111938,1.4334114789962769,1.1283352375030518
SB68141_component_1795a,274.499947,9.66806,2.0280001163482666,10.673685073852539,274.4999084472656,9.668180465698242,3.312002420425415,0.7778754234313965,0.6123184561729431
SB68141_component_1808a,272.77216,8.111991,2.002000093460083,11.50574779510498,272.7719421386719,8.111282348632812,1.691860556602478,1.5032535791397095,1.1833126544952393
SB68141_component_1829a,275.462353,9.976921,2.015000104904175,11.010930061340332,275.46197509765625,9.976786613464355,3.722224235534668,0.6877098679542542,0.5413430333137512
SB68141_component_1835a,273.238355,10.800948,2.0510001182556152,10.794737815856934,273.2384033203125,10.801016807556152,1.73744535446167,1.4996408224105835,1.1804687976837158
SB68141_component_1840a,275.000942,9.7312,1.9769999980926514,10.983332633972168,275.0005798339844,9.731032371520996,2.570491313934326,0.9770646095275879,0.7691136598587036
SB68141_component_1842a,275.812555,9.735327,2.069000005722046,12.539393424987793,275.8127136230469,9.735184669494629,2.4466397762298584,1.074294090270996,0.8456496000289917
SB68141_component_1851a,273.416007,10.604481,2.056999921798706,11.179347038269043,273.4159851074219,10.604455947875977,2.7845118045806885,0.9384647011756897,0.7387291193008423
SB68141_component_1869a,273.286589,8.382884,2.055999994277954,11.48603343963623,273.28656005859375,8.382545471191406,2.8483986854553223,0.9169698357582092,0.7218090891838074
SB68141_component_1874a,273.041696,10.297663,1.9869999885559082,10.569149017333984,273.0419006347656,10.29721736907959,2.550114631652832,0.9898534417152405,0.779180645942688
SB68141_component_1898a,275.288245,10.43171,2.11899995803833,11.579235076904297,275.28802490234375,10.431373596191406,2.457383394241333,1.0954453945159912,0.8622992634773254
SB68141_component_1902a,273.77333,9.578607,1.8960000276565552,10.533332824707031,273.7734680175781,9.578431129455566,2.7100141048431396,0.8887906670570374,0.6996273398399353
SB68141_component_1903a,274.51779,11.370846,1.9359999895095825,10.083333015441895,274.5177917480469,11.37114143371582,2.122143030166626,1.1589466333389282,0.912285327911377
SB68141_component_1912a,271.59187,9.06795,1.9149999618530273,10.295698165893555,271.591796875,9.067890167236328,2.713345766067505,0.8965950608253479,0.70577073097229
SB68141_component_1934a,275.271012,9.835939,1.909000039100647,10.489011764526367,275.2708740234375,9.835387229919434,2.1179447174072266,1.1450488567352295,0.9013455510139465
SB68141_component_2012a,271.998953,9.246706,1.8990000486373901,10.434066772460938,271.99932861328125,9.24699878692627,2.308065176010132,1.0452245473861694,0.8227670788764954
SB68141_component_2053a,272.638274,8.906298,1.777999997138977,10.520709991455078,272.6380920410156,8.906655311584473,2.245210647583008,1.0060217380523682,0.7919079065322876
