Component_ID,RA,DEC,ASKAP_flux,ASKAP_flux_SNR,RA_comp,DEC_comp,Comp_flux,Flux_Ratio_AlphaCorr,Flux_Ratio_NOAlphaCorr
SB71883_component_11a,344.037192,-71.260618,223.10499572753906,1132.5126953125,344.0368861531961,-71.2608136479142,190.41417029765782,0.9599612690354324,1.1716827344245364
SB71883_component_17a,329.829426,-73.254045,161.3730010986328,445.78179931640625,329.82878394540063,-73.25394368806604,117.13090199264157,1.1287637896169869,1.3777150039258694
SB71883_component_19a,340.599054,-74.013717,157.6649932861328,808.5384521484375,340.5980463492239,-74.01393502233753,120.48611019817962,1.072116484819519,1.3085740175925682
SB71883_component_23a,344.480609,-73.870624,138.76699829101562,750.0918579101562,344.4795393993517,-73.87084623602027,110.16619159134616,1.0320043754896675,1.259615098666224
SB71883_component_33a,346.13222,-70.813497,111.0,464.4351501464844,346.13189331920864,-70.81359662138688,88.77482389288717,1.024417149324703,1.2503544939039137
SB71883_component_36a,331.581181,-71.475118,120.75900268554688,140.74476623535156,331.5808574398404,-71.47525928175651,84.91843498129062,1.1650946736362218,1.4220587403919152
SB71883_component_38a,345.079408,-75.926172,101.50499725341797,142.36325073242188,345.07960678647055,-75.92663752352229,64.56524188819536,1.288048814463626,1.572130674104644
SB71883_component_39a,335.336618,-72.515139,96.7699966430664,572.603515625,335.33591317189445,-72.51527349880244,75.47870538630559,1.0504127008910764,1.2820834187310237
SB71883_component_40a,345.474006,-73.980436,98.58000183105469,500.4060974121094,345.4730680118123,-73.98072082806765,76.89682169941563,1.0503259917527021,1.281977585710852
SB71883_component_41a,335.454313,-72.374375,95.9020004272461,567.4674682617188,335.4535906610929,-72.37450746902735,72.87383744906019,1.0782009435292406,1.3160004163947439
SB71883_component_43a,347.818029,-70.645147,96.07499694824219,206.16952514648438,347.81772960287503,-70.64524142884173,84.24505669091823,0.9343500933419709,1.1404229603729288
SB71883_component_46a,342.333447,-71.373287,87.98600006103516,511.5465087890625,342.33305732360094,-71.37349707137166,72.6834169741732,0.9917950112348253,1.2105374750377995
SB71883_component_48a,350.698155,-70.743898,87.70800018310547,139.66241455078125,350.6980282428277,-70.74398493648036,74.5013676546078,0.9645364499467468,1.1772669810536136
SB71883_component_50a,342.320275,-75.125709,90.37300109863281,386.20941162109375,342.3194500329374,-75.1258731521973,67.25866399584608,1.1008652146044382,1.3436633398518634
SB71883_component_52a,334.957222,-69.874453,71.52100372314453,94.98140716552734,334.9564923454973,-69.87450256111501,55.08620233780569,1.0637374481775084,1.2983469668966385
SB71883_component_56a,333.461294,-70.617426,74.62300109863281,153.22998046875,333.4608402093265,-70.61748931590569,52.974898861589715,1.1541074795166746,1.4086482976325112
SB71883_component_63a,349.664768,-75.111681,61.52000045776367,166.270263671875,349.66427153984034,-75.11162109914787,37.7545440924149,1.3350292486292614,1.6294727412725765
SB71883_component_67a,342.661263,-72.900462,62.31800079345703,350.10113525390625,342.6605070296566,-72.90071243092821,50.868396622078635,1.0037120646700475,1.2250828595295036
SB71883_component_69a,342.689989,-75.188417,63.12200164794922,300.5809631347656,342.68909370413985,-75.18856723349907,46.40193171931265,1.1145213245445902,1.360331333397433
SB71883_component_70a,352.851109,-72.653102,57.15800094604492,67.00820922851562,352.849830666299,-72.65296123829725,48.34245148913247,0.9687061167858967,1.182356276633886
SB71883_component_73a,343.735755,-70.051805,56.63800048828125,98.50086975097656,343.73487887176617,-70.05199843872435,51.19892267624945,0.9063392146773145,1.1062342238414895
SB71883_component_74a,335.46484,-73.121864,61.85200119018555,345.5419006347656,335.4640945296291,-73.121951300517,46.70405912636498,1.0850326552924228,1.3243388764740018
SB71883_component_82a,350.276597,-73.465109,53.8489990234375,199.44073486328125,350.27567958051856,-73.46511155514337,42.7453996362665,1.0321241356077624,1.259761272128811
SB71883_component_83a,349.401068,-73.282235,50.722999572753906,237.0233612060547,349.40041967676655,-73.28235741802153,38.33559802531361,1.0840426433957204,1.3231305153831354
SB71883_component_84a,341.197321,-75.210552,53.29899978637695,172.48867797851562,341.196893249063,-75.21094379515748,39.41992648692893,1.1077631901996083,1.352082678389827
SB71883_component_85a,345.864292,-70.656804,54.207000732421875,218.5766143798828,345.86413395697116,-70.65695692297749,37.33887021262124,1.1894272560572348,1.4517579247509984
SB71883_component_87a,344.439595,-70.052113,49.321998596191406,57.686546325683594,344.4389836993489,-70.05224410189778,47.404008652674456,0.8524507135399517,1.0404605010848327
SB71883_component_89a,332.099977,-73.490517,52.86000061035156,250.52133178710938,332.09906976484604,-73.49043652028476,41.24054930286069,1.0501380711101524,1.281748218777602
SB71883_component_92a,342.609266,-75.336364,47.32500076293945,161.51876831054688,342.6086135373747,-75.33669277839701,37.51037512966071,1.0336723588275019,1.2616509592173604
SB71883_component_93a,340.245909,-69.559641,44.23699951171875,51.498252868652344,340.2448045852393,-69.55990966567457,37.27970758863788,0.9722027513277951,1.18662410123628
SB71883_component_96a,350.493225,-73.838056,45.422000885009766,117.06700897216797,350.49220179542175,-73.8378966553575,40.966210965328855,0.9084146826750705,1.1087674406464392
SB71883_component_100a,334.357052,-70.95273,47.62300109863281,171.92417907714844,334.3565856705472,-70.95283440478644,36.039446403686526,1.082635665012896,1.3214132249756585
SB71883_component_102a,343.761145,-71.834569,48.53099822998047,292.35540771484375,343.7605771819658,-71.83477009924064,35.727869801436114,1.1128990767775278,1.3583512954928458
SB71883_component_104a,345.013444,-75.438333,43.310001373291016,156.35379028320312,345.0131478240271,-75.43863979042173,33.25241100568969,1.0671088913185725,1.3024619888729396
SB71883_component_107a,339.347353,-72.975465,44.698001861572266,270.89697265625,339.346484003322,-72.9756643443918,35.618464566532964,1.0281502751074894,1.254910968384932
SB71883_component_108a,347.513515,-73.411474,39.76499938964844,202.88265991210938,347.51286796735855,-73.41176153657912,38.49959447498028,0.8462301721836722,1.03286800632382
SB71883_component_110a,339.594628,-73.835331,41.37099838256836,243.3588104248047,339.5934556335953,-73.83553452267144,28.991899691588586,1.1691305501395877,1.4269847378980591
SB71883_component_111a,334.173403,-73.733795,39.290000915527344,219.49720764160156,334.17223850880265,-73.73388079338925,33.87256230779174,0.9503370683522281,1.1599358961541988
SB71883_component_113a,337.119371,-71.624112,38.709999084472656,234.60604858398438,337.11882062404317,-71.62426546608702,32.34940159147622,0.9803938776714678,1.1966217976246087
SB71883_component_114a,334.536974,-72.595425,37.96699905395508,215.72158813476562,334.53637437718254,-72.59549001713192,29.972616621136666,1.037827785181641,1.2667228735438727
SB71883_component_116a,346.446727,-75.476789,37.49700164794922,173.59722900390625,346.44588723760296,-75.47692735630855,28.5840285070734,1.0747730956805994,1.3118165495346543
SB71883_component_118a,334.758718,-71.899309,38.37699890136719,210.86264038085938,334.7580779685449,-71.89943567856909,27.63086022286383,1.1379424131902407,1.3889179921228512
SB71883_component_122a,334.153858,-69.843135,37.20800018310547,64.70956420898438,334.15299935251255,-69.84303204635894,26.67333440296685,1.1428854394079762,1.394951213109931
SB71883_component_123a,333.226905,-72.297699,36.59199905395508,209.09713745117188,333.2262868726942,-72.29786277053198,28.86518417686996,1.038617136725352,1.2676863182212679
SB71883_component_126a,349.031064,-71.703697,37.167999267578125,190.60513305664062,349.03065532341105,-71.70383986048743,30.115127321420697,1.0111792780990239,1.2341969824959287
SB71883_component_128a,344.282272,-70.03169,33.8129997253418,41.64162826538086,344.2815066734636,-70.03184464010977,32.803371395047634,0.8445179811304042,1.0307781879531623
SB71883_component_130a,345.078915,-73.794894,39.11199951171875,222.22726440429688,345.0779389767658,-73.79514037191649,36.130708587651895,0.8869052398874844,1.0825140452707795
SB71883_component_134a,334.930302,-71.671866,39.24599838256836,207.65078735351562,334.92984563426563,-71.6720053101722,24.585473079450566,1.307857697988416,1.5963084483158307
SB71883_component_135a,332.423477,-74.322022,36.61000061035156,119.25080871582031,332.4226430455374,-74.32215897430126,31.54006762541968,0.951000612835301,1.16074578676064
SB71883_component_137a,343.976556,-70.875772,34.54399871826172,189.8022003173828,343.9761090551527,-70.87592173526699,29.297362416848973,0.9660236665061004,1.17908220633525
SB71883_component_138a,352.532525,-72.128637,37.165000915527344,56.310604095458984,352.5318647509438,-72.12857520574333,24.213990524099472,1.2575100382767281,1.5348565069660085
SB71883_component_139a,334.77357,-72.038624,34.790000915527344,199.94253540039062,334.77281419145976,-72.03874844874,26.205131836430507,1.087706620822945,1.3276025906941673
SB71883_component_141a,343.551469,-70.618291,33.012001037597656,162.62069702148438,343.5508287488703,-70.6184516655044,28.457376782850602,0.9504311612871379,1.1600507414826735
SB71883_component_142a,352.249671,-72.662808,31.753999710083008,58.912803649902344,352.248500912367,-72.66266358707144,30.899816151791967,0.8419498460616767,1.0276436453244562
SB71883_component_144a,339.504202,-73.426006,34.32500076293945,210.58282470703125,339.50319401252017,-73.42626064604087,25.337584415850724,1.109913229082614,1.3547069128447133
SB71883_component_147a,344.786514,-75.53542,33.867000579833984,112.88999938964844,344.78648604353947,-75.53582630734182,23.632468585289658,1.1741168663240054,1.4330707965445026
SB71883_component_148a,336.900509,-75.220037,33.14699935913086,46.81779479980469,336.89964721736146,-75.22020293772063,40.43416039782443,0.6716445130908578,0.8197771150186748
SB71883_component_149a,341.547018,-72.064976,32.55500030517578,194.94012451171875,341.5461805626208,-72.06511548178477,24.817846262153274,1.0747248594899093,1.3117576747512338
SB71883_component_152a,339.079439,-75.470188,33.231998443603516,53.51368713378906,339.078620411493,-75.4704484475496,26.692874794771683,1.0200108473999758,1.2449763728750807
SB71883_component_154a,342.449022,-72.176511,32.28099822998047,191.01182556152344,342.4481323391583,-72.17668542652666,25.950056982755275,1.019183352045554,1.2439663716897549
SB71883_component_155a,347.484202,-72.554822,33.29800033569336,190.2742919921875,347.48334955275357,-72.5550135018681,25.647740084630886,1.0636842540325393,1.298282040671755
SB71883_component_165a,340.042414,-74.283968,31.117000579833984,171.91712951660156,340.04131413965814,-74.28413122956314,26.717840480984467,0.9542014149924005,1.1646525325271133
SB71883_component_168a,333.054481,-70.411822,30.589000701904297,37.5786247253418,333.05417323264544,-70.41188442419028,20.20205535456085,1.2405475447679695,1.514152900041355
SB71883_component_169a,329.629031,-72.982772,30.35300064086914,71.75650024414062,329.62833063110855,-72.98275371527988,19.70470211866131,1.2620467361740482,1.540393783071878
SB71883_component_171a,333.649329,-72.270829,29.83300018310547,178.64073181152344,333.64874309912926,-72.27097417290805,23.83530955068683,1.0254625750477158,1.2516304904563662
SB71883_component_174a,344.590105,-70.46275,27.667999267578125,84.87116241455078,344.5896140933406,-70.46291037002166,35.64973539993947,0.6358652999622716,0.7761067216118833
SB71883_component_176a,349.189805,-71.475866,28.663999557495117,139.8243865966797,349.18949937712034,-71.47602965775594,23.603875032099996,0.9949406215444943,1.2143768562794721
SB71883_component_178a,331.522255,-72.589298,28.09600067138672,74.92266845703125,331.5216809245994,-72.58946367696436,24.227947491204628,0.9501049083229267,1.159652532744934
SB71883_component_179a,333.815492,-69.897408,28.191999435424805,218.5426483154297,333.8146972284269,-69.89739668074752,19.45171764438175,1.187439802032601,1.4493321335850007
SB71883_component_182a,350.620063,-71.862326,27.731000900268555,122.70354461669922,350.6195290564673,-71.86243477821,18.10037405043475,1.2552252762457086,1.532067835891076
SB71883_component_183a,352.201467,-71.855447,30.945999145507812,97.31446838378906,352.20088093068705,-71.85547301840276,23.544362343672,1.0768649884445163,1.3143698136222894
SB71883_component_186a,333.235394,-73.668551,26.590999603271484,134.2979736328125,333.2343466464967,-73.66856836888257,20.327589198031102,1.0717474748927505,1.308123621754765
SB71883_component_189a,331.068857,-73.679045,26.36199951171875,126.13396453857422,331.06811522735177,-73.67887669080226,22.371303224478922,0.9654521280355747,1.1783846138598293
SB71883_component_192a,352.718449,-72.776585,26.856000900268555,47.03327941894531,352.71746413653693,-72.77648582315865,28.68011644093732,0.7671920846113519,0.9363979032503137
SB71883_component_193a,352.319382,-72.41599,26.267000198364258,33.33375549316406,352.3181367666243,-72.41573141110847,22.393060277410896,0.9610383293242918,1.1729973426124887
SB71883_component_195a,351.58351,-71.981276,26.743000030517578,85.7147445678711,351.58285979689407,-71.98124175013949,19.90016413694725,1.1010249162311014,1.3438582640062606
SB71883_component_197a,337.707332,-71.537147,27.777000427246094,168.34544372558594,337.7068641916053,-71.5372824659963,22.50527400625074,1.0112178366164217,1.2342440451749734
SB71883_component_198a,344.325594,-73.714492,26.142000198364258,151.98837280273438,344.32444255483483,-73.71478119187546,24.60069171354048,0.8706331031527039,1.062653054750303
SB71883_component_201a,348.981195,-72.857941,26.69099998474121,149.11172485351562,348.9803237509058,-72.85803083811072,26.916792373205034,0.8124286333951645,0.9916114674685906
SB71883_component_205a,348.640599,-70.531179,25.825000762939453,43.84550476074219,348.6403389919741,-70.53126214788642,28.184171256470705,0.7507213287246551,0.9162944877086063
SB71883_component_209a,345.064655,-73.268937,27.33300018310547,157.99423217773438,345.063658327701,-73.26916547449574,21.33970931841308,1.0494034455106913,1.280851569965906
SB71883_component_211a,342.386523,-71.026751,24.85300064086914,138.0722198486328,342.3860277362279,-71.02692217808654,20.08914265490684,1.0135871805577772,1.237135952877447
SB71883_component_212a,341.591514,-70.322542,28.44099998474121,112.41502380371094,341.5916115688616,-70.32270204525854,17.004566221610805,1.3703231200515877,1.6725507498448295
SB71883_component_213a,331.890014,-72.63854,25.341999053955078,82.27922058105469,331.8894578683347,-72.63873013787226,20.73617665783389,1.0012807508144588,1.2221153143186192
SB71883_component_216a,349.910504,-75.048366,25.10700035095215,71.52991485595703,349.90974352398655,-75.04826493507422,19.166711003611837,1.0732253316638098,1.3099274229272255
SB71883_component_217a,342.090523,-75.397442,25.27899932861328,78.50621032714844,342.09005855795886,-75.3978002378477,25.589268278958414,0.8093673701780448,0.9878750362471185
SB71883_component_219a,337.381883,-69.790953,23.399999618530273,84.17266082763672,337.3809328568899,-69.7910958359391,19.545913400455,0.9808521783049655,1.1971811774212382
SB71883_component_220a,343.683361,-74.247418,26.235000610351562,149.0625,343.68227256491605,-74.24767846748738,19.365881499845287,1.1099092975110805,1.3547021141568563
SB71883_component_221a,343.853574,-70.162517,24.841999053955078,52.298946380615234,343.8528389318093,-70.16270702801903,20.305706224868697,1.0023332172144284,1.223399904384055
SB71883_component_222a,352.016057,-74.166851,23.628000259399414,23.510448455810547,352.0151501923439,-74.16663206009498,21.235352909232454,0.9116143751352895,1.112672831970064
SB71883_component_232a,345.221964,-74.075916,23.783000946044922,124.5183334350586,345.2210270817255,-74.0761773664779,18.010037259536006,1.0819214289890307,1.3205414627030951
SB71883_component_235a,337.852329,-69.253409,23.549999237060547,27.037887573242188,337.85194182455797,-69.25345525500067,19.107778066556772,1.0097744783034712,1.2324823511677026
SB71883_component_237a,333.20899,-74.899552,25.625,34.95907211303711,333.2082823691203,-74.8998455942881,25.73050714858235,0.8159418496662979,0.9958995309352787
SB71883_component_238a,350.957057,-72.067255,24.31999969482422,91.4285659790039,350.95633746739014,-72.06726731780708,24.05624390155222,0.8282842965787592,1.0109641303252241
SB71883_component_239a,350.364279,-72.012324,23.066999435424805,106.2995376586914,350.36368787268196,-72.01238970013304,18.52717732307857,1.0200595536031258,1.2450358213331914
SB71883_component_240a,345.626731,-70.382835,25.547000885009766,56.897552490234375,345.62643212846734,-70.38292329244216,23.26315164334141,0.8997359057287961,1.0981745412953132
SB71883_component_241a,346.30121,-73.673671,22.957000732421875,137.46707153320312,346.30042776451097,-73.67394791591988,16.931218983707954,1.110888835575338,1.355897691389629
SB71883_component_242a,348.013958,-73.727018,24.56399917602539,138.7796630859375,348.01307123292935,-73.72721308981995,18.17688476979059,1.1071929223481973,1.3513866367712242
SB71883_component_246a,332.67449,-72.090489,21.959999084472656,110.35175323486328,332.67384423734796,-72.09059809234587,16.05120345203091,1.120903948405231,1.3681216582980962
SB71883_component_250a,340.269843,-70.120494,20.552000045776367,92.99547576904297,340.2688786405029,-70.12069176035394,16.990305751189744,0.9910523113497833,1.2096309711399522
SB71883_component_253a,340.001171,-69.993697,21.003999710083008,70.72054290771484,340.0001141278983,-69.9939759000621,16.94675951576592,1.015451108116916,1.239410973557662
SB71883_component_255a,343.145469,-72.390027,20.750999450683594,128.09259033203125,343.14448678375726,-72.39016771723374,16.122192149892754,1.0545291925674443,1.2871078112551606
SB71883_component_257a,351.844594,-73.37838,20.83799934387207,58.69859313964844,351.8436679777091,-73.37833448420504,15.435388414048793,1.1060687910093603,1.3500145759147852
SB71883_component_258a,334.713913,-74.770339,21.334999084472656,54.70512771606445,334.71351266220466,-74.77047805382568,18.36244633566501,0.9519316571722044,1.1618821748730788
SB71883_component_265a,337.953124,-74.570005,19.04400062561035,105.2154769897461,337.9519605761227,-74.57010342982481,14.29298411952875,1.0916387833706043,1.3324019999147838
SB71883_component_267a,340.070154,-75.092431,18.871000289916992,76.71138000488281,340.06927960882354,-75.09272496748775,16.697140635226997,0.9259691057752755,1.1301935284717952
SB71883_component_269a,346.567108,-72.139257,20.479000091552734,126.41358184814453,346.56697923617264,-72.13951149246326,16.88381310984791,0.9937608710555103,1.2129369093530087
SB71883_component_271a,348.485549,-70.553074,19.679000854492188,38.58627700805664,348.4852506557627,-70.55322286891426,16.55146000009588,0.9741154165309444,1.1889586087498136
SB71883_component_273a,343.38896,-75.835703,19.492000579833984,26.997230529785156,343.3888401179818,-75.83624608617089,14.865185034168839,1.0743103926617876,1.3112517963974235
SB71883_component_274a,342.800957,-73.618695,18.78700065612793,113.1747055053711,342.80026321841257,-73.61899279327459,15.22252365560647,1.0111474099978166,1.2341580858183565
SB71883_component_275a,352.504979,-72.20678,18.92099952697754,25.81309700012207,352.503908692329,-72.20667601144056,14.550668672430135,1.0653806485044615,1.300352578492017
SB71883_component_277a,335.155609,-74.555615,19.073999404907227,81.5128173828125,335.15502775144535,-74.55571622698105,14.41172681947577,1.0843498514572905,1.3235054788251286
SB71883_component_279a,344.491289,-72.905408,19.52400016784668,123.56961822509766,344.49019061536166,-72.90561220601323,14.684203930578962,1.089336551913604,1.329592006495438
SB71883_component_281a,350.152082,-72.976597,18.42300033569336,93.51776885986328,350.1515273127883,-72.97668810812361,14.186393842900795,1.063976481555827,1.29863871958642
SB71883_component_282a,349.209302,-71.730168,20.983999252319336,104.39800262451172,349.2090277663926,-71.73035632612697,16.77460008840036,1.0248959281435077,1.250938868392444
SB71883_component_283a,333.707945,-71.975527,17.75,100.8522720336914,333.70722612687865,-71.97568865814485,13.645763378869502,1.0657226647127727,1.3007700270903069
SB71883_component_286a,344.688865,-72.765483,18.53700065612793,90.42439270019531,344.6878202080659,-72.76567989040683,14.38285956836347,1.0559367525917034,1.288825811586307
SB71883_component_294a,328.438895,-73.289849,19.099000930786133,37.08544158935547,328.43871389274443,-73.2897714219081,13.808409724578892,1.1332106978606586,1.3831426870822074
SB71883_component_297a,333.451759,-70.8319,18.19499969482422,35.60665512084961,333.4515921723932,-70.83194381362114,15.46018748475152,0.9642307497439532,1.1768938580318034
SB71883_component_302a,341.997745,-71.801358,17.454999923706055,91.38743591308594,341.99713844135186,-71.80148501525458,12.885211784142106,1.1098696384046305,1.3546537081515424
SB71883_component_306a,346.513341,-75.844265,16.451000213623047,42.619171142578125,346.5128002547761,-75.84455461977848,9.24218687171848,1.4583482451908922,1.7799900004147144
SB71883_component_307a,346.746915,-75.383786,17.67799949645996,82.99530029296875,346.7461290429747,-75.38392551675753,11.659918255115468,1.2421707324280067,1.5161340851342784
SB71883_component_308a,349.436704,-73.019131,17.22599983215332,86.12999725341797,349.43619009126957,-73.01917555025453,13.59542709094942,1.038090613893513,1.2670436696777847
SB71883_component_310a,349.423115,-72.663714,16.759000778198242,82.15196990966797,349.42252030667623,-72.66385113417303,13.590717842265548,1.0102977966172013,1.2331210884299064
SB71883_component_311a,336.223336,-70.040198,18.21299934387207,58.374996185302734,336.2225847323038,-70.04021776654639,13.324594705402854,1.1198791135215909,1.3668707939376998
SB71883_component_312a,343.035823,-74.015247,16.891000747680664,106.23271179199219,343.0348662323627,-74.01545866780121,13.281648763063998,1.0419504606050747,1.2717548136534225
SB71883_component_313a,344.240247,-70.870127,17.0049991607666,89.5,344.23965589326116,-70.87026391182438,14.149158134780702,0.9846677074018961,1.2018382294396601
SB71883_component_316a,336.297995,-73.574287,17.20800018310547,101.8224868774414,336.29698561242657,-73.57438228980516,12.273611423519041,1.148687018953132,1.4020323431562296
SB71883_component_317a,346.751142,-72.679248,15.784000396728516,91.23699951171875,346.75038905139047,-72.67942162568542,12.08420749149214,1.0701449103472978,1.3061676082474756
SB71883_component_322a,340.355171,-74.82528,15.569999694824219,91.05262756347656,340.3542723730501,-74.8254628961807,11.306610285966599,1.128235762248852,1.3770705190174637
SB71883_component_323a,341.398808,-71.63698,15.652000427246094,86.95555114746094,341.39833862041627,-71.63726358189446,14.89812811978879,0.8607595050672993,1.0506018139591613
SB71883_component_324a,350.838822,-74.774547,17.89299964904785,56.80317306518555,350.8379168732044,-74.774341944414,13.129805145636643,1.116525261104574,1.362777242356421
SB71883_component_325a,332.680305,-73.069141,15.630000114440918,76.99507904052734,332.6797147610085,-73.06908248092707,15.370750692543034,0.8331200444633156,1.0168664125183982
SB71883_component_326a,343.414795,-73.097542,17.273000717163086,107.28572082519531,343.41391006507064,-73.09776813873982,12.367107221973406,1.1443090846098687,1.3966888462382758
SB71883_component_327a,338.64652,-71.032238,16.33799934387207,100.23312377929688,338.6458525531648,-71.03246061342254,11.809730178300674,1.1334505561643202,1.3834354466363412
SB71883_component_329a,338.914712,-70.703329,16.007999420166016,90.95454406738281,338.9141890765234,-70.70351513132285,12.991877347003955,1.0095058242151596,1.232154444858395
SB71883_component_331a,341.124612,-71.283252,16.297000885009766,97.58683776855469,341.1239694281175,-71.28344192910706,15.196417725794369,0.8786383334662282,1.0724238553502823
SB71883_component_332a,334.551102,-70.141252,17.41900062561035,40.2286376953125,334.5503773144714,-70.14130794791566,13.184515294687914,1.0824372948430574,1.3211711038500236
SB71883_component_334a,337.826333,-69.391909,14.270999908447266,24.10641860961914,337.82580485149873,-69.39207022378044,12.867208073008284,0.9086858395407006,1.1090984017258363
SB71883_component_336a,338.331473,-74.492811,15.807999610900879,90.85057830810547,338.3305117214952,-74.49294586042318,13.941276716919518,0.9290049967893623,1.1338989915977964
SB71883_component_337a,342.48497,-70.602462,15.255999565124512,81.5828857421875,342.4843246699594,-70.6025786549496,13.049728784287218,0.9578177098343039,1.169066408758916
SB71883_component_339a,347.411097,-73.927334,15.178000450134277,89.28235626220703,347.41039214725635,-73.92750747797626,12.665565920610526,0.9818239969957283,1.1983673327565487
SB71883_component_341a,347.951927,-71.464204,14.772000312805176,81.16484069824219,347.9515673004648,-71.4643451318158,11.862218150065946,1.020274617673693,1.2452983182342716
SB71883_component_342a,336.478564,-74.944224,16.28700065612793,48.18639373779297,336.47803639913695,-74.94433961624074,15.761963946800961,0.846592593985588,1.033310361012057
SB71883_component_343a,347.280205,-73.33393,15.734000205993652,84.1390380859375,347.2792857153185,-73.33420888948464,12.9510776993788,0.9953525271854889,1.214879608570979
SB71883_component_344a,337.065864,-71.747148,15.45199966430664,93.08433532714844,337.0652930170064,-71.74726770864403,13.683750040903817,0.9251736146875488,1.1292225901611128
SB71883_component_345a,341.079346,-74.9414,15.277000427246094,72.06132507324219,341.0783567051137,-74.94163552036505,12.044643997319247,1.039172878501786,1.26836463000868
SB71883_component_346a,333.716471,-72.382847,14.46399974822998,81.71751403808594,333.7157926480724,-72.38305078630658,13.152804967871754,0.9009770031850445,1.0996893653909618
SB71883_component_347a,340.79709,-73.373871,15.482999801635742,96.1677017211914,340.79640326969314,-73.374096570491,12.314595900486081,1.0300981896039547,1.2572884994971372
SB71883_component_348a,345.477293,-74.63834,15.03600025177002,80.83870697021484,345.47682480148694,-74.63849068269555,12.289733126448736,1.0023826776900056,1.2234602734709545
SB71883_component_349a,346.195162,-75.816934,15.302000045776367,38.5440788269043,346.1954169615722,-75.8173223619386,12.315893087511853,1.0179488816476328,1.2424596362640064
SB71883_component_351a,335.941548,-74.805107,16.707000732421875,65.51765441894531,335.94088027152844,-74.80522529425302,12.480673594829508,1.09674117168119,1.3386297306375554
SB71883_component_353a,333.243913,-70.459202,14.89799976348877,22.071109771728516,333.24354723007673,-70.4592442686842,8.010038559710766,1.523831816706447,1.8599161105694753
SB71883_component_355a,344.29784,-75.210593,15.22700023651123,76.51758575439453,344.2970762808755,-75.21073729955054,10.671326851418845,1.1690675697761135,1.426907867083714
SB71883_component_356a,334.577754,-72.400107,14.020000457763672,79.65909576416016,334.57721223875603,-72.40029375811632,10.594165089735174,1.0842388691663196,1.3233700191577942
SB71883_component_357a,338.145129,-70.513292,14.538000106811523,78.58378601074219,338.14464921678865,-70.51345444260228,11.429360418405667,1.0421408515024992,1.2719871956614257
SB71883_component_358a,342.76132,-75.895982,14.680000305175781,17.37278175354004,342.7613010655322,-75.89663268472219,10.84889226831254,1.1086241855951677,1.3531335681204197
SB71883_component_359a,345.802129,-71.115615,13.996999740600586,79.52840423583984,345.8017926380056,-71.11575236345554,10.833916439495331,1.0585055849034002,1.291961205236377
SB71883_component_362a,338.36012,-72.172333,14.354999542236328,89.71875,338.35947338944794,-72.17245944194036,12.982885457234493,0.9058903603606036,1.1056863737665688
SB71883_component_365a,346.928318,-72.816284,15.194000244140625,91.5301284790039,346.9270716374681,-72.8163781938269,9.542377616566492,1.3045454403227006,1.5922656652952372
SB71883_component_366a,334.713011,-72.362037,14.527999877929688,85.45882415771484,334.7123621068436,-72.36214507601954,12.418912412531407,0.9584422372877468,1.1698286770482484
SB71883_component_367a,348.585484,-71.636115,14.1899995803833,73.5233154296875,348.58505852538013,-71.63629357932889,12.969200314468504,0.8964227407048927,1.0941306507967856
SB71883_component_371a,327.758895,-73.918007,13.755999565124512,15.250554084777832,327.7581497151217,-73.91801943698208,11.318305659739403,0.9957594027376542,1.2153762213770463
SB71883_component_372a,335.709453,-74.223703,14.12600040435791,77.61538696289062,335.70837240845924,-74.22376436626114,12.52568845430871,0.9239772744064556,1.1277623945291972
SB71883_component_375a,346.620049,-75.904392,14.944000244140625,34.19679641723633,346.61995421730967,-75.90476133483337,10.694998713646667,1.1448004992754008,1.397288643435954
SB71883_component_376a,331.582161,-73.985975,14.803999900817871,54.22710418701172,331.58165508616236,-73.98601995627276,11.213587321137151,1.0816286569814235,1.3201841192169557
SB71883_component_377a,335.04298,-70.009991,14.253000259399414,27.252389907836914,335.0423467449318,-70.00987449862238,11.433932007125055,1.0213024378641211,1.2465528263171108
SB71883_component_381a,339.806309,-69.755211,13.258000373840332,30.269407272338867,339.8055553710812,-69.75540493916274,11.591616669822317,0.9370822184407595,1.1437576613757672
SB71883_component_382a,340.910511,-75.048937,12.88599967956543,53.24793243408203,340.90965326861135,-75.04921953718015,9.282675693905231,1.137335562945181,1.3881772997871777
SB71883_component_384a,346.203266,-72.01417,13.553999900817871,82.6463394165039,346.2033014787316,-72.01437737200145,10.06449639402033,1.103364763359599,1.3467141693121156
SB71883_component_386a,331.874753,-72.756733,13.51200008392334,45.64864730834961,331.8740554419311,-72.75682674329512,8.709883420249655,1.2710158839646526,1.551341095164284
SB71883_component_388a,352.139567,-71.828908,13.949999809265137,44.56869125366211,352.1390471010836,-71.82896164335891,13.946429771506612,0.8195110961530517,1.0002559821988146
SB71883_component_389a,351.117015,-73.284264,14.067000389099121,59.605934143066406,351.11633277538346,-73.28425775005358,13.082504149686136,0.8809561650355673,1.0752528895193665
SB71883_component_395a,349.247885,-70.875883,15.175000190734863,46.26524353027344,349.24759779949966,-70.87606514023764,13.949139511327619,0.8913021788659665,1.087880738335993
SB71883_component_396a,344.072385,-70.133671,13.697999954223633,25.36666488647461,344.07162898167763,-70.13385099957695,11.86432059896237,0.9459277528356103,1.1545540968794819
SB71883_component_397a,329.902828,-73.682144,13.758999824523926,57.329166412353516,329.90196570663613,-73.68201032211293,11.259412217181989,1.0011861350255038,1.2219998308195466
SB71883_component_398a,333.357653,-72.976933,12.505999565124512,66.1693115234375,333.35736791631325,-72.97684649165363,8.885463142442433,1.1531399553973205,1.4074673840453147
SB71883_component_402a,348.428571,-74.294821,13.267999649047852,72.50273132324219,348.42717014409425,-74.29468828484485,10.044634881653819,1.0822185586853894,1.3209041249753535
SB71883_component_403a,343.843335,-71.19281,14.074000358581543,78.18888854980469,343.8428936546558,-71.19297930981148,11.161380304742611,1.0331023094387175,1.2609551842437734
SB71883_component_405a,328.972097,-74.401191,13.708000183105469,13.973496437072754,328.97165746903505,-74.40125406789512,10.987985989303333,1.0221148202454946,1.2475443813315776
SB71883_component_406a,329.265393,-73.372349,12.986000061035156,44.02033996582031,329.26499542482827,-73.37225588527178,9.837060014209957,1.0815678282020835,1.320109874523125
SB71883_component_408a,328.253138,-73.893842,13.555999755859375,22.114192962646484,328.25243667742683,-73.89370214312369,12.289603742026294,0.9037271989589016,1.1030461225940453
SB71883_component_409a,347.743751,-75.623714,13.406000137329102,41.12269973754883,347.74350523681534,-75.6239473748266,7.543126119301713,1.4561011044335632,1.77724724806406
SB71883_component_410a,343.41985,-75.300352,12.994999885559082,53.47736740112305,343.41904241297374,-75.30051855487095,7.781140950998049,1.368285354431923,1.6700635507563035
SB71883_component_411a,341.270309,-74.527966,13.161999702453613,75.21142578125,341.2691646060642,-74.52809572046414,10.750234167622676,1.0031078592875238,1.2243453953863295
SB71883_component_412a,342.093089,-73.562698,13.069000244140625,77.79167175292969,342.0923799204045,-73.56293092975686,10.02250621977302,1.0683405491964257,1.303965291471438
SB71883_component_413a,333.849989,-74.408159,12.854999542236328,54.4703369140625,333.8488359502836,-74.40829734710637,8.629457273185016,1.2204844867499844,1.489664892620961
SB71883_component_415a,344.079548,-71.354056,13.071000099182129,82.20755004882812,344.0793363538865,-71.35429455197215,9.628395652137266,1.1122401561005884,1.3575470484826504
SB71883_component_416a,344.476848,-72.184714,12.741999626159668,64.6801986694336,344.4760029981324,-72.18497826758791,10.059664968029686,1.0377619710166184,1.2666425439271216
SB71883_component_418a,347.320212,-73.90239,12.970000267028809,73.27684020996094,347.31961571374086,-73.90269598865609,10.10777973116294,1.0513029829447527,1.2831700543534261
SB71883_component_427a,340.088822,-72.140809,11.84000015258789,75.41400909423828,340.08795817451863,-72.14102832494461,9.341088762834588,1.0384794093297502,1.2675182147605457
SB71883_component_428a,337.095707,-73.883032,13.822999954223633,82.2797622680664,337.09430483356175,-73.88313382323837,9.29850586200552,1.2179594186816425,1.4865829155096388
SB71883_component_429a,332.128596,-71.699876,11.843999862670898,35.67469787597656,332.1281721225008,-71.70003844464452,9.044693276367033,1.0728727898633508,1.3094971272954277
SB71883_component_433a,328.614049,-72.841794,10.734000205993652,16.850862503051758,328.61389662266686,-72.84170024199688,6.13051404136401,1.4345258832423688,1.7509135667203184
SB71883_component_436a,342.815888,-70.945916,12.236000061035156,72.83333587646484,342.8153943498641,-70.94610368903498,10.182521415289207,0.9845274268924932,1.2016670097705486
SB71883_component_439a,330.915676,-73.759827,11.854999542236328,61.10824203491211,330.9152034293585,-73.75964873293242,13.274681781966187,0.7316798640402921,0.8930533881679549
SB71883_component_440a,332.394266,-71.523413,11.972999572753906,25.583332061767578,332.39402668064776,-71.52367166069446,8.953750123011979,1.0955739006843843,1.3372050155813677
SB71883_component_442a,348.463775,-70.520046,12.920000076293945,22.626970291137695,348.46348468760397,-70.52015586370925,11.633473228065471,0.9099065730459989,1.110588370558567
SB71883_component_445a,338.434625,-73.795866,11.82699966430664,68.76162719726562,338.433661371367,-73.79608691973893,9.669946332443935,1.0020610963020855,1.2230677666354268
SB71883_component_446a,338.413904,-73.869458,11.583000183105469,65.44068145751953,338.4129135455385,-73.86963542956957,10.837938090881744,0.8756248498899105,1.0687457416693094
SB71883_component_447a,335.091952,-73.682231,11.845999717712402,74.97467803955078,335.09098390808083,-73.6824525460613,7.665341255209763,1.2661463423108976,1.545397565915444
SB71883_component_449a,338.563322,-73.710583,11.512999534606934,66.93604278564453,338.56227453203303,-73.71075767166772,9.695966006201283,0.9728392488922499,1.1874009796696403
SB71883_component_452a,347.19859,-73.452683,11.388999938964844,61.8967399597168,347.19793725794494,-73.45296804763323,8.383819365912245,1.1129799964630487,1.3584500621842304
SB71883_component_454a,339.123426,-71.071963,11.425000190734863,68.82530212402344,339.12294628986643,-71.07222005769842,8.646661777954275,1.082558627153232,1.321319196254941
SB71883_component_455a,347.841899,-74.570287,11.156000137329102,58.715789794921875,347.84071151314134,-74.57021810694816,9.567249927034757,0.9553556415201808,1.1660613261293526
SB71883_component_457a,353.515638,-71.186846,11.166000366210938,18.486757278442383,353.51529064840423,-71.18678448040329,8.33445061579519,1.0976511607744914,1.3397404197283842
SB71883_component_458a,341.511877,-71.069203,12.229000091552734,70.28160858154297,341.51126839944595,-71.06944315686796,9.298648918828041,1.077493796265528,1.3151373063232095
SB71883_component_460a,335.87059,-74.669232,12.147000312805176,51.470340728759766,335.8697174195293,-74.66922888360888,9.393658234247376,1.059443908271167,1.2931064777851586
SB71883_component_461a,350.962687,-73.809978,12.017999649047852,23.845237731933594,350.9617198689319,-73.80994772427599,10.254347928557024,0.9602135251077083,1.1719906261010793
SB71883_component_467a,340.056746,-72.628829,11.434000015258789,68.87952423095703,340.0559242674819,-72.62906411115706,9.141003166356125,1.024820985385712,1.2508473968526936
SB71883_component_473a,330.754754,-72.324581,11.378000259399414,19.350339889526367,330.7543404090357,-72.3248292397029,7.943081334931143,1.1736013774266212,1.4324416154927926
SB71883_component_474a,340.580431,-73.028205,11.01200008392334,65.1597671508789,340.57985393661346,-73.02852876772445,9.294988116736867,0.9706463996876634,1.184724492987222
SB71883_component_476a,350.27919,-73.513158,11.425000190734863,43.27651596069336,350.27844071950295,-73.51302685821287,8.810759863711908,1.0623962573708126,1.2967099736527827
SB71883_component_478a,344.30266,-70.345266,11.347000122070312,28.51004981994629,344.30221158313174,-70.34543683148364,9.92441823425255,0.9367413304519934,1.1433415898282024
SB71883_component_480a,350.919629,-72.857566,10.470000267028809,50.0956916809082,350.9191593774278,-72.85760911716339,9.365203360073878,0.9159529407469277,1.1179682773003037
SB71883_component_484a,353.327493,-73.054787,10.232000350952148,12.447689056396484,353.3261902968281,-73.0545533920261,7.614948251610475,1.1008731279791109,1.3436729985378688
SB71883_component_489a,350.426378,-74.565135,10.590999603271484,38.79486846923828,350.4250580164875,-74.56499284771006,7.49096629869079,1.1583579653498042,1.4138362370048967
SB71883_component_490a,329.998156,-74.0072,10.545000076293945,32.149391174316406,329.99747633410385,-74.0072356935643,8.32347744661894,1.0379715762084283,1.2668983779823186
SB71883_component_492a,347.982428,-73.61619,10.479000091552734,59.20338821411133,347.98160256122054,-73.61646953281974,8.43427202328003,1.0179253293246695,1.24243088942696
SB71883_component_496a,336.39639,-69.321892,9.788000106811523,10.697267532348633,336.39567789476837,-69.32192347212883,5.98276117681021,1.3404048157750013,1.6360339009938765
SB71883_component_497a,333.984115,-74.494403,10.01200008392334,34.88501739501953,333.98343575893455,-74.49464582314901,8.50261833473627,0.9647434540900998,1.1775196403936772
SB71883_component_498a,344.719133,-71.398123,11.121000289916992,67.81097412109375,344.7189438753423,-71.3983481943317,8.54562726302388,1.0662120507093145,1.3013673481918067
SB71883_component_499a,333.720713,-71.356508,10.833000183105469,29.842975616455078,333.72038944303023,-71.35659166827949,9.287553143821306,0.9556329583598459,1.1663998057779401
SB71883_component_500a,330.531596,-73.307605,10.925999641418457,45.907562255859375,330.53120086508403,-73.30767110196521,6.788083907703979,1.3187353886656306,1.609585236419698
SB71883_component_503a,344.848774,-74.949052,10.65999984741211,54.11167526245117,344.84723795547643,-74.94904944658815,6.138148111920083,1.422864407234,1.7366801277914323
SB71883_component_504a,350.68117,-71.480005,11.001999855041504,52.142181396484375,350.6808215877681,-71.48009366039898,8.508376170880126,1.0594211361130685,1.2930786831799694
SB71883_component_505a,336.667315,-71.635248,10.038000106811523,58.70175552368164,336.6664960335791,-71.63541762936738,8.507216963427014,0.9667259305576567,1.1799393561919755
SB71883_component_506a,341.163716,-71.970716,10.194999694824219,64.52531433105469,341.1629772835832,-71.97084428519237,9.541146929294984,0.8754479178244309,1.0685297868667818
SB71883_component_508a,342.914678,-70.201006,10.3149995803833,31.16314125061035,342.9141679258833,-70.2012951168581,9.62356440535368,0.8781666467359711,1.07184813712526
SB71883_component_509a,338.431973,-74.058601,10.597999572753906,65.41975402832031,338.43077973246665,-74.05875573572342,7.027602737637018,1.2355501426307165,1.5080533104119953
SB71883_component_514a,350.406324,-74.929841,11.279000282287598,35.027950286865234,350.4056117287698,-74.92974629153532,7.887808046550109,1.1715422490398684,1.4299283420342226
SB71883_component_515a,353.23495,-71.512027,9.932000160217285,23.704057693481445,353.23428976284947,-71.51199290828478,7.898703932425534,1.0302071584933117,1.2574215017029213
SB71883_component_521a,353.052111,-70.971298,9.58899974822998,16.589963912963867,353.05136874124724,-70.97147787467551,11.39241147602947,0.6896064668331368,0.841700615221456
SB71883_component_522a,338.371164,-74.589022,10.512999534606934,54.19071578979492,338.3697860741289,-74.58911767999713,8.902348667417327,0.9675328656465095,1.1809242625021645
SB71883_component_523a,337.802028,-70.206992,9.973999977111816,54.80220031738281,337.80146312196456,-70.20713684433606,8.821884899484248,0.9262999840301579,1.1305973826177356
SB71883_component_524a,342.337766,-71.569439,10.229999542236328,61.999996185302734,342.33728418541443,-71.56960802427666,8.363426069136187,1.0021554045606582,1.2231828747776483
SB71883_component_527a,346.209859,-74.308193,9.741999626159668,55.352272033691406,346.20889073361343,-74.30835232068401,7.762838731288834,1.0281849092211188,1.2549532411247504
SB71883_component_532a,335.300707,-70.334306,9.993000030517578,39.188236236572266,335.29986860539583,-70.33438652682426,8.061030760942351,1.0156615021189432,1.239667770396819
SB71883_component_535a,333.264052,-71.21783,10.729000091552734,17.79270362854004,333.2634234751291,-71.21786376727377,8.393995946251238,1.0472109500164413,1.2781755150053784
SB71883_component_539a,348.467975,-71.628583,9.975000381469727,56.03932571411133,348.4676127232455,-71.62868929451592,8.456551168579656,0.9664142404215319,1.1795589221445113
SB71883_component_540a,348.268559,-73.828342,9.383000373840332,50.71892166137695,348.267743313785,-73.82860039953259,7.8583003343859605,0.9782656210636111,1.1940241495712074
SB71883_component_545a,331.85751,-72.691049,9.505000114440918,32.220340728759766,331.8569164370241,-72.69135295872917,7.51031878432143,1.0369013400526899,1.2655920990043181
SB71883_component_546a,346.848348,-74.128871,9.958000183105469,53.25133514404297,346.8475654656704,-74.12909739997978,7.774492052441069,1.049406589309454,1.28085540713606
SB71883_component_547a,340.548515,-70.827754,9.538999557495117,54.50857162475586,340.5481186102115,-70.82795621388922,7.084211692221871,1.103201843971733,1.3465153177125533
SB71883_component_549a,334.858072,-74.077236,9.538999557495117,53.89265441894531,334.8571032947977,-74.07737117655222,6.7350694709488375,1.1603912083841144,1.4163179160424104
SB71883_component_550a,340.154955,-69.923299,9.699000358581543,30.98722267150879,340.1537509142471,-69.92347476160047,7.449843494931461,1.0666538542476467,1.3019065924244324
SB71883_component_555a,338.427092,-72.379757,9.571999549865723,55.3294792175293,338.42652962526716,-72.37995414869667,7.105797289902953,1.1036555112590305,1.3470690422687883
SB71883_component_561a,346.619403,-72.577559,10.13700008392334,62.190181732177734,346.6184241043166,-72.57781298957335,7.090621379779865,1.1713018658626357,1.4296349418445542
SB71883_component_563a,338.823368,-74.204022,9.918000221252441,59.03571701049805,338.82208505704403,-74.20408777758709,4.812106185987331,1.6886225803782418,2.06105182178508
SB71883_component_565a,346.787138,-73.654874,9.10200023651123,57.97452163696289,346.786223481185,-73.65516660446006,6.970017425303484,1.0699085532673405,1.3058791221192558
SB71883_component_566a,340.130652,-74.921641,10.057999610900879,50.039798736572266,340.12912905530845,-74.92168852184237,6.734892325850853,1.2235582185755678,1.4934165424285681
SB71883_component_568a,351.548806,-74.928264,9.121000289916992,15.86260986328125,351.5482222147963,-74.92795056865653,8.134336592009225,0.9186794700471494,1.1212961483394992
SB71883_component_569a,349.403273,-72.627844,9.043000221252441,47.098960876464844,349.4027136680373,-72.6279613477932,6.007985464167333,1.2331824886454277,1.5051634653889332
SB71883_component_572a,349.779939,-74.692226,8.663000106811523,38.8475341796875,349.77839870372617,-74.69217524302813,7.107764557254964,0.9985710408764422,1.2188079721871365
SB71883_component_574a,340.92628,-70.576013,9.062999725341797,51.49431610107422,340.9258271077705,-70.57609650363429,5.987255648536841,1.240188915159066,1.5137151739222297
SB71883_component_577a,350.248758,-73.090817,8.491000175476074,48.52000045776367,350.2479759636277,-73.09081132445404,6.382213057863263,1.0900118830034553,1.3304162832694313
SB71883_component_578a,337.98186,-71.979749,9.055000305175781,58.798702239990234,337.9814521980902,-71.97987477986254,6.986067831447805,1.0619384653331512,1.2961512146238647
SB71883_component_579a,339.35946,-73.104403,8.789999961853027,54.25925827026367,339.3584584017452,-73.1046892416975,7.699304963112099,0.9353648208402279,1.1416614881429588
SB71883_component_580a,349.468726,-73.956073,9.230999946594238,39.961036682128906,349.46787998799147,-73.9560976004458,7.761022164565277,0.9744812910640056,1.1894051776762709
SB71883_component_583a,341.370769,-72.376105,9.347999572753906,54.98823165893555,341.36972291311184,-72.37625233521332,7.278940601119659,1.0521900469523848,1.2842527621829996
SB71883_component_584a,343.188893,-75.336605,8.58899974822998,32.411319732666016,343.188128069498,-75.33670611674886,6.213632934726407,1.1325064307836903,1.3822830924286267
SB71883_component_590a,351.49561,-73.589008,9.154000282287598,19.601713180541992,351.49461143894126,-73.58895651725736,9.083033948009286,0.8257026244101515,1.0078130649609502
SB71883_component_592a,345.713391,-71.167694,8.718000411987305,52.5180778503418,345.7135427611871,-71.16785545825627,6.725608614516104,1.0620109029515536,1.2962396285104898
SB71883_component_593a,348.839757,-72.560987,8.232999801635742,45.99441146850586,348.8390269332119,-72.56114079616866,8.36252575429941,0.8066113290977297,0.9845111445430138
SB71883_component_597a,343.541368,-70.839854,9.097000122070312,50.82122802734375,343.5409090111544,-70.8399982604254,8.20065346078913,0.908852531664942,1.1093018581466711
SB71883_component_601a,342.995466,-70.140219,8.765999794006348,22.4769229888916,342.9949826169678,-70.14052151979826,8.201470932704607,0.8756960423268988,1.0688326357471556
SB71883_component_605a,338.328347,-71.526868,8.210000038146973,47.7325553894043,338.3282627020329,-71.52713902599781,6.396140984211585,1.0516441542121586,1.2835864716573273
SB71883_component_606a,341.605918,-71.571224,9.20199966430664,51.98869705200195,341.60527704196613,-71.57131089098534,6.004163547407275,1.255663818678105,1.5326030997740325
SB71883_component_609a,350.439509,-71.70858,9.5649995803833,44.90610122680664,350.43936360003346,-71.70858080154031,6.786210299405357,1.1547855003835568,1.4094758574194843
SB71883_component_611a,344.384217,-75.816979,9.003999710083008,14.36044692993164,344.38311239121055,-75.81738216714326,7.3752278970299106,1.0002388261388528,1.2208435909769002
SB71883_component_612a,337.884428,-71.682404,9.416999816894531,57.77300262451172,337.88403977255933,-71.6826289030364,7.130683470136622,1.081994577335255,1.3206307440700495
SB71883_component_613a,344.473461,-72.738777,7.914000034332275,44.96590805053711,344.4721786496891,-72.7388975619992,5.647770460123312,1.1480549914024332,1.4012609206075068
SB71883_component_614a,348.52576,-73.951172,8.163999557495117,41.232322692871094,348.5249983167929,-73.9513291226169,6.558402382835962,1.0198788711513693,1.244815288988851
SB71883_component_616a,329.876016,-72.741591,8.895999908447266,12.338418006896973,329.87549374740234,-72.74143239434581,7.471752964853737,0.9754745563886703,1.1906175097454401
SB71883_component_617a,339.824857,-72.494348,8.194000244140625,47.918128967285156,339.8238519678295,-72.49456795274334,5.839893969886937,1.149568066995295,1.403107708186569
SB71883_component_622a,337.865677,-70.236485,8.144000053405762,43.78494644165039,337.86486879848223,-70.23655367749166,5.759870127270111,1.1584272301698753,1.4139207783258836
SB71883_component_623a,333.016171,-72.727136,8.368000030517578,38.0363655090332,333.01558269488373,-72.7270820182568,6.842130146023756,1.0020145392427442,1.223010941319286
SB71883_component_625a,339.331288,-71.874035,8.065999984741211,53.065792083740234,339.33059584247565,-71.87426731219675,5.992323882287596,1.1028250415703766,1.3460554107535958
SB71883_component_626a,345.923494,-71.328181,8.46399974822998,49.78823471069336,345.92332899839727,-71.32845516483411,6.345046312747334,1.0929103183970346,1.33395397465037
SB71883_component_629a,336.414342,-74.752754,8.347999572753906,35.075626373291016,336.4130600670455,-74.7526851334499,4.891271952518555,1.3983126576609615,1.7067134385066147
SB71883_component_630a,348.164374,-71.894619,8.593999862670898,48.28089904785156,348.1640128381326,-71.8947872467799,5.2970226762398545,1.3292515981288389,1.6224208178718684
SB71883_component_634a,337.561192,-71.988493,7.670000076293945,45.38461685180664,337.5603602330123,-71.98864960799777,3.832937505306991,1.6394844837775433,2.0010762152198547
SB71883_component_638a,339.491176,-72.913623,8.145999908447266,50.28395080566406,339.4903183156634,-72.91391793464624,6.544318192374176,1.0198203518623488,1.2447438631482595
SB71883_component_639a,342.661522,-75.517146,8.055000305175781,22.563026428222656,342.6610529373715,-75.51752642006554,5.919712848530698,1.1148298829548844,1.3607079450103856
SB71883_component_641a,334.175472,-72.907449,8.279999732971191,46.779659271240234,334.17488427389094,-72.9074056140051,6.098736427145402,1.1123312513077936,1.3576582349283062
SB71883_component_642a,344.455017,-72.289599,7.890999794006348,46.970237731933594,344.45393778607513,-72.28973241461753,6.121008517463978,1.0562159683643946,1.2891666089815705
SB71883_component_644a,351.249186,-71.40218,7.922999858856201,39.81406784057617,351.2489382173496,-71.40230897188499,5.29379179049241,1.2262145721818196,1.496658760377735
SB71883_component_650a,347.539334,-70.993843,8.760000228881836,38.76106262207031,347.5390321799922,-70.99399811754589,6.8812301118819725,1.0429937770446396,1.2730282357155518
SB71883_component_651a,343.533879,-74.147216,7.392000198364258,43.739646911621094,343.5326293998295,-74.14731222137706,6.26921399910145,0.9660343206301528,1.1790952102486425
SB71883_component_652a,333.898728,-71.080502,8.395000457763672,22.327129364013672,333.89840918244397,-71.08054378697496,9.297395443538637,0.7397808789029228,0.9029410987996539
SB71883_component_653a,340.970402,-73.899665,7.843999862670898,47.539390563964844,340.9690844754777,-73.89983249465556,5.8667158844610245,1.0954339629004735,1.3370342142265728
SB71883_component_654a,342.023499,-75.425954,7.747000217437744,22.65204620361328,342.0233474076427,-75.4263919857571,5.694122123784658,1.1146806742737434,1.3605258280425885
SB71883_component_662a,348.207678,-72.338994,7.293000221252441,41.203392028808594,348.20721427504867,-72.33929136052906,5.962885330276512,1.0020593619889622,1.2230656498159171
SB71883_component_663a,351.044429,-72.111214,7.3379998207092285,24.624160766601562,351.04399038774966,-72.11118706743969,6.250854364671485,0.9617938528715022,1.1739194984580126
SB71883_component_669a,340.23655,-75.522582,7.710999965667725,10.53415298461914,340.2357249122034,-75.52309695955144,6.092924179007262,1.0368802642454709,1.2655663748837427
SB71883_component_670a,339.528808,-74.272695,7.688000202178955,46.03593063354492,339.52779598335434,-74.27280692216975,5.759459346506866,1.0936424264979634,1.3348475507239679
SB71883_component_672a,338.398734,-71.109463,7.5920000076293945,43.1363639831543,338.3984843066301,-71.10967710679017,5.488733908403271,1.1332551564636835,1.3831969511231026
SB71883_component_673a,336.810666,-69.803029,7.318999767303467,24.726350784301758,336.8097403447507,-69.8032129870231,6.076121686468324,0.986890461182295,1.2045512162146232
SB71883_component_674a,336.285599,-70.778782,7.335999965667725,37.23857879638672,336.2855629549936,-70.77873857970876,5.601888030129954,1.0729230550190278,1.3095584785363055
SB71883_component_676a,337.216607,-69.810475,7.388000011444092,28.972549438476562,337.21572832463653,-69.81059216849577,5.555064096570974,1.0896361270828734,1.3299576535947715
SB71883_component_679a,349.538946,-73.452684,7.36299991607666,35.22966384887695,349.53840599249634,-73.45286107634853,5.902621361880942,1.0220062486928758,1.2474118640959804
SB71883_component_683a,345.018176,-72.751982,7.2270002365112305,34.91304397583008,345.016678623171,-72.75220230512848,7.833218258030158,0.7558950863789697,0.9226093284331165
SB71883_component_684a,343.957223,-71.56227,7.22599983215332,45.44654083251953,343.9566085233183,-71.56245996755618,4.995948195727387,1.1850146012685965,1.4463720497208337
SB71883_component_685a,336.682502,-72.505796,7.254000186920166,43.9636344909668,336.6816924941427,-72.50590336515533,5.833848375492576,1.0187464441302077,1.2434331028200027
SB71883_component_687a,344.642032,-73.205195,8.239999771118164,50.86419677734375,344.6412609829751,-73.20541353774507,6.2859956236129175,1.073981514163583,1.3108503830586775
SB71883_component_688a,333.535076,-71.834675,6.539999961853027,34.421051025390625,333.5341142628893,-71.83480062239977,6.192093314633357,0.8653343309898432,1.0561856273059524
SB71883_component_689a,352.820761,-71.298914,7.434000015258789,22.94444465637207,352.8204240919386,-71.29897725435723,6.008680734761087,1.0136478642933386,1.2372100205377903
SB71883_component_697a,344.475493,-73.446732,6.630000114440918,42.774192810058594,344.4742577610581,-73.44693652177034,7.094719536618644,0.7656353638909479,0.9344978445195576
SB71883_component_700a,333.294813,-74.189051,7.406000137329102,33.21076202392578,333.2935406421105,-74.18900851469061,5.220178562139911,1.1623636976103149,1.4187254418923851
SB71883_component_702a,337.387129,-69.526575,7.701000213623047,18.423444747924805,337.38619614510196,-69.5266884369735,6.103087798855624,1.0338111182660692,1.2618203223402822
SB71883_component_706a,334.046776,-70.540328,7.61899995803833,26.18212890625,334.0467405541641,-70.54036864150557,5.3684342061277235,1.1627705324913469,1.4192220050572157
SB71883_component_710a,329.523161,-73.402339,6.876999855041504,27.507999420166016,329.52271243366863,-73.40211941669418,5.6493196821649425,0.9973475952640228,1.2173146930863872
SB71883_component_714a,352.279278,-71.987073,7.033999919891357,17.989768981933594,352.2779001732858,-71.9873046112162,4.4503462609361755,1.2949477254449298,1.5805511543301092
SB71883_component_721a,330.975057,-73.837881,7.35099983215332,33.11260986328125,330.9748165864053,-73.83796031911768,7.691890950496106,0.7829913696226255,0.9556817536108206
SB71883_component_726a,341.766755,-71.557758,6.553999900817871,38.10464859008789,341.7663515528758,-71.55800982649038,4.6097718434711314,1.1648518142211597,1.4217623178249852
SB71883_component_730a,331.805758,-73.484887,6.301000118255615,31.193069458007812,331.8051698323737,-73.484587192577,4.250909631271098,1.2144266696892472,1.482271011339167
SB71883_component_731a,348.019023,-74.127047,6.625999927520752,34.33160400390625,348.01760891200917,-74.12716763995186,5.230989955830154,1.0377941577674865,1.2666818295332039
SB71883_component_739a,350.252002,-71.478443,7.052000045776367,35.08457565307617,350.25160255578476,-71.47858214983306,5.2421530153823985,1.1021641830900484,1.3452487985534214
SB71883_component_746a,346.844533,-71.184016,6.2870001792907715,33.80107498168945,346.84418194830533,-71.18418534896341,5.465257994141306,0.9424894237395985,1.1503574371109953
SB71883_component_750a,351.499238,-72.387933,6.744999885559082,16.21394157409668,351.497489603609,-72.38775386806927,6.403094306789064,0.8630495475044361,1.0533969300448227
SB71883_component_753a,342.201571,-72.251506,6.269000053405762,38.697532653808594,342.20029134211626,-72.25167359625945,5.2607427373267175,0.9763260790635323,1.1916568375269758
SB71883_component_755a,349.248813,-72.727507,6.374000072479248,34.83060073852539,349.24822019428547,-72.72771693095966,5.324430777371421,0.9808047484294342,1.1971232867874717
SB71883_component_756a,342.425034,-70.044431,6.953999996185303,13.450676918029785,342.4244193085113,-70.04446753746141,6.421933270154568,0.8871817070197141,1.08285148780718
SB71883_component_757a,346.289077,-70.369234,7.3520002365112305,15.09650993347168,346.2895884606552,-70.36911594532904,6.072240252563573,0.991973902948653,1.2107558216932162
SB71883_component_760a,351.43678,-72.261071,6.184000015258789,16.1884822845459,351.43567738257985,-72.26115623359745,5.102139569509608,0.9930264770303727,1.2120405431898376
SB71883_component_765a,335.634668,-71.554282,6.625,36.8055534362793,335.63398592094336,-71.55429970089689,5.530702901655928,0.9814071863973306,1.197858593709026
SB71883_component_769a,340.88682,-72.080705,6.4029998779296875,37.664703369140625,340.8857846418034,-72.08087213279819,5.099172198286674,1.0287918049160352,1.2556939889343415
SB71883_component_771a,348.385886,-71.552288,6.25,36.98225021362305,348.38557085731316,-71.55242610809077,5.546212951777742,0.9232666694266134,1.1268950641350097
SB71883_component_772a,334.088495,-72.070481,6.551000118255615,37.8670539855957,334.08769139397316,-72.07057328161564,4.2794188455760285,1.2541991243974142,1.5308153641067173
SB71883_component_775a,337.336697,-70.056214,6.479000091552734,32.074256896972656,337.33595442632014,-70.05635893575774,5.511700158896007,0.9630882478241564,1.1754993749243567
SB71883_component_778a,351.565092,-73.422683,6.644999980926514,21.095237731933594,351.56458128660825,-73.42265986858612,4.981644202993697,1.0928635935113151,1.3338969444933926
SB71883_component_784a,337.070786,-73.957287,6.705999851226807,42.987178802490234,337.0698976806429,-73.95740099929483,5.503128829132972,0.9983838345695765,1.2185794771377991
SB71883_component_788a,342.964412,-71.978137,6.760000228881836,40.0,342.96342152013705,-71.97828548473426,5.9817474815667655,0.9258962306580814,1.130104580595105
SB71883_component_792a,346.151239,-74.391745,5.940999984741211,36.00605773925781,346.150405124036,-74.39193637953016,4.321923199719541,1.126227653589615,1.3746195177940077
SB71883_component_793a,335.79918,-72.32015,6.035999774932861,35.29824447631836,335.7987088264331,-72.32039856148896,4.490886406214908,1.1011863661448624,1.344055322036131
SB71883_component_799a,342.289118,-75.005869,6.510000228881836,29.86238670349121,342.2882264006735,-75.00599521229728,4.143520460142793,1.2872271670526731,1.5711278106389488
SB71883_component_800a,342.351102,-71.54358,5.7820000648498535,35.25609588623047,342.3509235733054,-71.54381772399212,5.650843608515121,0.8383174089166223,1.0232100665707853
SB71883_component_801a,335.639783,-70.832756,6.333000183105469,32.64432907104492,335.63910834115705,-70.83282712159394,4.827535922736487,1.0748000235846376,1.3118494164442405
SB71883_component_802a,334.626908,-71.274882,6.76800012588501,28.80000114440918,334.62650701239875,-71.27502678274591,5.254217978640833,1.055348635142996,1.2881079836043963
SB71883_component_803a,351.096349,-72.743883,6.249000072479248,28.53424644470215,351.09591941980017,-72.74382189644788,3.861167807753123,1.3259756044922186,1.6184222969878235
SB71883_component_804a,337.5502,-73.255199,6.609000205993652,39.33928680419922,337.54958028942417,-73.2555391145303,4.72503187223301,1.1459738403441109,1.3987207673310984
SB71883_component_806a,332.736532,-71.616956,6.263999938964844,19.6981143951416,332.7365884891481,-71.61719005443251,4.742690664306119,1.0821080463272141,1.3207692388854757
SB71883_component_817a,349.739138,-73.815201,6.077000141143799,22.675373077392578,349.73813675005465,-73.81503349727836,6.130140624502599,0.812199073985082,0.991331278250552
SB71883_component_818a,338.847359,-74.613712,5.7870001792907715,33.068572998046875,338.84669849623725,-74.6140456925427,5.487856925615954,0.8639615130200988,1.0545100314620979
SB71883_component_819a,340.117064,-71.775393,5.88100004196167,34.7988166809082,340.11662900243937,-71.77565790453126,4.877354466079921,0.9878944461448722,1.205776632160264
SB71883_component_820a,342.89085,-74.606219,6.019000053405762,33.254146575927734,342.89004215461074,-74.6065338903772,3.908341354531111,1.2617564690408236,1.540039496915404
SB71883_component_822a,351.962105,-73.593821,6.4710001945495605,10.713577270507812,351.9606235270113,-73.5935605216902,7.725637601785788,0.6862474782361694,0.8376007946649974
SB71883_component_826a,340.75975,-71.497602,5.932000160217285,36.617286682128906,340.75905509596635,-71.49789749722684,4.6331068164151725,1.048992835312315,1.280350398829596
SB71883_component_828a,338.406408,-69.629452,6.685999870300293,16.673316955566406,338.40539291964456,-69.6295474576136,4.948342507391716,1.1070068093735779,1.3511594761908468
SB71883_component_831a,350.864982,-72.72054,6.008999824523926,26.706666946411133,350.8637684116437,-72.72040339203873,5.461313424761369,0.9014647948529801,1.1002847405313472
SB71883_component_834a,340.207898,-70.074054,5.936999797821045,24.036436080932617,340.20669932873574,-70.07434496288991,4.544230858648359,1.0704104207943288,1.3064916775788438
SB71883_component_835a,344.327541,-70.970951,6.1479997634887695,34.34636688232422,344.327372309985,-70.97110086367528,5.743638678182619,0.876981458736284,1.0704015534337368
SB71883_component_839a,339.09615,-72.716088,5.354000091552734,32.05988311767578,339.0952406499755,-72.71627633477998,4.535723554400446,0.967109118350527,1.1804070568538985
SB71883_component_842a,331.954992,-72.888549,6.479000091552734,26.55327796936035,331.95432667608634,-72.88854454256125,5.1744931445555356,1.0258499722138936,1.2521033288776828
SB71883_component_843a,347.438637,-70.696279,6.044000148773193,16.882680892944336,347.4384639253494,-70.69627161497615,5.082969069694619,0.9742057312914655,1.189068842619637
SB71883_component_844a,351.338467,-73.293968,6.294000148773193,24.490272521972656,351.3371411892165,-73.29395998162138,3.8109884132887784,1.353109058030542,1.6515400904464161
SB71883_component_848a,343.887994,-70.202163,5.8460001945495605,13.439081192016602,343.8876782768511,-70.20255541796978,4.839612102369744,0.9896735243832648,1.2079480898246024
SB71883_component_850a,329.613146,-74.193509,5.927000045776367,11.949597358703613,329.61213358530193,-74.19349363845623,5.5370679813316475,0.8769983087472907,1.0704221197499082
SB71883_component_856a,331.540984,-72.035097,5.895999908447266,18.030580520629883,331.54067376119497,-72.03533365499091,4.138833046475865,1.1671407727327088,1.4245561109230038
SB71883_component_857a,334.762522,-70.350799,5.2179999351501465,19.840303421020508,334.7619924737581,-70.35089142359415,3.650680311952595,1.17104597720491,1.4293226164082438
SB71883_component_861a,338.376102,-74.816561,5.48199987411499,26.74146270751953,338.3751270386873,-74.8165909641411,6.719090360127889,0.6684550682024967,0.815884231390311
SB71883_component_864a,348.112055,-75.17497,5.5980000495910645,24.129310607910156,348.1114581351652,-75.17510494345805,4.072761857345654,1.1261274948609528,1.3744972688482837
SB71883_component_871a,335.929687,-69.845383,5.644999980926514,13.282352447509766,335.9284489781849,-69.84510742929298,4.644184849575864,0.9958596320975273,1.2154985565318424
SB71883_component_872a,348.169554,-70.708157,5.1539998054504395,13.456918716430664,348.1687546376421,-70.70834995146149,4.187923830424301,1.0082989257779111,1.2306813624469048
SB71883_component_875a,348.634562,-73.497012,5.51200008392334,31.86127281188965,348.6340261673182,-73.49735382484533,4.901960078298666,0.9212619331427271,1.1244481790713403
SB71883_component_877a,347.200773,-71.673108,5.709000110626221,36.132911682128906,347.2005321514911,-71.673219419555,3.78164244448872,1.2368677574012763,1.5096615278756427
SB71883_component_878a,343.248857,-71.758855,5.285999774932861,33.455692291259766,343.24812692376867,-71.75911235038991,4.776314608657827,0.9067298136912116,1.1067109702847355
SB71883_component_880a,344.317277,-72.129828,5.943999767303467,34.160919189453125,344.3162153827524,-72.1299865308142,5.0000634278686755,0.9739730746280216,1.1887848730425312
SB71883_component_882a,341.030447,-72.024054,5.4079999923706055,30.044443130493164,341.02978282489033,-72.02419233691822,4.490450981404049,0.9867119847927135,1.2043333764840838
SB71883_component_885a,342.898881,-71.805586,5.066999912261963,29.982248306274414,342.8987150183461,-71.80590166671767,3.0200423770225244,1.3746164621392452,1.6777909975083014
SB71883_component_888a,340.512392,-70.78963,6.038000106811523,35.72780990600586,340.5117322374688,-70.78978302524362,4.38196756685319,1.1289316229762751,1.3779198532835275
SB71883_component_890a,350.827504,-72.146148,4.802999973297119,17.15357208251953,350.82693577319196,-72.14616265815259,4.149629404194965,0.9483026248730619,1.157452751911206
SB71883_component_891a,343.335681,-74.021892,5.182000160217285,28.62983512878418,343.3342397126347,-74.02211420596412,3.5170769196059646,1.207144434288231,1.4733826636916005
SB71883_component_892a,335.405657,-70.906216,5.306000232696533,25.8829288482666,335.40527586801795,-70.90631803044162,6.256732248669286,0.6948057044636448,0.8480465555841935
SB71883_component_893a,331.547293,-73.528024,5.3379998207092285,27.802082061767578,331.5463630437,-73.52800453287969,4.398618094255565,0.994273762860574,1.2135629205182559
SB71883_component_894a,335.233059,-71.732609,5.315999984741211,30.033897399902344,335.23232576781203,-71.73263522973811,3.5232413975303136,1.2361929191896448,1.5088378526851913
SB71883_component_898a,347.591853,-71.403946,5.198999881744385,28.565933227539062,347.59150411220367,-71.40409254694559,3.924330577494426,1.0854202110351483,1.324811908446255
SB71883_component_902a,334.248563,-71.897576,5.171999931335449,29.386363983154297,334.24796931975004,-71.89761495256275,4.154907380336102,1.019860670613574,1.2447930742843831
SB71883_component_905a,341.231668,-75.446871,4.748000144958496,10.990740776062012,341.23113003692475,-75.44715976449085,4.184010642677102,0.9297402310321641,1.1347963832903947
SB71883_component_916a,338.922682,-73.806024,5.173999786376953,30.98203468322754,338.9220360476903,-73.80642475977037,3.7457531481837645,1.1316990051191107,1.3812975873452085
SB71883_component_919a,332.887708,-71.644804,5.794000148773193,19.31333351135254,332.88751129243667,-71.64481778874682,4.025934081019924,1.1791132596176035,1.4391691548276297
SB71883_component_920a,338.403192,-70.885375,4.866000175476074,26.88397979736328,338.40257390741954,-70.88560955762985,3.591940739934362,1.1099071217558147,1.354699458534217
SB71883_component_924a,338.838816,-74.476572,5.447999954223633,31.491331100463867,338.8377704109025,-74.47673386727388,3.2785120801149867,1.3614571839090612,1.6617294129453248
SB71883_component_934a,341.213879,-72.979591,4.809999942779541,28.80239486694336,341.2132293457615,-72.9797160129394,5.095946397673947,0.7733282953351596,0.9438874680815076
SB71883_component_935a,342.413088,-70.161877,4.947999954223633,13.744443893432617,342.4124828554015,-70.16212100611088,4.010300505918656,1.0108726598489801,1.2338227389496275
SB71883_component_937a,343.637745,-72.396162,5.150000095367432,30.116958618164062,343.63702244813595,-72.39655522337614,4.297800575597276,0.981758473267736,1.1982873576333224
SB71883_component_939a,342.782188,-72.799301,5.03000020980835,28.908048629760742,342.7814009146516,-72.79977386179438,4.794659397863894,0.859515915302505,1.0490839478711051
SB71883_component_942a,351.110626,-70.864377,5.622000217437744,12.383260726928711,351.11021107930264,-70.8640718998369,4.7781878076277,0.9639873239415157,1.1765967441595782
SB71883_component_943a,346.281913,-70.943632,4.952000141143799,25.394872665405273,346.28154976041645,-70.943777978894,3.950289651839394,1.0270589894451998,1.253578997387691
SB71883_component_944a,346.677376,-70.603189,4.921000003814697,14.912120819091797,346.67710133600934,-70.60321944071454,4.611825347672296,0.874226957640064,1.0670395413604397
SB71883_component_945a,338.885276,-70.20824,4.9710001945495605,24.014493942260742,338.88441709392544,-70.20855693485267,4.5411413604239765,0.8968554256217469,1.0946587652768975
SB71883_component_947a,330.481986,-72.823421,5.02400016784668,11.418182373046875,330.4817392190443,-72.82321629396438,4.137040351226588,0.994955298683893,1.2143947704926585
SB71883_component_949a,338.491966,-72.864075,5.343999862670898,34.701297760009766,338.49117381923617,-72.86430692434355,3.8216087872179885,1.1456814787539158,1.3983639247807893
SB71883_component_951a,340.436802,-69.943819,5.510000228881836,18.00653648376465,340.4353294297809,-69.94374068719506,3.838527705596169,1.1760630846472662,1.4354462573889557
SB71883_component_952a,349.502276,-73.083296,5.34499979019165,29.530385971069336,349.5019011311677,-73.083309132262,4.083546236191049,1.0723928162573702,1.308911294506911
SB71883_component_954a,335.42725,-73.968204,4.613999843597412,27.14117431640625,335.42641647282665,-73.96845288061164,3.5820254782237497,1.0553404530801906,1.2880979969705286
SB71883_component_955a,329.795329,-73.566531,5.170000076293945,22.1888427734375,329.7944315775065,-73.56634819943268,3.9326231065438177,1.077089776598247,1.31464417927341
SB71883_component_956a,334.837276,-74.340805,5.017000198364258,23.777252197265625,334.83607207758354,-74.34089714077696,3.844549252046841,1.0691591820678468,1.3049644755346035
SB71883_component_957a,345.256201,-74.630358,5.007999897003174,27.070268630981445,345.25533732431023,-74.63057065388834,4.311662118754322,0.9516193666148246,1.1615010079801962
SB71883_component_959a,339.011019,-73.718485,5.441999912261963,31.456647872924805,339.00941798768264,-73.71856683365887,3.7803182257194274,1.1794345648136266,1.4395613245565597
SB71883_component_960a,338.238053,-73.217257,5.026000022888184,27.922222137451172,338.2373764885852,-73.21759120595709,4.900212584236587,0.840332665473118,1.0256697921751885
SB71883_component_965a,339.894802,-75.228272,4.988999843597412,15.787973403930664,339.8935556132097,-75.22825958311311,3.86102420657359,1.0586554722369748,1.292144150534821
SB71883_component_966a,341.733502,-71.766351,4.789000034332275,27.52298927307129,341.7324616288346,-71.76644805263176,3.825425614835693,1.0256726132286902,1.2518868529973937
SB71883_component_969a,334.337192,-70.420207,4.873000144958496,16.745704650878906,334.33708243381636,-70.4205568264265,3.25632848705965,1.2260604876405026,1.4964706921686037
SB71883_component_970a,349.010812,-72.88492,4.696000099182129,27.46198844909668,349.0093966871864,-72.88471557434312,2.881416530912807,1.335259679245904,1.6297539938436039
SB71883_component_975a,339.804633,-71.797529,4.890999794006348,29.113094329833984,339.80405278828084,-71.79764981193449,3.5744746453394503,1.1210606389679565,1.3683129072921074
SB71883_component_976a,344.324231,-75.28614,4.951000213623047,22.711009979248047,344.32326660420847,-75.28630627383457,3.94630840036932,1.0278875456026546,1.254590293338377
SB71883_component_982a,347.921138,-73.072958,5.166999816894531,27.19473648071289,347.9205807349935,-73.07322960093312,3.764294342491076,1.1246012244185617,1.372634376268035
SB71883_component_985a,347.251364,-75.655075,5.320000171661377,16.88888931274414,347.250835132457,-75.65554803010522,3.3583729711587154,1.2978556772213576,1.5841004609520353
SB71883_component_988a,346.05882,-73.814279,4.559000015258789,26.505813598632812,346.05826288275665,-73.81444269939587,3.626681246658939,1.0299209393959246,1.2570721563850542
SB71883_component_991a,347.228223,-72.720846,4.644000053405762,28.8447208404541,347.2269991632778,-72.72107932354997,4.21520045702002,0.9026464204758567,1.1017269761564046
SB71883_component_995a,335.225093,-73.961804,4.611000061035156,30.137256622314453,335.22390341284995,-73.96191407687402,4.276278592896056,0.8834313721859859,1.0782740087830467
SB71883_component_996a,341.916446,-71.865316,4.948999881744385,23.79326820373535,341.91562427253785,-71.86551189776851,3.7347175123330314,1.085683821549868,1.3251336588112674
SB71883_component_998a,343.648971,-71.616397,4.4019999504089355,28.03821563720703,343.6488748751202,-71.61668760504007,3.674977794316347,0.9813840491416506,1.1978303534832204
SB71883_component_999a,333.552648,-72.670963,4.96999979019165,25.228425979614258,333.55213561577483,-72.67112159400277,4.320601969931159,0.9424445165949564,1.1503026256016908
SB71883_component_1000a,348.890583,-72.20852,4.809999942779541,27.329545974731445,348.88960343056505,-72.20881553733331,2.5719789165476383,1.532220779679765,1.8701552768698406
SB71883_component_1004a,348.837841,-70.801057,4.583000183105469,15.749140739440918,348.83771463302094,-70.8011846658177,3.972544767687731,0.945202268676061,1.1536686056713872
SB71883_component_1006a,334.676805,-74.042086,4.853000164031982,28.380117416381836,334.6755159022005,-74.04204677552953,4.069367337385568,0.9770731790341886,1.1925687119585209
SB71883_component_1008a,347.851433,-71.422288,4.5370001792907715,24.657609939575195,347.85094656490196,-71.4222847728537,2.87094113559973,1.2947567662103134,1.580318078636958
SB71883_component_1009a,338.639674,-69.737283,3.872999906539917,11.32456111907959,338.6376947576637,-69.73767364655774,3.5169804068240316,0.9022382159654545,1.101228741287582
SB71883_component_1013a,338.036469,-71.701701,4.790999889373779,27.37714195251465,338.0359456316207,-71.70181471818913,3.752847115057325,1.0459452918574368,1.2766307132926187
SB71883_component_1020a,341.331466,-71.908439,4.640999794006348,29.006248474121094,341.3307914062284,-71.90870638221747,3.934226330193841,0.9664867164098604,1.17964738286363
SB71883_component_1021a,341.459253,-72.135204,4.627999782562256,27.0643253326416,341.4582875218126,-72.13544654947236,3.9617038683001673,0.9570948981424933,1.168184179436908
SB71883_component_1022a,352.801212,-71.586456,4.763999938964844,14.749225616455078,352.8009257803701,-71.58658248750356,4.271764187446535,0.9137095362558574,1.1152300852572448
SB71883_component_1023a,334.836397,-71.773458,4.10699987411499,21.845745086669922,334.83556272071627,-71.77325698340395,2.9243018879002687,1.1506577469578594,1.4044377193436524
SB71883_component_1026a,336.215989,-73.495808,4.7729997634887695,28.41071319580078,336.2153056389264,-73.49586899984838,4.0618537314479495,0.9627439838584839,1.1750791828211191
SB71883_component_1033a,333.357981,-71.710187,4.501999855041504,19.832597732543945,333.35765277884116,-71.71044777597587,4.807804635978361,0.7671889617796982,0.9363940916716083
SB71883_component_1039a,342.092279,-71.995375,4.308000087738037,25.341176986694336,342.09188026381304,-71.9955001497178,5.501184418323796,0.6415982638771495,0.7831041027071547
SB71883_component_1042a,342.006767,-75.276673,4.874000072479248,17.22261619567871,342.00577894290376,-75.27695492172136,4.253859644600612,0.9387415825573568,1.145783001718398
SB71883_component_1043a,336.627663,-74.239854,4.689000129699707,28.591463088989258,336.6262708186414,-74.23984069417277,2.821041467778729,1.3618035297018867,1.6621521460270476
SB71883_component_1045a,336.432809,-74.087096,4.485000133514404,26.696430206298828,336.4317176051625,-74.08692490392784,3.59473441422145,1.022208132386311,1.2476582736601889
SB71883_component_1046a,339.21875,-73.735618,4.415999889373779,26.926828384399414,339.21779951499406,-73.73565903021985,3.731610734526583,0.9695638197157419,1.1834031477385656
SB71883_component_1050a,336.159608,-70.58143,4.760000228881836,23.919599533081055,336.1587663596495,-70.58161245848737,3.546975838138569,1.0994928876661938,1.341988343337533
SB71883_component_1053a,336.447516,-71.544349,4.085999965667725,25.22222137451172,336.44688235767853,-71.54451695857976,3.3739932546152995,0.9921968170578308,1.2110278999753388
SB71883_component_1056a,347.350843,-72.526101,4.448999881744385,27.128047943115234,347.3497864805458,-72.52608108823722,3.5797250330848334,1.0182546599855211,1.24283285465377
SB71883_component_1061a,343.852729,-70.548736,4.558000087738037,19.64655303955078,343.85180572646493,-70.54876140360766,3.2445300226548217,1.1509758542488941,1.4048259858629617
SB71883_component_1065a,349.001979,-75.218986,4.815000057220459,14.769938468933105,349.0005532313003,-75.21857322658335,3.5757360331844636,1.1032514997838954,1.3465759252179297
SB71883_component_1071a,338.909115,-72.396292,4.947000026702881,30.16463279724121,338.90836896630657,-72.3962482881907,3.524539144282068,1.149961379716796,1.403587766851306
SB71883_component_1072a,348.193044,-75.643428,3.6760001182556152,10.071232795715332,348.1929229439889,-75.64379184111853,2.5454777309777423,1.1831774817106169,1.4441297496024954
SB71883_component_1073a,335.379647,-74.42339,4.607999801635742,21.333332061767578,335.3786062797638,-74.42340964515036,3.2142356681103212,1.1745686808199167,1.433622259672337
SB71883_component_1081a,335.014965,-71.091534,4.480999946594238,21.54326820373535,335.01401119670356,-71.09157352967978,6.613441326871501,0.5551254198697975,0.6775594921190572
SB71883_component_1082a,344.466213,-71.047151,4.580999851226807,25.59217643737793,344.4663213086618,-71.04730004176369,3.088994491678417,1.2150295063001282,1.48300680482525
SB71883_component_1092a,342.882206,-73.512632,3.996999979019165,24.672840118408203,342.880388899608,-73.51266797613859,3.2070848271843526,1.021097892170366,1.246303167642845
SB71883_component_1096a,333.503181,-73.153836,4.01200008392334,23.73964500427246,333.5031225103938,-73.15359093865652,3.1705614367342414,1.036736625084034,1.2653910558048678
SB71883_component_1099a,343.441154,-71.892651,4.360000133514404,26.74846649169922,343.44072288713784,-71.89286276443734,3.5251637093079182,1.01332998276243,1.2368220295704753
SB71883_component_1106a,347.375961,-74.107146,4.418000221252441,23.25263214111328,347.3748612655425,-74.10729595677775,1.6434229543923302,2.2025210384420366,2.6882916594566098
SB71883_component_1109a,341.079414,-72.581139,4.315999984741211,25.388235092163086,341.0782409521318,-72.581056061755,3.6894484645583576,0.9584372115790254,1.1698225429089586
SB71883_component_1111a,336.747816,-73.440878,4.079999923706055,27.019868850708008,336.7467874830151,-73.44080517808311,3.318572193113525,1.007285462206838,1.2294443773658421
SB71883_component_1114a,344.202366,-73.530009,4.408999919891357,26.721210479736328,344.2018735978319,-73.53018021899257,3.7183577809353343,0.971477164299985,1.1857384844721144
SB71883_component_1121a,341.514668,-70.31491,3.8940000534057617,14.976923942565918,341.5132489588076,-70.31530354791587,3.413852513479258,0.9345335114303469,1.1406468317042662
SB71883_component_1122a,345.383504,-72.585054,4.218999862670898,24.529067993164062,345.3825987401193,-72.585268519989,2.2429289673711494,1.54112431381405,1.8810225040768123
SB71883_component_1127a,333.310898,-71.498483,3.88700008392334,11.92331314086914,333.31078747491387,-71.49880303492289,3.864713611272446,0.8240259984735435,1.0057666556678067
SB71883_component_1138a,346.006755,-72.626027,4.394999980926514,27.46875,346.00503158407093,-72.62629461448515,3.1034259364221612,1.1602756364983828,1.416176854535593
SB71883_component_1142a,342.787726,-70.849492,3.696000099182129,22.536584854125977,342.7872891905194,-70.84969350986376,3.3063812754604207,0.9158465678861649,1.1178384436826492
SB71883_component_1143a,333.041581,-72.897644,4.176000118255615,23.19999885559082,333.041767576614,-72.89750255998287,2.8401908809815786,1.2046382654040986,1.4703237540190879
SB71883_component_1145a,339.990942,-72.933128,3.760999917984009,22.1235294342041,339.99017285545017,-72.93335232327414,3.356754676072315,0.9179677042786695,1.1204274011423125
SB71883_component_1147a,348.419216,-74.952032,4.139999866485596,16.62650489807129,348.41726492099644,-74.95174092693154,3.780639161390472,0.8971783383458455,1.095052897077582
SB71883_component_1149a,337.166866,-70.258177,3.9170000553131104,19.014562606811523,337.16632519087835,-70.25824377140366,2.4435252061150017,1.3133498692623036,1.6030119294495877
SB71883_component_1158a,337.84959,-71.517779,4.071000099182129,24.975460052490234,337.8490352636182,-71.5180294003699,2.775254693141238,1.201826976490362,1.4668924294563648
SB71883_component_1159a,346.068072,-73.89886,3.753000020980835,20.620880126953125,346.0672382451819,-73.89927923807672,3.1800177640666023,0.9669248052619173,1.180182093128154
SB71883_component_1160a,338.677201,-73.172392,4.140999794006348,24.216373443603516,338.6762080065087,-73.17262644926694,3.7194616262908955,0.9121553449314797,1.1133331137860982
SB71883_component_1161a,340.302792,-75.266548,3.947000026702881,11.574780464172363,340.3031837237531,-75.2668124732203,3.134328616936722,1.0317305307948108,1.2592808569512433
SB71883_component_1168a,334.040844,-74.58089,3.986999988555908,12.498432159423828,334.0398847361171,-74.5809458251371,3.3871463721913453,0.9643972217987659,1.177097045846437
SB71883_component_1170a,340.872171,-73.067047,3.760999917984009,22.932926177978516,340.8712442648578,-73.06736196089182,3.5568778888216395,0.8663194183597989,1.0573879777553996
SB71883_component_1171a,346.710565,-73.784406,4.322000026702881,24.6971435546875,346.7099458364854,-73.78456544013014,4.032111266282526,0.8782050661258931,1.071895029991973
SB71883_component_1173a,341.764916,-71.446313,3.742000102996826,22.54216957092285,341.764042494715,-71.44670472512821,3.9201166238973717,0.7820751532468074,0.9545634637972933
SB71883_component_1175a,335.351786,-74.845246,3.5250000953674316,10.247093200683594,335.35206832210207,-74.84539783091968,2.549005002592942,1.1330057818603452,1.3828925764294975
SB71883_component_1178a,337.389287,-72.14208,3.3989999294281006,18.77900505065918,337.388244804323,-72.14222484346341,2.852064196073512,0.9764174667738402,1.1917683809879052
SB71883_component_1181a,338.428403,-73.900947,3.436000108718872,20.331361770629883,338.42753828701007,-73.90102316383991,3.752712015212037,0.7501560427666601,0.9156045267504307
SB71883_component_1185a,343.056506,-74.375443,4.210999965667725,23.010929107666016,343.055098019811,-74.37549407584879,3.856458312005243,0.8946234498275507,1.0919345225537083
SB71883_component_1187a,343.377801,-71.310215,3.7639999389648438,22.404762268066406,343.3767227917903,-71.31037186196836,2.9676390116898093,1.039159511305655,1.2683483146494887
SB71883_component_1190a,333.772001,-71.25579,4.107999801635742,11.013404846191406,333.77126296719564,-71.25583983108129,4.21058915245567,0.799339413530827,0.9756353927905561
SB71883_component_1192a,351.900516,-70.951143,4.013999938964844,10.848648071289062,351.8999797573425,-70.95127363533398,3.755684045342788,0.8756529057853054,1.0687799853511049
SB71883_component_1193a,351.735884,-71.137338,3.9149999618530273,13.785210609436035,351.73527961955494,-71.1373303165232,3.3538055190722886,0.9563955967149794,1.1673306456171535
SB71883_component_1195a,351.412806,-72.96351,4.103000164031982,17.0248966217041,351.41204656899265,-72.96341735014936,2.9765742301954186,1.129349847790049,1.3784303184545852
SB71883_component_1210a,332.603504,-72.321642,3.0799999237060547,15.477386474609375,332.60292775669086,-72.32176814905203,2.910594250890161,0.8669872673074871,1.0582031221851287
SB71883_component_1213a,346.092752,-72.580729,3.5280001163482666,22.615385055541992,346.0921450542722,-72.58084701903071,3.3793916918536047,0.8553300684839202,1.0439749037830977
SB71883_component_1215a,344.352482,-70.821733,4.020999908447266,21.73513412475586,344.35245733813855,-70.82203391054158,4.946230682567033,0.6660447002019282,0.8129422516865744
SB71883_component_1216a,350.643982,-73.450033,3.680999994277954,14.322957038879395,350.64378547698465,-73.44964594202952,3.58545694617674,0.8411336078034461,1.0266473840114283
SB71883_component_1219a,337.361213,-70.440569,3.444000005722046,19.133333206176758,337.3609538392947,-70.4408903642873,3.520170012205029,0.801573194408904,0.9783618387126507
SB71883_component_1220a,340.431933,-70.666921,3.556999921798706,22.093168258666992,340.43110973206313,-70.66707990586718,2.5659919765021075,1.135722533132419,1.386208512875989
SB71883_component_1221a,343.547484,-70.911652,3.944000005722046,23.4761905670166,343.546747801552,-70.91173496555152,2.8702976362360024,1.125780325198796,1.374073530191125
SB71883_component_1226a,337.349812,-74.285719,3.3389999866485596,19.189655303955078,337.3488172280573,-74.28585205128275,2.3253048012000472,1.1764682465284688,1.435940778570346
SB71883_component_1227a,334.379863,-73.787732,3.740000009536743,21.371429443359375,334.37865504951003,-73.78780820652956,3.051663446460736,1.0041038875445243,1.2255610997583393
SB71883_component_1228a,350.331926,-74.209436,3.13100004196167,11.182143211364746,350.3311856291583,-74.20879223324155,2.3312386014183635,1.1003732612334651,1.3430628851361326
SB71883_component_1229a,347.610311,-72.198837,3.8369998931884766,22.308137893676758,347.60985823668915,-72.1991183866588,2.3257334487844394,1.3516851078688503,1.6498020850987507
SB71883_component_1236a,342.138294,-70.607234,3.559999942779541,18.835979461669922,342.13753844198146,-70.60731309254642,3.5168261796045357,0.8293593939228483,1.0122763426368317
SB71883_component_1239a,350.867608,-71.071986,3.765000104904175,13.543166160583496,350.8675255624387,-71.07219366966024,3.3870192292597854,0.9107328697148335,1.1115969086856927
SB71883_component_1245a,340.614135,-72.884228,3.7239999771118164,21.280000686645508,340.6128216209872,-72.8842538309607,3.224474033016345,0.9462251053501045,1.1549170311128814
SB71883_component_1247a,340.404106,-75.058632,3.7130000591278076,15.535565376281738,340.4037685226155,-75.05924162959768,2.49339678887452,1.2200489097016385,1.489133248143709
SB71883_component_1251a,341.760917,-73.713578,3.7009999752044678,23.72435760498047,341.7606750316841,-73.71401321764354,3.146019525227923,0.9638320182728982,1.1764071855009666
SB71883_component_1255a,346.332602,-70.828511,3.2330000400543213,14.117903709411621,346.332642535421,-70.82826348940003,2.908007620392934,0.9108646559644622,1.111757760668273
SB71883_component_1258a,331.323887,-73.770352,3.385999917984009,15.896713256835938,331.3231226564838,-73.77018070216289,2.9880516338711405,0.9284158074041207,1.133179855261507
SB71883_component_1260a,343.955269,-71.356657,3.6459999084472656,20.71590805053711,343.9550131792992,-71.35684567851807,3.572010850147871,0.8362720170296132,1.020713559225704
SB71883_component_1261a,348.850816,-74.043699,3.7200000286102295,18.600000381469727,348.84931680872967,-74.04359700117628,3.4354737230256025,0.8871559976944777,1.0828201082364985
SB71883_component_1265a,340.115595,-73.677087,3.634000062942505,22.8553466796875,340.1150910715418,-73.67754333350727,4.019606848193841,0.7407045865656664,0.9040685321191042
SB71883_component_1266a,334.436373,-70.959549,3.8499999046325684,15.217391014099121,334.43549803855365,-70.95951426102762,2.233189024293427,1.4124689672309272,1.7239919517563875
SB71883_component_1267a,334.425738,-70.933929,3.9739999771118164,15.523436546325684,334.4247565026758,-70.9339157039952,2.28158545809899,1.4270355784521522,1.7417712595446417
SB71883_component_1271a,335.508038,-73.547971,3.4010000228881836,21.52531623840332,335.5073207412622,-73.54820110315548,2.1657368459667756,1.286603209391194,1.570366237810389
SB71883_component_1273a,344.116379,-72.017029,3.5409998893737793,20.952661514282227,344.11628437327244,-72.01713901689351,2.096169056342852,1.384022939510821,1.6892720931353207
SB71883_component_1277a,349.919307,-73.226755,3.611999988555908,18.61855697631836,349.9184164083738,-73.22669524115634,3.0128329863006296,0.9822371671539769,1.1988716284572343
SB71883_component_1279a,345.625671,-73.368371,3.1500000953674316,18.421052932739258,345.62510244289376,-73.36884171946338,2.5540621224669255,1.0104685276178333,1.2333294745097663
SB71883_component_1280a,345.856358,-71.981986,3.368000030517578,18.711111068725586,345.85604502725937,-71.98241762812259,2.026605805468944,1.3615904140437953,1.6618920272648898
SB71883_component_1284a,344.035798,-72.102975,3.384999990463257,19.342857360839844,344.035338967313,-72.10293419203497,2.443432438478674,1.135016088255408,1.3853462601040119
SB71883_component_1286a,345.253548,-70.672662,3.635999917984009,15.538461685180664,345.2533886200405,-70.67280655361672,2.9074243948690746,1.0246112393772384,1.2505913909234234
SB71883_component_1292a,334.459312,-70.704062,3.1670000553131104,11.270462989807129,334.4591493993806,-70.70426699451366,3.060093559121168,0.8479242325993567,1.03493569530686
SB71883_component_1295a,332.950534,-72.525512,3.305999994277954,16.126829147338867,332.9502087042242,-72.52583380252433,2.0937071935331586,1.2936910813186047,1.5790173547137867
SB71883_component_1296a,342.41242,-70.497321,3.48799991607666,16.688993453979492,342.4112728857271,-70.497749353348,2.3263342768459427,1.2284232480275243,1.4993545643000672
SB71883_component_1297a,338.532074,-72.553713,3.203000068664551,18.95266342163086,338.53099391840334,-72.55370424363424,2.984528396368391,0.8792753810743498,1.0732014051405905
SB71883_component_1299a,332.966671,-72.035368,3.816999912261963,20.632431030273438,332.96660727191505,-72.0354521858549,4.46581767396041,0.7002689057514143,0.8547146773408111
SB71883_component_1300a,338.273005,-74.565588,3.315000057220459,18.94285774230957,338.2715336253571,-74.56588496267496,2.7568740832585332,0.9851679855655263,1.2024488449984772
SB71883_component_1306a,340.89174,-75.126317,3.1679999828338623,12.184616088867188,340.8922444757959,-75.12657945896633,3.18853254848741,0.8140254757689638,0.993560496767302
SB71883_component_1307a,338.065914,-73.655793,3.697000026702881,20.538888931274414,338.0652194591511,-73.65568080963442,2.823820679101951,1.0726450187354086,1.3092191207688952
SB71883_component_1312a,337.753391,-71.260986,3.6010000705718994,22.7911376953125,337.7525860504987,-71.2611177996467,2.108908088436106,1.3989724378601005,1.7075187346084284
SB71883_component_1315a,346.430773,-73.29041,3.328000068664551,21.47096824645996,346.42989348179333,-73.29055168857863,2.413208386484025,1.1298796363852504,1.3790769530323699
SB71883_component_1319a,334.857603,-74.035982,3.2039999961853027,18.84705924987793,334.8558399368351,-74.035760828864,2.576647876178571,1.0187816539854397,1.2434760782824381
SB71883_component_1320a,350.549181,-73.025116,3.489000082015991,20.051725387573242,350.54953905918006,-73.02527212821951,3.173791067203087,0.9006713060680023,1.099316246135472
SB71883_component_1324a,339.438455,-75.093916,3.674999952316284,13.815789222717285,339.43813280715693,-75.09423557932652,2.821009316619484,1.0673245481418332,1.3027252092595594
SB71883_component_1325a,343.652454,-71.401948,3.4560000896453857,19.093923568725586,343.6522409243926,-71.40213858633857,3.4481456540993998,0.8211676334997252,1.0022778723215036
SB71883_component_1327a,349.45662,-74.449432,3.2200000286102295,16.180904388427734,349.45538722380763,-74.44921105810451,2.659924056262226,0.991814193829891,1.2105608883943222
SB71883_component_1329a,343.295472,-71.635995,3.2669999599456787,21.49342155456543,343.2950007969784,-71.63599103128216,2.616977270584334,1.022805039887267,1.2483868303587535
SB71883_component_1332a,340.487784,-71.356681,3.4590001106262207,19.994220733642578,340.48698865851156,-71.3569192189149,1.9870571811199893,1.4262113616882492,1.7407652600498302
SB71883_component_1334a,349.481631,-72.813205,3.255000114440918,18.184358596801758,349.48082661949974,-72.81335424137872,2.9330786029157356,0.9092242018731242,1.1097555009965177
SB71883_component_1337a,334.743066,-70.416822,3.0309998989105225,11.437736511230469,334.74286223839124,-70.41703412435362,2.407649387946337,1.0314219258118646,1.2589041884939431
SB71883_component_1338a,349.161352,-72.604202,3.119999885559082,15.678391456604004,349.16080447031277,-72.60420132986862,2.587845426616467,0.9877793136555064,1.2056361069595998
SB71883_component_1344a,332.752643,-73.839148,3.6519999504089355,17.814634323120117,332.7511192202203,-73.83924122949456,2.5442513277219727,1.176019258985944,1.4353927658863794
SB71883_component_1345a,346.768626,-73.723347,3.1429998874664307,18.48823356628418,346.7682643619135,-73.7238305097506,2.762294536305159,0.9322192396822935,1.1378221424824966
SB71883_component_1352a,338.630281,-73.012045,3.2139999866485596,20.341772079467773,338.6286671629452,-73.0123431459159,2.124508510117594,1.2394558922091234,1.512820481227755
SB71883_component_1355a,336.425286,-69.994946,3.0889999866485596,10.506802558898926,336.42375011231263,-69.99506705242017,1.7579028238218821,1.4396824929224528,1.7572074774490205
SB71883_component_1356a,337.458071,-71.288693,2.88700008392334,16.038888931274414,337.4576002529506,-71.28875775812408,2.055352359535668,1.150811495548363,1.4046253775073159
SB71883_component_1357a,347.302843,-70.927303,3.0989999771118164,13.473912239074707,347.3026964072515,-70.9274422282954,2.6414699963880315,0.9612128583968699,1.1732103644370049
SB71883_component_1358a,349.602461,-72.096404,3.4149999618530273,18.360214233398438,349.6026225279406,-72.09663763904969,2.0507209571208396,1.364356343153506,1.665267987823951
SB71883_component_1359a,335.048744,-73.294144,3.0880000591278076,17.545454025268555,335.0481132673726,-73.29447327322453,2.178865590124093,1.1611559194819243,1.4172512857720316
SB71883_component_1363a,346.466011,-73.405112,2.9140000343322754,16.65142822265625,346.4653692487669,-73.40528500652894,1.8875086672662764,1.2648653012877085,1.5438339886156343
SB71883_component_1365a,337.517475,-73.586845,3.171999931335449,18.549707412719727,337.51687543386316,-73.58706613770785,2.312130718295514,1.1239952254899983,1.3718947230084917
SB71883_component_1366a,343.143373,-70.56531,3.2070000171661377,16.27918815612793,343.1428679653318,-70.56562439329194,2.504781036829972,1.048993691542396,1.280351443903012
SB71883_component_1374a,346.312534,-73.709557,3.115999937057495,19.354036331176758,346.31102673367167,-73.71000651471844,2.1854985554616264,1.1681284390164643,1.4257616090710825
SB71883_component_1375a,340.850691,-72.167003,3.3580000400543213,21.119497299194336,340.84948554369805,-72.16743553132596,3.0538580987434676,0.9008977964698567,1.0995926894690997
SB71883_component_1377a,343.543421,-72.841533,3.438999891281128,20.842422485351562,343.5426950195006,-72.84191173942216,2.3622797192644125,1.1927365324092278,1.4557970689228936
SB71883_component_1379a,332.596607,-72.944096,3.0850000381469727,14.760765075683594,332.595874053225,-72.9441904954681,3.4018440886482915,0.742992533039334,0.90686108997217
SB71883_component_1380a,337.14557,-72.362516,3.114000082015991,17.69318199157715,337.1448297434653,-72.36269269305107,1.8536737488778057,1.3763503602692657,1.6799073104968842
SB71883_component_1381a,332.947605,-72.081309,3.25600004196167,18.930233001708984,332.946933220457,-72.08151523137649,1.6899935239506,1.5784943882615823,1.926634626593306
SB71883_component_1382a,344.182474,-74.138851,3.2799999713897705,16.99481773376465,344.1821698125085,-74.13944575682713,2.858469874387455,0.9401213190608624,1.1474670419931035
SB71883_component_1384a,337.775949,-73.842252,2.885999917984009,17.490907669067383,337.7746895574264,-73.84221454938199,3.5666199354592396,0.6629536446887313,0.8091694574158225
SB71883_component_1385a,346.008265,-74.362263,3.2170000076293945,19.035503387451172,346.0076589416025,-74.36240861786898,2.216773891226757,1.1889767028758536,1.4512080011232515
SB71883_component_1388a,342.822126,-73.961128,3.4189999103546143,20.111764907836914,342.821127845527,-73.9615580756503,2.880312502789699,0.9725303440019812,1.1870239451598306
SB71883_component_1393a,342.282268,-71.885211,2.6689999103546143,10.425780296325684,342.2815055039937,-71.88522529327228,2.102848682584329,1.0398823748428945,1.2692306072515427
SB71883_component_1398a,343.140943,-75.162215,2.8970000743865967,14.932990074157715,343.14110336907174,-75.16238964945218,2.356302733677037,1.0073052561181741,1.2294685368657174
SB71883_component_1399a,340.613921,-71.868901,2.7790000438690186,15.789772987365723,340.61324766098943,-71.8691354604188,2.5045806430711766,0.9090697671575995,1.1095670053815245
SB71883_component_1402a,347.796091,-72.84889,3.0810000896453857,18.33928680419922,347.79498650231704,-72.84896967907379,3.6318477952792056,0.6950367238476175,0.8483285267764168
SB71883_component_1406a,338.328764,-72.063454,3.4690001010894775,21.817611694335938,338.32811522484485,-72.06374104306978,2.8513238201765985,0.9967849017387042,1.2166278963273358
SB71883_component_1408a,338.997119,-73.873911,2.7929999828338623,16.526626586914062,338.9961727336134,-73.8741857274261,4.356189976569972,0.5253004858603461,0.6411566065429147
SB71883_component_1409a,348.594973,-74.317672,3.122999906539917,16.181346893310547,348.5929861278367,-74.31769892728778,2.4087923822259336,1.0622244239595702,1.2965002420233467
SB71883_component_1414a,338.500583,-74.362487,3.009000062942505,18.689441680908203,338.4994131905994,-74.36251044506183,2.3654234561676297,1.0422141820857027,1.2720766994581063
SB71883_component_1424a,336.479989,-72.413229,2.9609999656677246,17.520709991455078,336.4796607557333,-72.41349627371446,2.674783242409359,0.9069711850868812,1.107005576646484
SB71883_component_1430a,339.346171,-72.746899,2.9660000801086426,16.296703338623047,339.34496493136913,-72.7472501560304,2.964083375266183,0.8198311653800419,1.000646643363157
SB71883_component_1436a,342.677583,-71.126538,2.9519999027252197,17.999998092651367,342.6772085754366,-71.12677923075326,2.514911048453005,0.9616950725995346,1.1737989319904898
SB71883_component_1442a,335.437232,-72.278796,3.193000078201294,18.893491744995117,335.43591379615225,-72.2787679692451,2.687057284028938,0.9735666421071577,1.1882888009792452
SB71883_component_1446a,334.790144,-73.699186,3.305999994277954,19.91566276550293,334.7897816198045,-73.69931140945096,2.481725927733441,1.091422019207506,1.3321374279622094
SB71883_component_1448a,337.539531,-74.01446,3.063999891281128,18.130176544189453,337.5385712412872,-74.0143613119443,1.8793559155565718,1.3357444891419235,1.6303457295760413
SB71883_component_1450a,342.859772,-72.639449,2.9170000553131104,17.26035499572754,342.8585391875189,-72.63949723780203,2.6744114139814634,0.8936179855908557,1.0907073010769495
SB71883_component_1451a,341.207666,-72.952611,2.627000093460083,15.73054027557373,341.20710288684336,-72.9528800633616,1.8134949741159176,1.186826986121759,1.4485841598434817
SB71883_component_1458a,336.012578,-73.597742,2.8889999389648438,19.132450103759766,336.0112019060134,-73.5980735491469,2.5958722127038407,0.9118174597143088,1.1129207072776834
SB71883_component_1459a,345.4658,-71.159659,2.7890000343322754,16.121387481689453,345.4654958611464,-71.1598238231878,2.5859397414018135,0.8836368115321411,1.0785247582066182
SB71883_component_1460a,347.34038,-73.674342,3.059999942779541,18.0,347.34120380431693,-73.67451999933299,1.6792238853766186,1.4929886156860197,1.8222703770636517
SB71883_component_1461a,347.644291,-73.798059,2.7230000495910645,15.5600004196167,347.6437383010202,-73.79802757358084,2.2808838795794735,0.9781110252866869,1.1938354573723866
SB71883_component_1463a,339.7971,-73.718671,3.2209999561309814,18.947057723999023,339.7954232965322,-73.7189144519558,2.2364125919688775,1.1800012595951337,1.4402530050572195
SB71883_component_1464a,335.084159,-72.653924,3.071000099182129,19.193750381469727,335.0844744524043,-72.65334814547154,1.8760192559122035,1.3411773782877412,1.63697685378441
SB71883_component_1470a,345.427948,-71.256061,2.9130001068115234,18.320756912231445,345.42799945868785,-71.25594705126821,2.6191811347236746,0.9112103571139498,1.1121797069292219
SB71883_component_1473a,335.707286,-72.605454,2.869999885559082,18.636362075805664,335.7061636322842,-72.60542176651519,2.4019822510107036,0.9789393056354161,1.194846416684156
SB71883_component_1478a,337.530751,-71.104779,2.999000072479248,18.066267013549805,337.5306875103291,-71.10519196165498,2.652172221749378,0.9264424258063382,1.1307712402255317
SB71883_component_1481a,335.770972,-73.028973,2.99399995803833,18.25609588623047,335.77074616155096,-73.02890486147137,2.442389141851202,1.0043396542063352,1.2258488652504558
SB71883_component_1482a,349.70405,-72.446936,3.174999952316284,17.54143714904785,349.7029340041659,-72.44701468101911,2.608603328857325,0.9971933182001933,1.2171263898935007
SB71883_component_1491a,340.490425,-71.641182,2.885999917984009,18.150943756103516,340.48989595777647,-71.64148959824412,1.6635452556502077,1.4213642083984115,1.7348490569653883
SB71883_component_1493a,339.710641,-70.6065,2.8350000381469727,15.662983894348145,339.7099046548672,-70.60659810285073,2.2645144500340693,1.0257030658373547,1.2519240219925825
SB71883_component_1495a,336.404627,-73.672176,2.436000108718872,13.920001029968262,336.4036451744481,-73.67245730052167,1.6946051621122422,1.1777482271443678,1.43750306158782
SB71883_component_1499a,340.510645,-71.099861,2.931999921798706,18.098764419555664,340.50960583342453,-71.09987847033418,2.583348571342183,0.9298751156567754,1.1349610170010394
SB71883_component_1502a,350.256288,-71.717749,2.7300000190734863,14.072164535522461,350.25613501181857,-71.71799745862599,2.419928463561159,0.9242805265854266,1.1281325296104114
SB71883_component_1503a,334.65299,-73.40181,2.7699999809265137,16.58682632446289,334.6526128530263,-73.40190622251036,1.4982202355687833,1.5147738124544847,1.8488603445373388
SB71883_component_1504a,345.776277,-74.41354,2.9110000133514404,16.172222137451172,345.77457846630034,-74.41360616420417,2.5515878126398017,0.9347067288815318,1.1408582526265483
SB71883_component_1506a,339.756344,-73.293187,2.802000045776367,16.011428833007812,339.7554991361747,-73.293399520884,2.2129994490178593,1.0373624250589735,1.2661548772729743
SB71883_component_1509a,334.501327,-72.215071,2.569000005722046,14.351954460144043,334.50154572636393,-72.21519522771888,2.4360168235484077,0.8640273756776,1.0545904202664451
SB71883_component_1510a,335.154683,-72.444775,2.7279999256134033,16.634145736694336,335.15382252380005,-72.44473573250599,2.3050817322586856,0.9696203149803952,1.1834721031519833
SB71883_component_1526a,339.572881,-70.362742,2.6059999465942383,13.572916030883789,339.57264501317655,-70.36310326499363,1.772057374692758,1.2048703139526873,1.4706069813603357
SB71883_component_1527a,333.310565,-71.654514,2.743000030517578,10.972000122070312,333.3101008140265,-71.65479056807688,2.403409565993011,0.9350647986006626,1.1412952953710407
SB71883_component_1534a,339.956065,-72.071815,2.9110000133514404,18.541400909423828,339.95605385683336,-72.07187859883753,1.7472026328050658,1.3650313094924367,1.6660918194004455
SB71883_component_1538a,338.726001,-72.72302,2.61899995803833,15.969511032104492,338.72516217281407,-72.7233109550775,1.94511516658521,1.103148178282959,1.3464498159438927
SB71883_component_1539a,347.656493,-71.831869,2.8529999256134033,15.84999942779541,347.65688501890946,-71.83196700504328,2.6014186401491646,0.8985354031108825,1.0967092653144874
SB71883_component_1540a,342.800131,-71.635199,3.0840001106262207,18.80487823486328,342.799839063905,-71.63517823000304,2.6232756094015848,0.9631948337364481,1.1756294685825006
SB71883_component_1544a,336.703769,-72.648027,2.562999963760376,15.255952835083008,336.703172135956,-72.64819840638336,2.9312499253121387,0.7163733676979559,0.8743710120478556
SB71883_component_1545a,335.021128,-74.47584,2.76200008392334,12.061135292053223,335.0212109752893,-74.47591897711081,2.354811217092287,0.960973191877335,1.1729178389653878
SB71883_component_1546a,336.226373,-74.439412,2.7360000610351562,15.284915924072266,336.22567381550124,-74.43905907468445,2.0675818483802657,1.0841692187190612,1.3232850071587379
SB71883_component_1547a,336.420055,-73.236928,2.8589999675750732,17.53987693786621,336.4197570202477,-73.23679560679366,1.9535405481782064,1.1990447760440812,1.4634966088834256
SB71883_component_1549a,345.760856,-71.331356,2.5950000286102295,15.17543888092041,345.76098692070565,-71.33148198416903,2.350403649329332,0.9045625325357439,1.104065690738138
SB71883_component_1560a,343.595688,-71.783044,2.496999979019165,16.320261001586914,343.5947781193349,-71.78330172354656,2.451260991582927,0.8345890175276488,1.018659370664036
SB71883_component_1563a,342.485743,-73.946238,2.890000104904175,17.73006248474121,342.48448122222885,-73.94655015253392,1.9550960529850447,1.2110816961853885,1.478188296933911
SB71883_component_1565a,334.832135,-72.96136,2.4189999103546143,15.506409645080566,334.83165435604064,-72.96103900352713,3.1220120871571413,0.6348117445595737,0.7748208023618898
SB71883_component_1572a,344.925874,-73.188441,2.3469998836517334,15.240259170532227,344.9247007526894,-73.18855577765228,1.740586081812447,1.1047429593910365,1.3483963293604166
SB71883_component_1573a,337.195764,-71.360222,2.86299991607666,17.45731544494629,337.19529222893664,-71.36058531614128,2.6375565756813297,0.8893305925629554,1.0854743145508052
SB71883_component_1582a,336.297846,-71.58196,2.489000082015991,14.815476417541504,336.2970794464511,-71.58226792481437,2.279598407274054,0.8945615901426762,1.0918590195859716
SB71883_component_1583a,338.727842,-71.905445,2.4719998836517334,15.259258270263672,338.72773579616785,-71.90557518904497,1.5352794214219252,1.3191819430621463,1.6101302793222152
SB71883_component_1584a,341.500612,-73.720188,2.628000020980835,15.279068946838379,341.49989708558695,-73.72043560854846,2.7009555633760574,0.7971712106854866,0.9729889882734569
SB71883_component_1600a,347.840374,-73.536011,2.5910000801086426,16.60897445678711,347.8396341075015,-73.53640572567569,2.200396918018845,0.9647395416933534,1.1775148651096468
SB71883_component_1618a,337.382392,-72.009978,2.4509999752044678,15.129629135131836,337.38167970623056,-72.01010311603979,1.7475493235271373,1.1490992611811532,1.4025355062697358
SB71883_component_1620a,338.648611,-74.141796,2.510999917984009,14.946428298950195,338.64740779671286,-74.14172692912541,2.313268321329756,0.8893329203827423,1.0854771557761138
SB71883_component_1622a,338.60158,-74.844401,2.628000020980835,12.819512367248535,338.6003073119274,-74.84421529018186,1.9411879650195485,1.1091785315300517,1.3538101762105093
SB71883_component_1623a,338.916568,-70.144667,2.628000020980835,12.280373573303223,338.9158440533175,-70.14486798900214,3.0461750313971305,0.7068287259503471,0.8627212796027354
SB71883_component_1628a,345.715127,-70.959093,2.371000051498413,13.395480155944824,345.71476754278154,-70.95959951945895,1.7739717470177334,1.095036374028574,1.3365489362975247
SB71883_component_1630a,341.657819,-72.999721,2.4200000762939453,15.316455841064453,341.6570787050628,-72.99966875532289,1.8943266735748137,1.04665652686324,1.27749881266631
SB71883_component_1638a,330.747791,-73.489865,2.436000108718872,12.492308616638184,330.7454833087674,-73.49011983200546,2.3303369798938065,0.8564504801697549,1.0453424246092857
SB71883_component_1646a,337.579623,-72.700977,2.4649999141693115,15.122698783874512,337.57889431743627,-72.70116046579358,2.4235396283805,0.8333174263217002,1.0171073273584212
SB71883_component_1652a,342.196701,-72.345683,2.617000102996826,14.785311698913574,342.1964010827496,-72.34600694566781,2.025544526478918,1.0585359840604154,1.2919983089910436
SB71883_component_1654a,339.864253,-73.85418,2.368000030517578,14.09523868560791,339.86323334629964,-73.85446155559093,1.9147980904441304,1.0132168388234841,1.2366839314991844
SB71883_component_1658a,345.537244,-74.022634,2.75,14.784945487976074,345.5362192034265,-74.02269068632684,2.2202187878827844,1.014800333489983,1.2386166692258371
SB71883_component_1669a,331.780531,-73.361181,2.6440000534057617,14.527473449707031,331.77915989911344,-73.36078794497503,2.497923310580228,0.8672135192333783,1.058479274446421
SB71883_component_1684a,338.089514,-70.453658,2.555999994277954,13.668448448181152,338.0888498897795,-70.4540501599946,1.3913056492558777,1.5051576173044683,1.8371232774372752
SB71883_component_1704a,339.660192,-72.697837,2.3010001182556152,13.377906799316406,339.6599661370487,-72.69800618236594,1.8121358169390074,1.0403262993228861,1.2697724402039463
SB71883_component_1712a,342.906606,-72.93171,2.25,14.0625,342.90507775881457,-72.9319045172472,1.8621358151435028,0.9899536148648902,1.2082899548476849
SB71883_component_1714a,330.025358,-73.423458,2.2119998931884766,10.146788597106934,330.02364906373145,-73.42369515411599,2.013379279472446,0.9001257539962475,1.0986503714134148
SB71883_component_1721a,347.622954,-71.495945,2.328000068664551,13.456647872924805,347.6227335514857,-71.49614813533051,1.6205489669041635,1.1769676101174118,1.436550277843116
SB71883_component_1724a,348.348614,-74.006326,2.5239999294281006,12.94359016418457,348.34696919534076,-74.00603529046336,2.1323326479867704,0.9697908067816144,1.1836801972764994
SB71883_component_1726a,334.501331,-72.8728,2.2130000591278076,13.660493850708008,334.5000058306025,-72.87302882878991,2.0792207918021193,0.8720160872227467,1.0643410588491364
SB71883_component_1730a,349.883555,-72.055189,2.431999921798706,12.536081314086914,349.88392833894403,-72.05532778021312,1.679699061123258,1.1862487232877466,1.4478783599321445
SB71883_component_1732a,346.405572,-71.501227,2.4100000858306885,14.695121765136719,346.405139729076,-71.50142073353732,1.721298696307518,1.1471085031676858,1.4001056824132578
SB71883_component_1733a,337.720441,-73.990369,2.440999984741211,14.704819679260254,337.7202520214755,-73.99055891183339,2.7734969873043327,0.7210805130904605,0.8801163282004181
SB71883_component_1739a,349.935564,-71.470938,2.3380000591278076,11.928571701049805,349.9353072733896,-71.47080265631764,1.7750952280587933,1.0791120500237141,1.3171124693319103
SB71883_component_1743a,344.649541,-71.15405,2.3889999389648438,14.391566276550293,344.6495161653035,-71.15398001183794,2.0929880303772945,0.9351754016406176,1.1414302921427546
SB71883_component_1754a,350.114056,-71.59971,2.0139999389648438,10.489583015441895,350.1137099904986,-71.59990373232161,1.812166123174461,0.9105527838979035,1.1113771045652374
SB71883_component_1757a,342.439289,-72.861583,2.3949999809265137,14.875776290893555,342.4383549544768,-72.86202508588201,1.9081920980426743,1.0283172048278677,1.2551147148042285
SB71883_component_1759a,339.796872,-70.27651,2.0339999198913574,10.9354829788208,339.79542951911776,-70.27673895093793,1.6942984882825918,0.9835686755501809,1.2004968038147166
SB71883_component_1777a,344.882118,-71.358917,1.7510000467300415,11.012578964233398,344.8818988737257,-71.35908610674964,2.6744410752217735,0.5364099249462115,0.6547162556516011
SB71883_component_1778a,332.895338,-74.126911,2.369999885559082,12.03045654296875,332.8953171056472,-74.12689321389301,1.7166802877220457,1.1311041234918173,1.3805715033309789
SB71883_component_1786a,340.515484,-70.401705,2.196000099182129,12.337079048156738,340.51380676551025,-70.40201370884316,2.073200993854635,0.8678299374764814,1.059231645022115
SB71883_component_1796a,336.304099,-71.804438,2.2669999599456787,13.028736114501953,336.30383231537314,-71.80472629025942,1.4917401856947874,1.24509360936203,1.5197016086885191
SB71883_component_1807a,351.217467,-71.509452,2.1510000228881836,10.441747665405273,351.21720282880887,-71.50912247110699,1.746230408276081,1.009212333253147,1.2317962238509526
SB71883_component_1809a,339.203457,-71.402313,2.117000102996826,13.067901611328125,339.2027238721362,-71.40247648169827,2.017256430169504,0.8598118998958011,1.0494452124854254
SB71883_component_1817a,340.68746,-70.445732,2.1410000324249268,12.594118118286133,340.6875264032649,-70.44584471960609,1.852884357952817,0.9466992644859732,1.1554957670377433
SB71883_component_1831a,334.481607,-70.615373,2.322999954223633,10.144104957580566,334.48142858581485,-70.61575785061154,2.431955824756808,0.7825952365874981,0.955198252606389
SB71883_component_1837a,344.594006,-71.211184,1.9919999837875366,11.928143501281738,344.5941111831841,-71.21143304585534,1.3908304563019078,1.1734344093052331,1.432237822203063
SB71883_component_1838a,339.861892,-71.593381,1.9670000076293945,11.570588111877441,339.8616372650742,-71.59350536549347,1.6808903464324139,0.9587572465085534,1.1702131622114618
SB71883_component_1847a,349.942213,-72.772929,2.0169999599456787,10.728723526000977,349.94167020592937,-72.77281958555668,2.2025703197180495,0.7502738118490149,0.9157482700501813
SB71883_component_1855a,339.779109,-71.637373,1.902999997138977,10.572221755981445,339.77827182014744,-71.63809584759007,1.8428962202021348,0.8460218686698263,1.0326137610343842
SB71883_component_1865a,340.395349,-72.964354,2.1080000400543213,12.255813598632812,340.3944772974743,-72.9645597901247,2.4453117147356895,0.7062851371865194,0.8620578012002744
SB71883_component_1869a,335.549214,-71.36791,2.0899999141693115,11.942856788635254,335.5484444172375,-71.36754683264425,1.6939580696991092,1.0108513444017708,1.2337967223359605
SB71883_component_1870a,330.800564,-73.68114,2.1029999256134033,10.410890579223633,330.79931411622715,-73.68061690721376,1.9313690286261735,0.8921084959729141,1.0888648903670755
SB71883_component_1877a,342.57974,-74.892659,2.1470000743865967,10.223810195922852,342.5767388420602,-74.89254515454704,2.343938827466574,0.7504633145010507,0.9159795679084182
SB71883_component_1885a,337.324754,-70.783651,1.996999979019165,12.103029251098633,337.3241627025579,-70.78371284116511,1.4137962759208602,1.1572705670128278,1.4125090106906963
SB71883_component_1886a,338.1299,-71.053826,1.9859999418258667,11.682352066040039,338.12923246868166,-71.05426904411428,1.5301587450395682,1.0633749456469013,1.2979045136748286
SB71883_component_1887a,338.530986,-70.165022,2.1440000534057617,10.828283309936523,338.52961965130817,-70.16560994793113,1.5517111284846605,1.1320291179875035,1.3817005072970683
SB71883_component_1898a,342.712708,-71.498664,1.7410000562667847,11.232258796691895,342.71265240895764,-71.49931919881928,2.497234276919266,0.5711933973251676,0.6971712956041048
SB71883_component_1899a,335.517685,-71.533156,2.055000066757202,12.088235855102539,335.5167442432457,-71.53363582311076,1.6628938332479404,1.0124905965325446,1.2357975149522358
SB71883_component_1914a,345.935433,-75.207493,2.2179999351501465,11.92473030090332,345.93535143450003,-75.207269413055,2.3855615638964838,0.7617537153994767,0.9297600903358585
SB71883_component_1922a,339.412523,-72.779757,1.7979999780654907,10.215909004211426,339.4117220195225,-72.77984479303454,1.5454198273295614,0.953206254051938,1.1634378867601176
SB71883_component_1932a,339.711415,-72.26212,1.9800000190734863,12.147238731384277,339.71034451515703,-72.26226118085961,1.884187581046209,0.8609634962716357,1.0508507958502076
SB71883_component_1934a,335.680258,-71.497335,1.8370000123977661,10.934523582458496,335.67933245022687,-71.49711903624319,1.4708486868421662,1.0232572796594412,1.2489388125584198
SB71883_component_1940a,346.279179,-71.307542,1.9500000476837158,11.746988296508789,346.27965861418727,-71.30776719200736,2.1114168793574066,0.756666163551823,0.923550468288945
SB71883_component_1941a,336.985937,-71.3431,1.8940000534057617,11.98734188079834,336.9856690545055,-71.34363933273724,1.6540614530754885,0.9381494471489393,1.1450602696073608
SB71883_component_1966a,336.938959,-73.214112,2.1470000743865967,13.253087043762207,336.93937365298126,-73.21442791330287,1.6769439300567268,1.0489558236981529,1.2803052242265303
SB71883_component_1973a,343.568096,-71.41086,1.815000057220459,10.739645004272461,343.5679577372796,-71.41114945173172,1.6673748798543078,0.891840251792141,1.0885374843712714
SB71883_component_1975a,340.458185,-70.435498,2.009999990463257,11.823529243469238,340.4586484713535,-70.43545338476055,1.4679819641404783,1.1218092492168787,1.3692266250969485
SB71883_component_1992a,342.442208,-74.231424,1.9839999675750732,12.399999618530273,342.44133916963153,-74.23178963398024,1.5018573412335978,1.0823224324086715,1.3210309082655296
SB71883_component_2005a,333.741833,-73.092544,1.9880000352859497,11.625730514526367,333.74134813223964,-73.09262514625279,1.541197501964113,1.0568218217152647,1.2899060845559562
SB71883_component_2042a,336.337836,-71.934156,1.7890000343322754,10.975460052490234,336.3365273431712,-71.93404450414906,1.7822096401124552,0.8224229884802381,1.0038100984682092
SB71883_component_2052a,339.298003,-70.480958,1.8980000019073486,11.230769157409668,339.2970983045898,-70.48135046750834,1.5834224828093924,0.9820714420321632,1.1986693523132348
SB71883_component_2078a,340.874265,-72.548469,1.6720000505447388,10.07228946685791,340.8731505851702,-72.54881181025435,2.2390388230102904,0.611812496184885,0.7467490216613606
SB71883_component_2089a,336.83585,-70.897538,1.9450000524520874,10.926966667175293,336.8353908340155,-70.89789040777215,1.5013905298836172,1.0613768870276914,1.2954657790487445
SB71883_component_2129a,341.951662,-72.414139,1.8480000495910645,11.622642517089844,341.9504289057218,-72.41445309091371,1.557334240327266,0.9722183796001167,1.1866431763567442
SB71883_component_2175a,345.879186,-71.699319,1.809999942779541,10.969696044921875,345.87906878607754,-71.6995809160632,1.8672819447383235,0.7941679274789089,0.9693233246751015
SB71883_component_2223a,347.389348,-73.718756,1.7719999551773071,10.61077880859375,347.3889005901419,-73.71855822593531,2.0104605912751037,0.7221240727051703,0.8813900470704792
SB71883_component_2225a,336.870925,-74.236251,1.6820000410079956,11.36486530303955,336.8701839689708,-74.23682132273316,1.5391111269853173,0.8953641573252963,1.0928385946390742
SB71883_component_2310a,344.555584,-73.370405,1.5789999961853027,10.121794700622559,344.55458541926384,-73.37105299987037,1.4079719525807226,0.9188228906699575,1.1214712006805936
