Component_ID,RA,DEC,RA_comp,DEC_comp
SB66910_component_6a,265.948651,37.79803,265.948526,37.798286
