Component_ID,RA,DEC,RA_comp,DEC_comp
SB67301_component_22a,192.528628,1.967783,192.528507,1.967818
