Component_ID,RA,DEC,RA_comp,DEC_comp
SB66880_component_8a,114.056946,29.906149,114.056921,29.906162
SB66880_component_36a,116.497178,33.226346,116.497183,33.226148
