Component_ID,RA,DEC,RA_comp,DEC_comp
SB67367_component_3a,104.824976,8.22549,104.824983,8.225265
SB67367_component_253a,109.304844,10.017891,109.304812,10.017854
