Component_ID,RA,DEC,RA_comp,DEC_comp
SB67375_component_5a,156.001722,-32.570931,156.001766,-32.571127
SB67375_component_15a,151.880909,-33.551797,151.880781,-33.551866
